country,year,cgdpe
abw,1970,441.812957763672
abw,1971,483.514984130859
abw,1972,528.432006835938
abw,1973,577.239990234375
abw,1974,639.023803710938
abw,1975,703.03759765625
abw,1976,762.58544921875
abw,1977,830.474426269531
abw,1978,903.266662597656
abw,1979,985.077758789063
abw,1980,1080.60852050781
abw,1981,1181.87707519531
abw,1982,1291.40881347656
abw,1983,1399.11169433594
abw,1984,1517.95971679688
abw,1985,1656.72570800781
abw,1986,1802.68823242188
abw,1987,2087.2783203125
abw,1988,2476.43872070313
abw,1989,2763.46997070313
abw,1990,2835.05493164063
abw,1991,3088.32495117188
abw,1992,3239.67895507813
abw,1993,3429.51538085938
abw,1994,3847.26440429688
abw,1995,3672.02075195313
abw,1996,3647.12377929688
abw,1997,3989.69848632813
abw,1998,4244.9814453125
abw,1999,4294.34375
abw,2000,4228.11572265625
abw,2001,4275.546875
abw,2002,4379.76708984375
abw,2003,4517.75048828125
abw,2004,4887.7744140625
abw,2005,5143.0830078125
abw,2006,5166.94921875
abw,2007,5294.39599609375
abw,2008,5306.4853515625
abw,2009,4716.10888671875
abw,2010,4362.29443359375
abw,2011,4478.9306640625
abw,2012,4299.13427734375
abw,2013,4397.75537109375
abw,2014,4336.80322265625
abw,2015,4407.77294921875
abw,2016,4356.2685546875
abw,2017,4424.78125
abw,2018,4573.966796875
abw,2019,4471.23779296875
abw,2020,3396.52197265625
abw,2021,3981.6728515625
abw,2022,4483.517578125
abw,2023,4683.7763671875
ago,1970,31929.58984375
ago,1971,33946.25
ago,1972,34144.28515625
ago,1973,37279.40625
ago,1974,38909.26953125
ago,1975,37086.37109375
ago,1976,34970.28125
ago,1977,35628.50390625
ago,1978,33153.19921875
ago,1979,33455.0546875
ago,1980,34262.3125
ago,1981,33848.3046875
ago,1982,34607.96875
ago,1983,35001.22265625
ago,1984,38731.3203125
ago,1985,39639.7890625
ago,1986,34337.6328125
ago,1987,38980.484375
ago,1988,37118.28515625
ago,1989,39225.66015625
ago,1990,40824.37109375
ago,1991,37530.7890625
ago,1992,42760.609375
ago,1993,36585.234375
ago,1994,39597.171875
ago,1995,39465.546875
ago,1996,51632.98046875
ago,1997,48637.18359375
ago,1998,50262.32421875
ago,1999,53058.58984375
ago,2000,44209.66796875
ago,2001,44493.20703125
ago,2002,50887.24609375
ago,2003,53356.83984375
ago,2004,63468.328125
ago,2005,80476.3828125
ago,2006,101649.1796875
ago,2007,111328.4140625
ago,2008,133931.515625
ago,2009,109544.03125
ago,2010,154012.921875
ago,2011,202468.0625
ago,2012,224618.21875
ago,2013,229686.6875
ago,2014,248740.0
ago,2015,230182.078125
ago,2016,220253.4375
ago,2017,228802.75
ago,2018,242431.703125
ago,2019,255581.671875
ago,2020,218663.296875
ago,2021,247694.40625
ago,2022,247397.25
ago,2023,246879.484375
aia,1970,73.8941802978516
aia,1971,72.4120101928711
aia,1972,81.0833892822266
aia,1973,84.9706954956055
aia,1974,86.5012512207031
aia,1975,90.5375671386719
aia,1976,91.2928619384766
aia,1977,91.3113327026367
aia,1978,97.7309036254883
aia,1979,106.644721984863
aia,1980,111.922706604004
aia,1981,117.409461975098
aia,1982,117.241020202637
aia,1983,114.760971069336
aia,1984,116.461128234863
aia,1985,131.11848449707
aia,1986,157.494705200195
aia,1987,174.089797973633
aia,1988,181.222183227539
aia,1989,201.562530517578
aia,1990,244.903335571289
aia,1991,194.603408813477
aia,1992,244.248596191406
aia,1993,252.740783691406
aia,1994,272.280517578125
aia,1995,259.933135986328
aia,1996,264.782928466797
aia,1997,289.949768066406
aia,1998,331.979187011719
aia,1999,349.236724853516
aia,2000,355.436645507813
aia,2001,351.926147460938
aia,2002,324.29296875
aia,2003,345.898101806641
aia,2004,404.975524902344
aia,2005,462.897094726563
aia,2006,533.246276855469
aia,2007,624.528625488281
aia,2008,629.578552246094
aia,2009,484.2744140625
aia,2010,455.864715576172
aia,2011,458.37158203125
aia,2012,429.987426757813
aia,2013,398.909790039063
aia,2014,419.991058349609
aia,2015,414.865386962891
aia,2016,383.421722412109
aia,2017,313.381958007813
aia,2018,405.231903076172
aia,2019,499.904052734375
aia,2020,353.128753662109
aia,2021,406.792907714844
aia,2022,511.647735595703
aia,2023,517.463806152344
alb,1970,6759.79296875
alb,1971,7021.97021484375
alb,1972,7285.26708984375
alb,1973,7539.966796875
alb,1974,7901.30419921875
alb,1975,8231.8642578125
alb,1976,8526.40625
alb,1977,8891.2880859375
alb,1978,9240.259765625
alb,1979,9548.5908203125
alb,1980,10114.66015625
alb,1981,10517.0
alb,1982,10662.6376953125
alb,1983,11014.5966796875
alb,1984,11117.8203125
alb,1985,11215.4111328125
alb,1986,11873.3623046875
alb,1987,12041.7587890625
alb,1988,11805.81640625
alb,1989,12733.4326171875
alb,1990,12231.7724609375
alb,1991,9857.1025390625
alb,1992,7694.82763671875
alb,1993,9505.8916015625
alb,1994,11413.37890625
alb,1995,12406.181640625
alb,1996,14311.2431640625
alb,1997,11623.9990234375
alb,1998,11104.560546875
alb,1999,12758.6357421875
alb,2000,14166.5263671875
alb,2001,15592.5048828125
alb,2002,16815.73828125
alb,2003,18624.224609375
alb,2004,20403.318359375
alb,2005,22529.658203125
alb,2006,24327.193359375
alb,2007,26310.712890625
alb,2008,28936.91796875
alb,2009,30942.498046875
alb,2010,31156.642578125
alb,2011,32794.171875
alb,2012,33474.25
alb,2013,32154.44921875
alb,2014,33583.609375
alb,2015,34739.609375
alb,2016,34959.5546875
alb,2017,36704.57421875
alb,2018,37996.09765625
alb,2019,40394.2578125
alb,2020,38612.8359375
alb,2021,42177.8828125
alb,2022,45645.90625
alb,2023,47059.0078125
are,1970,76922.7265625
are,1971,89861.3828125
are,1972,100620.40625
are,1973,116239.0390625
are,1974,135722.90625
are,1975,150825.953125
are,1976,181295.328125
are,1977,219731.96875
are,1978,202469.34375
are,1979,238697.203125
are,1980,291428.28125
are,1981,290237.125
are,1982,268834.40625
are,1983,249872.359375
are,1984,257185.53125
are,1985,242775.984375
are,1986,201922.3125
are,1987,201114.515625
are,1988,194462.8125
are,1989,217368.28125
are,1990,260488.15625
are,1991,263102.8125
are,1992,272842.8125
are,1993,226726.96875
are,1994,233488.09375
are,1995,254992.53125
are,1996,273205.0
are,1997,296312.78125
are,1998,275280.21875
are,1999,304742.5
are,2000,382843.78125
are,2001,387895.125
are,2002,401799.03125
are,2003,432360.25
are,2004,470330.625
are,2005,542183.8125
are,2006,626858.9375
are,2007,669299.1875
are,2008,738216.5
are,2009,633682.75
are,2010,658102.6875
are,2011,761985.5
are,2012,763534.4375
are,2013,742855.375
are,2014,770625.8125
are,2015,678574.9375
are,2016,664114.875
are,2017,677643.25
are,2018,726452.75
are,2019,766862.4375
are,2020,659146.6875
are,2021,662014.5
are,2022,882097.375
are,2023,900088.3125
arg,1950,54082.2265625
arg,1951,56673.49609375
arg,1952,51522.3359375
arg,1953,53651.85546875
arg,1954,56045.953125
arg,1955,60920.40234375
arg,1956,62097.38671875
arg,1957,64835.4765625
arg,1958,69943.4453125
arg,1959,66200.796875
arg,1960,71488.1015625
arg,1961,74786.78125
arg,1962,71199.703125
arg,1963,70506.890625
arg,1964,75054.9453125
arg,1965,86574.796875
arg,1966,86165.890625
arg,1967,90032.453125
arg,1968,92677.296875
arg,1969,100415.0
arg,1970,102257.125
arg,1971,106623.359375
arg,1972,108713.8828125
arg,1973,114253.3046875
arg,1974,120238.140625
arg,1975,118812.3125
arg,1976,117027.546875
arg,1977,121599.2109375
arg,1978,118055.6953125
arg,1979,128857.0
arg,1980,137378.1875
arg,1981,136489.890625
arg,1982,137095.421875
arg,1983,150016.078125
arg,1984,160012.703125
arg,1985,153562.875
arg,1986,175145.40625
arg,1987,188065.546875
arg,1988,197231.90625
arg,1989,194075.078125
arg,1990,211435.171875
arg,1991,253698.890625
arg,1992,305233.1875
arg,1993,351335.6875
arg,1994,408233.15625
arg,1995,452907.25
arg,1996,583754.6875
arg,1997,605066.9375
arg,1998,604948.125
arg,1999,568494.3125
arg,2000,563333.25
arg,2001,526878.6875
arg,2002,489372.6875
arg,2003,516075.53125
arg,2004,555390.0625
arg,2005,602727.6875
arg,2006,656930.625
arg,2007,724798.375
arg,2008,782845.0
arg,2009,749631.0
arg,2010,856199.1875
arg,2011,966090.5
arg,2012,972407.375
arg,2013,974747.75
arg,2014,955075.5
arg,2015,993157.8125
arg,2016,994337.625
arg,2017,1120471.125
arg,2018,1164259.875
arg,2019,1125252.25
arg,2020,1052780.0
arg,2021,1202829.375
arg,2022,1280552.125
arg,2023,1247239.25
arm,1990,25885.494140625
arm,1991,23293.994140625
arm,1992,13515.455078125
arm,1993,11982.3681640625
arm,1994,9872.6416015625
arm,1995,10328.8642578125
arm,1996,10812.3984375
arm,1997,10272.7529296875
arm,1998,10409.5927734375
arm,1999,10519.5859375
arm,2000,10976.2509765625
arm,2001,12004.9140625
arm,2002,13489.326171875
arm,2003,15212.423828125
arm,2004,16726.890625
arm,2005,19218.501953125
arm,2006,21761.109375
arm,2007,25043.59765625
arm,2008,26766.509765625
arm,2009,24072.166015625
arm,2010,26128.0859375
arm,2011,28960.822265625
arm,2012,32064.96875
arm,2013,31278.16796875
arm,2014,32301.84765625
arm,2015,33222.99609375
arm,2016,35610.265625
arm,2017,40589.93359375
arm,2018,41292.09375
arm,2019,48196.73828125
arm,2020,46641.05078125
arm,2021,47911.4453125
arm,2022,54088.0859375
arm,2023,59325.703125
atg,1970,318.253479003906
atg,1971,342.491119384766
atg,1972,368.082183837891
atg,1973,395.747009277344
atg,1974,416.6142578125
atg,1975,392.905914306641
atg,1976,354.98828125
atg,1977,381.875122070313
atg,1978,384.280975341797
atg,1979,474.084808349609
atg,1980,460.665405273438
atg,1981,482.412384033203
atg,1982,613.280822753906
atg,1983,627.635986328125
atg,1984,540.101989746094
atg,1985,583.927185058594
atg,1986,709.674865722656
atg,1987,744.834594726563
atg,1988,823.781005859375
atg,1989,852.073974609375
atg,1990,879.921630859375
atg,1991,893.82666015625
atg,1992,920.988098144531
atg,1993,986.992553710938
atg,1994,1045.48071289063
atg,1995,999.963256835938
atg,1996,1044.33642578125
atg,1997,1110.48498535156
atg,1998,1183.55456542969
atg,1999,1242.38684082031
atg,2000,1253.93676757813
atg,2001,1284.41125488281
atg,2002,1368.31311035156
atg,2003,1432.23828125
atg,2004,1539.0576171875
atg,2005,1700.34045410156
atg,2006,1921.23083496094
atg,2007,2213.63427734375
atg,2008,2417.81713867188
atg,2009,2306.20556640625
atg,2010,2227.69702148438
atg,2011,2315.6171875
atg,2012,2274.177734375
atg,2013,2125.24560546875
atg,2014,2105.9580078125
atg,2015,2040.89599609375
atg,2016,2016.72082519531
atg,2017,1970.15869140625
atg,2018,2265.35766601563
atg,2019,2446.48657226563
atg,2020,2070.1728515625
atg,2021,2339.33935546875
atg,2022,2429.29565429688
atg,2023,2439.7353515625
aus,1950,136059.921875
aus,1951,128367.828125
aus,1952,126124.1015625
aus,1953,139507.28125
aus,1954,147890.453125
aus,1955,152570.0
aus,1956,155930.1875
aus,1957,155897.5625
aus,1958,166126.578125
aus,1959,177668.515625
aus,1960,180139.421875
aus,1961,184762.71875
aus,1962,195007.34375
aus,1963,211222.015625
aus,1964,220135.359375
aus,1965,223535.734375
aus,1966,238340.625
aus,1967,248353.484375
aus,1968,268455.53125
aus,1969,288864.28125
aus,1970,297874.96875
aus,1971,307212.15625
aus,1972,322140.1875
aus,1973,338405.5
aus,1974,330240.90625
aus,1975,332642.59375
aus,1976,345208.5625
aus,1977,347751.625
aus,1978,364449.15625
aus,1979,376993.125
aus,1980,391857.3125
aus,1981,411916.25
aus,1982,403500.96875
aus,1983,425231.125
aus,1984,438797.25
aus,1985,452999.84375
aus,1986,461247.75
aus,1987,496665.0
aus,1988,530932.375
aus,1989,552997.0625
aus,1990,546135.375
aus,1991,546407.0625
aus,1992,568755.1875
aus,1993,591041.6875
aus,1994,618096.125
aus,1995,647560.375
aus,1996,677972.9375
aus,1997,711683.5625
aus,1998,740070.875
aus,1999,779643.3125
aus,2000,797188.875
aus,2001,830502.625
aus,2002,860585.875
aus,2003,903009.125
aus,2004,934939.5625
aus,2005,979667.5625
aus,2006,1007325.1875
aus,2007,1036119.8125
aus,2008,1057986.75
aus,2009,1073955.75
aus,2010,1148438.25
aus,2011,1204287.75
aus,2012,1218768.375
aus,2013,1270796.875
aus,2014,1275995.125
aus,2015,1244688.375
aus,2016,1317608.375
aus,2017,1337297.125
aus,2018,1392451.75
aus,2019,1414270.625
aus,2020,1499112.125
aus,2021,1616776.25
aus,2022,1679426.0
aus,2023,1658869.5
aut,1950,44486.578125
aut,1951,46439.5078125
aut,1952,48970.890625
aut,1953,51555.46484375
aut,1954,54809.6875
aut,1955,59961.6015625
aut,1956,64664.59765625
aut,1957,67978.6796875
aut,1958,71347.5703125
aut,1959,73973.203125
aut,1960,79628.453125
aut,1961,84259.9609375
aut,1962,86713.3828125
aut,1963,90514.171875
aut,1964,94820.1484375
aut,1965,98166.0859375
aut,1966,103234.078125
aut,1967,106812.2890625
aut,1968,111929.0859375
aut,1969,117250.21875
aut,1970,124152.25
aut,1971,130447.2421875
aut,1972,138600.953125
aut,1973,146042.953125
aut,1974,150607.375
aut,1975,152269.625
aut,1976,156377.59375
aut,1977,162982.640625
aut,1978,163023.046875
aut,1979,169344.25
aut,1980,171653.4375
aut,1981,170128.546875
aut,1982,171691.25
aut,1983,174912.875
aut,1984,173682.25
aut,1985,176749.0
aut,1986,185724.9375
aut,1987,193646.328125
aut,1988,205238.40625
aut,1989,218065.671875
aut,1990,232469.046875
aut,1991,246938.71875
aut,1992,257663.71875
aut,1993,263774.59375
aut,1994,276213.375
aut,1995,290165.21875
aut,1996,294046.59375
aut,1997,307173.8125
aut,1998,322642.65625
aut,1999,334424.4375
aut,2000,349034.34375
aut,2001,345811.625
aut,2002,354729.0
aut,2003,357419.46875
aut,2004,368346.0625
aut,2005,375762.65625
aut,2006,393128.5
aut,2007,409822.46875
aut,2008,424046.9375
aut,2009,418765.3125
aut,2010,426838.34375
aut,2011,451294.9375
aut,2012,462317.5625
aut,2013,459208.78125
aut,2014,463948.03125
aut,2015,483747.25
aut,2016,502768.3125
aut,2017,517303.0
aut,2018,537292.0625
aut,2019,567032.375
aut,2020,543589.3125
aut,2021,572279.8125
aut,2022,588462.0
aut,2023,573415.4375
aze,1990,43021.80078125
aze,1991,55234.42578125
aze,1992,42999.2265625
aze,1993,24078.24609375
aze,1994,22056.294921875
aze,1995,19646.869140625
aze,1996,20238.81640625
aze,1997,21439.806640625
aze,1998,20334.375
aze,1999,21919.6015625
aze,2000,26169.296875
aze,2001,29064.994140625
aze,2002,29208.392578125
aze,2003,30895.421875
aze,2004,33279.66015625
aze,2005,48480.3515625
aze,2006,69663.6328125
aze,2007,95289.7734375
aze,2008,125040.5078125
aze,2009,118189.1171875
aze,2010,145714.484375
aze,2011,185959.9375
aze,2012,198359.328125
aze,2013,193286.4375
aze,2014,195128.796875
aze,2015,166772.25
aze,2016,163334.9375
aze,2017,164886.125
aze,2018,175866.421875
aze,2019,185190.078125
aze,2020,161402.25
aze,2021,207545.359375
aze,2022,266880.78125
aze,2023,214811.390625
bdi,1960,2119.41284179688
bdi,1961,1828.0380859375
bdi,1962,1984.90747070313
bdi,1963,2042.74035644531
bdi,1964,2099.42846679688
bdi,1965,2167.67114257813
bdi,1966,2203.57983398438
bdi,1967,2472.22045898438
bdi,1968,2486.30908203125
bdi,1969,2358.40502929688
bdi,1970,2949.07983398438
bdi,1971,2967.70288085938
bdi,1972,2705.82934570313
bdi,1973,2938.88037109375
bdi,1974,2887.76879882813
bdi,1975,2809.7666015625
bdi,1976,3295.53515625
bdi,1977,3955.09838867188
bdi,1978,3702.11840820313
bdi,1979,3787.15576171875
bdi,1980,3808.63500976563
bdi,1981,4033.60888671875
bdi,1982,3982.92724609375
bdi,1983,4172.08935546875
bdi,1984,4271.01318359375
bdi,1985,4740.04541015625
bdi,1986,4972.779296875
bdi,1987,4877.3291015625
bdi,1988,5278.14208984375
bdi,1989,5062.26025390625
bdi,1990,5199.259765625
bdi,1991,5408.60888671875
bdi,1992,5257.20068359375
bdi,1993,4935.224609375
bdi,1994,5127.48291015625
bdi,1995,4719.96240234375
bdi,1996,4450.0859375
bdi,1997,4501.42236328125
bdi,1998,4758.63525390625
bdi,1999,4859.28271484375
bdi,2000,4505.3447265625
bdi,2001,4532.55712890625
bdi,2002,4681.28466796875
bdi,2003,4858.60302734375
bdi,2004,5171.07373046875
bdi,2005,5218.6435546875
bdi,2006,5390.91259765625
bdi,2007,5564.9609375
bdi,2008,5970.27783203125
bdi,2009,6212.93798828125
bdi,2010,6743.806640625
bdi,2011,7110.2333984375
bdi,2012,7446.994140625
bdi,2013,7962.57177734375
bdi,2014,8577.142578125
bdi,2015,8798.3056640625
bdi,2016,9353.169921875
bdi,2017,9857.041015625
bdi,2018,10319.638671875
bdi,2019,11224.38671875
bdi,2020,11461.8486328125
bdi,2021,11826.720703125
bdi,2022,12317.0966796875
bdi,2023,12624.3486328125
bel,1950,82365.09375
bel,1951,88636.71875
bel,1952,90862.046875
bel,1953,90939.234375
bel,1954,94426.109375
bel,1955,99973.8828125
bel,1956,104186.8046875
bel,1957,105089.625
bel,1958,104927.4609375
bel,1959,105905.8359375
bel,1960,112906.4140625
bel,1961,117838.53125
bel,1962,123833.0390625
bel,1963,127817.8515625
bel,1964,136898.734375
bel,1965,142755.28125
bel,1966,147402.140625
bel,1967,153419.328125
bel,1968,160062.3125
bel,1969,171442.109375
bel,1970,182055.140625
bel,1971,188495.015625
bel,1972,201083.953125
bel,1973,216017.359375
bel,1974,225608.703125
bel,1975,222488.703125
bel,1976,236184.546875
bel,1977,241309.640625
bel,1978,250326.890625
bel,1979,259381.734375
bel,1980,271439.09375
bel,1981,255151.03125
bel,1982,247473.90625
bel,1983,239574.9375
bel,1984,238810.5
bel,1985,236769.546875
bel,1986,250141.640625
bel,1987,260009.09375
bel,1988,279989.96875
bel,1989,295010.40625
bel,1990,306137.90625
bel,1991,313679.96875
bel,1992,325348.25
bel,1993,327250.3125
bel,1994,338577.0625
bel,1995,349077.0
bel,1996,348239.09375
bel,1997,368210.03125
bel,1998,378744.5625
bel,1999,395924.28125
bel,2000,424840.71875
bel,2001,431583.25
bel,2002,445152.84375
bel,2003,437167.5625
bel,2004,444987.625
bel,2005,456901.25
bel,2006,468303.78125
bel,2007,491452.6875
bel,2008,505886.46875
bel,2009,505162.46875
bel,2010,531270.5
bel,2011,556626.375
bel,2012,561780.25
bel,2013,558794.0
bel,2014,567863.625
bel,2015,583211.25
bel,2016,604281.0
bel,2017,619718.3125
bel,2018,637962.5625
bel,2019,677781.0625
bel,2020,658288.1875
bel,2021,700108.1875
bel,2022,711671.1875
bel,2023,721156.0625
ben,1959,3714.083984375
ben,1960,4022.95703125
ben,1961,4092.48999023438
ben,1962,3938.49877929688
ben,1963,4134.4228515625
ben,1964,4391.54345703125
ben,1965,4763.7421875
ben,1966,4928.00439453125
ben,1967,5123.47607421875
ben,1968,5631.25244140625
ben,1969,5842.69873046875
ben,1970,6389.45654296875
ben,1971,6579.94091796875
ben,1972,6674.982421875
ben,1973,7107.2744140625
ben,1974,7263.10302734375
ben,1975,6278.79052734375
ben,1976,6538.2109375
ben,1977,6295.4140625
ben,1978,6536.5234375
ben,1979,6938.67529296875
ben,1980,7919.34033203125
ben,1981,8740.1162109375
ben,1982,6753.1689453125
ben,1983,6930.2001953125
ben,1984,7714.171875
ben,1985,8431.4716796875
ben,1986,7563.10302734375
ben,1987,7000.58984375
ben,1988,7199.12060546875
ben,1989,6747.55224609375
ben,1990,6992.8369140625
ben,1991,7292.291015625
ben,1992,7493.1494140625
ben,1993,7843.3603515625
ben,1994,7223.66064453125
ben,1995,8011.517578125
ben,1996,9484.140625
ben,1997,11097.3564453125
ben,1998,12639.8955078125
ben,1999,14902.71875
ben,2000,16469.20703125
ben,2001,17673.396484375
ben,2002,19280.099609375
ben,2003,20598.59375
ben,2004,22440.322265625
ben,2005,23480.669921875
ben,2006,23982.1640625
ben,2007,24892.822265625
ben,2008,26048.33984375
ben,2009,26503.310546875
ben,2010,26896.244140625
ben,2011,27682.5703125
ben,2012,29159.630859375
ben,2013,30498.8203125
ben,2014,32535.111328125
ben,2015,33434.9296875
ben,2016,35242.6171875
ben,2017,35767.80859375
ben,2018,37214.8828125
ben,2019,40232.80859375
ben,2020,41699.8125
ben,2021,43296.8828125
ben,2022,45706.8046875
ben,2023,47672.3984375
bfa,1959,4656.201171875
bfa,1960,5151.02587890625
bfa,1961,4984.6474609375
bfa,1962,5377.77294921875
bfa,1963,5204.4208984375
bfa,1964,5471.0048828125
bfa,1965,5458.19287109375
bfa,1966,5525.66162109375
bfa,1967,6074.27587890625
bfa,1968,6238.50732421875
bfa,1969,6290.681640625
bfa,1970,5990.38671875
bfa,1971,5510.50537109375
bfa,1972,6784.8583984375
bfa,1973,6309.27880859375
bfa,1974,6622.6865234375
bfa,1975,6621.8544921875
bfa,1976,6710.693359375
bfa,1977,7360.7509765625
bfa,1978,8132.14990234375
bfa,1979,8348.0302734375
bfa,1980,8423.7568359375
bfa,1981,9013.0400390625
bfa,1982,8908.7734375
bfa,1983,8424.0341796875
bfa,1984,8495.4541015625
bfa,1985,9043.466796875
bfa,1986,9976.1630859375
bfa,1987,9850.671875
bfa,1988,10467.318359375
bfa,1989,10497.0400390625
bfa,1990,10545.2783203125
bfa,1991,11290.65625
bfa,1992,11386.9296875
bfa,1993,11861.2998046875
bfa,1994,10620.6201171875
bfa,1995,11701.818359375
bfa,1996,12940.9375
bfa,1997,13632.0263671875
bfa,1998,14789.365234375
bfa,1999,16182.7158203125
bfa,2000,16386.94921875
bfa,2001,17466.37109375
bfa,2002,18372.494140625
bfa,2003,19768.71875
bfa,2004,20751.830078125
bfa,2005,22687.51171875
bfa,2006,23342.837890625
bfa,2007,23668.92578125
bfa,2008,24673.296875
bfa,2009,25181.740234375
bfa,2010,27855.150390625
bfa,2011,30174.43359375
bfa,2012,31815.57421875
bfa,2013,32975.71484375
bfa,2014,34052.63671875
bfa,2015,35249.7734375
bfa,2016,39787.23828125
bfa,2017,43194.0234375
bfa,2018,44193.78515625
bfa,2019,48087.24609375
bfa,2020,51379.8046875
bfa,2021,52717.6953125
bfa,2022,53505.34375
bfa,2023,54144.22265625
bgd,1959,89372.453125
bgd,1960,97367.5546875
bgd,1961,97064.5546875
bgd,1962,103014.328125
bgd,1963,109413.171875
bgd,1964,108625.0625
bgd,1965,107010.9375
bgd,1966,108809.984375
bgd,1967,105926.484375
bgd,1968,108910.5078125
bgd,1969,112947.1484375
bgd,1970,121661.3359375
bgd,1971,118352.2421875
bgd,1972,111299.0
bgd,1973,92169.65625
bgd,1974,92513.921875
bgd,1975,88547.734375
bgd,1976,100307.3203125
bgd,1977,105437.4140625
bgd,1978,108058.7265625
bgd,1979,114983.4921875
bgd,1980,115353.328125
bgd,1981,118139.8984375
bgd,1982,118013.1875
bgd,1983,121409.78125
bgd,1984,132640.546875
bgd,1985,138005.171875
bgd,1986,141940.890625
bgd,1987,143961.296875
bgd,1988,149213.703125
bgd,1989,166378.859375
bgd,1990,174544.015625
bgd,1991,182902.71875
bgd,1992,187911.890625
bgd,1993,194260.4375
bgd,1994,202914.4375
bgd,1995,210724.984375
bgd,1996,215242.671875
bgd,1997,214675.90625
bgd,1998,214520.5
bgd,1999,213064.140625
bgd,2000,215580.34375
bgd,2001,221465.453125
bgd,2002,231311.359375
bgd,2003,237890.375
bgd,2004,244921.140625
bgd,2005,257250.796875
bgd,2006,280910.65625
bgd,2007,318063.9375
bgd,2008,355351.4375
bgd,2009,397532.5
bgd,2010,454449.0625
bgd,2011,521860.25
bgd,2012,587216.125
bgd,2013,625004.375
bgd,2014,684986.1875
bgd,2015,743507.4375
bgd,2016,817430.5625
bgd,2017,861216.9375
bgd,2018,948036.625
bgd,2019,1034888.0625
bgd,2020,1116649.125
bgd,2021,1210947.0
bgd,2022,1307345.0
bgd,2023,1349403.5
bgr,1970,42845.7890625
bgr,1971,45961.09375
bgr,1972,49590.21875
bgr,1973,53401.05859375
bgr,1974,57609.67578125
bgr,1975,62756.6015625
bgr,1976,67137.78125
bgr,1977,70903.5703125
bgr,1978,74636.9140625
bgr,1979,81502.921875
bgr,1980,82336.84375
bgr,1981,88479.0859375
bgr,1982,93568.3203125
bgr,1983,99760.90625
bgr,1984,101780.3203125
bgr,1985,107289.2265625
bgr,1986,108608.359375
bgr,1987,119158.3125
bgr,1988,121996.53125
bgr,1989,118616.671875
bgr,1990,122187.1484375
bgr,1991,126838.265625
bgr,1992,105891.65625
bgr,1993,96889.3515625
bgr,1994,95799.4921875
bgr,1995,88872.0625
bgr,1996,82728.7421875
bgr,1997,65344.16015625
bgr,1998,76518.2578125
bgr,1999,74253.9375
bgr,2000,78309.5
bgr,2001,81070.578125
bgr,2002,86457.7734375
bgr,2003,88955.3203125
bgr,2004,93706.46875
bgr,2005,98074.09375
bgr,2006,106251.46875
bgr,2007,119099.7578125
bgr,2008,130044.6953125
bgr,2009,133792.453125
bgr,2010,137968.921875
bgr,2011,138057.546875
bgr,2012,138472.96875
bgr,2013,133408.484375
bgr,2014,137497.453125
bgr,2015,144857.953125
bgr,2016,154079.953125
bgr,2017,161598.703125
bgr,2018,166875.09375
bgr,2019,181663.640625
bgr,2020,179253.328125
bgr,2021,196433.296875
bgr,2022,206095.234375
bgr,2023,208023.3125
bhr,1970,3889.76708984375
bhr,1971,3953.41088867188
bhr,1972,4354.57666015625
bhr,1973,5047.61328125
bhr,1974,5482.37841796875
bhr,1975,4821.333984375
bhr,1976,6960.4619140625
bhr,1977,7136.87841796875
bhr,1978,7131.1923828125
bhr,1979,8463.6279296875
bhr,1980,9930.5634765625
bhr,1981,9437.9052734375
bhr,1982,8453.359375
bhr,1983,8782.3466796875
bhr,1984,9903.4365234375
bhr,1985,7572.533203125
bhr,1986,7091.755859375
bhr,1987,7016.24462890625
bhr,1988,8048.17529296875
bhr,1989,8375.212890625
bhr,1990,9222.1611328125
bhr,1991,9534.6689453125
bhr,1992,10148.982421875
bhr,1993,10839.6240234375
bhr,1994,10804.5908203125
bhr,1995,11302.8291015625
bhr,1996,11189.6826171875
bhr,1997,12259.7734375
bhr,1998,11976.7958984375
bhr,1999,14323.67578125
bhr,2000,19301.56640625
bhr,2001,20994.201171875
bhr,2002,21361.06640625
bhr,2003,26114.384765625
bhr,2004,30505.359375
bhr,2005,40626.8046875
bhr,2006,46519.5703125
bhr,2007,53789.4453125
bhr,2008,62814.59375
bhr,2009,57705.1171875
bhr,2010,66548.3515625
bhr,2011,75204.3359375
bhr,2012,81665.6328125
bhr,2013,79843.0
bhr,2014,78857.328125
bhr,2015,71275.9609375
bhr,2016,71007.9921875
bhr,2017,78746.015625
bhr,2018,78449.109375
bhr,2019,84471.203125
bhr,2020,81760.7890625
bhr,2021,80362.5859375
bhr,2022,92629.9296875
bhr,2023,84223.5234375
bhs,1970,3622.7158203125
bhs,1971,3691.5126953125
bhs,1972,3548.4482421875
bhs,1973,3770.17993164063
bhs,1974,3217.09716796875
bhs,1975,2692.87841796875
bhs,1976,3054.39501953125
bhs,1977,3476.96948242188
bhs,1978,4079.82104492188
bhs,1979,5115.078125
bhs,1980,6066.3974609375
bhs,1981,5539.30322265625
bhs,1982,5252.533203125
bhs,1983,5391.09130859375
bhs,1984,6711.89892578125
bhs,1985,7506.44091796875
bhs,1986,7627.06884765625
bhs,1987,8313.822265625
bhs,1988,8403.1806640625
bhs,1989,8877.552734375
bhs,1990,8778.9638671875
bhs,1991,8117.609375
bhs,1992,7979.6875
bhs,1993,7825.5537109375
bhs,1994,8083.18994140625
bhs,1995,8234.974609375
bhs,1996,9327.068359375
bhs,1997,9972.8466796875
bhs,1998,10852.138671875
bhs,1999,11958.8671875
bhs,2000,12807.8759765625
bhs,2001,12609.48828125
bhs,2002,14098.484375
bhs,2003,13920.2646484375
bhs,2004,13578.8955078125
bhs,2005,14730.576171875
bhs,2006,14620.29296875
bhs,2007,15309.4208984375
bhs,2008,14922.8984375
bhs,2009,13729.2763671875
bhs,2010,13546.5029296875
bhs,2011,13784.015625
bhs,2012,14456.412109375
bhs,2013,13350.8447265625
bhs,2014,13929.0537109375
bhs,2015,14031.267578125
bhs,2016,13983.5751953125
bhs,2017,14480.578125
bhs,2018,14406.0068359375
bhs,2019,14787.8359375
bhs,2020,11404.248046875
bhs,2021,12323.2626953125
bhs,2022,13822.55859375
bhs,2023,14597.9541015625
bih,1990,7456.76025390625
bih,1991,6737.4365234375
bih,1992,6361.46826171875
bih,1993,6179.8369140625
bih,1994,6780.4833984375
bih,1995,8198.298828125
bih,1996,14540.482421875
bih,1997,19475.001953125
bih,1998,19907.8046875
bih,1999,22410.283203125
bih,2000,21665.09765625
bih,2001,22544.171875
bih,2002,24332.7578125
bih,2003,25729.796875
bih,2004,27476.021484375
bih,2005,29864.2421875
bih,2006,33424.65625
bih,2007,36445.52734375
bih,2008,39096.59375
bih,2009,39509.85546875
bih,2010,40148.4921875
bih,2011,41998.9453125
bih,2012,42375.79296875
bih,2013,41882.63671875
bih,2014,42428.91015625
bih,2015,44802.328125
bih,2016,46761.5546875
bih,2017,48424.06640625
bih,2018,50889.80078125
bih,2019,55018.08203125
bih,2020,52280.3125
bih,2021,57068.2109375
bih,2022,64999.4140625
bih,2023,61639.9453125
blr,1990,159245.78125
blr,1991,157229.796875
blr,1992,132717.046875
blr,1993,104385.3046875
blr,1994,92141.6328125
blr,1995,87725.953125
blr,1996,89120.9765625
blr,1997,90105.1875
blr,1998,91433.28125
blr,1999,91463.2265625
blr,2000,93908.03125
blr,2001,97928.078125
blr,2002,100388.15625
blr,2003,103800.109375
blr,2004,110974.1328125
blr,2005,123831.125
blr,2006,138001.1875
blr,2007,151209.4375
blr,2008,174123.203125
blr,2009,168209.578125
blr,2010,182531.28125
blr,2011,216046.953125
blr,2012,214123.953125
blr,2013,206933.015625
blr,2014,206113.953125
blr,2015,206198.65625
blr,2016,199051.140625
blr,2017,206501.625
blr,2018,213273.5625
blr,2019,231854.171875
blr,2020,250082.375
blr,2021,259788.453125
blr,2022,251026.96875
blr,2023,254144.078125
blz,1970,596.634338378906
blz,1971,647.778442382813
blz,1972,579.280639648438
blz,1973,638.579040527344
blz,1974,774.282043457031
blz,1975,745.917114257813
blz,1976,636.706298828125
blz,1977,702.229797363281
blz,1978,717.439025878906
blz,1979,769.991943359375
blz,1980,906.872192382813
blz,1981,748.109313964844
blz,1982,780.200317382813
blz,1983,785.140319824219
blz,1984,799.769226074219
blz,1985,918.082275390625
blz,1986,1018.99700927734
blz,1987,1173.3779296875
blz,1988,1285.22216796875
blz,1989,1438.41674804688
blz,1990,1642.76403808594
blz,1991,1722.67919921875
blz,1992,1920.97473144531
blz,1993,2006.57897949219
blz,1994,2107.50439453125
blz,1995,2148.08227539063
blz,1996,2122.15234375
blz,1997,1961.14990234375
blz,1998,2017.58959960938
blz,1999,2120.16162109375
blz,2000,2312.82080078125
blz,2001,2487.3720703125
blz,2002,2635.23217773438
blz,2003,2785.20385742188
blz,2004,2880.5400390625
blz,2005,2988.7255859375
blz,2006,3156.890625
blz,2007,3289.01782226563
blz,2008,3296.38989257813
blz,2009,3279.36547851563
blz,2010,3453.3935546875
blz,2011,3646.54907226563
blz,2012,3690.71118164063
blz,2013,3673.025390625
blz,2014,3679.853515625
blz,2015,3776.12451171875
blz,2016,3763.66577148438
blz,2017,3702.12084960938
blz,2018,3928.29614257813
blz,2019,4361.796875
blz,2020,3934.1728515625
blz,2021,4613.91162109375
blz,2022,5019.7109375
blz,2023,5121.49169921875
bmu,1970,1230.66381835938
bmu,1971,1272.19763183594
bmu,1972,1291.84484863281
bmu,1973,1303.08642578125
bmu,1974,1321.58251953125
bmu,1975,1370.17297363281
bmu,1976,1495.34643554688
bmu,1977,1531.38073730469
bmu,1978,1546.81091308594
bmu,1979,1622.99987792969
bmu,1980,1702.42700195313
bmu,1981,1686.29833984375
bmu,1982,1746.3486328125
bmu,1983,1811.55419921875
bmu,1984,1789.26928710938
bmu,1985,1896.17504882813
bmu,1986,2036.30932617188
bmu,1987,2118.32446289063
bmu,1988,2125.7744140625
bmu,1989,2146.26684570313
bmu,1990,2111.99584960938
bmu,1991,2093.51245117188
bmu,1992,2066.14453125
bmu,1993,2149.55712890625
bmu,1994,2186.0087890625
bmu,1995,2293.322265625
bmu,1996,2389.66333007813
bmu,1997,2531.09301757813
bmu,1998,2639.115234375
bmu,1999,2787.92749023438
bmu,2000,2942.1767578125
bmu,2001,3255.6083984375
bmu,2002,3339.0712890625
bmu,2003,3567.291015625
bmu,2004,3750.98486328125
bmu,2005,4006.61254882813
bmu,2006,4303.623046875
bmu,2007,4907.32177734375
bmu,2008,5320.66552734375
bmu,2009,5323.99462890625
bmu,2010,5566.998046875
bmu,2011,5438.56201171875
bmu,2012,5287.6337890625
bmu,2013,5092.1748046875
bmu,2014,4953.3583984375
bmu,2015,5012.826171875
bmu,2016,5096.88232421875
bmu,2017,5137.93701171875
bmu,2018,5387.662109375
bmu,2019,5744.12646484375
bmu,2020,5466.6884765625
bmu,2021,5761.01953125
bmu,2022,5954.83984375
bmu,2023,6013.84423828125
bol,1950,5613.5859375
bol,1951,6493.35546875
bol,1952,6443.98681640625
bol,1953,5502.44775390625
bol,1954,5693.154296875
bol,1955,6257.3828125
bol,1956,5764.2138671875
bol,1957,5580.26025390625
bol,1958,5637.5556640625
bol,1959,5647.5966796875
bol,1960,6058.38427734375
bol,1961,6341.92236328125
bol,1962,6657.27587890625
bol,1963,7028.44189453125
bol,1964,7606.921875
bol,1965,8372.2294921875
bol,1966,8866.5048828125
bol,1967,9325.9912109375
bol,1968,8416.8359375
bol,1969,8743.640625
bol,1970,9130.43359375
bol,1971,9668.8603515625
bol,1972,9917.13671875
bol,1973,10395.7587890625
bol,1974,12092.7080078125
bol,1975,11940.271484375
bol,1976,12565.3193359375
bol,1977,13283.7724609375
bol,1978,13034.8017578125
bol,1979,13698.8037109375
bol,1980,13689.4013671875
bol,1981,14118.123046875
bol,1982,13545.552734375
bol,1983,13514.5224609375
bol,1984,13575.54296875
bol,1985,14219.2099609375
bol,1986,13882.373046875
bol,1987,14710.171875
bol,1988,15446.4580078125
bol,1989,16509.1171875
bol,1990,17643.51171875
bol,1991,18511.5078125
bol,1992,19312.66796875
bol,1993,20598.224609375
bol,1994,22550.451171875
bol,1995,24906.150390625
bol,1996,27153.5
bol,1997,27865.046875
bol,1998,28533.4765625
bol,1999,29180.279296875
bol,2000,30019.1171875
bol,2001,31171.61328125
bol,2002,32569.01953125
bol,2003,34927.7109375
bol,2004,38023.22265625
bol,2005,41094.2265625
bol,2006,45502.1328125
bol,2007,47930.734375
bol,2008,53116.8125
bol,2009,54031.90625
bol,2010,60800.20703125
bol,2011,67732.2421875
bol,2012,75898.28125
bol,2013,82625.890625
bol,2014,86966.828125
bol,2015,87955.640625
bol,2016,91929.65625
bol,2017,101796.3203125
bol,2018,107042.453125
bol,2019,111197.421875
bol,2020,100931.3828125
bol,2021,111995.9609375
bol,2022,116141.1328125
bol,2023,117273.5
bra,1950,96957.1015625
bra,1951,101979.3984375
bra,1952,111889.2578125
bra,1953,115446.1640625
bra,1954,125602.21875
bra,1955,134264.171875
bra,1956,138606.0
bra,1957,150508.78125
bra,1958,159686.265625
bra,1959,166835.75
bra,1960,184323.25
bra,1961,208400.0625
bra,1962,221355.125
bra,1963,236090.84375
bra,1964,248086.046875
bra,1965,266231.375
bra,1966,277767.9375
bra,1967,300835.78125
bra,1968,332145.15625
bra,1969,338299.59375
bra,1970,386960.53125
bra,1971,431880.59375
bra,1972,480450.71875
bra,1973,544497.3125
bra,1974,584031.4375
bra,1975,612311.1875
bra,1976,670326.0
bra,1977,693391.9375
bra,1978,714963.3125
bra,1979,758611.875
bra,1980,707067.6875
bra,1981,780572.0625
bra,1982,802269.1875
bra,1983,786383.875
bra,1984,831019.8125
bra,1985,871761.4375
bra,1986,980239.75
bra,1987,1013506.3125
bra,1988,1029999.25
bra,1989,1036233.5625
bra,1990,1005777.875
bra,1991,1089172.625
bra,1992,1123404.0
bra,1993,1206097.625
bra,1994,1342888.75
bra,1995,1577745.375
bra,1996,1905047.5
bra,1997,1854014.0
bra,1998,1785438.75
bra,1999,1727898.125
bra,2000,1740394.375
bra,2001,1739585.125
bra,2002,1798054.75
bra,2003,1793769.125
bra,2004,1887729.625
bra,2005,1977536.25
bra,2006,2143769.0
bra,2007,2361847.0
bra,2008,2622813.25
bra,2009,2815247.25
bra,2010,3209665.75
bra,2011,3596149.0
bra,2012,3587670.5
bra,2013,3598493.0
bra,2014,3594600.0
bra,2015,3361775.0
bra,2016,3207372.75
bra,2017,3245183.0
bra,2018,3400044.75
bra,2019,3514346.0
bra,2020,3452543.25
bra,2021,3702860.25
bra,2022,3832618.25
bra,2023,3962517.25
brb,1960,2343.77880859375
brb,1961,2400.97314453125
brb,1962,2492.10913085938
brb,1963,2636.05078125
brb,1964,2566.01831054688
brb,1965,2593.79956054688
brb,1966,2725.9580078125
brb,1967,3077.97631835938
brb,1968,3155.46142578125
brb,1969,3530.736328125
brb,1970,3880.11889648438
brb,1971,4037.92895507813
brb,1972,4004.74560546875
brb,1973,4153.32568359375
brb,1974,3943.6474609375
brb,1975,4332.26953125
brb,1976,3385.87963867188
brb,1977,3451.13745117188
brb,1978,3385.8974609375
brb,1979,3571.33227539063
brb,1980,3713.90502929688
brb,1981,3622.13403320313
brb,1982,3484.87768554688
brb,1983,3526.39453125
brb,1984,3675.62426757813
brb,1985,3688.04907226563
brb,1986,3993.07885742188
brb,1987,4122.8203125
brb,1988,4325.90283203125
brb,1989,4635.03564453125
brb,1990,4433.6845703125
brb,1991,4632.4892578125
brb,1992,3747.37353515625
brb,1993,3999.74755859375
brb,1994,5853.32421875
brb,1995,6267.97509765625
brb,1996,6740.015625
brb,1997,6402.8876953125
brb,1998,6852.267578125
brb,1999,6816.3876953125
brb,2000,6740.76318359375
brb,2001,6544.48876953125
brb,2002,6607.96044921875
brb,2003,6284.1875
brb,2004,6485.14501953125
brb,2005,6808.888671875
brb,2006,6700.1796875
brb,2007,7005.47900390625
brb,2008,6764.49365234375
brb,2009,6406.33251953125
brb,2010,6280.36865234375
brb,2011,6242.9033203125
brb,2012,5861.87060546875
brb,2013,5691.72021484375
brb,2014,5536.302734375
brb,2015,5395.66259765625
brb,2016,5348.1923828125
brb,2017,5278.70703125
brb,2018,5123.626953125
brb,2019,5000.39794921875
brb,2020,4334.3408203125
brb,2021,4281.6298828125
brb,2022,5065.03857421875
brb,2023,5229.03857421875
brn,1970,14222.9794921875
brn,1971,15716.560546875
brn,1972,17256.970703125
brn,1973,18713.580078125
brn,1974,21378.587890625
brn,1975,21214.3984375
brn,1976,24934.009765625
brn,1977,27055.60546875
brn,1978,27896.576171875
brn,1979,34261.83203125
brn,1980,37554.3984375
brn,1981,35193.88671875
brn,1982,27036.16015625
brn,1983,25407.587890625
brn,1984,25498.4609375
brn,1985,23311.005859375
brn,1986,14685.953125
brn,1987,16249.48828125
brn,1988,13975.2666015625
brn,1989,15517.5537109375
brn,1990,16251.373046875
brn,1991,15874.2529296875
brn,1992,16495.43359375
brn,1993,15447.9267578125
brn,1994,14439.80078125
brn,1995,13260.0947265625
brn,1996,17415.923828125
brn,1997,15127.640625
brn,1998,13374.7197265625
brn,1999,15844.6943359375
brn,2000,19605.94140625
brn,2001,19202.966796875
brn,2002,19788.07421875
brn,2003,22137.732421875
brn,2004,25512.388671875
brn,2005,31079.546875
brn,2006,35300.3828125
brn,2007,34057.671875
brn,2008,39925.0078125
brn,2009,30695.994140625
brn,2010,32916.640625
brn,2011,40227.67578125
brn,2012,43477.77734375
brn,2013,40288.125
brn,2014,39974.47265625
brn,2015,31208.20703125
brn,2016,28223.0
brn,2017,31288.517578125
brn,2018,31649.78515625
brn,2019,33761.22265625
brn,2020,34336.02734375
brn,2021,37034.3515625
brn,2022,44067.6171875
brn,2023,38680.94921875
btn,1970,509.224304199219
btn,1971,524.354797363281
btn,1972,531.305236816406
btn,1973,538.464782714844
btn,1974,571.942626953125
btn,1975,556.133239746094
btn,1976,604.556762695313
btn,1977,650.182434082031
btn,1978,695.397338867188
btn,1979,733.195190429688
btn,1980,760.399475097656
btn,1981,863.070190429688
btn,1982,907.250244140625
btn,1983,1016.73864746094
btn,1984,1037.1376953125
btn,1985,1078.36413574219
btn,1986,1160.29846191406
btn,1987,1324.97216796875
btn,1988,1323.00024414063
btn,1989,1444.31079101563
btn,1990,1526.71398925781
btn,1991,1519.88195800781
btn,1992,1535.90405273438
btn,1993,1624.81823730469
btn,1994,1635.32360839844
btn,1995,1793.33508300781
btn,1996,1888.87475585938
btn,1997,2091.17309570313
btn,1998,2209.68139648438
btn,1999,2466.85375976563
btn,2000,2852.14404296875
btn,2001,3126.13623046875
btn,2002,3517.0185546875
btn,2003,3797.55249023438
btn,2004,3975.95458984375
btn,2005,4321.25634765625
btn,2006,4630.55810546875
btn,2007,5095.48779296875
btn,2008,5247.4765625
btn,2009,5623.2958984375
btn,2010,6161.95458984375
btn,2011,6613.66162109375
btn,2012,7152.349609375
btn,2013,6821.81689453125
btn,2014,7597.1748046875
btn,2015,8276.265625
btn,2016,9077.04296875
btn,2017,9384.068359375
btn,2018,9412.3173828125
btn,2019,10247.78125
btn,2020,9796.8603515625
btn,2021,10216.5302734375
btn,2022,9915.3671875
btn,2023,10578.1435546875
bwa,1960,284.798309326172
bwa,1961,305.44775390625
bwa,1962,328.932739257813
bwa,1963,346.454833984375
bwa,1964,371.830200195313
bwa,1965,356.090515136719
bwa,1966,377.685943603516
bwa,1967,436.906585693359
bwa,1968,515.582153320313
bwa,1969,520.949462890625
bwa,1970,634.9814453125
bwa,1971,795.189331054688
bwa,1972,990.837280273438
bwa,1973,1213.76831054688
bwa,1974,1362.03076171875
bwa,1975,1508.56384277344
bwa,1976,1677.15673828125
bwa,1977,1836.94860839844
bwa,1978,1938.08862304688
bwa,1979,2222.18115234375
bwa,1980,2683.77026367188
bwa,1981,2972.24853515625
bwa,1982,2999.62963867188
bwa,1983,3263.90112304688
bwa,1984,3822.67163085938
bwa,1985,4701.22705078125
bwa,1986,5886.42919921875
bwa,1987,6617.078125
bwa,1988,7764.81298828125
bwa,1989,9916.2255859375
bwa,1990,10305.7978515625
bwa,1991,10845.994140625
bwa,1992,10979.5869140625
bwa,1993,11409.2626953125
bwa,1994,12002.4501953125
bwa,1995,13097.6201171875
bwa,1996,15626.81640625
bwa,1997,16893.71875
bwa,1998,16457.376953125
bwa,1999,19211.5390625
bwa,2000,20506.591796875
bwa,2001,20257.66796875
bwa,2002,21406.84375
bwa,2003,22329.734375
bwa,2004,24170.916015625
bwa,2005,28267.65625
bwa,2006,29068.787109375
bwa,2007,30552.54296875
bwa,2008,37095.23046875
bwa,2009,29790.279296875
bwa,2010,32658.66796875
bwa,2011,35471.421875
bwa,2012,32556.359375
bwa,2013,33836.5703125
bwa,2014,37885.59375
bwa,2015,35842.46875
bwa,2016,41684.60546875
bwa,2017,40898.265625
bwa,2018,40585.83984375
bwa,2019,40793.53515625
bwa,2020,38235.796875
bwa,2021,43411.265625
bwa,2022,46992.02734375
bwa,2023,47044.65234375
caf,1960,2150.84057617188
caf,1961,2336.57885742188
caf,1962,2353.74047851563
caf,1963,2212.49780273438
caf,1964,2323.3525390625
caf,1965,2352.32568359375
caf,1966,2369.13989257813
caf,1967,2228.44604492188
caf,1968,2732.86987304688
caf,1969,2738.75537109375
caf,1970,2872.63525390625
caf,1971,2789.255859375
caf,1972,2726.88427734375
caf,1973,2910.84814453125
caf,1974,2715.5712890625
caf,1975,2645.73974609375
caf,1976,2683.25708007813
caf,1977,2839.34228515625
caf,1978,2906.80859375
caf,1979,2847.81982421875
caf,1980,2659.23388671875
caf,1981,3155.67309570313
caf,1982,3152.76293945313
caf,1983,3006.57763671875
caf,1984,3247.97143554688
caf,1985,3603.02197265625
caf,1986,3527.47778320313
caf,1987,3270.13842773438
caf,1988,3443.1044921875
caf,1989,3624.37719726563
caf,1990,3604.18286132813
caf,1991,3546.71997070313
caf,1992,3407.8525390625
caf,1993,3340.6279296875
caf,1994,3925.31420898438
caf,1995,3985.58374023438
caf,1996,3514.21240234375
caf,1997,3748.22387695313
caf,1998,3916.85302734375
caf,1999,3913.65063476563
caf,2000,4035.43774414063
caf,2001,4114.60498046875
caf,2002,4105.1845703125
caf,2003,3899.8427734375
caf,2004,4009.31372070313
caf,2005,4141.064453125
caf,2006,4375.849609375
caf,2007,4611.86083984375
caf,2008,4766.27294921875
caf,2009,5091.767578125
caf,2010,5346.23095703125
caf,2011,5507.728515625
caf,2012,6002.47021484375
caf,2013,4104.4931640625
caf,2014,3801.97119140625
caf,2015,4100.7763671875
caf,2016,4394.93896484375
caf,2017,4672.44921875
caf,2018,4820.14111328125
caf,2019,5195.99462890625
caf,2020,5568.4013671875
caf,2021,5750.9541015625
caf,2022,5735.89404296875
caf,2023,5495.0888671875
can,1950,187651.828125
can,1951,195884.15625
can,1952,215180.484375
can,1953,226007.28125
can,1954,223996.921875
can,1955,244392.328125
can,1956,264571.46875
can,1957,269499.3125
can,1958,274736.34375
can,1959,286479.9375
can,1960,296789.0
can,1961,307292.25
can,1962,325936.71875
can,1963,341453.03125
can,1964,364493.59375
can,1965,389005.625
can,1966,414853.28125
can,1967,427878.34375
can,1968,448177.59375
can,1969,470484.59375
can,1970,481572.34375
can,1971,504980.28125
can,1972,535013.5
can,1973,579255.9375
can,1974,617769.5
can,1975,626438.0
can,1976,662945.75
can,1977,678088.75
can,1978,696562.4375
can,1979,732754.625
can,1980,750820.5625
can,1981,771663.6875
can,1982,743050.0625
can,1983,768574.375
can,1984,816319.25
can,1985,861326.25
can,1986,877900.375
can,1987,927506.4375
can,1988,981266.5
can,1989,1013972.0
can,1990,1009207.0625
can,1991,984341.375
can,1992,993953.8125
can,1993,1022791.875
can,1994,1072309.625
can,1995,1116557.25
can,1996,1144154.375
can,1997,1194653.25
can,1998,1216221.375
can,1999,1291126.25
can,2000,1375716.0
can,2001,1381987.25
can,2002,1400554.125
can,2003,1445281.625
can,2004,1505190.5
can,2005,1593283.25
can,2006,1609136.625
can,2007,1631540.625
can,2008,1660773.5
can,2009,1555261.25
can,2010,1643755.125
can,2011,1729866.75
can,2012,1752686.125
can,2013,1794850.75
can,2014,1846421.75
can,2015,1805118.125
can,2016,1833615.375
can,2017,1927598.0
can,2018,1978512.875
can,2019,1968543.0
can,2020,1882438.625
can,2021,2072890.75
can,2022,2194436.25
can,2023,2160069.25
che,1950,85656.8984375
che,1951,91764.0234375
che,1952,93656.90625
che,1953,98404.59375
che,1954,104000.5546875
che,1955,110309.2890625
che,1956,116891.328125
che,1957,120765.5625
che,1958,118698.8359375
che,1959,126752.5
che,1960,137210.75
che,1961,148068.921875
che,1962,155159.03125
che,1963,162445.828125
che,1964,171929.390625
che,1965,177125.1875
che,1966,181993.8125
che,1967,189130.28125
che,1968,197045.21875
che,1969,207159.734375
che,1970,217568.578125
che,1971,228641.8125
che,1972,237720.8125
che,1973,244200.0
che,1974,248246.265625
che,1975,232265.921875
che,1976,231780.40625
che,1977,234759.15625
che,1978,242229.3125
che,1979,247514.53125
che,1980,256165.34375
che,1981,257835.546875
che,1982,260384.1875
che,1983,261664.296875
che,1984,266223.0625
che,1985,271519.59375
che,1986,284896.71875
che,1987,290064.6875
che,1988,296282.125
che,1989,310046.125
che,1990,324202.0
che,1991,321141.96875
che,1992,320236.6875
che,1993,322571.3125
che,1994,328506.25
che,1995,331516.28125
che,1996,336445.21875
che,1997,350680.5
che,1998,364675.6875
che,1999,368019.625
che,2000,379814.84375
che,2001,382155.46875
che,2002,380823.9375
che,2003,376235.84375
che,2004,383771.125
che,2005,404289.53125
che,2006,433670.0625
che,2007,472849.0
che,2008,497610.625
che,2009,494669.84375
che,2010,507783.8125
che,2011,565632.5
che,2012,587482.6875
che,2013,577665.375
che,2014,586850.5
che,2015,607354.5625
che,2016,618730.875
che,2017,638610.5
che,2018,649411.6875
che,2019,679199.625
che,2020,663901.9375
che,2021,704390.25
che,2022,738117.125
che,2023,727186.75
chl,1951,34750.5546875
chl,1952,38138.90234375
chl,1953,38752.65625
chl,1954,41189.39453125
chl,1955,40799.08203125
chl,1956,40380.03125
chl,1957,43354.5625
chl,1958,44823.97265625
chl,1959,45341.609375
chl,1960,48158.17578125
chl,1961,46836.16015625
chl,1962,58049.828125
chl,1963,61386.3203125
chl,1964,62758.3203125
chl,1965,63288.3671875
chl,1966,70132.921875
chl,1967,73772.0625
chl,1968,77519.625
chl,1969,82988.859375
chl,1970,83065.6171875
chl,1971,91787.203125
chl,1972,90746.0546875
chl,1973,87489.0859375
chl,1974,86128.296875
chl,1975,69182.671875
chl,1976,73726.328125
chl,1977,78370.9296875
chl,1978,83825.421875
chl,1979,92204.5859375
chl,1980,97857.953125
chl,1981,102257.1015625
chl,1982,88465.2578125
chl,1983,86703.0078125
chl,1984,88284.421875
chl,1985,89534.53125
chl,1986,85694.109375
chl,1987,92270.9296875
chl,1988,103297.2109375
chl,1989,112764.765625
chl,1990,114098.96875
chl,1991,124454.015625
chl,1992,138735.0
chl,1993,147430.3125
chl,1994,162980.546875
chl,1995,188639.046875
chl,1996,198028.515625
chl,1997,202802.4375
chl,1998,200187.53125
chl,1999,195830.671875
chl,2000,202136.921875
chl,2001,202291.375
chl,2002,204758.8125
chl,2003,215445.359375
chl,2004,239707.96875
chl,2005,262614.34375
chl,2006,309402.28125
chl,2007,336190.75
chl,2008,334291.53125
chl,2009,337202.59375
chl,2010,389505.5
chl,2011,429265.96875
chl,2012,445769.65625
chl,2013,455228.71875
chl,2014,462781.3125
chl,2015,462202.53125
chl,2016,461651.28125
chl,2017,483043.5625
chl,2018,497768.375
chl,2019,499587.53125
chl,2020,488744.1875
chl,2021,534089.5
chl,2022,533740.375
chl,2023,536676.125
chn,1952,263036.15625
chn,1953,282232.375
chn,1954,289642.9375
chn,1955,306253.59375
chn,1956,335751.625
chn,1957,352222.9375
chn,1958,393562.78125
chn,1959,395109.0
chn,1960,386058.15625
chn,1961,332046.5
chn,1962,339316.5
chn,1963,359376.71875
chn,1964,402542.875
chn,1965,450042.0
chn,1966,486578.1875
chn,1967,484715.1875
chn,1968,470671.4375
chn,1969,516630.21875
chn,1970,567784.3125
chn,1971,611701.3125
chn,1972,633922.375
chn,1973,680740.75
chn,1974,705364.6875
chn,1975,757742.125
chn,1976,742369.0625
chn,1977,799726.375
chn,1978,897965.1875
chn,1979,948559.0625
chn,1980,1012253.0
chn,1981,1046686.5
chn,1982,1131346.25
chn,1983,1247124.125
chn,1984,1443276.0
chn,1985,1648485.0
chn,1986,1755849.875
chn,1987,1928453.0
chn,1988,2104676.75
chn,1989,2170500.75
chn,1990,2268347.0
chn,1991,2502164.5
chn,1992,2853147.0
chn,1993,3191004.0
chn,1994,3557661.75
chn,1995,3886423.0
chn,1996,4239113.5
chn,1997,4612364.5
chn,1998,4991686.0
chn,1999,5438124.0
chn,2000,5981202.5
chn,2001,6561704.0
chn,2002,7218748.5
chn,2003,7934643.5
chn,2004,8820310.0
chn,2005,10284909.0
chn,2006,11143133.0
chn,2007,12272097.0
chn,2008,13132010.0
chn,2009,14041445.0
chn,2010,15413698.0
chn,2011,16645206.0
chn,2012,17943394.0
chn,2013,18341664.0
chn,2014,19243296.0
chn,2015,20035898.0
chn,2016,20947376.0
chn,2017,22090422.0
chn,2018,23598198.0
chn,2019,25168916.0
chn,2020,25751374.0
chn,2021,28254862.0
chn,2022,29418116.0
chn,2023,30483762.0
civ,1960,7121.07861328125
civ,1961,7212.6796875
civ,1962,7600.80712890625
civ,1963,8912.65234375
civ,1964,10650.5859375
civ,1965,9587.6123046875
civ,1966,10810.1923828125
civ,1967,11426.5732421875
civ,1968,13233.947265625
civ,1969,14934.0029296875
civ,1970,16640.138671875
civ,1971,16552.515625
civ,1972,17233.818359375
civ,1973,18701.451171875
civ,1974,20843.890625
civ,1975,20512.02734375
civ,1976,24352.001953125
civ,1977,27654.216796875
civ,1978,29036.66796875
civ,1979,28770.060546875
civ,1980,23158.2265625
civ,1981,23951.1796875
civ,1982,24532.130859375
civ,1983,25397.921875
civ,1984,28508.61328125
civ,1985,32358.06640625
civ,1986,33152.54296875
civ,1987,31733.974609375
civ,1988,32306.982421875
civ,1989,35606.2265625
civ,1990,33121.33984375
civ,1991,33673.28515625
civ,1992,35309.66015625
civ,1993,35575.3671875
civ,1994,37406.9140625
civ,1995,40830.765625
civ,1996,44738.421875
civ,1997,44636.296875
civ,1998,45072.8984375
civ,1999,44823.609375
civ,2000,43374.09765625
civ,2001,43872.015625
civ,2002,44443.03515625
civ,2003,47875.97265625
civ,2004,45226.66796875
civ,2005,44640.6328125
civ,2006,47059.17578125
civ,2007,49152.4765625
civ,2008,53269.2734375
civ,2009,58312.16796875
civ,2010,66626.984375
civ,2011,71689.7109375
civ,2012,81204.9765625
civ,2013,90408.703125
civ,2014,106260.9453125
civ,2015,123353.2421875
civ,2016,129127.75
civ,2017,136866.640625
civ,2018,143940.890625
civ,2019,160558.71875
civ,2020,160646.40625
civ,2021,169781.890625
civ,2022,173232.40625
civ,2023,186316.015625
cmr,1960,9059.19140625
cmr,1961,9383.994140625
cmr,1962,9305.572265625
cmr,1963,9951.2568359375
cmr,1964,10306.3525390625
cmr,1965,10786.4560546875
cmr,1966,11325.076171875
cmr,1967,10221.349609375
cmr,1968,10874.634765625
cmr,1969,11714.798828125
cmr,1970,12065.1748046875
cmr,1971,12092.57421875
cmr,1972,12721.833984375
cmr,1973,13403.9033203125
cmr,1974,13562.5849609375
cmr,1975,13927.1875
cmr,1976,13360.8642578125
cmr,1977,15395.8994140625
cmr,1978,18629.443359375
cmr,1979,20556.9375
cmr,1980,23143.375
cmr,1981,26048.37109375
cmr,1982,29109.919921875
cmr,1983,32973.22265625
cmr,1984,37078.66796875
cmr,1985,39026.60546875
cmr,1986,36501.44921875
cmr,1987,35502.45703125
cmr,1988,34883.45703125
cmr,1989,35103.46875
cmr,1990,34755.546875
cmr,1991,35097.1015625
cmr,1992,35545.92578125
cmr,1993,38429.38671875
cmr,1994,40053.43359375
cmr,1995,40919.03515625
cmr,1996,42194.25
cmr,1997,45145.171875
cmr,1998,45179.09375
cmr,1999,46981.35546875
cmr,2000,49335.95703125
cmr,2001,49959.9765625
cmr,2002,50589.66796875
cmr,2003,53039.83203125
cmr,2004,56166.0390625
cmr,2005,59181.55078125
cmr,2006,61448.734375
cmr,2007,63562.69921875
cmr,2008,65648.359375
cmr,2009,67944.1953125
cmr,2010,70705.46875
cmr,2011,73454.0390625
cmr,2012,76766.421875
cmr,2013,80284.859375
cmr,2014,85483.8828125
cmr,2015,89195.5546875
cmr,2016,93391.4609375
cmr,2017,97998.4140625
cmr,2018,106128.96875
cmr,2019,114139.5
cmr,2020,117629.6328125
cmr,2021,126055.140625
cmr,2022,132261.515625
cmr,2023,134469.4375
cod,1950,26711.525390625
cod,1951,30979.572265625
cod,1952,32756.46875
cod,1953,37218.26953125
cod,1954,38367.7265625
cod,1955,41082.00390625
cod,1956,42347.80078125
cod,1957,41444.78125
cod,1958,41989.9921875
cod,1959,42531.42578125
cod,1960,44834.44921875
cod,1961,39305.27734375
cod,1962,48686.3515625
cod,1963,49005.296875
cod,1964,46002.72265625
cod,1965,49726.84375
cod,1966,57207.62109375
cod,1967,53360.34375
cod,1968,57375.30078125
cod,1969,64031.87109375
cod,1970,63376.9765625
cod,1971,61414.9296875
cod,1972,58228.3828125
cod,1973,66007.46875
cod,1974,71452.8203125
cod,1975,55546.8125
cod,1976,50129.38671875
cod,1977,52721.3203125
cod,1978,51457.2265625
cod,1979,60700.6015625
cod,1980,63567.109375
cod,1981,61438.4765625
cod,1982,62727.30078125
cod,1983,64020.2265625
cod,1984,79096.5625
cod,1985,71998.6015625
cod,1986,66882.8203125
cod,1987,67133.65625
cod,1988,72655.59375
cod,1989,68522.8203125
cod,1990,58061.84375
cod,1991,46718.0
cod,1992,60645.15625
cod,1993,47048.53125
cod,1994,35534.77734375
cod,1995,37219.44140625
cod,1996,33077.13671875
cod,1997,33793.96484375
cod,1998,29756.92578125
cod,1999,31123.80859375
cod,2000,28230.84765625
cod,2001,28005.625
cod,2002,29158.81640625
cod,2003,31423.4375
cod,2004,34399.75390625
cod,2005,37665.25390625
cod,2006,39789.1640625
cod,2007,43688.14453125
cod,2008,43902.546875
cod,2009,44907.015625
cod,2010,51651.1328125
cod,2011,55686.43359375
cod,2012,59011.296875
cod,2013,64270.37890625
cod,2014,71829.0390625
cod,2015,79500.1796875
cod,2016,91512.7890625
cod,2017,90428.40625
cod,2018,97894.8828125
cod,2019,98139.4140625
cod,2020,98381.0859375
cod,2021,115163.8359375
cod,2022,122708.25
cod,2023,149187.875
cog,1960,1157.716796875
cog,1961,1220.97778320313
cog,1962,1412.0771484375
cog,1963,1512.67993164063
cog,1964,1613.28295898438
cog,1965,1648.71008300781
cog,1966,1643.28955078125
cog,1967,1692.76171875
cog,1968,1836.64123535156
cog,1969,1984.77453613281
cog,1970,2153.11206054688
cog,1971,2297.10327148438
cog,1972,2403.103515625
cog,1973,2458.7529296875
cog,1974,3121.75659179688
cog,1975,3051.96948242188
cog,1976,3196.80004882813
cog,1977,3200.53564453125
cog,1978,3266.25952148438
cog,1979,3796.66650390625
cog,1980,4589.6396484375
cog,1981,5315.8466796875
cog,1982,5884.9697265625
cog,1983,7200.3603515625
cog,1984,8600.1591796875
cog,1985,8545.5390625
cog,1986,5655.3232421875
cog,1987,5582.11962890625
cog,1988,4790.740234375
cog,1989,4971.70263671875
cog,1990,5498.974609375
cog,1991,6355.04638671875
cog,1992,5534.27001953125
cog,1993,5328.0458984375
cog,1994,4785.17724609375
cog,1995,4375.45068359375
cog,1996,5269.79833984375
cog,1997,6017.17919921875
cog,1998,6239.98193359375
cog,1999,7031.83056640625
cog,2000,5950.81201171875
cog,2001,6315.7333984375
cog,2002,8213.333984375
cog,2003,9676.974609375
cog,2004,12834.3076171875
cog,2005,15160.2685546875
cog,2006,16246.513671875
cog,2007,14123.2470703125
cog,2008,18627.478515625
cog,2009,16012.966796875
cog,2010,26383.171875
cog,2011,27928.607421875
cog,2012,32931.28125
cog,2013,30435.04296875
cog,2014,30702.55078125
cog,2015,25202.451171875
cog,2016,22236.2734375
cog,2017,25411.03125
cog,2018,32150.859375
cog,2019,33658.875
cog,2020,28732.2109375
cog,2021,33504.41015625
cog,2022,42544.3671875
cog,2023,37029.17578125
col,1950,45024.46875
col,1951,45443.828125
col,1952,48637.52734375
col,1953,53301.26171875
col,1954,58792.234375
col,1955,60156.3203125
col,1956,61298.83984375
col,1957,60869.68359375
col,1958,60358.47265625
col,1959,63313.6171875
col,1960,66986.3125
col,1961,71104.890625
col,1962,74528.0625
col,1963,76596.9140625
col,1964,83403.6328125
col,1965,83237.9609375
col,1966,87282.84375
col,1967,90978.5703125
col,1968,96558.578125
col,1969,103008.8671875
col,1970,111618.5078125
col,1971,122729.71875
col,1972,135739.40625
col,1973,150587.96875
col,1974,162374.34375
col,1975,172932.9375
col,1976,185953.03125
col,1977,197584.109375
col,1978,210769.859375
col,1979,217086.234375
col,1980,228326.546875
col,1981,227250.1875
col,1982,229703.890625
col,1983,228689.40625
col,1984,234058.890625
col,1985,235028.40625
col,1986,254007.546875
col,1987,253969.671875
col,1988,260587.03125
col,1989,267629.40625
col,1990,280321.875
col,1991,284770.0
col,1992,293571.5625
col,1993,307433.6875
col,1994,323908.84375
col,1995,338183.84375
col,1996,340422.875
col,1997,347551.875
col,1998,337479.65625
col,1999,322429.375
col,2000,333960.0
col,2001,332827.15625
col,2002,339658.71875
col,2003,350762.625
col,2004,370578.75
col,2005,397079.125
col,2006,432447.6875
col,2007,475310.96875
col,2008,519065.71875
col,2009,531467.5
col,2010,579835.3125
col,2011,646819.125
col,2012,668237.625
col,2013,678492.5625
col,2014,696811.875
col,2015,694243.0625
col,2016,683159.75
col,2017,703694.1875
col,2018,741538.25
col,2019,785680.625
col,2020,743080.75
col,2021,821202.375
col,2022,902125.0625
col,2023,902844.625
com,1960,342.668304443359
com,1961,370.938934326172
com,1962,435.84375
com,1963,482.326995849609
com,1964,537.335815429688
com,1965,538.51806640625
com,1966,606.158386230469
com,1967,678.511535644531
com,1968,673.960815429688
com,1969,655.257690429688
com,1970,716.656372070313
com,1971,750.445678710938
com,1972,769.126831054688
com,1973,825.359375
com,1974,861.633178710938
com,1975,924.805114746094
com,1976,922.548645019531
com,1977,960.912292480469
com,1978,983.531127929688
com,1979,1075.60083007813
com,1980,1175.33386230469
com,1981,1198.61352539063
com,1982,1289.85437011719
com,1983,1368.43017578125
com,1984,1404.62561035156
com,1985,1561.29077148438
com,1986,1808.05285644531
com,1987,1810.65319824219
com,1988,1802.32385253906
com,1989,1702.59423828125
com,1990,1681.75817871094
com,1991,1631.62841796875
com,1992,1732.26794433594
com,1993,1716.49523925781
com,1994,1457.13439941406
com,1995,1734.69995117188
com,1996,1699.19519042969
com,1997,1731.185546875
com,1998,1626.96545410156
com,1999,1665.873046875
com,2000,1641.35278320313
com,2001,1836.31494140625
com,2002,1946.13256835938
com,2003,1909.16186523438
com,2004,1880.1328125
com,2005,2161.39086914063
com,2006,2160.16577148438
com,2007,1760.72033691406
com,2008,1862.49340820313
com,2009,1929.2880859375
com,2010,1893.44482421875
com,2011,2079.7890625
com,2012,2243.54174804688
com,2013,2308.9765625
com,2014,2390.21850585938
com,2015,2416.99633789063
com,2016,2600.8603515625
com,2017,2760.92138671875
com,2018,2790.57568359375
com,2019,2857.82006835938
com,2020,2805.42822265625
com,2021,2809.20776367188
com,2022,2855.75073242188
com,2023,3221.55444335938
cpv,1960,252.166244506836
cpv,1961,302.887634277344
cpv,1962,257.132720947266
cpv,1963,213.273040771484
cpv,1964,230.383666992188
cpv,1965,241.55354309082
cpv,1966,304.836517333984
cpv,1967,341.055358886719
cpv,1968,380.752136230469
cpv,1969,412.085327148438
cpv,1970,467.909515380859
cpv,1971,493.9931640625
cpv,1972,505.850189208984
cpv,1973,514.336791992188
cpv,1974,533.934326171875
cpv,1975,448.496154785156
cpv,1976,453.275482177734
cpv,1977,430.783660888672
cpv,1978,470.640899658203
cpv,1979,485.255279541016
cpv,1980,524.606140136719
cpv,1981,545.761169433594
cpv,1982,580.696594238281
cpv,1983,623.016723632813
cpv,1984,643.430236816406
cpv,1985,672.228088378906
cpv,1986,752.764404296875
cpv,1987,799.463989257813
cpv,1988,826.299560546875
cpv,1989,878.635681152344
cpv,1990,855.115478515625
cpv,1991,883.026916503906
cpv,1992,951.511962890625
cpv,1993,1005.88562011719
cpv,1994,1121.19311523438
cpv,1995,1135.74914550781
cpv,1996,1288.49609375
cpv,1997,1289.86962890625
cpv,1998,1450.32202148438
cpv,1999,1692.10815429688
cpv,2000,1739.69934082031
cpv,2001,1862.78979492188
cpv,2002,2002.22473144531
cpv,2003,2262.64233398438
cpv,2004,2452.00439453125
cpv,2005,2538.65991210938
cpv,2006,2814.30395507813
cpv,2007,3238.96142578125
cpv,2008,3569.45166015625
cpv,2009,3658.85278320313
cpv,2010,3821.39575195313
cpv,2011,4079.67138671875
cpv,2012,3953.5625
cpv,2013,3878.71752929688
cpv,2014,3876.39477539063
cpv,2015,3993.63989257813
cpv,2016,4329.61181640625
cpv,2017,4597.77734375
cpv,2018,4545.0986328125
cpv,2019,4954.3388671875
cpv,2020,3925.14916992188
cpv,2021,4246.49951171875
cpv,2022,4722.6015625
cpv,2023,4781.64990234375
cri,1950,3531.14477539063
cri,1951,3725.24658203125
cri,1952,4368.27197265625
cri,1953,5330.0654296875
cri,1954,5621.91845703125
cri,1955,5985.33544921875
cri,1956,5771.62890625
cri,1957,6192.7109375
cri,1958,6910.12890625
cri,1959,6842.70068359375
cri,1960,7374.408203125
cri,1961,7284.5283203125
cri,1962,7787.03125
cri,1963,8243.1630859375
cri,1964,8742.388671875
cri,1965,9428.3955078125
cri,1966,10104.279296875
cri,1967,10599.1943359375
cri,1968,11265.767578125
cri,1969,11859.8515625
cri,1970,12925.2763671875
cri,1971,13264.333984375
cri,1972,14192.7333984375
cri,1973,15073.9111328125
cri,1974,14821.8251953125
cri,1975,15786.55078125
cri,1976,17533.763671875
cri,1977,20172.955078125
cri,1978,20879.880859375
cri,1979,21432.119140625
cri,1980,21679.025390625
cri,1981,20393.17578125
cri,1982,19745.296875
cri,1983,20115.677734375
cri,1984,21718.052734375
cri,1985,22443.294921875
cri,1986,24911.00390625
cri,1987,24562.76171875
cri,1988,25324.958984375
cri,1989,26470.669921875
cri,1990,27077.3125
cri,1991,27838.103515625
cri,1992,30718.966796875
cri,1993,33269.18359375
cri,1994,35095.765625
cri,1995,36983.40234375
cri,1996,37081.48828125
cri,1997,39372.984375
cri,1998,42355.75390625
cri,1999,43779.90625
cri,2000,44879.140625
cri,2001,46815.7109375
cri,2002,48475.70703125
cri,2003,50935.2109375
cri,2004,52831.47265625
cri,2005,55531.48046875
cri,2006,57999.33984375
cri,2007,62210.09375
cri,2008,64961.51953125
cri,2009,69139.3125
cri,2010,72486.0390625
cri,2011,75659.5078125
cri,2012,81894.6875
cri,2013,82710.3125
cri,2014,87940.8125
cri,2015,94894.7890625
cri,2016,100699.4765625
cri,2017,109008.4609375
cri,2018,112813.546875
cri,2019,122145.5390625
cri,2020,114738.8671875
cri,2021,121628.03125
cri,2022,123252.6875
cri,2023,129574.703125
cuw,2005,4359.5869140625
cuw,2006,4384.8037109375
cuw,2007,4478.06298828125
cuw,2008,4616.10791015625
cuw,2009,4528.27099609375
cuw,2010,4532.85791015625
cuw,2011,4561.451171875
cuw,2012,4536.2568359375
cuw,2013,4383.25537109375
cuw,2014,4260.26611328125
cuw,2015,4220.97607421875
cuw,2016,4160.2216796875
cuw,2017,4187.9306640625
cuw,2018,4128.75390625
cuw,2019,4149.9609375
cuw,2020,3453.13012695313
cuw,2021,3803.76611328125
cuw,2022,4088.18237304688
cuw,2023,4225.41552734375
cym,1970,344.625122070313
cym,1971,355.346435546875
cym,1972,383.400512695313
cym,1973,437.28125
cym,1974,485.640960693359
cym,1975,535.515625
cym,1976,586.179992675781
cym,1977,644.07568359375
cym,1978,706.320983886719
cym,1979,778.224426269531
cym,1980,858.674438476563
cym,1981,945.8046875
cym,1982,1041.41918945313
cym,1983,1173.23156738281
cym,1984,1271.69458007813
cym,1985,1282.61145019531
cym,1986,1407.58740234375
cym,1987,1529.83337402344
cym,1988,1776.185546875
cym,1989,1910.95568847656
cym,1990,2153.08447265625
cym,1991,2180.94360351563
cym,1992,2247.31225585938
cym,1993,2353.04736328125
cym,1994,2462.39404296875
cym,1995,2575.25170898438
cym,1996,2697.08764648438
cym,1997,2830.46875
cym,1998,3661.87670898438
cym,1999,3788.70629882813
cym,2000,3836.3095703125
cym,2001,3868.8173828125
cym,2002,3948.69067382813
cym,2003,4019.94677734375
cym,2004,4050.25048828125
cym,2005,4375.0859375
cym,2006,4540.43994140625
cym,2007,4560.93310546875
cym,2008,4675.10498046875
cym,2009,4309.03564453125
cym,2010,4191.55859375
cym,2011,4252.978515625
cym,2012,4286.23486328125
cym,2013,4084.53735351563
cym,2014,4099.42138671875
cym,2015,4172.33984375
cym,2016,4273.36962890625
cym,2017,4357.65478515625
cym,2018,4631.0361328125
cym,2019,4883.5576171875
cym,2020,4760.66845703125
cym,2021,5088.73388671875
cym,2022,5332.76171875
cym,2023,5552.15087890625
cyp,1950,1630.38415527344
cyp,1951,1758.14624023438
cyp,1952,2005.42651367188
cyp,1953,2258.0390625
cyp,1954,2492.32763671875
cyp,1955,2529.201171875
cyp,1956,2885.59155273438
cyp,1957,2837.51220703125
cyp,1958,2574.55883789063
cyp,1959,2706.27905273438
cyp,1960,2618.29174804688
cyp,1961,2933.02001953125
cyp,1962,3416.59326171875
cyp,1963,3466.08837890625
cyp,1964,3034.84814453125
cyp,1965,3841.51635742188
cyp,1966,4095.27954101563
cyp,1967,4508.06005859375
cyp,1968,4685.431640625
cyp,1969,5258.28271484375
cyp,1970,5336.25634765625
cyp,1971,5851.27783203125
cyp,1972,6201.02587890625
cyp,1973,6158.62548828125
cyp,1974,4659.076171875
cyp,1975,3778.73803710938
cyp,1976,4778.03125
cyp,1977,5758.26611328125
cyp,1978,6336.74951171875
cyp,1979,7262.04248046875
cyp,1980,7802.9814453125
cyp,1981,7946.078125
cyp,1982,8640.7958984375
cyp,1983,8962.7099609375
cyp,1984,9969.14453125
cyp,1985,10383.0927734375
cyp,1986,10818.5419921875
cyp,1987,11745.40625
cyp,1988,12616.84375
cyp,1989,13711.71875
cyp,1990,14679.349609375
cyp,1991,14604.109375
cyp,1992,16128.67578125
cyp,1993,15941.0400390625
cyp,1994,16976.5859375
cyp,1995,18088.2734375
cyp,1996,18151.65625
cyp,1997,18481.955078125
cyp,1998,19468.408203125
cyp,1999,20628.625
cyp,2000,22141.095703125
cyp,2001,23526.23828125
cyp,2002,23913.173828125
cyp,2003,23824.34375
cyp,2004,25600.04296875
cyp,2005,27249.158203125
cyp,2006,29041.916015625
cyp,2007,31175.541015625
cyp,2008,34531.99609375
cyp,2009,34572.85546875
cyp,2010,35415.8046875
cyp,2011,33849.53515625
cyp,2012,33001.16796875
cyp,2013,29219.4609375
cyp,2014,28212.392578125
cyp,2015,29688.51953125
cyp,2016,32916.9765625
cyp,2017,35253.890625
cyp,2018,36101.42578125
cyp,2019,39845.00390625
cyp,2020,37827.77734375
cyp,2021,42024.859375
cyp,2022,45511.99609375
cyp,2023,46154.82421875
cze,1990,271034.1875
cze,1991,227313.9375
cze,1992,219836.453125
cze,1993,224645.609375
cze,1994,232338.0625
cze,1995,239475.578125
cze,1996,248144.09375
cze,1997,243843.828125
cze,1998,242189.046875
cze,1999,241761.265625
cze,2000,247291.078125
cze,2001,262558.5
cze,2002,266443.3125
cze,2003,275391.53125
cze,2004,289669.15625
cze,2005,302044.5625
cze,2006,318182.78125
cze,2007,348098.8125
cze,2008,349519.75
cze,2009,350082.8125
cze,2010,354507.875
cze,2011,374497.8125
cze,2012,374616.09375
cze,2013,372275.40625
cze,2014,389788.40625
cze,2015,412828.4375
cze,2016,430789.8125
cze,2017,456441.03125
cze,2018,469614.0625
cze,2019,506352.125
cze,2020,485195.09375
cze,2021,508562.5625
cze,2022,513348.21875
cze,2023,517926.84375
deu,1950,383493.65625
deu,1951,425910.8125
deu,1952,472814.75
deu,1953,515740.0
deu,1954,555934.6875
deu,1955,628521.625
deu,1956,678237.25
deu,1957,719044.0625
deu,1958,750514.75
deu,1959,810931.25
deu,1960,888509.125
deu,1961,926761.375
deu,1962,961174.625
deu,1963,980751.5
deu,1964,1051899.625
deu,1965,1103257.875
deu,1966,1136949.5
deu,1967,1134798.625
deu,1968,1200695.625
deu,1969,1295190.875
deu,1970,1381431.625
deu,1971,1437155.5
deu,1972,1510720.5
deu,1973,1586659.375
deu,1974,1609058.875
deu,1975,1627752.0
deu,1976,1705227.125
deu,1977,1769767.0
deu,1978,1841071.125
deu,1979,1912967.75
deu,1980,1927838.0
deu,1981,1867993.125
deu,1982,1836120.125
deu,1983,1837241.25
deu,1984,1840671.375
deu,1985,1852510.0
deu,1986,1981454.75
deu,1987,2055319.75
deu,1988,2163623.75
deu,1989,2268870.5
deu,1990,2430621.25
deu,1991,2580914.5
deu,1992,2684930.75
deu,1993,2698214.25
deu,1994,2795545.75
deu,1995,2874632.5
deu,1996,2898405.75
deu,1997,2993875.5
deu,1998,3104989.0
deu,1999,3237205.0
deu,2000,3287735.75
deu,2001,3354996.5
deu,2002,3359149.25
deu,2003,3374225.0
deu,2004,3436692.75
deu,2005,3526567.75
deu,2006,3666910.0
deu,2007,3840038.0
deu,2008,3937102.5
deu,2009,3770770.25
deu,2010,3979752.5
deu,2011,4198396.5
deu,2012,4213978.0
deu,2013,4163455.25
deu,2014,4284364.5
deu,2015,4370607.5
deu,2016,4520541.5
deu,2017,4714873.5
deu,2018,4807099.5
deu,2019,4996786.0
deu,2020,4852448.0
deu,2021,5001540.5
deu,2022,5027633.0
deu,2023,5047396.0
dji,1970,1258.302734375
dji,1971,1337.36645507813
dji,1972,1382.52819824219
dji,1973,1440.97680664063
dji,1974,1397.80969238281
dji,1975,1560.47155761719
dji,1976,1681.62561035156
dji,1977,1493.50427246094
dji,1978,1379.32470703125
dji,1979,1436.80798339844
dji,1980,1495.76513671875
dji,1981,1520.19311523438
dji,1982,1499.96594238281
dji,1983,1485.14709472656
dji,1984,1487.7724609375
dji,1985,1507.52795410156
dji,1986,1509.08703613281
dji,1987,1492.83459472656
dji,1988,1506.06811523438
dji,1989,1477.20617675781
dji,1990,1496.43713378906
dji,1991,1449.51989746094
dji,1992,1634.62573242188
dji,1993,2117.87329101563
dji,1994,1547.4228515625
dji,1995,1830.76013183594
dji,1996,1637.78942871094
dji,1997,1801.70446777344
dji,1998,1770.30773925781
dji,1999,1910.056640625
dji,2000,1922.70007324219
dji,2001,2013.47619628906
dji,2002,1974.74255371094
dji,2003,2107.35205078125
dji,2004,2191.2060546875
dji,2005,2363.45825195313
dji,2006,2767.6474609375
dji,2007,2810.53247070313
dji,2008,3109.81396484375
dji,2009,2821.43896484375
dji,2010,2635.13110351563
dji,2011,3324.6142578125
dji,2012,3716.99194335938
dji,2013,4142.984375
dji,2014,4417.556640625
dji,2015,4872.4189453125
dji,2016,4960.69091796875
dji,2017,5212.23583984375
dji,2018,5543.87255859375
dji,2019,5904.287109375
dji,2020,6136.1796875
dji,2021,5945.95166015625
dji,2022,7106.04541015625
dji,2023,8506.2158203125
dma,1970,272.288543701172
dma,1971,287.809783935547
dma,1972,317.948425292969
dma,1973,351.947784423828
dma,1974,334.788330078125
dma,1975,352.396942138672
dma,1976,371.81787109375
dma,1977,370.986267089844
dma,1978,414.314605712891
dma,1979,358.457946777344
dma,1980,373.24853515625
dma,1981,432.116485595703
dma,1982,462.166961669922
dma,1983,482.357421875
dma,1984,485.112335205078
dma,1985,492.026672363281
dma,1986,542.463500976563
dma,1987,566.186889648438
dma,1988,586.489624023438
dma,1989,570.902404785156
dma,1990,599.841613769531
dma,1991,597.909851074219
dma,1992,648.118896484375
dma,1993,672.802062988281
dma,1994,661.484985351563
dma,1995,676.154541015625
dma,1996,687.329956054688
dma,1997,670.61328125
dma,1998,672.443359375
dma,1999,651.599975585938
dma,2000,649.273498535156
dma,2001,644.943786621094
dma,2002,624.498840332031
dma,2003,649.665893554688
dma,2004,663.209228515625
dma,2005,678.541259765625
dma,2006,709.576782226563
dma,2007,758.385131835938
dma,2008,821.90673828125
dma,2009,817.549743652344
dma,2010,834.075012207031
dma,2011,845.943359375
dma,2012,834.216674804688
dma,2013,829.694396972656
dma,2014,870.288452148438
dma,2015,899.986022949219
dma,2016,948.927185058594
dma,2017,871.834533691406
dma,2018,956.691223144531
dma,2019,1074.5849609375
dma,2020,931.144470214844
dma,2021,1026.76208496094
dma,2022,1099.49829101563
dma,2023,1121.21398925781
dnk,1950,47904.76171875
dnk,1951,46303.98046875
dnk,1952,48296.30078125
dnk,1953,51786.80859375
dnk,1954,53563.33984375
dnk,1955,53500.21484375
dnk,1956,54535.8828125
dnk,1957,56814.8671875
dnk,1958,58619.23828125
dnk,1959,63995.7890625
dnk,1960,67681.0
dnk,1961,71879.4609375
dnk,1962,75845.9140625
dnk,1963,77306.0390625
dnk,1964,83951.1015625
dnk,1965,88019.6484375
dnk,1966,91056.796875
dnk,1967,96517.8125
dnk,1968,102098.4140625
dnk,1969,109839.3125
dnk,1970,112001.3515625
dnk,1971,114999.984375
dnk,1972,120025.9140625
dnk,1973,126559.6796875
dnk,1974,122708.4609375
dnk,1975,122286.8125
dnk,1976,130279.296875
dnk,1977,133412.78125
dnk,1978,138151.140625
dnk,1979,142451.765625
dnk,1980,140274.3125
dnk,1981,134749.453125
dnk,1982,136576.140625
dnk,1983,137223.703125
dnk,1984,140234.90625
dnk,1985,143705.140625
dnk,1986,153783.984375
dnk,1987,155304.921875
dnk,1988,155662.46875
dnk,1989,157963.3125
dnk,1990,160721.046875
dnk,1991,162913.609375
dnk,1992,168305.203125
dnk,1993,167137.359375
dnk,1994,175812.703125
dnk,1995,181930.625
dnk,1996,187335.703125
dnk,1997,200658.671875
dnk,1998,210335.1875
dnk,1999,216593.53125
dnk,2000,228093.03125
dnk,2001,229581.953125
dnk,2002,234467.140625
dnk,2003,226460.3125
dnk,2004,236971.46875
dnk,2005,240194.578125
dnk,2006,254715.359375
dnk,2007,265340.6875
dnk,2008,277449.15625
dnk,2009,268267.21875
dnk,2010,280561.8125
dnk,2011,290291.75
dnk,2012,292889.625
dnk,2013,291345.53125
dnk,2014,292029.40625
dnk,2015,301576.8125
dnk,2016,313998.40625
dnk,2017,333458.03125
dnk,2018,342544.34375
dnk,2019,356947.96875
dnk,2020,363623.1875
dnk,2021,395298.21875
dnk,2022,412768.59375
dnk,2023,387414.65625
dom,1951,6462.9873046875
dom,1952,6142.2041015625
dom,1953,6002.6474609375
dom,1954,6630.15869140625
dom,1955,6561.00927734375
dom,1956,7168.4482421875
dom,1957,8198.19140625
dom,1958,7979.78271484375
dom,1959,8093.51806640625
dom,1960,9249.7353515625
dom,1961,9054.4443359375
dom,1962,11265.04296875
dom,1963,12053.6650390625
dom,1964,12651.0322265625
dom,1965,11169.2548828125
dom,1966,12137.84375
dom,1967,12439.7177734375
dom,1968,12472.326171875
dom,1969,13744.3291015625
dom,1970,16092.3818359375
dom,1971,17533.056640625
dom,1972,19271.65234375
dom,1973,21235.14453125
dom,1974,23631.123046875
dom,1975,26097.482421875
dom,1976,25477.09375
dom,1977,26748.994140625
dom,1978,26379.59375
dom,1979,27600.26171875
dom,1980,31489.291015625
dom,1981,33717.9140625
dom,1982,34060.29296875
dom,1983,35902.09765625
dom,1984,34956.40625
dom,1985,35067.00390625
dom,1986,37140.05078125
dom,1987,38880.390625
dom,1988,41949.01171875
dom,1989,41875.91015625
dom,1990,39281.03515625
dom,1991,40276.97265625
dom,1992,45012.734375
dom,1993,49386.7734375
dom,1994,51856.65625
dom,1995,54259.5546875
dom,1996,57944.7109375
dom,1997,64024.03125
dom,1998,71135.40625
dom,1999,75284.71875
dom,2000,79182.8671875
dom,2001,82834.140625
dom,2002,87795.75
dom,2003,83586.140625
dom,2004,86748.421875
dom,2005,95909.1796875
dom,2006,106781.203125
dom,2007,116613.21875
dom,2008,119225.6953125
dom,2009,125260.9453125
dom,2010,135424.796875
dom,2011,138779.984375
dom,2012,141372.9375
dom,2013,143087.796875
dom,2014,153661.453125
dom,2015,168487.359375
dom,2016,182162.609375
dom,2017,187399.15625
dom,2018,200280.984375
dom,2019,221309.875
dom,2020,211212.234375
dom,2021,235362.203125
dom,2022,248473.0625
dom,2023,258935.21875
dza,1960,69831.6171875
dza,1961,62850.546875
dza,1962,48956.65234375
dza,1963,59405.6640625
dza,1964,63405.0703125
dza,1965,69090.109375
dza,1966,61355.57421875
dza,1967,70924.1640625
dza,1968,76556.2421875
dza,1969,83042.8359375
dza,1970,93799.125
dza,1971,92182.140625
dza,1972,104825.3984375
dza,1973,113974.6484375
dza,1974,163794.953125
dza,1975,158415.765625
dza,1976,170602.390625
dza,1977,185883.84375
dza,1978,200985.578125
dza,1979,236727.109375
dza,1980,261357.8125
dza,1981,282492.3125
dza,1982,284932.875
dza,1983,298172.25
dza,1984,310347.34375
dza,1985,326613.59375
dza,1986,272666.1875
dza,1987,264204.09375
dza,1988,240517.578125
dza,1989,245572.96875
dza,1990,255116.375
dza,1991,263040.0625
dza,1992,257040.03125
dza,1993,239886.328125
dza,1994,233932.265625
dza,1995,240176.421875
dza,1996,263609.75
dza,1997,266189.375
dza,1998,261235.96875
dza,1999,282043.78125
dza,2000,352675.15625
dza,2001,341851.1875
dza,2002,350638.9375
dza,2003,387822.875
dza,2004,409436.90625
dza,2005,482979.90625
dza,2006,532059.5
dza,2007,527158.625
dza,2008,564947.3125
dza,2009,487752.125
dza,2010,561556.375
dza,2011,620087.1875
dza,2012,609470.6875
dza,2013,579659.6875
dza,2014,577905.4375
dza,2015,530381.0625
dza,2016,514991.8125
dza,2017,526056.6875
dza,2018,535051.4375
dza,2019,563476.875
dza,2020,522712.34375
dza,2021,613324.4375
dza,2022,705982.5
dza,2023,680116.25
ecu,1950,20370.142578125
ecu,1951,22570.91015625
ecu,1952,23147.392578125
ecu,1953,26515.55078125
ecu,1954,31015.9765625
ecu,1955,32647.947265625
ecu,1956,33377.9609375
ecu,1957,34374.4609375
ecu,1958,34002.375
ecu,1959,36353.35546875
ecu,1960,38965.76953125
ecu,1961,40392.36328125
ecu,1962,40383.6484375
ecu,1963,41257.01953125
ecu,1964,43918.7421875
ecu,1965,44902.9609375
ecu,1966,46691.39453125
ecu,1967,52288.8515625
ecu,1968,54670.859375
ecu,1969,54288.29296875
ecu,1970,58672.40234375
ecu,1971,60105.6015625
ecu,1972,63500.4921875
ecu,1973,54201.6015625
ecu,1974,51249.6796875
ecu,1975,56244.90234375
ecu,1976,60342.4375
ecu,1977,63437.48828125
ecu,1978,64995.046875
ecu,1979,69327.734375
ecu,1980,72637.9296875
ecu,1981,76842.515625
ecu,1982,75757.828125
ecu,1983,75012.296875
ecu,1984,74975.3359375
ecu,1985,77916.015625
ecu,1986,71646.0859375
ecu,1987,70694.21875
ecu,1988,66255.296875
ecu,1989,67393.34375
ecu,1990,73103.796875
ecu,1991,74489.078125
ecu,1992,75061.859375
ecu,1993,68584.3359375
ecu,1994,69259.375
ecu,1995,68730.1015625
ecu,1996,70619.59375
ecu,1997,66844.1484375
ecu,1998,65875.421875
ecu,1999,63157.2265625
ecu,2000,71349.71875
ecu,2001,70944.90625
ecu,2002,79010.328125
ecu,2003,85363.3046875
ecu,2004,97358.4375
ecu,2005,116708.875
ecu,2006,126718.6171875
ecu,2007,134547.4375
ecu,2008,151169.015625
ecu,2009,147006.578125
ecu,2010,156187.84375
ecu,2011,177156.828125
ecu,2012,188648.59375
ecu,2013,201867.5625
ecu,2014,210310.515625
ecu,2015,195450.3125
ecu,2016,194140.78125
ecu,2017,209914.109375
ecu,2018,218005.25
ecu,2019,226584.5
ecu,2020,207615.0
ecu,2021,237414.90625
ecu,2022,253053.90625
ecu,2023,250160.515625
egy,1950,20464.83984375
egy,1951,21169.912109375
egy,1952,19486.951171875
egy,1953,19558.3203125
egy,1954,20851.205078125
egy,1955,21592.177734375
egy,1956,22311.84375
egy,1957,23378.1015625
egy,1958,23802.384765625
egy,1959,26033.4609375
egy,1960,26982.712890625
egy,1961,28220.265625
egy,1962,29639.94140625
egy,1963,31797.16015625
egy,1964,36320.01171875
egy,1965,37727.90625
egy,1966,39383.95703125
egy,1967,40836.24609375
egy,1968,45042.7421875
egy,1969,48130.2109375
egy,1970,54891.4921875
egy,1971,56347.0
egy,1972,59812.484375
egy,1973,59635.875
egy,1974,66278.8046875
egy,1975,68423.65625
egy,1976,69336.4375
egy,1977,74063.9453125
egy,1978,77175.203125
egy,1979,76515.140625
egy,1980,79361.7265625
egy,1981,90547.625
egy,1982,91256.890625
egy,1983,96790.390625
egy,1984,105824.0234375
egy,1985,112171.96875
egy,1986,114016.796875
egy,1987,117748.6953125
egy,1988,114656.75
egy,1989,125583.1875
egy,1990,141599.0625
egy,1991,166099.203125
egy,1992,179037.265625
egy,1993,216100.53125
egy,1994,242446.65625
egy,1995,276799.40625
egy,1996,334116.46875
egy,1997,344370.1875
egy,1998,341062.34375
egy,1999,356300.90625
egy,2000,372103.0625
egy,2001,386066.90625
egy,2002,429552.875
egy,2003,442581.40625
egy,2004,459442.34375
egy,2005,482328.53125
egy,2006,532044.1875
egy,2007,608807.75
egy,2008,696843.125
egy,2009,788171.75
egy,2010,895409.125
egy,2011,1003765.9375
egy,2012,1164629.75
egy,2013,1164716.5
egy,2014,1144069.875
egy,2015,1203107.75
egy,2016,1176473.0
egy,2017,1196465.875
egy,2018,1349822.625
egy,2019,1463584.25
egy,2020,1622211.25
egy,2021,1644345.625
egy,2022,1746094.625
egy,2023,1822492.75
esp,1950,120661.8046875
esp,1951,141205.09375
esp,1952,148096.53125
esp,1953,142850.671875
esp,1954,160992.84375
esp,1955,168626.625
esp,1956,180424.84375
esp,1957,188631.609375
esp,1958,196860.234375
esp,1959,192571.40625
esp,1960,214453.796875
esp,1961,238223.125
esp,1962,260973.078125
esp,1963,285537.0625
esp,1964,299845.9375
esp,1965,316848.75
esp,1966,343374.09375
esp,1967,363716.40625
esp,1968,389486.5625
esp,1969,425511.59375
esp,1970,443497.40625
esp,1971,466429.84375
esp,1972,505165.34375
esp,1973,541078.9375
esp,1974,559329.9375
esp,1975,568896.5
esp,1976,594697.1875
esp,1977,620656.3125
esp,1978,645872.6875
esp,1979,658267.0
esp,1980,672652.0625
esp,1981,630775.6875
esp,1982,612884.875
esp,1983,594276.9375
esp,1984,584097.875
esp,1985,579198.4375
esp,1986,622762.75
esp,1987,672012.6875
esp,1988,724456.5625
esp,1989,777319.3125
esp,1990,829809.8125
esp,1991,874705.625
esp,1992,904843.1875
esp,1993,907793.6875
esp,1994,943901.5625
esp,1995,995424.3125
esp,1996,1025285.4375
esp,1997,1094925.125
esp,1998,1177919.375
esp,1999,1229039.75
esp,2000,1304779.375
esp,2001,1370754.5
esp,2002,1443105.875
esp,2003,1454561.625
esp,2004,1522256.375
esp,2005,1607595.0
esp,2006,1739819.875
esp,2007,1882939.75
esp,2008,1929613.875
esp,2009,1880599.625
esp,2010,1849030.625
esp,2011,1821529.625
esp,2012,1792527.875
esp,2013,1744321.0
esp,2014,1752051.875
esp,2015,1856278.0
esp,2016,1936155.5
esp,2017,2021196.75
esp,2018,2037022.625
esp,2019,2169581.25
esp,2020,1905901.125
esp,2021,2059644.875
esp,2022,2150557.75
esp,2023,2233028.25
est,1990,19009.841796875
est,1991,20894.296875
est,1992,15624.31640625
est,1993,14971.6455078125
est,1994,14405.0439453125
est,1995,15676.232421875
est,1996,16278.4853515625
est,1997,17636.86328125
est,1998,18236.4609375
est,1999,18575.791015625
est,2000,20131.06640625
est,2001,21277.42578125
est,2002,22884.81640625
est,2003,24320.54296875
est,2004,26429.162109375
est,2005,29261.33984375
est,2006,32312.44921875
est,2007,36621.515625
est,2008,37079.140625
est,2009,33248.10546875
est,2010,34740.19140625
est,2011,40419.59765625
est,2012,42564.87890625
est,2013,42387.0390625
est,2014,43854.3203125
est,2015,44620.62109375
est,2016,46638.28125
est,2017,50148.890625
est,2018,52868.28125
est,2019,56871.1328125
est,2020,56006.75390625
est,2021,59910.9140625
est,2022,60197.1796875
est,2023,57956.51171875
eth,1950,8451.142578125
eth,1951,9637.2587890625
eth,1952,10081.443359375
eth,1953,10802.3720703125
eth,1954,10851.14453125
eth,1955,11029.736328125
eth,1956,11513.7490234375
eth,1957,11421.31640625
eth,1958,11506.1748046875
eth,1959,12299.89453125
eth,1960,12942.3720703125
eth,1961,13471.060546875
eth,1962,13938.5234375
eth,1963,14339.0537109375
eth,1964,15371.8349609375
eth,1965,16490.271484375
eth,1966,17061.9609375
eth,1967,17268.7265625
eth,1968,18104.08203125
eth,1969,19464.060546875
eth,1970,19246.521484375
eth,1971,20065.111328125
eth,1972,21043.64453125
eth,1973,21473.6875
eth,1974,21921.302734375
eth,1975,22607.873046875
eth,1976,23401.26953125
eth,1977,23800.96875
eth,1978,24118.162109375
eth,1979,24755.029296875
eth,1980,26332.255859375
eth,1981,29348.712890625
eth,1982,32122.736328125
eth,1983,37174.09375
eth,1984,37560.78515625
eth,1985,40237.0
eth,1986,39570.109375
eth,1987,39003.5546875
eth,1988,38412.140625
eth,1989,36024.29296875
eth,1990,40999.0546875
eth,1991,38066.57421875
eth,1992,34086.8359375
eth,1993,36771.05859375
eth,1994,34287.8125
eth,1995,38140.95703125
eth,1996,39245.4453125
eth,1997,43225.28125
eth,1998,38966.7109375
eth,1999,39920.48828125
eth,2000,40266.14453125
eth,2001,44908.00390625
eth,2002,40922.13671875
eth,2003,41041.109375
eth,2004,49262.28125
eth,2005,58454.65625
eth,2006,60418.44921875
eth,2007,73274.3359375
eth,2008,79560.3515625
eth,2009,87879.390625
eth,2010,100037.5
eth,2011,114435.140625
eth,2012,127633.7109375
eth,2013,135799.265625
eth,2014,160853.1875
eth,2015,182192.578125
eth,2016,209895.40625
eth,2017,227030.78125
eth,2018,240106.890625
eth,2019,260730.84375
eth,2020,282763.09375
eth,2021,329508.46875
eth,2022,357642.40625
eth,2023,385786.34375
fin,1950,28220.341796875
fin,1951,33925.44921875
fin,1952,34437.8046875
fin,1953,33142.33203125
fin,1954,36880.3828125
fin,1955,40302.453125
fin,1956,41083.66015625
fin,1957,40948.96875
fin,1958,40897.08984375
fin,1959,43869.421875
fin,1960,48367.8203125
fin,1961,53294.9765625
fin,1962,54045.64453125
fin,1963,55225.2578125
fin,1964,57962.08984375
fin,1965,61815.69140625
fin,1966,63526.65234375
fin,1967,65100.265625
fin,1968,67903.703125
fin,1969,75223.0078125
fin,1970,81428.65625
fin,1971,82944.78125
fin,1972,88433.890625
fin,1973,95060.953125
fin,1974,99104.2734375
fin,1975,99394.1328125
fin,1976,99175.4453125
fin,1977,98175.15625
fin,1978,100265.5078125
fin,1979,108577.5703125
fin,1980,113501.953125
fin,1981,113689.8046875
fin,1982,115578.6171875
fin,1983,116390.6015625
fin,1984,119011.359375
fin,1985,120580.1640625
fin,1986,126006.03125
fin,1987,131818.875
fin,1988,142438.59375
fin,1989,151048.171875
fin,1990,149542.65625
fin,1991,136657.75
fin,1992,131573.375
fin,1993,129977.8671875
fin,1994,137622.625
fin,1995,149651.921875
fin,1996,150891.671875
fin,1997,166471.53125
fin,1998,181371.0
fin,1999,190459.8125
fin,2000,202101.9375
fin,2001,205907.734375
fin,2002,207377.765625
fin,2003,205317.484375
fin,2004,216895.859375
fin,2005,222805.90625
fin,2006,230087.5625
fin,2007,249481.359375
fin,2008,262509.8125
fin,2009,249044.171875
fin,2010,253749.78125
fin,2011,268430.40625
fin,2012,264305.125
fin,2013,255116.71875
fin,2014,252274.15625
fin,2015,256926.75
fin,2016,265052.5625
fin,2017,275506.6875
fin,2018,281462.03125
fin,2019,293943.40625
fin,2020,295066.65625
fin,2021,306502.71875
fin,2022,311213.96875
fin,2023,299422.71875
fji,1960,1271.24304199219
fji,1961,1310.20031738281
fji,1962,1332.90014648438
fji,1963,1593.73132324219
fji,1964,1818.55944824219
fji,1965,1461.53967285156
fji,1966,1518.59692382813
fji,1967,1626.67993164063
fji,1968,1810.4140625
fji,1969,1904.17639160156
fji,1970,2126.02172851563
fji,1971,2280.44580078125
fji,1972,2463.79809570313
fji,1973,2743.17114257813
fji,1974,3022.72119140625
fji,1975,3326.81494140625
fji,1976,3327.73291015625
fji,1977,3535.08911132813
fji,1978,3651.19311523438
fji,1979,4244.2685546875
fji,1980,4353.845703125
fji,1981,3997.85766601563
fji,1982,3932.75537109375
fji,1983,3863.33227539063
fji,1984,4060.576171875
fji,1985,4204.2041015625
fji,1986,4216.58447265625
fji,1987,4271.05908203125
fji,1988,4379.4775390625
fji,1989,4456.564453125
fji,1990,4783.04736328125
fji,1991,4659.58349609375
fji,1992,4866.060546875
fji,1993,4942.228515625
fji,1994,5133.5908203125
fji,1995,5241.3388671875
fji,1996,5473.13525390625
fji,1997,5269.14208984375
fji,1998,5203.81884765625
fji,1999,5541.86083984375
fji,2000,5413.25830078125
fji,2001,5450.46533203125
fji,2002,5576.169921875
fji,2003,5553.36279296875
fji,2004,5734.23779296875
fji,2005,5819.82861328125
fji,2006,6174.0576171875
fji,2007,6371.5478515625
fji,2008,6777.8115234375
fji,2009,7031.423828125
fji,2010,7673.1767578125
fji,2011,8422.5615234375
fji,2012,8990.75390625
fji,2013,9401.9697265625
fji,2014,10967.775390625
fji,2015,12025.0927734375
fji,2016,12059.080078125
fji,2017,12608.232421875
fji,2018,12721.87109375
fji,2019,12530.447265625
fji,2020,10417.4658203125
fji,2021,9568.5703125
fji,2022,11499.47265625
fji,2023,12652.48828125
fra,1950,345672.6875
fra,1951,364032.59375
fra,1952,377932.21875
fra,1953,396398.0
fra,1954,416972.34375
fra,1955,438709.09375
fra,1956,460453.09375
fra,1957,486443.75
fra,1958,501660.71875
fra,1959,517745.40625
fra,1960,561483.3125
fra,1961,589359.9375
fra,1962,626640.0625
fra,1963,665660.5
fra,1964,710191.625
fra,1965,743832.6875
fra,1966,784238.8125
fra,1967,825650.5
fra,1968,862869.5
fra,1969,925410.4375
fra,1970,979693.1875
fra,1971,1040146.125
fra,1972,1098649.375
fra,1973,1181357.625
fra,1974,1224062.875
fra,1975,1233018.5
fra,1976,1288157.0
fra,1977,1338898.125
fra,1978,1407955.75
fra,1979,1465835.0
fra,1980,1488857.0
fra,1981,1448473.875
fra,1982,1449318.875
fra,1983,1430684.375
fra,1984,1407612.5
fra,1985,1398366.625
fra,1986,1468328.25
fra,1987,1509975.625
fra,1988,1595383.625
fra,1989,1663753.75
fra,1990,1710812.0
fra,1991,1728298.875
fra,1992,1759222.625
fra,1993,1751354.75
fra,1994,1788148.5
fra,1995,1823873.5
fra,1996,1843451.625
fra,1997,1957271.5
fra,1998,2080631.0
fra,1999,2168122.25
fra,2000,2303347.5
fra,2001,2398571.0
fra,2002,2450607.25
fra,2003,2343662.25
fra,2004,2415772.0
fra,2005,2513462.5
fra,2006,2593252.75
fra,2007,2745466.75
fra,2008,2807220.75
fra,2009,2772258.5
fra,2010,2851431.5
fra,2011,2967121.5
fra,2012,2987579.25
fra,2013,2945730.75
fra,2014,2958033.5
fra,2015,3017415.75
fra,2016,3071085.0
fra,2017,3155284.25
fra,2018,3217182.25
fra,2019,3515226.0
fra,2020,3330455.75
fra,2021,3491557.75
fra,2022,3552379.0
fra,2023,3559329.75
gab,1960,1580.05212402344
gab,1961,1688.11511230469
gab,1962,1900.79724121094
gab,1963,2300.48486328125
gab,1964,2543.69702148438
gab,1965,2879.62133789063
gab,1966,2606.56640625
gab,1967,2988.583984375
gab,1968,3020.77368164063
gab,1969,3208.89770507813
gab,1970,3730.51098632813
gab,1971,4165.4658203125
gab,1972,4027.65283203125
gab,1973,4608.8984375
gab,1974,6138.7626953125
gab,1975,6241.56591796875
gab,1976,7541.72412109375
gab,1977,7370.06982421875
gab,1978,8327.2041015625
gab,1979,9195.5126953125
gab,1980,10673.8349609375
gab,1981,10846.6943359375
gab,1982,9980.74609375
gab,1983,11029.564453125
gab,1984,10839.2236328125
gab,1985,9960.8359375
gab,1986,8090.9453125
gab,1987,7534.4853515625
gab,1988,7052.6767578125
gab,1989,9599.9052734375
gab,1990,9664.3642578125
gab,1991,10383.2294921875
gab,1992,9969.904296875
gab,1993,9920.2978515625
gab,1994,10649.5068359375
gab,1995,10939.787109375
gab,1996,12185.396484375
gab,1997,10493.359375
gab,1998,9416.6982421875
gab,1999,10910.353515625
gab,2000,14048.70703125
gab,2001,13890.3466796875
gab,2002,14364.7353515625
gab,2003,16420.490234375
gab,2004,20082.45703125
gab,2005,29088.35546875
gab,2006,27030.67578125
gab,2007,26557.478515625
gab,2008,27476.21484375
gab,2009,22349.400390625
gab,2010,26502.052734375
gab,2011,31683.064453125
gab,2012,31913.5859375
gab,2013,31719.79296875
gab,2014,32741.294921875
gab,2015,32879.3515625
gab,2016,32482.8671875
gab,2017,34948.36328125
gab,2018,35879.14453125
gab,2019,38056.9921875
gab,2020,35188.2109375
gab,2021,45156.4140625
gab,2022,52188.5546875
gab,2023,48424.21484375
gbr,1950,537520.4375
gbr,1951,548185.125
gbr,1952,558459.875
gbr,1953,592999.3125
gbr,1954,613686.1875
gbr,1955,635579.75
gbr,1956,651028.8125
gbr,1957,663631.6875
gbr,1958,672540.0625
gbr,1959,694126.75
gbr,1960,728588.75
gbr,1961,748593.125
gbr,1962,759202.8125
gbr,1963,786062.1875
gbr,1964,831107.0
gbr,1965,855552.9375
gbr,1966,877776.5
gbr,1967,901694.875
gbr,1968,935846.75
gbr,1969,955112.0
gbr,1970,982546.875
gbr,1971,1001907.375
gbr,1972,1036115.625
gbr,1973,1082333.125
gbr,1974,1024984.9375
gbr,1975,1027487.5
gbr,1976,1070030.25
gbr,1977,1124705.0
gbr,1978,1209560.875
gbr,1979,1282341.75
gbr,1980,1322739.875
gbr,1981,1300723.625
gbr,1982,1305131.5
gbr,1983,1333326.625
gbr,1984,1340744.0
gbr,1985,1378365.75
gbr,1986,1422894.75
gbr,1987,1504123.75
gbr,1988,1598351.25
gbr,1989,1654436.5
gbr,1990,1697013.625
gbr,1991,1677956.0
gbr,1992,1698466.25
gbr,1993,1763370.875
gbr,1994,1824080.625
gbr,1995,2020521.0
gbr,1996,2123074.75
gbr,1997,2263131.5
gbr,1998,2351081.0
gbr,1999,2453856.0
gbr,2000,2600228.25
gbr,2001,2692334.75
gbr,2002,2704711.5
gbr,2003,2727822.0
gbr,2004,2831223.25
gbr,2005,2915660.75
gbr,2006,2988939.25
gbr,2007,3025569.0
gbr,2008,3014104.25
gbr,2009,2870764.5
gbr,2010,2828227.25
gbr,2011,2853655.5
gbr,2012,2926745.75
gbr,2013,2951916.5
gbr,2014,3015292.0
gbr,2015,3156166.5
gbr,2016,3223585.5
gbr,2017,3333089.5
gbr,2018,3318684.5
gbr,2019,3474005.25
gbr,2020,3284464.75
gbr,2021,3464994.75
gbr,2022,3592804.0
gbr,2023,3597361.75
geo,1990,70247.59375
geo,1991,59744.015625
geo,1992,26045.732421875
geo,1993,15254.3671875
geo,1994,13617.2275390625
geo,1995,13950.9462890625
geo,1996,15632.2216796875
geo,1997,16848.9609375
geo,1998,16420.791015625
geo,1999,16627.529296875
geo,2000,16729.921875
geo,2001,17632.24609375
geo,2002,19009.41015625
geo,2003,20778.798828125
geo,2004,22221.638671875
geo,2005,24889.74609375
geo,2006,27945.603515625
geo,2007,31766.4921875
geo,2008,34312.7109375
geo,2009,35045.890625
geo,2010,37148.05859375
geo,2011,40509.77734375
geo,2012,42251.53515625
geo,2013,43771.14453125
geo,2014,46044.37109375
geo,2015,48455.5
geo,2016,51205.21875
geo,2017,56221.44140625
geo,2018,58989.91796875
geo,2019,63984.4765625
geo,2020,62017.9765625
geo,2021,66424.8515625
geo,2022,73327.8125
geo,2023,80178.5859375
gha,1955,26787.068359375
gha,1956,26850.45703125
gha,1957,26175.71484375
gha,1958,28763.8359375
gha,1959,32301.0625
gha,1960,34656.1875
gha,1961,33272.71875
gha,1962,33720.31640625
gha,1963,36646.6796875
gha,1964,39644.64453125
gha,1965,38163.32421875
gha,1966,38148.671875
gha,1967,36006.60546875
gha,1968,36980.234375
gha,1969,39970.3828125
gha,1970,44201.03515625
gha,1971,45174.62109375
gha,1972,39211.76171875
gha,1973,44322.30859375
gha,1974,49533.00390625
gha,1975,44709.6796875
gha,1976,40148.44140625
gha,1977,46580.60546875
gha,1978,46647.109375
gha,1979,43916.328125
gha,1980,44622.91015625
gha,1981,42071.87890625
gha,1982,35792.91015625
gha,1983,35517.89453125
gha,1984,38512.63671875
gha,1985,41499.4921875
gha,1986,42584.49609375
gha,1987,43600.7890625
gha,1988,47803.20703125
gha,1989,47429.1640625
gha,1990,49339.26171875
gha,1991,53853.671875
gha,1992,51256.9921875
gha,1993,49185.58203125
gha,1994,51805.7734375
gha,1995,53474.04296875
gha,1996,54739.71484375
gha,1997,57227.43359375
gha,1998,57549.28125
gha,1999,60760.3125
gha,2000,69277.890625
gha,2001,65066.20703125
gha,2002,67207.015625
gha,2003,73065.1484375
gha,2004,77261.328125
gha,2005,80217.203125
gha,2006,83614.3515625
gha,2007,98260.0234375
gha,2008,108798.921875
gha,2009,106774.1796875
gha,2010,118009.1875
gha,2011,140242.90625
gha,2012,154477.3125
gha,2013,163054.3125
gha,2014,172676.75
gha,2015,162539.359375
gha,2016,162806.015625
gha,2017,172682.984375
gha,2018,181986.765625
gha,2019,197397.125
gha,2020,195636.671875
gha,2021,205450.015625
gha,2022,218647.640625
gha,2023,225070.15625
gin,1959,10741.5390625
gin,1960,11918.607421875
gin,1961,12364.76171875
gin,1962,12712.2890625
gin,1963,14004.4560546875
gin,1964,12772.6201171875
gin,1965,13288.08984375
gin,1966,13270.5849609375
gin,1967,13304.9609375
gin,1968,13427.94140625
gin,1969,13128.8447265625
gin,1970,12610.5478515625
gin,1971,13224.0986328125
gin,1972,13444.5087890625
gin,1973,13531.544921875
gin,1974,14270.4580078125
gin,1975,14673.5390625
gin,1976,15790.4306640625
gin,1977,15278.947265625
gin,1978,16285.4833984375
gin,1979,16086.216796875
gin,1980,17018.34765625
gin,1981,16662.29296875
gin,1982,17026.58984375
gin,1983,17274.65625
gin,1984,17559.3828125
gin,1985,18452.650390625
gin,1986,18883.404296875
gin,1987,19453.123046875
gin,1988,20619.189453125
gin,1989,21470.849609375
gin,1990,22145.92578125
gin,1991,23054.869140625
gin,1992,22898.3984375
gin,1993,24054.419921875
gin,1994,25376.873046875
gin,1995,26899.212890625
gin,1996,29691.45703125
gin,1997,27084.00390625
gin,1998,26799.951171875
gin,1999,25151.3984375
gin,2000,23498.642578125
gin,2001,21947.8046875
gin,2002,20824.32421875
gin,2003,18699.66796875
gin,2004,18089.5703125
gin,2005,17990.1796875
gin,2006,18483.501953125
gin,2007,19013.77734375
gin,2008,19461.33984375
gin,2009,18688.3046875
gin,2010,21325.2890625
gin,2011,21972.58203125
gin,2012,23311.203125
gin,2013,23669.38671875
gin,2014,24260.3046875
gin,2015,25426.140625
gin,2016,26921.400390625
gin,2017,35204.2578125
gin,2018,38701.203125
gin,2019,42748.96875
gin,2020,43169.109375
gin,2021,49483.1171875
gin,2022,49275.39453125
gin,2023,52334.8515625
gmb,1960,1032.80249023438
gmb,1961,959.242614746094
gmb,1962,966.441528320313
gmb,1963,1022.17504882813
gmb,1964,1134.07446289063
gmb,1965,1272.56945800781
gmb,1966,1310.90124511719
gmb,1967,1330.75549316406
gmb,1968,1364.9375
gmb,1969,1364.42211914063
gmb,1970,1550.03283691406
gmb,1971,1538.09375
gmb,1972,1565.45690917969
gmb,1973,1690.76928710938
gmb,1974,1806.76831054688
gmb,1975,1904.94653320313
gmb,1976,1856.70715332031
gmb,1977,1885.54333496094
gmb,1978,1991.10961914063
gmb,1979,1926.92846679688
gmb,1980,1941.76611328125
gmb,1981,2311.0322265625
gmb,1982,2485.36499023438
gmb,1983,2391.76318359375
gmb,1984,2461.58740234375
gmb,1985,2551.39233398438
gmb,1986,2612.17944335938
gmb,1987,2647.43505859375
gmb,1988,2743.25903320313
gmb,1989,2852.16967773438
gmb,1990,2995.11352539063
gmb,1991,3059.33129882813
gmb,1992,3132.03784179688
gmb,1993,3258.51708984375
gmb,1994,3286.41577148438
gmb,1995,3305.96508789063
gmb,1996,3430.85229492188
gmb,1997,3467.02099609375
gmb,1998,3547.21459960938
gmb,1999,3797.73876953125
gmb,2000,4046.234375
gmb,2001,4156.07080078125
gmb,2002,3873.72875976563
gmb,2003,4126.525390625
gmb,2004,4903.19287109375
gmb,2005,5178.48388671875
gmb,2006,4913.1572265625
gmb,2007,5071.3359375
gmb,2008,5071.7548828125
gmb,2009,5342.091796875
gmb,2010,5634.42431640625
gmb,2011,4993.8251953125
gmb,2012,5068.560546875
gmb,2013,4890.56005859375
gmb,2014,4612.58251953125
gmb,2015,4822.6494140625
gmb,2016,4898.1083984375
gmb,2017,4876.4765625
gmb,2018,5498.82080078125
gmb,2019,5986.58544921875
gmb,2020,5974.79541015625
gmb,2021,6432.12255859375
gmb,2022,6726.44677734375
gmb,2023,7005.97607421875
gnb,1960,668.204650878906
gnb,1961,682.793273925781
gnb,1962,678.934936523438
gnb,1963,750.458679199219
gnb,1964,775.191467285156
gnb,1965,803.298217773438
gnb,1966,735.634582519531
gnb,1967,839.776245117188
gnb,1968,879.903869628906
gnb,1969,982.692260742188
gnb,1970,1074.17822265625
gnb,1971,1048.66809082031
gnb,1972,1120.82177734375
gnb,1973,1141.61145019531
gnb,1974,1204.98132324219
gnb,1975,1311.12084960938
gnb,1976,1411.61547851563
gnb,1977,1190.65173339844
gnb,1978,1392.50671386719
gnb,1979,1418.74035644531
gnb,1980,1338.03637695313
gnb,1981,1229.70227050781
gnb,1982,1274.58447265625
gnb,1983,1242.43139648438
gnb,1984,1253.97717285156
gnb,1985,1092.12634277344
gnb,1986,1361.23999023438
gnb,1987,1393.27905273438
gnb,1988,1462.94909667969
gnb,1989,1521.13500976563
gnb,1990,1596.91491699219
gnb,1991,1657.99035644531
gnb,1992,1452.45886230469
gnb,1993,1629.11157226563
gnb,1994,1801.30517578125
gnb,1995,1844.24365234375
gnb,1996,1897.609375
gnb,1997,2177.4130859375
gnb,1998,1851.23120117188
gnb,1999,2193.48803710938
gnb,2000,2142.45874023438
gnb,2001,2168.32861328125
gnb,2002,2134.33715820313
gnb,2003,2136.46142578125
gnb,2004,2216.2783203125
gnb,2005,2270.05590820313
gnb,2006,2188.59838867188
gnb,2007,2241.29931640625
gnb,2008,2288.37158203125
gnb,2009,2240.3076171875
gnb,2010,2369.41186523438
gnb,2011,2700.76635742188
gnb,2012,2603.86865234375
gnb,2013,2646.18774414063
gnb,2014,2740.91040039063
gnb,2015,3257.86401367188
gnb,2016,3580.59643554688
gnb,2017,3915.57153320313
gnb,2018,3842.72485351563
gnb,2019,3941.06323242188
gnb,2020,3917.724609375
gnb,2021,4163.86376953125
gnb,2022,4449.92236328125
gnb,2023,4588.1142578125
gnq,1960,378.674957275391
gnq,1961,388.0107421875
gnq,1962,397.255767822266
gnq,1963,522.146057128906
gnq,1964,499.463165283203
gnq,1965,454.941253662109
gnq,1966,529.178283691406
gnq,1967,573.457275390625
gnq,1968,646.185180664063
gnq,1969,676.157043457031
gnq,1970,546.445190429688
gnq,1971,607.5634765625
gnq,1972,585.541870117188
gnq,1973,594.858947753906
gnq,1974,609.384582519531
gnq,1975,703.844970703125
gnq,1976,720.137573242188
gnq,1977,773.118713378906
gnq,1978,550.173156738281
gnq,1979,546.878662109375
gnq,1980,529.917297363281
gnq,1981,506.670989990234
gnq,1982,529.593627929688
gnq,1983,871.441955566406
gnq,1984,885.262756347656
gnq,1985,976.860534667969
gnq,1986,856.276733398438
gnq,1987,947.617553710938
gnq,1988,971.961547851563
gnq,1989,1080.74328613281
gnq,1990,939.267761230469
gnq,1991,937.960266113281
gnq,1992,1123.89526367188
gnq,1993,1172.90612792969
gnq,1994,795.891296386719
gnq,1995,925.045959472656
gnq,1996,1424.88720703125
gnq,1997,3606.68237304688
gnq,1998,2910.28442382813
gnq,1999,4562.2646484375
gnq,2000,7049.62060546875
gnq,2001,10036.369140625
gnq,2002,8877.6787109375
gnq,2003,9512.7607421875
gnq,2004,12833.509765625
gnq,2005,19313.203125
gnq,2006,18759.796875
gnq,2007,21694.599609375
gnq,2008,32076.66015625
gnq,2009,24733.05859375
gnq,2010,29422.7265625
gnq,2011,42332.63671875
gnq,2012,46897.9609375
gnq,2013,43610.01171875
gnq,2014,43648.3515625
gnq,2015,33893.26953125
gnq,2016,30819.443359375
gnq,2017,36266.4609375
gnq,2018,36751.23046875
gnq,2019,33373.90234375
gnq,2020,27936.123046875
gnq,2021,33880.25390625
gnq,2022,40316.7265625
gnq,2023,34631.34375
grc,1951,29408.935546875
grc,1952,29001.80078125
grc,1953,32478.21484375
grc,1954,33231.17578125
grc,1955,35549.9453125
grc,1956,38486.91015625
grc,1957,41280.3515625
grc,1958,43496.62109375
grc,1959,44926.46484375
grc,1960,45739.72265625
grc,1961,51961.31640625
grc,1962,51280.90234375
grc,1963,57760.80078125
grc,1964,61988.23828125
grc,1965,68587.3828125
grc,1966,74286.7265625
grc,1967,78614.2890625
grc,1968,83729.515625
grc,1969,93431.203125
grc,1970,101877.5
grc,1971,109823.703125
grc,1972,120624.8359375
grc,1973,130159.421875
grc,1974,122541.203125
grc,1975,129361.8984375
grc,1976,137383.28125
grc,1977,141623.40625
grc,1978,151640.5625
grc,1979,155641.5625
grc,1980,157381.28125
grc,1981,158924.140625
grc,1982,155095.171875
grc,1983,153964.8125
grc,1984,155962.28125
grc,1985,160928.0
grc,1986,168445.5
grc,1987,168380.578125
grc,1988,181176.296875
grc,1989,190639.3125
grc,1990,195691.109375
grc,1991,209205.21875
grc,1992,215640.515625
grc,1993,218994.265625
grc,1994,230092.421875
grc,1995,241505.53125
grc,1996,246769.484375
grc,1997,264677.875
grc,1998,276108.09375
grc,1999,282021.6875
grc,2000,290773.5
grc,2001,312178.0625
grc,2002,336202.125
grc,2003,342307.0625
grc,2004,363206.84375
grc,2005,356527.9375
grc,2006,386583.25
grc,2007,402907.59375
grc,2008,421306.65625
grc,2009,412536.375
grc,2010,386347.03125
grc,2011,343248.96875
grc,2012,319364.03125
grc,2013,311932.0
grc,2014,313782.9375
grc,2015,314579.96875
grc,2016,312773.09375
grc,2017,319307.84375
grc,2018,321064.78125
grc,2019,339878.03125
grc,2020,308016.6875
grc,2021,336453.84375
grc,2022,356960.71875
grc,2023,377640.84375
grd,1970,194.243225097656
grd,1971,207.359527587891
grd,1972,225.664993286133
grd,1973,237.058319091797
grd,1974,255.845489501953
grd,1975,281.057739257813
grd,1976,302.844543457031
grd,1977,300.174865722656
grd,1978,320.763122558594
grd,1979,328.484283447266
grd,1980,309.309692382813
grd,1981,299.918151855469
grd,1982,316.471038818359
grd,1983,328.18505859375
grd,1984,355.837860107422
grd,1985,383.517028808594
grd,1986,386.685729980469
grd,1987,438.789245605469
grd,1988,450.300903320313
grd,1989,500.543273925781
grd,1990,524.667053222656
grd,1991,533.781433105469
grd,1992,619.304382324219
grd,1993,615.67333984375
grd,1994,646.032653808594
grd,1995,650.573547363281
grd,1996,708.569152832031
grd,1997,729.903991699219
grd,1998,805.215148925781
grd,1999,847.266906738281
grd,2000,882.194519042969
grd,2001,893.127563476563
grd,2002,937.517822265625
grd,2003,1026.09655761719
grd,2004,1046.55004882813
grd,2005,1210.50134277344
grd,2006,1187.40649414063
grd,2007,1288.07629394531
grd,2008,1347.97399902344
grd,2009,1286.39367675781
grd,2010,1314.15405273438
grd,2011,1361.537109375
grd,2012,1381.92590332031
grd,2013,1414.02563476563
grd,2014,1535.09252929688
grd,2015,1655.90490722656
grd,2016,1722.87414550781
grd,2017,1801.42407226563
grd,2018,1888.80383300781
grd,2019,1943.54968261719
grd,2020,1672.59143066406
grd,2021,1727.40380859375
grd,2022,1864.27770996094
grd,2023,1887.09802246094
gtm,1950,8437.068359375
gtm,1951,8531.39453125
gtm,1952,8774.490234375
gtm,1953,9175.2822265625
gtm,1954,9459.7060546875
gtm,1955,9485.5849609375
gtm,1956,10201.375
gtm,1957,10615.572265625
gtm,1958,10961.056640625
gtm,1959,11514.43359375
gtm,1960,11870.8349609375
gtm,1961,12294.3876953125
gtm,1962,12769.923828125
gtm,1963,13692.125
gtm,1964,14314.0009765625
gtm,1965,14780.87890625
gtm,1966,15578.857421875
gtm,1967,16043.958984375
gtm,1968,17322.974609375
gtm,1969,18246.71875
gtm,1970,19645.666015625
gtm,1971,20185.650390625
gtm,1972,21412.638671875
gtm,1973,22657.6640625
gtm,1974,23263.166015625
gtm,1975,23912.7734375
gtm,1976,25208.5
gtm,1977,28528.189453125
gtm,1978,28942.556640625
gtm,1979,30005.609375
gtm,1980,31462.12890625
gtm,1981,31671.265625
gtm,1982,31416.501953125
gtm,1983,31736.390625
gtm,1984,32272.603515625
gtm,1985,32049.03515625
gtm,1986,33896.79296875
gtm,1987,33490.5859375
gtm,1988,35272.01953125
gtm,1989,36899.03125
gtm,1990,39083.546875
gtm,1991,41687.6640625
gtm,1992,42648.38671875
gtm,1993,45407.39453125
gtm,1994,48361.16796875
gtm,1995,51742.921875
gtm,1996,53874.609375
gtm,1997,56780.93359375
gtm,1998,59941.24609375
gtm,1999,62430.71875
gtm,2000,65372.93359375
gtm,2001,68365.1171875
gtm,2002,71982.1484375
gtm,2003,74372.4609375
gtm,2004,77247.640625
gtm,2005,81971.390625
gtm,2006,86954.4921875
gtm,2007,93831.4375
gtm,2008,99150.7890625
gtm,2009,104172.328125
gtm,2010,109642.84375
gtm,2011,118034.5078125
gtm,2012,123455.8984375
gtm,2013,127767.28125
gtm,2014,137463.9375
gtm,2015,148089.5
gtm,2016,157739.046875
gtm,2017,169313.796875
gtm,2018,169438.890625
gtm,2019,179550.03125
gtm,2020,181935.9375
gtm,2021,199964.28125
gtm,2022,203595.25
gtm,2023,216125.34375
guy,1970,2699.90014648438
guy,1971,2769.8642578125
guy,1972,2710.74682617188
guy,1973,2760.76904296875
guy,1974,2970.26147460938
guy,1975,3333.76000976563
guy,1976,3422.82250976563
guy,1977,3306.6591796875
guy,1978,3225.25122070313
guy,1979,3204.48071289063
guy,1980,3290.08935546875
guy,1981,3343.18676757813
guy,1982,2893.74731445313
guy,1983,2704.11694335938
guy,1984,2564.11352539063
guy,1985,2634.7939453125
guy,1986,2652.59326171875
guy,1987,2636.0400390625
guy,1988,2522.31884765625
guy,1989,2368.36889648438
guy,1990,2301.77319335938
guy,1991,2436.63403320313
guy,1992,2635.65478515625
guy,1993,2848.93041992188
guy,1994,3075.70678710938
guy,1995,3217.06127929688
guy,1996,3456.93432617188
guy,1997,3672.599609375
guy,1998,3601.41650390625
guy,1999,3738.63647460938
guy,2000,3714.36865234375
guy,2001,4108.1435546875
guy,2002,4538.609375
guy,2003,4915.193359375
guy,2004,5487.17236328125
guy,2005,5923.61474609375
guy,2006,6684.57421875
guy,2007,7156.3046875
guy,2008,7327.1806640625
guy,2009,7600.90673828125
guy,2010,7907.54052734375
guy,2011,8373.90625
guy,2012,8768.0556640625
guy,2013,9005.7568359375
guy,2014,8858.7158203125
guy,2015,9360.8828125
guy,2016,9484.4794921875
guy,2017,9837.0478515625
guy,2018,10114.18359375
guy,2019,11340.0361328125
guy,2020,13398.064453125
guy,2021,18009.189453125
guy,2022,29148.70703125
guy,2023,38303.07421875
hkg,1960,14420.6875
hkg,1961,15260.9326171875
hkg,1962,17455.84765625
hkg,1963,20427.119140625
hkg,1964,22221.10546875
hkg,1965,25924.806640625
hkg,1966,27116.880859375
hkg,1967,28688.978515625
hkg,1968,30633.123046875
hkg,1969,34137.1953125
hkg,1970,37221.6875
hkg,1971,41065.2890625
hkg,1972,45924.75390625
hkg,1973,50691.453125
hkg,1974,49483.2109375
hkg,1975,51505.00390625
hkg,1976,60312.8515625
hkg,1977,67475.328125
hkg,1978,73553.7265625
hkg,1979,81887.90625
hkg,1980,92121.046875
hkg,1981,96672.9609375
hkg,1982,100674.78125
hkg,1983,105056.546875
hkg,1984,116420.46875
hkg,1985,121110.6015625
hkg,1986,130233.03125
hkg,1987,149227.921875
hkg,1988,160123.359375
hkg,1989,167957.46875
hkg,1990,175510.390625
hkg,1991,188101.546875
hkg,1992,203102.25
hkg,1993,219040.984375
hkg,1994,230290.84375
hkg,1995,233694.109375
hkg,1996,251599.25
hkg,1997,269509.5
hkg,1998,258632.375
hkg,1999,262016.328125
hkg,2000,285538.03125
hkg,2001,292868.21875
hkg,2002,307781.875
hkg,2003,315613.625
hkg,2004,335018.40625
hkg,2005,366103.5
hkg,2006,378973.90625
hkg,2007,403013.21875
hkg,2008,407271.71875
hkg,2009,395726.15625
hkg,2010,414092.96875
hkg,2011,431886.28125
hkg,2012,441304.34375
hkg,2013,438627.40625
hkg,2014,440480.5625
hkg,2015,446923.09375
hkg,2016,450007.28125
hkg,2017,469038.9375
hkg,2018,474083.46875
hkg,2019,470408.34375
hkg,2020,436684.78125
hkg,2021,462727.125
hkg,2022,444591.875
hkg,2023,453665.9375
hnd,1950,3700.78442382813
hnd,1951,3820.98315429688
hnd,1952,3891.65771484375
hnd,1953,4212.0390625
hnd,1954,3924.208984375
hnd,1955,3950.5673828125
hnd,1956,4450.08056640625
hnd,1957,4453.04296875
hnd,1958,4645.66796875
hnd,1959,4753.65869140625
hnd,1960,4753.8134765625
hnd,1961,5019.49853515625
hnd,1962,5313.76806640625
hnd,1963,5470.23583984375
hnd,1964,5865.24755859375
hnd,1965,6327.60546875
hnd,1966,6493.93896484375
hnd,1967,6791.107421875
hnd,1968,7300.54150390625
hnd,1969,7246.3017578125
hnd,1970,7340.779296875
hnd,1971,7405.0361328125
hnd,1972,7888.470703125
hnd,1973,8477.40625
hnd,1974,8090.08349609375
hnd,1975,8255.0224609375
hnd,1976,9849.5751953125
hnd,1977,11423.2978515625
hnd,1978,12137.3466796875
hnd,1979,12242.3525390625
hnd,1980,12570.8310546875
hnd,1981,12495.0546875
hnd,1982,12615.6708984375
hnd,1983,12359.484375
hnd,1984,13073.5263671875
hnd,1985,13554.1962890625
hnd,1986,14491.517578125
hnd,1987,15132.5615234375
hnd,1988,16221.228515625
hnd,1989,16764.29296875
hnd,1990,16945.30859375
hnd,1991,17874.755859375
hnd,1992,18687.728515625
hnd,1993,19364.212890625
hnd,1994,19573.220703125
hnd,1995,21055.248046875
hnd,1996,21669.7421875
hnd,1997,22467.9609375
hnd,1998,23086.048828125
hnd,1999,22249.115234375
hnd,2000,23856.8828125
hnd,2001,24680.7890625
hnd,2002,25693.787109375
hnd,2003,26690.4296875
hnd,2004,28071.962890625
hnd,2005,30244.1484375
hnd,2006,32053.240234375
hnd,2007,33812.7890625
hnd,2008,34618.78125
hnd,2009,35130.27734375
hnd,2010,37107.84765625
hnd,2011,39545.0703125
hnd,2012,42029.87109375
hnd,2013,41520.01953125
hnd,2014,44839.171875
hnd,2015,49069.5390625
hnd,2016,52623.64453125
hnd,2017,55022.2890625
hnd,2018,55952.75390625
hnd,2019,58523.0546875
hnd,2020,54576.45703125
hnd,2021,61486.83203125
hnd,2022,63431.59765625
hnd,2023,65419.9296875
hrv,1990,68249.0703125
hrv,1991,53666.01171875
hrv,1992,47877.61328125
hrv,1993,43700.5703125
hrv,1994,47134.31640625
hrv,1995,50526.23046875
hrv,1996,52834.3203125
hrv,1997,57286.00390625
hrv,1998,60664.546875
hrv,1999,61394.9609375
hrv,2000,64677.0
hrv,2001,68534.203125
hrv,2002,75261.296875
hrv,2003,82566.8046875
hrv,2004,86960.9375
hrv,2005,90341.9140625
hrv,2006,95719.0859375
hrv,2007,106249.3515625
hrv,2008,111882.9375
hrv,2009,107681.703125
hrv,2010,104879.453125
hrv,2011,109021.40625
hrv,2012,108757.3828125
hrv,2013,106154.2734375
hrv,2014,105312.625
hrv,2015,110771.21875
hrv,2016,114984.0546875
hrv,2017,121617.375
hrv,2018,124441.21875
hrv,2019,134866.5625
hrv,2020,121087.671875
hrv,2021,135753.890625
hrv,2022,141933.8125
hrv,2023,149229.765625
hti,1960,5711.6875
hti,1961,5153.76123046875
hti,1962,5715.90478515625
hti,1963,5677.62109375
hti,1964,5608.0390625
hti,1965,5565.1435546875
hti,1966,5518.8828125
hti,1967,5495.1962890625
hti,1968,5717.43603515625
hti,1969,6005.35693359375
hti,1970,6750.47802734375
hti,1971,6907.3896484375
hti,1972,7164.6005859375
hti,1973,7922.0712890625
hti,1974,8917.015625
hti,1975,9196.8017578125
hti,1976,10657.9189453125
hti,1977,10905.0263671875
hti,1978,11239.4599609375
hti,1979,12358.7861328125
hti,1980,12995.310546875
hti,1981,12235.3857421875
hti,1982,12098.3818359375
hti,1983,12500.2197265625
hti,1984,13061.544921875
hti,1985,13861.3271484375
hti,1986,13676.0166015625
hti,1987,13538.859375
hti,1988,13324.3662109375
hti,1989,12712.302734375
hti,1990,13033.912109375
hti,1991,13786.09765625
hti,1992,13601.84375
hti,1993,11972.962890625
hti,1994,10933.7470703125
hti,1995,16189.603515625
hti,1996,19448.34765625
hti,1997,20579.37890625
hti,1998,21448.34765625
hti,1999,24816.013671875
hti,2000,28837.435546875
hti,2001,28309.115234375
hti,2002,28324.72265625
hti,2003,27815.57421875
hti,2004,27803.060546875
hti,2005,29418.38671875
hti,2006,28564.45703125
hti,2007,30699.6328125
hti,2008,31286.447265625
hti,2009,33781.26953125
hti,2010,32262.2578125
hti,2011,32736.8359375
hti,2012,33677.16796875
hti,2013,34794.12109375
hti,2014,35553.38671875
hti,2015,37924.14453125
hti,2016,37667.23046875
hti,2017,35306.4296875
hti,2018,34486.51171875
hti,2019,34589.91015625
hti,2020,36223.90625
hti,2021,34624.89453125
hti,2022,35098.84375
hti,2023,34931.21875
hun,1970,64852.75
hun,1971,68629.8359375
hun,1972,72419.8359375
hun,1973,76346.8515625
hun,1974,77366.1875
hun,1975,79645.3828125
hun,1976,88254.25
hun,1977,98230.90625
hun,1978,108112.796875
hun,1979,118580.2265625
hun,1980,130185.09375
hun,1981,133019.34375
hun,1982,134731.921875
hun,1983,132888.671875
hun,1984,133486.421875
hun,1985,131692.4375
hun,1986,135048.4375
hun,1987,144004.796875
hun,1988,147971.703125
hun,1989,152917.125
hun,1990,151486.75
hun,1991,135511.03125
hun,1992,137818.03125
hun,1993,144247.40625
hun,1994,151907.15625
hun,1995,157329.625
hun,1996,160470.96875
hun,1997,166048.046875
hun,1998,169994.171875
hun,1999,176011.625
hun,2000,184081.375
hun,2001,204477.84375
hun,2002,216327.53125
hun,2003,217548.015625
hun,2004,222656.421875
hun,2005,229466.734375
hun,2006,238922.203125
hun,2007,246566.609375
hun,2008,258500.296875
hun,2009,260442.0625
hun,2010,270704.59375
hun,2011,278409.28125
hun,2012,276750.9375
hun,2013,278364.09375
hun,2014,286838.25
hun,2015,301623.03125
hun,2016,307101.75
hun,2017,322114.78125
hun,2018,337200.21875
hun,2019,362999.75
hun,2020,351155.3125
hun,2021,368994.8125
hun,2022,368215.15625
hun,2023,382966.5
idn,1960,110883.0390625
idn,1961,112798.09375
idn,1962,123300.5546875
idn,1963,119249.8671875
idn,1964,119722.9375
idn,1965,118685.6171875
idn,1966,112846.3515625
idn,1967,119258.5390625
idn,1968,129907.8671875
idn,1969,127170.796875
idn,1970,140715.03125
idn,1971,150204.90625
idn,1972,165124.171875
idn,1973,189107.5625
idn,1974,226184.078125
idn,1975,231277.5625
idn,1976,247988.71875
idn,1977,276657.125
idn,1978,296920.875
idn,1979,350701.3125
idn,1980,408764.6875
idn,1981,444883.09375
idn,1982,454263.125
idn,1983,486288.8125
idn,1984,518120.09375
idn,1985,534149.625
idn,1986,536841.875
idn,1987,561687.5625
idn,1988,585686.625
idn,1989,642960.5625
idn,1990,717252.9375
idn,1991,778047.1875
idn,1992,842387.6875
idn,1993,900038.75
idn,1994,960166.9375
idn,1995,1037734.9375
idn,1996,1124283.0
idn,1997,1159428.375
idn,1998,1062507.0
idn,1999,1014497.75
idn,2000,976918.6875
idn,2001,998265.875
idn,2002,991692.625
idn,2003,991088.3125
idn,2004,1072602.125
idn,2005,1178343.0
idn,2006,1301521.125
idn,2007,1446406.75
idn,2008,1688946.5
idn,2009,1883542.0
idn,2010,2221506.5
idn,2011,2688648.5
idn,2012,2845494.5
idn,2013,2852153.5
idn,2014,2913838.0
idn,2015,2924562.75
idn,2016,2971444.5
idn,2017,3074798.0
idn,2018,3229656.75
idn,2019,3387628.0
idn,2020,3269757.25
idn,2021,3455689.75
idn,2022,3832242.0
idn,2023,3905290.0
ind,1950,393644.625
ind,1951,409740.59375
ind,1952,423052.3125
ind,1953,446852.90625
ind,1954,465021.8125
ind,1955,472712.96875
ind,1956,488521.03125
ind,1957,486988.4375
ind,1958,525657.5
ind,1959,535864.375
ind,1960,574658.625
ind,1961,595553.5
ind,1962,619297.4375
ind,1963,661113.75
ind,1964,708108.125
ind,1965,696686.125
ind,1966,695140.3125
ind,1967,751037.8125
ind,1968,789172.875
ind,1969,874765.6875
ind,1970,889858.5625
ind,1971,926420.9375
ind,1972,960969.1875
ind,1973,1007680.3125
ind,1974,998178.5
ind,1975,1099510.0
ind,1976,1089375.875
ind,1977,1087257.0
ind,1978,1057226.125
ind,1979,980192.4375
ind,1980,1000383.8125
ind,1981,1000921.1875
ind,1982,990501.75
ind,1983,1022367.5625
ind,1984,1017761.5625
ind,1985,1033164.6875
ind,1986,1082218.625
ind,1987,1140101.375
ind,1988,1231257.75
ind,1989,1317684.875
ind,1990,1399092.625
ind,1991,1452710.25
ind,1992,1525654.25
ind,1993,1619344.25
ind,1994,1704032.375
ind,1995,1835983.875
ind,1996,1979859.125
ind,1997,2066875.625
ind,1998,2227502.75
ind,1999,2381739.5
ind,2000,2513928.25
ind,2001,2671015.5
ind,2002,2826687.0
ind,2003,3066628.25
ind,2004,3338811.5
ind,2005,3800182.25
ind,2006,4196429.5
ind,2007,4696158.5
ind,2008,4859412.0
ind,2009,5335113.0
ind,2010,6103175.0
ind,2011,6596686.0
ind,2012,7057277.5
ind,2013,7195246.5
ind,2014,7474045.0
ind,2015,7918127.0
ind,2016,8449551.0
ind,2017,8875618.0
ind,2018,9607458.0
ind,2019,10236558.0
ind,2020,9931595.0
ind,2021,11222509.0
ind,2022,11918457.0
ind,2023,12515514.0
irl,1950,18328.962890625
irl,1951,17861.330078125
irl,1952,19218.041015625
irl,1953,20247.810546875
irl,1954,20427.572265625
irl,1955,20652.16015625
irl,1956,20240.142578125
irl,1957,20144.201171875
irl,1958,20198.80078125
irl,1959,21170.275390625
irl,1960,22223.296875
irl,1961,23299.787109375
irl,1962,23972.275390625
irl,1963,25027.39453125
irl,1964,26160.193359375
irl,1965,26544.78125
irl,1966,27284.244140625
irl,1967,29185.60546875
irl,1968,31256.763671875
irl,1969,32955.40625
irl,1970,33451.20703125
irl,1971,34933.45703125
irl,1972,38182.74609375
irl,1973,40907.953125
irl,1974,39226.08984375
irl,1975,40951.6640625
irl,1976,43083.8359375
irl,1977,47006.375
irl,1978,51845.26171875
irl,1979,53727.45703125
irl,1980,55048.203125
irl,1981,55753.76953125
irl,1982,57333.14453125
irl,1983,57187.90625
irl,1984,58158.390625
irl,1985,59117.578125
irl,1986,60893.609375
irl,1987,63435.25390625
irl,1988,66949.7578125
irl,1989,72489.875
irl,1990,77589.3359375
irl,1991,78810.703125
irl,1992,81530.21875
irl,1993,85989.4921875
irl,1994,91393.953125
irl,1995,102669.8203125
irl,1996,110562.515625
irl,1997,124049.6484375
irl,1998,139288.8125
irl,1999,150666.890625
irl,2000,165821.546875
irl,2001,175824.21875
irl,2002,189078.8125
irl,2003,193278.140625
irl,2004,202519.34375
irl,2005,218464.265625
irl,2006,237159.375
irl,2007,262029.40625
irl,2008,246847.28125
irl,2009,235011.8125
irl,2010,243573.234375
irl,2011,255618.703125
irl,2012,266639.71875
irl,2013,265396.40625
irl,2014,287631.0
irl,2015,403838.59375
irl,2016,426103.5625
irl,2017,463214.9375
irl,2018,477651.78125
irl,2019,556779.4375
irl,2020,571696.8125
irl,2021,604498.5625
irl,2022,660285.6875
irl,2023,605070.625
irn,1955,43378.88671875
irn,1956,45611.3125
irn,1957,50721.83203125
irn,1958,56328.41015625
irn,1959,63226.7734375
irn,1960,63768.21484375
irn,1961,65622.2109375
irn,1962,68341.6640625
irn,1963,70607.0859375
irn,1964,72116.40625
irn,1965,80389.3828125
irn,1966,87180.2109375
irn,1967,96008.9375
irn,1968,105294.8984375
irn,1969,110305.8203125
irn,1970,122009.578125
irn,1971,141606.40625
irn,1972,160145.984375
irn,1973,194950.921875
irn,1974,289426.03125
irn,1975,299288.875
irn,1976,314055.75
irn,1977,290024.84375
irn,1978,250127.703125
irn,1979,242432.515625
irn,1980,173878.546875
irn,1981,161513.484375
irn,1982,182601.8125
irn,1983,185200.921875
irn,1984,170368.375
irn,1985,172030.734375
irn,1986,157280.328125
irn,1987,164687.734375
irn,1988,154306.75
irn,1989,167737.625
irn,1990,201052.078125
irn,1991,234880.640625
irn,1992,257071.515625
irn,1993,315480.8125
irn,1994,340062.0
irn,1995,351328.5625
irn,1996,419776.09375
irn,1997,444059.40625
irn,1998,451590.65625
irn,1999,520257.71875
irn,2000,583682.5
irn,2001,662500.125
irn,2002,775501.1875
irn,2003,867251.5
irn,2004,1001163.8125
irn,2005,1235557.375
irn,2006,1329136.625
irn,2007,1507286.625
irn,2008,1528437.75
irn,2009,1538097.875
irn,2010,1696913.75
irn,2011,1834264.625
irn,2012,1610720.5
irn,2013,1526777.75
irn,2014,1471490.75
irn,2015,1299782.75
irn,2016,1422612.0
irn,2017,1454563.625
irn,2018,1329972.625
irn,2019,1350120.375
irn,2020,1651120.125
irn,2021,1322392.25
irn,2022,1390577.25
irn,2023,1339909.375
irq,1970,52093.71484375
irq,1971,55832.15234375
irq,1972,54152.81640625
irq,1973,65039.32421875
irq,1974,72466.2578125
irq,1975,82855.2890625
irq,1976,98407.234375
irq,1977,99257.953125
irq,1978,117033.734375
irq,1979,148116.328125
irq,1980,150530.03125
irq,1981,124932.515625
irq,1982,122460.125
irq,1983,109280.953125
irq,1984,109398.671875
irq,1985,110225.359375
irq,1986,118418.71875
irq,1987,141613.625
irq,1988,145998.921875
irq,1989,132162.046875
irq,1990,130895.6015625
irq,1991,44182.76171875
irq,1992,55425.984375
irq,1993,82319.0
irq,1994,77867.859375
irq,1995,63609.76953125
irq,1996,95151.15625
irq,1997,115739.515625
irq,1998,155279.6875
irq,1999,180104.875
irq,2000,185861.09375
irq,2001,191765.53125
irq,2002,181396.34375
irq,2003,119723.9375
irq,2004,189767.578125
irq,2005,195170.046875
irq,2006,221643.359375
irq,2007,252291.140625
irq,2008,300655.84375
irq,2009,352171.8125
irq,2010,424326.625
irq,2011,528893.3125
irq,2012,609294.125
irq,2013,616077.0625
irq,2014,556215.3125
irq,2015,398999.3125
irq,2016,386853.59375
irq,2017,465267.03125
irq,2018,536104.3125
irq,2019,548788.875
irq,2020,496660.0
irq,2021,577833.8125
irq,2022,626558.8125
irq,2023,602547.0625
isl,1950,1389.00695800781
isl,1951,1343.92163085938
isl,1952,1347.29870605469
isl,1953,1567.55554199219
isl,1954,1733.04809570313
isl,1955,1993.83972167969
isl,1956,1987.806640625
isl,1957,2010.91027832031
isl,1958,2213.99145507813
isl,1959,2321.37158203125
isl,1960,2276.08764648438
isl,1961,2429.30126953125
isl,1962,2505.4521484375
isl,1963,2805.17114257813
isl,1964,3226.86254882813
isl,1965,3594.63696289063
isl,1966,3865.11865234375
isl,1967,3804.29663085938
isl,1968,3472.18798828125
isl,1969,3572.31689453125
isl,1970,3907.408203125
isl,1971,4767.62109375
isl,1972,4767.818359375
isl,1973,5452.15673828125
isl,1974,5901.88134765625
isl,1975,5704.93212890625
isl,1976,5809.349609375
isl,1977,6686.76025390625
isl,1978,6958.3662109375
isl,1979,7066.37451171875
isl,1980,7497.18603515625
isl,1981,7893.39013671875
isl,1982,8214.93359375
isl,1983,7321.78662109375
isl,1984,8015.66552734375
isl,1985,7999.80029296875
isl,1986,8499.021484375
isl,1987,9543.3740234375
isl,1988,9750.328125
isl,1989,9393.4521484375
isl,1990,9308.119140625
isl,1991,9574.3125
isl,1992,9162.7529296875
isl,1993,9211.34375
isl,1994,9402.0556640625
isl,1995,9505.712890625
isl,1996,9785.4462890625
isl,1997,10792.1845703125
isl,1998,11859.884765625
isl,1999,12494.8955078125
isl,2000,12777.7353515625
isl,2001,13197.4931640625
isl,2002,13171.6298828125
isl,2003,12922.4775390625
isl,2004,14219.5478515625
isl,2005,15263.1064453125
isl,2006,15874.064453125
isl,2007,16290.8701171875
isl,2008,16715.16015625
isl,2009,15878.79296875
isl,2010,15171.7021484375
isl,2011,15766.7822265625
isl,2012,16095.9013671875
isl,2013,16196.4091796875
isl,2014,16694.75
isl,2015,18059.03125
isl,2016,19156.072265625
isl,2017,20463.158203125
isl,2018,21528.1328125
isl,2019,22925.478515625
isl,2020,21554.841796875
isl,2021,23431.103515625
isl,2022,26116.572265625
isl,2023,26527.125
isr,1950,8424.291015625
isr,1951,10856.25
isr,1952,9984.365234375
isr,1953,9960.7568359375
isr,1954,11632.1650390625
isr,1955,12906.4931640625
isr,1956,14351.2822265625
isr,1957,15477.890625
isr,1958,16994.828125
isr,1959,18960.56640625
isr,1960,20210.83984375
isr,1961,23007.322265625
isr,1962,24076.349609375
isr,1963,26777.146484375
isr,1964,29435.517578125
isr,1965,30078.248046875
isr,1966,33322.8984375
isr,1967,32708.26953125
isr,1968,34214.09375
isr,1969,39506.96875
isr,1970,44234.671875
isr,1971,49478.1796875
isr,1972,55055.01953125
isr,1973,59538.578125
isr,1974,63085.30859375
isr,1975,65230.44140625
isr,1976,65674.65625
isr,1977,66038.296875
isr,1978,67754.7109375
isr,1979,70347.859375
isr,1980,71647.6015625
isr,1981,76558.3203125
isr,1982,80410.78125
isr,1983,84950.9609375
isr,1984,84716.6171875
isr,1985,87116.890625
isr,1986,93007.2109375
isr,1987,100565.640625
isr,1988,105942.0625
isr,1989,105023.1484375
isr,1990,113916.1796875
isr,1991,127182.7734375
isr,1992,138585.25
isr,1993,145697.765625
isr,1994,156701.15625
isr,1995,172716.625
isr,1996,185747.078125
isr,1997,195454.0625
isr,1998,204744.921875
isr,1999,215463.875
isr,2000,237737.640625
isr,2001,243597.34375
isr,2002,247860.578125
isr,2003,238737.265625
isr,2004,237485.203125
isr,2005,241320.40625
isr,2006,246287.15625
isr,2007,252245.0625
isr,2008,253187.703125
isr,2009,263545.75
isr,2010,279844.5625
isr,2011,296605.46875
isr,2012,311279.25
isr,2013,322665.09375
isr,2014,326399.5625
isr,2015,336701.3125
isr,2016,361864.1875
isr,2017,374309.09375
isr,2018,373886.75
isr,2019,387196.6875
isr,2020,382537.59375
isr,2021,423735.1875
isr,2022,453885.65625
isr,2023,455932.53125
ita,1950,243320.9375
ita,1951,264007.1875
ita,1952,273571.125
ita,1953,295546.5625
ita,1954,309194.84375
ita,1955,329210.9375
ita,1956,342090.71875
ita,1957,358827.25
ita,1958,378335.71875
ita,1959,403133.59375
ita,1960,431299.96875
ita,1961,469186.78125
ita,1962,495984.84375
ita,1963,521535.40625
ita,1964,535424.875
ita,1965,551269.125
ita,1966,583251.0
ita,1967,627416.0625
ita,1968,668676.8125
ita,1969,711192.0
ita,1970,809486.4375
ita,1971,831543.125
ita,1972,870494.0625
ita,1973,918939.625
ita,1974,968173.875
ita,1975,981678.0625
ita,1976,1056863.25
ita,1977,1120159.125
ita,1978,1200082.875
ita,1979,1300776.375
ita,1980,1380840.125
ita,1981,1356275.5
ita,1982,1351627.875
ita,1983,1345728.375
ita,1984,1347759.125
ita,1985,1365116.75
ita,1986,1449564.875
ita,1987,1514935.25
ita,1988,1591566.25
ita,1989,1664801.0
ita,1990,1737922.0
ita,1991,1799003.0
ita,1992,1838195.375
ita,1993,1814558.875
ita,1994,1873718.0
ita,1995,1952755.375
ita,1996,1968232.625
ita,1997,2049378.0
ita,1998,2158189.75
ita,1999,2211991.5
ita,2000,2288452.75
ita,2001,2363600.25
ita,2002,2298318.75
ita,2003,2275299.5
ita,2004,2284857.75
ita,2005,2322838.5
ita,2006,2411189.25
ita,2007,2539164.0
ita,2008,2611084.75
ita,2009,2543941.25
ita,2010,2557268.25
ita,2011,2649679.0
ita,2012,2579330.0
ita,2013,2484085.5
ita,2014,2460250.0
ita,2015,2511019.0
ita,2016,2640283.5
ita,2017,2701963.25
ita,2018,2709940.5
ita,2019,2835247.25
ita,2020,2619078.5
ita,2021,2879634.5
ita,2022,2958696.25
ita,2023,3023698.5
jam,1953,5471.9541015625
jam,1954,6158.1552734375
jam,1955,6667.7158203125
jam,1956,7201.5556640625
jam,1957,8327.1181640625
jam,1958,8435.3017578125
jam,1959,8666.1796875
jam,1960,9249.2822265625
jam,1961,9669.17578125
jam,1962,9596.7294921875
jam,1963,10689.2626953125
jam,1964,10946.470703125
jam,1965,11114.4091796875
jam,1966,11685.20703125
jam,1967,11774.974609375
jam,1968,11638.779296875
jam,1969,12108.4697265625
jam,1970,13892.287109375
jam,1971,14324.65625
jam,1972,15743.0986328125
jam,1973,15858.4755859375
jam,1974,15522.068359375
jam,1975,15963.2939453125
jam,1976,14907.484375
jam,1977,14357.677734375
jam,1978,13953.6767578125
jam,1979,12461.0576171875
jam,1980,11217.40625
jam,1981,10625.7705078125
jam,1982,10658.7138671875
jam,1983,10973.4951171875
jam,1984,11241.28515625
jam,1985,10497.4599609375
jam,1986,11377.224609375
jam,1987,12250.9033203125
jam,1988,12839.208984375
jam,1989,12901.3935546875
jam,1990,13607.0
jam,1991,13710.142578125
jam,1992,14778.9423828125
jam,1993,15259.244140625
jam,1994,15324.974609375
jam,1995,15544.73046875
jam,1996,15865.248046875
jam,1997,16175.48046875
jam,1998,16471.857421875
jam,1999,16909.482421875
jam,2000,17321.884765625
jam,2001,17913.896484375
jam,2002,18497.890625
jam,2003,19674.017578125
jam,2004,20327.548828125
jam,2005,21563.712890625
jam,2006,22657.1328125
jam,2007,23776.517578125
jam,2008,23345.310546875
jam,2009,23378.990234375
jam,2010,23952.458984375
jam,2011,24927.455078125
jam,2012,25435.056640625
jam,2013,25185.119140625
jam,2014,25222.783203125
jam,2015,26197.408203125
jam,2016,27289.408203125
jam,2017,28090.107421875
jam,2018,28163.275390625
jam,2019,28302.99609375
jam,2020,25194.16015625
jam,2021,26414.9296875
jam,2022,27464.27734375
jam,2023,28715.0703125
jor,1954,1959.73291015625
jor,1955,1656.54870605469
jor,1956,2305.55249023438
jor,1957,2416.51416015625
jor,1958,2765.27001953125
jor,1959,3171.28564453125
jor,1960,3540.89404296875
jor,1961,4085.28564453125
jor,1962,4296.1103515625
jor,1963,4455.4072265625
jor,1964,5244.22265625
jor,1965,5862.08935546875
jor,1966,5981.7802734375
jor,1967,7053.04248046875
jor,1968,7785.46240234375
jor,1969,7822.4482421875
jor,1970,6846.123046875
jor,1971,7015.96142578125
jor,1972,7495.87841796875
jor,1973,7066.4716796875
jor,1974,7379.09814453125
jor,1975,7085.86572265625
jor,1976,8346.724609375
jor,1977,8885.0302734375
jor,1978,10174.3681640625
jor,1979,11399.970703125
jor,1980,13222.0126953125
jor,1981,16129.7412109375
jor,1982,16076.35546875
jor,1983,15836.0869140625
jor,1984,16703.947265625
jor,1985,16045.6005859375
jor,1986,18717.400390625
jor,1987,20744.390625
jor,1988,18890.427734375
jor,1989,14865.6005859375
jor,1990,13608.8857421875
jor,1991,14096.4873046875
jor,1992,15690.5546875
jor,1993,16266.4677734375
jor,1994,17625.650390625
jor,1995,18331.84765625
jor,1996,17987.744140625
jor,1997,18996.759765625
jor,1998,20032.673828125
jor,1999,21052.87109375
jor,2000,21736.046875
jor,2001,23560.947265625
jor,2002,25881.46484375
jor,2003,28221.87890625
jor,2004,31539.94921875
jor,2005,35914.6484375
jor,2006,41114.49609375
jor,2007,46711.69921875
jor,2008,56544.26171875
jor,2009,66177.953125
jor,2010,75060.4765625
jor,2011,85663.671875
jor,2012,87523.140625
jor,2013,87851.640625
jor,2014,89008.8671875
jor,2015,93814.7265625
jor,2016,95273.0078125
jor,2017,101137.8359375
jor,2018,99571.03125
jor,2019,104714.578125
jor,2020,106705.0625
jor,2021,102629.328125
jor,2022,97481.703125
jor,2023,102229.765625
jpn,1950,266501.59375
jpn,1951,299083.375
jpn,1952,329536.96875
jpn,1953,347019.4375
jpn,1954,368143.46875
jpn,1955,398665.375
jpn,1956,424555.96875
jpn,1957,452856.96875
jpn,1958,494545.90625
jpn,1959,541911.8125
jpn,1960,613383.5
jpn,1961,680302.6875
jpn,1962,745375.625
jpn,1963,807735.875
jpn,1964,900010.625
jpn,1965,960104.0
jpn,1966,1059155.375
jpn,1967,1172918.125
jpn,1968,1321796.5
jpn,1969,1482665.375
jpn,1970,1640100.375
jpn,1971,1753854.25
jpn,1972,1917555.875
jpn,1973,2066824.75
jpn,1974,2037056.25
jpn,1975,2127924.75
jpn,1976,2252198.25
jpn,1977,2400579.25
jpn,1978,2595166.0
jpn,1979,2735799.25
jpn,1980,2827011.0
jpn,1981,2825360.0
jpn,1982,2778018.0
jpn,1983,2719409.5
jpn,1984,2721963.75
jpn,1985,2782447.25
jpn,1986,2975724.0
jpn,1987,3164913.25
jpn,1988,3481937.75
jpn,1989,3759326.5
jpn,1990,4025589.75
jpn,1991,4285030.5
jpn,1992,4437727.5
jpn,1993,4553439.5
jpn,1994,4595705.5
jpn,1995,4830888.0
jpn,1996,5093021.5
jpn,1997,5093723.0
jpn,1998,4997298.5
jpn,1999,4957417.0
jpn,2000,5121728.5
jpn,2001,5183243.5
jpn,2002,5217718.0
jpn,2003,5293561.5
jpn,2004,5397891.0
jpn,2005,5558217.5
jpn,2006,5595205.5
jpn,2007,5678232.0
jpn,2008,5602160.5
jpn,2009,5337883.5
jpn,2010,5540081.5
jpn,2011,5515337.5
jpn,2012,5562561.5
jpn,2013,5558376.0
jpn,2014,5453472.0
jpn,2015,5586364.5
jpn,2016,5491672.0
jpn,2017,5506846.0
jpn,2018,5480840.5
jpn,2019,5463304.5
jpn,2020,5296917.0
jpn,2021,5337506.5
jpn,2022,5270012.5
jpn,2023,5376589.5
kaz,1990,214170.9375
kaz,1991,212517.453125
kaz,1992,224835.375
kaz,1993,161347.578125
kaz,1994,127795.21875
kaz,1995,110614.6640625
kaz,1996,108890.734375
kaz,1997,102637.5546875
kaz,1998,94167.96875
kaz,1999,94348.546875
kaz,2000,109031.6015625
kaz,2001,117400.875
kaz,2002,126104.3046875
kaz,2003,142327.265625
kaz,2004,162050.953125
kaz,2005,190994.296875
kaz,2006,231517.03125
kaz,2007,265247.03125
kaz,2008,307901.0625
kaz,2009,295044.84375
kaz,2010,356191.3125
kaz,2011,446496.125
kaz,2012,469753.4375
kaz,2013,495260.53125
kaz,2014,508683.5
kaz,2015,473527.5625
kaz,2016,484406.65625
kaz,2017,529220.5625
kaz,2018,530539.25
kaz,2019,609820.375
kaz,2020,602424.75
kaz,2021,649053.625
kaz,2022,703071.0
kaz,2023,707490.625
ken,1950,12462.4599609375
ken,1951,14764.3984375
ken,1952,13563.07421875
ken,1953,13100.8427734375
ken,1954,14846.1455078125
ken,1955,15865.66015625
ken,1956,16095.458984375
ken,1957,16701.478515625
ken,1958,16876.63671875
ken,1959,16653.853515625
ken,1960,18170.7578125
ken,1961,18312.287109375
ken,1962,19521.521484375
ken,1963,19946.904296875
ken,1964,21629.7890625
ken,1965,22543.037109375
ken,1966,24949.744140625
ken,1967,25943.34375
ken,1968,25804.017578125
ken,1969,27365.603515625
ken,1970,26144.310546875
ken,1971,27520.134765625
ken,1972,29760.775390625
ken,1973,31770.58203125
ken,1974,35346.77734375
ken,1975,32662.904296875
ken,1976,34195.7578125
ken,1977,40355.109375
ken,1978,41828.68359375
ken,1979,39386.76171875
ken,1980,42527.1640625
ken,1981,41907.046875
ken,1982,43236.6171875
ken,1983,45599.015625
ken,1984,49136.32421875
ken,1985,52401.71484375
ken,1986,54615.4296875
ken,1987,55893.265625
ken,1988,59139.953125
ken,1989,60739.9921875
ken,1990,62472.32421875
ken,1991,64571.40625
ken,1992,63237.6640625
ken,1993,67052.8125
ken,1994,76375.6640625
ken,1995,73523.03125
ken,1996,78236.4609375
ken,1997,79007.8359375
ken,1998,80951.953125
ken,1999,81021.6953125
ken,2000,79867.5703125
ken,2001,80724.109375
ken,2002,78990.6796875
ken,2003,82058.7265625
ken,2004,84176.578125
ken,2005,88216.5
ken,2006,97591.5078125
ken,2007,106276.0
ken,2008,111195.75
ken,2009,125426.4453125
ken,2010,134988.25
ken,2011,140784.015625
ken,2012,152333.3125
ken,2013,161424.21875
ken,2014,174271.046875
ken,2015,194769.265625
ken,2016,209552.03125
ken,2017,223435.125
ken,2018,240953.4375
ken,2019,259425.515625
ken,2020,262701.3125
ken,2021,281170.4375
ken,2022,292741.75
ken,2023,308220.6875
kgz,1990,37655.5859375
kgz,1991,37724.5234375
kgz,1992,29717.708984375
kgz,1993,25218.919921875
kgz,1994,19751.3515625
kgz,1995,15390.5263671875
kgz,1996,14474.9453125
kgz,1997,13054.861328125
kgz,1998,11046.375
kgz,1999,11345.7568359375
kgz,2000,11762.1767578125
kgz,2001,11983.04296875
kgz,2002,11500.1689453125
kgz,2003,12425.8037109375
kgz,2004,12891.2890625
kgz,2005,12698.201171875
kgz,2006,13524.4931640625
kgz,2007,15271.42578125
kgz,2008,16873.474609375
kgz,2009,17703.763671875
kgz,2010,18387.197265625
kgz,2011,22327.755859375
kgz,2012,23017.599609375
kgz,2013,24260.83984375
kgz,2014,25792.529296875
kgz,2015,26697.21484375
kgz,2016,30468.826171875
kgz,2017,34751.05859375
kgz,2018,33323.84765625
kgz,2019,37019.44140625
kgz,2020,36786.62890625
kgz,2021,39144.1875
kgz,2022,43563.6015625
kgz,2023,50697.2890625
khm,1970,11850.908203125
khm,1971,11210.669921875
khm,1972,10540.69921875
khm,1973,8479.2001953125
khm,1974,8068.34716796875
khm,1975,7940.55712890625
khm,1976,7927.26611328125
khm,1977,6775.06591796875
khm,1978,6771.52197265625
khm,1979,5914.7138671875
khm,1980,5624.83740234375
khm,1981,5620.59619140625
khm,1982,5631.61083984375
khm,1983,5901.931640625
khm,1984,6181.7587890625
khm,1985,6454.03076171875
khm,1986,6753.9892578125
khm,1987,8194.416015625
khm,1988,9192.5322265625
khm,1989,9695.5302734375
khm,1990,9931.138671875
khm,1991,10911.7802734375
khm,1992,11661.318359375
khm,1993,11167.0703125
khm,1994,11984.3349609375
khm,1995,13274.626953125
khm,1996,12823.8125
khm,1997,13704.3505859375
khm,1998,13996.8935546875
khm,1999,16131.658203125
khm,2000,17533.921875
khm,2001,19302.71875
khm,2002,21171.158203125
khm,2003,23993.494140625
khm,2004,28112.703125
khm,2005,34355.64453125
khm,2006,37520.359375
khm,2007,41547.15625
khm,2008,49751.18359375
khm,2009,49201.234375
khm,2010,51353.6796875
khm,2011,56103.828125
khm,2012,61282.93359375
khm,2013,64566.62109375
khm,2014,68163.890625
khm,2015,74047.7890625
khm,2016,79498.1875
khm,2017,84013.296875
khm,2018,92135.859375
khm,2019,100021.5078125
khm,2020,96796.0703125
khm,2021,98967.2265625
khm,2022,103482.796875
khm,2023,96062.21875
kna,1970,155.60319519043
kna,1971,171.329452514648
kna,1972,185.647125244141
kna,1973,164.627655029297
kna,1974,220.256271362305
kna,1975,234.444976806641
kna,1976,241.549575805664
kna,1977,245.179290771484
kna,1978,269.049591064453
kna,1979,295.888885498047
kna,1980,321.900238037109
kna,1981,337.353851318359
kna,1982,327.428039550781
kna,1983,330.697692871094
kna,1984,357.721893310547
kna,1985,374.487152099609
kna,1986,404.555450439453
kna,1987,433.52734375
kna,1988,436.03271484375
kna,1989,464.397094726563
kna,1990,478.409698486328
kna,1991,497.498321533203
kna,1992,517.276062011719
kna,1993,540.161682128906
kna,1994,586.859069824219
kna,1995,595.203125
kna,1996,640.777099609375
kna,1997,652.705505371094
kna,1998,673.655212402344
kna,1999,741.253967285156
kna,2000,786.613525390625
kna,2001,748.965454101563
kna,2002,834.329345703125
kna,2003,799.566650390625
kna,2004,871.85302734375
kna,2005,1050.58862304688
kna,2006,1077.95812988281
kna,2007,1109.67407226563
kna,2008,1224.88806152344
kna,2009,1217.91943359375
kna,2010,1263.1826171875
kna,2011,1336.57080078125
kna,2012,1319.84875488281
kna,2013,1334.78979492188
kna,2014,1444.45715332031
kna,2015,1454.9521484375
kna,2016,1508.68139648438
kna,2017,1568.75573730469
kna,2018,1590.82116699219
kna,2019,1665.40710449219
kna,2020,1379.28161621094
kna,2021,1321.85632324219
kna,2022,1467.76843261719
kna,2023,1490.05505371094
kor,1953,28164.689453125
kor,1954,28791.888671875
kor,1955,30851.404296875
kor,1956,31029.208984375
kor,1957,34363.59375
kor,1958,35519.609375
kor,1959,35852.6640625
kor,1960,36059.01953125
kor,1961,37885.65234375
kor,1962,38333.48828125
kor,1963,43411.55859375
kor,1964,46993.34765625
kor,1965,49388.48046875
kor,1966,55818.125
kor,1967,59265.6328125
kor,1968,66308.6953125
kor,1969,76089.9609375
kor,1970,83239.203125
kor,1971,97474.6953125
kor,1972,111243.875
kor,1973,135235.46875
kor,1974,155170.359375
kor,1975,179219.1875
kor,1976,201697.703125
kor,1977,221992.40625
kor,1978,241998.3125
kor,1979,253798.875
kor,1980,233411.296875
kor,1981,247514.46875
kor,1982,270292.40625
kor,1983,305971.125
kor,1984,337249.875
kor,1985,361437.78125
kor,1986,416909.46875
kor,1987,481742.21875
kor,1988,551468.0
kor,1989,606758.1875
kor,1990,675050.4375
kor,1991,769392.875
kor,1992,836879.25
kor,1993,918757.75
kor,1994,1028951.5
kor,1995,1146700.0
kor,1996,1259111.0
kor,1997,1241306.0
kor,1998,1134092.25
kor,1999,1236548.75
kor,2000,1322351.125
kor,2001,1383461.25
kor,2002,1512073.875
kor,2003,1572826.125
kor,2004,1666811.375
kor,2005,1771404.25
kor,2006,1824351.875
kor,2007,1924033.0
kor,2008,1948180.375
kor,2009,1936456.125
kor,2010,2044503.875
kor,2011,2039665.625
kor,2012,2079116.625
kor,2013,2020431.875
kor,2014,2086906.5
kor,2015,2228547.5
kor,2016,2316819.25
kor,2017,2387761.75
kor,2018,2486736.5
kor,2019,2528383.5
kor,2020,2571553.75
kor,2021,2691082.75
kor,2022,2686163.75
kor,2023,2701813.25
kwt,1970,28653.142578125
kwt,1971,36428.7890625
kwt,1972,38454.2890625
kwt,1973,39194.171875
kwt,1974,82090.078125
kwt,1975,70403.875
kwt,1976,75313.84375
kwt,1977,76385.9765625
kwt,1978,73439.46875
kwt,1979,104300.4453125
kwt,1980,107882.453125
kwt,1981,89749.6171875
kwt,1982,74551.921875
kwt,1983,75140.0703125
kwt,1984,76382.671875
kwt,1985,72785.2421875
kwt,1986,56449.3046875
kwt,1987,66573.9609375
kwt,1988,58679.421875
kwt,1989,67829.515625
kwt,1990,49775.9921875
kwt,1991,29189.22265625
kwt,1992,55882.09765625
kwt,1993,74170.2265625
kwt,1994,79913.8984375
kwt,1995,79699.015625
kwt,1996,81293.4921875
kwt,1997,82730.0859375
kwt,1998,86546.53125
kwt,1999,84481.484375
kwt,2000,88440.796875
kwt,2001,81854.6171875
kwt,2002,88597.9453125
kwt,2003,107723.9140625
kwt,2004,133286.6875
kwt,2005,178075.21875
kwt,2006,217654.75
kwt,2007,235822.875
kwt,2008,270277.5
kwt,2009,205586.515625
kwt,2010,232095.140625
kwt,2011,295371.25
kwt,2012,311756.03125
kwt,2013,302660.5625
kwt,2014,278932.15625
kwt,2015,201685.78125
kwt,2016,196327.859375
kwt,2017,221164.28125
kwt,2018,240380.46875
kwt,2019,241484.78125
kwt,2020,195628.109375
kwt,2021,226124.890625
kwt,2022,282297.71875
kwt,2023,238672.21875
lao,1970,2154.13305664063
lao,1971,2261.20556640625
lao,1972,2336.27587890625
lao,1973,2529.02734375
lao,1974,2635.9736328125
lao,1975,2814.90063476563
lao,1976,2891.09057617188
lao,1977,2839.880859375
lao,1978,2872.57495117188
lao,1979,2790.6865234375
lao,1980,3099.08911132813
lao,1981,3591.57373046875
lao,1982,3874.63354492188
lao,1983,4110.63916015625
lao,1984,4126.77783203125
lao,1985,4566.87548828125
lao,1986,4810.19384765625
lao,1987,4825.99755859375
lao,1988,4978.81201171875
lao,1989,5560.72314453125
lao,1990,5918.81298828125
lao,1991,6169.87744140625
lao,1992,6511.38818359375
lao,1993,6895.99072265625
lao,1994,7374.4404296875
lao,1995,7875.849609375
lao,1996,8431.857421875
lao,1997,8927.6689453125
lao,1998,9207.7392578125
lao,1999,10275.302734375
lao,2000,10262.990234375
lao,2001,12481.322265625
lao,2002,13963.2646484375
lao,2003,14395.8798828125
lao,2004,15266.865234375
lao,2005,16109.580078125
lao,2006,20312.97265625
lao,2007,22380.6484375
lao,2008,23482.8671875
lao,2009,26375.365234375
lao,2010,28110.54296875
lao,2011,33039.79296875
lao,2012,37116.49609375
lao,2013,40647.546875
lao,2014,44528.67578125
lao,2015,47228.953125
lao,2016,51569.50390625
lao,2017,54226.875
lao,2018,56095.515625
lao,2019,57602.01171875
lao,2020,58843.67578125
lao,2021,59392.3046875
lao,2022,62253.51171875
lao,2023,64033.24609375
lbn,1970,16557.439453125
lbn,1971,18015.294921875
lbn,1972,20015.23828125
lbn,1973,21280.732421875
lbn,1974,21872.427734375
lbn,1975,15162.662109375
lbn,1976,6540.7568359375
lbn,1977,11720.314453125
lbn,1978,11977.53125
lbn,1979,13605.4111328125
lbn,1980,14128.4365234375
lbn,1981,14258.4296875
lbn,1982,9185.662109375
lbn,1983,12034.7099609375
lbn,1984,17632.798828125
lbn,1985,20148.71875
lbn,1986,17967.19921875
lbn,1987,21620.19140625
lbn,1988,15808.244140625
lbn,1989,9265.1416015625
lbn,1990,12508.8759765625
lbn,1991,17453.375
lbn,1992,15018.46875
lbn,1993,16013.8046875
lbn,1994,17227.091796875
lbn,1995,18574.48828125
lbn,1996,19521.390625
lbn,1997,20292.62109375
lbn,1998,23226.177734375
lbn,1999,25395.958984375
lbn,2000,27668.287109375
lbn,2001,31284.16796875
lbn,2002,37629.01171875
lbn,2003,43034.46875
lbn,2004,51661.4453125
lbn,2005,61859.375
lbn,2006,61850.37890625
lbn,2007,67447.8203125
lbn,2008,73893.5
lbn,2009,89656.1171875
lbn,2010,95576.84375
lbn,2011,93154.0078125
lbn,2012,99510.03125
lbn,2013,105985.1484375
lbn,2014,110985.8359375
lbn,2015,120494.5703125
lbn,2016,129777.5703125
lbn,2017,133371.078125
lbn,2018,137371.53125
lbn,2019,139848.28125
lbn,2020,65670.0
lbn,2021,60529.80078125
lbn,2022,62519.38671875
lbn,2023,61627.92578125
lbr,1964,3104.03295898438
lbr,1965,3110.8154296875
lbr,1966,3414.47412109375
lbr,1967,3619.759765625
lbr,1968,3891.82446289063
lbr,1969,4392.35595703125
lbr,1970,4157.2431640625
lbr,1971,4380.22509765625
lbr,1972,4379.96630859375
lbr,1973,4714.43115234375
lbr,1974,4759.326171875
lbr,1975,4571.412109375
lbr,1976,5092.5810546875
lbr,1977,4945.41552734375
lbr,1978,5062.5771484375
lbr,1979,5044.35986328125
lbr,1980,4671.6083984375
lbr,1981,4013.625
lbr,1982,3981.8349609375
lbr,1983,3936.89794921875
lbr,1984,3712.35375976563
lbr,1985,3761.47241210938
lbr,1986,3691.88330078125
lbr,1987,3825.93505859375
lbr,1988,4067.03564453125
lbr,1989,4186.71142578125
lbr,1990,2102.83374023438
lbr,1991,1854.97290039063
lbr,1992,1170.57202148438
lbr,1993,786.677185058594
lbr,1994,613.955261230469
lbr,1995,590.066101074219
lbr,1996,572.391845703125
lbr,1997,1176.0458984375
lbr,1998,1521.99633789063
lbr,1999,1855.76440429688
lbr,2000,2910.68505859375
lbr,2001,2761.8291015625
lbr,2002,2887.47143554688
lbr,2003,2051.62084960938
lbr,2004,2230.57177734375
lbr,2005,2387.7041015625
lbr,2006,2529.52124023438
lbr,2007,3131.85546875
lbr,2008,3348.71923828125
lbr,2009,3462.17846679688
lbr,2010,3614.07153320313
lbr,2011,3836.56298828125
lbr,2012,4343.34814453125
lbr,2013,4847.33935546875
lbr,2014,5570.9453125
lbr,2015,7156.28271484375
lbr,2016,7835.68359375
lbr,2017,8583.884765625
lbr,2018,9166.0185546875
lbr,2019,9741.033203125
lbr,2020,9540.015625
lbr,2021,9204.955078125
lbr,2022,8878.9365234375
lbr,2023,8986.146484375
lca,1970,422.089904785156
lca,1971,444.072021484375
lca,1972,446.777801513672
lca,1973,456.250518798828
lca,1974,492.023254394531
lca,1975,476.90478515625
lca,1976,623.695190429688
lca,1977,700.60546875
lca,1978,796.229187011719
lca,1979,828.733093261719
lca,1980,827.598999023438
lca,1981,795.817016601563
lca,1982,833.178955078125
lca,1983,880.342651367188
lca,1984,941.950317382813
lca,1985,1027.1416015625
lca,1986,1149.66296386719
lca,1987,1201.59118652344
lca,1988,1300.30456542969
lca,1989,1314.7607421875
lca,1990,1395.21472167969
lca,1991,1377.75537109375
lca,1992,1478.94641113281
lca,1993,1514.61157226563
lca,1994,1451.24963378906
lca,1995,1551.8603515625
lca,1996,1656.83044433594
lca,1997,1661.61584472656
lca,1998,1784.7314453125
lca,1999,1834.24670410156
lca,2000,1750.41625976563
lca,2001,1603.57116699219
lca,2002,1715.13256835938
lca,2003,2026.56213378906
lca,2004,2181.0927734375
lca,2005,2273.74682617188
lca,2006,2042.58935546875
lca,2007,2171.02099609375
lca,2008,2335.9462890625
lca,2009,2368.2431640625
lca,2010,2471.70849609375
lca,2011,2685.64599609375
lca,2012,2690.62109375
lca,2013,2665.1875
lca,2014,2744.56884765625
lca,2015,2755.51318359375
lca,2016,2911.7177734375
lca,2017,3045.71069335938
lca,2018,3277.27197265625
lca,2019,3500.3447265625
lca,2020,2731.78735351563
lca,2021,3326.80029296875
lca,2022,4018.78662109375
lca,2023,4079.20922851563
lka,1950,25423.978515625
lka,1951,27333.220703125
lka,1952,24299.71484375
lka,1953,25584.83203125
lka,1954,28839.15625
lka,1955,31162.060546875
lka,1956,27852.046875
lka,1957,27997.392578125
lka,1958,29396.896484375
lka,1959,30843.294921875
lka,1960,32851.66796875
lka,1961,32527.94140625
lka,1962,34869.953125
lka,1963,33533.828125
lka,1964,34778.41015625
lka,1965,35866.21875
lka,1966,37012.22265625
lka,1967,37857.1171875
lka,1968,41379.26171875
lka,1969,43101.625
lka,1970,45273.171875
lka,1971,45441.00390625
lka,1972,46518.86328125
lka,1973,49610.97265625
lka,1974,50704.70703125
lka,1975,48874.578125
lka,1976,47067.55859375
lka,1977,46719.4921875
lka,1978,45825.32421875
lka,1979,38880.44140625
lka,1980,36837.7265625
lka,1981,41285.9296875
lka,1982,41283.33203125
lka,1983,42626.78125
lka,1984,45364.71484375
lka,1985,48839.15625
lka,1986,52082.14453125
lka,1987,54256.85546875
lka,1988,55772.8515625
lka,1989,58490.15625
lka,1990,60640.7109375
lka,1991,61312.640625
lka,1992,66848.953125
lka,1993,73063.3125
lka,1994,77658.3125
lka,1995,82190.9921875
lka,1996,87696.8671875
lka,1997,92168.6640625
lka,1998,99193.703125
lka,1999,97175.5234375
lka,2000,98710.3671875
lka,2001,99622.796875
lka,2002,105340.03125
lka,2003,113556.2421875
lka,2004,116310.09375
lka,2005,122767.5078125
lka,2006,135956.09375
lka,2007,149443.484375
lka,2008,162863.296875
lka,2009,188285.703125
lka,2010,208037.734375
lka,2011,227048.625
lka,2012,249631.15625
lka,2013,258091.875
lka,2014,266869.0
lka,2015,281642.15625
lka,2016,299494.75
lka,2017,312363.40625
lka,2018,321765.875
lka,2019,320540.4375
lka,2020,288221.6875
lka,2021,309878.71875
lka,2022,289278.6875
lka,2023,283470.78125
lso,1960,738.661437988281
lso,1961,740.085083007813
lso,1962,850.325805664063
lso,1963,941.354125976563
lso,1964,1013.8525390625
lso,1965,1027.63342285156
lso,1966,1061.41516113281
lso,1967,1172.17150878906
lso,1968,1180.80651855469
lso,1969,1195.07104492188
lso,1970,1205.78161621094
lso,1971,1074.63891601563
lso,1972,1288.60681152344
lso,1973,1575.7099609375
lso,1974,1573.02294921875
lso,1975,1546.12707519531
lso,1976,1546.53588867188
lso,1977,1866.48571777344
lso,1978,2312.29711914063
lso,1979,1923.78784179688
lso,1980,1865.86926269531
lso,1981,1905.38940429688
lso,1982,1897.40808105469
lso,1983,1795.86535644531
lso,1984,1812.75756835938
lso,1985,1900.07250976563
lso,1986,1869.93823242188
lso,1987,1997.42492675781
lso,1988,2219.52465820313
lso,1989,2358.50659179688
lso,1990,2443.76831054688
lso,1991,2427.66723632813
lso,1992,2609.93286132813
lso,1993,2841.5869140625
lso,1994,2938.9111328125
lso,1995,3014.8046875
lso,1996,3295.45092773438
lso,1997,3533.63745117188
lso,1998,3291.64038085938
lso,1999,3474.81811523438
lso,2000,3670.9541015625
lso,2001,3995.275390625
lso,2002,4039.564453125
lso,2003,4098.109375
lso,2004,4277.59375
lso,2005,4606.22216796875
lso,2006,4688.10205078125
lso,2007,5003.92529296875
lso,2008,5367.8662109375
lso,2009,4985.91162109375
lso,2010,5320.43017578125
lso,2011,5749.23193359375
lso,2012,5690.6865234375
lso,2013,5772.77587890625
lso,2014,6206.96630859375
lso,2015,6818.857421875
lso,2016,6513.59619140625
lso,2017,6056.517578125
lso,2018,6190.17138671875
lso,2019,5950.79150390625
lso,2020,5589.9169921875
lso,2021,5567.025390625
lso,2022,5593.9619140625
lso,2023,5585.55908203125
ltu,1990,55643.94921875
ltu,1991,48662.20703125
ltu,1992,41038.87890625
ltu,1993,34648.5546875
ltu,1994,33100.85546875
ltu,1995,34162.41015625
ltu,1996,35904.6015625
ltu,1997,39230.0859375
ltu,1998,41881.6796875
ltu,1999,43166.40625
ltu,2000,45925.4609375
ltu,2001,49544.4140625
ltu,2002,52993.94140625
ltu,2003,57684.62109375
ltu,2004,60060.70703125
ltu,2005,63911.88671875
ltu,2006,68227.3125
ltu,2007,76651.7578125
ltu,2008,80566.59375
ltu,2009,70837.3125
ltu,2010,75040.34375
ltu,2011,84754.0078125
ltu,2012,89473.0625
ltu,2013,90667.4453125
ltu,2014,92759.0625
ltu,2015,95108.8359375
ltu,2016,97921.96875
ltu,2017,104237.6953125
ltu,2018,109012.7890625
ltu,2019,119342.9921875
ltu,2020,119028.140625
ltu,2021,128252.8125
ltu,2022,123349.796875
ltu,2023,128480.0078125
lux,1950,4186.76904296875
lux,1951,5252.12158203125
lux,1952,5964.3994140625
lux,1953,5178.41845703125
lux,1954,5196.61083984375
lux,1955,5544.34716796875
lux,1956,6179.7451171875
lux,1957,6324.5576171875
lux,1958,6142.78564453125
lux,1959,6178.6416015625
lux,1960,7170.470703125
lux,1961,7103.51611328125
lux,1962,6892.501953125
lux,1963,7038.4306640625
lux,1964,7606.78662109375
lux,1965,7763.41259765625
lux,1966,7814.08740234375
lux,1967,7958.70849609375
lux,1968,8460.2412109375
lux,1969,9633.146484375
lux,1970,10320.54296875
lux,1971,9893.958984375
lux,1972,10555.23046875
lux,1973,11986.31640625
lux,1974,13369.6826171875
lux,1975,11164.9267578125
lux,1976,11812.478515625
lux,1977,11528.8896484375
lux,1978,12302.890625
lux,1979,12809.99609375
lux,1980,13337.4482421875
lux,1981,12896.3525390625
lux,1982,12921.515625
lux,1983,12749.486328125
lux,1984,12939.798828125
lux,1985,13083.974609375
lux,1986,14472.00390625
lux,1987,15046.4384765625
lux,1988,16744.845703125
lux,1989,18638.1875
lux,1990,19522.4453125
lux,1991,21303.51171875
lux,1992,21532.501953125
lux,1993,23313.89453125
lux,1994,24620.810546875
lux,1995,25078.119140625
lux,1996,25928.041015625
lux,1997,28069.548828125
lux,1998,29762.193359375
lux,1999,33776.0625
lux,2000,36886.875
lux,2001,36933.26171875
lux,2002,38132.09765625
lux,2003,38579.64453125
lux,2004,41596.3828125
lux,2005,41998.83984375
lux,2006,46779.7265625
lux,2007,50382.1328125
lux,2008,54491.55078125
lux,2009,51840.51953125
lux,2010,55338.55078125
lux,2011,58161.03515625
lux,2012,59956.8671875
lux,2013,59958.9921875
lux,2014,62712.9375
lux,2015,66744.3828125
lux,2016,68204.2265625
lux,2017,70952.3046875
lux,2018,70656.5546875
lux,2019,74933.59375
lux,2020,73348.7109375
lux,2021,82260.953125
lux,2022,81706.921875
lux,2023,78698.2109375
lva,1990,45490.203125
lva,1991,41268.87109375
lva,1992,29246.677734375
lva,1993,27174.93359375
lva,1994,23600.67578125
lva,1995,22404.44140625
lva,1996,21832.240234375
lva,1997,23208.44140625
lva,1998,25223.421875
lva,1999,26968.70703125
lva,2000,27991.94140625
lva,2001,29804.939453125
lva,2002,32190.560546875
lva,2003,33113.77734375
lva,2004,35086.7109375
lva,2005,38507.61328125
lva,2006,42332.7421875
lva,2007,48453.02734375
lva,2008,50133.7734375
lva,2009,44004.09765625
lva,2010,44424.0
lva,2011,47637.578125
lva,2012,50059.83203125
lva,2013,50118.6484375
lva,2014,51552.609375
lva,2015,54040.61328125
lva,2016,55877.96484375
lva,2017,58746.49609375
lva,2018,61367.0859375
lva,2019,65106.9921875
lva,2020,64950.1640625
lva,2021,67646.703125
lva,2022,67428.1953125
lva,2023,70417.15625
mac,1970,2020.92041015625
mac,1971,2179.32690429688
mac,1972,2347.24072265625
mac,1973,2526.42358398438
mac,1974,2754.857421875
mac,1975,2985.80688476563
mac,1976,3203.1201171875
mac,1977,3454.14331054688
mac,1978,3725.9267578125
mac,1979,3997.81494140625
mac,1980,4359.1083984375
mac,1981,4745.46337890625
mac,1982,4982.7734375
mac,1983,5537.96875
mac,1984,6070.0263671875
mac,1985,6245.0869140625
mac,1986,6813.73974609375
mac,1987,8036.2314453125
mac,1988,8861.7470703125
mac,1989,9336.2548828125
mac,1990,10394.966796875
mac,1991,11109.9228515625
mac,1992,13237.2265625
mac,1993,14058.7607421875
mac,1994,14395.59765625
mac,1995,15172.9990234375
mac,1996,15116.349609375
mac,1997,14962.5712890625
mac,1998,14231.0185546875
mac,1999,14286.3056640625
mac,2000,14894.388671875
mac,2001,15194.4384765625
mac,2002,16727.951171875
mac,2003,19083.69140625
mac,2004,24162.84765625
mac,2005,26428.26953125
mac,2006,31027.796875
mac,2007,37082.80078125
mac,2008,40515.4921875
mac,2009,43642.453125
mac,2010,56870.578125
mac,2011,73204.921875
mac,2012,81036.6875
mac,2013,88144.921875
mac,2014,87979.25
mac,2015,68619.1953125
mac,2016,67318.0703125
mac,2017,72613.09375
mac,2018,77933.828125
mac,2019,76531.4609375
mac,2020,34467.3203125
mac,2021,41739.19140625
mac,2022,33765.04296875
mac,2023,61519.984375
mar,1950,14520.3388671875
mar,1951,15128.59375
mar,1952,16273.4814453125
mar,1953,16787.423828125
mar,1954,17827.1796875
mar,1955,17673.521484375
mar,1956,17899.033203125
mar,1957,17635.77734375
mar,1958,18947.302734375
mar,1959,19500.388671875
mar,1960,20501.24609375
mar,1961,25667.39453125
mar,1962,29107.248046875
mar,1963,34001.79296875
mar,1964,36396.85546875
mar,1965,36065.1796875
mar,1966,35122.32421875
mar,1967,36366.4296875
mar,1968,38996.484375
mar,1969,43453.59375
mar,1970,41042.48046875
mar,1971,43459.3828125
mar,1972,44500.33203125
mar,1973,45634.6796875
mar,1974,50622.43359375
mar,1975,52131.34765625
mar,1976,55866.7890625
mar,1977,57100.69921875
mar,1978,60312.45703125
mar,1979,64110.3984375
mar,1980,64545.75390625
mar,1981,64492.21875
mar,1982,71526.578125
mar,1983,77318.0078125
mar,1984,82107.703125
mar,1985,90450.84375
mar,1986,102460.203125
mar,1987,105126.1953125
mar,1988,118323.5625
mar,1989,118639.3125
mar,1990,120360.1640625
mar,1991,135170.875
mar,1992,134824.1875
mar,1993,136509.734375
mar,1994,152508.15625
mar,1995,150144.40625
mar,1996,176222.125
mar,1997,163482.53125
mar,1998,165636.171875
mar,1999,158630.140625
mar,2000,151436.875
mar,2001,156100.890625
mar,2002,156559.84375
mar,2003,163618.859375
mar,2004,163663.015625
mar,2005,161455.359375
mar,2006,175200.859375
mar,2007,183955.5625
mar,2008,205962.25
mar,2009,230894.125
mar,2010,245113.15625
mar,2011,271167.5
mar,2012,280284.875
mar,2013,287352.71875
mar,2014,282978.15625
mar,2015,306458.5625
mar,2016,306322.75
mar,2017,316391.6875
mar,2018,302008.28125
mar,2019,310173.78125
mar,2020,298112.15625
mar,2021,318667.84375
mar,2022,310475.875
mar,2023,327788.625
mda,1990,30675.802734375
mda,1991,28839.94140625
mda,1992,16569.904296875
mda,1993,16533.77734375
mda,1994,14235.728515625
mda,1995,14902.1416015625
mda,1996,13702.0322265625
mda,1997,13682.1826171875
mda,1998,11688.3349609375
mda,1999,10300.794921875
mda,2000,10433.5595703125
mda,2001,11093.8984375
mda,2002,12126.494140625
mda,2003,13170.8369140625
mda,2004,14072.826171875
mda,2005,15337.0859375
mda,2006,16140.2744140625
mda,2007,16801.25390625
mda,2008,18115.18359375
mda,2009,18593.283203125
mda,2010,20688.130859375
mda,2011,23610.205078125
mda,2012,25253.1328125
mda,2013,26228.89453125
mda,2014,27819.009765625
mda,2015,28952.73046875
mda,2016,31765.703125
mda,2017,35365.8125
mda,2018,35127.29296875
mda,2019,39086.01171875
mda,2020,38440.44140625
mda,2021,41952.83984375
mda,2022,40035.3671875
mda,2023,34411.359375
mdg,1960,9087.3076171875
mdg,1961,9487.04296875
mdg,1962,9965.177734375
mdg,1963,10040.0869140625
mdg,1964,10215.70703125
mdg,1965,10085.1484375
mdg,1966,10665.1015625
mdg,1967,11205.728515625
mdg,1968,12237.3173828125
mdg,1969,12706.564453125
mdg,1970,13691.8994140625
mdg,1971,14168.240234375
mdg,1972,13897.4970703125
mdg,1973,13357.5595703125
mdg,1974,13160.234375
mdg,1975,13076.62890625
mdg,1976,13298.1982421875
mdg,1977,13537.1455078125
mdg,1978,13112.4306640625
mdg,1979,13662.8427734375
mdg,1980,13947.87109375
mdg,1981,13579.0126953125
mdg,1982,13998.201171875
mdg,1983,14728.8212890625
mdg,1984,15189.4833984375
mdg,1985,15824.6982421875
mdg,1986,19367.6640625
mdg,1987,18330.30078125
mdg,1988,17714.009765625
mdg,1989,17302.5703125
mdg,1990,16964.109375
mdg,1991,16329.001953125
mdg,1992,15908.8408203125
mdg,1993,16146.8212890625
mdg,1994,16283.6494140625
mdg,1995,16693.109375
mdg,1996,17509.296875
mdg,1997,18119.8671875
mdg,1998,19083.962890625
mdg,1999,20198.431640625
mdg,2000,21466.576171875
mdg,2001,23253.109375
mdg,2002,21516.248046875
mdg,2003,23744.470703125
mdg,2004,24474.408203125
mdg,2005,26154.296875
mdg,2006,28080.775390625
mdg,2007,29676.578125
mdg,2008,32606.240234375
mdg,2009,32356.19921875
mdg,2010,36277.5546875
mdg,2011,40256.34375
mdg,2012,40986.60546875
mdg,2013,40920.87890625
mdg,2014,42342.73046875
mdg,2015,43142.6015625
mdg,2016,45501.734375
mdg,2017,45096.48828125
mdg,2018,44098.6640625
mdg,2019,46414.14453125
mdg,2020,43608.87109375
mdg,2021,45242.9296875
mdg,2022,46274.765625
mdg,2023,48148.1796875
mdv,1970,206.912033081055
mdv,1971,216.947601318359
mdv,1972,220.538116455078
mdv,1973,222.221923828125
mdv,1974,240.054763793945
mdv,1975,231.062774658203
mdv,1976,215.17692565918
mdv,1977,234.083648681641
mdv,1978,274.319366455078
mdv,1979,336.281097412109
mdv,1980,472.143371582031
mdv,1981,498.52294921875
mdv,1982,617.14404296875
mdv,1983,560.045104980469
mdv,1984,638.609558105469
mdv,1985,721.48779296875
mdv,1986,790.82861328125
mdv,1987,861.159423828125
mdv,1988,936.412780761719
mdv,1989,1023.11529541016
mdv,1990,1166.74645996094
mdv,1991,1257.70678710938
mdv,1992,1342.29162597656
mdv,1993,1430.82006835938
mdv,1994,1517.6806640625
mdv,1995,1556.42077636719
mdv,1996,1722.89147949219
mdv,1997,1889.76306152344
mdv,1998,2082.00512695313
mdv,1999,2167.79541015625
mdv,2000,2436.12084960938
mdv,2001,2543.26342773438
mdv,2002,2743.79711914063
mdv,2003,3104.23974609375
mdv,2004,3725.47802734375
mdv,2005,3541.38623046875
mdv,2006,4581.4462890625
mdv,2007,5303.03466796875
mdv,2008,5583.208984375
mdv,2009,5162.607421875
mdv,2010,5502.91259765625
mdv,2011,6292.92578125
mdv,2012,6638.7861328125
mdv,2013,7091.4521484375
mdv,2014,7955.66748046875
mdv,2015,8561.0654296875
mdv,2016,9318.2138671875
mdv,2017,10082.7744140625
mdv,2018,11356.8740234375
mdv,2019,12178.73046875
mdv,2020,7545.509765625
mdv,2021,9685.7919921875
mdv,2022,10388.580078125
mdv,2023,10398.224609375
mex,1950,161840.640625
mex,1951,175015.359375
mex,1952,184092.59375
mex,1953,179418.109375
mex,1954,198775.953125
mex,1955,213818.34375
mex,1956,226599.703125
mex,1957,242515.484375
mex,1958,254717.328125
mex,1959,261654.171875
mex,1960,282128.34375
mex,1961,289558.25
mex,1962,300825.6875
mex,1963,328597.375
mex,1964,370943.375
mex,1965,390653.0
mex,1966,414869.5625
mex,1967,436355.25
mex,1968,472542.65625
mex,1969,491127.125
mex,1970,522315.5625
mex,1971,545296.8125
mex,1972,588723.5625
mex,1973,633664.25
mex,1974,678826.3125
mex,1975,718914.6875
mex,1976,758399.8125
mex,1977,787769.1875
mex,1978,860320.375
mex,1979,953754.9375
mex,1980,1075283.5
mex,1981,1167216.75
mex,1982,1170117.75
mex,1983,1114284.625
mex,1984,1131454.125
mex,1985,1141638.5
mex,1986,1071648.75
mex,1987,1096361.25
mex,1988,1071950.625
mex,1989,1114395.0
mex,1990,1185929.25
mex,1991,1226263.0
mex,1992,1268977.75
mex,1993,1264647.125
mex,1994,1332633.125
mex,1995,1289171.0
mex,1996,1343487.875
mex,1997,1429006.0
mex,1998,1501853.25
mex,1999,1585794.625
mex,2000,1658379.375
mex,2001,1672638.0
mex,2002,1668992.0
mex,2003,1709334.0
mex,2004,1786238.625
mex,2005,1864905.5
mex,2006,1986223.625
mex,2007,2033236.0
mex,2008,2062256.25
mex,2009,2010881.0
mex,2010,2168688.25
mex,2011,2387904.0
mex,2012,2534353.5
mex,2013,2452015.5
mex,2014,2507886.25
mex,2015,2578180.25
mex,2016,2666859.5
mex,2017,2688707.5
mex,2018,2696566.0
mex,2019,2660051.25
mex,2020,2448935.5
mex,2021,2557488.25
mex,2022,2611430.0
mex,2023,2736129.25
mkd,1990,12890.1650390625
mkd,1991,13039.7080078125
mkd,1992,12033.66015625
mkd,1993,11802.02734375
mkd,1994,12105.7568359375
mkd,1995,12596.4228515625
mkd,1996,12691.91796875
mkd,1997,13028.3173828125
mkd,1998,13666.7373046875
mkd,1999,15085.84765625
mkd,2000,16258.267578125
mkd,2001,17047.28125
mkd,2002,17259.873046875
mkd,2003,18062.77734375
mkd,2004,18661.771484375
mkd,2005,20726.25390625
mkd,2006,21791.490234375
mkd,2007,23642.775390625
mkd,2008,25593.07421875
mkd,2009,27114.1796875
mkd,2010,28073.326171875
mkd,2011,28162.673828125
mkd,2012,28610.5
mkd,2013,28980.939453125
mkd,2014,30501.9765625
mkd,2015,32137.962890625
mkd,2016,34153.80078125
mkd,2017,35144.68359375
mkd,2018,36854.19921875
mkd,2019,39213.41796875
mkd,2020,37364.71484375
mkd,2021,39623.703125
mkd,2022,40051.484375
mkd,2023,41508.20703125
mli,1960,3240.5615234375
mli,1961,3219.5263671875
mli,1962,3203.9765625
mli,1963,3392.32299804688
mli,1964,2846.69165039063
mli,1965,3069.18920898438
mli,1966,3147.27319335938
mli,1967,3282.51977539063
mli,1968,3740.05981445313
mli,1969,3844.31005859375
mli,1970,4139.986328125
mli,1971,4224.32275390625
mli,1972,3677.12915039063
mli,1973,3731.68579101563
mli,1974,3566.18115234375
mli,1975,3908.220703125
mli,1976,4516.3291015625
mli,1977,4764.33447265625
mli,1978,4659.25537109375
mli,1979,5220.59814453125
mli,1980,5057.84521484375
mli,1981,5790.20361328125
mli,1982,6349.28955078125
mli,1983,6201.82958984375
mli,1984,6220.02099609375
mli,1985,7963.94677734375
mli,1986,8280.8369140625
mli,1987,7472.81005859375
mli,1988,6515.31884765625
mli,1989,6801.068359375
mli,1990,6587.15185546875
mli,1991,7429.4921875
mli,1992,6886.50048828125
mli,1993,7303.162109375
mli,1994,7290.20361328125
mli,1995,9827.234375
mli,1996,12118.486328125
mli,1997,12814.197265625
mli,1998,13690.919921875
mli,1999,14959.591796875
mli,2000,15393.236328125
mli,2001,17313.111328125
mli,2002,18324.041015625
mli,2003,20069.314453125
mli,2004,18806.220703125
mli,2005,20266.271484375
mli,2006,23426.904296875
mli,2007,23607.55078125
mli,2008,25485.998046875
mli,2009,29727.8515625
mli,2010,30953.740234375
mli,2011,33869.94921875
mli,2012,33386.40234375
mli,2013,33753.58203125
mli,2014,36331.28515625
mli,2015,39460.8515625
mli,2016,43190.9609375
mli,2017,45903.89453125
mli,2018,48299.6015625
mli,2019,51716.24609375
mli,2020,51080.96875
mli,2021,50564.2265625
mli,2022,53841.19921875
mli,2023,60711.7890625
mlt,1954,673.292541503906
mlt,1955,676.854187011719
mlt,1956,752.917785644531
mlt,1957,776.308837890625
mlt,1958,836.128356933594
mlt,1959,855.318725585938
mlt,1960,912.366149902344
mlt,1961,934.752197265625
mlt,1962,909.821472167969
mlt,1963,909.299987792969
mlt,1964,925.594421386719
mlt,1965,977.246765136719
mlt,1966,1082.07971191406
mlt,1967,1157.70031738281
mlt,1968,1265.53442382813
mlt,1969,1396.18566894531
mlt,1970,1515.75024414063
mlt,1971,1597.71142578125
mlt,1972,1720.52514648438
mlt,1973,1827.56945800781
mlt,1974,1885.20812988281
mlt,1975,2599.2666015625
mlt,1976,3061.05249023438
mlt,1977,3298.7275390625
mlt,1978,3684.66821289063
mlt,1979,3991.91064453125
mlt,1980,4275.962890625
mlt,1981,4544.2529296875
mlt,1982,4800.03759765625
mlt,1983,4594.52685546875
mlt,1984,4577.4404296875
mlt,1985,4681.98046875
mlt,1986,4887.79833984375
mlt,1987,5122.40283203125
mlt,1988,5726.3583984375
mlt,1989,6124.12255859375
mlt,1990,6495.30078125
mlt,1991,6941.279296875
mlt,1992,7092.84814453125
mlt,1993,7313.55224609375
mlt,1994,7705.38134765625
mlt,1995,8061.60400390625
mlt,1996,8054.453125
mlt,1997,8891.908203125
mlt,1998,9435.396484375
mlt,1999,10207.01171875
mlt,2000,10827.6650390625
mlt,2001,10830.46484375
mlt,2002,11260.7294921875
mlt,2003,11386.890625
mlt,2004,11492.8671875
mlt,2005,11769.19140625
mlt,2006,11983.033203125
mlt,2007,12724.3369140625
mlt,2008,13564.390625
mlt,2009,13933.75390625
mlt,2010,14948.0703125
mlt,2011,14917.0458984375
mlt,2012,15594.59765625
mlt,2013,15980.9365234375
mlt,2014,16975.294921875
mlt,2015,19423.806640625
mlt,2016,20384.3671875
mlt,2017,23108.18359375
mlt,2018,24531.576171875
mlt,2019,27126.2109375
mlt,2020,26791.833984375
mlt,2021,30287.150390625
mlt,2022,31660.466796875
mlt,2023,32967.62890625
mmr,1962,15667.36328125
mmr,1963,17529.015625
mmr,1964,16325.615234375
mmr,1965,17115.537109375
mmr,1966,18083.21484375
mmr,1967,16577.515625
mmr,1968,17592.712890625
mmr,1969,18496.740234375
mmr,1970,19600.4375
mmr,1971,20114.90625
mmr,1972,20062.3984375
mmr,1973,20496.501953125
mmr,1974,21530.537109375
mmr,1975,22323.041015625
mmr,1976,23440.2421875
mmr,1977,24387.923828125
mmr,1978,24849.28515625
mmr,1979,25884.0390625
mmr,1980,28424.642578125
mmr,1981,30024.40234375
mmr,1982,31698.779296875
mmr,1983,33875.91796875
mmr,1984,36200.11328125
mmr,1985,36890.6796875
mmr,1986,36856.296875
mmr,1987,35476.23828125
mmr,1988,31253.765625
mmr,1989,32222.23046875
mmr,1990,32784.58203125
mmr,1991,31790.515625
mmr,1992,34463.4140625
mmr,1993,37010.0859375
mmr,1994,38467.04296875
mmr,1995,41476.5859375
mmr,1996,42863.34375
mmr,1997,44085.0546875
mmr,1998,44745.8984375
mmr,1999,47770.0390625
mmr,2000,51787.078125
mmr,2001,58281.52734375
mmr,2002,65699.21875
mmr,2003,74784.765625
mmr,2004,84652.5
mmr,2005,100040.15625
mmr,2006,113130.2265625
mmr,2007,127605.25
mmr,2008,141676.921875
mmr,2009,156447.046875
mmr,2010,195027.953125
mmr,2011,215466.34375
mmr,2012,170302.03125
mmr,2013,235253.625
mmr,2014,250881.75
mmr,2015,253329.40625
mmr,2016,252251.140625
mmr,2017,259843.421875
mmr,2018,324034.34375
mmr,2019,339333.0
mmr,2020,329317.46875
mmr,2021,417610.3125
mmr,2022,422347.75
mmr,2023,389957.15625
mne,1990,6921.31884765625
mne,1991,6167.0830078125
mne,1992,4723.0146484375
mne,1993,3000.99951171875
mne,1994,3026.50341796875
mne,1995,3462.97241210938
mne,1996,4412.73681640625
mne,1997,4650.94384765625
mne,1998,4911.53759765625
mne,1999,4517.44482421875
mne,2000,4944.74853515625
mne,2001,5483.576171875
mne,2002,5392.95654296875
mne,2003,5458.44287109375
mne,2004,5731.02587890625
mne,2005,6278.5361328125
mne,2006,7317.427734375
mne,2007,8847.861328125
mne,2008,9626.6220703125
mne,2009,9487.501953125
mne,2010,9704.533203125
mne,2011,10550.2861328125
mne,2012,10126.8935546875
mne,2013,10176.8125
mne,2014,10360.712890625
mne,2015,11063.35546875
mne,2016,11753.4228515625
mne,2017,12561.1416015625
mne,2018,13249.451171875
mne,2019,14752.2109375
mne,2020,12165.8671875
mne,2021,14003.1513671875
mne,2022,14751.4482421875
mne,2023,15893.3095703125
mng,1970,1813.48596191406
mng,1971,1903.21484375
mng,1972,1971.73327636719
mng,1973,2141.16381835938
mng,1974,2264.60424804688
mng,1975,2414.32104492188
mng,1976,2490.216796875
mng,1977,2735.68505859375
mng,1978,2850.20654296875
mng,1979,2970.29174804688
mng,1980,3463.96557617188
mng,1981,3159.13696289063
mng,1982,3750.4462890625
mng,1983,4275.80712890625
mng,1984,4856.1826171875
mng,1985,4878.62744140625
mng,1986,5282.4794921875
mng,1987,5773.78662109375
mng,1988,6107.919921875
mng,1989,6074.45947265625
mng,1990,8533.044921875
mng,1991,6226.830078125
mng,1992,5911.02880859375
mng,1993,4846.6220703125
mng,1994,5210.763671875
mng,1995,6762.7548828125
mng,1996,6187.5869140625
mng,1997,6510.716796875
mng,1998,6218.0126953125
mng,1999,6568.76416015625
mng,2000,7444.6533203125
mng,2001,8297.416015625
mng,2002,9178.5126953125
mng,2003,10257.7666015625
mng,2004,12278.126953125
mng,2005,14958.8720703125
mng,2006,18394.904296875
mng,2007,20580.6875
mng,2008,21336.724609375
mng,2009,20275.943359375
mng,2010,24150.646484375
mng,2011,29158.177734375
mng,2012,34051.82421875
mng,2013,34507.56640625
mng,2014,36524.546875
mng,2015,36153.92578125
mng,2016,36700.0625
mng,2017,38395.78125
mng,2018,41135.65234375
mng,2019,45977.62890625
mng,2020,47210.9609375
mng,2021,48619.8515625
mng,2022,51381.55078125
mng,2023,60388.29296875
moz,1960,5103.3076171875
moz,1961,5179.41162109375
moz,1962,5609.81298828125
moz,1963,5768.6171875
moz,1964,5994.416015625
moz,1965,6091.26220703125
moz,1966,6281.13232421875
moz,1967,6904.1708984375
moz,1968,7388.1875
moz,1969,7823.58154296875
moz,1970,7782.326171875
moz,1971,8337.3251953125
moz,1972,8706.4970703125
moz,1973,9055.6982421875
moz,1974,9660.5908203125
moz,1975,9862.58984375
moz,1976,10418.275390625
moz,1977,10340.4677734375
moz,1978,10525.4130859375
moz,1979,10916.9794921875
moz,1980,11070.40234375
moz,1981,11854.849609375
moz,1982,11411.8251953125
moz,1983,9916.322265625
moz,1984,10626.0263671875
moz,1985,9874.7724609375
moz,1986,10324.7080078125
moz,1987,9166.7880859375
moz,1988,8930.9619140625
moz,1989,9754.31640625
moz,1990,9990.6591796875
moz,1991,10269.3173828125
moz,1992,8899.6435546875
moz,1993,9691.591796875
moz,1994,10551.861328125
moz,1995,10411.1015625
moz,1996,12069.697265625
moz,1997,13550.8544921875
moz,1998,14850.2509765625
moz,1999,16042.8603515625
moz,2000,16007.2255859375
moz,2001,17493.669921875
moz,2002,19931.068359375
moz,2003,21737.01171875
moz,2004,23332.9453125
moz,2005,25882.64453125
moz,2006,27336.404296875
moz,2007,28744.455078125
moz,2008,30292.740234375
moz,2009,30638.421875
moz,2010,30548.0546875
moz,2011,31103.5078125
moz,2012,32909.5078125
moz,2013,33127.5390625
moz,2014,34603.59375
moz,2015,38276.62109375
moz,2016,38114.12109375
moz,2017,37190.61328125
moz,2018,38206.15625
moz,2019,40909.03125
moz,2020,40417.28515625
moz,2021,41496.8671875
moz,2022,45026.03125
moz,2023,49072.33984375
mrt,1960,2066.38232421875
mrt,1961,2104.07666015625
mrt,1962,2348.39453125
mrt,1963,2230.29663085938
mrt,1964,3119.66625976563
mrt,1965,3659.9208984375
mrt,1966,3665.32446289063
mrt,1967,4058.3349609375
mrt,1968,4678.5283203125
mrt,1969,4396.3955078125
mrt,1970,4969.8037109375
mrt,1971,5038.96044921875
mrt,1972,5184.58642578125
mrt,1973,5083.6552734375
mrt,1974,5713.2587890625
mrt,1975,6338.96044921875
mrt,1976,6890.12109375
mrt,1977,6783.3916015625
mrt,1978,5989.34423828125
mrt,1979,6483.00146484375
mrt,1980,6482.33349609375
mrt,1981,6856.31005859375
mrt,1982,6466.87548828125
mrt,1983,6531.84423828125
mrt,1984,6370.57373046875
mrt,1985,6569.3369140625
mrt,1986,6613.38037109375
mrt,1987,6747.263671875
mrt,1988,6971.76220703125
mrt,1989,7157.318359375
mrt,1990,7073.17236328125
mrt,1991,7242.5859375
mrt,1992,7519.701171875
mrt,1993,8161.41552734375
mrt,1994,8562.3017578125
mrt,1995,8462.3408203125
mrt,1996,9195.322265625
mrt,1997,8847.765625
mrt,1998,9062.9130859375
mrt,1999,9427.8330078125
mrt,2000,9113.7265625
mrt,2001,9015.232421875
mrt,2002,9539.728515625
mrt,2003,10106.6083984375
mrt,2004,10146.5830078125
mrt,2005,11071.7900390625
mrt,2006,14064.4130859375
mrt,2007,13789.751953125
mrt,2008,13885.36328125
mrt,2009,14041.9658203125
mrt,2010,16075.0791015625
mrt,2011,18285.6015625
mrt,2012,18106.267578125
mrt,2013,19266.984375
mrt,2014,18145.96484375
mrt,2015,18505.884765625
mrt,2016,21449.78125
mrt,2017,23112.8984375
mrt,2018,23272.7578125
mrt,2019,25079.138671875
mrt,2020,25659.482421875
mrt,2021,26043.1484375
mrt,2022,24941.447265625
mrt,2023,27627.02734375
msr,1970,110.994918823242
msr,1971,113.520225524902
msr,1972,116.055511474609
msr,1973,117.204383850098
msr,1974,123.669982910156
msr,1975,133.462051391602
msr,1976,122.066009521484
msr,1977,128.649551391602
msr,1978,126.723625183105
msr,1979,141.415557861328
msr,1980,164.209213256836
msr,1981,170.828231811523
msr,1982,178.283279418945
msr,1983,172.796951293945
msr,1984,179.106658935547
msr,1985,190.832183837891
msr,1986,199.965301513672
msr,1987,207.714050292969
msr,1988,235.171463012695
msr,1989,267.330413818359
msr,1990,301.381072998047
msr,1991,237.006149291992
msr,1992,237.578948974609
msr,1993,228.369064331055
msr,1994,236.539428710938
msr,1995,211.955963134766
msr,1996,161.536895751953
msr,1997,130.787185668945
msr,1998,111.136688232422
msr,1999,104.665985107422
msr,2000,96.4104309082031
msr,2001,96.4490737915039
msr,2002,100.936988830566
msr,2003,103.408821105957
msr,2004,106.001113891602
msr,2005,108.790946960449
msr,2006,108.799743652344
msr,2007,110.647346496582
msr,2008,114.02751159668
msr,2009,117.892356872559
msr,2010,109.299324035645
msr,2011,116.223510742188
msr,2012,113.17985534668
msr,2013,101.196472167969
msr,2014,102.722122192383
msr,2015,107.159271240234
msr,2016,111.794990539551
msr,2017,106.539413452148
msr,2018,111.832038879395
msr,2019,116.958503723145
msr,2020,130.536010742188
msr,2021,128.119827270508
msr,2022,132.618408203125
msr,2023,141.919738769531
mus,1950,2661.95678710938
mus,1951,2774.47314453125
mus,1952,2909.44702148438
mus,1953,2914.88891601563
mus,1954,2882.42626953125
mus,1955,3027.5966796875
mus,1956,3187.82153320313
mus,1957,3283.26977539063
mus,1958,3138.36181640625
mus,1959,3333.515625
mus,1960,2844.18139648438
mus,1961,3343.75439453125
mus,1962,3619.90625
mus,1963,4435.166015625
mus,1964,4680.75
mus,1965,4153.2021484375
mus,1966,4402.4375
mus,1967,4489.1455078125
mus,1968,3790.10888671875
mus,1969,3887.52124023438
mus,1970,4320.11083984375
mus,1971,4440.55078125
mus,1972,4768.14111328125
mus,1973,4875.30859375
mus,1974,5267.951171875
mus,1975,5098.9365234375
mus,1976,6401.8779296875
mus,1977,6524.24951171875
mus,1978,6655.5869140625
mus,1979,6746.00634765625
mus,1980,6310.33056640625
mus,1981,6353.1591796875
mus,1982,6870.52783203125
mus,1983,7174.0927734375
mus,1984,7328.26953125
mus,1985,7739.8564453125
mus,1986,9127.2841796875
mus,1987,10313.6953125
mus,1988,10620.7158203125
mus,1989,11063.0205078125
mus,1990,12089.8115234375
mus,1991,12942.6494140625
mus,1992,14004.013671875
mus,1993,14717.5634765625
mus,1994,15541.6611328125
mus,1995,17154.806640625
mus,1996,19023.072265625
mus,1997,18807.37890625
mus,1998,19637.958984375
mus,1999,19237.044921875
mus,2000,19876.40234375
mus,2001,19655.166015625
mus,2002,20048.642578125
mus,2003,19885.39453125
mus,2004,20176.7578125
mus,2005,19247.296875
mus,2006,20306.564453125
mus,2007,22089.373046875
mus,2008,22510.96875
mus,2009,22332.072265625
mus,2010,22718.53125
mus,2011,25109.470703125
mus,2012,25645.404296875
mus,2013,26473.908203125
mus,2014,27436.646484375
mus,2015,28676.24609375
mus,2016,30820.3203125
mus,2017,31748.740234375
mus,2018,31786.544921875
mus,2019,32590.4375
mus,2020,28118.255859375
mus,2021,28400.77734375
mus,2022,30849.978515625
mus,2023,32897.7578125
mwi,1954,2642.9375
mwi,1955,2800.09204101563
mwi,1956,2984.21313476563
mwi,1957,3220.11791992188
mwi,1958,3289.56616210938
mwi,1959,3196.8212890625
mwi,1960,3500.05859375
mwi,1961,3582.54223632813
mwi,1962,3664.07983398438
mwi,1963,3727.48095703125
mwi,1964,3709.01489257813
mwi,1965,4306.32568359375
mwi,1966,4896.7578125
mwi,1967,5055.287109375
mwi,1968,5204.5126953125
mwi,1969,5613.5205078125
mwi,1970,5868.71142578125
mwi,1971,6664.15625
mwi,1972,7304.7763671875
mwi,1973,7038.89697265625
mwi,1974,7526.91552734375
mwi,1975,7864.27880859375
mwi,1976,8064.2587890625
mwi,1977,8168.01953125
mwi,1978,8334.4287109375
mwi,1979,7957.9755859375
mwi,1980,8298.83203125
mwi,1981,8843.21484375
mwi,1982,9328.447265625
mwi,1983,10013.5166015625
mwi,1984,10923.6005859375
mwi,1985,12159.92578125
mwi,1986,11403.71484375
mwi,1987,10864.8720703125
mwi,1988,10255.703125
mwi,1989,10952.314453125
mwi,1990,10778.5888671875
mwi,1991,11620.6630859375
mwi,1992,10445.17578125
mwi,1993,11254.951171875
mwi,1994,12293.0390625
mwi,1995,12433.8408203125
mwi,1996,12388.8017578125
mwi,1997,13565.056640625
mwi,1998,11583.9716796875
mwi,1999,11551.8955078125
mwi,2000,11422.7421875
mwi,2001,10607.220703125
mwi,2002,12575.9619140625
mwi,2003,12922.4296875
mwi,2004,14583.1669921875
mwi,2005,15451.8837890625
mwi,2006,16543.376953125
mwi,2007,20055.220703125
mwi,2008,21905.32421875
mwi,2009,18458.052734375
mwi,2010,18442.474609375
mwi,2011,20651.49609375
mwi,2012,19809.09765625
mwi,2013,21362.9453125
mwi,2014,22831.4375
mwi,2015,23989.1328125
mwi,2016,23792.962890625
mwi,2017,25660.068359375
mwi,2018,26356.61328125
mwi,2019,29205.994140625
mwi,2020,32352.02734375
mwi,2021,34691.4140625
mwi,2022,33691.58203125
mwi,2023,34748.4765625
mys,1955,21948.390625
mys,1956,21953.7890625
mys,1957,21397.166015625
mys,1958,20734.740234375
mys,1959,24881.291015625
mys,1960,27582.75
mys,1961,27496.962890625
mys,1962,28700.744140625
mys,1963,29755.455078125
mys,1964,31517.779296875
mys,1965,34524.51953125
mys,1966,36351.25390625
mys,1967,36612.47265625
mys,1968,37713.81640625
mys,1969,41395.7734375
mys,1970,43491.09375
mys,1971,51406.10546875
mys,1972,53577.94921875
mys,1973,63990.9375
mys,1974,70328.1484375
mys,1975,66343.0078125
mys,1976,79324.875
mys,1977,86279.421875
mys,1978,91223.171875
mys,1979,103325.3515625
mys,1980,112936.0703125
mys,1981,114183.0078125
mys,1982,120135.8515625
mys,1983,129497.2109375
mys,1984,142945.53125
mys,1985,137456.546875
mys,1986,126082.578125
mys,1987,137759.921875
mys,1988,152064.59375
mys,1989,164130.5
mys,1990,177349.484375
mys,1991,194087.875
mys,1992,212256.8125
mys,1993,234109.15625
mys,1994,256500.625
mys,1995,283695.5625
mys,1996,312036.34375
mys,1997,332873.84375
mys,1998,317078.75
mys,1999,339986.40625
mys,2000,368225.6875
mys,2001,364104.96875
mys,2002,389678.625
mys,2003,421857.96875
mys,2004,461221.09375
mys,2005,502214.6875
mys,2006,538370.8125
mys,2007,579760.125
mys,2008,650585.75
mys,2009,633507.75
mys,2010,679877.9375
mys,2011,745878.9375
mys,2012,794228.375
mys,2013,793634.375
mys,2014,833688.875
mys,2015,860891.3125
mys,2016,891672.0
mys,2017,934018.5625
mys,2018,1019073.875
mys,2019,1016167.875
mys,2020,966004.625
mys,2021,1022976.4375
mys,2022,1124324.375
mys,2023,1140105.5
nam,1960,3210.048828125
nam,1961,3199.96606445313
nam,1962,3631.13061523438
nam,1963,3904.95532226563
nam,1964,4498.6513671875
nam,1965,4768.83642578125
nam,1966,5004.29052734375
nam,1967,4821.73095703125
nam,1968,4970.2568359375
nam,1969,5257.27294921875
nam,1970,5439.22021484375
nam,1971,5724.4248046875
nam,1972,5826.18505859375
nam,1973,6028.103515625
nam,1974,6532.59375
nam,1975,6683.1689453125
nam,1976,6731.419921875
nam,1977,6836.64794921875
nam,1978,6900.87841796875
nam,1979,7098.92236328125
nam,1980,8206.525390625
nam,1981,7440.99072265625
nam,1982,7510.4658203125
nam,1983,7190.8984375
nam,1984,7455.15771484375
nam,1985,8355.4482421875
nam,1986,8512.2001953125
nam,1987,8173.71044921875
nam,1988,8606.11328125
nam,1989,8927.4560546875
nam,1990,7840.5791015625
nam,1991,8291.2138671875
nam,1992,8692.4287109375
nam,1993,8955.259765625
nam,1994,9321.3857421875
nam,1995,9469.412109375
nam,1996,10235.37109375
nam,1997,10511.88671875
nam,1998,10876.9169921875
nam,1999,11339.6396484375
nam,2000,12134.8134765625
nam,2001,12659.9111328125
nam,2002,13391.5625
nam,2003,13343.904296875
nam,2004,14812.7939453125
nam,2005,15662.7841796875
nam,2006,17703.091796875
nam,2007,18303.513671875
nam,2008,20145.060546875
nam,2009,20579.322265625
nam,2010,22231.3515625
nam,2011,23970.76171875
nam,2012,25396.5078125
nam,2013,25223.224609375
nam,2014,27163.6796875
nam,2015,27905.05859375
nam,2016,27872.626953125
nam,2017,28057.47265625
nam,2018,28012.93359375
nam,2019,27595.447265625
nam,2020,26612.0234375
nam,2021,27279.06640625
nam,2022,30250.94921875
nam,2023,32424.666015625
ner,1960,7670.93212890625
ner,1961,8187.29052734375
ner,1962,8990.185546875
ner,1963,9825.6748046875
ner,1964,9621.1123046875
ner,1965,10036.271484375
ner,1966,9904.298828125
ner,1967,10067.3671875
ner,1968,10306.787109375
ner,1969,9410.421875
ner,1970,9806.740234375
ner,1971,10276.3125
ner,1972,9939.861328125
ner,1973,8363.0634765625
ner,1974,9588.0048828125
ner,1975,8510.1533203125
ner,1976,9127.23828125
ner,1977,10135.9736328125
ner,1978,10250.0302734375
ner,1979,12233.763671875
ner,1980,12597.84375
ner,1981,11899.25390625
ner,1982,12293.90625
ner,1983,12338.060546875
ner,1984,9590.9736328125
ner,1985,10365.041015625
ner,1986,10388.5341796875
ner,1987,10401.830078125
ner,1988,10474.5361328125
ner,1989,10325.234375
ner,1990,10735.4873046875
ner,1991,10744.3076171875
ner,1992,10704.6298828125
ner,1993,10678.2353515625
ner,1994,10738.0966796875
ner,1995,11504.3974609375
ner,1996,11621.251953125
ner,1997,11693.310546875
ner,1998,12867.91796875
ner,1999,13008.466796875
ner,2000,12685.3505859375
ner,2001,13709.1962890625
ner,2002,14439.8740234375
ner,2003,15019.64453125
ner,2004,14709.822265625
ner,2005,15778.1591796875
ner,2006,16553.44140625
ner,2007,16585.453125
ner,2008,18199.431640625
ner,2009,18423.8046875
ner,2010,19988.6796875
ner,2011,21263.666015625
ner,2012,23505.171875
ner,2013,23662.51953125
ner,2014,24736.197265625
ner,2015,25402.763671875
ner,2016,26432.333984375
ner,2017,27469.90625
ner,2018,29466.52734375
ner,2019,33000.09375
ner,2020,34970.86328125
ner,2021,36378.609375
ner,2022,45955.48046875
ner,2023,48509.90625
nga,1950,64337.875
nga,1951,65224.9609375
nga,1952,66423.515625
nga,1953,69172.3515625
nga,1954,77087.03125
nga,1955,74656.5703125
nga,1956,72334.7734375
nga,1957,71172.8828125
nga,1958,75594.2109375
nga,1959,83414.59375
nga,1960,95091.09375
nga,1961,98473.6796875
nga,1962,102959.015625
nga,1963,107997.59375
nga,1964,108075.765625
nga,1965,119879.8125
nga,1966,119580.9296875
nga,1967,103749.2421875
nga,1968,103921.5
nga,1969,128957.2578125
nga,1970,174842.390625
nga,1971,191964.15625
nga,1972,207269.109375
nga,1973,253626.71875
nga,1974,287460.375
nga,1975,297229.65625
nga,1976,308456.8125
nga,1977,348110.46875
nga,1978,361301.28125
nga,1979,368879.1875
nga,1980,392416.78125
nga,1981,394310.0
nga,1982,339585.21875
nga,1983,283686.65625
nga,1984,253421.171875
nga,1985,342607.0
nga,1986,182608.203125
nga,1987,128949.078125
nga,1988,106126.6171875
nga,1989,95899.4765625
nga,1990,91573.015625
nga,1991,82281.3046875
nga,1992,78884.7265625
nga,1993,65939.6875
nga,1994,53605.078125
nga,1995,51674.38671875
nga,1996,53057.46875
nga,1997,57685.74609375
nga,1998,58266.42578125
nga,1999,70131.0390625
nga,2000,99834.5390625
nga,2001,122021.1015625
nga,2002,166180.9375
nga,2003,228037.34375
nga,2004,313674.28125
nga,2005,542263.0
nga,2006,627958.1875
nga,2007,686553.5
nga,2008,699705.1875
nga,2009,766514.3125
nga,2010,905985.875
nga,2011,962138.9375
nga,2012,1004392.8125
nga,2013,1058706.875
nga,2014,1134716.75
nga,2015,1152834.125
nga,2016,1108021.25
nga,2017,1100449.25
nga,2018,1112502.625
nga,2019,1171737.875
nga,2020,1160556.75
nga,2021,1133093.125
nga,2022,1098720.5
nga,2023,1040441.5625
nic,1950,5270.388671875
nic,1951,5997.677734375
nic,1952,6843.13134765625
nic,1953,7291.107421875
nic,1954,7705.51416015625
nic,1955,8388.970703125
nic,1956,8325.1376953125
nic,1957,9087.4306640625
nic,1958,9204.8271484375
nic,1959,9696.22265625
nic,1960,9415.388671875
nic,1961,10136.9462890625
nic,1962,11405.8818359375
nic,1963,12423.845703125
nic,1964,13943.3828125
nic,1965,15708.408203125
nic,1966,15590.8447265625
nic,1967,16654.876953125
nic,1968,17238.640625
nic,1969,18042.97265625
nic,1970,18455.208984375
nic,1971,19125.5625
nic,1972,19401.841796875
nic,1973,20832.044921875
nic,1974,23677.220703125
nic,1975,21744.046875
nic,1976,24914.375
nic,1977,28449.921875
nic,1978,24360.658203125
nic,1979,15712.537109375
nic,1980,19588.681640625
nic,1981,20172.1640625
nic,1982,19840.095703125
nic,1983,21301.759765625
nic,1984,21293.189453125
nic,1985,22223.083984375
nic,1986,21212.818359375
nic,1987,22637.07421875
nic,1988,15430.958984375
nic,1989,14527.0126953125
nic,1990,15293.056640625
nic,1991,15458.3466796875
nic,1992,15355.0458984375
nic,1993,15476.51953125
nic,1994,16095.4677734375
nic,1995,17164.662109375
nic,1996,17722.703125
nic,1997,18202.478515625
nic,1998,19110.775390625
nic,1999,19799.1953125
nic,2000,20554.23828125
nic,2001,21140.818359375
nic,2002,21358.125
nic,2003,21609.521484375
nic,2004,22340.990234375
nic,2005,23498.423828125
nic,2006,23891.35546875
nic,2007,24959.08984375
nic,2008,26210.671875
nic,2009,26554.486328125
nic,2010,27628.35546875
nic,2011,29066.466796875
nic,2012,30550.763671875
nic,2013,30882.748046875
nic,2014,33111.8046875
nic,2015,35553.25390625
nic,2016,38046.69140625
nic,2017,39432.984375
nic,2018,38923.53125
nic,2019,40041.34765625
nic,2020,41486.83203125
nic,2021,44912.9296875
nic,2022,44946.67578125
nic,2023,49017.9765625
nld,1950,90126.921875
nld,1951,93740.609375
nld,1952,103608.328125
nld,1953,111873.8984375
nld,1954,115156.546875
nld,1955,126958.203125
nld,1956,132110.21875
nld,1957,135079.4375
nld,1958,137801.84375
nld,1959,144933.4375
nld,1960,154233.953125
nld,1961,159642.78125
nld,1962,168275.828125
nld,1963,175698.9375
nld,1964,188748.90625
nld,1965,203290.34375
nld,1966,211184.484375
nld,1967,225112.84375
nld,1968,244336.25
nld,1969,256904.078125
nld,1970,272090.34375
nld,1971,287069.3125
nld,1972,300391.9375
nld,1973,322534.1875
nld,1974,339488.59375
nld,1975,346461.84375
nld,1976,363168.1875
nld,1977,371796.59375
nld,1978,382178.0
nld,1979,386198.0625
nld,1980,400796.875
nld,1981,392521.625
nld,1982,383302.4375
nld,1983,381902.3125
nld,1984,389774.5625
nld,1985,391028.75
nld,1986,404348.0625
nld,1987,406380.15625
nld,1988,423914.53125
nld,1989,446396.15625
nld,1990,467219.25
nld,1991,483166.375
nld,1992,493968.25
nld,1993,501830.1875
nld,1994,519248.46875
nld,1995,539516.0
nld,1996,560571.25
nld,1997,607151.8125
nld,1998,655787.0
nld,1999,699712.875
nld,2000,750494.0
nld,2001,771068.0625
nld,2002,786674.25
nld,2003,756356.125
nld,2004,773795.3125
nld,2005,801117.875
nld,2006,845434.625
nld,2007,905307.125
nld,2008,949112.1875
nld,2009,911636.875
nld,2010,913323.1875
nld,2011,945136.1875
nld,2012,948693.6875
nld,2013,936394.6875
nld,2014,915523.5
nld,2015,963603.0625
nld,2016,970530.625
nld,2017,1015667.8125
nld,2018,1047767.5
nld,2019,1103583.25
nld,2020,1096730.625
nld,2021,1179366.625
nld,2022,1234480.625
nld,2023,1236085.0
nor,1950,33874.77734375
nor,1951,36684.91796875
nor,1952,38140.0859375
nor,1953,39303.94921875
nor,1954,40385.125
nor,1955,42081.37109375
nor,1956,44409.25
nor,1957,46197.21484375
nor,1958,45353.59765625
nor,1959,46653.73828125
nor,1960,48430.3515625
nor,1961,51546.28515625
nor,1962,52893.1484375
nor,1963,54549.40625
nor,1964,58227.35546875
nor,1965,61703.9609375
nor,1966,64233.30078125
nor,1967,69217.5234375
nor,1968,72277.5703125
nor,1969,74595.0234375
nor,1970,77502.46875
nor,1971,82016.7578125
nor,1972,85170.375
nor,1973,90214.7578125
nor,1974,94025.09375
nor,1975,96555.828125
nor,1976,99890.5703125
nor,1977,102894.4375
nor,1978,106328.984375
nor,1979,112531.2578125
nor,1980,122387.28125
nor,1981,124448.4453125
nor,1982,123019.1171875
nor,1983,124237.1171875
nor,1984,130515.484375
nor,1985,134620.875
nor,1986,131322.125
nor,1987,131538.0
nor,1988,129676.8125
nor,1989,132442.359375
nor,1990,135171.484375
nor,1991,138489.234375
nor,1992,140610.109375
nor,1993,145378.796875
nor,1994,150452.015625
nor,1995,156921.203125
nor,1996,170317.65625
nor,1997,185663.046875
nor,1998,186275.6875
nor,1999,199933.453125
nor,2000,231387.4375
nor,2001,233909.328125
nor,2002,230096.40625
nor,2003,234332.9375
nor,2004,258082.46875
nor,2005,284941.65625
nor,2006,311232.78125
nor,2007,328240.5
nor,2008,356171.125
nor,2009,326632.09375
nor,2010,343849.375
nor,2011,361650.0
nor,2012,385523.625
nor,2013,382924.375
nor,2014,378622.71875
nor,2015,357948.875
nor,2016,348373.65625
nor,2017,367947.65625
nor,2018,391770.4375
nor,2019,399168.375
nor,2020,378446.625
nor,2021,466748.6875
nor,2022,589651.6875
nor,2023,490273.40625
npl,1960,8480.498046875
npl,1961,8470.4814453125
npl,1962,8708.8125
npl,1963,8771.232421875
npl,1964,9585.123046875
npl,1965,9485.2509765625
npl,1966,10185.384765625
npl,1967,10011.783203125
npl,1968,10061.5595703125
npl,1969,10568.072265625
npl,1970,11142.8583984375
npl,1971,10918.078125
npl,1972,11244.7744140625
npl,1973,11038.669921875
npl,1974,11807.6796875
npl,1975,11793.845703125
npl,1976,12258.162109375
npl,1977,12609.5595703125
npl,1978,13119.5390625
npl,1979,13807.97265625
npl,1980,12919.73046875
npl,1981,14175.400390625
npl,1982,15271.4580078125
npl,1983,15207.8115234375
npl,1984,16406.380859375
npl,1985,17404.009765625
npl,1986,18345.05078125
npl,1987,18814.875
npl,1988,20343.056640625
npl,1989,21967.4296875
npl,1990,22571.955078125
npl,1991,24346.451171875
npl,1992,24972.57421875
npl,1993,27101.20703125
npl,1994,30610.41015625
npl,1995,31741.01953125
npl,1996,34198.5625
npl,1997,33929.7265625
npl,1998,33999.5078125
npl,1999,34702.6640625
npl,2000,35829.5390625
npl,2001,37910.83984375
npl,2002,37615.29296875
npl,2003,38294.4375
npl,2004,39967.6953125
npl,2005,41786.5859375
npl,2006,44063.4375
npl,2007,47442.24609375
npl,2008,52567.08984375
npl,2009,57824.015625
npl,2010,66031.171875
npl,2011,72422.4296875
npl,2012,76962.125
npl,2013,79425.4921875
npl,2014,85237.5625
npl,2015,87733.34375
npl,2016,88883.75
npl,2017,103284.921875
npl,2018,109322.6875
npl,2019,116766.7734375
npl,2020,116660.9296875
npl,2021,122007.8203125
npl,2022,130307.5234375
npl,2023,130838.8984375
nzl,1950,27334.642578125
nzl,1951,25742.771484375
nzl,1952,25174.134765625
nzl,1953,26853.75390625
nzl,1954,29365.869140625
nzl,1955,30476.70703125
nzl,1956,30816.46875
nzl,1957,31905.513671875
nzl,1958,31878.55859375
nzl,1959,34488.43359375
nzl,1960,38452.00390625
nzl,1961,40540.09375
nzl,1962,41934.6640625
nzl,1963,45452.65234375
nzl,1964,47751.8359375
nzl,1965,50443.83984375
nzl,1966,53606.796875
nzl,1967,50286.89453125
nzl,1968,49977.34765625
nzl,1969,55309.80078125
nzl,1970,53431.28125
nzl,1971,55856.28125
nzl,1972,60733.39453125
nzl,1973,66370.3359375
nzl,1974,65555.796875
nzl,1975,62533.52734375
nzl,1976,64336.9375
nzl,1977,62524.33203125
nzl,1978,63057.1484375
nzl,1979,62725.921875
nzl,1980,62491.625
nzl,1981,64969.16796875
nzl,1982,65829.4765625
nzl,1983,69166.8125
nzl,1984,71776.5390625
nzl,1985,72136.65625
nzl,1986,76249.5546875
nzl,1987,78973.453125
nzl,1988,82373.359375
nzl,1989,84227.25
nzl,1990,83839.4375
nzl,1991,82637.8359375
nzl,1992,84765.5390625
nzl,1993,91741.7265625
nzl,1994,97618.796875
nzl,1995,102687.046875
nzl,1996,107173.3125
nzl,1997,110807.859375
nzl,1998,113131.421875
nzl,1999,120302.328125
nzl,2000,123115.3203125
nzl,2001,127835.8203125
nzl,2002,132144.4375
nzl,2003,136969.46875
nzl,2004,139551.34375
nzl,2005,142608.03125
nzl,2006,146313.71875
nzl,2007,156770.875
nzl,2008,156356.546875
nzl,2009,158037.515625
nzl,2010,164749.734375
nzl,2011,171764.96875
nzl,2012,175599.46875
nzl,2013,180982.09375
nzl,2014,186369.78125
nzl,2015,192484.96875
nzl,2016,204714.96875
nzl,2017,214872.03125
nzl,2018,215945.84375
nzl,2019,229898.8125
nzl,2020,231248.9375
nzl,2021,241754.625
nzl,2022,245285.890625
nzl,2023,245936.5625
omn,1970,9764.251953125
omn,1971,6840.45068359375
omn,1972,5884.0537109375
omn,1973,4880.79541015625
omn,1974,7463.21044921875
omn,1975,8575.61328125
omn,1976,9364.6416015625
omn,1977,11055.6279296875
omn,1978,12024.5908203125
omn,1979,14383.4189453125
omn,1980,16063.8515625
omn,1981,18962.96875
omn,1982,20013.5390625
omn,1983,20483.796875
omn,1984,22593.5078125
omn,1985,25302.40234375
omn,1986,19161.583984375
omn,1987,19774.626953125
omn,1988,17995.193359375
omn,1989,19551.890625
omn,1990,23124.291015625
omn,1991,22614.814453125
omn,1992,24513.6640625
omn,1993,25012.82421875
omn,1994,25756.375
omn,1995,28268.888671875
omn,1996,31704.93359375
omn,1997,34790.73828125
omn,1998,35197.40234375
omn,1999,40347.82421875
omn,2000,47332.66015625
omn,2001,51047.92578125
omn,2002,57501.62109375
omn,2003,66752.078125
omn,2004,87417.96875
omn,2005,96873.8828125
omn,2006,132155.28125
omn,2007,151738.59375
omn,2008,186332.578125
omn,2009,178672.5
omn,2010,178803.265625
omn,2011,206835.515625
omn,2012,223981.75
omn,2013,217655.765625
omn,2014,211866.359375
omn,2015,180524.921875
omn,2016,173403.546875
omn,2017,176229.5625
omn,2018,189837.90625
omn,2019,184557.421875
omn,2020,158657.328125
omn,2021,186545.9375
omn,2022,232113.234375
omn,2023,215063.5625
pak,1950,54860.08203125
pak,1951,54555.1875
pak,1952,53245.6484375
pak,1953,55008.73828125
pak,1954,55700.484375
pak,1955,54065.2578125
pak,1956,56882.96875
pak,1957,57173.0078125
pak,1958,57465.62109375
pak,1959,61670.07421875
pak,1960,62128.9765625
pak,1961,64712.6015625
pak,1962,68412.7265625
pak,1963,72641.109375
pak,1964,77902.390625
pak,1965,85123.25
pak,1966,95964.3125
pak,1967,97802.4375
pak,1968,103881.1640625
pak,1969,112078.96875
pak,1970,122396.4140625
pak,1971,124942.6171875
pak,1972,128435.6953125
pak,1973,134615.390625
pak,1974,138502.015625
pak,1975,140438.265625
pak,1976,149423.046875
pak,1977,154501.484375
pak,1978,164504.25
pak,1979,172323.28125
pak,1980,184954.046875
pak,1981,195592.15625
pak,1982,204053.1875
pak,1983,217595.296875
pak,1984,230901.234375
pak,1985,245865.71875
pak,1986,257417.875
pak,1987,276047.0625
pak,1988,295632.5625
pak,1989,308400.25
pak,1990,316651.78125
pak,1991,323555.8125
pak,1992,342804.3125
pak,1993,349828.4375
pak,1994,358066.3125
pak,1995,378969.40625
pak,1996,416561.9375
pak,1997,433217.09375
pak,1998,477765.0
pak,1999,509515.875
pak,2000,545315.6875
pak,2001,558303.4375
pak,2002,580688.3125
pak,2003,610172.25
pak,2004,658501.625
pak,2005,720696.875
pak,2006,762606.625
pak,2007,804293.4375
pak,2008,822873.9375
pak,2009,866122.25
pak,2010,908060.0
pak,2011,965283.0
pak,2012,1007534.125
pak,2013,1017820.6875
pak,2014,1048411.125
pak,2015,1110515.125
pak,2016,1140238.625
pak,2017,1173681.125
pak,2018,1194681.5
pak,2019,1221552.0
pak,2020,1218623.125
pak,2021,1278586.625
pak,2022,1323279.125
pak,2023,1377306.75
pan,1950,2281.19091796875
pan,1951,2196.54370117188
pan,1952,2420.83178710938
pan,1953,2566.68188476563
pan,1954,2753.37524414063
pan,1955,2960.48706054688
pan,1956,3026.04809570313
pan,1957,3316.45336914063
pan,1958,3362.34765625
pan,1959,3506.29321289063
pan,1960,3727.37548828125
pan,1961,4156.30029296875
pan,1962,4532.5478515625
pan,1963,4916.78857421875
pan,1964,5170.7861328125
pan,1965,5678.8564453125
pan,1966,6100.2490234375
pan,1967,6707.3583984375
pan,1968,7190.0595703125
pan,1969,7841.17724609375
pan,1970,9121.2119140625
pan,1971,10181.462890625
pan,1972,10800.9658203125
pan,1973,11223.3271484375
pan,1974,11274.068359375
pan,1975,11424.7646484375
pan,1976,11496.5576171875
pan,1977,11417.0224609375
pan,1978,12695.9453125
pan,1979,12859.1357421875
pan,1980,14665.3154296875
pan,1981,15655.4248046875
pan,1982,15991.7021484375
pan,1983,16594.2265625
pan,1984,16530.154296875
pan,1985,17004.447265625
pan,1986,18313.658203125
pan,1987,19377.8828125
pan,1988,17546.37890625
pan,1989,17514.17578125
pan,1990,18305.30859375
pan,1991,20330.201171875
pan,1992,22227.990234375
pan,1993,23541.53515625
pan,1994,23984.634765625
pan,1995,23696.556640625
pan,1996,24811.6875
pan,1997,27516.76171875
pan,1998,29834.962890625
pan,1999,31086.6015625
pan,2000,32413.72265625
pan,2001,33721.2890625
pan,2002,35569.9296875
pan,2003,39550.2421875
pan,2004,41803.3984375
pan,2005,47834.6953125
pan,2006,51992.875
pan,2007,49628.15234375
pan,2008,55481.6015625
pan,2009,60518.5234375
pan,2010,65131.22265625
pan,2011,74582.375
pan,2012,83863.1171875
pan,2013,90925.390625
pan,2014,101138.3828125
pan,2015,113774.3984375
pan,2016,126109.9375
pan,2017,139197.4375
pan,2018,139163.984375
pan,2019,145549.09375
pan,2020,120406.203125
pan,2021,136373.609375
pan,2022,153350.921875
pan,2023,162314.46875
per,1950,19345.732421875
per,1951,21138.70703125
per,1952,21598.361328125
per,1953,22455.740234375
per,1954,24392.212890625
per,1955,25269.263671875
per,1956,26041.3515625
per,1957,27790.248046875
per,1958,27070.126953125
per,1959,28192.76171875
per,1960,31583.064453125
per,1961,33454.55078125
per,1962,36429.25390625
per,1963,38590.6796875
per,1964,42224.5234375
per,1965,44257.3671875
per,1966,48144.8828125
per,1967,50602.6640625
per,1968,51883.40625
per,1969,54709.5
per,1970,58605.44921875
per,1971,60450.36328125
per,1972,61537.0546875
per,1973,67140.15625
per,1974,72761.46875
per,1975,72922.984375
per,1976,74418.15625
per,1977,74668.3359375
per,1978,73579.3359375
per,1979,80607.8203125
per,1980,84880.7421875
per,1981,88397.3046875
per,1982,89487.1484375
per,1983,83573.03125
per,1984,88839.828125
per,1985,91681.1640625
per,1986,100530.1328125
per,1987,113093.4375
per,1988,107222.9609375
per,1989,89934.2734375
per,1990,91156.6953125
per,1991,95070.1484375
per,1992,96995.7578125
per,1993,103836.609375
per,1994,120808.90625
per,1995,135300.140625
per,1996,141556.65625
per,1997,151655.703125
per,1998,148170.8125
per,1999,148751.546875
per,2000,153512.546875
per,2001,154774.375
per,2002,166031.984375
per,2003,176379.671875
per,2004,191585.484375
per,2005,213869.6875
per,2006,245783.5
per,2007,270181.65625
per,2008,289331.40625
per,2009,292620.9375
per,2010,331580.6875
per,2011,365050.65625
per,2012,380143.625
per,2013,383352.0
per,2014,387287.78125
per,2015,391340.28125
per,2016,403290.125
per,2017,418110.125
per,2018,435469.96875
per,2019,456226.875
per,2020,420036.78125
per,2021,499252.28125
per,2022,501427.375
per,2023,499324.03125
phl,1950,33807.5703125
phl,1951,34816.40625
phl,1952,36793.9921875
phl,1953,42286.453125
phl,1954,45050.296875
phl,1955,48328.83203125
phl,1956,50118.546875
phl,1957,53123.39453125
phl,1958,54857.34375
phl,1959,59845.0703125
phl,1960,61307.12890625
phl,1961,63357.35546875
phl,1962,67597.0
phl,1963,71881.625
phl,1964,72664.578125
phl,1965,76354.203125
phl,1966,80307.0625
phl,1967,82865.703125
phl,1968,88789.6953125
phl,1969,94061.9140625
phl,1970,100672.5703125
phl,1971,106236.265625
phl,1972,111076.3984375
phl,1973,124150.8984375
phl,1974,129129.9609375
phl,1975,136958.203125
phl,1976,145780.015625
phl,1977,153099.921875
phl,1978,161618.703125
phl,1979,167227.421875
phl,1980,182688.515625
phl,1981,190679.875
phl,1982,197408.625
phl,1983,198850.59375
phl,1984,189191.71875
phl,1985,180633.359375
phl,1986,192241.484375
phl,1987,209949.078125
phl,1988,232029.65625
phl,1989,249431.25
phl,1990,267178.6875
phl,1991,277775.5
phl,1992,290922.5
phl,1993,306181.34375
phl,1994,338105.15625
phl,1995,373088.75
phl,1996,405234.0625
phl,1997,406449.9375
phl,1998,397334.34375
phl,1999,401844.53125
phl,2000,411421.9375
phl,2001,405447.71875
phl,2002,406273.03125
phl,2003,415333.375
phl,2004,424066.46875
phl,2005,440843.90625
phl,2006,473899.40625
phl,2007,514579.6875
phl,2008,548970.9375
phl,2009,576131.875
phl,2010,645388.125
phl,2011,680398.1875
phl,2012,734749.6875
phl,2013,753712.75
phl,2014,792359.3125
phl,2015,828095.125
phl,2016,881793.0
phl,2017,921333.875
phl,2018,970683.0625
phl,2019,1036577.1875
phl,2020,949070.6875
phl,2021,986062.9375
phl,2022,1044141.8125
phl,2023,1103699.5
pol,1970,198668.75
pol,1971,213649.609375
pol,1972,223807.4375
pol,1973,232342.75
pol,1974,250782.46875
pol,1975,265437.3125
pol,1976,273190.9375
pol,1977,281921.71875
pol,1978,285205.28125
pol,1979,284700.21875
pol,1980,255595.8125
pol,1981,242471.40625
pol,1982,244172.453125
pol,1983,263590.9375
pol,1984,287236.46875
pol,1985,311871.1875
pol,1986,328539.5
pol,1987,344160.09375
pol,1988,365518.78125
pol,1989,383719.1875
pol,1990,373480.6875
pol,1991,352954.625
pol,1992,376195.9375
pol,1993,402257.65625
pol,1994,429735.625
pol,1995,466838.71875
pol,1996,494227.625
pol,1997,524896.3125
pol,1998,551595.125
pol,1999,581370.75
pol,2000,597642.6875
pol,2001,614583.375
pol,2002,634791.1875
pol,2003,635079.125
pol,2004,672350.8125
pol,2005,697050.125
pol,2006,735483.0625
pol,2007,808701.6875
pol,2008,848179.25
pol,2009,904248.4375
pol,2010,966979.0
pol,2011,1062322.875
pol,2012,1081364.75
pol,2013,1071446.0
pol,2014,1090530.25
pol,2015,1168802.75
pol,2016,1199187.0
pol,2017,1250458.125
pol,2018,1298346.5
pol,2019,1418779.25
pol,2020,1417148.0
pol,2021,1507236.625
pol,2022,1559997.0
pol,2023,1569468.0
prt,1950,26639.8046875
prt,1951,29387.50390625
prt,1952,30551.169921875
prt,1953,32598.41796875
prt,1954,34268.62109375
prt,1955,35261.75
prt,1956,36870.99609375
prt,1957,38045.234375
prt,1958,38408.6796875
prt,1959,40646.9921875
prt,1960,43547.4921875
prt,1961,45981.0390625
prt,1962,49430.12109375
prt,1963,52502.765625
prt,1964,53840.0390625
prt,1965,57294.44140625
prt,1966,58708.71875
prt,1967,62829.58984375
prt,1968,73512.8828125
prt,1969,76510.7265625
prt,1970,80561.8125
prt,1971,86955.5078125
prt,1972,94129.5625
prt,1973,103841.8359375
prt,1974,103950.234375
prt,1975,98245.2265625
prt,1976,103391.859375
prt,1977,108906.6796875
prt,1978,111943.5234375
prt,1979,116508.4140625
prt,1980,120051.8125
prt,1981,117328.65625
prt,1982,118731.6796875
prt,1983,116719.71875
prt,1984,112441.375
prt,1985,116397.5078125
prt,1986,128713.3046875
prt,1987,137960.671875
prt,1988,149564.53125
prt,1989,159654.359375
prt,1990,171488.671875
prt,1991,179775.9375
prt,1992,188533.1875
prt,1993,188942.796875
prt,1994,199646.34375
prt,1995,208292.96875
prt,1996,214252.390625
prt,1997,229479.96875
prt,1998,242874.59375
prt,1999,258643.28125
prt,2000,269564.15625
prt,2001,276566.8125
prt,2002,282420.59375
prt,2003,281974.21875
prt,2004,286777.78125
prt,2005,304441.28125
prt,2006,316686.84375
prt,2007,333328.21875
prt,2008,339483.125
prt,2009,341757.96875
prt,2010,349194.125
prt,2011,345965.90625
prt,2012,337356.40625
prt,2013,327912.9375
prt,2014,328092.75
prt,2015,339205.25
prt,2016,349756.5625
prt,2017,359183.8125
prt,2018,367140.625
prt,2019,391408.25
prt,2020,362190.03125
prt,2021,377007.5625
prt,2022,397967.125
prt,2023,415351.0
pry,1951,3692.5068359375
pry,1952,3619.14501953125
pry,1953,3486.24926757813
pry,1954,3777.44262695313
pry,1955,4113.87548828125
pry,1956,4160.11767578125
pry,1957,4087.84448242188
pry,1958,4373.236328125
pry,1959,4444.68212890625
pry,1960,4509.8193359375
pry,1961,4760.30322265625
pry,1962,4916.337890625
pry,1963,5188.61865234375
pry,1964,5387.9365234375
pry,1965,5731.65234375
pry,1966,5856.24072265625
pry,1967,6291.89599609375
pry,1968,6578.28564453125
pry,1969,6937.19189453125
pry,1970,7504.72607421875
pry,1971,7963.404296875
pry,1972,8535.1181640625
pry,1973,9109.1474609375
pry,1974,9648.7734375
pry,1975,9814.5400390625
pry,1976,10875.0986328125
pry,1977,12428.6630859375
pry,1978,13556.623046875
pry,1979,13613.3544921875
pry,1980,16008.189453125
pry,1981,18152.107421875
pry,1982,18106.150390625
pry,1983,17706.11328125
pry,1984,18062.68359375
pry,1985,18798.712890625
pry,1986,18503.7734375
pry,1987,19279.189453125
pry,1988,20966.927734375
pry,1989,22475.8046875
pry,1990,23574.7109375
pry,1991,24247.66015625
pry,1992,25127.578125
pry,1993,26326.16015625
pry,1994,27641.1640625
pry,1995,29068.025390625
pry,1996,30115.375
pry,1997,30878.583984375
pry,1998,31358.05859375
pry,1999,30513.384765625
pry,2000,29064.875
pry,2001,30450.52734375
pry,2002,39473.16015625
pry,2003,41764.7890625
pry,2004,43065.9296875
pry,2005,43192.07421875
pry,2006,45716.0390625
pry,2007,50706.953125
pry,2008,56197.015625
pry,2009,59860.76953125
pry,2010,70958.0625
pry,2011,79299.2890625
pry,2012,77511.234375
pry,2013,84076.734375
pry,2014,86846.15625
pry,2015,87194.40625
pry,2016,91210.9375
pry,2017,94500.6875
pry,2018,94311.4375
pry,2019,96677.75
pry,2020,96889.3984375
pry,2021,100047.5234375
pry,2022,97962.328125
pry,2023,102749.8984375
pse,1970,1699.34509277344
pse,1971,1942.208984375
pse,1972,2291.88061523438
pse,1973,2192.4326171875
pse,1974,2728.25805664063
pse,1975,2758.98193359375
pse,1976,3187.3720703125
pse,1977,3157.91455078125
pse,1978,3575.66040039063
pse,1979,3515.51098632813
pse,1980,4086.92358398438
pse,1981,3816.23974609375
pse,1982,4167.55810546875
pse,1983,3989.875
pse,1984,4172.43212890625
pse,1985,4149.83447265625
pse,1986,4959.65966796875
pse,1987,4813.04443359375
pse,1988,4755.44970703125
pse,1989,4846.234375
pse,1990,5775.41845703125
pse,1991,5526.20263671875
pse,1992,6853.9931640625
pse,1993,7594.19921875
pse,1994,8781.337890625
pse,1995,9347.041015625
pse,1996,9292.9599609375
pse,1997,10577.5107421875
pse,1998,11947.9814453125
pse,1999,12946.283203125
pse,2000,12440.9248046875
pse,2001,11141.736328125
pse,2002,10061.10546875
pse,2003,11488.36328125
pse,2004,13180.9814453125
pse,2005,14730.53515625
pse,2006,14434.3525390625
pse,2007,14493.4248046875
pse,2008,16536.75390625
pse,2009,17986.318359375
pse,2010,19037.888671875
pse,2011,21452.7734375
pse,2012,25254.388671875
pse,2013,25206.583984375
pse,2014,26683.4765625
pse,2015,28748.2578125
pse,2016,30993.537109375
pse,2017,31271.177734375
pse,2018,32087.83984375
pse,2019,33926.8515625
pse,2020,31431.896484375
pse,2021,31829.404296875
pse,2022,33297.37109375
pse,2023,31422.318359375
qat,1970,11580.048828125
qat,1971,12771.45703125
qat,1972,14225.8349609375
qat,1973,15643.9580078125
qat,1974,16802.384765625
qat,1975,17977.044921875
qat,1976,18899.2890625
qat,1977,18073.236328125
qat,1978,19878.947265625
qat,1979,20516.126953125
qat,1980,19951.076171875
qat,1981,21390.9140625
qat,1982,17263.3359375
qat,1983,14408.1513671875
qat,1984,15281.21484375
qat,1985,14156.078125
qat,1986,11127.5908203125
qat,1987,12177.4853515625
qat,1988,12410.4619140625
qat,1989,14041.6826171875
qat,1990,15105.4443359375
qat,1991,13918.4560546875
qat,1992,14660.3212890625
qat,1993,13554.2685546875
qat,1994,13493.5322265625
qat,1995,14428.427734375
qat,1996,14917.005859375
qat,1997,19007.681640625
qat,1998,18236.314453125
qat,1999,23176.833984375
qat,2000,35585.45703125
qat,2001,38973.33203125
qat,2002,40925.3125
qat,2003,62514.390625
qat,2004,78978.25
qat,2005,106893.46875
qat,2006,145747.5
qat,2007,175704.421875
qat,2008,226351.4375
qat,2009,201060.828125
qat,2010,261348.75
qat,2011,378769.8125
qat,2012,408071.5625
qat,2013,414096.96875
qat,2014,369985.34375
qat,2015,291432.375
qat,2016,282892.6875
qat,2017,306126.5
qat,2018,308782.90625
qat,2019,316049.84375
qat,2020,257750.609375
qat,2021,309226.28125
qat,2022,404142.625
qat,2023,377401.90625
rou,1960,29601.69140625
rou,1961,32537.826171875
rou,1962,35634.1015625
rou,1963,38554.7421875
rou,1964,40917.28125
rou,1965,45110.66015625
rou,1966,47734.31640625
rou,1967,53228.90625
rou,1968,57191.9296875
rou,1969,61267.23046875
rou,1970,65394.30078125
rou,1971,74072.28125
rou,1972,82233.4921875
rou,1973,90013.828125
rou,1974,101055.515625
rou,1975,111301.421875
rou,1976,126967.625
rou,1977,136015.453125
rou,1978,146193.5625
rou,1979,158957.796875
rou,1980,163589.3125
rou,1981,164009.25
rou,1982,172957.765625
rou,1983,179750.84375
rou,1984,187908.046875
rou,1985,192688.40625
rou,1986,198662.0625
rou,1987,202435.5
rou,1988,209255.125
rou,1989,197888.546875
rou,1990,191164.140625
rou,1991,177925.84375
rou,1992,163446.875
rou,1993,172476.4375
rou,1994,184887.109375
rou,1995,193444.765625
rou,1996,199110.8125
rou,1997,189660.59375
rou,1998,184251.671875
rou,1999,185420.984375
rou,2000,189080.53125
rou,2001,206598.8125
rou,2002,217349.28125
rou,2003,215921.90625
rou,2004,243302.125
rou,2005,256023.21875
rou,2006,291964.0625
rou,2007,343822.25
rou,2008,403076.59375
rou,2009,401813.96875
rou,2010,408006.03125
rou,2011,439564.8125
rou,2012,457029.03125
rou,2013,440280.21875
rou,2014,453578.0
rou,2015,479106.0625
rou,2016,499766.71875
rou,2017,549551.8125
rou,2018,576239.6875
rou,2019,634508.75
rou,2020,621892.8125
rou,2021,649700.9375
rou,2022,670688.4375
rou,2023,694363.0625
rus,1990,2497125.5
rus,1991,2317864.0
rus,1992,2535901.25
rus,1993,2097848.0
rus,1994,1731316.625
rus,1995,1599175.875
rus,1996,1538544.0
rus,1997,1484576.375
rus,1998,1399764.375
rus,1999,1486345.875
rus,2000,1728219.375
rus,2001,1666134.875
rus,2002,1708176.75
rus,2003,1854983.5
rus,2004,2077787.875
rus,2005,2372188.25
rus,2006,2740054.0
rus,2007,3160391.5
rus,2008,3607741.0
rus,2009,3267917.25
rus,2010,3702318.75
rus,2011,4219018.5
rus,2012,4517778.5
rus,2013,4389985.0
rus,2014,4297342.5
rus,2015,4057007.25
rus,2016,3980630.75
rus,2017,4238637.5
rus,2018,4617045.5
rus,2019,4972391.0
rus,2020,4860280.0
rus,2021,5703566.5
rus,2022,5832035.0
rus,2023,5878648.5
rwa,1960,3289.67407226563
rwa,1961,3142.92993164063
rwa,1962,3462.1083984375
rwa,1963,3096.8984375
rwa,1964,2737.8310546875
rwa,1965,2905.80297851563
rwa,1966,3118.75708007813
rwa,1967,3364.55615234375
rwa,1968,3587.71533203125
rwa,1969,3965.34545898438
rwa,1970,4228.3203125
rwa,1971,4251.4326171875
rwa,1972,4400.544921875
rwa,1973,4547.95068359375
rwa,1974,4649.00537109375
rwa,1975,4711.37060546875
rwa,1976,5524.06982421875
rwa,1977,5906.28369140625
rwa,1978,5905.69091796875
rwa,1979,6735.6689453125
rwa,1980,6654.4951171875
rwa,1981,7674.79248046875
rwa,1982,7496.39501953125
rwa,1983,7977.17333984375
rwa,1984,7731.44921875
rwa,1985,8133.73974609375
rwa,1986,8580.263671875
rwa,1987,8213.146484375
rwa,1988,8319.5615234375
rwa,1989,8946.701171875
rwa,1990,8637.11328125
rwa,1991,7583.22314453125
rwa,1992,7959.7783203125
rwa,1993,7269.912109375
rwa,1994,3344.47192382813
rwa,1995,4112.88623046875
rwa,1996,4868.7822265625
rwa,1997,6051.50439453125
rwa,1998,6771.63330078125
rwa,1999,7246.515625
rwa,2000,8025.41650390625
rwa,2001,8624.7548828125
rwa,2002,9755.3427734375
rwa,2003,9878.84765625
rwa,2004,10802.7958984375
rwa,2005,12144.203125
rwa,2006,13275.91796875
rwa,2007,14130.1123046875
rwa,2008,14817.611328125
rwa,2009,15993.26171875
rwa,2010,17204.5
rwa,2011,19221.505859375
rwa,2012,20119.400390625
rwa,2013,20226.8203125
rwa,2014,22023.568359375
rwa,2015,23622.82421875
rwa,2016,24482.791015625
rwa,2017,25804.666015625
rwa,2018,28315.083984375
rwa,2019,30843.255859375
rwa,2020,30341.39453125
rwa,2021,34320.0546875
rwa,2022,37199.625
rwa,2023,39842.94921875
sau,1970,128864.0546875
sau,1971,157775.265625
sau,1972,188108.875
sau,1973,220518.140625
sau,1974,347335.875
sau,1975,298046.84375
sau,1976,361495.78125
sau,1977,365105.5625
sau,1978,356697.65625
sau,1979,372771.4375
sau,1980,407530.59375
sau,1981,414807.375
sau,1982,365656.21875
sau,1983,339444.21875
sau,1984,321842.53125
sau,1985,282138.84375
sau,1986,290643.3125
sau,1987,277142.9375
sau,1988,304443.5625
sau,1989,303614.375
sau,1990,319049.5625
sau,1991,356611.96875
sau,1992,382607.40625
sau,1993,385347.0625
sau,1994,376293.53125
sau,1995,374701.28125
sau,1996,380353.75
sau,1997,391854.5
sau,1998,357520.21875
sau,1999,404798.78125
sau,2000,483095.125
sau,2001,463982.8125
sau,2002,515922.8125
sau,2003,563520.0
sau,2004,672600.0625
sau,2005,826910.25
sau,2006,975634.4375
sau,2007,1095293.875
sau,2008,1417489.625
sau,2009,1225347.125
sau,2010,1540415.5
sau,2011,2099275.75
sau,2012,2152247.5
sau,2013,2072858.625
sau,2014,2073017.0
sau,2015,1807642.625
sau,2016,1692668.625
sau,2017,1772418.25
sau,2018,1851567.5
sau,2019,1817161.875
sau,2020,1566123.25
sau,2021,1806779.25
sau,2022,2085683.125
sau,2023,1885010.0
sdn,1970,18956.8046875
sdn,1971,20194.66015625
sdn,1972,19242.712890625
sdn,1973,18627.091796875
sdn,1974,22686.298828125
sdn,1975,26699.9453125
sdn,1976,30630.673828125
sdn,1977,34692.015625
sdn,1978,34137.50390625
sdn,1979,31888.38671875
sdn,1980,33385.30078125
sdn,1981,35860.19140625
sdn,1982,39141.4453125
sdn,1983,34611.6015625
sdn,1984,35444.17578125
sdn,1985,36816.70703125
sdn,1986,40728.62109375
sdn,1987,41892.83984375
sdn,1988,42846.87109375
sdn,1989,42104.28125
sdn,1990,45000.62890625
sdn,1991,48850.2578125
sdn,1992,49216.5703125
sdn,1993,47282.46484375
sdn,1994,49870.5546875
sdn,1995,49431.2578125
sdn,1996,49801.61328125
sdn,1997,54190.98828125
sdn,1998,56695.04296875
sdn,1999,63121.078125
sdn,2000,64699.359375
sdn,2001,66554.2890625
sdn,2002,70412.953125
sdn,2003,71470.8984375
sdn,2004,75953.0859375
sdn,2005,94670.671875
sdn,2006,120939.1875
sdn,2007,125732.9296875
sdn,2008,127041.90625
sdn,2009,156965.46875
sdn,2010,192973.640625
sdn,2011,236274.4375
sdn,2012,244706.59375
sdn,2013,181001.125
sdn,2014,284445.53125
sdn,2015,294547.375
sdn,2016,433566.09375
sdn,2017,564443.9375
sdn,2018,301301.90625
sdn,2019,229830.84375
sdn,2020,216021.71875
sdn,2021,142079.4375
sdn,2022,142378.75
sdn,2023,120557.2421875
sen,1960,10273.56640625
sen,1961,10548.7666015625
sen,1962,10496.2294921875
sen,1963,10709.2099609375
sen,1964,11098.685546875
sen,1965,11069.3740234375
sen,1966,11520.7666015625
sen,1967,11513.2880859375
sen,1968,11198.9150390625
sen,1969,9959.7900390625
sen,1970,11076.375
sen,1971,11048.2236328125
sen,1972,11446.5048828125
sen,1973,10714.77734375
sen,1974,11882.6767578125
sen,1975,12431.341796875
sen,1976,13197.8115234375
sen,1977,13405.50390625
sen,1978,13105.2646484375
sen,1979,13987.5537109375
sen,1980,13376.955078125
sen,1981,13676.4677734375
sen,1982,15991.162109375
sen,1983,17058.0078125
sen,1984,18144.158203125
sen,1985,20145.85546875
sen,1986,21478.505859375
sen,1987,21963.2890625
sen,1988,22695.28125
sen,1989,22530.26171875
sen,1990,23163.90625
sen,1991,22961.810546875
sen,1992,23348.517578125
sen,1993,22805.193359375
sen,1994,23104.3203125
sen,1995,23366.119140625
sen,1996,24747.05859375
sen,1997,24769.494140625
sen,1998,25424.037109375
sen,1999,27264.326171875
sen,2000,27185.00390625
sen,2001,29509.146484375
sen,2002,28669.19140625
sen,2003,30858.07421875
sen,2004,31030.49609375
sen,2005,33302.49609375
sen,2006,34250.84375
sen,2007,35561.87890625
sen,2008,35880.8984375
sen,2009,39331.90234375
sen,2010,41291.98828125
sen,2011,41860.76171875
sen,2012,43514.2265625
sen,2013,43254.19140625
sen,2014,44969.87109375
sen,2015,47647.171875
sen,2016,50232.27734375
sen,2017,52290.29296875
sen,2018,55082.51953125
sen,2019,59958.421875
sen,2020,61344.078125
sen,2021,66477.2734375
sen,2022,67883.0859375
sen,2023,70361.5546875
sgp,1960,5352.94677734375
sgp,1961,5729.57861328125
sgp,1962,6238.73095703125
sgp,1963,6986.57373046875
sgp,1964,6775.28271484375
sgp,1965,7398.53564453125
sgp,1966,8356.5654296875
sgp,1967,9539.1748046875
sgp,1968,10963.953125
sgp,1969,12634.9013671875
sgp,1970,14318.5380859375
sgp,1971,16348.67578125
sgp,1972,18611.2421875
sgp,1973,20610.884765625
sgp,1974,22830.21484375
sgp,1975,23848.923828125
sgp,1976,25414.205078125
sgp,1977,27017.2578125
sgp,1978,29370.990234375
sgp,1979,32439.974609375
sgp,1980,36703.5078125
sgp,1981,40354.74609375
sgp,1982,44623.92578125
sgp,1983,49089.76171875
sgp,1984,52675.01171875
sgp,1985,51183.66015625
sgp,1986,50887.39453125
sgp,1987,55565.37890625
sgp,1988,61179.33203125
sgp,1989,67368.1171875
sgp,1990,74596.1796875
sgp,1991,81327.578125
sgp,1992,86090.3125
sgp,1993,95800.28125
sgp,1994,104735.78125
sgp,1995,115745.2265625
sgp,1996,123953.90625
sgp,1997,140733.078125
sgp,1998,139532.5
sgp,1999,152747.21875
sgp,2000,186472.65625
sgp,2001,187275.5
sgp,2002,204533.75
sgp,2003,217476.40625
sgp,2004,265008.15625
sgp,2005,310285.21875
sgp,2006,338104.78125
sgp,2007,372255.96875
sgp,2008,370948.9375
sgp,2009,378104.5
sgp,2010,446433.6875
sgp,2011,477198.3125
sgp,2012,492644.15625
sgp,2013,481453.78125
sgp,2014,482568.375
sgp,2015,495563.4375
sgp,2016,507291.65625
sgp,2017,538048.5625
sgp,2018,568585.0625
sgp,2019,573617.875
sgp,2020,539427.5625
sgp,2021,638975.8125
sgp,2022,709833.125
sgp,2023,651668.8125
sle,1961,2353.71484375
sle,1962,2469.408203125
sle,1963,2602.08227539063
sle,1964,3081.46899414063
sle,1965,3142.27026367188
sle,1966,3106.81787109375
sle,1967,2851.66333007813
sle,1968,3074.98510742188
sle,1969,3220.23217773438
sle,1970,3930.25610351563
sle,1971,4006.04614257813
sle,1972,4188.55810546875
sle,1973,4306.66015625
sle,1974,4412.8544921875
sle,1975,4398.1669921875
sle,1976,4307.27490234375
sle,1977,4347.1484375
sle,1978,4485.1875
sle,1979,4553.7177734375
sle,1980,4473.173828125
sle,1981,4762.11328125
sle,1982,5058.60546875
sle,1983,4963.4697265625
sle,1984,5188.34814453125
sle,1985,5283.70263671875
sle,1986,5416.59375
sle,1987,5826.98828125
sle,1988,6077.59326171875
sle,1989,6433.09228515625
sle,1990,7157.52734375
sle,1991,7417.0703125
sle,1992,6985.6572265625
sle,1993,7779.86328125
sle,1994,8689.4208984375
sle,1995,8184.3017578125
sle,1996,6943.53173828125
sle,1997,6162.9912109375
sle,1998,5397.279296875
sle,1999,3968.37622070313
sle,2000,4606.470703125
sle,2001,5232.58349609375
sle,2002,6096.9462890625
sle,2003,6282.44873046875
sle,2004,6402.0693359375
sle,2005,6466.77685546875
sle,2006,6773.33837890625
sle,2007,7153.755859375
sle,2008,7663.1123046875
sle,2009,8146.4501953125
sle,2010,8428.6591796875
sle,2011,8973.6875
sle,2012,10821.736328125
sle,2013,13258.1953125
sle,2014,13337.552734375
sle,2015,13182.97265625
sle,2016,14857.7060546875
sle,2017,15486.23828125
sle,2018,19971.263671875
sle,2019,19796.974609375
sle,2020,20294.37109375
sle,2021,21007.560546875
sle,2022,22448.015625
sle,2023,23182.59765625
slv,1950,4225.42529296875
slv,1951,4469.95947265625
slv,1952,4755.27197265625
slv,1953,5112.62353515625
slv,1954,5419.1318359375
slv,1955,5599.1865234375
slv,1956,5795.58056640625
slv,1957,6246.3564453125
slv,1958,6007.25244140625
slv,1959,6061.07373046875
slv,1960,6152.36083984375
slv,1961,6324.8779296875
slv,1962,6971.01318359375
slv,1963,7185.31201171875
slv,1964,7781.56982421875
slv,1965,8363.701171875
slv,1966,8918.61328125
slv,1967,9427.5390625
slv,1968,9491.8740234375
slv,1969,9775.0009765625
slv,1970,10694.0712890625
slv,1971,10766.486328125
slv,1972,11447.873046875
slv,1973,12187.2626953125
slv,1974,12091.15234375
slv,1975,12565.400390625
slv,1976,14550.396484375
slv,1977,17112.646484375
slv,1978,16054.705078125
slv,1979,16105.8408203125
slv,1980,14747.814453125
slv,1981,13088.802734375
slv,1982,12540.115234375
slv,1983,12754.9013671875
slv,1984,13260.462890625
slv,1985,13849.859375
slv,1986,14865.390625
slv,1987,14838.1220703125
slv,1988,15591.5947265625
slv,1989,15861.4677734375
slv,1990,15671.689453125
slv,1991,16244.5849609375
slv,1992,17523.9609375
slv,1993,19222.900390625
slv,1994,20760.412109375
slv,1995,22652.435546875
slv,1996,23639.74609375
slv,1997,24989.61328125
slv,1998,26051.541015625
slv,1999,27194.4296875
slv,2000,27839.390625
slv,2001,29162.76171875
slv,2002,30566.349609375
slv,2003,31745.130859375
slv,2004,32745.82421875
slv,2005,35580.6640625
slv,2006,38032.1875
slv,2007,39892.03515625
slv,2008,41403.765625
slv,2009,42395.0
slv,2010,44576.16015625
slv,2011,47917.86328125
slv,2012,48721.453125
slv,2013,49094.12109375
slv,2014,50593.1953125
slv,2015,53167.53125
slv,2016,55103.51953125
slv,2017,56494.953125
slv,2018,58329.9296875
slv,2019,61882.234375
slv,2020,58761.3046875
slv,2021,65349.62109375
slv,2022,65984.1875
slv,2023,69361.265625
som,1970,2497.79248046875
som,1971,2702.8349609375
som,1972,2618.73461914063
som,1973,2536.19262695313
som,1974,2725.40087890625
som,1975,2986.12524414063
som,1976,2590.5625
som,1977,2621.72094726563
som,1978,3250.79125976563
som,1979,2801.484375
som,1980,3074.98583984375
som,1981,3192.654296875
som,1982,3514.21606445313
som,1983,3140.3369140625
som,1984,3377.1904296875
som,1985,3551.22265625
som,1986,3626.66870117188
som,1987,3575.37426757813
som,1988,3430.14526367188
som,1989,4233.57861328125
som,1990,4511.34619140625
som,1991,4543.56201171875
som,1992,4183.240234375
som,1993,4422.4130859375
som,1994,3634.10913085938
som,1995,3786.29125976563
som,1996,4110.34912109375
som,1997,4144.8466796875
som,1998,4376.0947265625
som,1999,4661.23095703125
som,2000,5005.39013671875
som,2001,5367.333984375
som,2002,5840.533203125
som,2003,6254.916015625
som,2004,6713.63671875
som,2005,7401.44482421875
som,2006,7776.79541015625
som,2007,8292.9755859375
som,2008,8924.3974609375
som,2009,9469.7421875
som,2010,10138.330078125
som,2011,10875.677734375
som,2012,11481.6787109375
som,2013,11267.90625
som,2014,13428.0078125
som,2015,16801.5234375
som,2016,19497.326171875
som,2017,21472.96875
som,2018,22022.478515625
som,2019,22656.232421875
som,2020,22031.185546875
som,2021,22948.2734375
som,2022,23415.798828125
som,2023,24834.89453125
srb,1990,123160.6640625
srb,1991,108714.6015625
srb,1992,78224.6328125
srb,1993,54470.1953125
srb,1994,55682.41796875
srb,1995,58873.73828125
srb,1996,58741.91015625
srb,1997,63046.83984375
srb,1998,66857.78125
srb,1999,61241.07421875
srb,2000,65353.21875
srb,2001,62010.90625
srb,2002,68791.84375
srb,2003,74284.578125
srb,2004,77673.5703125
srb,2005,85239.09375
srb,2006,93226.78125
srb,2007,98870.4609375
srb,2008,107492.859375
srb,2009,107721.7421875
srb,2010,107339.6171875
srb,2011,118143.5625
srb,2012,116932.2109375
srb,2013,117171.5703125
srb,2014,114845.0234375
srb,2015,117089.7890625
srb,2016,121185.015625
srb,2017,123643.2265625
srb,2018,127004.28125
srb,2019,137933.671875
srb,2020,135572.421875
srb,2021,145646.359375
srb,2022,146138.09375
srb,2023,156221.609375
ssd,2008,12058.5986328125
ssd,2009,10448.701171875
ssd,2010,12520.8212890625
ssd,2011,14209.283203125
ssd,2012,5240.28857421875
ssd,2013,7270.228515625
ssd,2014,8149.232421875
ssd,2015,3384.09838867188
ssd,2016,4988.45751953125
ssd,2017,4858.68505859375
ssd,2018,7375.69580078125
ssd,2019,8868.4365234375
ssd,2020,8083.017578125
ssd,2021,10206.0703125
ssd,2022,10359.8935546875
ssd,2023,7328.65087890625
stp,1970,151.853042602539
stp,1971,159.284973144531
stp,1972,163.29313659668
stp,1973,168.802444458008
stp,1974,178.951217651367
stp,1975,189.537399291992
stp,1976,192.678588867188
stp,1977,231.202163696289
stp,1978,249.81852722168
stp,1979,290.588684082031
stp,1980,248.166381835938
stp,1981,222.987579345703
stp,1982,230.759902954102
stp,1983,220.478424072266
stp,1984,213.718048095703
stp,1985,223.12255859375
stp,1986,212.527740478516
stp,1987,204.767837524414
stp,1988,198.876205444336
stp,1989,224.231842041016
stp,1990,224.897338867188
stp,1991,221.1328125
stp,1992,219.183380126953
stp,1993,222.003509521484
stp,1994,218.339248657227
stp,1995,209.876235961914
stp,1996,221.008041381836
stp,1997,222.07453918457
stp,1998,237.939956665039
stp,1999,236.676879882813
stp,2000,252.983505249023
stp,2001,312.416076660156
stp,2002,324.143676757813
stp,2003,338.30810546875
stp,2004,363.386505126953
stp,2005,392.49609375
stp,2006,415.13037109375
stp,2007,429.187225341797
stp,2008,465.625366210938
stp,2009,485.13623046875
stp,2010,549.387329101563
stp,2011,629.99560546875
stp,2012,671.203125
stp,2013,753.376037597656
stp,2014,867.322509765625
stp,2015,887.93994140625
stp,2016,820.764038085938
stp,2017,895.355407714844
stp,2018,1005.00994873047
stp,2019,1133.11279296875
stp,2020,1217.537109375
stp,2021,1278.17614746094
stp,2022,1257.84423828125
stp,2023,1302.76232910156
sur,1970,2053.46948242188
sur,1971,2183.76123046875
sur,1972,2250.419921875
sur,1973,2351.61572265625
sur,1974,2142.73754882813
sur,1975,2342.41137695313
sur,1976,2425.00390625
sur,1977,2747.89282226563
sur,1978,2923.03540039063
sur,1979,2865.06396484375
sur,1980,2621.45874023438
sur,1981,2779.27270507813
sur,1982,2688.59936523438
sur,1983,2725.23291015625
sur,1984,2660.849609375
sur,1985,2956.794921875
sur,1986,2821.71875
sur,1987,2566.17163085938
sur,1988,2979.3359375
sur,1989,3118.24951171875
sur,1990,3185.42553710938
sur,1991,3277.5166015625
sur,1992,3367.20336914063
sur,1993,3124.75219726563
sur,1994,3080.69140625
sur,1995,2898.97265625
sur,1996,3468.53002929688
sur,1997,3761.43920898438
sur,1998,3996.99072265625
sur,1999,3395.80151367188
sur,2000,3937.92309570313
sur,2001,4190.12744140625
sur,2002,4456.943359375
sur,2003,4962.43798828125
sur,2004,5399.8916015625
sur,2005,5809.8388671875
sur,2006,6232.47216796875
sur,2007,6643.7431640625
sur,2008,7323.45263671875
sur,2009,7790.16015625
sur,2010,8665.41796875
sur,2011,9579.380859375
sur,2012,10535.5986328125
sur,2013,11209.7275390625
sur,2014,11294.7109375
sur,2015,10668.283203125
sur,2016,9033.5166015625
sur,2017,10318.9580078125
sur,2018,10571.1640625
sur,2019,11525.7275390625
sur,2020,10044.095703125
sur,2021,11172.57421875
sur,2022,11091.021484375
sur,2023,11143.904296875
svk,1990,106433.53125
svk,1991,84887.0078125
svk,1992,79523.484375
svk,1993,79601.4609375
svk,1994,83417.8671875
svk,1995,87163.9765625
svk,1996,87191.2265625
svk,1997,89475.59375
svk,1998,88917.1328125
svk,1999,86315.5
svk,2000,90064.9140625
svk,2001,94860.703125
svk,2002,99366.5625
svk,2003,102762.1015625
svk,2004,107692.859375
svk,2005,116430.859375
svk,2006,127973.0234375
svk,2007,146117.28125
svk,2008,158556.796875
svk,2009,155049.1875
svk,2010,164949.046875
svk,2011,173180.640625
svk,2012,176470.671875
svk,2013,172022.078125
svk,2014,177439.84375
svk,2015,184336.25
svk,2016,177048.09375
svk,2017,180658.6875
svk,2018,182039.859375
svk,2019,180037.109375
svk,2020,193852.484375
svk,2021,201575.703125
svk,2022,194433.625
svk,2023,195683.375
svn,1990,46858.6640625
svn,1991,40991.38671875
svn,1992,38754.390625
svn,1993,41134.7109375
svn,1994,43690.36328125
svn,1995,46195.44921875
svn,1996,47546.859375
svn,1997,48825.85546875
svn,1998,49268.64453125
svn,1999,51138.046875
svn,2000,52462.3046875
svn,2001,54114.48046875
svn,2002,56013.08203125
svn,2003,56740.359375
svn,2004,60517.83984375
svn,2005,62833.109375
svn,2006,65585.2109375
svn,2007,70150.1171875
svn,2008,73941.3828125
svn,2009,68525.7109375
svn,2010,68735.6328125
svn,2011,71887.859375
svn,2012,70662.4140625
svn,2013,70078.6171875
svn,2014,71110.078125
svn,2015,73689.1953125
svn,2016,76703.03125
svn,2017,82357.75
svn,2018,86227.1015625
svn,2019,93556.0703125
svn,2020,91079.65625
svn,2021,97261.8828125
svn,2022,97883.0234375
svn,2023,101695.5234375
swe,1950,82144.6171875
swe,1951,88074.0546875
swe,1952,88094.6015625
swe,1953,90960.2109375
swe,1954,95843.7265625
swe,1955,98984.03125
swe,1956,102330.59375
swe,1957,104660.3515625
swe,1958,107641.8671875
swe,1959,113317.0546875
swe,1960,118122.21875
swe,1961,124837.765625
swe,1962,129062.0625
swe,1963,135287.625
swe,1964,144188.28125
swe,1965,150024.65625
swe,1966,153262.171875
swe,1967,158994.75
swe,1968,165121.1875
swe,1969,173848.203125
swe,1970,186432.0
swe,1971,187849.8125
swe,1972,191999.3125
swe,1973,198870.53125
swe,1974,203484.875
swe,1975,214266.875
swe,1976,215164.0
swe,1977,207792.609375
swe,1978,207557.25
swe,1979,215001.703125
swe,1980,217164.015625
swe,1981,217666.65625
swe,1982,218846.953125
swe,1983,221041.234375
swe,1984,232041.8125
swe,1985,236630.03125
swe,1986,249074.625
swe,1987,258804.53125
swe,1988,269276.71875
swe,1989,280142.8125
swe,1990,282429.8125
swe,1991,280559.46875
swe,1992,279365.5
swe,1993,271805.21875
swe,1994,286808.5
swe,1995,304531.78125
swe,1996,308822.34375
swe,1997,324354.28125
swe,1998,342095.875
swe,1999,364390.8125
swe,2000,386761.28125
swe,2001,386561.9375
swe,2002,388306.1875
swe,2003,392796.125
swe,2004,407599.375
swe,2005,401426.4375
swe,2006,426510.40625
swe,2007,462445.125
swe,2008,469872.875
swe,2009,451124.375
swe,2010,474983.3125
swe,2011,509287.59375
swe,2012,512457.6875
swe,2013,511616.0625
swe,2014,514541.5625
swe,2015,543350.6875
swe,2016,557599.875
swe,2017,582194.875
swe,2018,594707.8125
swe,2019,632384.5625
swe,2020,625794.0625
swe,2021,661654.4375
swe,2022,667135.375
swe,2023,657781.75
swz,1970,1238.99719238281
swz,1971,1452.32385253906
swz,1972,1765.21032714844
swz,1973,1728.56225585938
swz,1974,1776.96228027344
swz,1975,2256.75537109375
swz,1976,2570.84326171875
swz,1977,2559.98681640625
swz,1978,2425.79907226563
swz,1979,2417.5224609375
swz,1980,2612.79833984375
swz,1981,2858.1123046875
swz,1982,2935.66040039063
swz,1983,3151.0078125
swz,1984,3151.486328125
swz,1985,3241.13598632813
swz,1986,3956.25390625
swz,1987,4755.7265625
swz,1988,4862.9365234375
swz,1989,5016.3466796875
swz,1990,5847.4951171875
swz,1991,6148.244140625
swz,1992,6463.244140625
swz,1993,7162.85498046875
swz,1994,7327.05126953125
swz,1995,8390.1318359375
swz,1996,8958.6875
swz,1997,8812.978515625
swz,1998,8513.396484375
swz,1999,8358.0078125
swz,2000,8988.9775390625
swz,2001,8810.14453125
swz,2002,8718.6083984375
swz,2003,8698.3896484375
swz,2004,8626.2939453125
swz,2005,9298.8447265625
swz,2006,9729.13671875
swz,2007,9806.048828125
swz,2008,9596.22265625
swz,2009,10016.2197265625
swz,2010,10962.2861328125
swz,2011,10577.3671875
swz,2012,10867.1162109375
swz,2013,11050.005859375
swz,2014,11151.1142578125
swz,2015,11309.5048828125
swz,2016,11194.26171875
swz,2017,11001.591796875
swz,2018,10862.330078125
swz,2019,11284.5693359375
swz,2020,11105.568359375
swz,2021,11211.51953125
swz,2022,11414.1123046875
swz,2023,11458.607421875
sxm,2005,1273.81091308594
sxm,2006,1334.38781738281
sxm,2007,1391.54833984375
sxm,2008,1416.19592285156
sxm,2009,1412.38696289063
sxm,2010,1404.6044921875
sxm,2011,1441.732421875
sxm,2012,1528.62292480469
sxm,2013,1650.97338867188
sxm,2014,1806.18762207031
sxm,2015,1849.11328125
sxm,2016,1894.45532226563
sxm,2017,1787.84375
sxm,2018,1746.94799804688
sxm,2019,2021.7568359375
sxm,2020,1713.07543945313
sxm,2021,1822.29809570313
sxm,2022,2014.26708984375
sxm,2023,2058.86059570313
syc,1960,261.787139892578
syc,1961,260.743560791016
syc,1962,274.870788574219
syc,1963,299.684967041016
syc,1964,330.077026367188
syc,1965,308.979522705078
syc,1966,295.8828125
syc,1967,310.980560302734
syc,1968,376.156463623047
syc,1969,327.336242675781
syc,1970,417.924377441406
syc,1971,487.862274169922
syc,1972,522.609436035156
syc,1973,566.47802734375
syc,1974,588.325866699219
syc,1975,617.500427246094
syc,1976,684.947570800781
syc,1977,791.513122558594
syc,1978,854.877258300781
syc,1979,968.204467773438
syc,1980,832.941955566406
syc,1981,791.772338867188
syc,1982,709.60888671875
syc,1983,776.012817382813
syc,1984,845.083068847656
syc,1985,889.047912597656
syc,1986,866.6005859375
syc,1987,1023.25531005859
syc,1988,1072.47155761719
syc,1989,1148.00866699219
syc,1990,1223.67248535156
syc,1991,1238.13366699219
syc,1992,1319.26477050781
syc,1993,1482.17663574219
syc,1994,1525.87036132813
syc,1995,1414.08972167969
syc,1996,1471.17224121094
syc,1997,1665.97253417969
syc,1998,1690.32495117188
syc,1999,1743.72802734375
syc,2000,1853.09265136719
syc,2001,1738.75439453125
syc,2002,1919.18530273438
syc,2003,1809.74194335938
syc,2004,1570.62768554688
syc,2005,1851.56164550781
syc,2006,2085.1640625
syc,2007,2278.15380859375
syc,2008,2006.46618652344
syc,2009,1838.46960449219
syc,2010,2136.87768554688
syc,2011,2399.6142578125
syc,2012,2539.9990234375
syc,2013,2544.4794921875
syc,2014,2703.31591796875
syc,2015,2844.13330078125
syc,2016,3187.73974609375
syc,2017,3327.34155273438
syc,2018,3524.42944335938
syc,2019,3743.62915039063
syc,2020,3313.80249023438
syc,2021,3060.46997070313
syc,2022,3517.72119140625
syc,2023,3681.26733398438
syr,1960,10057.009765625
syr,1961,10919.248046875
syr,1962,13539.158203125
syr,1963,10937.2841796875
syr,1964,15592.9521484375
syr,1965,15756.5693359375
syr,1966,14123.103515625
syr,1967,16277.0
syr,1968,17014.203125
syr,1969,20789.390625
syr,1970,22475.205078125
syr,1971,24917.962890625
syr,1972,30681.66796875
syr,1973,27832.27734375
syr,1974,35881.640625
syr,1975,41354.1796875
syr,1976,36452.515625
syr,1977,31295.16015625
syr,1978,29859.50390625
syr,1979,27730.828125
syr,1980,27457.1171875
syr,1981,26687.376953125
syr,1982,25654.9375
syr,1983,23436.892578125
syr,1984,21668.638671875
syr,1985,21680.9375
syr,1986,19582.3125
syr,1987,18358.185546875
syr,1988,19392.673828125
syr,1989,17873.3515625
syr,1990,16860.28515625
syr,1991,15562.1923828125
syr,1992,16076.953125
syr,1993,15370.359375
syr,1994,14757.4970703125
syr,1995,15731.970703125
syr,1996,15725.9111328125
syr,1997,18055.375
syr,1998,20842.96875
syr,1999,22464.7109375
syr,2000,27806.14453125
syr,2001,32060.037109375
syr,2002,40137.515625
syr,2003,49836.64453125
syr,2004,70159.703125
syr,2005,111890.0078125
syr,2006,102080.25
syr,2007,107759.296875
syr,2008,114344.796875
syr,2009,120829.75
syr,2010,140554.609375
syr,2011,143707.40625
syr,2012,112727.3515625
syr,2013,79619.8984375
syr,2014,73991.3203125
syr,2015,70365.296875
syr,2016,75769.109375
syr,2017,65448.91015625
syr,2018,58657.65625
syr,2019,90998.2109375
syr,2020,80705.1015625
syr,2021,156453.53125
syr,2022,156138.3125
syr,2023,153229.703125
tca,1970,22.1678714752197
tca,1971,24.5887393951416
tca,1972,27.2392749786377
tca,1973,30.0844993591309
tca,1974,33.6325912475586
tca,1975,37.412281036377
tca,1976,41.2348327636719
tca,1977,45.6251449584961
tca,1978,50.3553314208984
tca,1979,55.6536140441895
tca,1980,61.9901542663574
tca,1981,68.8432159423828
tca,1982,76.3047943115234
tca,1983,84.0658721923828
tca,1984,92.7067337036133
tca,1985,102.663940429688
tca,1986,113.679786682129
tca,1987,125.465301513672
tca,1988,138.764419555664
tca,1989,154.018356323242
tca,1990,168.954528808594
tca,1991,186.145401000977
tca,1992,203.333358764648
tca,1993,228.203277587891
tca,1994,258.131439208984
tca,1995,276.089630126953
tca,1996,294.503845214844
tca,1997,316.184692382813
tca,1998,347.023651123047
tca,1999,378.022430419922
tca,2000,402.22998046875
tca,2001,428.284606933594
tca,2002,498.485107421875
tca,2003,546.39697265625
tca,2004,612.326171875
tca,2005,714.058410644531
tca,2006,833.772705078125
tca,2007,874.419616699219
tca,2008,955.767395019531
tca,2009,763.443359375
tca,2010,780.230529785156
tca,2011,814.237609863281
tca,2012,807.041748046875
tca,2013,818.249755859375
tca,2014,898.736145019531
tca,2015,1000.2607421875
tca,2016,1095.84228515625
tca,2017,1128.693359375
tca,2018,1235.59399414063
tca,2019,1315.80505371094
tca,2020,986.493286132813
tca,2021,1064.03063964844
tca,2022,1135.09118652344
tca,2023,1139.78308105469
tcd,1960,6293.09619140625
tcd,1961,6559.9365234375
tcd,1962,7435.49755859375
tcd,1963,6941.1689453125
tcd,1964,6944.416015625
tcd,1965,7406.36083984375
tcd,1966,7350.44189453125
tcd,1967,7450.0361328125
tcd,1968,7595.982421875
tcd,1969,8081.1572265625
tcd,1970,8582.40625
tcd,1971,8907.111328125
tcd,1972,8359.697265625
tcd,1973,7644.8583984375
tcd,1974,8416.193359375
tcd,1975,8917.8935546875
tcd,1976,8824.3857421875
tcd,1977,8736.8642578125
tcd,1978,8853.607421875
tcd,1979,5655.1083984375
tcd,1980,5352.64990234375
tcd,1981,4786.6513671875
tcd,1982,5075.04150390625
tcd,1983,7134.146484375
tcd,1984,7624.99853515625
tcd,1985,8107.91455078125
tcd,1986,8349.498046875
tcd,1987,8433.65234375
tcd,1988,9230.513671875
tcd,1989,9613.53515625
tcd,1990,9940.9150390625
tcd,1991,10427.28515625
tcd,1992,10564.2939453125
tcd,1993,10481.994140625
tcd,1994,10749.0966796875
tcd,1995,11092.873046875
tcd,1996,10865.9130859375
tcd,1997,12134.443359375
tcd,1998,11983.3388671875
tcd,1999,12477.330078125
tcd,2000,11908.5029296875
tcd,2001,12311.7392578125
tcd,2002,9555.5693359375
tcd,2003,11490.515625
tcd,2004,17550.72265625
tcd,2005,22460.755859375
tcd,2006,22424.55078125
tcd,2007,24317.619140625
tcd,2008,25562.513671875
tcd,2009,23647.76171875
tcd,2010,31731.734375
tcd,2011,31189.4375
tcd,2012,34356.859375
tcd,2013,30350.166015625
tcd,2014,32666.826171875
tcd,2015,38671.16796875
tcd,2016,35519.5390625
tcd,2017,35784.90625
tcd,2018,38145.9453125
tcd,2019,40195.8125
tcd,2020,37536.9140625
tcd,2021,39055.5078125
tcd,2022,43203.43359375
tcd,2023,41446.9375
tgo,1960,1952.89660644531
tgo,1961,2121.38403320313
tgo,1962,2161.84887695313
tgo,1963,2318.50146484375
tgo,1964,2654.10986328125
tgo,1965,2996.7353515625
tgo,1966,3379.22802734375
tgo,1967,3551.53588867188
tgo,1968,3742.1845703125
tgo,1969,4108.60986328125
tgo,1970,4164.71728515625
tgo,1971,4378.56103515625
tgo,1972,4438.529296875
tgo,1973,4360.3388671875
tgo,1974,5731.46533203125
tgo,1975,4805.63818359375
tgo,1976,4714.88623046875
tgo,1977,5651.40380859375
tgo,1978,6134.201171875
tgo,1979,6242.54443359375
tgo,1980,6158.71875
tgo,1981,5472.75830078125
tgo,1982,5561.2470703125
tgo,1983,5258.490234375
tgo,1984,5372.5029296875
tgo,1985,5481.099609375
tgo,1986,5691.79638671875
tgo,1987,5594.00537109375
tgo,1988,6393.521484375
tgo,1989,6436.06982421875
tgo,1990,7202.8349609375
tgo,1991,6829.91650390625
tgo,1992,6740.71435546875
tgo,1993,5660.31298828125
tgo,1994,6356.3955078125
tgo,1995,6406.5458984375
tgo,1996,7490.0205078125
tgo,1997,8084.67578125
tgo,1998,7121.103515625
tgo,1999,7772.755859375
tgo,2000,7439.939453125
tgo,2001,7492.31591796875
tgo,2002,7856.46484375
tgo,2003,8313.091796875
tgo,2004,8066.8095703125
tgo,2005,8702.25390625
tgo,2006,9840.7421875
tgo,2007,10992.1748046875
tgo,2008,11627.4091796875
tgo,2009,12251.7001953125
tgo,2010,12759.1669921875
tgo,2011,13412.67578125
tgo,2012,13993.3056640625
tgo,2013,14406.6845703125
tgo,2014,15261.0029296875
tgo,2015,16048.2060546875
tgo,2016,17080.806640625
tgo,2017,17828.154296875
tgo,2018,18472.001953125
tgo,2019,19907.25
tgo,2020,21117.11328125
tgo,2021,22421.271484375
tgo,2022,23054.85546875
tgo,2023,24370.47265625
tha,1950,25859.38671875
tha,1951,25817.91015625
tha,1952,25414.150390625
tha,1953,23845.525390625
tha,1954,25703.837890625
tha,1955,24557.71875
tha,1956,25693.439453125
tha,1957,28765.61328125
tha,1958,29669.74609375
tha,1959,32890.171875
tha,1960,36979.19140625
tha,1961,39487.2734375
tha,1962,41198.99609375
tha,1963,43777.9921875
tha,1964,47673.68359375
tha,1965,52873.68359375
tha,1966,60277.30859375
tha,1967,62751.77734375
tha,1968,66960.125
tha,1969,73652.3125
tha,1970,99812.2265625
tha,1971,103659.0078125
tha,1972,109301.7734375
tha,1973,121303.34375
tha,1974,124525.15625
tha,1975,128946.65625
tha,1976,141857.078125
tha,1977,155135.09375
tha,1978,170567.640625
tha,1979,179401.578125
tha,1980,185837.6875
tha,1981,195753.1875
tha,1982,205487.046875
tha,1983,214291.734375
tha,1984,228896.296875
tha,1985,239286.078125
tha,1986,248444.5
tha,1987,266250.25
tha,1988,292315.1875
tha,1989,317993.15625
tha,1990,341754.65625
tha,1991,370003.3125
tha,1992,415149.65625
tha,1993,452557.8125
tha,1994,495472.90625
tha,1995,549852.0625
tha,1996,597070.625
tha,1997,564791.5
tha,1998,512217.21875
tha,1999,521059.8125
tha,2000,539336.75
tha,2001,551002.0
tha,2002,597046.375
tha,2003,647080.5
tha,2004,694803.375
tha,2005,747508.6875
tha,2006,807359.4375
tha,2007,878651.125
tha,2008,916259.9375
tha,2009,957436.4375
tha,2010,1056342.875
tha,2011,1096945.75
tha,2012,1197789.375
tha,2013,1204107.0
tha,2014,1205213.0
tha,2015,1250416.625
tha,2016,1306784.75
tha,2017,1347907.625
tha,2018,1410826.375
tha,2019,1475690.0
tha,2020,1391534.125
tha,2021,1412981.875
tha,2022,1426051.625
tha,2023,1594151.625
tjk,1990,37748.5546875
tjk,1991,37314.55078125
tjk,1992,19500.921875
tjk,1993,18111.798828125
tjk,1994,13583.109375
tjk,1995,12921.32421875
tjk,1996,9658.9111328125
tjk,1997,12107.5615234375
tjk,1998,10973.4287109375
tjk,1999,10011.1796875
tjk,2000,10333.9638671875
tjk,2001,11281.7109375
tjk,2002,12549.85546875
tjk,2003,14199.7470703125
tjk,2004,15706.068359375
tjk,2005,16553.328125
tjk,2006,17515.69921875
tjk,2007,18391.890625
tjk,2008,17920.0546875
tjk,2009,18858.203125
tjk,2010,21233.939453125
tjk,2011,22136.724609375
tjk,2012,26095.822265625
tjk,2013,26228.591796875
tjk,2014,28687.826171875
tjk,2015,25827.3203125
tjk,2016,26162.080078125
tjk,2017,29615.498046875
tjk,2018,30203.900390625
tjk,2019,35224.83984375
tjk,2020,36838.62109375
tjk,2021,38874.3203125
tjk,2022,41110.3125
tjk,2023,42107.56640625
tkm,1990,42607.81640625
tkm,1991,40283.984375
tkm,1992,34513.078125
tkm,1993,39088.984375
tkm,1994,27189.359375
tkm,1995,25579.28515625
tkm,1996,26216.88671875
tkm,1997,25362.18359375
tkm,1998,28181.435546875
tkm,1999,31096.953125
tkm,2000,40001.10546875
tkm,2001,37412.2109375
tkm,2002,39005.29296875
tkm,2003,40133.203125
tkm,2004,42535.875
tkm,2005,54048.5
tkm,2006,60828.19921875
tkm,2007,63953.0546875
tkm,2008,64906.03125
tkm,2009,79561.6953125
tkm,2010,93635.734375
tkm,2011,103335.6484375
tkm,2012,107667.09375
tkm,2013,109134.9296875
tkm,2014,112704.0859375
tkm,2015,115576.9765625
tkm,2016,115189.1171875
tkm,2017,124451.5546875
tkm,2018,134681.625
tkm,2019,142160.890625
tkm,2020,151142.90625
tkm,2021,163521.75
tkm,2022,174678.734375
tkm,2023,183664.84375
tto,1950,3242.05151367188
tto,1951,3595.32421875
tto,1952,3707.96850585938
tto,1953,4192.76123046875
tto,1954,4456.205078125
tto,1955,4897.16259765625
tto,1956,5606.55712890625
tto,1957,6325.61767578125
tto,1958,6803.2060546875
tto,1959,7260.02880859375
tto,1960,7614.3125
tto,1961,8953.1357421875
tto,1962,8814.89453125
tto,1963,10009.3232421875
tto,1964,10374.1826171875
tto,1965,9480.7607421875
tto,1966,11052.9794921875
tto,1967,12050.3525390625
tto,1968,12562.44921875
tto,1969,12936.326171875
tto,1970,12278.087890625
tto,1971,11875.37109375
tto,1972,12972.9140625
tto,1973,14185.25390625
tto,1974,19292.568359375
tto,1975,19971.134765625
tto,1976,22309.76953125
tto,1977,23356.193359375
tto,1978,24343.3671875
tto,1979,27466.185546875
tto,1980,31398.47265625
tto,1981,30894.888671875
tto,1982,28838.84375
tto,1983,25394.873046875
tto,1984,23994.451171875
tto,1985,23917.732421875
tto,1986,20264.953125
tto,1987,18292.189453125
tto,1988,17358.373046875
tto,1989,16349.14453125
tto,1990,17366.408203125
tto,1991,16458.947265625
tto,1992,15377.4404296875
tto,1993,14581.474609375
tto,1994,14982.0625
tto,1995,15011.6474609375
tto,1996,14666.609375
tto,1997,15097.6572265625
tto,1998,14983.298828125
tto,1999,17322.185546875
tto,2000,20759.876953125
tto,2001,19860.169921875
tto,2002,20759.84375
tto,2003,25943.818359375
tto,2004,30606.505859375
tto,2005,33638.87109375
tto,2006,39702.35546875
tto,2007,43751.1875
tto,2008,49983.16015625
tto,2009,41009.71484375
tto,2010,45002.046875
tto,2011,52516.25390625
tto,2012,51112.48046875
tto,2013,49301.796875
tto,2014,48723.2734375
tto,2015,44990.36328125
tto,2016,41206.12109375
tto,2017,41029.234375
tto,2018,40885.62890625
tto,2019,41694.48828125
tto,2020,38155.1796875
tto,2021,41379.609375
tto,2022,41846.73046875
tto,2023,41349.92578125
tun,1960,7477.17529296875
tun,1961,8123.21044921875
tun,1962,8219.5361328125
tun,1963,9007.3857421875
tun,1964,9091.908203125
tun,1965,9450.2216796875
tun,1966,9910.640625
tun,1967,9992.4599609375
tun,1968,10934.3359375
tun,1969,11326.5224609375
tun,1970,14839.06640625
tun,1971,16123.23828125
tun,1972,18964.560546875
tun,1973,19061.94921875
tun,1974,21605.474609375
tun,1975,22710.328125
tun,1976,23578.8828125
tun,1977,24812.236328125
tun,1978,26406.45703125
tun,1979,28681.11328125
tun,1980,31861.416015625
tun,1981,34055.0078125
tun,1982,34935.56640625
tun,1983,37243.375
tun,1984,38927.83984375
tun,1985,41788.03125
tun,1986,41403.50390625
tun,1987,44346.765625
tun,1988,46408.09375
tun,1989,48086.95703125
tun,1990,51638.1796875
tun,1991,55284.15625
tun,1992,60929.05859375
tun,1993,65057.87890625
tun,1994,71436.3984375
tun,1995,77302.8828125
tun,1996,89102.8046875
tun,1997,89109.015625
tun,1998,88298.1875
tun,1999,88793.421875
tun,2000,90473.53125
tun,2001,92957.625
tun,2002,93475.0078125
tun,2003,95230.203125
tun,2004,98013.96875
tun,2005,103788.109375
tun,2006,108548.1640625
tun,2007,115810.8046875
tun,2008,121891.71875
tun,2009,128664.40625
tun,2010,134883.53125
tun,2011,134186.984375
tun,2012,136599.578125
tun,2013,134757.59375
tun,2014,138485.828125
tun,2015,139065.65625
tun,2016,141733.140625
tun,2017,142797.4375
tun,2018,149635.828125
tun,2019,154589.984375
tun,2020,147253.3125
tun,2021,146074.5
tun,2022,143663.515625
tun,2023,145529.90625
tur,1950,76459.4765625
tur,1951,93631.4296875
tur,1952,103164.3671875
tur,1953,116611.375
tur,1954,106552.5390625
tur,1955,116464.390625
tur,1956,118457.3125
tur,1957,146202.5625
tur,1958,160170.5625
tur,1959,152849.328125
tur,1960,153817.90625
tur,1961,156364.765625
tur,1962,165531.0625
tur,1963,180856.515625
tur,1964,188327.21875
tur,1965,192968.890625
tur,1966,219380.46875
tur,1967,228742.125
tur,1968,244590.15625
tur,1969,256636.421875
tur,1970,273586.71875
tur,1971,279650.84375
tur,1972,303703.9375
tur,1973,317837.53125
tur,1974,356721.75
tur,1975,383329.46875
tur,1976,426057.53125
tur,1977,420513.5625
tur,1978,409489.3125
tur,1979,403347.3125
tur,1980,400236.71875
tur,1981,448233.34375
tur,1982,445725.28125
tur,1983,466406.59375
tur,1984,490271.03125
tur,1985,520868.03125
tur,1986,554464.125
tur,1987,614008.6875
tur,1988,623896.6875
tur,1989,621397.4375
tur,1990,668927.25
tur,1991,643914.4375
tur,1992,676503.625
tur,1993,741949.3125
tur,1994,677838.25
tur,1995,741765.3125
tur,1996,808613.125
tur,1997,841690.875
tur,1998,837041.0625
tur,1999,797379.75
tur,2000,874234.8125
tur,2001,850948.1875
tur,2002,846362.6875
tur,2003,827248.5
tur,2004,944686.375
tur,2005,1059619.625
tur,2006,1181313.375
tur,2007,1291405.0
tur,2008,1370043.125
tur,2009,1352068.5
tur,2010,1510817.875
tur,2011,1720876.25
tur,2012,1830264.75
tur,2013,1929412.625
tur,2014,2037065.375
tur,2015,2164063.0
tur,2016,2200629.75
tur,2017,2313984.0
tur,2018,2329915.25
tur,2019,2352693.75
tur,2020,2333965.0
tur,2021,2522766.75
tur,2022,2700993.5
tur,2023,3000937.25
twn,1951,13133.69140625
twn,1952,15526.1875
twn,1953,17220.615234375
twn,1954,18563.138671875
twn,1955,20004.044921875
twn,1956,21226.654296875
twn,1957,23132.296875
twn,1958,24841.4765625
twn,1959,26612.345703125
twn,1960,28798.853515625
twn,1961,31587.099609375
twn,1962,34374.375
twn,1963,38788.6171875
twn,1964,44419.06640625
twn,1965,48911.0859375
twn,1966,53882.41015625
twn,1967,60797.83203125
twn,1968,67903.7109375
twn,1969,75973.03125
twn,1970,86734.8046875
twn,1971,99548.5390625
twn,1972,115472.765625
twn,1973,130019.7109375
twn,1974,128457.1015625
twn,1975,133650.890625
twn,1976,157664.0625
twn,1977,173204.34375
twn,1978,195760.578125
twn,1979,210173.359375
twn,1980,222441.890625
twn,1981,238551.3125
twn,1982,250833.078125
twn,1983,271207.375
twn,1984,294634.09375
twn,1985,307954.5625
twn,1986,350588.75
twn,1987,387958.1875
twn,1988,409625.8125
twn,1989,446208.96875
twn,1990,467724.0
twn,1991,507055.53125
twn,1992,542036.625
twn,1993,576662.75
twn,1994,611773.625
twn,1995,641861.375
twn,1996,683741.0
twn,1997,730534.9375
twn,1998,769362.3125
twn,1999,805071.25
twn,2000,844741.1875
twn,2001,837163.4375
twn,2002,879867.4375
twn,2003,901989.625
twn,2004,935200.875
twn,2005,981818.8125
twn,2006,1010916.4375
twn,2007,1060055.875
twn,2008,1021819.625
twn,2009,1022636.5
twn,2010,1113093.875
twn,2011,1132922.5
twn,2012,1165608.25
twn,2013,1167533.75
twn,2014,1205391.5
twn,2015,1243318.5
twn,2016,1238049.375
twn,2017,1248850.875
twn,2018,1249392.75
twn,2019,1291915.875
twn,2020,1378998.125
twn,2021,1459854.5
twn,2022,1496431.625
twn,2023,1513804.75
tza,1960,12911.6552734375
tza,1961,13161.298828125
tza,1962,14515.150390625
tza,1963,15757.64453125
tza,1964,18125.53125
tza,1965,18186.6328125
tza,1966,19713.05078125
tza,1967,20917.26171875
tza,1968,22583.072265625
tza,1969,23735.841796875
tza,1970,25795.228515625
tza,1971,27225.865234375
tza,1972,28997.869140625
tza,1973,31024.427734375
tza,1974,32402.564453125
tza,1975,35089.140625
tza,1976,38328.296875
tza,1977,37279.82421875
tza,1978,38099.34765625
tza,1979,38751.234375
tza,1980,37336.15625
tza,1981,33410.6640625
tza,1982,33637.015625
tza,1983,35347.18359375
tza,1984,36938.48046875
tza,1985,42557.90234375
tza,1986,28953.46875
tza,1987,23964.806640625
tza,1988,30773.609375
tza,1989,29809.353515625
tza,1990,29609.98828125
tza,1991,30160.447265625
tza,1992,28260.134765625
tza,1993,27145.712890625
tza,1994,26789.15234375
tza,1995,27992.70703125
tza,1996,30861.263671875
tza,1997,34263.2734375
tza,1998,36700.51953125
tza,1999,39210.8984375
tza,2000,41844.046875
tza,2001,45392.08203125
tza,2002,50339.6796875
tza,2003,53625.48046875
tza,2004,57211.2265625
tza,2005,64525.89453125
tza,2006,69722.546875
tza,2007,75520.265625
tza,2008,83587.671875
tza,2009,91538.171875
tza,2010,103945.9453125
tza,2011,117613.3984375
tza,2012,114930.4921875
tza,2013,116718.5078125
tza,2014,121129.34375
tza,2015,129488.421875
tza,2016,138180.6875
tza,2017,138652.828125
tza,2018,151015.453125
tza,2019,167834.75
tza,2020,182629.640625
tza,2021,198158.875
tza,2022,212989.859375
tza,2023,224438.21875
uga,1950,5583.26904296875
uga,1951,7049.11376953125
uga,1952,6597.13232421875
uga,1953,5325.53076171875
uga,1954,5866.64892578125
uga,1955,5823.6005859375
uga,1956,5843.4384765625
uga,1957,6843.97021484375
uga,1958,6586.75146484375
uga,1959,6906.23291015625
uga,1960,6869.45166015625
uga,1961,6960.982421875
uga,1962,7130.13525390625
uga,1963,7392.68798828125
uga,1964,8443.9443359375
uga,1965,8447.662109375
uga,1966,9029.205078125
uga,1967,8873.216796875
uga,1968,9300.0009765625
uga,1969,9934.8662109375
uga,1970,11809.0205078125
uga,1971,11094.482421875
uga,1972,12848.828125
uga,1973,13364.3857421875
uga,1974,12498.9794921875
uga,1975,12893.712890625
uga,1976,13854.0361328125
uga,1977,14289.333984375
uga,1978,13563.4794921875
uga,1979,11703.8251953125
uga,1980,11133.7080078125
uga,1981,11213.078125
uga,1982,13093.984375
uga,1983,14610.96484375
uga,1984,14360.6025390625
uga,1985,14048.1611328125
uga,1986,14137.9052734375
uga,1987,15086.130859375
uga,1988,15960.564453125
uga,1989,16477.91015625
uga,1990,17062.107421875
uga,1991,17285.953125
uga,1992,18123.580078125
uga,1993,18967.736328125
uga,1994,25274.603515625
uga,1995,25384.583984375
uga,1996,25841.26171875
uga,1997,26914.24609375
uga,1998,29088.5234375
uga,1999,30453.45703125
uga,2000,31865.935546875
uga,2001,34179.48046875
uga,2002,36247.08984375
uga,2003,37691.1875
uga,2004,39897.4375
uga,2005,44822.44140625
uga,2006,49503.4140625
uga,2007,54446.3125
uga,2008,60219.953125
uga,2009,69317.0234375
uga,2010,87870.75
uga,2011,96403.7421875
uga,2012,90062.125
uga,2013,65273.21875
uga,2014,105897.390625
uga,2015,96229.734375
uga,2016,95053.3828125
uga,2017,98771.96875
uga,2018,106119.6328125
uga,2019,115288.15625
uga,2020,114123.6015625
uga,2021,121062.4453125
uga,2022,130714.2890625
uga,2023,137661.46875
ukr,1990,629518.875
ukr,1991,588290.8125
ukr,1992,542296.0625
ukr,1993,438012.96875
ukr,1994,362543.09375
ukr,1995,312854.25
ukr,1996,280128.8125
ukr,1997,260753.703125
ukr,1998,250216.75
ukr,1999,249015.234375
ukr,2000,254276.296875
ukr,2001,268352.34375
ukr,2002,284292.78125
ukr,2003,313484.625
ukr,2004,359599.84375
ukr,2005,397796.0625
ukr,2006,434733.09375
ukr,2007,491425.78125
ukr,2008,528352.5625
ukr,2009,451378.96875
ukr,2010,463810.1875
ukr,2011,514390.4375
ukr,2012,532996.25
ukr,2013,572890.0
ukr,2014,540830.9375
ukr,2015,523556.59375
ukr,2016,547330.375
ukr,2017,553320.5
ukr,2018,570280.0625
ukr,2019,614957.8125
ukr,2020,663115.0
ukr,2021,739991.3125
ukr,2022,556361.4375
ukr,2023,585485.875
ury,1950,16299.671875
ury,1951,19925.5625
ury,1952,18229.15234375
ury,1953,19019.06640625
ury,1954,21628.78515625
ury,1955,22075.30078125
ury,1956,21695.357421875
ury,1957,22639.4375
ury,1958,21000.302734375
ury,1959,20271.265625
ury,1960,21484.9375
ury,1961,21778.080078125
ury,1962,22236.05859375
ury,1963,21583.1484375
ury,1964,22516.916015625
ury,1965,22331.126953125
ury,1966,23453.333984375
ury,1967,22607.80078125
ury,1968,23042.30859375
ury,1969,24608.541015625
ury,1970,26472.16015625
ury,1971,26622.28515625
ury,1972,25941.77734375
ury,1973,26790.04296875
ury,1974,26287.91015625
ury,1975,26954.298828125
ury,1976,27390.263671875
ury,1977,26904.40234375
ury,1978,28420.626953125
ury,1979,30763.912109375
ury,1980,32903.2421875
ury,1981,33669.94140625
ury,1982,30391.67578125
ury,1983,27504.931640625
ury,1984,27032.337890625
ury,1985,27053.7578125
ury,1986,30656.9375
ury,1987,33625.78125
ury,1988,33698.8828125
ury,1989,34026.74609375
ury,1990,33475.83984375
ury,1991,35017.109375
ury,1992,39194.171875
ury,1993,40909.55859375
ury,1994,44479.94140625
ury,1995,44088.3984375
ury,1996,46622.71875
ury,1997,47430.38671875
ury,1998,48344.07421875
ury,1999,45932.671875
ury,2000,43612.19140625
ury,2001,41554.03515625
ury,2002,37982.078125
ury,2003,37693.13671875
ury,2004,39022.44921875
ury,2005,41204.1015625
ury,2006,43738.99609375
ury,2007,48314.30078125
ury,2008,54486.59375
ury,2009,59028.1796875
ury,2010,67499.59375
ury,2011,75604.1953125
ury,2012,77926.1875
ury,2013,79648.203125
ury,2014,83033.4609375
ury,2015,83905.8984375
ury,2016,85093.640625
ury,2017,85980.515625
ury,2018,86755.5078125
ury,2019,90800.21875
ury,2020,89397.21875
ury,2021,92204.9375
ury,2022,95145.4296875
ury,2023,94340.9609375
usa,1950,2733053.75
usa,1951,2944962.25
usa,1952,3070013.25
usa,1953,3222314.5
usa,1954,3196945.0
usa,1955,3427429.0
usa,1956,3497303.5
usa,1957,3575092.0
usa,1958,3555499.75
usa,1959,3798646.0
usa,1960,3911440.75
usa,1961,4010320.75
usa,1962,4248374.5
usa,1963,4425009.5
usa,1964,4675909.5
usa,1965,4989395.0
usa,1966,5321868.5
usa,1967,5473394.5
usa,1968,5752088.5
usa,1969,5932801.0
usa,1970,5939246.5
usa,1971,6134370.0
usa,1972,6453831.5
usa,1973,6802089.0
usa,1974,6739849.0
usa,1975,6732856.0
usa,1976,7099697.5
usa,1977,7420486.5
usa,1978,7825286.5
usa,1979,8044151.5
usa,1980,7964392.0
usa,1981,8198344.5
usa,1982,8074458.5
usa,1983,8471449.0
usa,1984,9107940.0
usa,1985,9500493.0
usa,1986,9810205.0
usa,1987,10106672.0
usa,1988,10521838.0
usa,1989,10885574.0
usa,1990,11088790.0
usa,1991,11067594.0
usa,1992,11472195.0
usa,1993,11823625.0
usa,1994,12268432.0
usa,1995,12584172.0
usa,1996,13064547.0
usa,1997,13645505.0
usa,1998,14256731.0
usa,1999,14963001.0
usa,2000,15602228.0
usa,2001,15810416.0
usa,2002,16128753.0
usa,2003,16546337.0
usa,2004,17176036.0
usa,2005,18007392.0
usa,2006,18359272.0
usa,2007,18642540.0
usa,2008,18538270.0
usa,2009,18044312.0
usa,2010,18546942.0
usa,2011,18876842.0
usa,2012,19323014.0
usa,2013,19698276.0
usa,2014,20240652.0
usa,2015,20868640.0
usa,2016,21242020.0
usa,2017,21829812.0
usa,2018,22465128.0
usa,2019,23095952.0
usa,2020,22610364.0
usa,2021,24167636.0
usa,2022,24981534.0
usa,2023,25586132.0
uzb,1990,113150.1953125
uzb,1991,110965.8359375
uzb,1992,89762.109375
uzb,1993,109102.5546875
uzb,1994,95396.15625
uzb,1995,93104.671875
uzb,1996,95949.609375
uzb,1997,91492.375
uzb,1998,88957.1328125
uzb,1999,92157.109375
uzb,2000,90325.265625
uzb,2001,94738.09375
uzb,2002,97711.34375
uzb,2003,103710.3984375
uzb,2004,110776.5234375
uzb,2005,119936.0078125
uzb,2006,127611.25
uzb,2007,139244.21875
uzb,2008,138775.609375
uzb,2009,148516.328125
uzb,2010,156316.859375
uzb,2011,173701.765625
uzb,2012,181807.8125
uzb,2013,191308.0625
uzb,2014,207221.75
uzb,2015,221118.3125
uzb,2016,228034.984375
uzb,2017,240571.5625
uzb,2018,250574.46875
uzb,2019,259549.125
uzb,2020,262868.15625
uzb,2021,284634.625
uzb,2022,309771.6875
uzb,2023,320748.9375
vct,1970,307.918304443359
vct,1971,318.711059570313
vct,1972,391.267578125
vct,1973,359.2890625
vct,1974,329.247863769531
vct,1975,273.508361816406
vct,1976,379.112823486328
vct,1977,344.830291748047
vct,1978,398.019989013672
vct,1979,399.716705322266
vct,1980,406.109283447266
vct,1981,445.434387207031
vct,1982,474.823181152344
vct,1983,501.698608398438
vct,1984,528.938110351563
vct,1985,550.7998046875
vct,1986,587.949584960938
vct,1987,592.665283203125
vct,1988,697.102416992188
vct,1989,690.485229492188
vct,1990,675.112060546875
vct,1991,749.169006347656
vct,1992,870.905578613281
vct,1993,840.690795898438
vct,1994,815.705688476563
vct,1995,866.358764648438
vct,1996,881.326843261719
vct,1997,893.962341308594
vct,1998,863.234802246094
vct,1999,913.838134765625
vct,2000,971.273132324219
vct,2001,975.797058105469
vct,2002,1020.46325683594
vct,2003,1082.67663574219
vct,2004,1131.072265625
vct,2005,1190.74987792969
vct,2006,1272.79016113281
vct,2007,1309.13452148438
vct,2008,1359.75354003906
vct,2009,1360.24951171875
vct,2010,1357.28637695313
vct,2011,1340.22082519531
vct,2012,1364.55456542969
vct,2013,1365.73352050781
vct,2014,1414.09326171875
vct,2015,1452.6689453125
vct,2016,1543.34118652344
vct,2017,1521.01867675781
vct,2018,1596.49853515625
vct,2019,1633.99975585938
vct,2020,1571.46484375
vct,2021,1599.76147460938
vct,2022,1660.74682617188
vct,2023,1746.97729492188
ven,1950,34887.32421875
ven,1951,39131.58203125
ven,1952,44274.6328125
ven,1953,46463.87109375
ven,1954,51371.6875
ven,1955,55030.0859375
ven,1956,59199.7265625
ven,1957,67964.4921875
ven,1958,68073.7890625
ven,1959,70495.109375
ven,1960,65545.2265625
ven,1961,67119.7890625
ven,1962,70150.5
ven,1963,74796.1171875
ven,1964,82430.4609375
ven,1965,84588.78125
ven,1966,84984.9609375
ven,1967,87945.015625
ven,1968,97508.6484375
ven,1969,102319.265625
ven,1970,115517.9296875
ven,1971,113666.8671875
ven,1972,118454.6484375
ven,1973,133333.921875
ven,1974,145165.796875
ven,1975,145451.34375
ven,1976,156352.359375
ven,1977,161830.0625
ven,1978,157653.015625
ven,1979,173411.5625
ven,1980,190599.859375
ven,1981,192982.484375
ven,1982,179378.765625
ven,1983,182442.046875
ven,1984,188960.734375
ven,1985,183934.546875
ven,1986,169821.109375
ven,1987,178055.40625
ven,1988,177991.578125
ven,1989,184142.953125
ven,1990,202585.671875
ven,1991,199509.265625
ven,1992,201548.34375
ven,1993,194301.59375
ven,1994,190431.09375
ven,1995,191682.34375
ven,1996,194740.828125
ven,1997,191664.5625
ven,1998,175905.703125
ven,1999,177302.109375
ven,2000,206308.421875
ven,2001,207966.90625
ven,2002,202609.421875
ven,2003,200447.921875
ven,2004,259537.53125
ven,2005,327722.875
ven,2006,384997.375
ven,2007,439436.5
ven,2008,510080.53125
ven,2009,441534.0625
ven,2010,536799.875
ven,2011,609924.6875
ven,2012,625466.5625
ven,2013,590330.375
ven,2014,385546.5
ven,2015,167119.296875
ven,2016,65069.01953125
ven,2017,12280.078125
ven,2018,14668.1259765625
ven,2019,8680.4619140625
ven,2020,4675.2158203125
ven,2021,3784.22900390625
ven,2022,3185.50219726563
ven,2023,2523.1025390625
vgb,1970,76.3979721069336
vgb,1971,67.5320587158203
vgb,1972,66.3827285766602
vgb,1973,70.3343353271484
vgb,1974,77.3843841552734
vgb,1975,81.420295715332
vgb,1976,79.5999298095703
vgb,1977,81.0518188476563
vgb,1978,87.0961151123047
vgb,1979,100.089775085449
vgb,1980,116.184341430664
vgb,1981,116.879570007324
vgb,1982,118.969718933105
vgb,1983,125.040573120117
vgb,1984,130.513626098633
vgb,1985,132.336059570313
vgb,1986,137.171356201172
vgb,1987,157.218307495117
vgb,1988,173.208862304688
vgb,1989,186.444778442383
vgb,1990,233.894760131836
vgb,1991,287.279083251953
vgb,1992,357.035949707031
vgb,1993,466.020477294922
vgb,1994,574.43701171875
vgb,1995,708.926025390625
vgb,1996,762.394287109375
vgb,1997,840.626220703125
vgb,1998,921.328796386719
vgb,1999,1014.67572021484
vgb,2000,1108.87951660156
vgb,2001,1166.86193847656
vgb,2002,1134.90991210938
vgb,2003,991.582885742188
vgb,2004,1028.07080078125
vgb,2005,1191.29028320313
vgb,2006,1186.99011230469
vgb,2007,1190.30737304688
vgb,2008,1200.59509277344
vgb,2009,1196.54443359375
vgb,2010,1216.21459960938
vgb,2011,1182.05859375
vgb,2012,1207.56713867188
vgb,2013,1168.55078125
vgb,2014,1217.35498046875
vgb,2015,1285.4560546875
vgb,2016,1392.84521484375
vgb,2017,1297.38647460938
vgb,2018,1365.595703125
vgb,2019,1462.56970214844
vgb,2020,1416.15588378906
vgb,2021,1459.43395996094
vgb,2022,1501.16430664063
vgb,2023,1528.68322753906
vnm,1970,40730.38671875
vnm,1971,42170.2265625
vnm,1972,42830.328125
vnm,1973,41915.5390625
vnm,1974,43121.140625
vnm,1975,44337.4765625
vnm,1976,49142.578125
vnm,1977,55932.32421875
vnm,1978,56864.2734375
vnm,1979,60665.93359375
vnm,1980,59026.34375
vnm,1981,62578.3203125
vnm,1982,67857.296875
vnm,1983,72768.484375
vnm,1984,78787.2265625
vnm,1985,83228.3984375
vnm,1986,86187.3046875
vnm,1987,88663.75
vnm,1988,93079.9453125
vnm,1989,97029.1171875
vnm,1990,104419.2890625
vnm,1991,114305.0625
vnm,1992,123676.9609375
vnm,1993,130340.671875
vnm,1994,137028.21875
vnm,1995,148038.515625
vnm,1996,158773.171875
vnm,1997,171574.65625
vnm,1998,180594.796875
vnm,1999,190682.234375
vnm,2000,201059.390625
vnm,2001,214780.109375
vnm,2002,230125.0
vnm,2003,244438.46875
vnm,2004,268615.6875
vnm,2005,302926.875
vnm,2006,343244.34375
vnm,2007,383914.78125
vnm,2008,438419.21875
vnm,2009,481975.03125
vnm,2010,571564.0625
vnm,2011,627270.5625
vnm,2012,693197.5625
vnm,2013,709671.625
vnm,2014,763234.625
vnm,2015,804621.6875
vnm,2016,875369.9375
vnm,2017,956833.1875
vnm,2018,1036465.5625
vnm,2019,1112751.75
vnm,2020,1168464.5
vnm,2021,1181427.0
vnm,2022,1287282.875
vnm,2023,1336126.5
yem,1989,7892.72412109375
yem,1990,9555.6201171875
yem,1991,9327.029296875
yem,1992,9624.7587890625
yem,1993,9933.599609375
yem,1994,10255.57421875
yem,1995,11593.767578125
yem,1996,13906.84375
yem,1997,15858.63671875
yem,1998,17920.408203125
yem,1999,20282.552734375
yem,2000,22846.994140625
yem,2001,26614.57421875
yem,2002,31225.919921875
yem,2003,38242.1484375
yem,2004,50618.984375
yem,2005,77923.8203125
yem,2006,82655.6484375
yem,2007,85166.546875
yem,2008,92470.4375
yem,2009,93516.3984375
yem,2010,113438.734375
yem,2011,100865.7421875
yem,2012,94385.6484375
yem,2013,95424.1015625
yem,2014,98428.4765625
yem,2015,63781.09765625
yem,2016,48243.9921875
yem,2017,38343.484375
yem,2018,44577.9375
yem,2019,42557.625
yem,2020,40937.703125
yem,2021,39134.15625
yem,2022,40067.09765625
yem,2023,35955.59765625
zaf,1950,83650.109375
zaf,1951,85533.2265625
zaf,1952,79846.3203125
zaf,1953,89328.1015625
zaf,1954,96327.2890625
zaf,1955,99628.3984375
zaf,1956,105601.53125
zaf,1957,111368.453125
zaf,1958,111226.7421875
zaf,1959,113684.15625
zaf,1960,118575.3984375
zaf,1961,123073.5234375
zaf,1962,127879.78125
zaf,1963,136518.328125
zaf,1964,146046.5
zaf,1965,153101.328125
zaf,1966,160845.03125
zaf,1967,173460.203125
zaf,1968,181795.53125
zaf,1969,194858.625
zaf,1970,204059.671875
zaf,1971,207090.421875
zaf,1972,216589.671875
zaf,1973,247405.578125
zaf,1974,264986.28125
zaf,1975,263053.0
zaf,1976,260197.078125
zaf,1977,260133.65625
zaf,1978,272481.4375
zaf,1979,287850.84375
zaf,1980,330432.4375
zaf,1981,328831.4375
zaf,1982,330905.5625
zaf,1983,337903.0625
zaf,1984,346467.59375
zaf,1985,347154.78125
zaf,1986,341243.125
zaf,1987,355394.84375
zaf,1988,363763.3125
zaf,1989,370834.84375
zaf,1990,370604.25
zaf,1991,380821.9375
zaf,1992,389493.8125
zaf,1993,414741.84375
zaf,1994,423319.0
zaf,1995,447460.53125
zaf,1996,466210.09375
zaf,1997,476105.09375
zaf,1998,480136.5625
zaf,1999,487824.6875
zaf,2000,513759.125
zaf,2001,534459.875
zaf,2002,569710.75
zaf,2003,595964.3125
zaf,2004,620298.0625
zaf,2005,673471.625
zaf,2006,718346.5
zaf,2007,760621.125
zaf,2008,772641.4375
zaf,2009,769937.5625
zaf,2010,809140.9375
zaf,2011,844347.625
zaf,2012,841418.25
zaf,2013,840323.25
zaf,2014,839972.6875
zaf,2015,856515.125
zaf,2016,868081.4375
zaf,2017,891772.0
zaf,2018,857870.25
zaf,2019,853438.125
zaf,2020,798089.3125
zaf,2021,823562.625
zaf,2022,826451.5625
zaf,2023,812127.5625
zmb,1955,8881.2744140625
zmb,1956,9397.0810546875
zmb,1957,7950.27001953125
zmb,1958,7223.09521484375
zmb,1959,9254.220703125
zmb,1960,9873.2841796875
zmb,1961,9596.03125
zmb,1962,9366.1025390625
zmb,1963,9893.1455078125
zmb,1964,11556.296875
zmb,1965,12440.4970703125
zmb,1966,15684.7900390625
zmb,1967,17358.697265625
zmb,1968,18285.541015625
zmb,1969,21157.484375
zmb,1970,17522.791015625
zmb,1971,14242.3642578125
zmb,1972,15493.30859375
zmb,1973,17146.373046875
zmb,1974,16496.1015625
zmb,1975,14101.5966796875
zmb,1976,15244.037109375
zmb,1977,12518.4482421875
zmb,1978,11201.97265625
zmb,1979,12083.5166015625
zmb,1980,11047.796875
zmb,1981,12001.7880859375
zmb,1982,11963.30859375
zmb,1983,12494.8798828125
zmb,1984,14889.0361328125
zmb,1985,16656.908203125
zmb,1986,14309.7314453125
zmb,1987,15450.271484375
zmb,1988,15721.330078125
zmb,1989,12724.748046875
zmb,1990,12809.888671875
zmb,1991,13179.421875
zmb,1992,11282.89453125
zmb,1993,10744.025390625
zmb,1994,10318.697265625
zmb,1995,10548.8173828125
zmb,1996,11721.3251953125
zmb,1997,12570.7685546875
zmb,1998,12104.0712890625
zmb,1999,12496.59765625
zmb,2000,15019.5283203125
zmb,2001,15910.9013671875
zmb,2002,16908.05859375
zmb,2003,18244.83984375
zmb,2004,20098.90625
zmb,2005,22961.0
zmb,2006,27534.224609375
zmb,2007,37894.1875
zmb,2008,40082.17578125
zmb,2009,45498.94921875
zmb,2010,52845.98828125
zmb,2011,59857.96484375
zmb,2012,57812.0625
zmb,2013,57415.64453125
zmb,2014,59748.46875
zmb,2015,56962.734375
zmb,2016,57906.3125
zmb,2017,60666.1875
zmb,2018,61669.15234375
zmb,2019,61416.34765625
zmb,2020,58087.890625
zmb,2021,63948.85546875
zmb,2022,69417.328125
zmb,2023,72763.7578125
zwe,1954,6835.38134765625
zwe,1955,7006.2578125
zwe,1956,7647.3701171875
zwe,1957,8452.8212890625
zwe,1958,8473.267578125
zwe,1959,9632.1611328125
zwe,1960,10252.6923828125
zwe,1961,10853.1552734375
zwe,1962,10794.65625
zwe,1963,11039.953125
zwe,1964,10699.7900390625
zwe,1965,11807.8525390625
zwe,1966,11338.9892578125
zwe,1967,11578.900390625
zwe,1968,10872.6845703125
zwe,1969,13729.552734375
zwe,1970,16743.5625
zwe,1971,18252.48828125
zwe,1972,20455.400390625
zwe,1973,21315.880859375
zwe,1974,23563.9765625
zwe,1975,23040.326171875
zwe,1976,23142.169921875
zwe,1977,20819.1796875
zwe,1978,23095.154296875
zwe,1979,24166.12890625
zwe,1980,25707.7734375
zwe,1981,31431.8359375
zwe,1982,33329.6328125
zwe,1983,38962.6171875
zwe,1984,37151.97265625
zwe,1985,40773.171875
zwe,1986,42626.12109375
zwe,1987,42939.10546875
zwe,1988,50524.62109375
zwe,1989,56904.66796875
zwe,1990,60473.47265625
zwe,1991,70607.25
zwe,1992,63419.5546875
zwe,1993,66117.53125
zwe,1994,73185.34375
zwe,1995,69497.65625
zwe,1996,78679.328125
zwe,1997,63133.4453125
zwe,1998,58495.13671875
zwe,1999,60355.93359375
zwe,2000,46214.06640625
zwe,2001,52613.546875
zwe,2002,56868.36328125
zwe,2003,45548.9375
zwe,2004,20444.548828125
zwe,2005,7391.68603515625
zwe,2006,22302.8984375
zwe,2007,22435.287109375
zwe,2008,15608.150390625
zwe,2009,28406.20703125
zwe,2010,28610.001953125
zwe,2011,32857.53125
zwe,2012,38086.53125
zwe,2013,40451.70703125
zwe,2014,41610.296875
zwe,2015,44438.9296875
zwe,2016,47098.01171875
zwe,2017,51497.734375
zwe,2018,30961.8046875
zwe,2019,46189.53515625
zwe,2020,45764.43359375
zwe,2021,45625.34765625
zwe,2022,50321.87109375
zwe,2023,52101.8203125
