country,year,pop
abw,1970,0.05895
abw,1971,0.058781
abw,1972,0.058895
abw,1973,0.059435
abw,1974,0.060122
abw,1975,0.060813
abw,1976,0.061271
abw,1977,0.061511
abw,1978,0.061719
abw,1979,0.061896
abw,1980,0.062039
abw,1981,0.062266
abw,1982,0.062652
abw,1983,0.063096
abw,1984,0.063469
abw,1985,0.063661
abw,1986,0.063621
abw,1987,0.063408
abw,1988,0.063203
abw,1989,0.06339
abw,1990,0.064433
abw,1991,0.066543
abw,1992,0.068874
abw,1993,0.071072
abw,1994,0.073458
abw,1995,0.075918
abw,1996,0.078482
abw,1997,0.081106
abw,1998,0.083777
abw,1999,0.086472
abw,2000,0.088761
abw,2001,0.090305
abw,2002,0.091379
abw,2003,0.09231
abw,2004,0.093213
abw,2005,0.09423
abw,2006,0.095392
abw,2007,0.096587
abw,2008,0.097805
abw,2009,0.099025
abw,2010,0.100114
abw,2011,0.100981
abw,2012,0.101763
abw,2013,0.102558
abw,2014,0.103373
abw,2015,0.104184
abw,2016,0.104977
abw,2017,0.105731
abw,2018,0.106432
abw,2019,0.107076
abw,2020,0.1074
abw,2021,0.107558
abw,2022,0.107782
abw,2023,0.107939
ago,1970,5.852788
ago,1971,5.991102
ago,1972,6.174262
ago,1973,6.388528
ago,1974,6.613367
ago,1975,6.842947
ago,1976,7.074664
ago,1977,7.317829
ago,1978,7.576734
ago,1979,7.847207
ago,1980,8.133872
ago,1981,8.435607
ago,1982,8.751648
ago,1983,9.082983
ago,1984,9.425917
ago,1985,9.77912
ago,1986,10.13945
ago,1987,10.497858
ago,1988,10.861291
ago,1989,11.238562
ago,1990,11.62636
ago,1991,12.023529
ago,1992,12.423712
ago,1993,12.827135
ago,1994,13.249764
ago,1995,13.699778
ago,1996,14.170973
ago,1997,14.660413
ago,1998,15.15937
ago,1999,15.667235
ago,2000,16.194869
ago,2001,16.747208
ago,2002,17.327699
ago,2003,17.943712
ago,2004,18.600423
ago,2005,19.291161
ago,2006,20.015279
ago,2007,20.778561
ago,2008,21.578655
ago,2009,22.414773
ago,2010,23.294825
ago,2011,24.218352
ago,2012,25.177394
ago,2013,26.16562
ago,2014,27.160769
ago,2015,28.157798
ago,2016,29.18307
ago,2017,30.234839
ago,2018,31.297155
ago,2019,32.375632
ago,2020,33.451132
ago,2021,34.532429
ago,2022,35.635029
ago,2023,36.749906
aia,1970,0.006298
aia,1971,0.006355
aia,1972,0.006403
aia,1973,0.006447
aia,1974,0.006479
aia,1975,0.006499
aia,1976,0.006521
aia,1977,0.006543
aia,1978,0.006561
aia,1979,0.006577
aia,1980,0.006588
aia,1981,0.006604
aia,1982,0.006628
aia,1983,0.006647
aia,1984,0.006742
aia,1985,0.006955
aia,1986,0.007219
aia,1987,0.007495
aia,1988,0.007782
aia,1989,0.00809
aia,1990,0.008399
aia,1991,0.008703
aia,1992,0.008982
aia,1993,0.009228
aia,1994,0.009467
aia,1995,0.009714
aia,1996,0.009977
aia,1997,0.010254
aia,1998,0.010537
aia,1999,0.010841
aia,2000,0.011177
aia,2001,0.011472
aia,2002,0.011687
aia,2003,0.011874
aia,2004,0.012068
aia,2005,0.012267
aia,2006,0.01247
aia,2007,0.012676
aia,2008,0.01289
aia,2009,0.013114
aia,2010,0.013345
aia,2011,0.013569
aia,2012,0.013379
aia,2013,0.013252
aia,2014,0.013729
aia,2015,0.01421
aia,2016,0.01432
aia,2017,0.014425
aia,2018,0.014721
aia,2019,0.014823
aia,2020,0.014843
aia,2021,0.014475
aia,2022,0.01418
aia,2023,0.01441
alb,1970,2.18122
alb,1971,2.234992
alb,1972,2.289265
alb,1973,2.344105
alb,1974,2.399401
alb,1975,2.454859
alb,1976,2.51058
alb,1977,2.566599
alb,1978,2.624621
alb,1979,2.681385
alb,1980,2.735416
alb,1981,2.790413
alb,1982,2.846907
alb,1983,2.90513
alb,1984,2.964958
alb,1985,3.026242
alb,1986,3.087652
alb,1987,3.148838
alb,1988,3.212919
alb,1989,3.260374
alb,1990,3.277966
alb,1991,3.282602
alb,1992,3.282501
alb,1993,3.277825
alb,1994,3.26941
alb,1995,3.258567
alb,1996,3.245678
alb,1997,3.22966
alb,1998,3.210133
alb,1999,3.188595
alb,2000,3.166148
alb,2001,3.147943
alb,2002,3.134092
alb,2003,3.118088
alb,2004,3.098657
alb,2005,3.076159
alb,2006,3.050809
alb,2007,3.022887
alb,2008,2.99293
alb,2009,2.961479
alb,2010,2.928722
alb,2011,2.911504
alb,2012,2.910004
alb,2013,2.907573
alb,2014,2.903749
alb,2015,2.898632
alb,2016,2.897867
alb,2017,2.898242
alb,2018,2.894231
alb,2019,2.88501
alb,2020,2.871954
alb,2021,2.849635
alb,2022,2.827608
alb,2023,2.811655
are,1970,0.286536
are,1971,0.335027
are,1972,0.385014
are,1973,0.436399
are,1974,0.489087
are,1975,0.542856
are,1976,0.615866
are,1977,0.710209
are,1978,0.809274
are,1979,0.91201
are,1980,1.0157
are,1981,1.099855
are,1982,1.16637
are,1983,1.235305
are,1984,1.305996
are,1985,1.377911
are,1986,1.467383
are,1987,1.574244
are,1988,1.681788
are,1989,1.789851
are,1990,1.89822
are,1991,2.006626
are,1992,2.11473
are,1993,2.222093
are,1994,2.328188
are,1995,2.434662
are,1996,2.597564
are,1997,2.81741
are,1998,3.040421
are,1999,3.266009
are,2000,3.493575
are,2001,3.72359
are,2002,3.956826
are,2003,4.192457
are,2004,4.428967
are,2005,4.66479
are,2006,5.0091
are,2007,5.624635
are,2008,6.302664
are,2009,6.707058
are,2010,6.938363
are,2011,7.199423
are,2012,7.497118
are,2013,7.831847
are,2014,8.236874
are,2015,8.674633
are,2016,9.030873
are,2017,9.234327
are,2018,9.34687
are,2019,9.377847
are,2020,9.448524
are,2021,9.789048
are,2022,10.242086
are,2023,10.642081
arg,1950,17.0902249666788
arg,1951,17.4559449452828
arg,1952,17.8142998526244
arg,1953,18.1669185573674
arg,1954,18.5154356301661
arg,1955,18.8614799396842
arg,1956,19.2039662070337
arg,1957,19.5418053519996
arg,1958,19.8766281439092
arg,1959,20.2100672527532
arg,1960,20.5437515471954
arg,1961,20.8771526427683
arg,1962,21.2091852605842
arg,1963,21.5406400766804
arg,1964,21.872313469085
arg,1965,22.2049999151625
arg,1966,22.5323530993144
arg,1967,22.8538427364096
arg,1968,23.1789873495146
arg,1969,23.5173092630226
arg,1970,23.878327
arg,1971,24.257208
arg,1972,24.644328
arg,1973,25.046005
arg,1974,25.461351
arg,1975,25.874107
arg,1976,26.282283
arg,1977,26.701805
arg,1978,27.132158
arg,1979,27.568895
arg,1980,28.011596
arg,1981,28.463959
arg,1982,28.924262
arg,1983,29.391332
arg,1984,29.863093
arg,1985,30.336441
arg,1986,30.81198
arg,1987,31.291762
arg,1988,31.780532
arg,1989,32.270948
arg,1990,32.755901
arg,1991,33.230294
arg,1992,33.693527
arg,1993,34.152717
arg,1994,34.613491
arg,1995,35.07002
arg,1996,35.513793
arg,1997,35.947791
arg,1998,36.37286
arg,1999,36.794682
arg,2000,37.213984
arg,2001,37.624825
arg,2002,38.029349
arg,2003,38.424282
arg,2004,38.815916
arg,2005,39.216789
arg,2006,39.622115
arg,2007,40.016763
arg,2008,40.424148
arg,2009,40.854831
arg,2010,41.288694
arg,2011,41.73066
arg,2012,42.161721
arg,2013,42.582455
arg,2014,43.024071
arg,2015,43.477012
arg,2016,43.900313
arg,2017,44.288894
arg,2018,44.654882
arg,2019,44.973465
arg,2020,45.191965
arg,2021,45.312281
arg,2022,45.407904
arg,2023,45.538401
arm,1990,3.552128
arm,1991,3.613977
arm,1992,3.571861
arm,1993,3.453332
arm,1994,3.36461
arm,1995,3.307581
arm,1996,3.278735
arm,1997,3.246289
arm,1998,3.208401
arm,1999,3.167286
arm,2000,3.125628
arm,2001,3.084349
arm,2002,3.05563
arm,2003,3.038968
arm,2004,3.022541
arm,2005,3.006351
arm,2006,2.990377
arm,2007,2.974819
arm,2008,2.95999
arm,2009,2.945517
arm,2010,2.931078
arm,2011,2.923271
arm,2012,2.922528
arm,2013,2.922518
arm,2014,2.922422
arm,2015,2.921177
arm,2016,2.918793
arm,2017,2.914963
arm,2018,2.909965
arm,2019,2.903972
arm,2020,2.890892
arm,2021,2.870349
arm,2022,2.880874
arm,2023,2.943393
atg,1970,0.064528
atg,1971,0.064729
atg,1972,0.064615
atg,1973,0.064342
atg,1974,0.064058
atg,1975,0.063839
atg,1976,0.063762
atg,1977,0.063862
atg,1978,0.064038
atg,1979,0.064274
atg,1980,0.064513
atg,1981,0.064665
atg,1982,0.064785
atg,1983,0.064934
atg,1984,0.064882
atg,1985,0.064591
atg,1986,0.064276
atg,1987,0.063946
atg,1988,0.063623
atg,1989,0.063325
atg,1990,0.063066
atg,1991,0.063387
atg,1992,0.064404
atg,1993,0.065587
atg,1994,0.066843
atg,1995,0.068189
atg,1996,0.069612
atg,1997,0.071053
atg,1998,0.072412
atg,1999,0.073666
atg,2000,0.074912
atg,2001,0.076069
atg,2002,0.077032
atg,2003,0.077884
atg,2004,0.078719
atg,2005,0.079611
atg,2006,0.080604
atg,2007,0.081704
atg,2008,0.082912
atg,2009,0.084173
atg,2010,0.08532
atg,2011,0.086332
atg,2012,0.08726
atg,2013,0.088064
atg,2014,0.088765
atg,2015,0.089409
atg,2016,0.089969
atg,2017,0.090468
atg,2018,0.090926
atg,2019,0.091364
atg,2020,0.091846
atg,2021,0.092349
atg,2022,0.09284
atg,2023,0.093316
aus,1950,8.22766649539222
aus,1951,8.46976245504914
aus,1952,8.64950741082625
aus,1953,8.81542020996216
aus,1954,9.02052411958149
aus,1955,9.23257163136818
aus,1956,9.45501746263896
aus,1957,9.66596402055549
aus,1958,9.86768914071121
aus,1959,10.083112594667
aus,1960,10.3115548281376
aus,1961,10.5479561988109
aus,1962,10.7431686073656
aus,1963,10.9486929674716
aus,1964,11.1644732823371
aus,1965,11.3844932187008
aus,1966,11.5991564450273
aus,1967,11.8152955189987
aus,1968,12.0435906422539
aus,1969,12.3199822640646
aus,1970,12.599411
aus,1971,12.997964
aus,1972,13.304896
aus,1973,13.518685
aus,1974,13.719495
aus,1975,13.893989
aus,1976,14.046755
aus,1977,14.203508
aus,1978,14.367098
aus,1979,14.533035
aus,1980,14.721347
aus,1981,14.949202
aus,1982,15.192485
aus,1983,15.414893
aus,1984,15.620653
aus,1985,15.835747
aus,1986,16.069633
aus,1987,16.322269
aus,1988,16.594099
aus,1989,16.869362
aus,1990,17.126298
aus,1991,17.353193
aus,1992,17.549288
aus,1993,17.722911
aus,1994,17.897433
aus,1995,18.095344
aus,1996,18.305307
aus,1997,18.504912
aus,1998,18.701717
aus,1999,18.909981
aus,2000,19.132471
aus,2001,19.365433
aus,2002,19.595355
aus,2003,19.819454
aus,2004,20.046677
aus,2005,20.29449
aus,2006,20.590559
aus,2007,20.954549
aus,2008,21.370589
aus,2009,21.783011
aus,2010,22.141581
aus,2011,22.479775
aus,2012,22.852644
aus,2013,23.23627
aus,2014,23.595601
aus,2015,23.948002
aus,2016,24.329963
aus,2017,24.731038
aus,2018,25.119706
aus,2019,25.482714
aus,2020,25.743791
aus,2021,25.956417
aus,2022,26.200984
aus,2023,26.451124
aut,1950,6.93438787296552
aut,1951,6.93473878907264
aut,1952,6.92706059207647
aut,1953,6.93177125938411
aut,1954,6.9394961816228
aut,1955,6.94617169305744
aut,1956,6.95164522146753
aut,1957,6.96514452546359
aut,1958,6.9866405209661
aut,1959,7.01361052166688
aut,1960,7.04671344884318
aut,1961,7.0855712094611
aut,1962,7.12913200877563
aut,1963,7.17507388830619
aut,1964,7.22305928201493
aut,1965,7.27014211568184
aut,1966,7.32131388485789
aut,1967,7.37624036102256
aut,1968,7.41464135855539
aut,1969,7.44029065597256
aut,1970,7.466319
aut,1971,7.499635
aut,1972,7.543259
aut,1973,7.585105
aut,1974,7.597967
aut,1975,7.57783
aut,1976,7.564457
aut,1977,7.567336
aut,1978,7.561204
aut,1979,7.548341
aut,1980,7.548406
aut,1981,7.567556
aut,1982,7.573078
aut,1983,7.561163
aut,1984,7.560715
aut,1985,7.564309
aut,1986,7.569395
aut,1987,7.574315
aut,1988,7.585342
aut,1989,7.620407
aut,1990,7.679624
aut,1991,7.75714
aut,1992,7.842712
aut,1993,7.907495
aut,1994,7.938155
aut,1995,7.950322
aut,1996,7.960914
aut,1997,7.969803
aut,1998,7.978466
aut,1999,7.993892
aut,2000,8.012928
aut,2001,8.042233
aut,2002,8.081636
aut,2003,8.122602
aut,2004,8.173491
aut,2005,8.229204
aut,2006,8.269898
aut,2007,8.296952
aut,2008,8.323253
aut,2009,8.345066
aut,2010,8.365092
aut,2011,8.39327
aut,2012,8.431601
aut,2013,8.481406
aut,2014,8.547817
aut,2015,8.644039
aut,2016,8.737915
aut,2017,8.798778
aut,2018,8.84165
aut,2019,8.880876
aut,2020,8.921405
aut,2021,8.967057
aut,2022,9.064677
aut,2023,9.130429
aze,1990,7.231077
aze,1991,7.314308
aze,1992,7.40578
aze,1993,7.504115
aze,1994,7.608893
aze,1995,7.719282
aze,1996,7.830982
aze,1997,7.936221
aze,1998,8.025804
aze,1999,8.100471
aze,2000,8.174785
aze,2001,8.251771
aze,2002,8.326133
aze,2003,8.40053
aze,2004,8.489874
aze,2005,8.597248
aze,2006,8.71138
aze,2007,8.828311
aze,2008,8.942638
aze,2009,9.046336
aze,2010,9.146851
aze,2011,9.25615
aze,2012,9.376181
aze,2013,9.504409
aze,2014,9.631138
aze,2015,9.75285
aze,2016,9.868428
aze,2017,9.96851
aze,2018,10.039784
aze,2019,10.110475
aze,2020,10.18173
aze,2021,10.234371
aze,2022,10.295304
aze,2023,10.318207
bdi,1960,2.82221490931733
bdi,1961,2.90115361493704
bdi,1962,2.96907941824864
bdi,1963,3.01573488101076
bdi,1964,3.09629827651524
bdi,1965,3.17832241114532
bdi,1966,3.26147986137316
bdi,1967,3.33904601712405
bdi,1968,3.40900089032705
bdi,1969,3.4685135819405
bdi,1970,3.530432
bdi,1971,3.617289
bdi,1972,3.617128
bdi,1973,3.611991
bdi,1974,3.70359
bdi,1975,3.796612
bdi,1976,3.882626
bdi,1977,3.983582
bdi,1978,4.100338
bdi,1979,4.20353
bdi,1980,4.383706
bdi,1981,4.566014
bdi,1982,4.68139
bdi,1983,4.808528
bdi,1984,4.926465
bdi,1985,5.034042
bdi,1986,5.129414
bdi,1987,5.247787
bdi,1988,5.365327
bdi,1989,5.471706
bdi,1990,5.587052
bdi,1991,5.703857
bdi,1992,5.858407
bdi,1993,5.676843
bdi,1994,5.713854
bdi,1995,6.066316
bdi,1996,6.070506
bdi,1997,6.070042
bdi,1998,6.187108
bdi,1999,6.337155
bdi,2000,6.470194
bdi,2001,6.634365
bdi,2002,6.824132
bdi,2003,7.043154
bdi,2004,7.310656
bdi,2005,7.587299
bdi,2006,7.865547
bdi,2007,8.161874
bdi,2008,8.505637
bdi,2009,8.947646
bdi,2010,9.376444
bdi,2011,9.717978
bdi,2012,10.071028
bdi,2013,10.439341
bdi,2014,10.799785
bdi,2015,11.04758
bdi,2016,11.239451
bdi,2017,11.506762
bdi,2018,11.859446
bdi,2019,12.255336
bdi,2020,12.617036
bdi,2021,12.965481
bdi,2022,13.321097
bdi,2023,13.68945
bel,1950,8.63282864830933
bel,1951,8.67181583465529
bel,1952,8.72379557327543
bel,1953,8.77122782330438
bel,1954,8.81270316822361
bel,1955,8.86176115495342
bel,1956,8.91708956811452
bel,1957,8.9823058148092
bel,1958,9.04585344194746
bel,1959,9.09683734536689
bel,1960,9.11179679128151
bel,1961,9.15886120170521
bel,1962,9.21142128830356
bel,1963,9.27607243425755
bel,1964,9.35990841682468
bel,1965,9.4409474842587
bel,1966,9.50060230106691
bel,1967,9.54926576552583
bel,1968,9.58254000256245
bel,1969,9.60542324722723
bel,1970,9.630504
bel,1971,9.666531
bel,1972,9.694853
bel,1973,9.718035
bel,1974,9.735806
bel,1975,9.748476
bel,1976,9.758901
bel,1977,9.774014
bel,1978,9.791817
bel,1979,9.811365
bel,1980,9.833093
bel,1981,9.850669
bel,1982,9.862327
bel,1983,9.869132
bel,1984,9.874586
bel,1985,9.880337
bel,1986,9.886984
bel,1987,9.899147
bel,1988,9.916565
bel,1989,9.936573
bel,1990,9.960968
bel,1991,9.998961
bel,1992,10.045987
bel,1993,10.084931
bel,1994,10.116005
bel,1995,10.137265
bel,1996,10.156969
bel,1997,10.181464
bel,1998,10.203182
bel,1999,10.226682
bel,2000,10.251717
bel,2001,10.287004
bel,2002,10.332973
bel,2003,10.37626
bel,2004,10.421292
bel,2005,10.478886
bel,2006,10.548442
bel,2007,10.625493
bel,2008,10.709708
bel,2009,10.812935
bel,2010,10.936626
bel,2011,11.038631
bel,2012,11.107518
bel,2013,11.160276
bel,2014,11.210119
bel,2015,11.275335
bel,2016,11.332701
bel,2017,11.376581
bel,2018,11.428605
bel,2019,11.490618
bel,2020,11.540107
bel,2021,11.570844
bel,2022,11.64182
bel,2023,11.712893
ben,1959,2.35179915458932
ben,1960,2.40435346900683
ben,1961,2.45906398088117
ben,1962,2.51761910718598
ben,1963,2.57714633544901
ben,1964,2.63913631498584
ben,1965,2.70343005064116
ben,1966,2.7703946259665
ben,1967,2.83987020898995
ben,1968,2.91196614374813
ben,1969,2.98708326539571
ben,1970,3.065057
ben,1971,3.134767
ben,1972,3.207543
ben,1973,3.283496
ben,1974,3.362633
ben,1975,3.445407
ben,1976,3.532196
ben,1977,3.623202
ben,1978,3.718305
ben,1979,3.818528
ben,1980,3.925251
ben,1981,4.038307
ben,1982,4.156596
ben,1983,4.278978
ben,1984,4.405895
ben,1985,4.538012
ben,1986,4.67542
ben,1987,4.818486
ben,1988,4.967341
ben,1989,5.121657
ben,1990,5.281479
ben,1991,5.446932
ben,1992,5.617844
ben,1993,5.872706
ben,1994,6.096506
ben,1995,6.226773
ben,1996,6.391858
ben,1997,6.583365
ben,1998,6.789489
ben,1999,7.002818
ben,2000,7.221619
ben,2001,7.445596
ben,2002,7.675426
ben,2003,7.91307
ben,2004,8.159094
ben,2005,8.426144
ben,2006,8.693242
ben,2007,8.953969
ben,2008,9.228466
ben,2009,9.509423
ben,2010,9.797484
ben,2011,10.093623
ben,2012,10.397657
ben,2013,10.708834
ben,2014,11.030004
ben,2015,11.360681
ben,2016,11.697842
ben,2017,12.03978
ben,2018,12.383347
ben,2019,12.726755
ben,2020,13.070169
ben,2021,13.413417
ben,2022,13.759501
ben,2023,14.111034
bfa,1959,5.09271047683687
bfa,1960,5.14701016670097
bfa,1961,5.17334062112662
bfa,1962,5.20395742859832
bfa,1963,5.23893120448749
bfa,1964,5.27835122679945
bfa,1965,5.32231080870358
bfa,1966,5.37092091721214
bfa,1967,5.42429907647903
bfa,1968,5.482581473292
bfa,1969,5.54591286916249
bfa,1970,5.610304
bfa,1971,5.707999
bfa,1972,5.807234
bfa,1973,5.911927
bfa,1974,6.024904
bfa,1975,6.147569
bfa,1976,6.280635
bfa,1977,6.428734
bfa,1978,6.590984
bfa,1979,6.763903
bfa,1980,6.9479
bfa,1981,7.140271
bfa,1982,7.340197
bfa,1983,7.551129
bfa,1984,7.772256
bfa,1985,7.999935
bfa,1986,8.228847
bfa,1987,8.457109
bfa,1988,8.687435
bfa,1989,8.921175
bfa,1990,9.159356
bfa,1991,9.394632
bfa,1992,9.629275
bfa,1993,9.871713
bfa,1994,10.123798
bfa,1995,10.386722
bfa,1996,10.655942
bfa,1997,10.934223
bfa,1998,11.240664
bfa,1999,11.574928
bfa,2000,11.925546
bfa,2001,12.295001
bfa,2002,12.680897
bfa,2003,13.082532
bfa,2004,13.500533
bfa,2005,13.932123
bfa,2006,14.373707
bfa,2007,14.816307
bfa,2008,15.258093
bfa,2009,15.710066
bfa,2010,16.176498
bfa,2011,16.661908
bfa,2012,17.172287
bfa,2013,17.695409
bfa,2014,18.229461
bfa,2015,18.777487
bfa,2016,19.334856
bfa,2017,19.894407
bfa,2018,20.438288
bfa,2019,20.961952
bfa,2020,21.47869
bfa,2021,21.995243
bfa,2022,22.509038
bfa,2023,23.025776
bgd,1959,54.8307705715259
bgd,1960,55.9933522625456
bgd,1961,57.1382295645505
bgd,1962,58.2606369646521
bgd,1963,59.6789795850663
bgd,1964,60.8815516761126
bgd,1965,61.8309959988268
bgd,1966,63.0738675831002
bgd,1967,64.3758072692425
bgd,1968,65.7158827962086
bgd,1969,67.095197509347
bgd,1970,69.058894
bgd,1971,70.276758
bgd,1972,71.641519
bgd,1973,73.722294
bgd,1974,75.839348
bgd,1975,77.854351
bgd,1976,79.855318
bgd,1977,81.867264
bgd,1978,83.889655
bgd,1979,85.935072
bgd,1980,88.016432
bgd,1981,90.303105
bgd,1982,92.814507
bgd,1983,95.335155
bgd,1984,97.814966
bgd,1985,100.253825
bgd,1986,102.635572
bgd,1987,104.959291
bgd,1988,107.216008
bgd,1989,109.433799
bgd,1990,111.633717
bgd,1991,113.787109
bgd,1992,115.952192
bgd,1993,118.13236
bgd,1994,120.343179
bgd,1995,122.60037
bgd,1996,124.862179
bgd,1997,127.198069
bgd,1998,129.622332
bgd,1999,132.108065
bgd,2000,134.544304
bgd,2001,136.80581
bgd,2002,138.933658
bgd,2003,140.970351
bgd,2004,142.902856
bgd,2005,144.715786
bgd,2006,146.405973
bgd,2007,147.989278
bgd,2008,149.474264
bgd,2009,150.873714
bgd,2010,152.201981
bgd,2011,153.591076
bgd,2012,155.070101
bgd,2013,156.532141
bgd,2014,157.964929
bgd,2015,159.383179
bgd,2016,160.811932
bgd,2017,162.186147
bgd,2018,163.523103
bgd,2019,164.913055
bgd,2020,166.298024
bgd,2021,167.658854
bgd,2022,169.384897
bgd,2023,171.46699
bgr,1970,8.490825
bgr,1971,8.538898
bgr,1972,8.579913
bgr,1973,8.6248
bgr,1974,8.682755
bgr,1975,8.723148
bgr,1976,8.759438
bgr,1977,8.804686
bgr,1978,8.813746
bgr,1979,8.824992
bgr,1980,8.859537
bgr,1981,8.887801
bgr,1982,8.912732
bgr,1983,8.933326
bgr,1984,8.952604
bgr,1985,8.958854
bgr,1986,8.963469
bgr,1987,8.976204
bgr,1988,8.985715
bgr,1989,8.93638
bgr,1990,8.822365
bgr,1991,8.695797
bgr,1992,8.559101
bgr,1993,8.466533
bgr,1994,8.416917
bgr,1995,8.357574
bgr,1996,8.291398
bgr,1997,8.217102
bgr,1998,8.138194
bgr,1999,8.067462
bgr,2000,8.00052
bgr,2001,7.928452
bgr,2002,7.861943
bgr,2003,7.804409
bgr,2004,7.74943
bgr,2005,7.69505
bgr,2006,7.640294
bgr,2007,7.586888
bgr,2008,7.535592
bgr,2009,7.488011
bgr,2010,7.437599
bgr,2011,7.380025
bgr,2012,7.317014
bgr,2013,7.2646
bgr,2014,7.223449
bgr,2015,7.177517
bgr,2016,7.127434
bgr,2017,7.075636
bgr,2018,7.024745
bgr,2019,6.975469
bgr,2020,6.933652
bgr,2021,6.877225
bgr,2022,6.825864
bgr,2023,6.795803
bhr,1970,0.224809
bhr,1971,0.230733
bhr,1972,0.242113
bhr,1973,0.25532
bhr,1974,0.269038
bhr,1975,0.283243
bhr,1976,0.297863
bhr,1977,0.312823
bhr,1978,0.328046
bhr,1979,0.343457
bhr,1980,0.358978
bhr,1981,0.373524
bhr,1982,0.386983
bhr,1983,0.400707
bhr,1984,0.415154
bhr,1985,0.430358
bhr,1986,0.446286
bhr,1987,0.462854
bhr,1988,0.479929
bhr,1989,0.497327
bhr,1990,0.514797
bhr,1991,0.531869
bhr,1992,0.547749
bhr,1993,0.562809
bhr,1994,0.577952
bhr,1995,0.593222
bhr,1996,0.608593
bhr,1997,0.624005
bhr,1998,0.639378
bhr,1999,0.654614
bhr,2000,0.669581
bhr,2001,0.699956
bhr,2002,0.752197
bhr,2003,0.811276
bhr,2004,0.871442
bhr,2005,0.932604
bhr,2006,0.994618
bhr,2007,1.057405
bhr,2008,1.120714
bhr,2009,1.183605
bhr,2010,1.213244
bhr,2011,1.206728
bhr,2012,1.216303
bhr,2013,1.257203
bhr,2014,1.312848
bhr,2015,1.36965
bhr,2016,1.429604
bhr,2017,1.481995
bhr,2018,1.497626
bhr,2019,1.48567
bhr,2020,1.483077
bhr,2021,1.501764
bhr,2022,1.533459
bhr,2023,1.569666
bhs,1970,0.184982
bhs,1971,0.190857
bhs,1972,0.196055
bhs,1973,0.200791
bhs,1974,0.205342
bhs,1975,0.209886
bhs,1976,0.214501
bhs,1977,0.219157
bhs,1978,0.223761
bhs,1979,0.22823
bhs,1980,0.232526
bhs,1981,0.236614
bhs,1982,0.240614
bhs,1983,0.244698
bhs,1984,0.248863
bhs,1985,0.253154
bhs,1986,0.257536
bhs,1987,0.261935
bhs,1988,0.266448
bhs,1989,0.271178
bhs,1990,0.275945
bhs,1991,0.280731
bhs,1992,0.285927
bhs,1993,0.291339
bhs,1994,0.296509
bhs,1995,0.301461
bhs,1996,0.306268
bhs,1997,0.310904
bhs,1998,0.315368
bhs,1999,0.319614
bhs,2000,0.323835
bhs,2001,0.327836
bhs,2002,0.331614
bhs,2003,0.335618
bhs,2004,0.339782
bhs,2005,0.343894
bhs,2006,0.348375
bhs,2007,0.353334
bhs,2008,0.35812
bhs,2009,0.36281
bhs,2010,0.367478
bhs,2011,0.371729
bhs,2012,0.375469
bhs,2013,0.378953
bhs,2014,0.382298
bhs,2015,0.385346
bhs,2016,0.388055
bhs,2017,0.390485
bhs,2018,0.392717
bhs,2019,0.394675
bhs,2020,0.395863
bhs,2021,0.396373
bhs,2022,0.397538
bhs,2023,0.39944
bih,1990,4.448652
bih,1991,4.458343
bih,1992,4.234616
bih,1993,3.904482
bih,1994,3.725412
bih,1995,3.715564
bih,1996,3.875246
bih,1997,4.018227
bih,1998,4.089356
bih,1999,4.130305
bih,2000,4.159771
bih,2001,4.179438
bih,2002,4.188002
bih,2003,4.178523
bih,2004,4.140987
bih,2005,4.096493
bih,2006,4.063272
bih,2007,4.013424
bih,2008,3.947544
bih,2009,3.879794
bih,2010,3.811472
bih,2011,3.741798
bih,2012,3.670113
bih,2013,3.610859
bih,2014,3.564829
bih,2015,3.518541
bih,2016,3.473003
bih,2017,3.428682
bih,2018,3.387
bih,2019,3.345533
bih,2020,3.299349
bih,2021,3.244907
bih,2022,3.204802
bih,2023,3.185073
blr,1990,10.186261
blr,1991,10.193889
blr,1992,10.217561
blr,1993,10.24132
blr,1994,10.230187
blr,1995,10.197463
blr,1996,10.164028
blr,1997,10.122364
blr,1998,10.080578
blr,1999,10.039223
blr,2000,9.991313
blr,2001,9.938065
blr,2002,9.87345
blr,2003,9.803176
blr,2004,9.735091
blr,2005,9.667838
blr,2006,9.608036
blr,2007,9.563133
blr,2008,9.529358
blr,2009,9.507337
blr,2010,9.490752
blr,2011,9.472735
blr,2012,9.463076
blr,2013,9.464453
blr,2014,9.472708
blr,2015,9.487293
blr,2016,9.499064
blr,2017,9.49579
blr,2018,9.480031
blr,2019,9.435419
blr,2020,9.350944
blr,2021,9.251365
blr,2022,9.173237
blr,2023,9.11568
blz,1970,0.120736
blz,1971,0.122805
blz,1972,0.124676
blz,1973,0.126445
blz,1974,0.128185
blz,1975,0.130387
blz,1976,0.133099
blz,1977,0.135887
blz,1978,0.138713
blz,1979,0.141678
blz,1980,0.145062
blz,1981,0.148786
blz,1982,0.152548
blz,1983,0.156297
blz,1984,0.160044
blz,1985,0.163796
blz,1986,0.167554
blz,1987,0.171338
blz,1988,0.17518
blz,1989,0.179107
blz,1990,0.183076
blz,1991,0.18704
blz,1992,0.190983
blz,1993,0.194902
blz,1994,0.199097
blz,1995,0.204146
blz,1996,0.21031
blz,1997,0.217446
blz,1998,0.225173
blz,1999,0.233059
blz,2000,0.240799
blz,2001,0.248379
blz,2002,0.256009
blz,2003,0.26378
blz,2004,0.271688
blz,2005,0.279731
blz,2006,0.287878
blz,2007,0.2961
blz,2008,0.304361
blz,2009,0.312614
blz,2010,0.320245
blz,2011,0.327298
blz,2012,0.334414
blz,2013,0.341627
blz,2014,0.348923
blz,2015,0.356333
blz,2016,0.364705
blz,2017,0.373202
blz,2018,0.380226
blz,2019,0.385829
blz,2020,0.390812
blz,2021,0.395346
blz,2022,0.402733
blz,2023,0.411106
bmu,1970,0.052124
bmu,1971,0.052607
bmu,1972,0.052803
bmu,1973,0.052946
bmu,1974,0.053056
bmu,1975,0.053129
bmu,1976,0.05321
bmu,1977,0.053322
bmu,1978,0.053431
bmu,1979,0.053517
bmu,1980,0.053673
bmu,1981,0.053997
bmu,1982,0.054387
bmu,1983,0.054777
bmu,1984,0.055169
bmu,1985,0.055547
bmu,1986,0.055889
bmu,1987,0.056265
bmu,1988,0.056699
bmu,1989,0.057129
bmu,1990,0.057559
bmu,1991,0.057984
bmu,1992,0.058407
bmu,1993,0.058816
bmu,1994,0.059194
bmu,1995,0.059526
bmu,1996,0.059813
bmu,1997,0.060177
bmu,1998,0.060639
bmu,1999,0.061124
bmu,2000,0.06155
bmu,2001,0.061867
bmu,2002,0.062142
bmu,2003,0.062386
bmu,2004,0.062555
bmu,2005,0.062711
bmu,2006,0.062834
bmu,2007,0.06301
bmu,2008,0.0633
bmu,2009,0.063565
bmu,2010,0.063725
bmu,2011,0.063733
bmu,2012,0.063646
bmu,2013,0.063574
bmu,2014,0.063529
bmu,2015,0.063464
bmu,2016,0.063449
bmu,2017,0.063578
bmu,2018,0.063831
bmu,2019,0.064107
bmu,2020,0.064382
bmu,2021,0.064648
bmu,2022,0.064749
bmu,2023,0.064698
bol,1950,2.92118240001953
bol,1951,2.98205466638324
bol,1952,3.04504853351955
bol,1953,3.11015972096168
bol,1954,3.17739804860401
bol,1955,3.24675797701894
bol,1956,3.31824177233595
bol,1957,3.39189374997586
bol,1958,3.46780027465089
bol,1959,3.54604418598294
bol,1960,3.62670001445251
bol,1961,3.7098241615043
bol,1962,3.79551130099192
bol,1963,3.88392635678269
bol,1964,3.97520428947643
bol,1965,4.06945865733904
bol,1966,4.16678690393793
bol,1967,4.26731769506883
bol,1968,4.37124138560761
bol,1969,4.47875462523424
bol,1970,4.59001
bol,1971,4.694342
bol,1972,4.800978
bol,1973,4.9102
bol,1974,5.022475
bol,1975,5.137539
bol,1976,5.256496
bol,1977,5.379166
bol,1978,5.504123
bol,1979,5.630849
bol,1980,5.7589
bol,1981,5.888109
bol,1982,6.018088
bol,1983,6.14906
bol,1984,6.281868
bol,1985,6.416185
bol,1986,6.552479
bol,1987,6.692162
bol,1988,6.835508
bol,1989,6.981766
bol,1990,7.130142
bol,1991,7.280289
bol,1992,7.430336
bol,1993,7.579195
bol,1994,7.727322
bol,1995,7.874676
bol,1996,8.021736
bol,1997,8.1679
bol,1998,8.313394
bol,1999,8.459806
bol,2000,8.606326
bol,2001,8.752736
bol,2002,8.900355
bol,2003,9.0507
bol,2004,9.204287
bol,2005,9.360754
bol,2006,9.521689
bol,2007,9.68596
bol,2008,9.850858
bol,2009,10.016275
bol,2010,10.182345
bol,2011,10.348929
bol,2012,10.515807
bol,2013,10.682608
bol,2014,10.848888
bol,2015,11.014705
bol,2016,11.18002
bol,2017,11.344587
bol,2018,11.508368
bol,2019,11.671386
bol,2020,11.816299
bol,2021,11.93736
bol,2022,12.077154
bol,2023,12.244159
bra,1950,53.2706842849195
bra,1951,54.8181363001983
bra,1952,56.4199777358408
bra,1953,58.0784101770252
bra,1954,59.7957150591695
bra,1955,61.5742840870702
bra,1956,63.4267374009808
bra,1957,65.339724801314
bra,1958,67.3153718254008
bra,1959,69.3558876632043
bra,1960,71.4635461453578
bra,1961,73.5947414362397
bra,1962,75.7941136221942
bra,1963,78.0639745577783
bra,1964,80.4067349597503
bra,1965,82.8248815927156
bra,1966,85.2814628076885
bra,1967,87.7658014869129
bra,1968,90.2769394275134
bra,1969,92.8138880074755
bra,1970,95.375651
bra,1971,97.739273
bra,1972,100.146797
bra,1973,102.600976
bra,1974,105.089675
bra,1975,107.619565
bra,1976,110.213349
bra,1977,112.875292
bra,1978,115.600942
bra,1979,118.380821
bra,1980,121.207461
bra,1981,124.063109
bra,1982,126.923155
bra,1983,129.790077
bra,1984,132.658864
bra,1985,135.515595
bra,1986,138.33637
bra,1987,141.104944
bra,1988,143.826357
bra,1989,146.502972
bra,1990,149.143223
bra,1991,151.724256
bra,1992,154.275079
bra,1993,156.794577
bra,1994,159.265006
bra,1995,161.735073
bra,1996,164.202549
bra,1997,166.661659
bra,1998,169.159655
bra,1999,171.641543
bra,2000,174.018282
bra,2001,176.301203
bra,2002,178.503484
bra,2003,180.622688
bra,2004,182.675143
bra,2005,184.688101
bra,2006,186.653106
bra,2007,188.55232
bra,2008,190.367302
bra,2009,192.079951
bra,2010,193.701929
bra,2011,195.284734
bra,2012,196.876111
bra,2013,198.478299
bra,2014,200.085127
bra,2015,201.675532
bra,2016,203.218114
bra,2017,204.703445
bra,2018,206.107261
bra,2019,207.455459
bra,2020,208.660842
bra,2021,209.550294
bra,2022,210.306415
bra,2023,211.140729
brb,1960,0.242684266112509
brb,1961,0.239820181967346
brb,1962,0.2389323270889
brb,1963,0.241011983518763
brb,1964,0.243655687648431
brb,1965,0.245442868559459
brb,1966,0.24674539709938
brb,1967,0.248831310522408
brb,1968,0.250548512723805
brb,1969,0.249977149633981
brb,1970,0.249387
brb,1971,0.249168
brb,1972,0.249658
brb,1973,0.250322
brb,1974,0.250777
brb,1975,0.251175
brb,1976,0.251442
brb,1977,0.251626
brb,1978,0.251551
brb,1979,0.251269
brb,1980,0.251524
brb,1981,0.25227
brb,1982,0.253095
brb,1983,0.253992
brb,1984,0.25492
brb,1985,0.25582
brb,1986,0.256618
brb,1987,0.257279
brb,1988,0.257763
brb,1989,0.258109
brb,1990,0.258582
brb,1991,0.259373
brb,1992,0.260267
brb,1993,0.261027
brb,1994,0.26162
brb,1995,0.262039
brb,1996,0.262284
brb,1997,0.262392
brb,1998,0.262436
brb,1999,0.262517
brb,2000,0.262063
brb,2001,0.262425
brb,2002,0.264148
brb,2003,0.265776
brb,2004,0.267298
brb,2005,0.268706
brb,2006,0.270002
brb,2007,0.271288
brb,2008,0.272714
brb,2009,0.274123
brb,2010,0.275243
brb,2011,0.276139
brb,2012,0.276938
brb,2013,0.277665
brb,2014,0.278348
brb,2015,0.27899
brb,2016,0.279598
brb,2017,0.280171
brb,2018,0.280711
brb,2019,0.281207
brb,2020,0.281698
brb,2021,0.282147
brb,2022,0.282318
brb,2023,0.282336
brn,1970,0.135138
brn,1971,0.137921
brn,1972,0.142189
brn,1973,0.147369
brn,1974,0.152656
brn,1975,0.15807
brn,1976,0.163607
brn,1977,0.169277
brn,1978,0.174884
brn,1979,0.180422
brn,1980,0.186111
brn,1981,0.191977
brn,1982,0.198165
brn,1983,0.204741
brn,1984,0.211661
brn,1985,0.218919
brn,1986,0.226495
brn,1987,0.23386
brn,1988,0.240913
brn,1989,0.248064
brn,1990,0.255292
brn,1991,0.262596
brn,1992,0.269839
brn,1993,0.276971
brn,1994,0.284091
brn,1995,0.291195
brn,1996,0.298276
brn,1997,0.305341
brn,1998,0.312385
brn,1999,0.319411
brn,2000,0.326424
brn,2001,0.333345
brn,2002,0.340099
brn,2003,0.346637
brn,2004,0.352911
brn,2005,0.358916
brn,2006,0.364663
brn,2007,0.370873
brn,2008,0.377793
brn,2009,0.384952
brn,2010,0.392332
brn,2011,0.399389
brn,2012,0.405557
brn,2013,0.411202
brn,2014,0.41675
brn,2015,0.422212
brn,2016,0.427564
brn,2017,0.432772
brn,2018,0.43781
brn,2019,0.44268
brn,2020,0.447404
brn,2021,0.451721
brn,2022,0.45537
brn,2023,0.458949
btn,1970,0.308528
btn,1971,0.319211
btn,1972,0.330264
btn,1973,0.341705
btn,1974,0.353538
btn,1975,0.365791
btn,1976,0.37849
btn,1977,0.391639
btn,1978,0.405243
btn,1979,0.4192
btn,1980,0.433404
btn,1981,0.447836
btn,1982,0.462485
btn,1983,0.47746
btn,1984,0.492784
btn,1985,0.508392
btn,1986,0.524324
btn,1987,0.540557
btn,1988,0.556986
btn,1989,0.573586
btn,1990,0.589287
btn,1991,0.599784
btn,1992,0.577774
btn,1993,0.554673
btn,1994,0.554497
btn,1995,0.547989
btn,1996,0.548784
btn,1997,0.558697
btn,1998,0.569435
btn,1999,0.582579
btn,2000,0.596863
btn,2001,0.610794
btn,2002,0.624409
btn,2003,0.637663
btn,2004,0.650544
btn,2005,0.661865
btn,2006,0.670799
btn,2007,0.678641
btn,2008,0.686351
btn,2009,0.693988
btn,2010,0.701632
btn,2011,0.709377
btn,2012,0.717279
btn,2013,0.725273
btn,2014,0.733139
btn,2015,0.740618
btn,2016,0.747866
btn,2017,0.754335
btn,2018,0.759759
btn,2019,0.764824
btn,2020,0.770006
btn,2021,0.775442
btn,2022,0.780914
btn,2023,0.786385
bwa,1960,0.502082990047028
bwa,1961,0.510058594090128
bwa,1962,0.518326265901072
bwa,1963,0.526891217210014
bwa,1964,0.53571488723894
bwa,1965,0.543937129633287
bwa,1966,0.551887458291424
bwa,1967,0.559545628804893
bwa,1968,0.568036772374668
bwa,1969,0.578077516959643
bwa,1970,0.590334
bwa,1971,0.600481
bwa,1972,0.622407
bwa,1973,0.652408
bwa,1974,0.685448
bwa,1975,0.72038
bwa,1976,0.758508
bwa,1977,0.799574
bwa,1978,0.849239
bwa,1979,0.901742
bwa,1980,0.937485
bwa,1981,0.969996
bwa,1982,1.009269
bwa,1983,1.046137
bwa,1984,1.08366
bwa,1985,1.121945
bwa,1986,1.16065
bwa,1987,1.199167
bwa,1988,1.235476
bwa,1989,1.270274
bwa,1990,1.305696
bwa,1991,1.341756
bwa,1992,1.380033
bwa,1993,1.420115
bwa,1994,1.460023
bwa,1995,1.498836
bwa,1996,1.535914
bwa,1997,1.571691
bwa,1998,1.606899
bwa,1999,1.641997
bwa,2000,1.677382
bwa,2001,1.712254
bwa,2002,1.744763
bwa,2003,1.775736
bwa,2004,1.807146
bwa,2005,1.839877
bwa,2006,1.874516
bwa,2007,1.911201
bwa,2008,1.94997
bwa,2009,1.990673
bwa,2010,2.033111
bwa,2011,2.073535
bwa,2012,2.108617
bwa,2013,2.140682
bwa,2014,2.172044
bwa,2015,2.203273
bwa,2016,2.234776
bwa,2017,2.266747
bwa,2018,2.299141
bwa,2019,2.332083
bwa,2020,2.365894
bwa,2021,2.401441
bwa,2022,2.439892
bwa,2023,2.480244
caf,1960,1.67350275439643
caf,1961,1.70475140467427
caf,1962,1.73739923404459
caf,1963,1.77148621128442
caf,1964,1.80712082307426
caf,1965,1.85607319450822
caf,1966,1.92172354215795
caf,1967,1.97706915058976
caf,1968,2.01062470623296
caf,1969,2.04667667906185
caf,1970,2.097505
caf,1971,2.14145
caf,1972,2.183769
caf,1973,2.226008
caf,1974,2.269338
caf,1975,2.313916
caf,1976,2.348566
caf,1977,2.37293
caf,1978,2.397961
caf,1979,2.423794
caf,1980,2.450535
caf,1981,2.478402
caf,1982,2.507375
caf,1983,2.537399
caf,1984,2.56861
caf,1985,2.600932
caf,1986,2.634258
caf,1987,2.669155
caf,1988,2.713965
caf,1989,2.78397
caf,1990,2.87191
caf,1991,2.963191
caf,1992,3.058831
caf,1993,3.157839
caf,1994,3.257954
caf,1995,3.348052
caf,1996,3.435965
caf,1997,3.5317
caf,1998,3.628827
caf,1999,3.72945
caf,2000,3.833416
caf,2001,3.919487
caf,2002,4.006077
caf,2003,4.103086
caf,2004,4.192826
caf,2005,4.28881
caf,2006,4.377579
caf,2007,4.46277
caf,2008,4.558984
caf,2009,4.529047
caf,2010,4.492995
caf,2011,4.565021
caf,2012,4.610848
caf,2013,4.642419
caf,2014,4.623182
caf,2015,4.62932
caf,2016,4.713663
caf,2017,4.793511
caf,2018,4.878657
caf,2019,4.944703
caf,2020,5.026628
caf,2021,5.1121
caf,2022,5.098039
caf,2023,5.152421
can,1950,13.8117417797784
can,1951,14.1264449915337
can,1952,14.5748712865016
can,1953,14.9669931748581
can,1954,15.4134086317357
can,1955,15.8216181648978
can,1956,16.2107242661604
can,1957,16.767738638254
can,1958,17.2131482060448
can,1959,17.617335122943
can,1960,18.0064412242057
can,1961,18.3694054902113
can,1962,18.7152771624077
can,1963,19.0671804087918
can,1964,19.4301465549639
can,1965,19.7850655884418
can,1966,20.1570790958953
can,1967,20.5230591489947
can,1968,20.8417849770138
can,1969,21.1424104419706
can,1970,21.440022
can,1971,21.895691
can,1972,22.23088
can,1973,22.512227
can,1974,22.824082
can,1975,23.148986
can,1976,23.455781
can,1977,23.73034
can,1978,23.978738
can,1979,24.237173
can,1980,24.533776
can,1981,24.844974
can,1982,25.140164
can,1983,25.412608
can,1984,25.670375
can,1985,25.927465
can,1986,26.211031
can,1987,26.540921
can,1988,26.927945
can,1989,27.36605
can,1990,27.789443
can,1991,28.157158
can,1992,28.500059
can,1993,28.830637
can,1994,29.147381
can,1995,29.459131
can,1996,29.767206
can,1997,30.059089
can,1998,30.329969
can,1999,30.599456
can,2000,30.891803
can,2001,31.213577
can,2002,31.535577
can,2003,31.836482
can,2004,32.132678
can,2005,32.440173
can,2006,32.759171
can,2007,33.092171
can,2008,33.449085
can,2009,33.82637
can,2010,34.196899
can,2011,34.555452
can,2012,34.922516
can,2013,35.293433
can,2014,35.634264
can,2015,35.962234
can,2016,36.353343
can,2017,36.808497
can,2018,37.295005
can,2019,37.782935
can,2020,38.171902
can,2021,38.454057
can,2022,38.821259
can,2023,39.299105
che,1950,4.62952696846788
che,1951,4.68377183610909
che,1952,4.74886530104836
che,1953,4.81099971560617
che,1954,4.86129933950135
che,1955,4.91159896339653
che,1956,4.97570623497122
che,1957,5.05559354095458
che,1958,5.12759082973361
che,1959,5.1867666641977
che,1960,5.28835210535263
che,1961,5.43629192665671
che,1962,5.5881765214191
che,1963,5.70948724072872
che,1964,5.80614124477305
che,1965,5.86137183549111
che,1966,5.91364384611544
che,1967,5.97972397470701
che,1968,6.04777601974001
che,1969,6.12667713235879
che,1970,6.180922
che,1971,6.21353
che,1972,6.261081
che,1973,6.307403
che,1974,6.341377
che,1975,6.3386
che,1976,6.302555
che,1977,6.281359
che,1978,6.282038
che,1979,6.294715
che,1980,6.319846
che,1981,6.354556
che,1982,6.391804
che,1983,6.419311
che,1984,6.442422
che,1985,6.470957
che,1986,6.50475
che,1987,6.545773
che,1988,6.594143
che,1989,6.647788
che,1990,6.713173
che,1991,6.796943
che,1992,6.875051
che,1993,6.938106
che,1994,6.993587
che,1995,7.040477
che,1996,7.071883
che,1997,7.089163
che,1998,7.110291
che,1999,7.144121
che,2000,7.184007
che,2001,7.226391
che,2002,7.278752
che,2003,7.333447
che,2004,7.384194
che,2005,7.431823
che,2006,7.478509
che,2007,7.545381
che,2008,7.641728
che,2009,7.737645
che,2010,7.825753
che,2011,7.914372
che,2012,7.998926
che,2013,8.091202
che,2014,8.190235
che,2015,8.283934
che,2016,8.374901
che,2017,8.453628
che,2018,8.516344
che,2019,8.577524
che,2020,8.640582
che,2021,8.707023
che,2022,8.792182
che,2023,8.870561
chl,1951,6.57010742455453
chl,1952,6.70218953166488
chl,1953,6.8232052486066
chl,1954,6.94864371322213
chl,1955,7.08644843289024
chl,1956,7.23943110455152
chl,1957,7.40713572317729
chl,1958,7.5872131112132
chl,1959,7.77643565504413
chl,1960,7.97138381805939
chl,1961,8.16891467329204
chl,1962,8.3664234799299
chl,1963,8.56198549586839
chl,1964,8.75437652299203
chl,1965,8.94303933317786
chl,1966,9.12800098606495
chl,1967,9.3097565728273
chl,1968,9.48915797099101
chl,1969,9.66728556170098
chl,1970,9.845344
chl,1971,10.009701
chl,1972,10.174678
chl,1973,10.340362
chl,1974,10.505817
chl,1975,10.671559
chl,1976,10.838251
chl,1977,11.005519
chl,1978,11.172695
chl,1979,11.339779
chl,1980,11.50855
chl,1981,11.678717
chl,1982,11.850214
chl,1983,12.026138
chl,1984,12.207733
chl,1985,12.395274
chl,1986,12.588914
chl,1987,12.79015
chl,1988,12.999424
chl,1989,13.215005
chl,1990,13.437176
chl,1991,13.662491
chl,1992,13.884577
chl,1993,14.102276
chl,1994,14.316256
chl,1995,14.527381
chl,1996,14.734046
chl,1997,14.932434
chl,1998,15.127799
chl,1999,15.319313
chl,2000,15.503635
chl,2001,15.683849
chl,2002,15.857925
chl,2003,16.024752
chl,2004,16.187322
chl,2005,16.348778
chl,2006,16.509195
chl,2007,16.671581
chl,2008,16.838988
chl,2009,17.009731
chl,2010,17.181464
chl,2011,17.351816
chl,2012,17.519119
chl,2013,17.687006
chl,2014,17.864195
chl,2015,18.047625
chl,2016,18.267221
chl,2017,18.558868
chl,2018,18.893191
chl,2019,19.197744
chl,2020,19.370624
chl,2021,19.456334
chl,2022,19.553036
chl,2023,19.658835
chn,1952,576.571149812691
chn,1953,586.260436584367
chn,1954,596.831252509259
chn,1955,608.878593014988
chn,1956,621.328783523545
chn,1957,635.457260496672
chn,1958,648.993559603395
chn,1959,656.667003826331
chn,1960,652.965034642676
chn,1961,646.953216522326
chn,1962,655.615992240727
chn,1963,676.636775214796
chn,1964,698.530267150441
chn,1965,718.080773179416
chn,1966,738.510235805712
chn,1967,757.995325413368
chn,1968,778.901752152789
chn,1969,801.469131230156
chn,1970,823.308967
chn,1971,844.069867
chn,1972,863.677814
chn,1973,882.576946
chn,1974,900.307582
chn,1975,916.116793
chn,1976,930.372292
chn,1977,943.546375
chn,1978,956.161485
chn,1979,969.288069
chn,1980,983.163542
chn,1981,997.721071
chn,1982,1013.588179
chn,1983,1029.064956
chn,1984,1043.849638
chn,1985,1059.80782
chn,1986,1077.233607
chn,1987,1096.217446
chn,1988,1115.244165
chn,1989,1133.991008
chn,1990,1153.582724
chn,1991,1170.788528
chn,1992,1184.574237
chn,1993,1197.308575
chn,1994,1209.003096
chn,1995,1220.133927
chn,1996,1230.944812
chn,1997,1241.139622
chn,1998,1250.847127
chn,1999,1260.176655
chn,2000,1269.581175
chn,2001,1278.725063
chn,2002,1286.866839
chn,2003,1294.517326
chn,2004,1302.100316
chn,2005,1310.027136
chn,2006,1318.054036
chn,2007,1325.813582
chn,2008,1333.821016
chn,2009,1342.522716
chn,2010,1351.561514
chn,2011,1360.250664
chn,2012,1369.520864
chn,2013,1379.00804
chn,2014,1387.951972
chn,2015,1396.134174
chn,2016,1404.052632
chn,2017,1412.354727
chn,2018,1419.008956
chn,2019,1423.520357
chn,2020,1426.106093
chn,2021,1426.437267
chn,2022,1425.179569
chn,2023,1422.584933
civ,1960,3.46874569720779
civ,1961,3.59400385015038
civ,1962,3.72751183940085
civ,1963,3.88147293808713
civ,1964,4.04584988005742
civ,1965,4.22561920856595
civ,1966,4.42663649660394
civ,1967,4.64649707403069
civ,1968,4.88705983088186
civ,1969,5.14006036129594
civ,1970,5.411567
civ,1971,5.650868
civ,1972,5.909716
civ,1973,6.184944
civ,1974,6.474057
civ,1975,6.776297
civ,1976,7.057958
civ,1977,7.32195
civ,1978,7.60313
civ,1979,7.902267
civ,1980,8.220714
civ,1981,8.556596
civ,1982,8.907936
civ,1983,9.272744
civ,1984,9.650516
civ,1985,10.040483
civ,1986,10.440917
civ,1987,10.851475
civ,1988,11.275189
civ,1989,11.719771
civ,1990,12.189778
civ,1991,12.68387
civ,1992,13.20031
civ,1993,13.735951
civ,1994,14.287201
civ,1995,14.855565
civ,1996,15.442312
civ,1997,16.04717
civ,1998,16.663948
civ,1999,17.215935
civ,2000,17.699004
civ,2001,18.178913
civ,2002,18.654771
civ,2003,19.125542
civ,2004,19.595
civ,2005,20.068458
civ,2006,20.546802
civ,2007,21.030558
civ,2008,21.514439
civ,2009,21.99794
civ,2010,22.488065
civ,2011,22.982
civ,2012,23.467078
civ,2013,23.939775
civ,2014,24.527395
civ,2015,25.246342
civ,2016,25.989405
civ,2017,26.733372
civ,2018,27.464173
civ,2019,28.193009
civ,2020,28.915449
civ,2021,29.639736
civ,2022,30.395002
civ,2023,31.165654
cmr,1960,5.37784673423742
cmr,1961,5.46452974015952
cmr,1962,5.55510859610489
cmr,1963,5.64978813024047
cmr,1964,5.74883900835827
cmr,1965,5.85249440538047
cmr,1966,5.96099846916676
cmr,1967,6.07467261534515
cmr,1968,6.19379573941081
cmr,1969,6.31872857668451
cmr,1970,6.449793
cmr,1971,6.624408
cmr,1972,6.806872
cmr,1973,6.99666
cmr,1974,7.193583
cmr,1975,7.39712
cmr,1976,7.597962
cmr,1977,7.796501
cmr,1978,8.011921
cmr,1979,8.239641
cmr,1980,8.512219
cmr,1981,8.816377
cmr,1982,9.028678
cmr,1983,9.215397
cmr,1984,9.475078
cmr,1985,9.76173
cmr,1986,10.060342
cmr,1987,10.370749
cmr,1988,10.684968
cmr,1989,11.002745
cmr,1990,11.331821
cmr,1991,11.66718
cmr,1992,12.006353
cmr,1993,12.353131
cmr,1994,12.704903
cmr,1995,13.058516
cmr,1996,13.414757
cmr,1997,13.775214
cmr,1998,14.14486
cmr,1999,14.52514
cmr,2000,14.912631
cmr,2001,15.30949
cmr,2002,15.725528
cmr,2003,16.16034
cmr,2004,16.610487
cmr,2005,17.074594
cmr,2006,17.550407
cmr,2007,18.049896
cmr,2008,18.574056
cmr,2009,19.113974
cmr,2010,19.668066
cmr,2011,20.232304
cmr,2012,20.809529
cmr,2013,21.402376
cmr,2014,22.059893
cmr,2015,22.763414
cmr,2016,23.454161
cmr,2017,24.128601
cmr,2018,24.806383
cmr,2019,25.506095
cmr,2020,26.210558
cmr,2021,26.915758
cmr,2022,27.632771
cmr,2023,28.372687
cod,1950,12.5449081951715
cod,1951,12.7881102722885
cod,1952,13.0360656654009
cod,1953,13.2888634275446
cod,1954,13.5514790664479
cod,1955,13.8242970090767
cod,1956,14.1078647993437
cod,1957,14.4024734026132
cod,1958,14.7085672023506
cod,1959,15.0266152699914
cod,1960,15.3571096015152
cod,1961,15.6841670148883
cod,1962,16.1669667254587
cod,1963,16.6668963605628
cod,1964,17.0417849529614
cod,1965,17.4327348334652
cod,1966,17.8837963947913
cod,1967,18.4363854705406
cod,1968,19.0184378754139
cod,1969,19.5807293234903
cod,1970,20.137436
cod,1971,20.695569
cod,1972,21.25116
cod,1973,21.827665
cod,1974,22.418878
cod,1975,23.021101
cod,1976,23.624031
cod,1977,24.229061
cod,1978,24.992689
cod,1979,25.886782
cod,1980,26.711099
cod,1981,27.500515
cod,1982,28.33819
cod,1983,29.250963
cod,1984,30.245081
cod,1985,31.264816
cod,1986,32.265196
cod,1987,33.298904
cod,1988,34.382752
cod,1989,35.486866
cod,1990,36.684063
cod,1991,37.925817
cod,1992,39.22891
cod,1993,40.656336
cod,1994,42.626876
cod,1995,44.433704
cod,1996,45.296124
cod,1997,46.029902
cod,1998,47.2976
cod,1999,48.912971
cod,2000,50.507442
cod,2001,52.132646
cod,2002,53.750524
cod,2003,55.343867
cod,2004,56.997741
cod,2005,58.775724
cod,2006,60.615908
cod,2007,62.477752
cod,2008,64.390664
cod,2009,66.412044
cod,2010,68.563038
cod,2011,70.849311
cod,2012,73.254618
cod,2013,75.789395
cod,2014,78.403242
cod,2015,81.035531
cod,2016,83.956415
cod,2017,87.083398
cod,2018,90.047644
cod,2019,92.947442
cod,2020,95.989998
cod,2021,99.148932
cod,2022,102.396968
cod,2023,105.789731
cog,1960,1.10085153354422
cog,1961,1.12545065853574
cog,1962,1.15106039257047
cog,1963,1.17772342268496
cog,1964,1.20548701887981
cog,1965,1.23439858209743
cog,1966,1.26450839400052
cog,1967,1.29587158109947
cog,1968,1.32854405555564
cog,1969,1.36244895451488
cog,1970,1.397638
cog,1971,1.441039
cog,1972,1.486468
cog,1973,1.53368
cog,1974,1.582301
cog,1975,1.627032
cog,1976,1.667225
cog,1977,1.707568
cog,1978,1.748089
cog,1979,1.788524
cog,1980,1.828985
cog,1981,1.869759
cog,1982,1.91043
cog,1983,1.950321
cog,1984,1.999528
cog,1985,2.059311
cog,1986,2.120602
cog,1987,2.183473
cog,1988,2.247653
cog,1989,2.313558
cog,1990,2.38056
cog,1991,2.449229
cog,1992,2.519465
cog,1993,2.595124
cog,1994,2.673144
cog,1995,2.749461
cog,1996,2.826785
cog,1997,2.887862
cog,1998,2.952061
cog,1999,3.032874
cog,2000,3.151345
cog,2001,3.272537
cog,2002,3.350771
cog,2003,3.445753
cog,2004,3.565554
cog,2005,3.696393
cog,2006,3.837409
cog,2007,3.98043
cog,2008,4.113517
cog,2009,4.281219
cog,2010,4.46229
cog,2011,4.609724
cog,2012,4.74045
cog,2013,4.857099
cog,2014,4.97588
cog,2015,5.097581
cog,2016,5.222536
cog,2017,5.351011
cog,2018,5.483118
cog,2019,5.616661
cog,2020,5.752791
cog,2021,5.892183
cog,2022,6.035104
cog,2023,6.182885
col,1950,11.257437789049
col,1951,11.620015796168
col,1952,11.9946637448643
col,1953,12.3820114356497
col,1954,12.7825052859462
col,1955,13.1966130152516
col,1956,13.624816235722
col,1957,14.06832175628
col,1958,14.5269878718101
col,1959,15.0013573221654
col,1960,15.4927656549023
col,1961,16.0010711649055
col,1962,16.5194432951515
col,1963,17.0401160496207
col,1964,17.5684149473486
col,1965,18.1085540947023
col,1966,18.6480930792152
col,1967,19.1941745796351
col,1968,19.7357344828497
col,1969,20.2674250415703
col,1970,20.811782
col,1971,21.319096
col,1972,21.819563
col,1973,22.325374
col,1974,22.833469
col,1975,23.344644
col,1976,23.85881
col,1977,24.393494
col,1978,24.950337
col,1979,25.515626
col,1980,26.104498
col,1981,26.713267
col,1982,27.338331
col,1983,27.988173
col,1984,28.64269
col,1985,29.26847
col,1986,29.879112
col,1987,30.499467
col,1988,31.130524
col,1989,31.776279
col,1990,32.440069
col,1991,33.098372
col,1992,33.760571
col,1993,34.441473
col,1994,35.12741
col,1995,35.804662
col,1996,36.462745
col,1997,37.121149
col,1998,37.792165
col,1999,38.454863
col,2000,39.089934
col,2001,39.709262
col,2002,40.32468
col,2003,40.937429
col,2004,41.543171
col,2005,42.128977
col,2006,42.691084
col,2007,43.235374
col,2008,43.758808
col,2009,44.271541
col,2010,44.777319
col,2011,45.259614
col,2012,45.71581
col,2013,46.151584
col,2014,46.565429
col,2015,46.96994
col,2016,47.437512
col,2017,48.131078
col,2018,49.024465
col,2019,49.907985
col,2020,50.629997
col,2021,51.188173
col,2022,51.737944
col,2023,52.321152
com,1960,0.189040485759246
com,1961,0.193495206272589
com,1962,0.198125642738264
com,1963,0.202941082273394
com,1964,0.207964272924399
com,1965,0.213205549111826
com,1966,0.21867524525622
com,1967,0.224677248767125
com,1968,0.230945898809954
com,1969,0.237446079916981
com,1970,0.244185
com,1971,0.251865
com,1972,0.260077
com,1973,0.26882
com,1974,0.278075
com,1975,0.287692
com,1976,0.297538
com,1977,0.307579
com,1978,0.317688
com,1979,0.327791
com,1980,0.337721
com,1981,0.347382
com,1982,0.357139
com,1983,0.367233
com,1984,0.377637
com,1985,0.388352
com,1986,0.399318
com,1987,0.410439
com,1988,0.421687
com,1989,0.433103
com,1990,0.444596
com,1991,0.455556
com,1992,0.465113
com,1993,0.473682
com,1994,0.482142
com,1995,0.490586
com,1996,0.499107
com,1997,0.507777
com,1998,0.516597
com,1999,0.525886
com,2000,0.53608
com,2001,0.54722
com,2002,0.558923
com,2003,0.569798
com,2004,0.580704
com,2005,0.592677
com,2006,0.604753
com,2007,0.616927
com,2008,0.629307
com,2009,0.641947
com,2010,0.654836
com,2011,0.668056
com,2012,0.68163
com,2013,0.696192
com,2014,0.711503
com,2015,0.726682
com,2016,0.741741
com,2017,0.756669
com,2018,0.77159
com,2019,0.786578
com,2020,0.802163
com,2021,0.818174
com,2022,0.834188
com,2023,0.850387
cpv,1960,0.210686171340446
cpv,1961,0.21751530689825
cpv,1962,0.224723489634801
cpv,1963,0.23226253491063
cpv,1964,0.24012706583054
cpv,1965,0.248109393834285
cpv,1966,0.256151681399327
cpv,1967,0.264243206645625
cpv,1968,0.272290855150688
cpv,1969,0.280106148389341
cpv,1970,0.287885
cpv,1971,0.294046
cpv,1972,0.297386
cpv,1973,0.299881
cpv,1974,0.30257
cpv,1975,0.305847
cpv,1976,0.309455
cpv,1977,0.312834
cpv,1978,0.316147
cpv,1979,0.31948
cpv,1980,0.323301
cpv,1981,0.327846
cpv,1982,0.332724
cpv,1983,0.337654
cpv,1984,0.342505
cpv,1985,0.347365
cpv,1986,0.352312
cpv,1987,0.357302
cpv,1988,0.362329
cpv,1989,0.367803
cpv,1990,0.375428
cpv,1991,0.384586
cpv,1992,0.393415
cpv,1993,0.401965
cpv,1994,0.410228
cpv,1995,0.418104
cpv,1996,0.425581
cpv,1997,0.432798
cpv,1998,0.439784
cpv,1999,0.446519
cpv,2000,0.453317
cpv,2001,0.460293
cpv,2002,0.467046
cpv,2003,0.473383
cpv,2004,0.47937
cpv,2005,0.485115
cpv,2006,0.490728
cpv,2007,0.49619
cpv,2008,0.501355
cpv,2009,0.506141
cpv,2010,0.509784
cpv,2011,0.511447
cpv,2012,0.511955
cpv,2013,0.512225
cpv,2014,0.512326
cpv,2015,0.512394
cpv,2016,0.512554
cpv,2017,0.512893
cpv,2018,0.513415
cpv,2019,0.514104
cpv,2020,0.514679
cpv,2021,0.516649
cpv,2022,0.519741
cpv,2023,0.522331
cri,1950,0.918648536697223
cri,1951,0.948692241322874
cri,1952,0.981519514277519
cri,1953,1.0160368604836
cri,1954,1.05300923387317
cri,1955,1.09326960814252
cri,1956,1.13551765002656
cri,1957,1.17858597111052
cri,1958,1.22320327338151
cri,1959,1.27166909223133
cri,1960,1.32239604720028
cri,1961,1.37385524093146
cri,1962,1.42535144448795
cri,1963,1.47648108656643
cri,1964,1.52600970633835
cri,1965,1.57625667039882
cri,1966,1.63012327116282
cri,1967,1.68339430426012
cri,1968,1.73611865297533
cri,1969,1.78764037183801
cri,1970,1.838949
cri,1971,1.888539
cri,1972,1.938248
cri,1973,1.988343
cri,1974,2.039643
cri,1975,2.092719
cri,1976,2.147774
cri,1977,2.205025
cri,1978,2.26451
cri,1979,2.32649
cri,1980,2.390633
cri,1981,2.456637
cri,1982,2.524806
cri,1983,2.595153
cri,1984,2.667595
cri,1985,2.741894
cri,1986,2.817216
cri,1987,2.892699
cri,1988,2.968103
cri,1989,3.043827
cri,1990,3.121706
cri,1991,3.202176
cri,1992,3.284258
cri,1993,3.367434
cri,1994,3.451122
cri,1995,3.535176
cri,1996,3.619013
cri,1997,3.701711
cri,1998,3.782838
cri,1999,3.862101
cri,2000,3.937739
cri,2001,4.008947
cri,2002,4.075705
cri,2003,4.138784
cri,2004,4.200078
cri,2005,4.26124
cri,2006,4.32134
cri,2007,4.380248
cri,2008,4.440056
cri,2009,4.499791
cri,2010,4.555962
cri,2011,4.609833
cri,2012,4.663934
cri,2013,4.716147
cri,2014,4.767119
cri,2015,4.818038
cri,2016,4.866998
cri,2017,4.913177
cri,2018,4.957818
cri,2019,4.999553
cri,2020,5.03432
cri,2021,5.059988
cri,2022,5.081765
cri,2023,5.105525
cuw,2005,0.151313
cuw,2006,0.152505
cuw,2007,0.153666
cuw,2008,0.154775
cuw,2009,0.155825
cuw,2010,0.156879
cuw,2011,0.158566
cuw,2012,0.16089
cuw,2013,0.163109
cuw,2014,0.165027
cuw,2015,0.166612
cuw,2016,0.167782
cuw,2017,0.168516
cuw,2018,0.181583
cuw,2019,0.189543
cuw,2020,0.185018
cuw,2021,0.185315
cuw,2022,0.185345
cuw,2023,0.185427
cym,1970,0.010517
cym,1971,0.011098
cym,1972,0.011764
cym,1973,0.012438
cym,1974,0.013114
cym,1975,0.013788
cym,1976,0.014454
cym,1977,0.015105
cym,1978,0.015727
cym,1979,0.016351
cym,1980,0.017079
cym,1981,0.017905
cym,1982,0.01875
cym,1983,0.019598
cym,1984,0.020454
cym,1985,0.021324
cym,1986,0.022197
cym,1987,0.023073
cym,1988,0.023951
cym,1989,0.024874
cym,1990,0.025999
cym,1991,0.027294
cym,1992,0.028621
cym,1993,0.029976
cym,1994,0.031352
cym,1995,0.032743
cym,1996,0.034143
cym,1997,0.035543
cym,1998,0.036922
cym,1999,0.038284
cym,2000,0.039674
cym,2001,0.041089
cym,2002,0.042514
cym,2003,0.043934
cym,2004,0.045352
cym,2005,0.046788
cym,2006,0.048232
cym,2007,0.049687
cym,2008,0.051151
cym,2009,0.052618
cym,2010,0.054099
cym,2011,0.055606
cym,2012,0.057136
cym,2013,0.058655
cym,2014,0.06016
cym,2015,0.061642
cym,2016,0.0631
cym,2017,0.064535
cym,2018,0.065941
cym,2019,0.067327
cym,2020,0.068684
cym,2021,0.070108
cym,2022,0.071591
cym,2023,0.073038
cyp,1950,0.520400772353124
cyp,1951,0.528828301116535
cyp,1952,0.535149002630421
cyp,1953,0.542523070676503
cyp,1954,0.550950630834959
cyp,1955,0.558324698881041
cyp,1956,0.564645400394927
cyp,1957,0.575179819197952
cyp,1958,0.587821159435635
cyp,1959,0.597302086126287
cyp,1960,0.603622787640173
cyp,1961,0.609627403846294
cyp,1962,0.606783075607027
cyp,1963,0.61341979963859
cyp,1964,0.617844240466239
cyp,1965,0.622374043063144
cyp,1966,0.626798546680882
cyp,1967,0.631433648256952
cyp,1968,0.636595558679299
cyp,1969,0.641968067059977
cyp,1970,0.647446
cyp,1971,0.65405
cyp,1972,0.661063
cyp,1973,0.665937
cyp,1974,0.5205
cyp,1975,0.5022
cyp,1976,0.4979
cyp,1977,0.4975
cyp,1978,0.4996
cyp,1979,0.5032
cyp,1980,0.5086
cyp,1981,0.515
cyp,1982,0.5208
cyp,1983,0.5276
cyp,1984,0.5348
cyp,1985,0.5411
cyp,1986,0.5475
cyp,1987,0.5535
cyp,1988,0.5593
cyp,1989,0.5675
cyp,1990,0.5794
cyp,1991,0.5949
cyp,1992,0.6106
cyp,1993,0.6258
cyp,1994,0.639
cyp,1995,0.6507
cyp,1996,0.6609
cyp,1997,0.6704
cyp,1998,0.6789
cyp,1999,0.6864
cyp,2000,0.6936
cyp,2001,0.7013
cyp,2002,0.7096
cyp,2003,0.717836
cyp,2004,0.72798
cyp,2005,0.73854
cyp,2006,0.750965
cyp,2007,0.767125
cyp,2008,0.786632
cyp,2009,0.808035
cyp,2010,0.829446
cyp,2011,0.850881
cyp,2012,0.863945
cyp,2013,0.86193
cyp,2014,0.852504
cyp,2015,0.8477
cyp,2016,0.8516
cyp,2017,0.859519
cyp,2018,0.870068
cyp,2019,0.875899
cyp,2020,0.888005
cyp,2021,0.896007
cyp,2022,0.904705
cyp,2023,0.913951
cze,1990,10.301988
cze,1991,10.304426
cze,1992,10.312448
cze,1993,10.320398
cze,1994,10.322329
cze,1995,10.312042
cze,1996,10.296128
cze,1997,10.280051
cze,1998,10.265426
cze,1999,10.251378
cze,2000,10.236804
cze,2001,10.231936
cze,2002,10.239468
cze,2003,10.248912
cze,2004,10.26145
cze,2005,10.280153
cze,2006,10.304588
cze,2007,10.337543
cze,2008,10.378292
cze,2009,10.420985
cze,2010,10.464035
cze,2011,10.495511
cze,2012,10.507335
cze,2013,10.511163
cze,2014,10.517226
cze,2015,10.524416
cze,2016,10.531948
cze,2017,10.541342
cze,2018,10.548937
cze,2019,10.554875
cze,2020,10.550129
cze,2021,10.530683
cze,2022,10.673213
cze,2023,10.809716
deu,1950,68.4075791471299
deu,1951,68.7457352509051
deu,1952,69.1189075192724
deu,1953,69.5150904100859
deu,1954,69.9302820759636
deu,1955,70.3584797458328
deu,1956,70.8016843433842
deu,1957,71.2648981778454
deu,1958,71.7551244821349
deu,1959,72.2803669510164
deu,1960,72.8486292792539
deu,1961,73.458911005002
deu,1962,74.1032084334967
deu,1963,74.7585109422917
deu,1964,75.3978060615589
deu,1965,75.9990836306976
deu,1966,76.5543399549438
deu,1967,77.062574572452
deu,1968,77.5137828647674
deu,1969,77.8969597515895
deu,1970,78.205102
deu,1971,78.345872
deu,1972,78.719918
deu,1973,78.966971
deu,1974,78.996693
deu,1975,78.701865
deu,1976,78.364505
deu,1977,78.185559
deu,1978,78.11536
deu,1979,78.147901
deu,1980,78.315375
deu,1981,78.44804
deu,1982,78.393674
deu,1983,78.224133
deu,1984,77.998198
deu,1985,77.863424
deu,1986,77.923807
deu,1987,78.062324
deu,1988,78.385992
deu,1989,79.007065
deu,1990,79.707959
deu,1991,80.303196
deu,1992,80.934898
deu,1993,81.486773
deu,1994,81.773617
deu,1995,82.01989
deu,1996,82.263189
deu,1997,82.389638
deu,1998,82.011939
deu,1999,81.678287
deu,2000,81.797258
deu,2001,81.933885
deu,2002,82.068326
deu,2003,82.111615
deu,2004,82.092708
deu,2005,82.046731
deu,2006,81.701971
deu,2007,81.298542
deu,2008,81.110777
deu,2009,80.935283
deu,2010,80.830924
deu,2011,80.857874
deu,2012,80.91639
deu,2013,81.041582
deu,2014,81.37608
deu,2015,82.07755
deu,2016,82.760102
deu,2017,83.104007
deu,2018,83.368505
deu,2019,83.559186
deu,2020,83.628708
deu,2021,83.697083
deu,2022,84.086227
deu,2023,84.548231
dji,1970,0.145175
dji,1971,0.155136
dji,1972,0.166256
dji,1973,0.178449
dji,1974,0.192613
dji,1975,0.209908
dji,1976,0.230737
dji,1977,0.254613
dji,1978,0.280031
dji,1979,0.304513
dji,1980,0.325815
dji,1981,0.343047
dji,1982,0.35688
dji,1983,0.369553
dji,1984,0.384053
dji,1985,0.402687
dji,1986,0.426341
dji,1987,0.454399
dji,1988,0.484523
dji,1989,0.523355
dji,1990,0.579538
dji,1991,0.631092
dji,1992,0.62601
dji,1993,0.614245
dji,1994,0.62671
dji,1995,0.633074
dji,1996,0.648348
dji,1997,0.671817
dji,1998,0.699352
dji,1999,0.724218
dji,2000,0.747318
dji,2001,0.771313
dji,2002,0.795574
dji,2003,0.813519
dji,2004,0.826124
dji,2005,0.839167
dji,2006,0.855764
dji,2007,0.874528
dji,2008,0.892734
dji,2009,0.911527
dji,2010,0.930251
dji,2011,0.948558
dji,2012,0.966747
dji,2013,0.984824
dji,2014,1.002717
dji,2015,1.020313
dji,2016,1.037653
dji,2017,1.054841
dji,2018,1.071882
dji,2019,1.088709
dji,2020,1.105188
dji,2021,1.121248
dji,2022,1.137096
dji,2023,1.152944
dma,1970,0.068908
dma,1971,0.069532
dma,1972,0.07006
dma,1973,0.070585
dma,1974,0.071091
dma,1975,0.07157
dma,1976,0.072017
dma,1977,0.072406
dma,1978,0.072724
dma,1979,0.072959
dma,1980,0.073083
dma,1981,0.072986
dma,1982,0.072688
dma,1983,0.072365
dma,1984,0.072056
dma,1985,0.071744
dma,1986,0.071406
dma,1987,0.071023
dma,1988,0.070608
dma,1989,0.070153
dma,1990,0.069627
dma,1991,0.069296
dma,1992,0.069325
dma,1993,0.069433
dma,1994,0.069477
dma,1995,0.069469
dma,1996,0.06941
dma,1997,0.069299
dma,1998,0.069124
dma,1999,0.06887
dma,2000,0.068511
dma,2001,0.068288
dma,2002,0.068367
dma,2003,0.068531
dma,2004,0.068649
dma,2005,0.068734
dma,2006,0.068806
dma,2007,0.068847
dma,2008,0.068854
dma,2009,0.068864
dma,2010,0.068859
dma,2011,0.069053
dma,2012,0.069118
dma,2013,0.069715
dma,2014,0.070373
dma,2015,0.07041
dma,2016,0.069606
dma,2017,0.068496
dma,2018,0.068174
dma,2019,0.06788
dma,2020,0.067573
dma,2021,0.067202
dma,2022,0.066826
dma,2023,0.06651
dnk,1950,4.27092262050725
dnk,1951,4.30354198337267
dnk,1952,4.33392168263565
dnk,1953,4.36920079503786
dnk,1954,4.4059204064273
dnk,1955,4.43891980163061
dnk,1956,4.46639037003593
dnk,1957,4.48774990400889
dnk,1958,4.51505024462922
dnk,1959,4.54655382873592
dnk,1960,4.58091695353322
dnk,1961,4.60973360887694
dnk,1962,4.64681513312016
dnk,1963,4.6834942140846
dnk,1964,4.72008555859963
dnk,1965,4.75801393031101
dnk,1966,4.79741331803548
dnk,1967,4.83871239062095
dnk,1968,4.86721195499264
dnk,1969,4.89059848704393
dnk,1970,4.928668
dnk,1971,4.963062
dnk,1972,4.991573
dnk,1973,5.021756
dnk,1974,5.045632
dnk,1975,5.0604
dnk,1976,5.072805
dnk,1977,5.088572
dnk,1978,5.104343
dnk,1979,5.116859
dnk,1980,5.123081
dnk,1981,5.121629
dnk,1982,5.117894
dnk,1983,5.114467
dnk,1984,5.111831
dnk,1985,5.11388
dnk,1986,5.120688
dnk,1987,5.127132
dnk,1988,5.12964
dnk,1989,5.132715
dnk,1990,5.141025
dnk,1991,5.154345
dnk,1992,5.171367
dnk,1993,5.188637
dnk,1994,5.20619
dnk,1995,5.23336
dnk,1996,5.263068
dnk,1997,5.285035
dnk,1998,5.304262
dnk,1999,5.32181
dnk,2000,5.339658
dnk,2001,5.358828
dnk,2002,5.375959
dnk,2003,5.39062
dnk,2004,5.404598
dnk,2005,5.419555
dnk,2006,5.43742
dnk,2007,5.461607
dnk,2008,5.493764
dnk,2009,5.523173
dnk,2010,5.547863
dnk,2011,5.570849
dnk,2012,5.591917
dnk,2013,5.615333
dnk,2014,5.643794
dnk,2015,5.683701
dnk,2016,5.728201
dnk,2017,5.765168
dnk,2018,5.793824
dnk,2019,5.814618
dnk,2020,5.83153
dnk,2021,5.856776
dnk,2022,5.902904
dnk,2023,5.948136
dom,1951,2.40629049997472
dom,1952,2.47812813744173
dom,1953,2.5552896373772
dom,1954,2.63706164157787
dom,1955,2.722734586299
dom,1956,2.81278135593463
dom,1957,2.90767720641542
dom,1958,3.00670996530637
dom,1959,3.10916840878714
dom,1960,3.21434344742032
dom,1961,3.32283389419234
dom,1962,3.43511192203631
dom,1963,3.55028061581764
dom,1964,3.66743974025058
dom,1965,3.78568906004934
dom,1966,3.90556359386639
dom,1967,4.02766357761012
dom,1968,4.15118648330185
dom,1969,4.2753293086556
dom,1970,4.39929
dom,1971,4.524234
dom,1972,4.651883
dom,1973,4.782227
dom,1974,4.914197
dom,1975,5.046776
dom,1976,5.180404
dom,1977,5.315443
dom,1978,5.451882
dom,1979,5.58969
dom,1980,5.729037
dom,1981,5.868453
dom,1982,6.007114
dom,1983,6.147248
dom,1984,6.28904
dom,1985,6.430404
dom,1986,6.571208
dom,1987,6.712515
dom,1988,6.855734
dom,1989,7.002295
dom,1990,7.151166
dom,1991,7.299853
dom,1992,7.447474
dom,1993,7.594572
dom,1994,7.741694
dom,1995,7.888115
dom,1996,8.032894
dom,1997,8.174078
dom,1998,8.310362
dom,1999,8.446208
dom,2000,8.58419
dom,2001,8.720283
dom,2002,8.852235
dom,2003,8.98062
dom,2004,9.104892
dom,2005,9.225034
dom,2006,9.341183
dom,2007,9.455658
dom,2008,9.57313
dom,2009,9.695265
dom,2010,9.820175
dom,2011,9.945621
dom,2012,10.070411
dom,2013,10.193833
dom,2014,10.315528
dom,2015,10.434829
dom,2016,10.55143
dom,2017,10.666843
dom,2018,10.782053
dom,2019,10.894043
dom,2020,11.0083
dom,2021,11.123476
dom,2022,11.230734
dom,2023,11.331265
dza,1960,10.7933039433868
dza,1961,11.0033970245134
dza,1962,10.8839832821936
dza,1963,11.1530218020367
dza,1964,11.4893871786826
dza,1965,11.8358964960973
dza,1966,12.2079472958491
dza,1967,12.6248263692368
dza,1968,13.0064927303665
dza,1969,13.3844679840377
dza,1970,13.783719
dza,1971,14.098936
dza,1972,14.427072
dza,1973,14.771147
dza,1974,15.133502
dza,1975,15.678596
dza,1976,16.40917
dza,1977,17.015994
dza,1978,17.506974
dza,1979,18.036655
dza,1980,18.607174
dza,1981,19.220704
dza,1982,19.872348
dza,1983,20.558115
dza,1984,21.271969
dza,1985,22.008544
dza,1986,22.745499
dza,1987,23.443624
dza,1988,24.109536
dza,1989,24.754485
dza,1990,25.37581
dza,1991,25.987928
dza,1992,26.628568
dza,1993,27.277048
dza,1994,27.887279
dza,1995,28.470191
dza,1996,29.033044
dza,1997,29.579301
dza,1998,30.054133
dza,1999,30.474354
dza,2000,30.903893
dza,2001,31.331221
dza,2002,31.750835
dza,2003,32.175818
dza,2004,32.628286
dza,2005,33.109249
dza,2006,33.623506
dza,2007,34.189416
dza,2008,34.816961
dza,2009,35.490445
dza,2010,36.188236
dza,2011,36.903376
dza,2012,37.646166
dza,2013,38.414171
dza,2014,39.205031
dza,2015,40.019529
dza,2016,40.850721
dza,2017,41.689299
dza,2018,42.505035
dza,2019,43.294546
dza,2020,44.042091
dza,2021,44.761099
dza,2022,45.477389
dza,2023,46.164219
ecu,1950,3.49217601114538
ecu,1951,3.58393971501072
ecu,1952,3.67789910898264
ecu,1953,3.77515203352936
ecu,1954,3.8763713286055
ecu,1955,3.98223131673629
ecu,1956,4.09228376741211
ecu,1957,4.20607748498214
ecu,1958,4.32428827454221
ecu,1959,4.44759119990282
ecu,1960,4.5766613248745
ecu,1961,4.71164196461467
ecu,1962,4.85208340604313
ecu,1963,4.99777117061392
ecu,1964,5.1484892972105
ecu,1965,5.30402478985753
ecu,1966,5.46452046952222
ecu,1967,5.63012063974242
ecu,1968,5.80060785683098
ecu,1969,5.97576863062235
ecu,1970,6.155387
ecu,1971,6.340052
ecu,1972,6.529034
ecu,1973,6.722033
ecu,1974,6.918573
ecu,1975,7.118251
ecu,1976,7.320912
ecu,1977,7.526819
ecu,1978,7.736167
ecu,1979,7.948869
ecu,1980,8.165877
ecu,1981,8.38691
ecu,1982,8.611298
ecu,1983,8.840417
ecu,1984,9.074782
ecu,1985,9.311154
ecu,1986,9.545998
ecu,1987,9.77929
ecu,1988,10.010808
ecu,1989,10.241852
ecu,1990,10.473673
ecu,1991,10.70238
ecu,1992,10.930128
ecu,1993,11.154274
ecu,1994,11.372197
ecu,1995,11.590514
ecu,1996,11.81095
ecu,1997,12.031127
ecu,1998,12.251184
ecu,1999,12.470795
ecu,2000,12.689206
ecu,2001,12.91074
ecu,2002,13.138472
ecu,2003,13.372306
ecu,2004,13.608701
ecu,2005,13.846163
ecu,2006,14.086131
ecu,2007,14.328773
ecu,2008,14.575202
ecu,2009,14.825954
ecu,2010,15.076695
ecu,2011,15.326227
ecu,2012,15.572194
ecu,2013,15.807128
ecu,2014,16.035124
ecu,2015,16.266225
ecu,2016,16.505139
ecu,2017,16.759519
ecu,2018,17.049547
ecu,2019,17.340021
ecu,2020,17.546065
ecu,2021,17.682454
ecu,2022,17.823897
ecu,2023,17.980083
egy,1950,21.8606097252469
egy,1951,22.3832094757567
egy,1952,22.9183016270716
egy,1953,23.4661871298014
egy,1954,24.0271708685509
egy,1955,24.6015655959145
egy,1956,25.1896899654792
egy,1957,25.7918744328167
egy,1958,26.4084553544908
egy,1959,27.0397769550554
egy,1960,27.686187393059
egy,1961,28.3835883059593
egy,1962,29.0543777103584
egy,1963,29.721978611891
egy,1964,30.4566619944589
egy,1965,31.2116349557238
egy,1966,31.9554235694878
egy,1967,32.6719594335819
egy,1968,33.34918288664
egy,1969,33.9971983945628
egy,1970,34.62399
egy,1971,35.433368
egy,1972,36.258328
egy,1973,37.102043
egy,1974,37.969667
egy,1975,38.875327
egy,1976,39.795557
egy,1977,40.74887
egy,1978,41.761431
egy,1979,42.818628
egy,1980,43.950413
egy,1981,45.147224
egy,1982,46.407611
egy,1983,47.786402
egy,1984,49.247334
egy,1985,50.734968
egy,1986,52.206295
egy,1987,53.674435
egy,1988,55.187681
egy,1989,56.710642
egy,1990,58.396618
egy,1991,60.028997
egy,1992,61.48066
egy,1993,62.915681
egy,1994,64.285589
egy,1995,65.652622
egy,1996,67.028048
egy,1997,68.43174
egy,1998,69.943294
egy,1999,71.520954
egy,2000,73.083284
egy,2001,74.652029
egy,2002,76.239137
egy,2003,77.853548
egy,2004,79.477443
egy,2005,81.101004
egy,2006,82.700403
egy,2007,84.276225
egy,2008,85.864789
egy,2009,87.501636
egy,2010,89.196072
egy,2011,91.093059
egy,2012,93.161001
egy,2013,95.333553
egy,2014,97.528654
egy,2015,99.597342
egy,2016,101.644589
egy,2017,103.696057
egy,2018,105.682094
egy,2019,107.553158
egy,2020,109.315124
egy,2021,110.957008
egy,2022,112.61825
egy,2023,114.535772
esp,1950,28.0101476903608
esp,1951,28.2447517089075
esp,1952,28.4961373622851
esp,1953,28.7499179443772
esp,1954,29.0057203184363
esp,1955,29.2635654258107
esp,1956,29.5234723040895
esp,1957,29.7854504720672
esp,1958,30.0495265823686
esp,1959,30.3157139613061
esp,1960,30.583519535321
esp,1961,30.8457318656451
esp,1962,31.0994191635503
esp,1963,31.3706819637539
esp,1964,31.6811241224169
esp,1965,32.024126269794
esp,1966,32.3909006547359
esp,1967,32.7884473987712
esp,1968,33.1767418744822
esp,1969,33.5029128892965
esp,1970,33.812723
esp,1971,34.157451
esp,1972,34.539867
esp,1973,34.926524
esp,1974,35.361762
esp,1975,35.795769
esp,1976,36.17628
esp,1977,36.55127
esp,1978,36.904967
esp,1979,37.230372
esp,1980,37.537565
esp,1981,37.812713
esp,1982,38.047101
esp,1983,38.253244
esp,1984,38.437482
esp,1985,38.601321
esp,1986,38.735705
esp,1987,38.85201
esp,1988,38.952264
esp,1989,39.029558
esp,1990,39.084979
esp,1991,39.201759
esp,1992,39.420346
esp,1993,39.651621
esp,1994,39.858721
esp,1995,40.052738
esp,1996,40.237372
esp,1997,40.423826
esp,1998,40.61744
esp,1999,40.812857
esp,2000,41.019774
esp,2001,41.245599
esp,2002,41.755704
esp,2003,42.506543
esp,2004,43.234566
esp,2005,43.958885
esp,2006,44.695448
esp,2007,45.516507
esp,2008,46.235054
esp,2009,46.63518
esp,2010,46.840471
esp,2011,46.998043
esp,2012,47.018323
esp,2013,46.860389
esp,2014,46.720188
esp,2015,46.683686
esp,2016,46.732771
esp,2017,46.868596
esp,2018,47.092821
esp,2019,47.435119
esp,2020,47.679489
esp,2021,47.735664
esp,2022,47.828382
esp,2023,47.911579
est,1990,1.570303
est,1991,1.565383
est,1992,1.540212
est,1993,1.504342
est,1994,1.475714
est,1995,1.452777
est,1996,1.434651
est,1997,1.421496
est,1998,1.411203
est,1999,1.403578
est,2000,1.396997
est,2001,1.388171
est,2002,1.379435
est,2003,1.37085
est,2004,1.362676
est,2005,1.354848
est,2006,1.34688
est,2007,1.340705
est,2008,1.337074
est,2009,1.334528
est,2010,1.331448
est,2011,1.327358
est,2012,1.322616
est,2013,1.317919
est,2014,1.314452
est,2015,1.314576
est,2016,1.315849
est,2017,1.317425
est,2018,1.321965
est,2019,1.326822
est,2020,1.329669
est,2021,1.331749
est,2022,1.350091
est,2023,1.367196
eth,1950,19.0885085818235
eth,1951,19.4072206373683
eth,1952,19.7379373620795
eth,1953,20.0810900722427
eth,1954,20.4371281308499
eth,1955,20.80652075227
eth,1956,21.189769634944
eth,1957,21.587385500666
eth,1958,21.9999097506309
eth,1959,22.4264797522679
eth,1960,22.8676044227005
eth,1961,23.3219320636115
eth,1962,23.7917257319965
eth,1963,24.2783461495259
eth,1964,24.7823473500894
eth,1965,25.300766064479
eth,1966,25.8377422071668
eth,1967,26.3604975451293
eth,1968,26.9196440667573
eth,1969,27.4031586460974
eth,1970,27.8821308694103
eth,1971,28.6529012064161
eth,1972,29.4274156842985
eth,1973,30.2192199602665
eth,1974,31.0090063898193
eth,1975,31.7748107530905
eth,1976,32.5869009070873
eth,1977,33.2310120603924
eth,1978,33.8132844689253
eth,1979,34.3359814965357
eth,1980,34.5587952817478
eth,1981,35.4407783032327
eth,1982,36.8244992194591
eth,1983,37.8604926422839
eth,1984,38.8487722452422
eth,1985,39.9444897021237
eth,1986,41.1268748133978
eth,1987,42.5327383332517
eth,1988,44.2018464136611
eth,1989,45.9066839941634
eth,1990,47.609755
eth,1991,49.717198
eth,1992,51.853747
eth,1993,53.708891
eth,1994,55.611508
eth,1995,57.537335
eth,1996,59.467635
eth,1997,61.404539
eth,1998,63.363524
eth,1999,65.374561
eth,2000,67.411494
eth,2001,69.487762
eth,2002,71.635517
eth,2003,73.832663
eth,2004,76.077206
eth,2005,78.36747
eth,2006,80.70349
eth,2007,83.103217
eth,2008,85.543668
eth,2009,88.007636
eth,2010,90.538514
eth,2011,93.14997
eth,2012,95.798767
eth,2013,98.438751
eth,2014,101.11561
eth,2015,103.867135
eth,2016,106.718162
eth,2017,109.666481
eth,2018,112.664152
eth,2019,115.737383
eth,2020,118.917671
eth,2021,122.138588
eth,2022,125.384287
eth,2023,128.691692
fin,1950,4.00889839907523
fin,1951,4.04729807850488
fin,1952,4.09049807549094
fin,1953,4.13939818135447
fin,1954,4.1868982939384
fin,1955,4.23489813164394
fin,1956,4.28169824758808
fin,1957,4.32399797641615
fin,1958,4.35979794080481
fin,1959,4.39469811387243
fin,1960,4.4295978101031
fin,1961,4.46100181466733
fin,1962,4.49144117808557
fin,1963,4.52330723765249
fin,1964,4.54854192578233
fin,1965,4.56373013625288
fin,1966,4.58086717933027
fin,1967,4.60574185556431
fin,1968,4.62646709667607
fin,1969,4.62378298149527
fin,1970,4.606305
fin,1971,4.612127
fin,1972,4.639548
fin,1973,4.665914
fin,1974,4.690355
fin,1975,4.711168
fin,1976,4.725337
fin,1977,4.738584
fin,1978,4.752246
fin,1979,4.764439
fin,1980,4.77935
fin,1981,4.799848
fin,1982,4.826882
fin,1983,4.855788
fin,1984,4.881825
fin,1985,4.902261
fin,1986,4.918255
fin,1987,4.932257
fin,1988,4.946628
fin,1989,4.964526
fin,1990,4.986575
fin,1991,5.01388
fin,1992,5.042148
fin,1993,5.06659
fin,1994,5.088458
fin,1995,5.107922
fin,1996,5.124717
fin,1997,5.139925
fin,1998,5.153548
fin,1999,5.165516
fin,2000,5.176202
fin,2001,5.187971
fin,2002,5.200546
fin,2003,5.212955
fin,2004,5.228148
fin,2005,5.246082
fin,2006,5.266247
fin,2007,5.28871
fin,2008,5.313377
fin,2009,5.338856
fin,2010,5.36335
fin,2011,5.388241
fin,2012,5.413971
fin,2013,5.439053
fin,2014,5.461684
fin,2015,5.479717
fin,2016,5.495469
fin,2017,5.508396
fin,2018,5.515736
fin,2019,5.521759
fin,2020,5.529612
fin,2021,5.541075
fin,2022,5.569299
fin,2023,5.601185
fji,1960,0.401039790386835
fji,1961,0.415324766106124
fji,1962,0.43011850987824
fji,1963,0.444989735645978
fji,1964,0.459459240055234
fji,1965,0.472506478875818
fji,1966,0.483268910378415
fji,1967,0.494484019046028
fji,1968,0.504679555806533
fji,1969,0.51589463408905
fji,1970,0.531188
fji,1971,0.541121
fji,1972,0.550499
fji,1973,0.559222
fji,1974,0.567489
fji,1975,0.575906
fji,1976,0.585534
fji,1977,0.597805
fji,1978,0.612091
fji,1979,0.626862
fji,1980,0.641975
fji,1981,0.657471
fji,1982,0.673414
fji,1983,0.689835
fji,1984,0.706716
fji,1985,0.723761
fji,1986,0.739306
fji,1987,0.75054
fji,1988,0.758697
fji,1989,0.766321
fji,1990,0.773316
fji,1991,0.779656
fji,1992,0.785346
fji,1993,0.790369
fji,1994,0.794771
fji,1995,0.798746
fji,1996,0.803789
fji,1997,0.812139
fji,1998,0.822258
fji,1999,0.831828
fji,2000,0.840909
fji,2001,0.849596
fji,2002,0.858049
fji,2003,0.866286
fji,2004,0.874366
fji,2005,0.882379
fji,2006,0.890365
fji,2007,0.897832
fji,2008,0.903399
fji,2009,0.907239
fji,2010,0.910419
fji,2011,0.912989
fji,2012,0.914918
fji,2013,0.916352
fji,2014,0.917585
fji,2015,0.918578
fji,2016,0.919166
fji,2017,0.918759
fji,2018,0.91718
fji,2019,0.914899
fji,2020,0.914963
fji,2021,0.916711
fji,2022,0.919422
fji,2023,0.924145
fra,1950,42.5903941539223
fra,1951,42.9351446594794
fra,1952,43.2574149253536
fra,1953,43.56940610832
fra,1954,43.8965102180152
fra,1955,44.2934700580594
fra,1956,44.7336899343862
fra,1957,45.2294627130605
fra,1958,45.7318729515901
fra,1959,46.2075193623552
fra,1960,46.6636546216973
fra,1961,47.2085950434109
fra,1962,48.1709044433883
fra,1963,48.8824347901769
fra,1964,49.4413417724958
fra,1965,49.886983960587
fra,1966,50.3409029120902
fra,1967,50.7370182624235
fra,1968,51.1216814151824
fra,1969,51.55829023822
fra,1970,52.007169
fra,1971,52.499553
fra,1972,52.962356
fra,1973,53.392161
fra,1974,53.746571
fra,1975,54.002853
fra,1976,54.232383
fra,1977,54.486467
fra,1978,54.73403
fra,1979,54.979851
fra,1980,55.274184
fra,1981,55.603353
fra,1982,55.951076
fra,1983,56.284239
fra,1984,56.600527
fra,1985,56.921294
fra,1986,57.237984
fra,1987,57.565186
fra,1988,57.910872
fra,1989,58.26677
fra,1990,58.604902
fra,1991,58.919182
fra,1992,59.235822
fra,1993,59.515843
fra,1994,59.747877
fra,1995,59.973548
fra,1996,60.195176
fra,1997,60.416198
fra,1998,60.657507
fra,1999,60.987091
fra,2000,61.404918
fra,2001,61.843576
fra,2002,62.281563
fra,2003,62.710292
fra,2004,63.156878
fra,2005,63.617228
fra,2006,64.060149
fra,2007,64.470141
fra,2008,64.842856
fra,2009,65.186042
fra,2010,65.510017
fra,2011,65.836675
fra,2012,66.16917
fra,2013,66.513021
fra,2014,66.841142
fra,2015,67.080971
fra,2016,67.260373
fra,2017,67.469032
fra,2018,67.706406
fra,2019,67.917133
fra,2020,68.104157
fra,2021,68.291492
fra,2022,68.48668
fra,2023,68.655641
gab,1960,0.516439844165717
gab,1961,0.521629683660166
gab,1962,0.527623133691864
gab,1963,0.534218696346651
gab,1964,0.541438388351577
gab,1965,0.549305365229915
gab,1966,0.55756488171667
gab,1967,0.566231949216646
gab,1968,0.575320543865353
gab,1969,0.583321864189456
gab,1970,0.595846
gab,1971,0.608348
gab,1972,0.62096
gab,1973,0.633995
gab,1974,0.647691
gab,1975,0.662197
gab,1976,0.677628
gab,1977,0.693984
gab,1978,0.711245
gab,1979,0.729375
gab,1980,0.748389
gab,1981,0.768385
gab,1982,0.789286
gab,1983,0.811005
gab,1984,0.833501
gab,1985,0.856726
gab,1986,0.880705
gab,1987,0.905479
gab,1988,0.93102
gab,1989,0.957138
gab,1990,0.983734
gab,1991,1.010818
gab,1992,1.03838
gab,1993,1.066405
gab,1994,1.09472
gab,1995,1.123213
gab,1996,1.152015
gab,1997,1.181439
gab,1998,1.211736
gab,1999,1.243016
gab,2000,1.275572
gab,2001,1.309589
gab,2002,1.345135
gab,2003,1.38235
gab,2004,1.421609
gab,2005,1.463495
gab,2006,1.508337
gab,2007,1.556237
gab,2008,1.607175
gab,2009,1.661556
gab,2010,1.719879
gab,2011,1.781985
gab,2012,1.846889
gab,2013,1.913059
gab,2014,1.978399
gab,2015,2.040989
gab,2016,2.100306
gab,2017,2.1569
gab,2018,2.212318
gab,2019,2.267706
gab,2020,2.322539
gab,2021,2.376722
gab,2022,2.430747
gab,2023,2.484789
gbr,1950,50.1556530972022
gbr,1951,50.3187482885271
gbr,1952,50.4588277063044
gbr,1953,50.6219190807514
gbr,1954,50.7940182869683
gbr,1955,50.9751215080773
gbr,1956,51.2132565182987
gbr,1957,51.4593993382884
gbr,1958,51.6815263627289
gbr,1959,51.9857009938327
gbr,1960,52.4019391591583
gbr,1961,52.8371853762696
gbr,1962,53.3224632284823
gbr,1963,53.6556537651431
gbr,1964,54.0218641122451
gbr,1965,54.3810666715804
gbr,1966,54.674237243789
gbr,1967,54.9904159557895
gbr,1968,55.2455627906712
gbr,1969,55.4927018157847
gbr,1970,55.663801
gbr,1971,55.890372
gbr,1972,56.079239
gbr,1973,56.188791
gbr,1974,56.22455
gbr,1975,56.220143
gbr,1976,56.201138
gbr,1977,56.175829
gbr,1978,56.175556
gbr,1979,56.218763
gbr,1980,56.282103
gbr,1981,56.304592
gbr,1982,56.292755
gbr,1983,56.332058
gbr,1984,56.451313
gbr,1985,56.606414
gbr,1986,56.751923
gbr,1987,56.886024
gbr,1988,57.026546
gbr,1989,57.182136
gbr,1990,57.367862
gbr,1991,57.555192
gbr,1992,57.719272
gbr,1993,57.861037
gbr,1994,58.003203
gbr,1995,58.154635
gbr,1996,58.298565
gbr,1997,58.447089
gbr,1998,58.626819
gbr,1999,58.838657
gbr,2000,59.057338
gbr,2001,59.28809
gbr,2002,59.540763
gbr,2003,59.820385
gbr,2004,60.169967
gbr,2005,60.596108
gbr,2006,61.051094
gbr,2007,61.535855
gbr,2008,62.027306
gbr,2009,62.506226
gbr,2010,63.006483
gbr,2011,63.509285
gbr,2012,63.960484
gbr,2013,64.389388
gbr,2014,64.865916
gbr,2015,65.38211
gbr,2016,65.893358
gbr,2017,66.354471
gbr,2018,66.752475
gbr,2019,67.110958
gbr,2020,67.351861
gbr,2021,67.668792
gbr,2022,68.179315
gbr,2023,68.682962
geo,1990,5.448868
geo,1991,5.37951
geo,1992,5.294187
geo,1993,5.17878
geo,1994,5.046271
geo,1995,4.925743
geo,1996,4.812775
geo,1997,4.695356
geo,1998,4.576451
geo,1999,4.455583
geo,2000,4.328358
geo,2001,4.209636
geo,2002,4.127846
geo,2003,4.085483
geo,2004,4.056073
geo,2005,4.026131
geo,2006,3.996591
geo,2007,3.96759
geo,2008,3.941195
geo,2009,3.918941
geo,2010,3.895925
geo,2011,3.868724
geo,2012,3.839208
geo,2013,3.809125
geo,2014,3.792916
geo,2015,3.791573
geo,2016,3.792057
geo,2017,3.792859
geo,2018,3.794877
geo,2019,3.796722
geo,2020,3.795678
geo,2021,3.788451
geo,2022,3.794784
geo,2023,3.807492
gha,1955,6.1427991785154
gha,1956,6.31348971275186
gha,1957,6.49081755307314
gha,1958,6.67507422569132
gha,1959,6.86657159585658
gha,1960,7.06664235482423
gha,1961,7.26490778203322
gha,1962,7.46978920776335
gha,1963,7.68162852155904
gha,1964,7.90299715894564
gha,1965,8.13433289350411
gha,1966,8.37388511517341
gha,1967,8.62242912871363
gha,1968,8.88047437860173
gha,1969,9.14934387083682
gha,1970,8.925813
gha,1971,9.176264
gha,1972,9.438187
gha,1973,9.714617
gha,1974,10.000523
gha,1975,10.294308
gha,1976,10.594913
gha,1977,10.911871
gha,1978,11.24845
gha,1979,11.597255
gha,1980,11.941448
gha,1981,12.281712
gha,1982,12.643819
gha,1983,13.029836
gha,1984,13.37059
gha,1985,13.661229
gha,1986,13.965217
gha,1987,14.289108
gha,1988,14.636568
gha,1989,15.006813
gha,1990,15.394648
gha,1991,15.787496
gha,1992,16.184855
gha,1993,16.589519
gha,1994,16.99319
gha,1995,17.399017
gha,1996,17.810181
gha,1997,18.238958
gha,1998,18.688036
gha,1999,19.149864
gha,2000,19.637087
gha,2001,20.167069
gha,2002,20.729388
gha,2003,21.296705
gha,2004,21.868298
gha,2005,22.449438
gha,2006,23.040702
gha,2007,23.642279
gha,2008,24.249946
gha,2009,24.862664
gha,2010,25.474995
gha,2011,26.095088
gha,2012,26.734268
gha,2013,27.386193
gha,2014,28.041592
gha,2015,28.696068
gha,2016,29.356742
gha,2017,30.008354
gha,2018,30.637585
gha,2019,31.258945
gha,2020,31.887809
gha,2021,32.518665
gha,2022,33.149152
gha,2023,33.787914
gin,1959,3.49176289597545
gin,1960,3.55282121721006
gin,1961,3.61634617940813
gin,1962,3.68202315428518
gin,1963,3.74956690498898
gin,1964,3.81906336646912
gin,1965,3.89050050223429
gin,1966,3.96388391065254
gin,1967,4.03920015564056
gin,1968,4.11651809712536
gin,1969,4.1959399053239
gin,1970,4.277535
gin,1971,4.3552
gin,1972,4.431292
gin,1973,4.506324
gin,1974,4.58051
gin,1975,4.653876
gin,1976,4.727022
gin,1977,4.801128
gin,1978,4.877854
gin,1979,4.959283
gin,1980,5.047419
gin,1981,5.143288
gin,1982,5.247672
gin,1983,5.359814
gin,1984,5.480096
gin,1985,5.610373
gin,1986,5.750668
gin,1987,5.900198
gin,1988,6.056574
gin,1989,6.215811
gin,1990,6.434374
gin,1991,6.697166
gin,1992,6.914366
gin,1993,7.128177
gin,1994,7.345107
gin,1995,7.553249
gin,1996,7.770035
gin,1997,7.93137
gin,1998,8.08199
gin,1999,8.265123
gin,2000,8.428832
gin,2001,8.53996
gin,2002,8.674066
gin,2003,8.870781
gin,2004,9.062726
gin,2005,9.245844
gin,2006,9.441171
gin,2007,9.662281
gin,2008,9.89887
gin,2009,10.143534
gin,2010,10.396086
gin,2011,10.65681
gin,2012,10.921581
gin,2013,11.191873
gin,2014,11.472924
gin,2015,11.76707
gin,2016,12.07303
gin,2017,12.385659
gin,2018,12.704774
gin,2019,13.034346
gin,2020,13.371183
gin,2021,13.710513
gin,2022,14.055137
gin,2023,14.405468
gmb,1960,0.380660206988619
gmb,1961,0.392254604444874
gmb,1962,0.404527123172188
gmb,1963,0.417527531173341
gmb,1964,0.431309915694879
gmb,1965,0.445547658101969
gmb,1966,0.460255843514625
gmb,1967,0.475448590057988
gmb,1968,0.491144270634639
gmb,1969,0.507356938903395
gmb,1970,0.524105
gmb,1971,0.539388
gmb,1972,0.55537
gmb,1973,0.571991
gmb,1974,0.589085
gmb,1975,0.606821
gmb,1976,0.625667
gmb,1977,0.64577
gmb,1978,0.667103
gmb,1979,0.689781
gmb,1980,0.713913
gmb,1981,0.739125
gmb,1982,0.765753
gmb,1983,0.794525
gmb,1984,0.825631
gmb,1985,0.858874
gmb,1986,0.894019
gmb,1987,0.931091
gmb,1988,0.97016
gmb,1989,1.011357
gmb,1990,1.054696
gmb,1991,1.099959
gmb,1992,1.145582
gmb,1993,1.188365
gmb,1994,1.227226
gmb,1995,1.264313
gmb,1996,1.30141
gmb,1997,1.338889
gmb,1998,1.376987
gmb,1999,1.415779
gmb,2000,1.455084
gmb,2001,1.495011
gmb,2002,1.535691
gmb,2003,1.577611
gmb,2004,1.621312
gmb,2005,1.667037
gmb,2006,1.715275
gmb,2007,1.765774
gmb,2008,1.817852
gmb,2009,1.871422
gmb,2010,1.92663
gmb,2011,1.983784
gmb,2012,2.043094
gmb,2013,2.10382
gmb,2014,2.164528
gmb,2015,2.224529
gmb,2016,2.283769
gmb,2017,2.342189
gmb,2018,2.399632
gmb,2019,2.456844
gmb,2020,2.515733
gmb,2021,2.57601
gmb,2022,2.63647
gmb,2023,2.697845
gnb,1960,0.581256770501439
gnb,1961,0.586335277728894
gnb,1962,0.59175497012375
gnb,1963,0.597522477004259
gnb,1964,0.575226281936654
gnb,1965,0.569095904152762
gnb,1966,0.563752561279148
gnb,1967,0.56674614791589
gnb,1968,0.576051969143189
gnb,1969,0.580377374580918
gnb,1970,0.584403
gnb,1971,0.586221
gnb,1972,0.58662
gnb,1973,0.592808
gnb,1974,0.613338
gnb,1975,0.650966
gnb,1976,0.694191
gnb,1977,0.741789
gnb,1978,0.791694
gnb,1979,0.819867
gnb,1980,0.829303
gnb,1981,0.842432
gnb,1982,0.855891
gnb,1983,0.869592
gnb,1984,0.883519
gnb,1985,0.897697
gnb,1986,0.912126
gnb,1987,0.926862
gnb,1988,0.942061
gnb,1989,0.957789
gnb,1990,0.973669
gnb,1991,0.994639
gnb,1992,1.024356
gnb,1993,1.058745
gnb,1994,1.092031
gnb,1995,1.119949
gnb,1996,1.143535
gnb,1997,1.165545
gnb,1998,1.187473
gnb,1999,1.210206
gnb,2000,1.234741
gnb,2001,1.261273
gnb,2002,1.289307
gnb,2003,1.318806
gnb,2004,1.349563
gnb,2005,1.381585
gnb,2006,1.415303
gnb,2007,1.450986
gnb,2008,1.488054
gnb,2009,1.526377
gnb,2010,1.566347
gnb,2011,1.608076
gnb,2012,1.651417
gnb,2013,1.695973
gnb,2014,1.741122
gnb,2015,1.786457
gnb,2016,1.831893
gnb,2017,1.877072
gnb,2018,1.922168
gnb,2019,1.967696
gnb,2020,2.013255
gnb,2021,2.058841
gnb,2022,2.105529
gnb,2023,2.153339
gnq,1960,0.28928674919969
gnq,1961,0.294222727667654
gnq,1962,0.295636739491055
gnq,1963,0.29705904158054
gnq,1964,0.298487300641604
gnq,1965,0.299922665645026
gnq,1966,0.304093500279857
gnq,1967,0.308263168267434
gnq,1968,0.312430467607559
gnq,1969,0.316607241537495
gnq,1970,0.320803
gnq,1971,0.31594
gnq,1972,0.309468
gnq,1973,0.302281
gnq,1974,0.294953
gnq,1975,0.287901
gnq,1976,0.281031
gnq,1977,0.276779
gnq,1978,0.276531
gnq,1979,0.279846
gnq,1980,0.288644
gnq,1981,0.303252
gnq,1982,0.322216
gnq,1983,0.343421
gnq,1984,0.364899
gnq,1985,0.385547
gnq,1986,0.404728
gnq,1987,0.422522
gnq,1988,0.439651
gnq,1989,0.456808
gnq,1990,0.474274
gnq,1991,0.492217
gnq,1992,0.51077
gnq,1993,0.530023
gnq,1994,0.550138
gnq,1995,0.571264
gnq,1996,0.593492
gnq,1997,0.616893
gnq,1998,0.641474
gnq,1999,0.667214
gnq,2000,0.703279
gnq,2001,0.749836
gnq,2002,0.797957
gnq,2003,0.847862
gnq,2004,0.899917
gnq,2005,0.947367
gnq,2006,0.990343
gnq,2007,1.036044
gnq,2008,1.08453
gnq,2009,1.135673
gnq,2010,1.189085
gnq,2011,1.241835
gnq,2012,1.293483
gnq,2013,1.346218
gnq,2014,1.399828
gnq,2015,1.453923
gnq,2016,1.508186
gnq,2017,1.562396
gnq,2018,1.616422
gnq,2019,1.670177
gnq,2020,1.716468
gnq,2021,1.758786
gnq,2022,1.803545
gnq,2023,1.847549
grc,1951,7.60724316773683
grc,1952,7.6936466598468
grc,1953,7.77706193670426
grc,1954,7.85298841121593
grc,1955,7.92474495207629
grc,1956,7.98988415454052
grc,1957,8.054755798122
grc,1958,8.13127289463548
grc,1959,8.21586988989173
grc,1960,8.28475871187586
grc,1961,8.35504225569557
grc,1962,8.4049676046675
grc,1963,8.4361989370907
grc,1964,8.46684581464947
grc,1965,8.50654510107447
grc,1966,8.56953908852491
grc,1967,8.6718025603653
grc,1968,8.69600145860796
grc,1969,8.72783717049325
grc,1970,8.747776
grc,1971,8.787038
grc,1972,8.849378
grc,1973,8.8934
grc,1974,8.929114
grc,1975,9.016967
grc,1976,9.160209
grc,1977,9.282021
grc,1978,9.389967
grc,1979,9.526004
grc,1980,9.653414
grc,1981,9.754402
grc,1982,9.83747
grc,1983,9.911493
grc,1984,9.978782
grc,1985,10.037037
grc,1986,10.088763
grc,1987,10.134534
grc,1988,10.177006
grc,1989,10.218039
grc,1990,10.258487
grc,1991,10.306644
grc,1992,10.359895
grc,1993,10.412751
grc,1994,10.46626
grc,1995,10.519235
grc,1996,10.57008
grc,1997,10.622325
grc,1998,10.675409
grc,1999,10.727951
grc,2000,10.782635
grc,2001,10.843164
grc,2002,10.890285
grc,2003,10.918471
grc,2004,10.947365
grc,2005,10.981334
grc,2006,11.016103
grc,2007,11.045737
grc,2008,11.076872
grc,2009,11.108069
grc,2010,11.12467
grc,2011,11.108844
grc,2012,11.048298
grc,2013,10.96754
grc,2014,10.893166
grc,2015,10.820903
grc,2016,10.775504
grc,2017,10.753533
grc,2018,10.730844
grc,2019,10.718576
grc,2020,10.699369
grc,2021,10.579561
grc,2022,10.41248
grc,2023,10.242908
grd,1970,0.098414
grd,1971,0.098648
grd,1972,0.098777
grd,1973,0.098709
grd,1974,0.098486
grd,1975,0.098126
grd,1976,0.097632
grd,1977,0.097017
grd,1978,0.096305
grd,1979,0.09549
grd,1980,0.094538
grd,1981,0.094052
grd,1982,0.094383
grd,1983,0.094948
grd,1984,0.095498
grd,1985,0.096111
grd,1986,0.09679
grd,1987,0.097526
grd,1988,0.098308
grd,1989,0.099121
grd,1990,0.099957
grd,1991,0.100793
grd,1992,0.101602
grd,1993,0.102382
grd,1994,0.103138
grd,1995,0.103869
grd,1996,0.104584
grd,1997,0.105293
grd,1998,0.106009
grd,1999,0.106727
grd,2000,0.107451
grd,2001,0.107987
grd,2002,0.108404
grd,2003,0.108884
grd,2004,0.109323
grd,2005,0.109734
grd,2006,0.110135
grd,2007,0.110522
grd,2008,0.110896
grd,2009,0.111254
grd,2010,0.111586
grd,2011,0.112079
grd,2012,0.112775
grd,2013,0.113487
grd,2014,0.114132
grd,2015,0.114676
grd,2016,0.11513
grd,2017,0.115438
grd,2018,0.115691
grd,2019,0.115981
grd,2020,0.116341
grd,2021,0.116688
grd,2022,0.116913
grd,2023,0.117081
gtm,1950,3.04385123633146
gtm,1951,3.14310061275243
gtm,1952,3.24560728075945
gtm,1953,3.35167335744696
gtm,1954,3.46143939081601
gtm,1955,3.57497211061318
gtm,1956,3.69238859943412
gtm,1957,3.81382256120332
gtm,1958,3.9395164717765
gtm,1959,4.06970498520758
gtm,1960,4.20311168121573
gtm,1961,4.33842298596157
gtm,1962,4.47701749201193
gtm,1963,4.62002642745177
gtm,1964,4.76741606076083
gtm,1965,4.86532106499785
gtm,1966,4.96490384572044
gtm,1967,5.06686005442596
gtm,1968,5.172123418704
gtm,1969,5.28109089499578
gtm,1970,5.396966
gtm,1971,5.538355
gtm,1972,5.682833
gtm,1973,5.831631
gtm,1974,5.981197
gtm,1975,6.128731
gtm,1976,6.262404
gtm,1977,6.401515
gtm,1978,6.561534
gtm,1979,6.727797
gtm,1980,6.900212
gtm,1981,7.075648
gtm,1982,7.240241
gtm,1983,7.419642
gtm,1984,7.630682
gtm,1985,7.849693
gtm,1986,8.070818
gtm,1987,8.296485
gtm,1988,8.532099
gtm,1989,8.775546
gtm,1990,9.024773
gtm,1991,9.272584
gtm,1992,9.522266
gtm,1993,9.779761
gtm,1994,10.043718
gtm,1995,10.312996
gtm,1996,10.583526
gtm,1997,10.857754
gtm,1998,11.139145
gtm,1999,11.422965
gtm,2000,11.697592
gtm,2001,11.969422
gtm,2002,12.246915
gtm,2003,12.525842
gtm,2004,12.807402
gtm,2005,13.087629
gtm,2006,13.367459
gtm,2007,13.65204
gtm,2008,13.935174
gtm,2009,14.215611
gtm,2010,14.500112
gtm,2011,14.792126
gtm,2012,15.089647
gtm,2013,15.387337
gtm,2014,15.681725
gtm,2015,15.971743
gtm,2016,16.26876
gtm,2017,16.567357
gtm,2018,16.845685
gtm,2019,17.103803
gtm,2020,17.357325
gtm,2021,17.59865
gtm,2022,17.847877
gtm,2023,18.124838
guy,1970,0.702705
guy,1971,0.712662
guy,1972,0.721617
guy,1973,0.730138
guy,1974,0.738057
guy,1975,0.745393
guy,1976,0.752253
guy,1977,0.758654
guy,1978,0.764586
guy,1979,0.770062
guy,1980,0.774367
guy,1981,0.776453
guy,1982,0.776712
guy,1983,0.775891
guy,1984,0.774111
guy,1985,0.771477
guy,1986,0.768098
guy,1987,0.76412
guy,1988,0.759663
guy,1989,0.754865
guy,1990,0.749894
guy,1991,0.747861
guy,1992,0.749911
guy,1993,0.752965
guy,1994,0.755822
guy,1995,0.758388
guy,1996,0.760526
guy,1997,0.762245
guy,1998,0.763586
guy,1999,0.764483
guy,2000,0.764832
guy,2001,0.764477
guy,2002,0.763652
guy,2003,0.763101
guy,2004,0.762418
guy,2005,0.760914
guy,2006,0.758966
guy,2007,0.756861
guy,2008,0.754606
guy,2009,0.752094
guy,2010,0.749256
guy,2011,0.746153
guy,2012,0.746288
guy,2013,0.750021
guy,2014,0.754229
guy,2015,0.758781
guy,2016,0.763548
guy,2017,0.768479
guy,2018,0.791556
guy,2019,0.807665
guy,2020,0.807481
guy,2021,0.815482
guy,2022,0.821637
guy,2023,0.826353
hkg,1960,2.90511828039855
hkg,1961,2.99278302404962
hkg,1962,3.1222961332605
hkg,1963,3.23159350465786
hkg,1964,3.31066163857382
hkg,1965,3.39879845364424
hkg,1966,3.42902769112564
hkg,1967,3.5167868040156
hkg,1968,3.5922653032553
hkg,1969,3.65007851160543
hkg,1970,3.739916
hkg,1971,3.989236
hkg,1972,4.117123
hkg,1973,4.223247
hkg,1974,4.330722
hkg,1975,4.438378
hkg,1976,4.545132
hkg,1977,4.65049
hkg,1978,4.754069
hkg,1979,4.857671
hkg,1980,4.962484
hkg,1981,5.060956
hkg,1982,5.150094
hkg,1983,5.235106
hkg,1984,5.315979
hkg,1985,5.393122
hkg,1986,5.451433
hkg,1987,5.486372
hkg,1988,5.514899
hkg,1989,5.540574
hkg,1990,5.560597
hkg,1991,5.628094
hkg,1992,5.759556
hkg,1993,5.902513
hkg,1994,6.042261
hkg,1995,6.177104
hkg,1996,6.302464
hkg,1997,6.416673
hkg,1998,6.521334
hkg,1999,6.616525
hkg,2000,6.704664
hkg,2001,6.774239
hkg,2002,6.821408
hkg,2003,6.858907
hkg,2004,6.888163
hkg,2005,6.908486
hkg,2006,6.93109
hkg,2007,6.971345
hkg,2008,7.020689
hkg,2009,7.064467
hkg,2010,7.101617
hkg,2011,7.14297
hkg,2012,7.201061
hkg,2013,7.264335
hkg,2014,7.319501
hkg,2015,7.366409
hkg,2016,7.40801
hkg,2017,7.444891
hkg,2018,7.471194
hkg,2019,7.485813
hkg,2020,7.490235
hkg,2021,7.484601
hkg,2022,7.465915
hkg,2023,7.442734
hnd,1950,1.42628734026872
hnd,1951,1.46887718994881
hnd,1952,1.5119832557553
hnd,1953,1.55658689471445
hnd,1954,1.60515230833524
hnd,1955,1.65622753483008
hnd,1956,1.70884119465878
hnd,1957,1.76400861581222
hnd,1958,1.82214125081267
hnd,1959,1.881907105265
hnd,1960,1.94460527161611
hnd,1961,2.01141653783481
hnd,1962,2.08262799420584
hnd,1963,2.15812288038584
hnd,1964,2.23800287170941
hnd,1965,2.32076350580729
hnd,1966,2.40494403120172
hnd,1967,2.49167522965139
hnd,1968,2.58177216674747
hnd,1969,2.67564273162435
hnd,1970,2.750715
hnd,1971,2.834616
hnd,1972,2.922064
hnd,1973,3.011459
hnd,1974,3.099836
hnd,1975,3.193234
hnd,1976,3.294457
hnd,1977,3.398655
hnd,1978,3.505463
hnd,1979,3.614981
hnd,1980,3.727173
hnd,1981,3.841778
hnd,1982,3.958728
hnd,1983,4.078174
hnd,1984,4.19985
hnd,1985,4.323342
hnd,1986,4.448899
hnd,1987,4.57691
hnd,1988,4.707677
hnd,1989,4.841838
hnd,1990,4.980488
hnd,1991,5.123792
hnd,1992,5.271431
hnd,1993,5.423249
hnd,1994,5.579242
hnd,1995,5.739637
hnd,1996,5.903954
hnd,1997,6.071454
hnd,1998,6.234431
hnd,1999,6.400463
hnd,2000,6.577773
hnd,2001,6.757993
hnd,2002,6.938859
hnd,2003,7.119213
hnd,2004,7.298994
hnd,2005,7.478355
hnd,2006,7.656832
hnd,2007,7.834798
hnd,2008,8.012587
hnd,2009,8.189899
hnd,2010,8.365878
hnd,2011,8.540583
hnd,2012,8.715076
hnd,2013,8.889278
hnd,2014,9.063122
hnd,2015,9.237305
hnd,2016,9.41238
hnd,2017,9.588137
hnd,2018,9.76521
hnd,2019,9.943633
hnd,2020,10.11964
hnd,2021,10.289877
hnd,2022,10.463872
hnd,2023,10.644851
hrv,1990,4.835065
hrv,1991,4.825157
hrv,1992,4.782233
hrv,1993,4.729743
hrv,1994,4.675514
hrv,1995,4.61936
hrv,1996,4.562299
hrv,1997,4.504621
hrv,1998,4.445667
hrv,1999,4.385822
hrv,2000,4.326105
hrv,2001,4.301074
hrv,2002,4.305782
hrv,2003,4.306686
hrv,2004,4.310056
hrv,2005,4.313946
hrv,2006,4.3158
hrv,2007,4.315954
hrv,2008,4.314631
hrv,2009,4.31053
hrv,2010,4.301145
hrv,2011,4.280824
hrv,2012,4.259236
hrv,2013,4.242398
hrv,2014,4.219479
hrv,2015,4.183729
hrv,2016,4.136444
hrv,2017,4.0792
hrv,2018,4.024868
hrv,2019,3.986334
hrv,2020,3.953958
hrv,2021,3.92461
hrv,2022,3.907027
hrv,2023,3.896023
hti,1960,3.77361993930297
hti,1961,3.84948441373818
hti,1962,3.92762744120913
hti,1963,4.00976268246401
hti,1964,4.09361499183116
hti,1965,4.17922258046488
hti,1966,4.2664272493187
hti,1967,4.35564713064164
hti,1968,4.44673327394684
hti,1969,4.53972413377177
hti,1970,4.635124
hti,1971,4.723244
hti,1972,4.813868
hti,1973,4.906743
hti,1974,5.001796
hti,1975,5.099086
hti,1976,5.198357
hti,1977,5.299476
hti,1978,5.40258
hti,1979,5.50759
hti,1980,5.614493
hti,1981,5.723725
hti,1982,5.835937
hti,1983,5.951096
hti,1984,6.06923
hti,1985,6.190862
hti,1986,6.316122
hti,1987,6.445123
hti,1988,6.578145
hti,1989,6.71473
hti,1990,6.854441
hti,1991,6.99545
hti,1992,7.136571
hti,1993,7.278181
hti,1994,7.419771
hti,1995,7.562546
hti,1996,7.707557
hti,1997,7.854298
hti,1998,8.002143
hti,1999,8.151296
hti,2000,8.303151
hti,2001,8.455918
hti,2002,8.607641
hti,2003,8.759912
hti,2004,8.910263
hti,2005,9.061273
hti,2006,9.216562
hti,2007,9.373296
hti,2008,9.530774
hti,2009,9.689581
hti,2010,9.803294
hti,2011,9.914904
hti,2012,10.069771
hti,2013,10.222362
hti,2014,10.373235
hti,2015,10.523242
hti,2016,10.671457
hti,2017,10.817754
hti,2018,10.962362
hti,2019,11.105163
hti,2020,11.243848
hti,2021,11.374586
hti,2022,11.503606
hti,2023,11.637398
hun,1970,10.315143
hun,1971,10.343969
hun,1972,10.374303
hun,1973,10.407439
hun,1974,10.453913
hun,1975,10.515652
hun,1976,10.573772
hun,1977,10.623139
hun,1978,10.660188
hun,1979,10.688253
hun,1980,10.695367
hun,1981,10.679329
hun,1982,10.656116
hun,1983,10.622989
hun,1984,10.584328
hun,1985,10.547265
hun,1986,10.511098
hun,1987,10.475105
hun,1988,10.440531
hun,1989,10.403421
hun,1990,10.381281
hun,1991,10.378176
hun,1992,10.371474
hun,1993,10.35687
hun,1994,10.339937
hun,1995,10.322788
hun,1996,10.302235
hun,1997,10.278602
hun,1998,10.251717
hun,1999,10.219796
hun,2000,10.1906
hun,2001,10.16669
hun,2002,10.138466
hun,2003,10.108963
hun,2004,10.085791
hun,2005,10.065706
hun,2006,10.049943
hun,2007,10.034082
hun,2008,10.016657
hun,2009,10.001378
hun,2010,9.979129
hun,2011,9.946676
hun,2012,9.916623
hun,2013,9.889346
hun,2014,9.862842
hun,2015,9.839211
hun,2016,9.810532
hun,2017,9.785604
hun,2018,9.774394
hun,2019,9.770346
hun,2020,9.749457
hun,2021,9.70785
hun,2022,9.684306
hun,2023,9.686463
idn,1960,95.1656887745624
idn,1961,97.2907960392286
idn,1962,99.2133598857049
idn,1963,101.179844268652
idn,1964,103.190676938426
idn,1965,105.246285645381
idn,1966,107.347098139873
idn,1967,109.493520422239
idn,1968,111.685972992828
idn,1969,113.924854601972
idn,1970,116.210564
idn,1971,119.396668
idn,1972,122.612803
idn,1973,125.87137
idn,1974,129.145872
idn,1975,132.442006
idn,1976,135.781275
idn,1977,139.151856
idn,1978,142.581938
idn,1979,146.073553
idn,1980,149.600411
idn,1981,153.145528
idn,1982,156.721301
idn,1983,160.329088
idn,1984,163.937901
idn,1985,167.47285
idn,1986,170.88225
idn,1987,174.22963
idn,1988,177.58581
idn,1989,180.946486
idn,1990,184.261443
idn,1991,187.556516
idn,1992,190.843062
idn,1993,194.126605
idn,1994,197.436321
idn,1995,200.756203
idn,1996,204.09663
idn,1997,207.453279
idn,1998,210.769318
idn,1999,213.004668
idn,2000,216.07779
idn,2001,219.097902
idn,2002,222.088495
idn,2003,225.048008
idn,2004,227.926649
idn,2005,230.87165
idn,2006,233.951652
idn,2007,237.062337
idn,2008,240.157903
idn,2009,243.220028
idn,2010,246.305322
idn,2011,249.470032
idn,2012,252.698525
idn,2013,255.852467
idn,2014,258.877399
idn,2015,261.799249
idn,2016,264.627418
idn,2017,267.346658
idn,2018,269.951846
idn,2019,272.489381
idn,2020,274.814866
idn,2021,276.758053
idn,2022,278.830529
idn,2023,281.190067
ind,1950,364.521367048538
ind,1951,370.732910839569
ind,1952,377.24563023304
ind,1953,384.045660444378
ind,1954,391.10139217079
ind,1955,398.41075020591
ind,1956,405.978606773381
ind,1957,413.817683790505
ind,1958,421.926898540915
ind,1959,430.302220913694
ind,1960,438.940613287925
ind,1961,447.842015512701
ind,1962,457.10035323276
ind,1963,466.752378653634
ind,1964,477.037372092181
ind,1965,487.792805791701
ind,1966,498.790767957176
ind,1967,510.087650065998
ind,1968,521.69262513182
ind,1969,533.614956394663
ind,1970,545.864268
ind,1971,558.096387
ind,1972,570.482142
ind,1973,583.465598
ind,1974,597.041391
ind,1975,611.309535
ind,1976,625.861883
ind,1977,640.801103
ind,1978,655.728229
ind,1979,671.155747
ind,1980,687.354025
ind,1981,703.69625
ind,1982,720.313473
ind,1983,737.372681
ind,1984,754.875449
ind,1985,772.647793
ind,1986,790.689978
ind,1987,808.93127
ind,1988,827.34299
ind,1989,846.039529
ind,1990,864.972221
ind,1991,883.9276
ind,1992,902.95707
ind,1993,922.118387
ind,1994,941.163767
ind,1995,960.301044
ind,1996,979.678458
ind,1997,999.133762
ind,1998,1018.66508
ind,1999,1038.225823
ind,2000,1057.922733
ind,2001,1077.898575
ind,2002,1097.60038
ind,2003,1116.803006
ind,2004,1135.991513
ind,2005,1154.676322
ind,2006,1172.87889
ind,2007,1190.676021
ind,2008,1207.930964
ind,2009,1225.524753
ind,2010,1243.481564
ind,2011,1261.224954
ind,2012,1278.674502
ind,2013,1295.829511
ind,2014,1312.277191
ind,2015,1328.024498
ind,2016,1343.944296
ind,2017,1359.6574
ind,2018,1374.659064
ind,2019,1389.030312
ind,2020,1402.617695
ind,2021,1414.203896
ind,2022,1425.423212
ind,2023,1438.069596
irl,1950,2.97437048964458
irl,1951,2.97064935478441
irl,1952,2.96346699968061
irl,1953,2.95860329356867
irl,1954,2.94802098722847
irl,1955,2.9273058401557
irl,1956,2.90634585638612
irl,1957,2.88924773472767
irl,1958,2.86244733071157
irl,1959,2.85393381069317
irl,1960,2.84285058235256
irl,1961,2.82909808355302
irl,1962,2.84084282570592
irl,1963,2.86091943484411
irl,1964,2.87497325270648
irl,1965,2.88701907459016
irl,1966,2.89504986184467
irl,1967,2.91121147715454
irl,1968,2.92365889823395
irl,1969,2.93680923757194
irl,1970,2.961403
irl,1971,2.99312
irl,1972,3.037153
irl,1973,3.084434
irl,1974,3.132177
irl,1975,3.180119
irl,1976,3.228401
irl,1977,3.277756
irl,1978,3.329183
irl,1979,3.375801
irl,1980,3.41524
irl,1981,3.448827
irl,1982,3.475536
irl,1983,3.497608
irl,1984,3.515954
irl,1985,3.531271
irl,1986,3.541867
irl,1987,3.540381
irl,1988,3.525095
irl,1989,3.51107
irl,1990,3.514018
irl,1991,3.53426
irl,1992,3.558421
irl,1993,3.576122
irl,1994,3.590157
irl,1995,3.610697
irl,1996,3.638509
irl,1997,3.672293
irl,1998,3.711073
irl,1999,3.752938
irl,2000,3.802585
irl,2001,3.862981
irl,2002,3.928443
irl,2003,3.992935
irl,2004,4.066064
irl,2005,4.155284
irl,2006,4.268778
irl,2007,4.393513
irl,2008,4.485999
irl,2009,4.533752
irl,2010,4.55908
irl,2011,4.579602
irl,2012,4.600132
irl,2013,4.624686
irl,2014,4.658239
irl,2015,4.702487
irl,2016,4.753503
irl,2017,4.810261
irl,2018,4.872556
irl,2019,4.933491
irl,2020,4.982606
irl,2021,5.028426
irl,2022,5.110016
irl,2023,5.19663
irn,1955,18.9049351449791
irn,1956,19.4271690916824
irn,1957,19.9724718966715
irn,1958,20.544866257132
irn,1959,21.143334939293
irn,1960,21.7648397278949
irn,1961,22.4043310590854
irn,1962,23.0668392309257
irn,1963,23.7493318078938
irn,1964,24.4618828721656
irn,1965,25.2004485341854
irn,1966,25.9670324362294
irn,1967,26.7434842764846
irn,1968,27.5287926009172
irn,1969,28.3289972350429
irn,1970,29.1451
irn,1971,30.029071
irn,1972,30.921179
irn,1973,31.839838
irn,1974,32.796463
irn,1975,33.802973
irn,1976,34.837271
irn,1977,35.933181
irn,1978,37.126535
irn,1979,38.424952
irn,1980,39.842324
irn,1981,41.989312
irn,1982,44.272141
irn,1983,46.029535
irn,1984,47.793998
irn,1985,49.582289
irn,1986,51.446045
irn,1987,53.323493
irn,1988,55.072694
irn,1989,56.704914
irn,1990,58.380092
irn,1991,59.986931
irn,1992,61.184983
irn,1993,61.403543
irn,1994,61.520598
irn,1995,62.205567
irn,1996,62.8813
irn,1997,63.639638
irn,1998,64.519859
irn,1999,65.445391
irn,2000,66.418659
irn,2001,67.452005
irn,2002,68.011317
irn,2003,68.76934
irn,2004,70.256316
irn,2005,71.828455
irn,2006,73.392747
irn,2007,74.602648
irn,2008,75.514204
irn,2009,76.457825
irn,2010,77.420842
irn,2011,78.383598
irn,2012,79.37058
irn,2013,80.414686
irn,2014,81.502045
irn,2015,82.619362
irn,2016,83.812228
irn,2017,85.026754
irn,2018,86.117998
irn,2019,87.051648
irn,2020,87.723443
irn,2021,88.455488
irn,2022,89.524246
irn,2023,90.608707
irq,1970,9.735611
irq,1971,10.077809
irq,1972,10.430164
irq,1973,10.795869
irq,1974,11.167761
irq,1975,11.543639
irq,1976,11.927651
irq,1977,12.331046
irq,1978,12.753355
irq,1979,13.170365
irq,1980,13.591992
irq,1981,14.006381
irq,1982,14.406083
irq,1983,14.840555
irq,1984,15.310733
irq,1985,15.68343
irq,1986,16.074145
irq,1987,16.521049
irq,1988,16.908819
irq,1989,17.364542
irq,1990,17.581206
irq,1991,17.767253
irq,1992,18.300845
irq,1993,19.201195
irq,1994,20.139807
irq,1995,20.82586
irq,1996,21.501321
irq,1997,22.176593
irq,1998,22.884399
irq,1999,23.636527
irq,2000,24.424056
irq,2001,25.19784
irq,2002,26.006559
irq,2003,26.802659
irq,2004,27.577878
irq,2005,28.407448
irq,2006,28.616515
irq,2007,28.391607
irq,2008,28.971036
irq,2009,30.058206
irq,2010,31.045366
irq,2011,32.161424
irq,2012,33.654842
irq,2013,35.281989
irq,2014,36.550059
irq,2015,37.560535
irq,2016,38.469627
irq,2017,39.337353
irq,2018,40.265624
irq,2019,41.192171
irq,2020,42.116605
irq,2021,43.071211
irq,2022,44.070551
irq,2023,45.074049
isl,1950,0.143199918008426
isl,1951,0.14587079964749
isl,1952,0.148233124830878
isl,1953,0.15131274785832
isl,1954,0.154846211168745
isl,1955,0.158333590305835
isl,1956,0.161653666128843
isl,1957,0.165412549269967
isl,1958,0.16908024934315
isl,1959,0.172629745825639
isl,1960,0.176182242929717
isl,1961,0.179232815163083
isl,1962,0.182386587879206
isl,1963,0.185820866464124
isl,1964,0.189193042632108
isl,1965,0.192640338839038
isl,1966,0.195968431248078
isl,1967,0.199040052617953
isl,1968,0.201613749945901
isl,1969,0.203291828908094
isl,1970,0.204478
isl,1971,0.206161
isl,1972,0.209203
isl,1973,0.212381
isl,1974,0.215266
isl,1975,0.218028
isl,1976,0.22019
isl,1977,0.221834
isl,1978,0.223572
isl,1979,0.225756
isl,1980,0.228144
isl,1981,0.230746
isl,1982,0.233845
isl,1983,0.236964
isl,1984,0.239501
isl,1985,0.241402
isl,1986,0.243184
isl,1987,0.245855
isl,1988,0.249726
isl,1989,0.252851
isl,1990,0.254833
isl,1991,0.257812
isl,1992,0.261085
isl,1993,0.263754
isl,1994,0.266053
isl,1995,0.26751
isl,1996,0.26896
isl,1997,0.271185
isl,1998,0.274111
isl,1999,0.277448
isl,2000,0.28128
isl,2001,0.285053
isl,2002,0.287607
isl,2003,0.289605
isl,2004,0.292168
isl,2005,0.296834
isl,2006,0.303874
isl,2007,0.311651
isl,2008,0.317514
isl,2009,0.318612
isl,2010,0.318158
isl,2011,0.319137
isl,2012,0.320841
isl,2013,0.323885
isl,2014,0.327512
isl,2015,0.330952
isl,2016,0.335574
isl,2017,0.343531
isl,2018,0.352854
isl,2019,0.3607
isl,2020,0.366614
isl,2021,0.372644
isl,2022,0.380356
isl,2023,0.387558
isr,1950,1.26900760109502
isr,1951,1.47016029487066
isr,1952,1.59933329141045
isr,1953,1.64490246424958
isr,1954,1.6888583316975
isr,1955,1.74843936061952
isr,1956,1.82542752656804
isr,1957,1.91851345978403
isr,1958,1.99781431241977
isr,1959,2.05387796860785
isr,1960,2.11298333356063
isr,1961,2.18753248663426
isr,1962,2.28013687477358
isr,1963,2.37461992387151
isr,1964,2.46493820792921
isr,1965,2.54385820004755
isr,1966,2.60595940112704
isr,1967,2.65772279155962
isr,1968,2.71041280927944
isr,1969,2.77954499191806
isr,1970,2.864778
isr,1971,2.9773
isr,1972,3.079401
isr,1973,3.163044
isr,1974,3.239981
isr,1975,3.318089
isr,1976,3.398267
isr,1977,3.479618
isr,1978,3.560396
isr,1979,3.640874
isr,1980,3.721665
isr,1981,3.802238
isr,1982,3.883632
isr,1983,3.95963
isr,1984,4.033735
isr,1985,4.105359
isr,1986,4.168971
isr,1987,4.236869
isr,1988,4.30732
isr,1989,4.38151
isr,1990,4.544999
isr,1991,4.77989
isr,1992,4.957238
isr,1993,5.086045
isr,1994,5.216699
isr,1995,5.354739
isr,1996,5.499551
isr,1997,5.646473
isr,1998,5.79014
isr,1999,5.946081
isr,2000,6.11119
isr,2001,6.259982
isr,2002,6.38772
isr,2003,6.50282
isr,2004,6.615087
isr,2005,6.728206
isr,2006,6.844032
isr,2007,6.962455
isr,2008,7.08262
isr,2009,7.206096
isr,2010,7.336735
isr,2011,7.471023
isr,2012,7.60778
isr,2013,7.749379
isr,2014,7.897179
isr,2015,8.052908
isr,2016,8.210005
isr,2017,8.361797
isr,2018,8.510067
isr,2019,8.657474
isr,2020,8.800376
isr,2021,8.942924
isr,2022,9.103151
isr,2023,9.256314
ita,1950,46.8672299592732
ita,1951,47.1786497713385
ita,1952,47.4253990470572
ita,1953,47.7149305450718
ita,1954,48.0552033072697
ita,1955,48.3875170275802
ita,1956,48.6740653081778
ita,1957,48.9337456548122
ita,1958,49.2262641656859
ita,1959,49.5804662000471
ita,1960,49.9442213619385
ita,1961,50.2681775189509
ita,1962,50.586561967098
ita,1963,50.9398682771458
ita,1964,51.3397408651699
ita,1965,51.7246859797828
ita,1966,52.0674485519369
ita,1967,52.4012538809559
ita,1968,52.7191411262001
ita,1969,53.0478757446986
ita,1970,53.390236
ita,1971,53.707795
ita,1972,54.067563
ita,1973,54.450567
ita,1974,54.821113
ita,1975,55.166045
ita,1976,55.459416
ita,1977,55.714555
ita,1978,55.938965
ita,1979,56.13238
ita,1980,56.412084
ita,1981,56.64675
ita,1982,56.719175
ita,1983,56.766111
ita,1984,56.810353
ita,1985,56.855501
ita,1986,56.875988
ita,1987,56.891926
ita,1988,56.928751
ita,1989,56.976755
ita,1990,57.031454
ita,1991,57.075393
ita,1992,57.12499
ita,1993,57.170764
ita,1994,57.420138
ita,1995,57.403344
ita,1996,57.162092
ita,1997,57.189274
ita,1998,57.215194
ita,1999,57.240798
ita,2000,57.272196
ita,2001,57.30576
ita,2002,57.420628
ita,2003,57.739699
ita,2004,58.176738
ita,2005,58.519693
ita,2006,58.754433
ita,2007,59.10872
ita,2008,59.561684
ita,2009,59.90401
ita,2010,60.164213
ita,2011,60.36788
ita,2012,60.531515
ita,2013,60.653868
ita,2014,60.664171
ita,2015,60.575316
ita,2016,60.478107
ita,2017,60.390318
ita,2018,60.277499
ita,2019,60.130136
ita,2020,59.912769
ita,2021,59.72935
ita,2022,59.619115
ita,2023,59.499453
jam,1953,1.39761692302633
jam,1954,1.41806290813004
jam,1955,1.43856694733138
jam,1956,1.45902249293132
jam,1957,1.48329002723581
jam,1958,1.5129203088092
jam,1959,1.54515461614689
jam,1960,1.57672118617509
jam,1961,1.59231078475036
jam,1962,1.60894005849476
jam,1963,1.64055500693765
jam,1964,1.68031641966833
jam,1965,1.71742070556525
jam,1966,1.75866526226643
jam,1967,1.79829536215722
jam,1968,1.82958364111422
jam,1969,1.8548397076923
jam,1970,1.878196
jam,1971,1.903728
jam,1972,1.931542
jam,1973,1.961219
jam,1974,1.990906
jam,1975,2.018981
jam,1976,2.045578
jam,1977,2.070657
jam,1978,2.094836
jam,1979,2.119486
jam,1980,2.145658
jam,1981,2.173818
jam,1982,2.203889
jam,1983,2.234832
jam,1984,2.264562
jam,1985,2.290656
jam,1986,2.312125
jam,1987,2.329813
jam,1988,2.345777
jam,1989,2.361916
jam,1990,2.379877
jam,1991,2.400869
jam,1992,2.424701
jam,1993,2.449916
jam,1994,2.47522
jam,1995,2.500151
jam,1996,2.524463
jam,1997,2.547848
jam,1998,2.569736
jam,1999,2.589795
jam,2000,2.607826
jam,2001,2.624403
jam,2002,2.640572
jam,2003,2.656623
jam,2004,2.672225
jam,2005,2.687066
jam,2006,2.700968
jam,2007,2.7138
jam,2008,2.725635
jam,2009,2.736995
jam,2010,2.748568
jam,2011,2.760494
jam,2012,2.77243
jam,2013,2.783687
jam,2014,2.793749
jam,2015,2.802534
jam,2016,2.809915
jam,2017,2.815764
jam,2018,2.820097
jam,2019,2.823271
jam,2020,2.830739
jam,2021,2.837682
jam,2022,2.839144
jam,2023,2.839786
jor,1954,0.686560858011321
jor,1955,0.715386447965035
jor,1956,0.745624227587923
jor,1957,0.777457370002651
jor,1958,0.810910890040946
jor,1959,0.846173298978151
jor,1960,0.883633040528814
jor,1961,0.923502585583778
jor,1962,0.972196841871942
jor,1963,1.01488331768012
jor,1964,1.05927868513184
jor,1965,1.10539448953404
jor,1966,1.1532160199311
jor,1967,1.30700199139433
jor,1968,1.43975911731751
jor,1969,1.51369973218962
jor,1970,1.565163
jor,1971,1.645145
jor,1972,1.714555
jor,1973,1.778094
jor,1974,1.839182
jor,1975,1.899055
jor,1976,1.958177
jor,1977,2.019002
jor,1978,2.083595
jor,1979,2.153882
jor,1980,2.234186
jor,1981,2.325517
jor,1982,2.426927
jor,1983,2.537307
jor,1984,2.654688
jor,1985,2.77881
jor,1986,2.909887
jor,1987,3.047634
jor,1988,3.193039
jor,1989,3.349627
jor,1990,3.621908
jor,1991,3.915149
jor,1992,4.127693
jor,1993,4.34802
jor,1994,4.561406
jor,1995,4.752096
jor,1996,4.912516
jor,1997,5.046285
jor,1998,5.164284
jor,1999,5.276444
jor,2000,5.386945
jor,2001,5.498894
jor,2002,5.616066
jor,2003,5.741828
jor,2004,5.882061
jor,2005,6.029587
jor,2006,6.427371
jor,2007,6.827227
jor,2008,6.989866
jor,2009,7.141753
jor,2010,7.297043
jor,2011,7.480424
jor,2012,7.587127
jor,2013,7.991809
jor,2014,8.79171
jor,2015,9.544729
jor,2016,10.006367
jor,2017,10.234226
jor,2018,10.462306
jor,2019,10.671891
jor,2020,10.865228
jor,2021,11.066356
jor,2022,11.256263
jor,2023,11.439213
jpn,1950,85.7063830920046
jpn,1951,87.0960614624202
jpn,1952,88.4206202379883
jpn,1953,89.6439026726603
jpn,1954,90.7675550921625
jpn,1955,91.8528036480368
jpn,1956,92.8255324726273
jpn,1957,93.6404090897702
jpn,1958,94.4849039650056
jpn,1959,95.4132912298647
jpn,1960,96.2264044839072
jpn,1961,97.0973810156143
jpn,1962,98.0060045692646
jpn,1963,99.0084296768636
jpn,1964,100.045763131856
jpn,1965,101.125994685635
jpn,1966,102.054366345511
jpn,1967,103.11282114525
jpn,1968,104.273972339355
jpn,1969,105.512610077485
jpn,1970,106.712368
jpn,1971,107.95203
jpn,1972,109.238955
jpn,1973,110.614736
jpn,1974,112.009694
jpn,1975,113.321196
jpn,1976,114.502795
jpn,1977,115.574277
jpn,1978,116.576944
jpn,1979,117.521556
jpn,1980,118.358756
jpn,1981,118.994053
jpn,1982,119.485775
jpn,1983,119.948947
jpn,1984,120.384394
jpn,1985,120.832163
jpn,1986,121.366735
jpn,1987,121.943587
jpn,1988,122.476952
jpn,1989,122.947413
jpn,1990,123.399765
jpn,1991,123.889871
jpn,1992,124.383708
jpn,1993,124.839958
jpn,1994,125.28686
jpn,1995,125.672665
jpn,1996,125.975302
jpn,1997,126.265929
jpn,1998,126.549181
jpn,1999,126.801564
jpn,2000,127.027789
jpn,2001,127.260148
jpn,2002,127.484598
jpn,2003,127.671251
jpn,2004,127.815774
jpn,2005,127.91333
jpn,2006,127.997247
jpn,2007,128.087682
jpn,2008,128.15599
jpn,2009,128.19247
jpn,2010,128.185275
jpn,2011,128.096432
jpn,2012,127.928285
jpn,2013,127.723645
jpn,2014,127.486605
jpn,2015,127.275872
jpn,2016,127.159951
jpn,2017,127.06469
jpn,2018,126.913432
jpn,2019,126.699424
jpn,2020,126.304543
jpn,2021,125.679338
jpn,2022,124.997578
jpn,2023,124.370947
kaz,1990,17.154054
kaz,1991,17.2786
kaz,1992,17.332625
kaz,1993,17.274487
kaz,1994,17.043771
kaz,1995,16.730536
kaz,1996,16.416027
kaz,1997,16.043251
kaz,1998,15.647785
kaz,1999,15.455874
kaz,2000,15.501103
kaz,2001,15.57555
kaz,2002,15.656677
kaz,2003,15.74738
kaz,2004,15.850159
kaz,2005,15.968117
kaz,2006,16.103716
kaz,2007,16.257214
kaz,2008,16.426525
kaz,2009,16.619846
kaz,2010,16.83681
kaz,2011,17.066002
kaz,2012,17.306106
kaz,2013,17.556502
kaz,2014,17.816285
kaz,2015,18.084169
kaz,2016,18.3636
kaz,2017,18.651931
kaz,2018,18.932727
kaz,2019,19.209555
kaz,2020,19.482117
kaz,2021,19.743603
kaz,2022,20.034609
kaz,2023,20.330104
ken,1950,6.18736860323453
ken,1951,6.35733906698608
ken,1952,6.53393789731302
ken,1953,6.71813004403238
ken,1954,6.91027748382379
ken,1955,7.11005342549047
ken,1956,7.31853126725546
ken,1957,7.53538325393616
ken,1958,7.76176472255127
ken,1959,7.99814513420059
ken,1960,8.24502190557302
ken,1961,8.50291992695365
ken,1962,8.77239349019543
ken,1963,9.05402677071207
ken,1964,9.34750550912259
ken,1965,9.65242868732122
ken,1966,9.97028855537467
ken,1967,10.3017068841441
ken,1968,10.646269159722
ken,1969,11.0056585013697
ken,1970,11.368791
ken,1971,11.788904
ken,1972,12.20606
ken,1973,12.634835
ken,1974,13.070078
ken,1975,13.511671
ken,1976,13.957623
ken,1977,14.428819
ken,1978,14.934126
ken,1979,15.460666
ken,1980,16.018459
ken,1981,16.601507
ken,1982,17.206175
ken,1983,17.846374
ken,1984,18.514906
ken,1985,19.201768
ken,1986,19.901646
ken,1987,20.616096
ken,1988,21.356219
ken,1989,22.118434
ken,1990,22.892651
ken,1991,23.646514
ken,1992,24.38246
ken,1993,25.117188
ken,1994,25.85713
ken,1995,26.601751
ken,1996,27.344211
ken,1997,28.101768
ken,1998,28.888057
ken,1999,29.733408
ken,2000,30.64289
ken,2001,31.61917
ken,2002,32.629808
ken,2003,33.652223
ken,2004,34.713455
ken,2005,35.796484
ken,2006,36.904008
ken,2007,38.036349
ken,2008,39.206351
ken,2009,40.408891
ken,2010,41.598567
ken,2011,42.758461
ken,2012,43.888303
ken,2013,44.986791
ken,2014,46.05144
ken,2015,47.088526
ken,2016,48.139687
ken,2017,49.197766
ken,2018,50.207107
ken,2019,51.202827
ken,2020,52.217334
ken,2021,53.219166
ken,2022,54.252461
ken,2023,55.339003
kgz,1990,4.459543
kgz,1991,4.532116
kgz,1992,4.60031
kgz,1993,4.626803
kgz,1994,4.649185
kgz,1995,4.713635
kgz,1996,4.782882
kgz,1997,4.847993
kgz,1998,4.907791
kgz,1999,4.968587
kgz,2000,5.025145
kgz,2001,5.071956
kgz,2002,5.116254
kgz,2003,5.159422
kgz,2004,5.203041
kgz,2005,5.246332
kgz,2006,5.282453
kgz,2007,5.313368
kgz,2008,5.34252
kgz,2009,5.398007
kgz,2010,5.491761
kgz,2011,5.594535
kgz,2012,5.696519
kgz,2013,5.797289
kgz,2014,5.898319
kgz,2015,6.001882
kgz,2016,6.108462
kgz,2017,6.22015
kgz,2018,6.341732
kgz,2019,6.494035
kgz,2020,6.66414
kgz,2021,6.820479
kgz,2022,6.955788
kgz,2023,7.073516
khm,1970,6.639182
khm,1971,6.62088
khm,1972,6.673886
khm,1973,6.739726
khm,1974,6.78324
khm,1975,6.581371
khm,1976,6.134991
khm,1977,5.668551
khm,1978,5.211653
khm,1979,5.088808
khm,1980,5.199872
khm,1981,5.284495
khm,1982,5.436432
khm,1983,5.636203
khm,1984,5.845117
khm,1985,6.043783
khm,1986,6.285693
khm,1987,6.55797
khm,1988,6.812014
khm,1989,7.073473
khm,1990,7.374752
khm,1991,7.68685
khm,1992,8.113083
khm,1993,8.616381
khm,1994,9.239162
khm,1995,10.018497
khm,1996,10.80127
khm,1997,11.570982
khm,1998,12.058173
khm,1999,12.265731
khm,2000,12.462336
khm,2001,12.658484
khm,2002,12.855241
khm,2003,13.050968
khm,2004,13.244731
khm,2005,13.439202
khm,2006,13.639028
khm,2007,13.84177
khm,2008,14.053479
khm,2009,14.27681
khm,2010,14.500726
khm,2011,14.722584
khm,2012,14.945085
khm,2013,15.170208
khm,2014,15.396772
khm,2015,15.623251
khm,2016,15.852803
khm,2017,16.073372
khm,2018,16.274522
khm,2019,16.481304
khm,2020,16.725474
khm,2021,16.974305
khm,2022,17.201724
khm,2023,17.42388
kna,1970,0.044606
kna,1971,0.044206
kna,1972,0.044033
kna,1973,0.04388
kna,1974,0.043738
kna,1975,0.043606
kna,1976,0.043482
kna,1977,0.043358
kna,1978,0.043217
kna,1979,0.043033
kna,1980,0.04285
kna,1981,0.042698
kna,1982,0.042532
kna,1983,0.042334
kna,1984,0.042113
kna,1985,0.041874
kna,1986,0.041618
kna,1987,0.041348
kna,1988,0.041062
kna,1989,0.040758
kna,1990,0.040432
kna,1991,0.040358
kna,1992,0.040715
kna,1993,0.041242
kna,1994,0.041776
kna,1995,0.042326
kna,1996,0.042877
kna,1997,0.043428
kna,1998,0.043998
kna,1999,0.044601
kna,2000,0.045248
kna,2001,0.045761
kna,2002,0.04602
kna,2003,0.046176
kna,2004,0.046315
kna,2005,0.046437
kna,2006,0.046569
kna,2007,0.046706
kna,2008,0.046835
kna,2009,0.046916
kna,2010,0.046846
kna,2011,0.046886
kna,2012,0.047033
kna,2013,0.047069
kna,2014,0.047089
kna,2015,0.047087
kna,2016,0.047075
kna,2017,0.04705
kna,2018,0.047008
kna,2019,0.046952
kna,2020,0.04687
kna,2021,0.046763
kna,2022,0.046709
kna,2023,0.046758
kor,1953,21.2572120080287
kor,1954,21.4574370881028
kor,1955,21.7531716336547
kor,1956,22.2370431349991
kor,1957,22.8227887042858
kor,1958,23.470857708414
kor,1959,24.2053474640952
kor,1960,25.0156734025605
kor,1961,25.8531268707681
kor,1962,26.6671260280787
kor,1963,27.4655236311325
kor,1964,28.2454261537637
kor,1965,28.9731624232241
kor,1966,29.7109923438406
kor,1967,30.4124847352621
kor,1968,31.1260883529705
kor,1969,31.8386851082805
kor,1970,32.542197
kor,1971,33.239853
kor,1972,33.936465
kor,1973,34.625849
kor,1974,35.287837
kor,1975,35.875743
kor,1976,36.379925
kor,1977,36.843637
kor,1978,37.281935
kor,1979,37.710899
kor,1980,38.141107
kor,1981,38.689189
kor,1982,39.356154
kor,1983,40.000941
kor,1984,40.5983
kor,1985,41.148963
kor,1986,41.718505
kor,1987,42.322092
kor,1988,42.922977
kor,1989,43.524767
kor,1990,44.081427
kor,1991,44.43915
kor,1992,44.653695
kor,1993,44.887724
kor,1994,45.13084
kor,1995,45.368425
kor,1996,45.6387
kor,1997,45.941537
kor,1998,46.230878
kor,1999,46.500383
kor,2000,46.766661
kor,2001,47.043468
kor,2002,47.29912
kor,2003,47.51416
kor,2004,47.697075
kor,2005,47.851644
kor,2006,48.006518
kor,2007,48.178118
kor,2008,48.356493
kor,2009,48.546687
kor,2010,48.769332
kor,2011,49.127643
kor,2012,49.599579
kor,2013,50.071164
kor,2014,50.539056
kor,2015,50.983912
kor,2016,51.297839
kor,2017,51.48627
kor,2018,51.640894
kor,2019,51.767846
kor,2020,51.858482
kor,2021,51.848397
kor,2022,51.782512
kor,2023,51.748739
kwt,1970,0.809114
kwt,1971,0.865076
kwt,1972,0.920352
kwt,1973,0.977654
kwt,1974,1.038346
kwt,1975,1.104863
kwt,1976,1.178711
kwt,1977,1.258023
kwt,1978,1.340319
kwt,1979,1.423514
kwt,1980,1.504782
kwt,1981,1.583426
kwt,1982,1.66248
kwt,1983,1.744295
kwt,1984,1.820688
kwt,1985,1.894242
kwt,1986,1.97252
kwt,1987,2.052994
kwt,1988,2.134707
kwt,1989,2.217468
kwt,1990,1.684819
kwt,1991,1.351399
kwt,1992,1.634961
kwt,1993,1.672151
kwt,1994,1.664361
kwt,1995,1.681513
kwt,1996,1.730246
kwt,1997,1.787683
kwt,1998,1.844302
kwt,1999,1.90003
kwt,2000,1.954709
kwt,2001,2.008121
kwt,2002,2.059974
kwt,2003,2.109881
kwt,2004,2.15732
kwt,2005,2.236788
kwt,2006,2.364733
kwt,2007,2.507887
kwt,2008,2.651421
kwt,2009,2.795484
kwt,2010,2.943372
kwt,2011,3.132814
kwt,2012,3.337025
kwt,2013,3.507746
kwt,2014,3.665766
kwt,2015,3.834454
kwt,2016,4.003971
kwt,2017,4.154685
kwt,2018,4.323387
kwt,2019,4.442194
kwt,2020,4.400144
kwt,2021,4.360742
kwt,2022,4.589511
kwt,2023,4.838782
lao,1970,2.669702
lao,1971,2.734628
lao,1972,2.80166
lao,1973,2.870573
lao,1974,2.939761
lao,1975,3.005521
lao,1976,3.064876
lao,1977,3.118923
lao,1978,3.17174
lao,1979,3.228202
lao,1980,3.292573
lao,1981,3.366631
lao,1982,3.450026
lao,1983,3.541001
lao,1984,3.637843
lao,1985,3.739985
lao,1986,3.846715
lao,1987,3.957612
lao,1988,4.072601
lao,1989,4.190974
lao,1990,4.311955
lao,1991,4.435118
lao,1992,4.559646
lao,1993,4.68506
lao,1994,4.80922
lao,1995,4.929409
lao,1996,5.045678
lao,1997,5.152011
lao,1998,5.248266
lao,1999,5.340784
lao,2000,5.431212
lao,2001,5.521482
lao,2002,5.610889
lao,2003,5.697945
lao,2004,5.781626
lao,2005,5.869523
lao,2006,5.9632
lao,2007,6.056236
lao,2008,6.148969
lao,2009,6.241642
lao,2010,6.334194
lao,2011,6.42659
lao,2012,6.518978
lao,2013,6.611385
lao,2014,6.703172
lao,2015,6.801645
lao,2016,6.908802
lao,2017,7.018147
lao,2018,7.128045
lao,2019,7.237636
lao,2020,7.346533
lao,2021,7.453194
lao,2022,7.559007
lao,2023,7.664993
lbn,1970,2.386114
lbn,1971,2.446314
lbn,1972,2.509729
lbn,1973,2.572935
lbn,1974,2.635185
lbn,1975,2.693191
lbn,1976,2.726469
lbn,1977,2.762155
lbn,1978,2.822682
lbn,1979,2.882635
lbn,1980,2.944763
lbn,1981,3.008981
lbn,1982,3.054931
lbn,1983,3.094996
lbn,1984,3.152744
lbn,1985,3.217376
lbn,1986,3.300365
lbn,1987,3.385555
lbn,1988,3.454649
lbn,1989,3.525285
lbn,1990,3.595175
lbn,1991,3.668912
lbn,1992,3.747371
lbn,1993,3.820647
lbn,1994,3.889799
lbn,1995,3.960735
lbn,1996,4.034781
lbn,1997,4.108405
lbn,1998,4.181281
lbn,1999,4.255277
lbn,2000,4.32934
lbn,2001,4.401918
lbn,2002,4.463504
lbn,2003,4.525508
lbn,2004,4.599279
lbn,2005,4.671102
lbn,2006,4.751136
lbn,2007,4.844118
lbn,2008,4.925354
lbn,2009,4.992287
lbn,2010,5.041288
lbn,2011,5.09602
lbn,2012,5.235742
lbn,2013,5.743436
lbn,2014,6.34699
lbn,2015,6.472469
lbn,2016,6.32306
lbn,2017,6.160128
lbn,2018,5.984119
lbn,2019,5.794594
lbn,2020,5.702398
lbn,2021,5.718122
lbn,2022,5.744489
lbn,2023,5.773493
lbr,1964,1.22667447272727
lbr,1965,1.26462343216783
lbr,1966,1.30359803916084
lbr,1967,1.34359829370629
lbr,1968,1.3846241958042
lbr,1969,1.4256500979021
lbr,1970,1.466676
lbr,1971,1.504077
lbr,1972,1.54267
lbr,1973,1.583588
lbr,1974,1.626362
lbr,1975,1.670913
lbr,1976,1.71706
lbr,1977,1.766019
lbr,1978,1.818247
lbr,1979,1.872713
lbr,1980,1.929253
lbr,1981,1.986867
lbr,1982,2.045073
lbr,1983,2.107113
lbr,1984,2.173312
lbr,1985,2.240539
lbr,1986,2.308511
lbr,1987,2.377229
lbr,1988,2.446941
lbr,1989,2.517858
lbr,1990,2.223667
lbr,1991,1.956518
lbr,1992,2.072461
lbr,1993,2.155126
lbr,1994,2.149928
lbr,1995,2.169162
lbr,1996,2.232289
lbr,1997,2.412989
lbr,1998,2.670124
lbr,1999,2.821684
lbr,2000,2.928117
lbr,2001,3.015338
lbr,2002,3.094782
lbr,2003,3.119532
lbr,2004,3.156892
lbr,2005,3.301015
lbr,2006,3.490787
lbr,2007,3.66905
lbr,2008,3.821003
lbr,2009,3.943028
lbr,2010,4.05889
lbr,2011,4.221178
lbr,2012,4.373043
lbr,2013,4.470239
lbr,2014,4.564293
lbr,2015,4.659431
lbr,2016,4.755608
lbr,2017,4.848925
lbr,2018,4.944726
lbr,2019,5.043721
lbr,2020,5.149463
lbr,2021,5.259323
lbr,2022,5.373294
lbr,2023,5.493031
lca,1970,0.103165
lca,1971,0.104564
lca,1972,0.106002
lca,1973,0.107498
lca,1974,0.109076
lca,1975,0.110725
lca,1976,0.112425
lca,1977,0.114135
lca,1978,0.115834
lca,1979,0.117528
lca,1980,0.11929
lca,1981,0.121166
lca,1982,0.123087
lca,1983,0.125044
lca,1984,0.127067
lca,1985,0.129159
lca,1986,0.131239
lca,1987,0.133227
lca,1988,0.135
lca,1989,0.136512
lca,1990,0.137857
lca,1991,0.13952
lca,1992,0.141617
lca,1993,0.143726
lca,1994,0.14589
lca,1995,0.148208
lca,1996,0.150436
lca,1997,0.152569
lca,1998,0.154677
lca,1999,0.156702
lca,2000,0.158616
lca,2001,0.160237
lca,2002,0.161641
lca,2003,0.162976
lca,2004,0.164239
lca,2005,0.16545
lca,2006,0.166639
lca,2007,0.167758
lca,2008,0.168808
lca,2009,0.169869
lca,2010,0.170906
lca,2011,0.171801
lca,2012,0.172587
lca,2013,0.173369
lca,2014,0.174138
lca,2015,0.174905
lca,2016,0.175646
lca,2017,0.176342
lca,2018,0.177017
lca,2019,0.177661
lca,2020,0.17825
lca,2021,0.178522
lca,2022,0.178781
lca,2023,0.179285
lka,1950,7.33513292176538
lka,1951,7.55126516058912
lka,1952,7.77796361679202
lka,1953,8.01357303858533
lka,1954,8.24640219454103
lka,1955,8.46531330628362
lka,1956,8.6826782782067
lka,1957,8.91025427322608
lka,1958,9.14105441086008
lka,1959,9.38626754317193
lka,1960,9.65297062605622
lka,1961,9.92278920389214
lka,1962,10.1903651825304
lka,1963,10.4531207336593
lka,1964,10.7066598056839
lka,1965,10.9647537220416
lka,1966,11.2303907577711
lka,1967,11.4965078861652
lka,1968,11.7676896671573
lka,1969,12.0317415613421
lka,1970,12.28711
lka,1971,12.55191
lka,1972,12.809205
lka,1973,13.060916
lka,1974,13.305693
lka,1975,13.548984
lka,1976,13.79677
lka,1977,14.049371
lka,1978,14.310128
lka,1979,14.579614
lka,1980,14.847974
lka,1981,15.099414
lka,1982,15.286567
lka,1983,15.388794
lka,1984,15.44186
lka,1985,15.544154
lka,1986,15.731256
lka,1987,15.916576
lka,1988,16.078621
lka,1989,16.248557
lka,1990,16.352458
lka,1991,16.475354
lka,1992,16.739284
lka,1993,17.025918
lka,1994,17.275773
lka,1995,17.564068
lka,1996,17.905018
lka,1997,18.2482
lka,1998,18.596003
lka,1999,18.944731
lka,2000,19.293054
lka,2001,19.600362
lka,2002,19.805752
lka,2003,19.951521
lka,2004,20.087605
lka,2005,20.216524
lka,2006,20.352411
lka,2007,20.492545
lka,2008,20.629378
lka,2009,20.756435
lka,2010,20.879089
lka,2011,21.009048
lka,2012,21.169458
lka,2013,21.358827
lka,2014,21.547456
lka,2015,21.729971
lka,2016,21.910772
lka,2017,22.087522
lka,2018,22.253118
lka,2019,22.410552
lka,2020,22.561807
lka,2021,22.700372
lka,2022,22.834965
lka,2023,22.971617
lso,1960,0.820043404869598
lso,1961,0.836023953992812
lso,1962,0.853083862967066
lso,1963,0.871100843435377
lso,1964,0.890031855361489
lso,1965,0.909739409740693
lso,1966,0.93029802959873
lso,1967,0.951690464762339
lso,1968,0.973672309311349
lso,1969,0.996261496594199
lso,1970,1.019273
lso,1971,1.056246
lso,1972,1.094063
lso,1973,1.132697
lso,1974,1.17242
lso,1975,1.213643
lso,1976,1.253214
lso,1977,1.289967
lso,1978,1.32724
lso,1979,1.366169
lso,1980,1.406521
lso,1981,1.448069
lso,1982,1.490732
lso,1983,1.534413
lso,1984,1.578986
lso,1985,1.624379
lso,1986,1.666138
lso,1987,1.70339
lso,1988,1.739841
lso,1989,1.775436
lso,1990,1.809696
lso,1991,1.842379
lso,1992,1.873274
lso,1993,1.901793
lso,1994,1.927707
lso,1995,1.951437
lso,1996,1.972418
lso,1997,1.98813
lso,1998,1.998049
lso,1999,2.003234
lso,2000,2.003913
lso,2001,2.000853
lso,2002,1.994679
lso,2003,1.985059
lso,2004,1.971129
lso,2005,1.953076
lso,2006,1.945063
lso,2007,1.953268
lso,2008,1.966541
lso,2009,1.980883
lso,2010,1.996251
lso,2011,2.014009
lso,2012,2.034354
lso,2013,2.056504
lso,2014,2.080089
lso,2015,2.104611
lso,2016,2.130422
lso,2017,2.15711
lso,2018,2.183603
lso,2019,2.209405
lso,2020,2.235727
lso,2021,2.261542
lso,2022,2.28611
lso,2023,2.311472
ltu,1990,3.695012
ltu,1991,3.701407
ltu,1992,3.697544
ltu,1993,3.680197
ltu,1994,3.654891
ltu,1995,3.627038
ltu,1996,3.599711
ltu,1997,3.573409
ltu,1998,3.547771
ltu,1999,3.522901
ltu,2000,3.500402
ltu,2001,3.473004
ltu,2002,3.44405
ltu,2003,3.415278
ltu,2004,3.376699
ltu,2005,3.322263
ltu,2006,3.269808
ltu,2007,3.231374
ltu,2008,3.198481
ltu,2009,3.163254
ltu,2010,3.09772
ltu,2011,3.028642
ltu,2012,2.988329
ltu,2013,2.95836
ltu,2014,2.933168
ltu,2015,2.905764
ltu,2016,2.86911
ltu,2017,2.829313
ltu,2018,2.802478
ltu,2019,2.795058
ltu,2020,2.795765
ltu,2021,2.794488
ltu,2022,2.816919
ltu,2023,2.854099
lux,1950,0.295724696668975
lux,1951,0.297563551493389
lux,1952,0.299402406317803
lux,1953,0.301241261142218
lux,1954,0.303080115966632
lux,1955,0.304918970791046
lux,1956,0.30675782561546
lux,1957,0.308596680439874
lux,1958,0.310435535264289
lux,1959,0.312274390088703
lux,1960,0.314115242598867
lux,1961,0.316992595851026
lux,1962,0.320899413220751
lux,1963,0.324250963400699
lux,1964,0.327902673318577
lux,1965,0.331654416604962
lux,1966,0.334050536304902
lux,1967,0.335168047676475
lux,1968,0.336023444787976
lux,1969,0.337657223752901
lux,1970,0.339332
lux,1971,0.341956
lux,1972,0.346072
lux,1973,0.349201
lux,1974,0.351425
lux,1975,0.35368
lux,1976,0.355872
lux,1977,0.358245
lux,1978,0.361046
lux,1979,0.362894
lux,1980,0.363705
lux,1981,0.364485
lux,1982,0.365056
lux,1983,0.36549
lux,1984,0.365897
lux,1985,0.366661
lux,1986,0.368406
lux,1987,0.37079
lux,1988,0.373783
lux,1989,0.377377
lux,1990,0.3817
lux,1991,0.386817
lux,1992,0.391964
lux,1993,0.3972
lux,1994,0.40259
lux,1995,0.408227
lux,1996,0.413776
lux,1997,0.418969
lux,1998,0.424154
lux,1999,0.429897
lux,2000,0.436132
lux,2001,0.441752
lux,2002,0.446389
lux,2003,0.451838
lux,2004,0.458296
lux,2005,0.465363
lux,2006,0.472866
lux,2007,0.48027
lux,2008,0.48899
lux,2009,0.498187
lux,2010,0.50741
lux,2011,0.518584
lux,2012,0.530947
lux,2013,0.543354
lux,2014,0.556279
lux,2015,0.569536
lux,2016,0.583506
lux,2017,0.596495
lux,2018,0.608101
lux,2019,0.620163
lux,2020,0.630597
lux,2021,0.640274
lux,2022,0.653313
lux,2023,0.665098
lva,1990,2.660131
lva,1991,2.64894
lva,1992,2.614827
lva,1993,2.56382
lva,1994,2.521233
lva,1995,2.485949
lva,1996,2.457905
lva,1997,2.433231
lva,1998,2.410209
lva,1999,2.390822
lva,2000,2.368313
lva,2001,2.338301
lva,2002,2.311351
lva,2003,2.288984
lva,2004,2.264174
lva,2005,2.239784
lva,2006,2.219032
lva,2007,2.200776
lva,2008,2.177711
lva,2009,2.142043
lva,2010,2.097831
lva,2011,2.059941
lva,2012,2.034633
lva,2013,2.01301
lva,2014,1.994149
lva,2015,1.977867
lva,2016,1.959863
lva,2017,1.942594
lva,2018,1.927588
lva,2019,1.914263
lva,2020,1.901123
lva,2021,1.885587
lva,2022,1.881063
lva,2023,1.882396
mac,1970,0.257396
mac,1971,0.263459
mac,1972,0.273181
mac,1973,0.250324
mac,1974,0.221387
mac,1975,0.22394
mac,1976,0.227377
mac,1977,0.231539
mac,1978,0.236207
mac,1979,0.241147
mac,1980,0.246097
mac,1981,0.252505
mac,1982,0.261055
mac,1983,0.270503
mac,1984,0.280557
mac,1985,0.291277
mac,1986,0.30267
mac,1987,0.31462
mac,1988,0.326905
mac,1989,0.339223
mac,1990,0.351123
mac,1991,0.362267
mac,1992,0.372248
mac,1993,0.381327
mac,1994,0.390122
mac,1995,0.398693
mac,1996,0.407029
mac,1997,0.415069
mac,1998,0.42281
mac,1999,0.430252
mac,2000,0.437309
mac,2001,0.445125
mac,2002,0.456014
mac,2003,0.469053
mac,2004,0.4822
mac,2005,0.495411
mac,2006,0.508747
mac,2007,0.522275
mac,2008,0.53593
mac,2009,0.549483
mac,2010,0.562806
mac,2011,0.575633
mac,2012,0.587446
mac,2013,0.598743
mac,2014,0.610304
mac,2015,0.622179
mac,2016,0.634312
mac,2017,0.646554
mac,2018,0.658772
mac,2019,0.670974
mac,2020,0.683067
mac,2021,0.694402
mac,2022,0.704356
mac,2023,0.713912
mar,1950,8.88539848836345
mar,1951,9.16140932674935
mar,1952,9.452025333572
mar,1953,9.70550898748196
mar,1954,9.97248228839443
mar,1955,10.2531910137961
mar,1956,10.5449833062287
mar,1957,10.8472442685114
mar,1958,11.1596573827737
mar,1959,11.4825246560382
mar,1960,11.8144739062479
mar,1961,12.1120442369387
mar,1962,12.4166078894015
mar,1963,12.7292486425906
mar,1964,13.0498467820108
mar,1965,13.3766718890469
mar,1966,13.7080724478194
mar,1967,14.0462994536128
mar,1968,14.3952817185027
mar,1969,14.7565492300173
mar,1970,15.129449
mar,1971,15.527225
mar,1972,15.924692
mar,1973,16.326269
mar,1974,16.733842
mar,1975,17.150786
mar,1976,17.574182
mar,1977,18.014756
mar,1978,18.477385
mar,1979,18.955589
mar,1980,19.459943
mar,1981,19.985401
mar,1982,20.520318
mar,1983,21.060696
mar,1984,21.593778
mar,1985,22.113953
mar,1986,22.600803
mar,1987,23.054392
mar,1988,23.500524
mar,1989,23.939414
mar,1990,24.375551
mar,1991,24.799014
mar,1992,25.212468
mar,1993,25.614586
mar,1994,26.000822
mar,1995,26.399429
mar,1996,26.808107
mar,1997,27.213337
mar,1998,27.621648
mar,1999,28.027179
mar,2000,28.423435
mar,2001,28.814643
mar,2002,29.198142
mar,2003,29.571415
mar,2004,29.953018
mar,2005,30.358144
mar,2006,30.771178
mar,2007,31.186468
mar,2008,31.606767
mar,2009,32.030778
mar,2010,32.467016
mar,2011,32.912588
mar,2012,33.355241
mar,2013,33.787571
mar,2014,34.20478
mar,2015,34.607588
mar,2016,35.023457
mar,2017,35.446392
mar,2018,35.83976
mar,2019,36.210898
mar,2020,36.584208
mar,2021,36.954442
mar,2022,37.329064
mar,2023,37.712505
mda,1990,4.451148
mda,1991,4.456609
mda,1992,4.455711
mda,1993,4.448239
mda,1994,4.434456
mda,1995,4.414211
mda,1996,4.387655
mda,1997,4.355538
mda,1998,4.318715
mda,1999,4.278216
mda,2000,4.234967
mda,2001,4.18977
mda,2002,4.14293
mda,2003,4.095419
mda,2004,4.046669
mda,2005,3.988669
mda,2006,3.921316
mda,2007,3.851396
mda,2008,3.779504
mda,2009,3.70621
mda,2010,3.631992
mda,2011,3.557266
mda,2012,3.482626
mda,2013,3.408738
mda,2014,3.342709
mda,2015,3.287164
mda,2016,3.237794
mda,2017,3.193497
mda,2018,3.153773
mda,2019,3.112562
mda,2020,3.069131
mda,2021,3.023778
mda,2022,3.039985
mda,2023,3.06707
mdg,1960,5.40585021253749
mdg,1961,5.51273987833712
mdg,1962,5.6243859955448
mdg,1963,5.74058918349844
mdg,1964,5.86147875748595
mdg,1965,5.98599104048459
mdg,1966,6.11418763359515
mdg,1967,6.24688157730053
mdg,1968,6.38358570564335
mdg,1969,6.52430472099774
mdg,1970,6.672003
mdg,1971,6.868868
mdg,1972,7.074398
mdg,1973,7.288048
mdg,1974,7.509726
mdg,1975,7.739336
mdg,1976,7.976831
mdg,1977,8.22224
mdg,1978,8.475864
mdg,1979,8.737581
mdg,1980,9.006032
mdg,1981,9.279011
mdg,1982,9.557671
mdg,1983,9.843044
mdg,1984,10.13455
mdg,1985,10.433142
mdg,1986,10.736857
mdg,1987,11.047291
mdg,1988,11.369462
mdg,1989,11.704998
mdg,1990,12.055639
mdg,1991,12.421412
mdg,1992,12.80087
mdg,1993,13.197345
mdg,1994,13.61385
mdg,1995,14.051275
mdg,1996,14.510711
mdg,1997,14.990814
mdg,1998,15.489364
mdg,1999,16.000506
mdg,2000,16.516338
mdg,2001,17.032939
mdg,2002,17.549913
mdg,2003,18.071854
mdg,2004,18.606608
mdg,2005,19.159707
mdg,2006,19.730909
mdg,2007,20.318583
mdg,2008,20.92384
mdg,2009,21.54728
mdg,2010,22.18334
mdg,2011,22.8223
mdg,2012,23.462438
mdg,2013,24.10929
mdg,2014,24.764348
mdg,2015,25.426702
mdg,2016,26.099952
mdg,2017,26.788375
mdg,2018,27.494926
mdg,2019,28.219554
mdg,2020,28.953556
mdg,2021,29.691083
mdg,2022,30.437261
mdg,2023,31.195932
mdv,1970,0.123219
mdv,1971,0.127035
mdv,1972,0.130968
mdv,1973,0.134952
mdv,1974,0.138978
mdv,1975,0.143158
mdv,1976,0.147525
mdv,1977,0.15193
mdv,1978,0.156159
mdv,1979,0.16036
mdv,1980,0.164835
mdv,1981,0.169532
mdv,1982,0.174333
mdv,1983,0.179128
mdv,1984,0.184198
mdv,1985,0.190169
mdv,1986,0.196935
mdv,1987,0.203944
mdv,1988,0.210885
mdv,1989,0.217738
mdv,1990,0.224762
mdv,1991,0.231802
mdv,1992,0.238543
mdv,1993,0.244884
mdv,1994,0.250822
mdv,1995,0.256649
mdv,1996,0.262347
mdv,1997,0.267707
mdv,1998,0.272723
mdv,1999,0.277412
mdv,2000,0.282019
mdv,2001,0.286767
mdv,2002,0.291616
mdv,2003,0.296491
mdv,2004,0.301413
mdv,2005,0.306429
mdv,2006,0.313851
mdv,2007,0.324479
mdv,2008,0.33617
mdv,2009,0.348275
mdv,2010,0.360792
mdv,2011,0.373674
mdv,2012,0.386818
mdv,2013,0.40007
mdv,2014,0.413617
mdv,2015,0.428154
mdv,2016,0.443308
mdv,2017,0.458287
mdv,2018,0.473099
mdv,2019,0.487731
mdv,2020,0.502118
mdv,2021,0.516154
mdv,2022,0.524106
mdv,2023,0.525994
mex,1950,27.4271671500077
mex,1951,28.208096742305
mex,1952,29.0246802388905
mex,1953,29.8786972129204
mex,1954,30.7720686484211
mex,1955,31.7068110276686
mex,1956,32.6850473502177
mex,1957,33.7149812830332
mex,1958,34.7995512338036
mex,1959,35.9419894509859
mex,1960,37.1456016432295
mex,1961,38.3566112768284
mex,1962,39.5941290207857
mex,1963,40.8581475290821
mex,1964,42.1486741477367
mex,1965,43.4656941847112
mex,1966,44.8092957922363
mex,1967,46.2128813197088
mex,1968,47.6795471142305
mex,1969,49.2125364432873
mex,1970,50.814953
mex,1971,52.412558
mex,1972,54.030168
mex,1973,55.667284
mex,1974,57.320149
mex,1975,58.9824
mex,1976,60.645512
mex,1977,62.308493
mex,1978,63.979046
mex,1979,65.648865
mex,1980,67.300334
mex,1981,68.892108
mex,1982,70.43326
mex,1983,71.97124
mex,1984,73.506846
mex,1985,75.043414
mex,1986,76.585637
mex,1987,78.136651
mex,1988,79.695531
mex,1989,81.247182
mex,1990,82.82017
mex,1991,84.430572
mex,1992,86.044809
mex,1993,87.653807
mex,1994,89.259205
mex,1995,90.862455
mex,1996,92.452702
mex,1997,94.021207
mex,1998,95.575245
mex,1999,97.115707
mex,2000,98.625552
mex,2001,100.099099
mex,2002,101.548624
mex,2003,102.978515
mex,2004,104.394131
mex,2005,105.811504
mex,2006,107.253666
mex,2007,108.77436
mex,2008,110.374288
mex,2009,111.999721
mex,2010,113.623895
mex,2011,115.243504
mex,2012,116.818208
mex,2013,118.343573
mex,2014,119.784261
mex,2015,121.072306
mex,2016,122.251351
mex,2017,123.400057
mex,2018,124.573711
mex,2019,125.762982
mex,2020,126.799054
mex,2021,127.648148
mex,2022,128.613117
mex,2023,129.739759
mkd,1990,2.063689
mkd,1991,2.055994
mkd,1992,2.032523
mkd,1993,2.006854
mkd,1994,1.992666
mkd,1995,1.998534
mkd,1996,2.012553
mkd,1997,2.025755
mkd,1998,2.037568
mkd,1999,2.048087
mkd,2000,2.057253
mkd,2001,2.066301
mkd,2002,2.074484
mkd,2003,2.081411
mkd,2004,2.086581
mkd,2005,2.089807
mkd,2006,2.089233
mkd,2007,2.081972
mkd,2008,2.070834
mkd,2009,2.060599
mkd,2010,2.051505
mkd,2011,2.040446
mkd,2012,2.027289
mkd,2013,2.01328
mkd,2014,1.997833
mkd,2015,1.980366
mkd,2016,1.961259
mkd,2017,1.940879
mkd,2018,1.919728
mkd,2019,1.897641
mkd,2020,1.872015
mkd,2021,1.851108
mkd,2022,1.840233
mkd,2023,1.831802
mli,1960,5.08668733392492
mli,1961,5.18900767549659
mli,1962,5.29468185348442
mli,1963,5.40383182557628
mli,1964,5.5165844061821
mli,1965,5.63306910789075
mli,1966,5.7534251567353
mli,1967,5.8777906994772
mli,1968,6.00631629450102
mli,1969,6.13915519837028
mli,1970,6.276472
mli,1971,6.377944
mli,1972,6.483726
mli,1973,6.597106
mli,1974,6.715436
mli,1975,6.837261
mli,1976,6.960979
mli,1977,7.090979
mli,1978,7.229651
mli,1979,7.375266
mli,1980,7.530515
mli,1981,7.692766
mli,1982,7.860194
mli,1983,8.0344
mli,1984,8.208599
mli,1985,8.374663
mli,1986,8.531277
mli,1987,8.681164
mli,1988,8.833996
mli,1989,8.999938
mli,1990,9.17883
mli,1991,9.362888
mli,1992,9.55354
mli,1993,9.754786
mli,1994,9.967031
mli,1995,10.185365
mli,1996,10.407278
mli,1997,10.646495
mli,1998,10.919573
mli,1999,11.227415
mli,2000,11.55929
mli,2001,11.912158
mli,2002,12.28805
mli,2003,12.684955
mli,2004,13.102409
mli,2005,13.538647
mli,2006,13.990139
mli,2007,14.457775
mli,2008,14.940782
mli,2009,15.435539
mli,2010,15.945198
mli,2011,16.469049
mli,2012,16.957033
mli,2013,17.459615
mli,2014,18.020267
mli,2015,18.593022
mli,2016,19.191289
mli,2017,19.813011
mli,2018,20.44203
mli,2019,21.068405
mli,2020,21.713836
mli,2021,22.38863
mli,2022,23.07264
mli,2023,23.769127
mlt,1954,0.337846382838284
mlt,1955,0.337846382838284
mlt,1956,0.337846382838284
mlt,1957,0.337846382838284
mlt,1958,0.336770438943894
mlt,1959,0.336770438943894
mlt,1960,0.335694495049505
mlt,1961,0.334618551155116
mlt,1962,0.332466663366337
mlt,1963,0.331390719471947
mlt,1964,0.329238831683168
mlt,1965,0.328162887788779
mlt,1966,0.327086943894389
mlt,1967,0.327086943894389
mlt,1968,0.326011
mlt,1969,0.326011
mlt,1970,0.326011
mlt,1971,0.327293
mlt,1972,0.328609
mlt,1973,0.330053
mlt,1974,0.331679
mlt,1975,0.33345
mlt,1976,0.335286
mlt,1977,0.337161
mlt,1978,0.339061
mlt,1979,0.340971
mlt,1980,0.342877
mlt,1981,0.344752
mlt,1982,0.346644
mlt,1983,0.348591
mlt,1984,0.350551
mlt,1985,0.352566
mlt,1986,0.355077
mlt,1987,0.35808
mlt,1988,0.361224
mlt,1989,0.364522
mlt,1990,0.367908
mlt,1991,0.371332
mlt,1992,0.374795
mlt,1993,0.378217
mlt,1994,0.381454
mlt,1995,0.38455
mlt,1996,0.387624
mlt,1997,0.390679
mlt,1998,0.393774
mlt,1999,0.396889
mlt,2000,0.399895
mlt,2001,0.402784
mlt,2002,0.405565
mlt,2003,0.408226
mlt,2004,0.410798
mlt,2005,0.41332
mlt,2006,0.415454
mlt,2007,0.417197
mlt,2008,0.418969
mlt,2009,0.420795
mlt,2010,0.422651
mlt,2011,0.424628
mlt,2012,0.426611
mlt,2013,0.428452
mlt,2014,0.434485
mlt,2015,0.444981
mlt,2016,0.455269
mlt,2017,0.467902
mlt,2018,0.484558
mlt,2019,0.504015
mlt,2020,0.518207
mlt,2021,0.524376
mlt,2022,0.528192
mlt,2023,0.532956
mmr,1962,22.6634214702875
mmr,1963,23.1608735298262
mmr,1964,23.674804332538
mmr,1965,24.2083036427679
mmr,1966,24.7603415390675
mmr,1967,25.3319479428853
mmr,1968,25.9251826971178
mmr,1969,26.5451954090066
mmr,1970,27.193016
mmr,1971,27.807219
mmr,1972,28.428324
mmr,1973,29.026388
mmr,1974,29.598167
mmr,1975,30.176565
mmr,1976,30.758811
mmr,1977,31.355966
mmr,1978,31.972976
mmr,1979,32.59655
mmr,1980,33.227204
mmr,1981,33.858783
mmr,1982,34.482965
mmr,1983,35.162715
mmr,1984,35.899313
mmr,1985,36.622827
mmr,1986,37.314878
mmr,1987,37.971594
mmr,1988,38.600927
mmr,1989,39.214618
mmr,1990,39.817251
mmr,1991,40.394154
mmr,1992,40.950342
mmr,1993,41.502429
mmr,1994,42.055143
mmr,1995,42.605338
mmr,1996,43.15486
mmr,1997,43.708798
mmr,1998,44.257793
mmr,1999,44.787724
mmr,2000,45.290841
mmr,2001,45.771139
mmr,2002,46.232653
mmr,2003,46.667192
mmr,2004,47.068772
mmr,2005,47.438365
mmr,2006,47.785135
mmr,2007,48.125043
mmr,2008,48.390793
mmr,2009,48.660459
mmr,2010,49.024382
mmr,2011,49.41982
mmr,2012,49.837446
mmr,2013,50.262658
mmr,2014,50.681634
mmr,2015,51.089056
mmr,2016,51.495696
mmr,2017,51.894938
mmr,2018,52.272247
mmr,2019,52.640713
mmr,2020,53.016522
mmr,2021,53.387102
mmr,2022,53.756787
mmr,2023,54.133798
mne,1990,0.620497
mne,1991,0.623559
mne,1992,0.626019
mne,1993,0.628099
mne,1994,0.629878
mne,1995,0.631381
mne,1996,0.63262
mne,1997,0.633533
mne,1998,0.634091
mne,1999,0.634283
mne,2000,0.634193
mne,2001,0.633991
mne,2002,0.633766
mne,2003,0.633559
mne,2004,0.633754
mne,2005,0.63405
mne,2006,0.633871
mne,2007,0.633379
mne,2008,0.632845
mne,2009,0.632438
mne,2010,0.632088
mne,2011,0.632688
mne,2012,0.63354
mne,2013,0.633202
mne,2014,0.631375
mne,2015,0.628145
mne,2016,0.624249
mne,2017,0.620114
mne,2018,0.615795
mne,2019,0.611667
mne,2020,0.607935
mne,2021,0.603851
mne,2022,0.614648
mne,2023,0.633552
mng,1970,1.295272
mng,1971,1.330071
mng,1972,1.366821
mng,1973,1.405502
mng,1974,1.44605
mng,1975,1.488296
mng,1976,1.531945
mng,1977,1.576245
mng,1978,1.619468
mng,1979,1.660659
mng,1980,1.701335
mng,1981,1.742857
mng,1982,1.785364
mng,1983,1.829092
mng,1984,1.874349
mng,1985,1.921514
mng,1986,1.970965
mng,1987,2.0228
mng,1988,2.076322
mng,1989,2.124185
mng,1990,2.164573
mng,1991,2.202768
mng,1992,2.239123
mng,1993,2.273512
mng,1994,2.305744
mng,1995,2.335715
mng,1996,2.363465
mng,1997,2.389128
mng,1998,2.412784
mng,1999,2.43404
mng,2000,2.455182
mng,2001,2.4777
mng,2002,2.500075
mng,2003,2.521805
mng,2004,2.542793
mng,2005,2.563461
mng,2006,2.584756
mng,2007,2.607965
mng,2008,2.634424
mng,2009,2.665326
mng,2010,2.701732
mng,2011,2.74518
mng,2012,2.795459
mng,2013,2.851881
mng,2014,2.913039
mng,2015,2.976526
mng,2016,3.040812
mng,2017,3.104364
mng,2018,3.167706
mng,2019,3.232113
mng,2020,3.290785
mng,2021,3.339674
mng,2022,3.386015
mng,2023,3.431932
moz,1960,6.62588084857463
moz,1961,6.76369013794768
moz,1962,6.90672177288408
moz,1963,7.05575164230853
moz,1964,7.20670241820973
moz,1965,7.36117492645626
moz,1966,7.5251627504309
moz,1967,7.69765786877318
moz,1968,7.87741378527059
moz,1969,8.06289309821733
moz,1970,8.250506
moz,1971,8.456317
moz,1972,8.692935
moz,1973,8.954242
moz,1974,9.236093
moz,1975,9.540817
moz,1976,9.867209
moz,1977,10.224975
moz,1978,10.61825
moz,1979,11.028809
moz,1980,11.336221
moz,1981,11.568127
moz,1982,11.82437
moz,1983,12.073822
moz,1984,12.315954
moz,1985,12.548949
moz,1986,12.770578
moz,1987,12.822574
moz,1988,12.800558
moz,1989,12.906842
moz,1990,13.094537
moz,1991,13.35209
moz,1992,13.613316
moz,1993,14.051192
moz,1994,15.033853
moz,1995,15.96053
moz,1996,16.49248
moz,1997,16.949982
moz,1998,17.340464
moz,1999,17.734506
moz,2000,18.129653
moz,2001,18.537729
moz,2002,18.958338
moz,2003,19.392475
moz,2004,19.840313
moz,2005,20.304569
moz,2006,20.787087
moz,2007,21.287635
moz,2008,21.819036
moz,2009,22.391745
moz,2010,22.999235
moz,2011,23.649039
moz,2012,24.337846
moz,2013,25.051611
moz,2014,25.788475
moz,2015,26.547572
moz,2016,27.337105
moz,2017,28.166393
moz,2018,29.018644
moz,2019,29.88438
moz,2020,30.783688
moz,2021,31.7078
moz,2022,32.656246
moz,2023,33.63516
mrt,1960,0.953061677098535
mrt,1961,0.965382542796016
mrt,1962,0.978122123110018
mrt,1963,0.991293331288791
mrt,1964,1.00500699757323
mrt,1965,1.01928101748847
mrt,1966,1.03413420167173
mrt,1967,1.04958617419319
mrt,1968,1.06565655912302
mrt,1969,1.08238887512461
mrt,1970,1.099806
mrt,1971,1.133702
mrt,1972,1.168355
mrt,1973,1.203838
mrt,1974,1.240188
mrt,1975,1.27733
mrt,1976,1.315336
mrt,1977,1.353768
mrt,1978,1.392713
mrt,1979,1.432758
mrt,1980,1.474043
mrt,1981,1.516877
mrt,1982,1.561176
mrt,1983,1.606746
mrt,1984,1.653693
mrt,1985,1.702107
mrt,1986,1.751835
mrt,1987,1.803014
mrt,1988,1.855859
mrt,1989,1.903048
mrt,1990,1.951878
mrt,1991,2.009738
mrt,1992,2.088135
mrt,1993,2.174328
mrt,1994,2.249454
mrt,1995,2.312017
mrt,1996,2.358188
mrt,1997,2.411306
mrt,1998,2.474651
mrt,1999,2.541698
mrt,2000,2.613441
mrt,2001,2.67876
mrt,2002,2.738655
mrt,2003,2.802046
mrt,2004,2.868664
mrt,2005,2.939059
mrt,2006,3.01366
mrt,2007,3.093059
mrt,2008,3.183269
mrt,2009,3.284448
mrt,2010,3.390965
mrt,2011,3.502811
mrt,2012,3.619034
mrt,2013,3.734318
mrt,2014,3.848514
mrt,2015,3.965959
mrt,2016,4.086657
mrt,2017,4.2106
mrt,2018,4.337685
mrt,2019,4.467708
mrt,2020,4.600131
mrt,2021,4.734874
mrt,2022,4.875637
mrt,2023,5.022441
msr,1970,0.011332
msr,1971,0.011338
msr,1972,0.01135
msr,1973,0.011366
msr,1974,0.011389
msr,1975,0.011409
msr,1976,0.011422
msr,1977,0.011434
msr,1978,0.011437
msr,1979,0.011409
msr,1980,0.011339
msr,1981,0.011253
msr,1982,0.011181
msr,1983,0.01112
msr,1984,0.011056
msr,1985,0.010995
msr,1986,0.010944
msr,1987,0.010895
msr,1988,0.010846
msr,1989,0.010777
msr,1990,0.010677
msr,1991,0.010437
msr,1992,0.009987
msr,1993,0.009431
msr,1994,0.008844
msr,1995,0.008235
msr,1996,0.007604
msr,1997,0.006958
msr,1998,0.006301
msr,1999,0.005659
msr,2000,0.005029
msr,2001,0.00459
msr,2002,0.004476
msr,2003,0.00449
msr,2004,0.004515
msr,2005,0.004547
msr,2006,0.004582
msr,2007,0.004623
msr,2008,0.004677
msr,2009,0.004735
msr,2010,0.004794
msr,2011,0.004822
msr,2012,0.004796
msr,2013,0.004753
msr,2014,0.004711
msr,2015,0.004673
msr,2016,0.004638
msr,2017,0.004603
msr,2018,0.004569
msr,2019,0.00454
msr,2020,0.004508
msr,2021,0.004479
msr,2022,0.004453
msr,2023,0.00442
mus,1950,0.480216956981968
mus,1951,0.497502070990743
mus,1952,0.515425789529194
mus,1953,0.534884091851302
mus,1954,0.552764899733813
mus,1955,0.57041815921767
mus,1956,0.590469181702083
mus,1957,0.608481725000961
mus,1958,0.626286643767768
mus,1959,0.643901066580345
mus,1960,0.66177783021531
mus,1961,0.679793347225618
mus,1962,0.69948217165781
mus,1963,0.713575244342969
mus,1964,0.734571193371505
mus,1965,0.753874862699232
mus,1966,0.772466149716693
mus,1967,0.787582000711222
mus,1968,0.802417430717865
mus,1969,0.814241502107404
mus,1970,0.827696
mus,1971,0.841106
mus,1972,0.853604
mus,1973,0.865144
mus,1974,0.876463
mus,1975,0.888023
mus,1976,0.899852
mus,1977,0.912147
mus,1978,0.925277
mus,1979,0.939387
mus,1980,0.954216
mus,1981,0.969218
mus,1982,0.98361
mus,1983,0.997366
mus,1984,1.011238
mus,1985,1.025063
mus,1986,1.038344
mus,1987,1.051111
mus,1988,1.063593
mus,1989,1.075982
mus,1990,1.089024
mus,1991,1.103041
mus,1992,1.11767
mus,1993,1.132393
mus,1994,1.146548
mus,1995,1.159821
mus,1996,1.172383
mus,1997,1.184299
mus,1998,1.195105
mus,1999,1.205891
mus,2000,1.216629
mus,2001,1.225801
mus,2002,1.234085
mus,2003,1.242099
mus,2004,1.2498
mus,2005,1.257215
mus,2006,1.263781
mus,2007,1.269518
mus,2008,1.274635
mus,2009,1.278972
mus,2010,1.282709
mus,2011,1.286267
mus,2012,1.28917
mus,2013,1.290984
mus,2014,1.292005
mus,2015,1.292275
mus,2016,1.291803
mus,2017,1.290655
mus,2018,1.288833
mus,2019,1.28627
mus,2020,1.283223
mus,2021,1.279623
mus,2022,1.27613
mus,2023,1.273588
mwi,1954,3.11326354654001
mwi,1955,3.17438798320135
mwi,1956,3.2399242802884
mwi,1957,3.31118702614265
mwi,1958,3.386697431418
mwi,1959,3.46415864265872
mwi,1960,3.5467934109257
mwi,1961,3.63068443941612
mwi,1962,3.72993242813296
mwi,1963,3.83044893087955
mwi,1964,3.92275954968912
mwi,1965,4.02339123821508
mwi,1966,4.13533711118795
mwi,1967,4.26750274488536
mwi,1968,4.39201808222409
mwi,1969,4.51564771444235
mwi,1970,4.633944
mwi,1971,4.751434
mwi,1972,4.874475
mwi,1973,5.003938
mwi,1974,5.141337
mwi,1975,5.287367
mwi,1976,5.443384
mwi,1977,5.614983
mwi,1978,5.810132
mwi,1979,6.028749
mwi,1980,6.265529
mwi,1981,6.516454
mwi,1982,6.778879
mwi,1983,7.051709
mwi,1984,7.33281
mwi,1985,7.620508
mwi,1986,7.90648
mwi,1987,8.293174
mwi,1988,8.753262
mwi,1989,9.17622
mwi,1990,9.545852
mwi,1991,9.844227
mwi,1992,10.135079
mwi,1993,10.284024
mwi,1994,10.164894
mwi,1995,10.150117
mwi,1996,10.352228
mwi,1997,10.562035
mwi,1998,10.792876
mwi,1999,11.047804
mwi,2000,11.315942
mwi,2001,11.593058
mwi,2002,11.88044
mwi,2003,12.181574
mwi,2004,12.500737
mwi,2005,12.840031
mwi,2006,13.198701
mwi,2007,13.576343
mwi,2008,13.976417
mwi,2009,14.395788
mwi,2010,14.826463
mwi,2011,15.265022
mwi,2012,15.709577
mwi,2013,16.161816
mwi,2014,16.621538
mwi,2015,17.085587
mwi,2016,17.557739
mwi,2017,18.039715
mwi,2018,18.528081
mwi,2019,19.025752
mwi,2020,19.533888
mwi,2021,20.047258
mwi,2022,20.568728
mwi,2023,21.104482
mys,1955,6.82154659664231
mys,1956,7.01554918832002
mys,1957,7.22040127644303
mys,1958,7.43189883684337
mys,1959,7.64627559771092
mys,1960,7.86345148239483
mys,1961,8.08261148853791
mys,1962,8.30930670752298
mys,1963,8.53514421660373
mys,1964,8.76746348569792
mys,1965,9.00088069464889
mys,1966,9.23612632046021
mys,1967,9.4741007805833
mys,1968,9.71150313752332
mys,1969,9.94750860177684
mys,1970,10.178802
mys,1971,10.423453
mys,1972,10.676835
mys,1973,10.935621
mys,1974,11.200906
mys,1975,11.471914
mys,1976,11.750097
mys,1977,12.035713
mys,1978,12.328157
mys,1979,12.627862
mys,1980,12.983363
mys,1981,13.399203
mys,1982,13.832798
mys,1983,14.285907
mys,1984,14.759009
mys,1985,15.252258
mys,1986,15.760419
mys,1987,16.276737
mys,1988,16.796605
mys,1989,17.314997
mys,1990,17.833171
mys,1991,18.342464
mys,1992,18.834572
mys,1993,19.322664
mys,1994,19.820446
mys,1995,20.330599
mys,1996,20.850087
mys,1997,21.375218
mys,1998,21.906713
mys,1999,22.435531
mys,2000,22.967816
mys,2001,23.526538
mys,2002,24.102477
mys,2003,24.679602
mys,2004,25.256772
mys,2005,25.836071
mys,2006,26.417909
mys,2007,26.998389
mys,2008,27.570059
mys,2009,28.124778
mys,2010,28.655776
mys,2011,29.162039
mys,2012,29.662831
mys,2013,30.174265
mys,2014,30.696137
mys,2015,31.232798
mys,2016,31.789685
mys,2017,32.355644
mys,2018,32.910967
mys,2019,33.440596
mys,2020,33.889558
mys,2021,34.282399
mys,2022,34.695493
mys,2023,35.126298
nam,1960,0.585466311480669
nam,1961,0.600431739523396
nam,1962,0.615854041521984
nam,1963,0.631747099733952
nam,1964,0.648121842745002
nam,1965,0.665001072901522
nam,1966,0.682402630381257
nam,1967,0.700342287791681
nam,1968,0.718839952880807
nam,1969,0.737981813792106
nam,1970,0.757868
nam,1971,0.780584
nam,1972,0.804399
nam,1973,0.828928
nam,1974,0.85432
nam,1975,0.881032
nam,1976,0.906566
nam,1977,0.931104
nam,1978,0.947269
nam,1979,0.962825
nam,1980,0.981434
nam,1981,0.9925
nam,1982,1.010308
nam,1983,1.037511
nam,1984,1.065989
nam,1985,1.09689
nam,1986,1.131081
nam,1987,1.167889
nam,1988,1.209696
nam,1989,1.288947
nam,1990,1.369303
nam,1991,1.415684
nam,1992,1.461322
nam,1993,1.508697
nam,1994,1.556304
nam,1995,1.60217
nam,1996,1.646103
nam,1997,1.689264
nam,1998,1.732745
nam,1999,1.776368
nam,2000,1.818647
nam,2001,1.857048
nam,2002,1.88997
nam,2003,1.917464
nam,2004,1.942082
nam,2005,1.966582
nam,2006,1.991888
nam,2007,2.0186
nam,2008,2.047056
nam,2009,2.077394
nam,2010,2.109811
nam,2011,2.146325
nam,2012,2.194654
nam,2013,2.252508
nam,2014,2.312139
nam,2015,2.3743
nam,2016,2.439213
nam,2017,2.506853
nam,2018,2.577327
nam,2019,2.650494
nam,2020,2.728762
nam,2021,2.810548
nam,2022,2.889662
nam,2023,2.963095
ner,1960,3.75890005724163
ner,1961,3.8356014725614
ner,1962,3.91582566176475
ner,1963,3.99932822955038
ner,1964,4.08501867354771
ner,1965,4.17296341797171
ner,1966,4.2632270546452
ner,1967,4.35587875637137
ner,1968,4.4509890702475
ner,1969,4.54908664140512
ner,1970,4.650275
ner,1971,4.776225
ner,1972,4.904845
ner,1973,5.037865
ner,1974,5.174953
ner,1975,5.317019
ner,1976,5.464962
ner,1977,5.619716
ner,1978,5.782932
ner,1979,5.955556
ner,1980,6.135971
ner,1981,6.322006
ner,1982,6.512732
ner,1983,6.708644
ner,1984,6.909971
ner,1985,7.118457
ner,1986,7.335811
ner,1987,7.56115
ner,1988,7.793748
ner,1989,8.03478
ner,1990,8.286059
ner,1991,8.5469
ner,1992,8.817633
ner,1993,9.100789
ner,1994,9.398258
ner,1995,9.714529
ner,1996,10.044852
ner,1997,10.383969
ner,1998,10.741413
ner,1999,11.117411
ner,2000,11.50963
ner,2001,11.920647
ner,2002,12.349144
ner,2003,12.796984
ner,2004,13.265836
ner,2005,13.756192
ner,2006,14.268581
ner,2007,14.80361
ner,2008,15.361915
ner,2009,15.943675
ner,2010,16.548835
ner,2011,17.176283
ner,2012,17.836769
ner,2013,18.519898
ner,2014,19.215909
ner,2015,19.939498
ner,2016,20.685753
ner,2017,21.435446
ner,2018,22.188069
ner,2019,22.947757
ner,2020,23.717613
ner,2021,24.50214
ner,2022,25.311973
ner,2023,26.159867
nga,1950,31.9732421595727
nga,1951,32.6722449695832
nga,1952,33.3918731362022
nga,1953,34.1328094404372
nga,1954,35.1270574983858
nga,1955,36.1526559449454
nga,1956,37.2103872931808
nga,1957,38.3009995335212
nga,1958,39.4251946262157
nga,1959,40.5837589201773
nga,1960,41.7778431699127
nga,1961,43.0086978619858
nga,1962,44.2773586754526
nga,1963,45.5845736007426
nga,1964,46.9342091729982
nga,1965,48.3305346914394
nga,1966,49.7655524122445
nga,1967,51.2311034859609
nga,1968,52.7358492581759
nga,1969,54.2893985290204
nga,1970,55.893838
nga,1971,57.214684
nga,1972,58.601748
nga,1973,60.082139
nga,1974,61.679144
nga,1975,63.410815
nga,1976,65.258009
nga,1977,67.23459
nga,1978,69.326532
nga,1979,71.498242
nga,1980,73.764641
nga,1981,76.068103
nga,1982,78.378701
nga,1983,80.43826
nga,1984,82.526443
nga,1985,84.897973
nga,1986,87.235953
nga,1987,89.591716
nga,1988,92.02009
nga,1989,94.531014
nga,1990,97.120925
nga,1991,99.720162
nga,1992,102.37277
nga,1993,105.122069
nga,1994,107.935714
nga,1995,110.819428
nga,1996,113.754779
nga,1997,116.754792
nga,1998,119.846254
nga,1999,123.04732
nga,2000,126.382494
nga,2001,129.862595
nga,2002,133.471989
nga,2003,137.202644
nga,2004,141.057045
nga,2005,145.017253
nga,2006,149.077334
nga,2007,153.267261
nga,2008,157.595014
nga,2009,162.049464
nga,2010,166.642886
nga,2011,171.379598
nga,2012,176.200625
nga,2013,181.049443
nga,2014,185.896915
nga,2015,190.671878
nga,2016,195.4437
nga,2017,200.254579
nga,2018,204.938755
nga,2019,209.485641
nga,2020,213.996181
nga,2021,218.529286
nga,2022,223.150896
nga,2023,227.882945
nic,1950,1.2961094612306
nic,1951,1.33552813191152
nic,1952,1.37623587744834
nic,1953,1.41840874943983
nic,1954,1.4622249104152
nic,1955,1.5078612563454
nic,1956,1.55519887148225
nic,1957,1.60412066955065
nic,1958,1.65480270214935
nic,1959,1.70742200597799
nic,1960,1.7621566028371
nic,1961,1.81896441484655
nic,1962,1.87772821500253
nic,1963,1.93850837591564
nic,1964,2.00136738112694
nic,1965,2.06636785490616
nic,1966,2.13334092281804
nic,1967,2.20224422552507
nic,1968,2.27333149686624
nic,1969,2.34685534485098
nic,1970,2.423065
nic,1971,2.499825
nic,1972,2.573578
nic,1973,2.649278
nic,1974,2.732075
nic,1975,2.816943
nic,1976,2.903851
nic,1977,2.992534
nic,1978,3.080314
nic,1979,3.164525
nic,1980,3.252403
nic,1981,3.345674
nic,1982,3.438745
nic,1983,3.530282
nic,1984,3.619104
nic,1985,3.706479
nic,1986,3.794157
nic,1987,3.882164
nic,1988,3.97232
nic,1989,4.066476
nic,1990,4.162559
nic,1991,4.259637
nic,1992,4.357026
nic,1993,4.453732
nic,1994,4.549316
nic,1995,4.642931
nic,1996,4.729974
nic,1997,4.809573
nic,1998,4.883655
nic,1999,4.954018
nic,2000,5.022633
nic,2001,5.087825
nic,2002,5.149909
nic,2003,5.210963
nic,2004,5.272912
nic,2005,5.342105
nic,2006,5.418855
nic,2007,5.497243
nic,2008,5.576593
nic,2009,5.656601
nic,2010,5.73745
nic,2011,5.819051
nic,2012,5.901287
nic,2013,5.983845
nic,2014,6.066492
nic,2015,6.149417
nic,2016,6.232666
nic,2017,6.316231
nic,2018,6.40008
nic,2019,6.483657
nic,2020,6.565267
nic,2021,6.644741
nic,2022,6.730654
nic,2023,6.823613
nld,1950,10.1288483067928
nld,1951,10.2798602679864
nld,1952,10.3977152717027
nld,1953,10.5090802415414
nld,1954,10.6314615543887
nld,1955,10.767128573084
nld,1956,10.9058471971124
nld,1957,11.0430872968667
nld,1958,11.2038223698886
nld,1959,11.364829651837
nld,1960,11.5034002324142
nld,1961,11.656344399426
nld,1962,11.8235733268017
nld,1963,11.9840934980396
nld,1964,12.1454914236755
nld,1965,12.310620999401
nld,1966,12.4736674605
nld,1967,12.6159047430722
nld,1968,12.7439565976606
nld,1969,12.8925014863737
nld,1970,13.052078
nld,1971,13.208354
nld,1972,13.342772
nld,1973,13.453744
nld,1974,13.559669
nld,1975,13.680035
nld,1976,13.786637
nld,1977,13.868604
nld,1978,13.953921
nld,1979,14.050169
nld,1980,14.162686
nld,1981,14.262689
nld,1982,14.3339
nld,1983,14.396901
nld,1984,14.462807
nld,1985,14.538959
nld,1986,14.626494
nld,1987,14.724947
nld,1988,14.825923
nld,1989,14.921111
nld,1990,15.030878
nld,1991,15.15509
nld,1992,15.276785
nld,1993,15.38972
nld,1994,15.485449
nld,1995,15.565032
nld,1996,15.640027
nld,1997,15.723622
nld,1998,15.827107
nld,1999,15.940184
nld,2000,16.05876
nld,2001,16.182705
nld,2002,16.288051
nld,2003,16.366912
nld,2004,16.425566
nld,2005,16.46571
nld,2006,16.493852
nld,2007,16.531357
nld,2008,16.597258
nld,2009,16.68415
nld,2010,16.771235
nld,2011,16.851057
nld,2012,16.915194
nld,2013,16.967063
nld,2014,17.030089
nld,2015,17.107433
nld,2016,17.204693
nld,2017,17.31537
nld,2018,17.42128
nld,2019,17.537507
nld,2020,17.636731
nld,2021,17.730564
nld,2022,17.904421
nld,2023,18.092524
nor,1950,3.26340719635096
nor,1951,3.29413604132274
nor,1952,3.3259762851883
nor,1953,3.35911880069933
nor,1954,3.39245933775427
nor,1955,3.42560471278218
nor,1956,3.45817055905588
nor,1957,3.49009992453085
nor,1958,3.52113855049789
nor,1959,3.550980706944
nor,1960,3.57935378659333
nor,1961,3.60789986701387
nor,1962,3.63700355322588
nor,1963,3.66460980576539
nor,1964,3.69239430152372
nor,1965,3.72119321089501
nor,1966,3.75165206981476
nor,1967,3.78402609016447
nor,1968,3.81697272876927
nor,1969,3.84894975285889
nor,1970,3.875345
nor,1971,3.902751
nor,1972,3.932909
nor,1973,3.960593
nor,1974,3.98528
nor,1975,4.007365
nor,1976,4.02622
nor,1977,4.043262
nor,1978,4.058673
nor,1979,4.0725
nor,1980,4.085604
nor,1981,4.099672
nor,1982,4.114736
nor,1983,4.128336
nor,1984,4.139972
nor,1985,4.1524
nor,1986,4.167252
nor,1987,4.186824
nor,1988,4.20947
nor,1989,4.226913
nor,1990,4.24144
nor,1991,4.261623
nor,1992,4.286261
nor,1993,4.311862
nor,1994,4.336467
nor,1995,4.358993
nor,1996,4.381135
nor,1997,4.404986
nor,1998,4.431313
nor,1999,4.461787
nor,2000,4.490867
nor,2001,4.513657
nor,2002,4.538014
nor,2003,4.564669
nor,2004,4.591743
nor,2005,4.623124
nor,2006,4.660494
nor,2007,4.70901
nor,2008,4.768101
nor,2009,4.828623
nor,2010,4.889162
nor,2011,4.952968
nor,2012,5.018458
nor,2013,5.080124
nor,2014,5.137395
nor,2015,5.189771
nor,2016,5.235983
nor,2017,5.276802
nor,2018,5.311752
nor,2019,5.34773
nor,2020,5.379274
nor,2021,5.408091
nor,2022,5.456801
nor,2023,5.519167
npl,1960,10.4704332443805
npl,1961,10.6180508328156
npl,1962,10.7806772592209
npl,1963,10.9562566819704
npl,1964,11.1407629949558
npl,1965,11.3340419603013
npl,1966,11.5375941632788
npl,1967,11.7506752817508
npl,1968,11.971283208577
npl,1969,12.1996925866852
npl,1970,12.43619
npl,1971,12.710061
npl,1972,12.989099
npl,1973,13.275239
npl,1974,13.568435
npl,1975,13.870695
npl,1976,14.177649
npl,1977,14.499175
npl,1978,14.839695
npl,1979,15.19059
npl,1980,15.553105
npl,1981,15.922423
npl,1982,16.297987
npl,1983,16.689119
npl,1984,17.085242
npl,1985,17.477692
npl,1986,17.868124
npl,1987,18.250505
npl,1988,18.638661
npl,1989,19.057807
npl,1990,19.524573
npl,1991,20.0365
npl,1992,20.609707
npl,1993,21.180159
npl,1994,21.717479
npl,1995,22.245439
npl,1996,22.741862
npl,1997,23.219463
npl,1998,23.680357
npl,1999,24.125199
npl,2000,24.546509
npl,2001,24.946748
npl,2002,25.328981
npl,2003,25.688758
npl,2004,26.016656
npl,2005,26.309458
npl,2006,26.565425
npl,2007,26.788492
npl,2008,26.990037
npl,2009,27.173035
npl,2010,27.341952
npl,2011,27.464494
npl,2012,27.534915
npl,2013,27.589996
npl,2014,27.67237
npl,2015,27.823629
npl,2016,27.955462
npl,2017,28.011258
npl,2018,28.079689
npl,2019,28.414064
npl,2020,28.966574
npl,2021,29.47501
npl,2022,29.715436
npl,2023,29.694614
nzl,1950,1.90434714454129
nzl,1951,1.94334494172847
nzl,1952,1.99065150215239
nzl,1953,2.0431392029069
nzl,1954,2.08843293081886
nzl,1955,2.13173190840218
nzl,1956,2.17376537107637
nzl,1957,2.22477735154064
nzl,1958,2.2767950344905
nzl,1959,2.32628097385173
nzl,1960,2.36682075301409
nzl,1961,2.42739868430295
nzl,1962,2.48338207556361
nzl,1963,2.53607236814838
nzl,1964,2.5865673409237
nzl,1965,2.63491671989372
nzl,1966,2.6819689401338
nzl,1967,2.72248445110276
nzl,1968,2.75327055782682
nzl,1969,2.78270930396989
nzl,1970,2.822177
nzl,1971,2.867165
nzl,1972,2.919258
nzl,1973,2.978988
nzl,1974,3.041231
nzl,1975,3.094032
nzl,1976,3.126633
nzl,1977,3.140133
nzl,1978,3.142244
nzl,1979,3.141601
nzl,1980,3.146327
nzl,1981,3.15984
nzl,1982,3.185123
nzl,1983,3.219278
nzl,1984,3.249828
nzl,1985,3.268028
nzl,1986,3.281508
nzl,1987,3.299443
nzl,1988,3.316026
nzl,1989,3.333826
nzl,1990,3.396979
nzl,1991,3.480925
nzl,1992,3.532244
nzl,1993,3.57361
nzl,1994,3.62103
nzl,1995,3.674428
nzl,1996,3.729378
nzl,1997,3.77695
nzl,1998,3.811371
nzl,1999,3.835555
nzl,2000,3.857574
nzl,2001,3.891762
nzl,2002,3.951119
nzl,2003,4.022586
nzl,2004,4.08391
nzl,2005,4.135007
nzl,2006,4.18194
nzl,2007,4.223266
nzl,2008,4.261824
nzl,2009,4.304304
nzl,2010,4.34777
nzl,2011,4.3827
nzl,2012,4.411676
nzl,2013,4.453851
nzl,2014,4.522983
nzl,2015,4.614029
nzl,2016,4.71477
nzl,2017,4.812752
nzl,2018,4.900847
nzl,2019,4.989403
nzl,2020,5.069895
nzl,2021,5.107697
nzl,2022,5.131734
nzl,2023,5.172836
omn,1970,0.66268
omn,1971,0.681119
omn,1972,0.700593
omn,1973,0.721179
omn,1974,0.746988
omn,1975,0.778864
omn,1976,0.814701
omn,1977,0.855314
omn,1978,0.900304
omn,1979,0.949116
omn,1980,1.001248
omn,1981,1.05732
omn,1982,1.117678
omn,1983,1.181459
omn,1984,1.247716
omn,1985,1.32548
omn,1986,1.413419
omn,1987,1.500996
omn,1988,1.588568
omn,1989,1.676228
omn,1990,1.763954
omn,1991,1.851473
omn,1992,1.938238
omn,1993,2.021675
omn,1994,2.081834
omn,1995,2.120528
omn,1996,2.156926
omn,1997,2.19072
omn,1998,2.222489
omn,1999,2.252909
omn,2000,2.282131
omn,2001,2.310217
omn,2002,2.33714
omn,2003,2.363796
omn,2004,2.404821
omn,2005,2.459802
omn,2006,2.514795
omn,2007,2.570174
omn,2008,2.626529
omn,2009,2.684659
omn,2010,2.757446
omn,2011,3.076763
omn,2012,3.547106
omn,2013,3.833913
omn,2014,4.002439
omn,2015,4.184895
omn,2016,4.390877
omn,2017,4.537396
omn,2018,4.597877
omn,2019,4.591241
omn,2020,4.522497
omn,2021,4.500424
omn,2022,4.730226
omn,2023,5.049269
pak,1950,36.1226059393988
pak,1951,36.9778437582707
pak,1952,37.860900664162
pak,1953,38.7727966436887
pak,1954,39.7156450252847
pak,1955,40.6884642464873
pak,1956,41.6968886854183
pak,1957,42.7446594573713
pak,1958,43.8334113354158
pak,1959,44.9644612200798
pak,1960,46.1391050532626
pak,1961,47.3585235044031
pak,1962,48.6240963499167
pak,1963,49.927866296957
pak,1964,51.2683662414872
pak,1965,52.6479156051271
pak,1966,54.0684006644955
pak,1967,55.529573409148
pak,1968,57.031863490981
pak,1969,58.5770908176211
pak,1970,60.166719
pak,1971,61.847899
pak,1972,63.583194
pak,1973,65.461912
pak,1974,67.415487
pak,1975,69.461175
pak,1976,71.620254
pak,1977,73.901827
pak,1978,76.307379
pak,1979,78.997039
pak,1980,82.29101
pak,1981,85.802049
pak,1982,89.089246
pak,1983,92.227711
pak,1984,95.164936
pak,1985,98.229285
pak,1986,101.606764
pak,1987,105.130717
pak,1988,108.724739
pak,1989,112.336629
pak,1990,116.155576
pak,1991,120.060406
pak,1992,123.546848
pak,1993,127.020117
pak,1994,130.748083
pak,1995,134.582253
pak,1996,138.557092
pak,1997,142.531804
pak,1998,146.522356
pak,1999,150.565377
pak,2000,154.879127
pak,2001,159.270907
pak,2002,163.222549
pak,2003,167.110248
pak,2004,171.286
pak,2005,175.453212
pak,2006,179.68269
pak,2007,184.493231
pak,2008,189.499113
pak,2009,194.376534
pak,2010,199.239047
pak,2011,203.746065
pak,2012,207.667125
pak,2013,211.073978
pak,2014,214.264647
pak,2015,217.290883
pak,2016,220.138869
pak,2017,223.273967
pak,2018,226.928892
pak,2019,230.800899
pak,2020,235.001746
pak,2021,239.477801
pak,2022,243.700667
pak,2023,247.504495
pan,1950,0.882027732559009
pan,1951,0.904815124392698
pan,1952,0.929047341331006
pan,1953,0.950895903153385
pan,1954,0.973505401485119
pan,1955,0.998794140890666
pan,1956,1.0243852403444
pan,1957,1.05102485116728
pan,1958,1.0725047257616
pan,1959,1.10205884475988
pan,1960,1.13414176112204
pan,1961,1.16731289091305
pan,1962,1.20145736912337
pan,1963,1.23659322072371
pan,1964,1.2728772511784
pan,1965,1.31041348695247
pan,1966,1.34914761751322
pan,1967,1.38899140297127
pan,1968,1.42977908428207
pan,1969,1.47132169377864
pan,1970,1.51307
pan,1971,1.556081
pan,1972,1.599723
pan,1973,1.64369
pan,1974,1.687926
pan,1975,1.732389
pan,1976,1.776935
pan,1977,1.821543
pan,1978,1.866311
pan,1979,1.911552
pan,1980,1.957534
pan,1981,2.004418
pan,1982,2.052271
pan,1983,2.101106
pan,1984,2.150782
pan,1985,2.200915
pan,1986,2.251325
pan,1987,2.30197
pan,1988,2.352848
pan,1989,2.40382
pan,1990,2.455583
pan,1991,2.508265
pan,1992,2.561336
pan,1993,2.615099
pan,1994,2.669546
pan,1995,2.724557
pan,1996,2.780227
pan,1997,2.836695
pan,1998,2.893914
pan,1999,2.951822
pan,2000,3.010369
pan,2001,3.069537
pan,2002,3.129344
pan,2003,3.189807
pan,2004,3.251155
pan,2005,3.313026
pan,2006,3.375024
pan,2007,3.43749
pan,2008,3.500648
pan,2009,3.564381
pan,2010,3.628535
pan,2011,3.693505
pan,2012,3.759256
pan,2013,3.825329
pan,2014,3.892101
pan,2015,3.960035
pan,2016,4.029086
pan,2017,4.098707
pan,2018,4.16786
pan,2019,4.2347
pan,2020,4.293261
pan,2021,4.345405
pan,2022,4.400773
pan,2023,4.458759
per,1950,7.81094211184063
per,1951,8.00917050067134
per,1952,8.21333425399437
per,1953,8.42455964174712
per,1954,8.64448385441481
per,1955,8.87423316193481
per,1956,9.11308925003165
per,1957,9.35992877667938
per,1958,9.61638746840752
per,1959,9.88359159515343
per,1960,10.1631788353876
per,1961,10.4563769599776
per,1962,10.7623681056587
per,1963,11.0788987565857
per,1964,11.4040267314974
per,1965,11.7353970136183
per,1966,12.0721907637132
per,1967,12.4158416824217
per,1968,12.7676790415415
per,1969,13.1290340648115
per,1970,13.501237
per,1971,13.838067
per,1972,14.210147
per,1973,14.582867
per,1974,14.956552
per,1975,15.333957
per,1976,15.716809
per,1977,16.109806
per,1978,16.516059
per,1979,16.933139
per,1980,17.360949
per,1981,17.798805
per,1982,18.246503
per,1983,18.705957
per,1984,19.174716
per,1985,19.648204
per,1986,20.117122
per,1987,20.58232
per,1988,21.054702
per,1989,21.532589
per,1990,22.014771
per,1991,22.483775
per,1992,22.94634
per,1993,23.413783
per,1994,23.881493
per,1995,24.348919
per,1996,24.811171
per,1997,25.274147
per,1998,25.738095
per,1999,26.186504
per,2000,26.598331
per,2001,26.964601
per,2002,27.288217
per,2003,27.58049
per,2004,27.85219
per,2005,28.10118
per,2006,28.324491
per,2007,28.530699
per,2008,28.719041
per,2009,28.896811
per,2010,29.086019
per,2011,29.304086
per,2012,29.550366
per,2013,29.817919
per,2014,30.115826
per,2015,30.4576
per,2016,30.866494
per,2017,31.324637
per,2018,31.897584
per,2019,32.449303
per,2020,32.838579
per,2021,33.155882
per,2022,33.475438
per,2023,33.845617
phl,1950,20.5940057466507
phl,1951,21.2215383604536
phl,1952,21.8681911536025
phl,1953,22.5345496653248
phl,1954,23.2212124468308
phl,1955,23.9287984967326
phl,1956,24.6579472610435
phl,1957,25.4093130566147
phl,1958,26.1835743654081
phl,1959,26.9814301167873
phl,1960,27.8035959698083
phl,1961,28.6627028420925
phl,1962,29.5542504464344
phl,1963,30.47808263904
phl,1964,31.4342886449344
phl,1965,32.421749433594
phl,1966,33.4320964412024
phl,1967,34.4576674687256
phl,1968,35.4983547025915
phl,1969,36.5531171841734
phl,1970,37.622204
phl,1971,38.518659
phl,1972,39.40856
phl,1973,40.29413
phl,1974,41.174341
phl,1975,42.120826
phl,1976,43.201488
phl,1977,44.367962
phl,1978,45.575281
phl,1979,46.807103
phl,1980,48.04374
phl,1981,49.311727
phl,1982,50.695707
phl,1983,52.19462
phl,1984,53.726181
phl,1985,55.213006
phl,1986,56.645077
phl,1987,58.157496
phl,1988,59.739052
phl,1989,61.26526
phl,1990,62.854666
phl,1991,64.382249
phl,1992,65.926125
phl,1993,67.530621
phl,1994,69.019291
phl,1995,70.546246
phl,1996,72.190242
phl,1997,73.90881
phl,1998,75.791024
phl,1999,77.753257
phl,2000,79.625397
phl,2001,81.401488
phl,2002,83.068889
phl,2003,84.731835
phl,2004,86.394504
phl,2005,88.015962
phl,2006,89.508986
phl,2007,91.075184
phl,2008,92.699095
phl,2009,94.38425
phl,2010,96.337125
phl,2011,98.248614
phl,2012,100.175512
phl,2013,102.076336
phl,2014,103.76713
phl,2015,105.312992
phl,2016,106.735719
phl,2017,108.119693
phl,2018,109.465287
phl,2019,110.804683
phl,2020,112.081264
phl,2021,113.10095
phl,2022,113.964338
phl,2023,114.891199
pol,1970,32.542633
pol,1971,32.771296
pol,1972,33.041996
pol,1973,33.333274
pol,1974,33.642461
pol,1975,33.964399
pol,1976,34.296607
pol,1977,34.628512
pol,1978,34.934213
pol,1979,35.248387
pol,1980,35.576519
pol,1981,35.900913
pol,1982,36.23346
pol,1983,36.573699
pol,1984,36.9058
pol,1985,37.200853
pol,1986,37.452611
pol,1987,37.665707
pol,1988,37.817864
pol,1989,37.938088
pol,1990,38.055455
pol,1991,38.152947
pol,1992,38.23364
pol,1993,38.294882
pol,1994,38.344313
pol,1995,38.364667
pol,1996,38.359171
pol,1997,38.34831
pol,1998,38.326437
pol,1999,38.287713
pol,2000,38.258071
pol,2001,38.247357
pol,2002,38.229408
pol,2003,38.203524
pol,2004,38.167572
pol,2005,38.124379
pol,2006,38.071167
pol,2007,38.020421
pol,2008,37.995902
pol,2009,38.002155
pol,2010,38.095351
pol,2011,38.208643
pol,2012,38.247868
pol,2013,38.259262
pol,2014,38.265113
pol,2015,38.266314
pol,2016,38.263265
pol,2017,38.254959
pol,2018,38.241071
pol,2019,38.225885
pol,2020,38.171012
pol,2021,38.040302
pol,2022,38.385739
pol,2023,38.762844
prt,1950,8.09298949235206
prt,1951,8.13852136566601
prt,1952,8.17283824868111
prt,1953,8.22354704488897
prt,1954,8.27449535262752
prt,1955,8.33248913886568
prt,1956,8.39326199019258
prt,1957,8.45235826080476
prt,1958,8.5203210288826
prt,1959,8.59029679081747
prt,1960,8.6623339974152
prt,1961,8.65706200124194
prt,1962,8.64613405911342
prt,1963,8.70537385381078
prt,1964,8.74457969738328
prt,1965,8.75066621559406
prt,1966,8.73144678650673
prt,1967,8.72588682799698
prt,1968,8.73743823143817
prt,1969,8.72032778365337
prt,1970,8.669523
prt,1971,8.685582
prt,1972,8.815597
prt,1973,8.939237
prt,1974,9.059176
prt,1975,9.182302
prt,1976,9.310256
prt,1977,9.438167
prt,1978,9.556395
prt,1979,9.663302
prt,1980,9.763624
prt,1981,9.837586
prt,1982,9.885838
prt,1983,9.925258
prt,1984,9.956896
prt,1985,9.979469
prt,1986,9.993094
prt,1987,10.001993
prt,1988,10.00459
prt,1989,10.001376
prt,1990,9.989524
prt,1991,9.969176
prt,1992,9.96034
prt,1993,9.972342
prt,1994,9.998487
prt,1995,10.031751
prt,1996,10.067649
prt,1997,10.110551
prt,1998,10.159525
prt,1999,10.214871
prt,2000,10.283204
prt,2001,10.354325
prt,2002,10.413044
prt,2003,10.454245
prt,2004,10.481381
prt,2005,10.502994
prt,2006,10.52412
prt,2007,10.546825
prt,2008,10.564081
prt,2009,10.576267
prt,2010,10.57866
prt,2011,10.557052
prt,2012,10.51315
prt,2013,10.458298
prt,2014,10.406199
prt,2015,10.370267
prt,2016,10.346372
prt,2017,10.330844
prt,2018,10.325353
prt,2019,10.343213
prt,2020,10.370519
prt,2021,10.390956
prt,2022,10.417073
prt,2023,10.430738
pry,1951,1.46099739463799
pry,1952,1.50012034771474
pry,1953,1.54017463821464
pry,1954,1.58117762167897
pry,1955,1.62314872252146
pry,1956,1.66482466422503
pry,1957,1.70744079352843
pry,1958,1.75101515559708
pry,1959,1.7955644163481
pry,1960,1.84110868981937
pry,1961,1.88883091131378
pry,1962,1.93779031854468
pry,1963,1.98801748484967
pry,1964,2.0395482706849
pry,1965,2.09241324938795
pry,1966,2.14845348758157
pry,1967,2.20599388818998
pry,1968,2.26507490916368
pry,1969,2.32573907732566
pry,1970,2.388028
pry,1971,2.442537
pry,1972,2.499881
pry,1973,2.561102
pry,1974,2.625621
pry,1975,2.691648
pry,1976,2.758836
pry,1977,2.827874
pry,1978,2.899269
pry,1979,2.973968
pry,1980,3.053235
pry,1981,3.137604
pry,1982,3.226189
pry,1983,3.318068
pry,1984,3.412936
pry,1985,3.510671
pry,1986,3.611474
pry,1987,3.714889
pry,1988,3.820546
pry,1989,3.927802
pry,1990,4.035747
pry,1991,4.144364
pry,1992,4.2536
pry,1993,4.362696
pry,1994,4.471417
pry,1995,4.579806
pry,1996,4.687543
pry,1997,4.794412
pry,1998,4.900025
pry,1999,5.003135
pry,2000,5.100868
pry,2001,5.187689
pry,2002,5.261328
pry,2003,5.326436
pry,2004,5.388175
pry,2005,5.448097
pry,2006,5.505148
pry,2007,5.559386
pry,2008,5.613574
pry,2009,5.671236
pry,2010,5.737971
pry,2011,5.814626
pry,2012,5.897008
pry,2013,5.982445
pry,2014,6.069811
pry,2015,6.159103
pry,2016,6.249126
pry,2017,6.33866
pry,2018,6.427382
pry,2019,6.515058
pry,2020,6.603739
pry,2021,6.684182
pry,2022,6.760464
pry,2023,6.844146
pse,1970,1.11628
pse,1971,1.134113
pse,1972,1.16475
pse,1973,1.202258
pse,1974,1.241133
pse,1975,1.279321
pse,1976,1.316395
pse,1977,1.352713
pse,1978,1.389496
pse,1979,1.428116
pse,1980,1.469059
pse,1981,1.512704
pse,1982,1.56099
pse,1983,1.618777
pse,1984,1.688604
pse,1985,1.745256
pse,1986,1.78931
pse,1987,1.876759
pse,1988,1.977304
pse,1989,2.055608
pse,1990,2.139067
pse,1991,2.228954
pse,1992,2.324693
pse,1993,2.425066
pse,1994,2.529159
pse,1995,2.636551
pse,1996,2.746822
pse,1997,2.859575
pse,1998,2.962888
pse,1999,3.056252
pse,2000,3.151793
pse,2001,3.242285
pse,2002,3.322364
pse,2003,3.39807
pse,2004,3.475177
pse,2005,3.557401
pse,2006,3.645096
pse,2007,3.736691
pse,2008,3.829041
pse,2009,3.921246
pse,2010,4.016916
pse,2011,4.115908
pse,2012,4.215313
pse,2013,4.315261
pse,2014,4.415882
pse,2015,4.521565
pse,2016,4.632739
pse,2017,4.742743
pse,2018,4.850592
pse,2019,4.957768
pse,2020,5.069692
pse,2021,5.185336
pse,2022,5.30527
pse,2023,5.409202
qat,1970,0.11635
qat,1971,0.131346
qat,1972,0.146506
qat,1973,0.161841
qat,1974,0.177362
qat,1975,0.193087
qat,1976,0.209052
qat,1977,0.225285
qat,1978,0.241808
qat,1979,0.25867
qat,1980,0.275913
qat,1981,0.293553
qat,1982,0.311537
qat,1983,0.329709
qat,1984,0.347878
qat,1985,0.36594
qat,1986,0.382422
qat,1987,0.397005
qat,1988,0.411264
qat,1989,0.425646
qat,1990,0.440175
qat,1991,0.454853
qat,1992,0.469657
qat,1993,0.484545
qat,1994,0.499459
qat,1995,0.514325
qat,1996,0.529019
qat,1997,0.5505
qat,1998,0.58054
qat,1999,0.6125
qat,2000,0.644989
qat,2001,0.677925
qat,2002,0.711205
qat,2003,0.744682
qat,2004,0.773332
qat,2005,0.825408
qat,2006,0.972831
qat,2007,1.208595
qat,2008,1.426938
qat,2009,1.58605
qat,2010,1.709229
qat,2011,1.81095
qat,2012,1.907117
qat,2013,2.032641
qat,2014,2.218372
qat,2015,2.427331
qat,2016,2.599372
qat,2017,2.706709
qat,2018,2.761142
qat,2019,2.797921
qat,2020,2.803375
qat,2021,2.814982
qat,2022,2.892455
qat,2023,2.979082
rou,1960,18.1844946084488
rou,1961,18.3460683629015
rou,1962,18.4585033869085
rou,1963,18.5893383428505
rou,1964,18.7019316782661
rou,1965,18.801025196776
rou,1966,18.9130927121558
rou,1967,19.055410899203
rou,1968,19.4863910933072
rou,1969,19.7721450705602
rou,1970,20.011625
rou,1971,20.293482
rou,1972,20.555576
rou,1973,20.798323
rou,1974,21.033552
rou,1975,21.26807
rou,1976,21.497683
rou,1977,21.700178
rou,1978,21.868067
rou,1979,22.019624
rou,1980,22.154771
rou,1981,22.272789
rou,1982,22.374443
rou,1983,22.459207
rou,1984,22.533999
rou,1985,22.60582
rou,1986,22.674743
rou,1987,22.745591
rou,1988,22.815429
rou,1989,22.887641
rou,1990,22.93953
rou,1991,22.947413
rou,1992,22.912393
rou,1993,22.84225
rou,1994,22.756243
rou,1995,22.657723
rou,1996,22.54191
rou,1997,22.411513
rou,1998,22.2849
rou,1999,22.166159
rou,2000,22.046262
rou,2001,21.919917
rou,2002,21.770017
rou,2003,21.59345
rou,2004,21.403217
rou,2005,21.213388
rou,2006,21.035732
rou,2007,20.870716
rou,2008,20.718742
rou,2009,20.576927
rou,2010,20.432574
rou,2011,20.282011
rou,2012,20.158452
rou,2013,20.062921
rou,2014,19.968174
rou,2015,19.871019
rou,2016,19.777051
rou,2017,19.689401
rou,2018,19.597872
rou,2019,19.501542
rou,2020,19.392469
rou,2021,19.248161
rou,2022,19.166772
rou,2023,19.118479
rus,1990,148.979541
rus,1991,149.448433
rus,1992,148.915991
rus,1993,148.135424
rus,1994,148.200736
rus,1995,148.291403
rus,1996,148.084582
rus,1997,147.853771
rus,1998,147.635531
rus,1999,147.241975
rus,2000,146.717783
rus,2001,146.117284
rus,2002,145.9395
rus,2003,145.794229
rus,2004,145.180097
rus,2005,144.597884
rus,2006,144.102948
rus,2007,143.859764
rus,2008,143.81184
rus,2009,143.869132
rus,2010,143.934465
rus,2011,144.043748
rus,2012,144.291029
rus,2013,144.604098
rus,2014,144.925638
rus,2015,145.307616
rus,2016,145.778677
rus,2017,146.186799
rus,2018,146.430146
rus,2019,146.533067
rus,2020,146.371299
rus,2021,145.836175
rus,2022,145.579899
rus,2023,145.4405
rwa,1960,3.20192650741054
rwa,1961,3.21682180284317
rwa,1962,3.2224552541366
rwa,1963,3.3045805647124
rwa,1964,3.36265524579088
rwa,1965,3.44782755024777
rwa,1966,3.54663943916424
rwa,1967,3.64472791568335
rwa,1968,3.74701560854451
rwa,1969,3.86198832394447
rwa,1970,3.980669
rwa,1971,4.100044
rwa,1972,4.220335
rwa,1973,4.345047
rwa,1974,4.474228
rwa,1975,4.607728
rwa,1976,4.745954
rwa,1977,4.88824
rwa,1978,5.035171
rwa,1979,5.189541
rwa,1980,5.353259
rwa,1981,5.52723
rwa,1982,5.711549
rwa,1983,5.905311
rwa,1984,6.107627
rwa,1985,6.317228
rwa,1986,6.531881
rwa,1987,6.749493
rwa,1988,6.968071
rwa,1989,7.184706
rwa,1990,7.375307
rwa,1991,7.526966
rwa,1992,7.683266
rwa,1993,7.981132
rwa,1994,6.792352
rwa,1995,5.674118
rwa,1996,6.708764
rwa,1997,7.755238
rwa,1998,8.081681
rwa,1999,8.147912
rwa,2000,8.213931
rwa,2001,8.287094
rwa,2002,8.40018
rwa,2003,8.586875
rwa,2004,8.816844
rwa,2005,9.054528
rwa,2006,9.299246
rwa,2007,9.549933
rwa,2008,9.804269
rwa,2009,10.060432
rwa,2010,10.317553
rwa,2011,10.573733
rwa,2012,10.829901
rwa,2013,11.09334
rwa,2014,11.364757
rwa,2015,11.640022
rwa,2016,11.919183
rwa,2017,12.20206
rwa,2018,12.487996
rwa,2019,12.776103
rwa,2020,13.065837
rwa,2021,13.35526
rwa,2022,13.65103
rwa,2023,13.954471
sau,1970,3.56247
sau,1971,3.724031
sau,1972,3.905722
sau,1973,4.106344
sau,1974,4.323632
sau,1975,4.556287
sau,1976,4.807933
sau,1977,5.083048
sau,1978,5.381902
sau,1979,5.703698
sau,1980,6.047997
sau,1981,6.420551
sau,1982,6.824486
sau,1983,7.252941
sau,1984,7.697307
sau,1985,8.151779
sau,1986,8.628639
sau,1987,9.130194
sau,1988,9.629165
sau,1989,10.128394
sau,1990,10.640691
sau,1991,11.160744
sau,1992,11.686676
sau,1993,12.215862
sau,1994,12.75004
sau,1995,13.289245
sau,1996,13.831009
sau,1997,14.374943
sau,1998,14.922185
sau,1999,15.472075
sau,2000,16.177722
sau,2001,17.041397
sau,2002,17.91091
sau,2003,18.786767
sau,2004,19.66948
sau,2005,20.55989
sau,2006,21.459144
sau,2007,22.368313
sau,2008,23.287877
sau,2009,24.217654
sau,2010,25.157128
sau,2011,26.105645
sau,2012,27.062443
sau,2013,28.026825
sau,2014,28.998128
sau,2015,29.974938
sau,2016,30.717808
sau,2017,30.782402
sau,2018,30.365121
sau,2019,30.472811
sau,2020,30.991207
sau,2021,31.328375
sau,2022,32.175352
sau,2023,33.264292
sdn,1970,11.9670992615882
sdn,1971,12.3385016544323
sdn,1972,12.7315860879919
sdn,1973,13.2119572140352
sdn,1974,13.7089170659824
sdn,1975,14.1702466892271
sdn,1976,14.6498168600247
sdn,1977,15.1402296356612
sdn,1978,15.7043160335677
sdn,1979,16.3106153873144
sdn,1980,16.9523128432682
sdn,1981,17.6098004466021
sdn,1982,18.2566545966153
sdn,1983,18.8326238112672
sdn,1984,19.249192632905
sdn,1985,19.6001655174209
sdn,1986,19.9719719529706
sdn,1987,20.3346763362776
sdn,1988,20.5875286381175
sdn,1989,20.8289964425487
sdn,1990,21.1996565059516
sdn,1991,21.6339936997453
sdn,1992,22.0536839493434
sdn,1993,22.5008958451126
sdn,1994,23.0661896176921
sdn,1995,23.6863927939525
sdn,1996,24.233414329355
sdn,1997,24.8042268499476
sdn,1998,25.4143392576976
sdn,1999,26.0664911205968
sdn,2000,26.8165615448192
sdn,2001,27.5899064133611
sdn,2002,28.3824417259343
sdn,2003,29.1537901481666
sdn,2004,29.9385171373953
sdn,2005,30.7805968003126
sdn,2006,31.6650336068591
sdn,2007,32.6030163710157
sdn,2008,33.62398
sdn,2009,34.569113
sdn,2010,35.414399
sdn,2011,36.140806
sdn,2012,36.923178
sdn,2013,37.785849
sdn,2014,38.823318
sdn,2015,40.024431
sdn,2016,41.259892
sdn,2017,42.714306
sdn,2018,44.230596
sdn,2019,45.548175
sdn,2020,46.789231
sdn,2021,48.066924
sdn,2022,49.383346
sdn,2023,50.042791
sen,1960,3.38221480281171
sen,1961,3.46333058168135
sen,1962,3.54816506414361
sen,1963,3.63689605942261
sen,1964,3.76113809688718
sen,1965,3.87267404996293
sen,1966,3.9891045656889
sen,1967,4.10217544887675
sen,1968,4.21387244137461
sen,1969,4.33685822337789
sen,1970,4.466328
sen,1971,4.601864
sen,1972,4.741631
sen,1973,4.885181
sen,1974,5.029437
sen,1975,5.17081
sen,1976,5.308564
sen,1977,5.439549
sen,1978,5.568096
sen,1979,5.702895
sen,1980,5.845638
sen,1981,5.99716
sen,1982,6.156961
sen,1983,6.324504
sen,1984,6.499364
sen,1985,6.683287
sen,1986,6.878192
sen,1987,7.08153
sen,1988,7.289618
sen,1989,7.502207
sen,1990,7.720523
sen,1991,7.943085
sen,1992,8.168395
sen,1993,8.396288
sen,1994,8.624078
sen,1995,8.848101
sen,1996,9.067014
sen,1997,9.283495
sen,1998,9.502952
sen,1999,9.730887
sen,2000,9.96826
sen,2001,10.212942
sen,2002,10.466214
sen,2003,10.721176
sen,2004,10.975704
sen,2005,11.235472
sen,2006,11.500094
sen,2007,11.770344
sen,2008,12.048959
sen,2009,12.337389
sen,2010,12.635413
sen,2011,12.958897
sen,2012,13.310495
sen,2013,13.710849
sen,2014,14.152102
sen,2015,14.593331
sen,2016,15.034521
sen,2017,15.475002
sen,2018,15.914498
sen,2019,16.352922
sen,2020,16.789219
sen,2021,17.220867
sen,2022,17.651103
sen,2023,18.077573
sgp,1960,1.6599322353492
sgp,1961,1.71639251055744
sgp,1962,1.76458545786246
sgp,1963,1.80975360591559
sgp,1964,1.85673660948203
sgp,1965,1.90240895083836
sgp,1966,1.95029938216145
sgp,1967,1.99385447221166
sgp,1968,2.0285373225839
sgp,1969,2.0592879459476
sgp,1970,2.091558
sgp,1971,2.128433
sgp,1972,2.164334
sgp,1973,2.200137
sgp,1974,2.235075
sgp,1975,2.268523
sgp,1976,2.300743
sgp,1977,2.331545
sgp,1978,2.360602
sgp,1979,2.388157
sgp,1980,2.437493
sgp,1981,2.531802
sgp,1982,2.627417
sgp,1983,2.685981
sgp,1984,2.720923
sgp,1985,2.73503
sgp,1986,2.744653
sgp,1987,2.781615
sgp,1988,2.849045
sgp,1989,2.938655
sgp,1990,3.039591
sgp,1991,3.136291
sgp,1992,3.226465
sgp,1993,3.317892
sgp,1994,3.417817
sgp,1995,3.533624
sgp,1996,3.66456
sgp,1997,3.796622
sgp,1998,3.901418
sgp,1999,3.966557
sgp,2000,4.035245
sgp,2001,4.116166
sgp,2002,4.146892
sgp,2003,4.138245
sgp,2004,4.172767
sgp,2005,4.268364
sgp,2006,4.407058
sgp,2007,4.596515
sgp,2008,4.806741
sgp,2009,4.968568
sgp,2010,5.077014
sgp,2011,5.182239
sgp,2012,5.29334
sgp,2013,5.385588
sgp,2014,5.4579
sgp,2015,5.52534
sgp,2016,5.57793
sgp,2017,5.604078
sgp,2018,5.634369
sgp,2019,5.669563
sgp,2020,5.62015
sgp,2021,5.54629
sgp,2022,5.649885
sgp,2023,5.78909
sle,1961,2.36448841430262
sle,1962,2.39975008876011
sle,1963,2.43594513184418
sle,1964,2.47291728661138
sle,1965,2.51068394070379
sle,1966,2.54926526378622
sle,1967,2.58868003451211
sle,1968,2.6289495817224
sle,1969,2.67014368782063
sle,1970,2.712286
sle,1971,2.763222
sle,1972,2.814388
sle,1973,2.866955
sle,1974,2.920459
sle,1975,2.974657
sle,1976,3.02882
sle,1977,3.085354
sle,1978,3.145517
sle,1979,3.207499
sle,1980,3.272089
sle,1981,3.33894
sle,1982,3.408183
sle,1983,3.481646
sle,1984,3.558758
sle,1985,3.638438
sle,1986,3.72838
sle,1987,3.829718
sle,1988,3.934517
sle,1989,4.034037
sle,1990,4.196828
sle,1991,4.246267
sle,1992,4.166366
sle,1993,4.15713
sle,1994,4.173105
sle,1995,4.179179
sle,1996,4.19921
sle,1997,4.253716
sle,1998,4.295785
sle,1999,4.318043
sle,2000,4.423611
sle,2001,4.692716
sle,2002,4.971435
sle,2003,5.177687
sle,2004,5.355717
sle,2005,5.501712
sle,2006,5.624466
sle,2007,5.749352
sle,2008,5.894722
sle,2009,6.055646
sle,2010,6.222714
sle,2011,6.387251
sle,2012,6.55108
sle,2013,6.714051
sle,2014,6.876385
sle,2015,7.037655
sle,2016,7.205328
sle,2017,7.379299
sle,2018,7.554563
sle,2019,7.731991
sle,2020,7.912558
sle,2021,8.094602
sle,2022,8.276807
sle,2023,8.460512
slv,1950,1.97472641638483
slv,1951,2.02558184515029
slv,1952,2.07964713140867
slv,1953,2.13692506634042
slv,1954,2.19741916925999
slv,1955,2.26113089643542
slv,1956,2.32806485938221
slv,1957,2.39822154352303
slv,1958,2.47160556037339
slv,1959,2.54821860891267
slv,1960,2.62806481523367
slv,1961,2.71281888759359
slv,1962,2.79715962253873
slv,1963,2.88715431818692
slv,1964,2.97651480909946
slv,1965,3.07218895014158
slv,1966,3.18452983630145
slv,1967,3.29113642430419
slv,1968,3.40758908330245
slv,1969,3.53164006356149
slv,1970,3.668796
slv,1971,3.757523
slv,1972,3.84683
slv,1973,3.938068
slv,1974,4.029671
slv,1975,4.120449
slv,1976,4.21031
slv,1977,4.301256
slv,1978,4.394114
slv,1979,4.480388
slv,1980,4.540382
slv,1981,4.570599
slv,1982,4.622477
slv,1983,4.707367
slv,1984,4.798003
slv,1985,4.894706
slv,1986,4.992769
slv,1987,5.092441
slv,1988,5.195833
slv,1989,5.298979
slv,1990,5.399726
slv,1991,5.495077
slv,1992,5.585609
slv,1993,5.659957
slv,1994,5.714129
slv,1995,5.762131
slv,1996,5.805286
slv,1997,5.844578
slv,1998,5.880781
slv,1999,5.9139
slv,2000,5.943366
slv,2001,5.96806
slv,2002,5.986631
slv,2003,5.998599
slv,2004,6.004671
slv,2005,6.005578
slv,2006,6.002319
slv,2007,6.009824
slv,2008,6.029297
slv,2009,6.048279
slv,2010,6.068249
slv,2011,6.090127
slv,2012,6.113975
slv,2013,6.138839
slv,2014,6.162955
slv,2015,6.183676
slv,2016,6.2008
slv,2017,6.213533
slv,2018,6.219807
slv,2019,6.222318
slv,2020,6.234673
slv,2021,6.255782
slv,2022,6.280319
slv,2023,6.309624
som,1970,3.738448
som,1971,3.837691
som,1972,3.939436
som,1973,4.045592
som,1974,4.151842
som,1975,4.257535
som,1976,4.365812
som,1977,4.48405
som,1978,4.814892
som,1979,5.449117
som,1980,5.936154
som,1981,5.982849
som,1982,6.00384
som,1983,6.19843
som,1984,6.428389
som,1985,6.693289
som,1986,6.974788
som,1987,7.228302
som,1988,7.23536
som,1989,7.114817
som,1990,7.082811
som,1991,6.81376
som,1992,6.495107
som,1993,6.681399
som,1994,7.026797
som,1995,7.285007
som,1996,7.554474
som,1997,7.824525
som,1998,8.155417
som,1999,8.492059
som,2000,8.838713
som,2001,9.198493
som,2002,9.550063
som,2003,9.909157
som,2004,10.280998
som,2005,10.644228
som,2006,10.975502
som,2007,11.322582
som,2008,11.663084
som,2009,11.961201
som,2010,12.261756
som,2011,12.34883
som,2012,12.46116
som,2013,12.869594
som,2014,13.339491
som,2015,13.806963
som,2016,14.34874
som,2017,14.916629
som,2018,15.452487
som,2019,16.030971
som,2020,16.651191
som,2021,17.271431
som,2022,17.801897
som,2023,18.358615
srb,1990,9.848384
srb,1991,9.872429
srb,1992,9.899532
srb,1993,9.922389
srb,1994,9.942414
srb,1995,9.960798
srb,1996,9.976474
srb,1997,9.986466
srb,1998,9.844886
srb,1999,7.734365
srb,2000,7.694605
srb,2001,7.651927
srb,2002,7.616743
srb,2003,7.590935
srb,2004,7.565841
srb,2005,7.539133
srb,2006,7.511394
srb,2007,7.482989
srb,2008,7.454279
srb,2009,7.425347
srb,2010,7.395864
srb,2011,7.364859
srb,2012,7.324623
srb,2013,7.27618
srb,2014,7.227203
srb,2015,7.177253
srb,2016,7.126083
srb,2017,7.073507
srb,2018,7.020019
srb,2019,6.966153
srb,2020,6.907812
srb,2021,6.83543
srb,2022,6.791213
srb,2023,6.773201
ssd,2008,8.817647
ssd,2009,9.243556
ssd,2010,9.745953
ssd,2011,10.288109
ssd,2012,10.75624
ssd,2013,11.166275
ssd,2014,11.235073
ssd,2015,11.107561
ssd,2016,10.830102
ssd,2017,10.259154
ssd,2018,10.122977
ssd,2019,10.423384
ssd,2020,10.698467
ssd,2021,10.86578
ssd,2022,11.021177
ssd,2023,11.483374
stp,1970,0.077626
stp,1971,0.07933
stp,1972,0.081041
stp,1973,0.082798
stp,1974,0.084672
stp,1975,0.086708
stp,1976,0.088922
stp,1977,0.091301
stp,1978,0.093794
stp,1979,0.096252
stp,1980,0.098544
stp,1981,0.100615
stp,1982,0.102508
stp,1983,0.10438
stp,1984,0.106394
stp,1985,0.108658
stp,1986,0.11115
stp,1987,0.113919
stp,1988,0.116939
stp,1989,0.119979
stp,1990,0.12298
stp,1991,0.125697
stp,1992,0.12811
stp,1993,0.130467
stp,1994,0.132732
stp,1995,0.134895
stp,1996,0.136962
stp,1997,0.138922
stp,1998,0.140751
stp,1999,0.142442
stp,2000,0.144018
stp,2001,0.146375
stp,2002,0.149922
stp,2003,0.153814
stp,2004,0.157705
stp,2005,0.161639
stp,2006,0.165638
stp,2007,0.1697
stp,2008,0.173793
stp,2009,0.177853
stp,2010,0.181802
stp,2011,0.185649
stp,2012,0.189439
stp,2013,0.193148
stp,2014,0.196767
stp,2015,0.200291
stp,2016,0.203689
stp,2017,0.20697
stp,2018,0.210187
stp,2019,0.213392
stp,2020,0.217435
stp,2021,0.221961
stp,2022,0.226305
stp,2023,0.230871
sur,1970,0.379442
sur,1971,0.391932
sur,1972,0.397413
sur,1973,0.395772
sur,1974,0.393676
sur,1975,0.39117
sur,1976,0.388289
sur,1977,0.385067
sur,1978,0.381502
sur,1979,0.377602
sur,1980,0.375377
sur,1981,0.375459
sur,1982,0.376555
sur,1983,0.378746
sur,1984,0.382193
sur,1985,0.386972
sur,1986,0.39233
sur,1987,0.396911
sur,1988,0.402227
sur,1989,0.408409
sur,1990,0.412493
sur,1991,0.415013
sur,1992,0.417589
sur,1993,0.419352
sur,1994,0.422375
sur,1995,0.429606
sur,1996,0.43883
sur,1997,0.448067
sur,1998,0.457406
sur,1999,0.466916
sur,2000,0.476643
sur,2001,0.48656
sur,2002,0.496551
sur,2003,0.506414
sur,2004,0.513923
sur,2005,0.519313
sur,2006,0.524997
sur,2007,0.531016
sur,2008,0.537245
sur,2009,0.543568
sur,2010,0.549923
sur,2011,0.556269
sur,2012,0.562633
sur,2013,0.56902
sur,2014,0.575373
sur,2015,0.581627
sur,2016,0.587757
sur,2017,0.593713
sur,2018,0.599513
sur,2019,0.605768
sur,2020,0.612317
sur,2021,0.617896
sur,2022,0.623164
sur,2023,0.628886
svk,1990,5.266078
svk,1991,5.284874
svk,1992,5.306436
svk,1993,5.32636
svk,1994,5.343231
svk,1995,5.354282
svk,1996,5.362428
svk,1997,5.369779
svk,1998,5.374796
svk,1999,5.378104
svk,2000,5.379999
svk,2001,5.379437
svk,2002,5.377688
svk,2003,5.376196
svk,2004,5.376038
svk,2005,5.376695
svk,2006,5.376846
svk,2007,5.376999
svk,2008,5.37912
svk,2009,5.385073
svk,2010,5.391851
svk,2011,5.398109
svk,2012,5.404871
svk,2013,5.410422
svk,2014,5.41523
svk,2015,5.420278
svk,2016,5.427259
svk,2017,5.4357
svk,2018,5.443232
svk,2019,5.450626
svk,2020,5.455024
svk,2021,5.442759
svk,2022,5.473197
svk,2023,5.518055
svn,1990,1.998007
svn,1991,1.999193
svn,1992,1.995859
svn,1993,1.990811
svn,1994,1.988262
svn,1995,1.988095
svn,1996,1.986793
svn,1997,1.984398
svn,1998,1.980064
svn,1999,1.981194
svn,2000,1.986816
svn,2001,1.989679
svn,2002,1.991572
svn,2003,1.99249
svn,2004,1.993545
svn,2005,1.996914
svn,2006,2.003114
svn,2007,2.014158
svn,2008,2.025085
svn,2009,2.035608
svn,2010,2.044612
svn,2011,2.048804
svn,2012,2.053321
svn,2013,2.056441
svn,2014,2.058401
svn,2015,2.059947
svn,2016,2.061373
svn,2017,2.06241
svn,2018,2.069481
svn,2019,2.083439
svn,2020,2.102419
svn,2021,2.113494
svn,2022,2.115228
svn,2023,2.118396
swe,1950,7.01398529133846
swe,1951,7.07281014052308
swe,1952,7.12465268300312
swe,1953,7.1714407659415
swe,1954,7.21346955070202
swe,1955,7.26236763208114
swe,1956,7.3145310850585
swe,1957,7.36378107126231
swe,1958,7.40912291120165
swe,1959,7.4462278894313
swe,1960,7.48037362465005
swe,1961,7.51997674566638
swe,1962,7.56156636464975
swe,1963,7.60430658843255
swe,1964,7.66133233612182
swe,1965,7.73383092887405
swe,1966,7.80777481095371
swe,1967,7.8679085744253
swe,1968,7.91219469989056
swe,1969,7.96799545639468
swe,1970,8.04278
swe,1971,8.098102
swe,1972,8.122425
swe,1973,8.137169
swe,1974,8.160639
swe,1975,8.192641
swe,1976,8.222395
swe,1977,8.251695
swe,1978,8.275788
swe,1979,8.293748
swe,1980,8.310469
swe,1981,8.320458
swe,1982,8.325183
swe,1983,8.328915
swe,1984,8.336487
swe,1985,8.350244
swe,1986,8.369683
swe,1987,8.397648
swe,1988,8.436347
swe,1989,8.492816
swe,1990,8.558567
swe,1991,8.616959
swe,1992,8.667574
swe,1993,8.718036
swe,1994,8.78019
swe,1995,8.826302
swe,1996,8.840327
swe,1997,8.845524
swe,1998,8.850609
swe,1999,8.857686
swe,2000,8.872101
swe,2001,8.896022
swe,2002,8.925047
swe,2003,8.958431
swe,2004,8.993808
swe,2005,9.029771
swe,2006,9.080623
swe,2007,9.148274
swe,2008,9.2199
swe,2009,9.29874
swe,2010,9.378232
swe,2011,9.449259
swe,2012,9.519487
swe,2013,9.60062
swe,2014,9.696433
swe,2015,9.799481
swe,2016,9.92328
swe,2017,10.057862
swe,2018,10.175405
swe,2019,10.279125
swe,2020,10.353686
swe,2021,10.416131
swe,2022,10.487338
swe,2023,10.551494
swz,1970,0.441216
swz,1971,0.453183
swz,1972,0.465788
swz,1973,0.479038
swz,1974,0.492988
swz,1975,0.507673
swz,1976,0.52333
swz,1977,0.540348
swz,1978,0.558446
swz,1979,0.577199
swz,1980,0.596644
swz,1981,0.616808
swz,1982,0.637652
swz,1983,0.658957
swz,1984,0.680783
swz,1985,0.706196
swz,1986,0.734732
swz,1987,0.763811
swz,1988,0.799798
swz,1989,0.8378
swz,1990,0.872428
swz,1991,0.908189
swz,1992,0.943416
swz,1993,0.971318
swz,1994,0.971212
swz,1995,0.970433
swz,1996,0.989841
swz,1997,1.006635
swz,1998,1.019653
swz,1999,1.030782
swz,2000,1.041414
swz,2001,1.051064
swz,2002,1.059441
swz,2003,1.0667
swz,2004,1.073159
swz,2005,1.079022
swz,2006,1.084436
swz,2007,1.090705
swz,2008,1.098091
swz,2009,1.105153
swz,2010,1.11165
swz,2011,1.117833
swz,2012,1.123863
swz,2013,1.12999
swz,2014,1.136299
swz,2015,1.142813
swz,2016,1.149507
swz,2017,1.158195
swz,2018,1.168929
swz,2019,1.179874
swz,2020,1.192729
swz,2021,1.206593
swz,2022,1.218917
swz,2023,1.230506
sxm,2005,0.032057
sxm,2006,0.032428
sxm,2007,0.032791
sxm,2008,0.033145
sxm,2009,0.033491
sxm,2010,0.033794
sxm,2011,0.034267
sxm,2012,0.035023
sxm,2013,0.035854
sxm,2014,0.036672
sxm,2015,0.037471
sxm,2016,0.038249
sxm,2017,0.038996
sxm,2018,0.039712
sxm,2019,0.040385
sxm,2020,0.041008
sxm,2021,0.041571
sxm,2022,0.042139
sxm,2023,0.042749
syc,1960,0.0417744205193498
syc,1961,0.0431170333836433
syc,1962,0.0439994072165811
syc,1963,0.0453761125527051
syc,1964,0.0468811642602652
syc,1965,0.0479139416626406
syc,1966,0.048927672553143
syc,1967,0.0500226172622649
syc,1968,0.0512639575182238
syc,1969,0.0526496874420484
syc,1970,0.054252
syc,1971,0.055511
syc,1972,0.056889
syc,1973,0.0583
syc,1974,0.059739
syc,1975,0.061218
syc,1976,0.062743
syc,1977,0.064104
syc,1978,0.064987
syc,1979,0.065603
syc,1980,0.06626
syc,1981,0.06695
syc,1982,0.06765
syc,1983,0.06836
syc,1984,0.069083
syc,1985,0.069823
syc,1986,0.070564
syc,1987,0.071338
syc,1988,0.07221
syc,1989,0.073118
syc,1990,0.073983
syc,1991,0.074817
syc,1992,0.075617
syc,1993,0.076409
syc,1994,0.077261
syc,1995,0.078126
syc,1996,0.078882
syc,1997,0.07965
syc,1998,0.080722
syc,1999,0.082021
syc,2000,0.083318
syc,2001,0.084606
syc,2002,0.085857
syc,2003,0.087034
syc,2004,0.088156
syc,2005,0.089266
syc,2006,0.090373
syc,2007,0.091468
syc,2008,0.092547
syc,2009,0.093628
syc,2010,0.094971
syc,2011,0.097024
syc,2012,0.099543
syc,2013,0.102093
syc,2014,0.104654
syc,2015,0.10723
syc,2016,0.109821
syc,2017,0.112427
syc,2018,0.11504
syc,2019,0.11765
syc,2020,0.120291
syc,2021,0.122987
syc,2022,0.125522
syc,2023,0.127951
syr,1960,4.62132149721558
syr,1961,4.77282737110579
syr,1962,4.92930098544105
syr,1963,5.09090423663633
syr,1964,5.25780582756249
syr,1965,5.43017883666918
syr,1966,5.60820314886192
syr,1967,5.79206351080045
syr,1968,5.98195196177578
syr,1969,6.17806588900859
syr,1970,6.380609
syr,1971,6.598094
syr,1972,6.826024
syr,1973,7.060321
syr,1974,7.30216
syr,1975,7.554364
syr,1976,7.81732
syr,1977,8.090501
syr,1978,8.372759
syr,1979,8.661909
syr,1980,8.957663
syr,1981,9.260189
syr,1982,9.572511
syr,1983,9.904809
syr,1984,10.258398
syr,1985,10.625672
syr,1986,11.002844
syr,1987,11.388923
syr,1988,11.782264
syr,1989,12.17906
syr,1990,12.579208
syr,1991,12.980821
syr,1992,13.385571
syr,1993,13.795686
syr,1994,14.208583
syr,1995,14.616801
syr,1996,15.018104
syr,1997,15.417542
syr,1998,15.820413
syr,1999,16.228061
syr,2000,16.637888
syr,2001,17.051338
syr,2002,17.468332
syr,2003,17.889296
syr,2004,18.336875
syr,2005,18.814091
syr,2006,19.637022
syr,2007,20.884125
syr,2008,21.636564
syr,2009,21.976969
syr,2010,22.482421
syr,2011,22.878098
syr,2012,22.759763
syr,2013,21.666917
syr,2014,20.273659
syr,2015,19.424618
syr,2016,19.193834
syr,2017,19.224668
syr,2018,19.577845
syr,2019,20.353534
syr,2020,21.049429
syr,2021,21.628839
syr,2022,22.462173
syr,2023,23.594623
tca,1970,0.005667
tca,1971,0.005754
tca,1972,0.005915
tca,1973,0.00609
tca,1974,0.006273
tca,1975,0.006463
tca,1976,0.00666
tca,1977,0.006864
tca,1978,0.007083
tca,1979,0.007306
tca,1980,0.007564
tca,1981,0.007908
tca,1982,0.008297
tca,1983,0.008697
tca,1984,0.009107
tca,1985,0.009521
tca,1986,0.009941
tca,1987,0.010361
tca,1988,0.010775
tca,1989,0.011193
tca,1990,0.011688
tca,1991,0.012305
tca,1992,0.01297
tca,1993,0.013648
tca,1994,0.014344
tca,1995,0.015052
tca,1996,0.015765
tca,1997,0.016482
tca,1998,0.017212
tca,1999,0.017959
tca,2000,0.01873
tca,2001,0.019576
tca,2002,0.020597
tca,2003,0.021727
tca,2004,0.022856
tca,2005,0.023988
tca,2006,0.025123
tca,2007,0.02627
tca,2008,0.027427
tca,2009,0.028588
tca,2010,0.029739
tca,2011,0.030846
tca,2012,0.032127
tca,2013,0.033653
tca,2014,0.03505
tca,2015,0.036605
tca,2016,0.038315
tca,2017,0.039913
tca,2018,0.041559
tca,2019,0.043166
tca,2020,0.044386
tca,2021,0.045243
tca,2022,0.045847
tca,2023,0.046198
tcd,1960,3.04278471324861
tcd,1961,3.09582097637734
tcd,1962,3.15091583294443
tcd,1963,3.20814582742961
tcd,1964,3.27187494900413
tcd,1965,3.34504956399768
tcd,1966,3.4199072037205
tcd,1967,3.49618842769294
tcd,1968,3.5727944291776
tcd,1969,3.64991263484454
tcd,1970,3.727828
tcd,1971,3.807316
tcd,1972,3.893252
tcd,1973,3.985909
tcd,1974,4.078356
tcd,1975,4.167234
tcd,1976,4.251297
tcd,1977,4.331667
tcd,1978,4.411366
tcd,1979,4.505384
tcd,1980,4.515453
tcd,1981,4.520959
tcd,1982,4.738483
tcd,1983,4.97913
tcd,1984,5.045145
tcd,1985,5.096269
tcd,1986,5.251069
tcd,1987,5.438309
tcd,1988,5.625602
tcd,1989,5.819586
tcd,1990,5.982833
tcd,1991,6.205676
tcd,1992,6.474656
tcd,1993,6.629146
tcd,1994,6.78345
tcd,1995,7.089064
tcd,1996,7.410108
tcd,1997,7.670366
tcd,1998,7.93884
tcd,1999,8.222705
tcd,2000,8.512093
tcd,2001,8.804124
tcd,2002,9.116192
tcd,2003,9.487833
tcd,2004,9.920036
tcd,2005,10.328092
tcd,2006,10.706424
tcd,2007,11.08166
tcd,2008,11.476296
tcd,2009,11.893754
tcd,2010,12.312575
tcd,2011,12.754997
tcd,2012,13.210998
tcd,2013,13.691079
tcd,2014,14.188678
tcd,2015,14.647621
tcd,2016,15.114655
tcd,2017,15.622759
tcd,2018,16.156531
tcd,2019,16.685223
tcd,2020,17.224679
tcd,2021,17.828273
tcd,2022,18.455316
tcd,2023,19.319064
tgo,1960,1.66392662702803
tgo,1961,1.70434365841949
tgo,1962,1.74644069660027
tgo,1963,1.79029430987916
tgo,1964,1.83579945525603
tgo,1965,1.88321431234859
tgo,1966,1.93243383815669
tgo,1967,1.98353460098912
tgo,1968,2.03659643897568
tgo,1969,2.09191554340337
tgo,1970,2.244773
tgo,1971,2.317976
tgo,1972,2.384994
tgo,1973,2.448749
tgo,1974,2.51176
tgo,1975,2.574622
tgo,1976,2.637796
tgo,1977,2.701894
tgo,1978,2.768148
tgo,1979,2.839854
tgo,1980,2.920894
tgo,1981,3.013043
tgo,1982,3.115042
tgo,1983,3.222899
tgo,1984,3.332837
tgo,1985,3.441091
tgo,1986,3.547952
tgo,1987,3.657508
tgo,1988,3.769742
tgo,1989,3.883411
tgo,1990,3.998761
tgo,1991,4.11556
tgo,1992,4.233617
tgo,1993,4.207453
tgo,1994,4.22294
tgo,1995,4.410832
tgo,1996,4.57786
tgo,1997,4.72503
tgo,1998,4.860913
tgo,1999,5.000269
tgo,2000,5.140037
tgo,2001,5.277382
tgo,2002,5.413274
tgo,2003,5.552167
tgo,2004,5.696508
tgo,2005,5.844631
tgo,2006,6.010668
tgo,2007,6.188344
tgo,2008,6.368812
tgo,2009,6.551865
tgo,2010,6.73259
tgo,2011,6.916474
tgo,2012,7.100736
tgo,2013,7.285442
tgo,2014,7.47245
tgo,2015,7.663195
tgo,2016,7.858289
tgo,2017,8.05714
tgo,2018,8.258778
tgo,2019,8.463068
tgo,2020,8.66972
tgo,2021,8.878379
tgo,2022,9.089738
tgo,2023,9.304337
tha,1950,19.4275536754955
tha,1951,20.0205168291857
tha,1952,20.637096079543
tha,1953,21.2911767225799
tha,1954,21.9899084839531
tha,1955,22.7327699717217
tha,1956,23.5016252513201
tha,1957,24.2746350262768
tha,1958,25.0535409675429
tha,1959,25.8501594435363
tha,1960,26.6697616898003
tha,1961,27.5066549198606
tha,1962,28.3667685803634
tha,1963,29.249241080371
tha,1964,30.1535103519755
tha,1965,31.0796004309756
tha,1966,32.0235786909241
tha,1967,32.9817491655454
tha,1968,33.955169429982
tha,1969,34.9453888687955
tha,1970,35.954408
tha,1971,36.937387
tha,1972,37.933929
tha,1973,38.947787
tha,1974,39.952891
tha,1975,40.940005
tha,1976,41.896504
tha,1977,42.843974
tha,1978,43.788976
tha,1979,44.718434
tha,1980,45.650022
tha,1981,46.575855
tha,1982,47.494577
tha,1983,48.423309
tha,1984,49.351708
tha,1985,50.270753
tha,1986,51.177834
tha,1987,52.074105
tha,1988,52.969595
tha,1989,53.848956
tha,1990,54.738329
tha,1991,55.637434
tha,1992,56.528834
tha,1993,57.408198
tha,1994,58.260854
tha,1995,59.098232
tha,1996,59.920064
tha,1997,60.724584
tha,1998,61.52263
tha,1999,62.299043
tha,2000,63.007815
tha,2001,63.651141
tha,2002,64.266437
tha,2003,64.868166
tha,2004,65.452047
tha,2005,66.01742
tha,2006,66.567687
tha,2007,67.102394
tha,2008,67.61983
tha,2009,68.12108
tha,2010,68.579447
tha,2011,69.007208
tha,2012,69.436098
tha,2013,69.845114
tha,2014,70.216367
tha,2015,70.540795
tha,2016,70.859841
tha,2017,71.160187
tha,2018,71.376079
tha,2019,71.522271
tha,2020,71.641484
tha,2021,71.727332
tha,2022,71.735329
tha,2023,71.702435
tjk,1990,5.398768
tjk,1991,5.541205
tjk,1992,5.6494
tjk,1993,5.724993
tjk,1994,5.825368
tjk,1995,5.948584
tjk,1996,6.066523
tjk,1997,6.139829
tjk,1998,6.176397
tjk,1999,6.20837
tjk,2000,6.284735
tjk,2001,6.407377
tjk,2002,6.531669
tjk,2003,6.658575
tjk,2004,6.790547
tjk,2005,6.92472
tjk,2006,7.057566
tjk,2007,7.194477
tjk,2008,7.338403
tjk,2009,7.49023
tjk,2010,7.652141
tjk,2011,7.824785
tjk,2012,8.014084
tjk,2013,8.216724
tjk,2014,8.425552
tjk,2015,8.64384
tjk,2016,8.865631
tjk,2017,9.085946
tjk,2018,9.307333
tjk,2019,9.529966
tjk,2020,9.74931
tjk,2021,9.966908
tjk,2022,10.182222
tjk,2023,10.389799
tkm,1990,3.760562
tkm,1991,3.855894
tkm,1992,3.944689
tkm,1993,4.032407
tkm,1994,4.116662
tkm,1995,4.191203
tkm,1996,4.263819
tkm,1997,4.33673
tkm,1998,4.410507
tkm,1999,4.49217
tkm,2000,4.582677
tkm,2001,4.675409
tkm,2002,4.769465
tkm,2003,4.863865
tkm,2004,4.958093
tkm,2005,5.052257
tkm,2006,5.147105
tkm,2007,5.244046
tkm,2008,5.345029
tkm,2009,5.451592
tkm,2010,5.564356
tkm,2011,5.683417
tkm,2012,5.808546
tkm,2013,5.939341
tkm,2014,6.075283
tkm,2015,6.21577
tkm,2016,6.360041
tkm,2017,6.507061
tkm,2018,6.655524
tkm,2019,6.803944
tkm,2020,6.949912
tkm,2021,7.092043
tkm,2022,7.230193
tkm,2023,7.364438
tto,1950,0.656135823863279
tto,1951,0.673473557911156
tto,1952,0.688163964356672
tto,1953,0.704203993648954
tto,1954,0.724137199088942
tto,1955,0.748327007314832
tto,1956,0.77085574602785
tto,1957,0.794111214255422
tto,1958,0.81871630532976
tto,1959,0.848252748732465
tto,1960,0.873273122655252
tto,1961,0.894282994207614
tto,1962,0.921391168461765
tto,1963,0.938917886836742
tto,1964,0.959169840891296
tto,1965,0.975124722038821
tto,1966,0.988911852707433
tto,1967,0.996822895054943
tto,1968,0.999865827373462
tto,1969,0.999700729081157
tto,1970,0.991471
tto,1971,1.002585
tto,1972,1.014921
tto,1973,1.027851
tto,1974,1.040761
tto,1975,1.053469
tto,1976,1.066311
tto,1977,1.079554
tto,1978,1.09338
tto,1979,1.107639
tto,1980,1.121744
tto,1981,1.135132
tto,1982,1.147927
tto,1983,1.160534
tto,1984,1.172984
tto,1985,1.187366
tto,1986,1.203124
tto,1987,1.217364
tto,1988,1.230069
tto,1989,1.2416
tto,1990,1.252208
tto,1991,1.262171
tto,1992,1.271674
tto,1993,1.280466
tto,1994,1.288341
tto,1995,1.295169
tto,1996,1.300928
tto,1997,1.305836
tto,1998,1.310225
tto,1999,1.314708
tto,2000,1.319774
tto,2001,1.325567
tto,2002,1.332011
tto,2003,1.338709
tto,2004,1.34538
tto,2005,1.352034
tto,2006,1.358698
tto,2007,1.365377
tto,2008,1.372084
tto,2009,1.379056
tto,2010,1.386654
tto,2011,1.394983
tto,2012,1.403809
tto,2013,1.412653
tto,2014,1.421131
tto,2015,1.429188
tto,2016,1.437026
tto,2017,1.445261
tto,2018,1.470518
tto,2019,1.484894
tto,2020,1.481024
tto,2021,1.487717
tto,2022,1.495921
tto,2023,1.502932
tun,1960,4.16808036300709
tun,1961,4.24312753372221
tun,1962,4.31410164970191
tun,1963,4.40259170125085
tun,1964,4.49711123893618
tun,1965,4.59509086855428
tun,1966,4.70606959805907
tun,1967,4.81775186359346
tun,1968,4.92563282701974
tun,1969,5.02841147457512
tun,1970,5.131396
tun,1971,5.261658
tun,1972,5.396557
tun,1973,5.537242
tun,1974,5.684674
tun,1975,5.839262
tun,1976,5.996994
tun,1977,6.155931
tun,1978,6.30939
tun,1979,6.456419
tun,1980,6.606195
tun,1981,6.758284
tun,1982,6.908642
tun,1983,7.0538
tun,1984,7.220044
tun,1985,7.409903
tun,1986,7.600301
tun,1987,7.789987
tun,1988,7.97444
tun,1989,8.15166
tun,1990,8.324509
tun,1991,8.501827
tun,1992,8.682512
tun,1993,8.85791
tun,1994,9.018448
tun,1995,9.161258
tun,1996,9.294432
tun,1997,9.42127
tun,1998,9.541667
tun,1999,9.655963
tun,2000,9.764935
tun,2001,9.869677
tun,2002,9.971515
tun,2003,10.071632
tun,2004,10.166163
tun,2005,10.255472
tun,2006,10.34641
tun,2007,10.441702
tun,2008,10.542635
tun,2009,10.650681
tun,2010,10.76598
tun,2011,10.886035
tun,2012,11.009647
tun,2013,11.141361
tun,2014,11.274288
tun,2015,11.402264
tun,2016,11.528674
tun,2017,11.650498
tun,2018,11.765514
tun,2019,11.875081
tun,2020,11.974057
tun,2021,12.048622
tun,2022,12.119334
tun,2023,12.200431
tur,1950,21.6414843515777
tur,1951,22.2026593669929
tur,1952,22.7829414975944
tur,1953,23.3924207541937
tur,1954,24.0413083137213
tur,1955,24.7388167097752
tur,1956,25.4896772838574
tur,1957,26.3027507969635
tur,1958,27.1580507024015
tur,1959,28.0290904775039
tur,1960,28.9115999937363
tur,1961,29.7444607157266
tur,1962,30.5218527611975
tur,1963,31.2601120589454
tur,1964,31.9959284913989
tur,1965,32.7370879588243
tur,1966,33.4820211645563
tur,1967,34.2336341411491
tur,1968,35.005622568589
tur,1969,35.812561558368
tur,1970,36.638465
tur,1971,37.518611
tur,1972,38.430221
tur,1973,39.329533
tur,1974,40.210234
tur,1975,41.053126
tur,1976,41.899984
tur,1977,42.773298
tur,1978,43.645306
tur,1979,44.510429
tur,1980,45.408815
tur,1981,46.32119
tur,1982,47.322096
tur,1983,48.44741
tur,1984,49.574069
tur,1985,50.687115
tur,1986,51.777772
tur,1987,52.84367
tur,1988,53.909626
tur,1989,54.976723
tur,1990,56.015628
tur,1991,57.009887
tur,1992,57.990118
tur,1993,58.999167
tur,1994,60.033836
tur,1995,61.024503
tur,1996,61.951134
tur,1997,62.852966
tur,1998,63.734383
tur,1999,64.591923
tur,2000,65.425961
tur,2001,66.245128
tur,2002,67.048795
tur,2003,67.83173
tur,2004,68.592617
tur,2005,69.329557
tur,2006,70.045349
tur,2007,70.750586
tur,2008,71.562338
tur,2009,72.464848
tur,2010,73.346769
tur,2011,74.215203
tur,2012,75.197198
tur,2013,76.403031
tur,2014,78.036154
tur,2015,80.014226
tur,2016,81.652088
tur,2017,83.083662
tur,2018,84.415969
tur,2019,85.357672
tur,2020,86.091692
tur,2021,86.686253
tur,2022,87.058473
tur,2023,87.270501
twn,1951,7.758202
twn,1952,8.046915
twn,1953,8.333009
twn,1954,8.645264
twn,1955,8.967001
twn,1956,9.289545
twn,1957,9.59769
twn,1958,9.920227
twn,1959,10.288327
twn,1960,10.667705
twn,1961,11.030385
twn,1962,11.392513
twn,1963,11.762101
twn,1964,12.137143
twn,1965,12.511863
twn,1966,12.874153
twn,1967,13.210344
twn,1968,13.548537
twn,1969,14.068984
twn,1970,14.582944
twn,1971,14.913564
twn,1972,15.220495
twn,1973,15.505121
twn,1974,15.784817
twn,1975,16.075128
twn,1976,16.401413
twn,1977,16.730895
twn,1978,17.042272
twn,1979,17.372779
twn,1980,17.704538
twn,1981,18.029982
twn,1982,18.354855
twn,1983,18.653146
twn,1984,18.929866
twn,1985,19.19151
twn,1986,19.411454
twn,1987,19.617046
twn,1988,19.839704
twn,1989,20.055492
twn,1990,20.278946
twn,1991,20.503568
twn,1992,20.704227
twn,1993,20.899019
twn,1994,21.086645
twn,1995,21.267653
twn,1996,21.441432
twn,1997,21.634124
twn,1998,21.835703
twn,1999,22.010489
twn,2000,22.18453
twn,2001,22.34112
twn,2002,22.463172
twn,2003,22.562663
twn,2004,22.646836
twn,2005,22.729753
twn,2006,22.823455
twn,2007,22.917444
twn,2008,22.997696
twn,2009,23.078402
twn,2010,23.140948
twn,2011,23.193518
twn,2012,23.270367
twn,2013,23.34467
twn,2014,23.403635
twn,2015,23.462914
twn,2016,23.515945
twn,2017,23.555522
twn,2018,23.58008
twn,2019,23.596027
twn,2020,23.582179
twn,2021,23.468275
twn,2022,23.319977
twn,2023,23.342541
tza,1960,10.02618260337
tza,1961,10.3151965439508
tza,1962,10.6167361927043
tza,1963,10.9307046245076
tza,1964,11.2595053960108
tza,1965,11.600286671871
tza,1966,11.9530493840607
tza,1967,12.320417966673
tza,1968,12.6925768870835
tza,1969,13.0848477704676
tza,1970,13.492677
tza,1971,13.971451
tza,1972,14.479308
tza,1973,15.010101
tza,1974,15.56163
tza,1975,16.138361
tza,1976,16.736211
tza,1977,17.352929
tza,1978,17.976566
tza,1979,18.592038
tza,1980,19.189769
tza,1981,19.784703
tza,1982,20.398571
tza,1983,21.079874
tza,1984,21.779066
tza,1985,22.501693
tza,1986,23.258959
tza,1987,24.030378
tza,1988,24.769686
tza,1989,25.438759
tza,1990,25.42992
tza,1991,26.079436
tza,1992,26.735588
tza,1993,27.588692
tza,1994,28.675356
tza,1995,29.593497
tza,1996,30.131762
tza,1997,30.942089
tza,1998,31.556458
tza,1999,32.41133
tza,2000,33.344139
tza,2001,34.254299
tza,2002,35.139304
tza,2003,36.078555
tza,2004,37.068668
tza,2005,38.109076
tza,2006,39.150902
tza,2007,40.295736
tza,2008,41.396992
tza,2009,42.428199
tza,2010,43.518782
tza,2011,44.751582
tza,2012,46.070691
tza,2013,47.475352
tza,2014,48.956822
tza,2015,50.579779
tza,2016,52.335977
tza,2017,54.118599
tza,2018,55.857296
tza,2019,57.549302
tza,2020,59.3012
tza,2021,61.112804
tza,2022,62.948832
tza,2023,64.810025
uga,1950,5.84971621585831
uga,1951,6.00779035858606
uga,1952,6.17075392873122
uga,1953,6.33877261822408
uga,1954,6.51266680418269
uga,1955,6.6926713852277
uga,1956,6.87902631156297
uga,1957,7.07198416235049
uga,1958,7.27180913539366
uga,1959,7.47877553166239
uga,1960,7.69317129140133
uga,1961,7.91529546833825
uga,1962,8.14546378642561
uga,1963,8.38400005214906
uga,1964,8.63124726801055
uga,1965,8.88756561189506
uga,1966,9.15332435453739
uga,1967,9.42891650911356
uga,1968,9.71474822291602
uga,1969,10.0112468598868
uga,1970,10.321603
uga,1971,10.618206
uga,1972,10.885796
uga,1973,11.144236
uga,1974,11.424846
uga,1975,11.72524
uga,1976,12.037294
uga,1977,12.359669
uga,1978,12.692113
uga,1979,13.002163
uga,1980,13.275741
uga,1981,13.556452
uga,1982,13.873631
uga,1983,14.221881
uga,1984,14.607677
uga,1985,15.023681
uga,1986,15.467579
uga,1987,15.95417
uga,1988,16.470483
uga,1989,17.010698
uga,1990,17.569897
uga,1991,18.155901
uga,1992,18.785032
uga,1993,19.445161
uga,1994,20.108801
uga,1995,20.665667
uga,1996,21.23155
uga,1997,21.856046
uga,1998,22.515806
uga,1999,23.257281
uga,2000,24.00015
uga,2001,24.745676
uga,2002,25.53287
uga,2003,26.352124
uga,2004,27.154515
uga,2005,27.963289
uga,2006,28.794003
uga,2007,29.65343
uga,2008,30.539553
uga,2009,31.451151
uga,2010,32.390802
uga,2011,33.354543
uga,2012,34.337438
uga,2013,35.337042
uga,2014,36.395539
uga,2015,37.531446
uga,2016,38.799152
uga,2017,40.177388
uga,2018,41.565831
uga,2019,42.999637
uga,2020,44.457152
uga,2021,45.91093
uga,2022,47.312719
uga,2023,48.656601
ukr,1990,52.054092
ukr,1991,52.170961
ukr,1992,52.323671
ukr,1993,52.350126
ukr,1994,52.075998
ukr,1995,51.665539
ukr,1996,51.226109
ukr,1997,50.786885
ukr,1998,50.379731
ukr,1999,49.976446
ukr,2000,49.55666
ukr,2001,49.106855
ukr,2002,48.677281
ukr,2003,48.315136
ukr,2004,47.979507
ukr,2005,47.585556
ukr,2006,47.278694
ukr,2007,47.062798
ukr,2008,46.819175
ukr,2009,46.623731
ukr,2010,46.456003
ukr,2011,46.307853
ukr,2012,46.210056
ukr,2013,46.12677
ukr,2014,45.97238
ukr,2015,45.784896
ukr,2016,45.616832
ukr,2017,45.436041
ukr,2018,45.208907
ukr,2019,44.957458
ukr,2020,44.680014
ukr,2021,44.29864
ukr,2022,41.048766
ukr,2023,37.732836
ury,1950,2.16874554633597
ury,1951,2.19719563682869
ury,1952,2.22675278608028
ury,1953,2.25734771455156
ury,1954,2.28959121328189
ury,1955,2.32575843176403
ury,1956,2.36149182836982
ury,1957,2.39674568802918
ury,1958,2.43178534666432
ury,1959,2.4659936508292
ury,1960,2.5015222721984
ury,1961,2.53396536198212
ury,1962,2.56823399118792
ury,1963,2.60148769870907
ury,1964,2.63262013272079
ury,1965,2.66179977917721
ury,1966,2.68954694155633
ury,1967,2.71660060160949
ury,1968,2.74430252020791
ury,1969,2.76926059202296
ury,1970,2.790807
ury,1971,2.806462
ury,1972,2.821644
ury,1973,2.837133
ury,1974,2.853944
ury,1975,2.87232
ury,1976,2.891392
ury,1977,2.909461
ury,1978,2.925715
ury,1979,2.939903
ury,1980,2.951953
ury,1981,2.963246
ury,1982,2.975492
ury,1983,2.988778
ury,1984,3.002488
ury,1985,3.017037
ury,1986,3.032845
ury,1987,3.049896
ury,1988,3.067961
ury,1989,3.086255
ury,1990,3.104403
ury,1991,3.122354
ury,1992,3.139702
ury,1993,3.156345
ury,1994,3.172834
ury,1995,3.18944
ury,1996,3.206324
ury,1997,3.223345
ury,1998,3.23928
ury,1999,3.254015
ury,2000,3.266206
ury,2001,3.274251
ury,2002,3.278867
ury,2003,3.281186
ury,2004,3.283148
ury,2005,3.285771
ury,2006,3.289506
ury,2007,3.295153
ury,2008,3.302177
ury,2009,3.310091
ury,2010,3.31858
ury,2011,3.326825
ury,2012,3.335401
ury,2013,3.345337
ury,2014,3.356334
ury,2015,3.368017
ury,2016,3.379283
ury,2017,3.388438
ury,2018,3.394534
ury,2019,3.397206
ury,2020,3.398968
ury,2021,3.396695
ury,2022,3.390913
ury,2023,3.388081
usa,1950,154.308932479468
usa,1951,156.950833583773
usa,1952,159.661622383463
usa,1953,162.327846797497
usa,1954,165.207878206838
usa,1955,168.15175637134
usa,1956,171.163532598792
usa,1957,174.285761083962
usa,1958,177.222557191341
usa,1959,180.210010109064
usa,1960,183.089036422961
usa,1961,186.149443806863
usa,1962,189.034547082441
usa,1963,191.774746521104
usa,1964,194.457176166286
usa,1965,196.903470234311
usa,1966,199.190680888167
usa,1967,201.371490592091
usa,1968,203.392165397382
usa,1969,205.389552914401
usa,1970,207.796339
usa,1971,210.426432
usa,1972,212.842573
usa,1973,215.006551
usa,1974,217.076476
usa,1975,219.129301
usa,1976,221.168758
usa,1977,223.259419
usa,1978,225.396096
usa,1979,227.575084
usa,1980,229.858655
usa,1981,232.201617
usa,1982,234.583152
usa,1983,236.986365
usa,1984,239.353967
usa,1985,241.690443
usa,1986,243.953807
usa,1987,246.161291
usa,1988,248.393235
usa,1989,250.675053
usa,1990,253.373387
usa,1991,256.471422
usa,1992,259.606019
usa,1993,262.633231
usa,1994,265.47481
usa,1995,268.205795
usa,1996,270.860696
usa,1997,273.468013
usa,1998,276.119333
usa,1999,278.785484
usa,2000,281.484131
usa,2001,284.279639
usa,2002,287.084338
usa,2003,289.9081
usa,2004,292.786253
usa,2005,295.716664
usa,2006,298.730209
usa,2007,301.844226
usa,2008,304.970333
usa,2009,308.023454
usa,2010,311.06279
usa,2011,314.105078
usa,2012,317.115355
usa,2013,320.110759
usa,2014,323.115377
usa,2015,326.126497
usa,2016,329.179427
usa,2017,332.20466
usa,2018,335.056497
usa,2019,337.790067
usa,2020,339.436159
usa,2021,340.161441
usa,2022,341.534046
usa,2023,343.477335
uzb,1990,20.464956
uzb,1991,20.96291
uzb,1992,21.48509
uzb,1993,21.987955
uzb,1994,22.463291
uzb,1995,22.917589
uzb,1996,23.351981
uzb,1997,23.75896
uzb,1998,24.134929
uzb,1999,24.476008
uzb,2000,24.787054
uzb,2001,25.090283
uzb,2002,25.39998
uzb,2003,25.711259
uzb,2004,26.02935
uzb,2005,26.356975
uzb,2006,26.699043
uzb,2007,27.076008
uzb,2008,27.494774
uzb,2009,27.939328
uzb,2010,28.385506
uzb,2011,28.823196
uzb,2012,29.261903
uzb,2013,29.724065
uzb,2014,30.222994
uzb,2015,30.749346
uzb,2016,31.284568
uzb,2017,31.819178
uzb,2018,32.37349
uzb,2019,32.964701
uzb,2020,33.586372
uzb,2021,34.243696
uzb,2022,34.938955
uzb,2023,35.652307
vct,1970,0.095964
vct,1971,0.096872
vct,1972,0.09779
vct,1973,0.098691
vct,1974,0.099556
vct,1975,0.100387
vct,1976,0.101197
vct,1977,0.101999
vct,1978,0.102775
vct,1979,0.103478
vct,1980,0.104213
vct,1981,0.105073
vct,1982,0.105969
vct,1983,0.106838
vct,1984,0.107687
vct,1985,0.108506
vct,1986,0.109281
vct,1987,0.110001
vct,1988,0.110658
vct,1989,0.111272
vct,1990,0.111812
vct,1991,0.112222
vct,1992,0.112509
vct,1993,0.112735
vct,1994,0.112918
vct,1995,0.113047
vct,1996,0.113119
vct,1997,0.113141
vct,1998,0.11318
vct,1999,0.113366
vct,2000,0.113545
vct,2001,0.113501
vct,2002,0.113347
vct,2003,0.113141
vct,2004,0.112835
vct,2005,0.11245
vct,2006,0.112014
vct,2007,0.111531
vct,2008,0.111028
vct,2009,0.110508
vct,2010,0.109959
vct,2011,0.109349
vct,2012,0.108736
vct,2013,0.108135
vct,2014,0.107535
vct,2015,0.10696
vct,2016,0.106349
vct,2017,0.105663
vct,2018,0.104926
vct,2019,0.104167
vct,2020,0.103526
vct,2021,0.102841
vct,2022,0.102046
vct,2023,0.101323
ven,1950,5.30223282755622
ven,1951,5.52242396220307
ven,1952,5.75799991240668
ven,1953,6.00642985581793
ven,1954,6.2651824653365
ven,1955,6.5317173283411
ven,1956,6.80776018907021
ven,1957,7.09504183927395
ven,1958,7.39101782832169
ven,1959,7.69313663906648
ven,1960,7.99883867834267
ven,1961,8.30724769812514
ven,1962,8.62008792839883
ven,1963,8.93869292174582
ven,1964,9.26440279251331
ven,1965,9.59855916930202
ven,1966,9.93670005179956
ven,1967,10.2779481824784
ven,1968,10.6290379514029
ven,1969,10.9967269671909
ven,1970,11.38779
ven,1971,11.741008
ven,1972,12.09918
ven,1973,12.463537
ven,1974,12.835351
ven,1975,13.215892
ven,1976,13.606284
ven,1977,14.006812
ven,1978,14.416684
ven,1979,14.834552
ven,1980,15.258218
ven,1981,15.687297
ven,1982,16.121874
ven,1983,16.562205
ven,1984,17.008841
ven,1985,17.461434
ven,1986,17.923536
ven,1987,18.394963
ven,1988,18.87102
ven,1989,19.348921
ven,1990,19.82701
ven,1991,20.304896
ven,1992,20.780948
ven,1993,21.25452
ven,1994,21.725188
ven,1995,22.193821
ven,1996,22.662113
ven,1997,23.131685
ven,1998,23.601337
ven,1999,24.066593
ven,2000,24.526708
ven,2001,24.979922
ven,2002,25.435671
ven,2003,25.892703
ven,2004,26.340838
ven,2005,26.785804
ven,2006,27.224686
ven,2007,27.649363
ven,2008,28.053696
ven,2009,28.438298
ven,2010,28.813101
ven,2011,29.185212
ven,2012,29.553826
ven,2013,29.912198
ven,2014,30.254079
ven,2015,30.573972
ven,2016,30.76572
ven,2017,30.565323
ven,2018,29.807592
ven,2019,28.938098
ven,2020,28.444077
ven,2021,28.237826
ven,2022,28.213017
ven,2023,28.300854
vgb,1970,0.009933
vgb,1971,0.010095
vgb,1972,0.010235
vgb,1973,0.010367
vgb,1974,0.010494
vgb,1975,0.010606
vgb,1976,0.010709
vgb,1977,0.0108
vgb,1978,0.010886
vgb,1979,0.010965
vgb,1980,0.01113
vgb,1981,0.011479
vgb,1982,0.011921
vgb,1983,0.01237
vgb,1984,0.01282
vgb,1985,0.013269
vgb,1986,0.013726
vgb,1987,0.014194
vgb,1988,0.01468
vgb,1989,0.01518
vgb,1990,0.015704
vgb,1991,0.016187
vgb,1992,0.016593
vgb,1993,0.016989
vgb,1994,0.017406
vgb,1995,0.01784
vgb,1996,0.018287
vgb,1997,0.018756
vgb,1998,0.019238
vgb,1999,0.01973
vgb,2000,0.020241
vgb,2001,0.020796
vgb,2002,0.02143
vgb,2003,0.022134
vgb,2004,0.022881
vgb,2005,0.023665
vgb,2006,0.024493
vgb,2007,0.025366
vgb,2008,0.026288
vgb,2009,0.027218
vgb,2010,0.027675
vgb,2011,0.02871
vgb,2012,0.030345
vgb,2013,0.031703
vgb,2014,0.032962
vgb,2015,0.034498
vgb,2016,0.033878
vgb,2017,0.032699
vgb,2018,0.034657
vgb,2019,0.036395
vgb,2020,0.037135
vgb,2021,0.037809
vgb,2022,0.038319
vgb,2023,0.038985
vnm,1970,41.47523
vnm,1971,42.449276
vnm,1972,43.429168
vnm,1973,44.409861
vnm,1974,45.413537
vnm,1975,46.482903
vnm,1976,47.684931
vnm,1977,48.954872
vnm,1978,50.249552
vnm,1979,51.378211
vnm,1980,52.490101
vnm,1981,53.738141
vnm,1982,55.011289
vnm,1983,56.337921
vnm,1984,57.706067
vnm,1985,59.060622
vnm,1986,60.347048
vnm,1987,61.584651
vnm,1988,62.843228
vnm,1989,64.147348
vnm,1990,65.504552
vnm,1991,66.891775
vnm,1992,68.260337
vnm,1993,69.586384
vnm,1994,70.854391
vnm,1995,72.04994
vnm,1996,73.156447
vnm,1997,74.226889
vnm,1998,75.29966
vnm,1999,76.287452
vnm,2000,77.154011
vnm,2001,77.969361
vnm,2002,78.772224
vnm,2003,79.563777
vnm,2004,80.338971
vnm,2005,81.088313
vnm,2006,82.167897
vnm,2007,83.633375
vnm,2008,85.175788
vnm,2009,86.460018
vnm,2010,87.455152
vnm,2011,88.468314
vnm,2012,89.510356
vnm,2013,90.573104
vnm,2014,91.679578
vnm,2015,92.823254
vnm,2016,94.000117
vnm,2017,95.176977
vnm,2018,96.237319
vnm,2019,97.173776
vnm,2020,98.079191
vnm,2021,98.935098
vnm,2022,99.680655
vnm,2023,100.352192
yem,1989,13.364174
yem,1990,13.887862
yem,1991,14.430201
yem,1992,14.989494
yem,1993,15.563914
yem,1994,16.149147
yem,1995,16.740058
yem,1996,17.313177
yem,1997,17.873936
yem,1998,18.446013
yem,1999,19.02942
yem,2000,19.624141
yem,2001,20.226147
yem,2002,20.835086
yem,2003,21.456379
yem,2004,22.095167
yem,2005,22.790085
yem,2006,23.543083
yem,2007,24.318082
yem,2008,25.111941
yem,2009,25.927724
yem,2010,26.754387
yem,2011,27.582897
yem,2012,28.433647
yem,2013,29.312952
yem,2014,30.226309
yem,2015,31.159379
yem,2016,32.10901
yem,2017,33.090921
yem,2018,34.085182
yem,2019,35.111408
yem,2020,36.134863
yem,2021,37.14023
yem,2022,38.222876
yem,2023,39.390799
zaf,1950,13.3208510352077
zaf,1951,13.6446407711694
zaf,1952,13.9764120263909
zaf,1953,14.3278530266302
zaf,1954,14.6883342046778
zaf,1955,15.0577069932707
zaf,1956,15.4365675302323
zaf,1957,15.8248672275268
zaf,1958,16.223141487933
zaf,1959,16.6316472674092
zaf,1960,17.0643835265679
zaf,1961,17.5085529242966
zaf,1962,17.9853753508309
zaf,1963,18.4753128094809
zaf,1964,18.9787259729736
zaf,1965,19.495781161893
zaf,1966,20.0270576951271
zaf,1967,20.5726284547296
zaf,1968,21.1332035735308
zaf,1969,21.709199787376
zaf,1970,22.279984
zaf,1971,22.942143
zaf,1972,23.609456
zaf,1973,24.294263
zaf,1974,24.989108
zaf,1975,25.69094
zaf,1976,26.39545
zaf,1977,27.118952
zaf,1978,27.869507
zaf,1979,28.634162
zaf,1980,29.518857
zaf,1981,30.541044
zaf,1982,31.615339
zaf,1983,32.739304
zaf,1984,33.892788
zaf,1985,35.042093
zaf,1986,36.180515
zaf,1987,37.32619
zaf,1988,38.480649
zaf,1989,39.628575
zaf,1990,40.746268
zaf,1991,41.687898
zaf,1992,42.443509
zaf,1993,43.297156
zaf,1994,44.004139
zaf,1995,44.541554
zaf,1996,45.123018
zaf,1997,45.666838
zaf,1998,46.22388
zaf,1999,46.730335
zaf,2000,47.159719
zaf,2001,47.5668
zaf,2002,48.019415
zaf,2003,48.500348
zaf,2004,48.991421
zaf,2005,49.490033
zaf,2006,49.998277
zaf,2007,50.528584
zaf,2008,51.114599
zaf,2009,51.728516
zaf,2010,52.344051
zaf,2011,52.995205
zaf,2012,53.782567
zaf,2013,54.678791
zaf,2014,55.594838
zaf,2015,56.723537
zaf,2016,57.259551
zaf,2017,57.635162
zaf,2018,58.613001
zaf,2019,59.587885
zaf,2020,60.562381
zaf,2021,61.502603
zaf,2022,62.37841
zaf,2023,63.212384
zmb,1955,2.91630755980574
zmb,1956,2.98949481154881
zmb,1957,3.06573155231034
zmb,1958,3.14501778209033
zmb,1959,3.22532042742649
zmb,1960,3.30765590387501
zmb,1961,3.39202445378581
zmb,1962,3.47740966160271
zmb,1963,3.56584411608814
zmb,1964,3.65834471749812
zmb,1965,3.75491122348274
zmb,1966,3.85656004959817
zmb,1967,3.96430809610042
zmb,1968,4.0751051469213
zmb,1969,4.19098524492274
zmb,1970,4.321718
zmb,1971,4.442525
zmb,1972,4.569309
zmb,1973,4.702693
zmb,1974,4.842746
zmb,1975,4.990086
zmb,1976,5.143842
zmb,1977,5.30248
zmb,1978,5.465374
zmb,1979,5.631728
zmb,1980,5.802833
zmb,1981,5.983289
zmb,1982,6.178637
zmb,1983,6.381038
zmb,1984,6.58049
zmb,1985,6.780953
zmb,1986,6.986471
zmb,1987,7.191282
zmb,1988,7.39144
zmb,1989,7.589216
zmb,1990,7.786169
zmb,1991,7.98165
zmb,1992,8.17668
zmb,1993,8.373921
zmb,1994,8.576269
zmb,1995,8.785763
zmb,1996,9.004053
zmb,1997,9.237063
zmb,1998,9.482408
zmb,1999,9.740005
zmb,2000,10.017631
zmb,2001,10.325185
zmb,2002,10.647949
zmb,2003,10.983595
zmb,2004,11.338198
zmb,2005,11.718819
zmb,2006,12.129553
zmb,2007,12.565085
zmb,2008,13.021324
zmb,2009,13.490389
zmb,2010,13.965594
zmb,2011,14.437796
zmb,2012,14.913629
zmb,2013,15.398997
zmb,2014,15.895315
zmb,2015,16.399089
zmb,2016,16.914423
zmb,2017,17.44132
zmb,2018,17.973569
zmb,2019,18.513839
zmb,2020,19.059395
zmb,2021,19.603607
zmb,2022,20.152938
zmb,2023,20.723965
zwe,1954,3.12818061361716
zwe,1955,3.22441523477114
zwe,1956,3.33859983875945
zwe,1957,3.44888676311624
zwe,1958,3.56032400359202
zwe,1959,3.67646466365088
zwe,1960,3.79373669715983
zwe,1961,3.91592548078483
zwe,1962,4.04609228512281
zwe,1963,4.17348579253253
zwe,1964,4.29156537005678
zwe,1965,4.43155981141981
zwe,1966,4.57383323625634
zwe,1967,4.72492402244393
zwe,1968,4.89175751952456
zwe,1969,5.06294196724221
zwe,1970,5.215918
zwe,1971,5.374712
zwe,1972,5.542445
zwe,1973,5.720404
zwe,1974,5.908328
zwe,1975,6.098658
zwe,1976,6.287105
zwe,1977,6.449512
zwe,1978,6.543575
zwe,1979,6.647556
zwe,1980,7.041303
zwe,1981,7.498635
zwe,1982,7.796496
zwe,1983,8.098404
zwe,1984,8.391488
zwe,1985,8.686813
zwe,1986,8.982578
zwe,1987,9.284644
zwe,1988,9.583094
zwe,1989,9.864798
zwe,1990,10.137281
zwe,1991,10.404816
zwe,1992,10.7027
zwe,1993,10.860288
zwe,1994,10.873148
zwe,1995,10.974599
zwe,1996,11.15836
zwe,1997,11.369827
zwe,1998,11.594297
zwe,1999,11.783458
zwe,2000,11.892055
zwe,2001,11.971901
zwe,2002,12.087653
zwe,2003,12.232323
zwe,2004,12.365896
zwe,2005,12.483432
zwe,2006,12.636445
zwe,2007,12.804058
zwe,2008,12.959149
zwe,2009,13.14279
zwe,2010,13.356548
zwe,2011,13.595424
zwe,2012,13.817887
zwe,2013,14.013808
zwe,2014,14.207359
zwe,2015,14.399013
zwe,2016,14.600294
zwe,2017,14.812482
zwe,2018,15.034452
zwe,2019,15.271368
zwe,2020,15.526888
zwe,2021,15.79721
zwe,2022,16.069056
zwe,2023,16.340822
