country,year,pl_gdpo
abw,1970,0.475863516330719
abw,1971,0.441348671913147
abw,1972,0.423962354660034
abw,1973,0.388310343027115
abw,1974,0.352546483278275
abw,1975,0.345698922872543
abw,1976,0.332241028547287
abw,1977,0.339257270097733
abw,1978,0.311410486698151
abw,1979,0.283721745014191
abw,1980,0.270306259393692
abw,1981,0.26458340883255
abw,1982,0.257856130599976
abw,1983,0.247892379760742
abw,1984,0.241394057869911
abw,1985,0.217405393719673
abw,1986,0.215996965765953
abw,1987,0.217606410384178
abw,1988,0.224611237645149
abw,1989,0.255993217229843
abw,1990,0.257478564977646
abw,1991,0.326944231987
abw,1992,0.248718306422234
abw,1993,0.291962593793869
abw,1994,0.298634558916092
abw,1995,0.305273741483688
abw,1996,0.3404700756073
abw,1997,0.356778711080551
abw,1998,0.339791715145111
abw,1999,0.322094589471817
abw,2000,0.40289705991745
abw,2001,0.378991365432739
abw,2002,0.475136041641235
abw,2003,0.476767003536224
abw,2004,0.471342146396637
abw,2005,0.485709398984909
abw,2006,0.49147966504097
abw,2007,0.54319167137146
abw,2008,0.560853183269501
abw,2009,0.568963646888733
abw,2010,0.596407353878021
abw,2011,0.639595627784729
abw,2012,0.657577753067017
abw,2013,0.564252138137817
abw,2014,0.658588588237763
abw,2015,0.670650184154511
abw,2016,0.791328310966492
abw,2017,0.908360600471497
abw,2018,0.816701352596283
abw,2019,0.901756048202515
abw,2020,0.856071352958679
abw,2021,0.727568328380585
abw,2022,0.711022257804871
abw,2023,0.756470084190369
ago,1970,0.121201895177364
ago,1971,0.118677504360676
ago,1972,0.122412316501141
ago,1973,0.13762454688549
ago,1974,0.149359121918678
ago,1975,0.117564506828785
ago,1976,0.116472452878952
ago,1977,0.121195629239082
ago,1978,0.150385871529579
ago,1979,0.161259800195694
ago,1980,0.210506364703178
ago,1981,0.19891868531704
ago,1982,0.196804031729698
ago,1983,0.205593705177307
ago,1984,0.199768304824829
ago,1985,0.233560130000114
ago,1986,0.247662559151649
ago,1987,0.253235965967178
ago,1988,0.289359003305435
ago,1989,0.317156821489334
ago,1990,0.32770574092865
ago,1991,0.447706639766693
ago,1992,0.398430854082108
ago,1993,0.353638350963593
ago,1994,0.345732778310776
ago,1995,0.190077751874924
ago,1996,0.201498299837112
ago,1997,0.22993977367878
ago,1998,0.18260669708252
ago,1999,0.175510659813881
ago,2000,0.294670790433884
ago,2001,0.273268431425095
ago,2002,0.298076778650284
ago,2003,0.319553732872009
ago,2004,0.345086306333542
ago,2005,0.4083032310009
ago,2006,0.445385754108429
ago,2007,0.496756762266159
ago,2008,0.555553615093231
ago,2009,0.556496560573578
ago,2010,0.498962551355362
ago,2011,0.514001429080963
ago,2012,0.529775738716126
ago,2013,0.558548331260681
ago,2014,0.556012570858002
ago,2015,0.484389245510101
ago,2016,0.447912275791168
ago,2017,0.512427151203156
ago,2018,0.422959238290787
ago,2019,0.352130174636841
ago,2020,0.259165942668915
ago,2021,0.32450458407402
ago,2022,0.501556992530823
ago,2023,0.400761634111404
aia,1970,0.0536014586687088
aia,1971,0.0643906071782112
aia,1972,0.0675922110676765
aia,1973,0.0732812806963921
aia,1974,0.0827889144420624
aia,1975,0.0866527482867241
aia,1976,0.0816994681954384
aia,1977,0.0915358886122704
aia,1978,0.0985114797949791
aia,1979,0.104819945991039
aia,1980,0.119142957031727
aia,1981,0.132406830787659
aia,1982,0.151535108685493
aia,1983,0.177248626947403
aia,1984,0.198112085461617
aia,1985,0.22068090736866
aia,1986,0.236194163560867
aia,1987,0.275079280138016
aia,1988,0.316513478755951
aia,1989,0.341236859560013
aia,1990,0.301615625619888
aia,1991,0.390325307846069
aia,1992,0.339745193719864
aia,1993,0.350871205329895
aia,1994,0.379462331533432
aia,1995,0.386998683214188
aia,1996,0.42088919878006
aia,1997,0.468314796686173
aia,1998,0.450059771537781
aia,1999,0.433288097381592
aia,2000,0.471645474433899
aia,2001,0.501919150352478
aia,2002,0.565280437469482
aia,2003,0.524780035018921
aia,2004,0.540012657642365
aia,2005,0.554054260253906
aia,2006,0.632052659988403
aia,2007,0.66523152589798
aia,2008,0.685300350189209
aia,2009,0.714113652706146
aia,2010,0.715238690376282
aia,2011,0.812432765960693
aia,2012,0.879366517066956
aia,2013,1.03483724594116
aia,2014,1.20309948921204
aia,2015,1.45142138004303
aia,2016,1.586874127388
aia,2017,1.74111258983612
aia,2018,2.11468696594238
aia,2019,1.15754818916321
aia,2020,1.09544670581818
aia,2021,1.13622879981995
aia,2022,1.25499773025513
aia,2023,1.27117812633514
alb,1970,0.334087193012238
alb,1971,0.331209570169449
alb,1972,0.328052878379822
alb,1973,0.326023161411285
alb,1974,0.319731622934341
alb,1975,0.316144406795502
alb,1976,0.314723789691925
alb,1977,0.310327619314194
alb,1978,0.306201785802841
alb,1979,0.248638331890106
alb,1980,0.212259605526924
alb,1981,0.210523918271065
alb,1982,0.215070709586144
alb,1983,0.210888803005219
alb,1984,0.207142025232315
alb,1985,0.209095537662506
alb,1986,0.205974921584129
alb,1987,0.201554954051971
alb,1988,0.212507233023644
alb,1989,0.234174117445946
alb,1990,0.175482615828514
alb,1991,0.149296522140503
alb,1992,0.159137725830078
alb,1993,0.152331948280334
alb,1994,0.148241519927979
alb,1995,0.173469737172127
alb,1996,0.20407372713089
alb,1997,0.173934936523438
alb,1998,0.2138951420784
alb,1999,0.237612307071686
alb,2000,0.231816604733467
alb,2001,0.238910362124443
alb,2002,0.246622249484062
alb,2003,0.287369281053543
alb,2004,0.347533762454987
alb,2005,0.353018403053284
alb,2006,0.358288139104843
alb,2007,0.398747801780701
alb,2008,0.437083631753922
alb,2009,0.374960035085678
alb,2010,0.370710790157318
alb,2011,0.379082381725311
alb,2012,0.354742974042892
alb,2013,0.391167223453522
alb,2014,0.386839866638184
alb,2015,0.313218086957932
alb,2016,0.324581861495972
alb,2017,0.344273328781128
alb,2018,0.398732990026474
alb,2019,0.37809944152832
alb,2020,0.386307805776596
alb,2021,0.423930078744888
alb,2022,0.433001041412354
alb,2023,0.513221025466919
are,1970,0.014661849476397
are,1971,0.0174785107374191
are,1972,0.0279054194688797
are,1973,0.0464427694678307
are,1974,0.12332970649004
are,1975,0.123399205505848
are,1976,0.133817672729492
are,1977,0.136386871337891
are,1978,0.133351042866707
are,1979,0.143087863922119
are,1980,0.126932442188263
are,1981,0.148407593369484
are,1982,0.15285262465477
are,1983,0.153683945536613
are,1984,0.148785471916199
are,1985,0.153009504079819
are,1986,0.152886271476746
are,1987,0.188735529780388
are,1988,0.166457712650299
are,1989,0.163884669542313
are,1990,0.170884639024735
are,1991,0.187400951981545
are,1992,0.18956395983696
are,1993,0.241844370961189
are,1994,0.244448512792587
are,1995,0.248194217681885
are,1996,0.263554275035858
are,1997,0.265081018209457
are,1998,0.262582868337631
are,1999,0.269361943006516
are,2000,0.27174898982048
are,2001,0.263384968042374
are,2002,0.27409353852272
are,2003,0.286055356264114
are,2004,0.313602358102798
are,2005,0.331378757953644
are,2006,0.349625796079636
are,2007,0.374820321798325
are,2008,0.422611832618713
are,2009,0.395102709531784
are,2010,0.439972370862961
are,2011,0.454782456159592
are,2012,0.465284258127213
are,2013,0.498058885335922
are,2014,0.489709228277206
are,2015,0.496398329734802
are,2016,0.517891705036163
are,2017,0.586728870868683
are,2018,0.596526026725769
are,2019,0.55564820766449
are,2020,0.488498151302338
are,2021,0.583913326263428
are,2022,0.618564963340759
are,2023,0.629905998706818
arg,1950,0.195042878389359
arg,1951,0.216015636920929
arg,1952,0.225547194480896
arg,1953,0.223162695765495
arg,1954,0.222580268979073
arg,1955,0.226573929190636
arg,1956,0.235936909914017
arg,1957,0.241421595215797
arg,1958,0.244115620851517
arg,1959,0.250420093536377
arg,1960,0.263264119625092
arg,1961,0.266585618257523
arg,1962,0.266189932823181
arg,1963,0.268277168273926
arg,1964,0.280368596315384
arg,1965,0.277282178401947
arg,1966,0.279248356819153
arg,1967,0.285587161779404
arg,1968,0.303541928529739
arg,1969,0.32969269156456
arg,1970,0.322061121463776
arg,1971,0.375415772199631
arg,1972,0.344520837068558
arg,1973,0.358524590730667
arg,1974,0.391464412212372
arg,1975,0.431407630443573
arg,1976,0.455573529005051
arg,1977,0.482429474592209
arg,1978,0.508370876312256
arg,1979,0.552452087402344
arg,1980,0.605864346027374
arg,1981,0.622724831104279
arg,1982,0.610134959220886
arg,1983,0.606063067913055
arg,1984,0.600796818733215
arg,1985,0.589365243911743
arg,1986,0.641098856925964
arg,1987,0.621547400951386
arg,1988,0.681099057197571
arg,1989,0.426737636327744
arg,1990,0.696499943733215
arg,1991,0.79956841468811
arg,1992,0.814220070838928
arg,1993,0.735881805419922
arg,1994,0.688490271568298
arg,1995,0.615534603595734
arg,1996,0.504858314990997
arg,1997,0.525288343429565
arg,1998,0.536705493927002
arg,1999,0.539371967315674
arg,2000,0.544305384159088
arg,2001,0.547134220600128
arg,2002,0.241637855768204
arg,2003,0.28488752245903
arg,2004,0.308406978845596
arg,2005,0.340396374464035
arg,2006,0.364495843648911
arg,2007,0.407093375921249
arg,2008,0.474913954734802
arg,2009,0.456917285919189
arg,2010,0.504032611846924
arg,2011,0.555204033851624
arg,2012,0.599602401256561
arg,2013,0.634781301021576
arg,2014,0.597974002361298
arg,2015,0.651147186756134
arg,2016,0.561834096908569
arg,2017,0.57641464471817
arg,2018,0.452204048633575
arg,2019,0.404539287090302
arg,2020,0.372307509183884
arg,2021,0.413635611534119
arg,2022,0.501947402954102
arg,2023,0.521187782287598
arm,1990,0.0836067199707031
arm,1991,0.0834602043032646
arm,1992,0.0866115838289261
arm,1993,0.0853125676512718
arm,1994,0.120887629687786
arm,1995,0.128757923841476
arm,1996,0.146360501646996
arm,1997,0.143088087439537
arm,1998,0.180590808391571
arm,1999,0.159052193164825
arm,2000,0.161632061004639
arm,2001,0.169138923287392
arm,2002,0.174115642905235
arm,2003,0.180476486682892
arm,2004,0.215482041239738
arm,2005,0.264878541231155
arm,2006,0.303082674741745
arm,2007,0.385168641805649
arm,2008,0.451438963413239
arm,2009,0.359778672456741
arm,2010,0.351831316947937
arm,2011,0.351244747638702
arm,2012,0.306707918643951
arm,2013,0.33374410867691
arm,2014,0.338540852069855
arm,2015,0.30663189291954
arm,2016,0.283098578453064
arm,2017,0.269482135772705
arm,2018,0.281900078058243
arm,2019,0.263406813144684
arm,2020,0.256932079792023
arm,2021,0.276851892471314
arm,2022,0.352284967899323
arm,2023,0.394760191440582
atg,1970,0.0998762249946594
atg,1971,0.112382024526596
atg,1972,0.142104804515839
atg,1973,0.185515895485878
atg,1974,0.21844145655632
atg,1975,0.240388587117195
atg,1976,0.217813059687614
atg,1977,0.224360778927803
atg,1978,0.250725090503693
atg,1979,0.251139461994171
atg,1980,0.365494817495346
atg,1981,0.385394364595413
atg,1982,0.393322616815567
atg,1983,0.358462333679199
atg,1984,0.433213025331497
atg,1985,0.546415209770203
atg,1986,0.460667133331299
atg,1987,0.49330273270607
atg,1988,0.561603307723999
atg,1989,0.581779420375824
atg,1990,0.597052335739136
atg,1991,0.59994113445282
atg,1992,0.651738286018372
atg,1993,0.676353454589844
atg,1994,0.661414921283722
atg,1995,0.698802769184113
atg,1996,0.714818716049194
atg,1997,0.748819708824158
atg,1998,1.14317035675049
atg,1999,0.807055652141571
atg,2000,0.701878547668457
atg,2001,0.826661467552185
atg,2002,0.815932035446167
atg,2003,0.755807876586914
atg,2004,1.02613997459412
atg,2005,0.813218176364899
atg,2006,0.77679455280304
atg,2007,0.682487368583679
atg,2008,0.777718901634216
atg,2009,0.638292014598846
atg,2010,0.602595150470734
atg,2011,0.575065791606903
atg,2012,0.615937292575836
atg,2013,0.679866909980774
atg,2014,1.30048179626465
atg,2015,0.870823085308075
atg,2016,0.974192380905151
atg,2017,1.20086348056793
atg,2018,0.936526954174042
atg,2019,0.881287097930908
atg,2020,0.71970933675766
atg,2021,0.637643873691559
atg,2022,0.756531894207001
atg,2023,0.804746627807617
aus,1950,0.0766292363405228
aus,1951,0.0868736058473587
aus,1952,0.0913089513778687
aus,1953,0.0884851068258286
aus,1954,0.0901557803153992
aus,1955,0.0937887504696846
aus,1956,0.0993027687072754
aus,1957,0.100264221429825
aus,1958,0.100635759532452
aus,1959,0.104727476835251
aus,1960,0.11035992205143
aus,1961,0.108396582305431
aus,1962,0.111119814217091
aus,1963,0.114328168332577
aus,1964,0.119191408157349
aus,1965,0.12377941608429
aus,1966,0.128652974963188
aus,1967,0.132100120186806
aus,1968,0.137444511055946
aus,1969,0.143992483615875
aus,1970,0.15140201151371
aus,1971,0.162366628646851
aus,1972,0.185123935341835
aus,1973,0.255479335784912
aus,1974,0.313468188047409
aus,1975,0.327965706586838
aus,1976,0.338654547929764
aus,1977,0.330782145261765
aus,1978,0.368995606899262
aus,1979,0.394683629274368
aus,1980,0.439574420452118
aus,1981,0.490608781576157
aus,1982,0.476125687360764
aus,1983,0.449838578701019
aus,1984,0.466554135084152
aus,1985,0.396467596292496
aus,1986,0.408093512058258
aus,1987,0.44839471578598
aus,1988,0.537001371383667
aus,1989,0.575452387332916
aus,1990,0.58488529920578
aus,1991,0.602213263511658
aus,1992,0.557951211929321
aus,1993,0.530595004558563
aus,1994,0.581576704978943
aus,1995,0.599738657474518
aus,1996,0.634851455688477
aus,1997,0.605956196784973
aus,1998,0.521621823310852
aus,1999,0.542515456676483
aus,2000,0.50328940153122
aus,2001,0.464827686548233
aus,2002,0.500437140464783
aus,2003,0.617293417453766
aus,2004,0.72483903169632
aus,2005,0.765096724033356
aus,2006,0.805985569953919
aus,2007,0.947896718978882
aus,2008,0.969467341899872
aus,2009,0.920604705810547
aus,2010,1.08335077762604
aus,2011,1.21546614170074
aus,2012,1.26242363452911
aus,2013,1.19010770320892
aus,2014,1.12453401088715
aus,2015,0.991932213306427
aus,2016,0.9739630818367
aus,2017,1.0135555267334
aus,2018,0.992749929428101
aus,2019,0.91670435667038
aus,2020,0.932374954223633
aus,2021,1.06752455234528
aus,2022,1.04524564743042
aus,2023,1.04851961135864
aut,1950,0.0619291514158249
aut,1951,0.0731121823191643
aut,1952,0.0817067250609398
aut,1953,0.0694434344768524
aut,1954,0.0685026794672012
aut,1955,0.0718604922294617
aut,1956,0.0745797231793404
aut,1957,0.0785565078258514
aut,1958,0.0778220295906067
aut,1959,0.0800536870956421
aut,1960,0.0847118347883225
aut,1961,0.0888614058494568
aut,1962,0.0908349230885506
aut,1963,0.0940244048833847
aut,1964,0.098312608897686
aut,1965,0.103247508406639
aut,1966,0.106553688645363
aut,1967,0.109353095293045
aut,1968,0.112207412719727
aut,1969,0.11662095785141
aut,1970,0.123096786439419
aut,1971,0.135611072182655
aut,1972,0.158090680837631
aut,1973,0.202958807349205
aut,1974,0.23826690018177
aut,1975,0.268448203802109
aut,1976,0.280710637569428
aut,1977,0.323502272367477
aut,1978,0.390386015176773
aut,1979,0.45042023062706
aut,1980,0.50084125995636
aut,1981,0.436754137277603
aut,1982,0.433593392372131
aut,1983,0.428425192832947
aut,1984,0.407214611768723
aut,1985,0.403854668140411
aut,1986,0.55247288942337
aut,1987,0.666703760623932
aut,1988,0.668401956558228
aut,1989,0.62709641456604
aut,1990,0.743269681930542
aut,1991,0.730043888092041
aut,1992,0.790519654750824
aut,1993,0.75698322057724
aut,1994,0.766027390956879
aut,1995,0.871190965175629
aut,1996,0.846006095409393
aut,1997,0.714638590812683
aut,1998,0.694751560688019
aut,1999,0.665733695030212
aut,2000,0.57033383846283
aut,2001,0.578816890716553
aut,2002,0.607744336128235
aut,2003,0.741607546806335
aut,2004,0.824142634868622
aut,2005,0.839919865131378
aut,2006,0.857785701751709
aut,2007,0.958254992961884
aut,2008,1.05093514919281
aut,2009,0.990895509719849
aut,2010,0.95574951171875
aut,2011,1.01497507095337
aut,2012,0.947147488594055
aut,2013,1.00888788700104
aut,2014,0.99282306432724
aut,2015,0.820225477218628
aut,2016,0.830291748046875
aut,2017,0.841779887676239
aut,2018,0.877274990081787
aut,2019,0.805920124053955
aut,2020,0.823458909988403
aut,2021,0.870159864425659
aut,2022,0.811918556690216
aut,2023,0.892715573310852
aze,1990,0.120639562606812
aze,1991,0.0806207731366158
aze,1992,0.0805871412158012
aze,1993,0.163519769906998
aze,1994,0.135519176721573
aze,1995,0.14615997672081
aze,1996,0.148568153381348
aze,1997,0.184675440192223
aze,1998,0.20574751496315
aze,1999,0.200027480721474
aze,2000,0.205463960766792
aze,2001,0.201755464076996
aze,2002,0.205416977405548
aze,2003,0.223393097519875
aze,2004,0.249695181846619
aze,2005,0.25722947716713
aze,2006,0.287132531404495
aze,2007,0.328557580709457
aze,2008,0.437825500965118
aze,2009,0.378583759069443
aze,2010,0.380593776702881
aze,2011,0.365632712841034
aze,2012,0.357562154531479
aze,2013,0.397016495466232
aze,2014,0.389368653297424
aze,2015,0.320257037878037
aze,2016,0.240226358175278
aze,2017,0.263204693794251
aze,2018,0.285294324159622
aze,2019,0.26943838596344
aze,2020,0.247641459107399
aze,2021,0.275350570678711
aze,2022,0.362527072429657
aze,2023,0.345068365335465
bdi,1960,0.0945646911859512
bdi,1961,0.113256990909576
bdi,1962,0.108264908194542
bdi,1963,0.113213285803795
bdi,1964,0.126366198062897
bdi,1965,0.0737321972846985
bdi,1966,0.0741947889328003
bdi,1967,0.0710907727479935
bdi,1968,0.0722713395953178
bdi,1969,0.0783875584602356
bdi,1970,0.0826388970017433
bdi,1971,0.0819489881396294
bdi,1972,0.0878161787986755
bdi,1973,0.101593300700188
bdi,1974,0.115709267556667
bdi,1975,0.137895613908768
bdi,1976,0.139620512723923
bdi,1977,0.146314218640327
bdi,1978,0.160298421978951
bdi,1979,0.20151349902153
bdi,1980,0.241853922605515
bdi,1981,0.232096061110497
bdi,1982,0.244179636240006
bdi,1983,0.251379907131195
bdi,1984,0.226247176527977
bdi,1985,0.242072880268097
bdi,1986,0.241294607520103
bdi,1987,0.226289495825768
bdi,1988,0.19535319507122
bdi,1989,0.209604844450951
bdi,1990,0.201021954417229
bdi,1991,0.194761231541634
bdi,1992,0.185657873749733
bdi,1993,0.177386164665222
bdi,1994,0.191276371479034
bdi,1995,0.195922553539276
bdi,1996,0.183526828885078
bdi,1997,0.210313633084297
bdi,1998,0.175249323248863
bdi,1999,0.157361179590225
bdi,2000,0.144307151436806
bdi,2001,0.132873207330704
bdi,2002,0.119662389159203
bdi,2003,0.107461415231228
bdi,2004,0.116342559456825
bdi,2005,0.191023513674736
bdi,2006,0.207640245556831
bdi,2007,0.215663030743599
bdi,2008,0.242079898715019
bdi,2009,0.261797040700913
bdi,2010,0.281471133232117
bdi,2011,0.282526433467865
bdi,2012,0.286143779754639
bdi,2013,0.272312760353088
bdi,2014,0.283378183841705
bdi,2015,0.293762922286987
bdi,2016,0.290471464395523
bdi,2017,0.317621648311615
bdi,2018,0.306295961141586
bdi,2019,0.274838864803314
bdi,2020,0.280078142881393
bdi,2021,0.292753905057907
bdi,2022,0.335318773984909
bdi,2023,0.292772710323334
bel,1950,0.0853040739893913
bel,1951,0.0978049859404564
bel,1952,0.0992010608315468
bel,1953,0.0957845076918602
bel,1954,0.0956589579582214
bel,1955,0.0977073162794113
bel,1956,0.10161204636097
bel,1957,0.105617605149746
bel,1958,0.106663204729557
bel,1959,0.106449067592621
bel,1960,0.112863518297672
bel,1961,0.11348108202219
bel,1962,0.111983552575111
bel,1963,0.115258529782295
bel,1964,0.120749600231647
bel,1965,0.1267279535532
bel,1966,0.131284475326538
bel,1967,0.134542748332024
bel,1968,0.13724610209465
bel,1969,0.143096506595612
bel,1970,0.150117754936218
bel,1971,0.160782620310783
bel,1972,0.188455283641815
bel,1973,0.226630449295044
bel,1974,0.263858526945114
bel,1975,0.311879813671112
bel,1976,0.315714418888092
bel,1977,0.364408880472183
bel,1978,0.427632927894592
bel,1979,0.479332357645035
bel,1980,0.504417538642883
bel,1981,0.441012263298035
bel,1982,0.397752076387405
bel,1983,0.383310556411743
bel,1984,0.366630375385284
bel,1985,0.387278079986572
bel,1986,0.513649702072144
bel,1987,0.612972974777222
bel,1988,0.614937007427216
bel,1989,0.600029826164246
bel,1990,0.729396045207977
bel,1991,0.723533868789673
bel,1992,0.767679035663605
bel,1993,0.736878752708435
bel,1994,0.768534123897553
bel,1995,0.875769376754761
bel,1996,0.859853982925415
bel,1997,0.727088928222656
bel,1998,0.7092724442482
bel,1999,0.676180422306061
bel,2000,0.578443825244904
bel,2001,0.572953701019287
bel,2002,0.598753988742828
bel,2003,0.740979433059692
bel,2004,0.849602520465851
bel,2005,0.86461728811264
bel,2006,0.918078660964966
bel,2007,1.0249992609024
bel,2008,1.10086488723755
bel,2009,1.00332641601563
bel,2010,0.957476317882538
bel,2011,1.03979599475861
bel,2012,0.981692373752594
bel,2013,1.02939736843109
bel,2014,1.05720841884613
bel,2015,0.871402323246002
bel,2016,0.859102666378021
bel,2017,0.895167946815491
bel,2018,0.96107691526413
bel,2019,0.885779500007629
bel,2020,0.885523319244385
bel,2021,0.931275725364685
bel,2022,0.891722500324249
bel,2023,0.95054817199707
ben,1959,0.0487006269395351
ben,1960,0.0488176383078098
ben,1961,0.0491324663162231
ben,1962,0.0495500154793263
ben,1963,0.0500699058175087
ben,1964,0.0497497767210007
ben,1965,0.0496658496558666
ben,1966,0.0488052666187286
ben,1967,0.0485030636191368
ben,1968,0.0495668277144432
ben,1969,0.0498771965503693
ben,1970,0.0477611646056175
ben,1971,0.0493930093944073
ben,1972,0.0581388510763645
ben,1973,0.0668869540095329
ben,1974,0.0667920857667923
ben,1975,0.0954151451587677
ben,1976,0.0946431905031204
ben,1977,0.100028209388256
ben,1978,0.124932013452053
ben,1979,0.146137565374374
ben,1980,0.174517631530762
ben,1981,0.129435822367668
ben,1982,0.17498467862606
ben,1983,0.152825132012367
ben,1984,0.1382697224617
ben,1985,0.123242422938347
ben,1986,0.178475707769394
ben,1987,0.224658459424973
ben,1988,0.226184785366058
ben,1989,0.232077464461327
ben,1990,0.27474182844162
ben,1991,0.263009399175644
ben,1992,0.290092617273331
ben,1993,0.285098612308502
ben,1994,0.214126378297806
ben,1995,0.279192328453064
ben,1996,0.286001592874527
ben,1997,0.248047173023224
ben,1998,0.254414677619934
ben,1999,0.235825702548027
ben,2000,0.204114437103271
ben,2001,0.197443664073944
ben,2002,0.206919565796852
ben,2003,0.248240858316422
ben,2004,0.265761762857437
ben,2005,0.269201844930649
ben,2006,0.28027018904686
ben,2007,0.306979387998581
ben,2008,0.358721852302551
ben,2009,0.353773564100266
ben,2010,0.334216505289078
ben,2011,0.366597652435303
ben,2012,0.359435468912125
ben,2013,0.38582107424736
ben,2014,0.381562918424606
ben,2015,0.319921016693115
ben,2016,0.311553865671158
ben,2017,0.334204852581024
ben,2018,0.365114122629166
ben,2019,0.342296659946442
ben,2020,0.364981263875961
ben,2021,0.398362010717392
ben,2022,0.374884188175201
ben,2023,0.402622550725937
bfa,1959,0.0559319704771042
bfa,1960,0.0671112164855003
bfa,1961,0.0753559619188309
bfa,1962,0.0758124068379402
bfa,1963,0.0811951383948326
bfa,1964,0.081143282353878
bfa,1965,0.0843872800469399
bfa,1966,0.0858681872487068
bfa,1967,0.0812940672039986
bfa,1968,0.080413393676281
bfa,1969,0.082058310508728
bfa,1970,0.0816317200660706
bfa,1971,0.0903744027018547
bfa,1972,0.0932750254869461
bfa,1973,0.115812949836254
bfa,1974,0.118709772825241
bfa,1975,0.143314391374588
bfa,1976,0.136180579662323
bfa,1977,0.148034185171127
bfa,1978,0.173386201262474
bfa,1979,0.230245977640152
bfa,1980,0.248372375965118
bfa,1981,0.214880213141441
bfa,1982,0.196345329284668
bfa,1983,0.190014719963074
bfa,1984,0.174944698810577
bfa,1985,0.191516533493996
bfa,1986,0.226812288165092
bfa,1987,0.269889444112778
bfa,1988,0.280934989452362
bfa,1989,0.278969436883926
bfa,1990,0.331097781658173
bfa,1991,0.313428640365601
bfa,1992,0.332786381244659
bfa,1993,0.304519176483154
bfa,1994,0.199926301836967
bfa,1995,0.218734666705132
bfa,1996,0.213697358965874
bfa,1997,0.185722544789314
bfa,1998,0.199555397033691
bfa,1999,0.195140823721886
bfa,2000,0.165362149477005
bfa,2001,0.171143770217896
bfa,2002,0.185501947999001
bfa,2003,0.230992048978806
bfa,2004,0.251619428396225
bfa,2005,0.258374482393265
bfa,2006,0.264140993356705
bfa,2007,0.306385397911072
bfa,2008,0.370245933532715
bfa,2009,0.368776172399521
bfa,2010,0.360562294721603
bfa,2011,0.411710172891617
bfa,2012,0.393555402755737
bfa,2013,0.399958819150925
bfa,2014,0.41338911652565
bfa,2015,0.333492755889893
bfa,2016,0.321610540151596
bfa,2017,0.327385246753693
bfa,2018,0.358615517616272
bfa,2019,0.337189316749573
bfa,2020,0.356511384248734
bfa,2021,0.385523021221161
bfa,2022,0.35934191942215
bfa,2023,0.374437242746353
bgd,1959,0.0337845683097839
bgd,1960,0.0354090258479118
bgd,1961,0.0357390642166138
bgd,1962,0.0380096957087517
bgd,1963,0.0348785631358624
bgd,1964,0.0380862951278687
bgd,1965,0.0408282354474068
bgd,1966,0.0453502051532269
bgd,1967,0.0468540042638779
bgd,1968,0.0466078519821167
bgd,1969,0.048030186444521
bgd,1970,0.0528796799480915
bgd,1971,0.0483810380101204
bgd,1972,0.0566854290664196
bgd,1973,0.0735021084547043
bgd,1974,0.0867456272244453
bgd,1975,0.0944031104445458
bgd,1976,0.0929793417453766
bgd,1977,0.0910926088690758
bgd,1978,0.11357843130827
bgd,1979,0.123941227793694
bgd,1980,0.140119791030884
bgd,1981,0.139083594083786
bgd,1982,0.126221865415573
bgd,1983,0.126069784164429
bgd,1984,0.134683832526207
bgd,1985,0.133477732539177
bgd,1986,0.137203842401505
bgd,1987,0.154963314533234
bgd,1988,0.160172149538994
bgd,1989,0.156266674399376
bgd,1990,0.154903531074524
bgd,1991,0.159152001142502
bgd,1992,0.158221751451492
bgd,1993,0.158927828073502
bgd,1994,0.161652535200119
bgd,1995,0.173618465662003
bgd,1996,0.1777753084898
bgd,1997,0.184746712446213
bgd,1998,0.193787187337875
bgd,1999,0.209501415491104
bgd,2000,0.205688074231148
bgd,2001,0.199355229735374
bgd,2002,0.196141734719276
bgd,2003,0.209110364317894
bgd,2004,0.221180289983749
bgd,2005,0.216530039906502
bgd,2006,0.241703629493713
bgd,2007,0.247986018657684
bgd,2008,0.254872739315033
bgd,2009,0.262418687343597
bgd,2010,0.259144812822342
bgd,2011,0.242456912994385
bgd,2012,0.242629081010818
bgd,2013,0.27703669667244
bgd,2014,0.289730429649353
bgd,2015,0.299498558044434
bgd,2016,0.322573214769363
bgd,2017,0.333981990814209
bgd,2018,0.329135596752167
bgd,2019,0.334895581007004
bgd,2020,0.330466091632843
bgd,2021,0.337993174791336
bgd,2022,0.326187878847122
bgd,2023,0.311127305030823
bgr,1970,0.0655902028083801
bgr,1971,0.0687031149864197
bgr,1972,0.0713621750473976
bgr,1973,0.0755034387111664
bgr,1974,0.0814488455653191
bgr,1975,0.0876290649175644
bgr,1976,0.0928878262639046
bgr,1977,0.0997554361820221
bgr,1978,0.106864884495735
bgr,1979,0.113690122961998
bgr,1980,0.130236804485321
bgr,1981,0.138367623090744
bgr,1982,0.143144518136978
bgr,1983,0.143499001860619
bgr,1984,0.152079805731773
bgr,1985,0.150774195790291
bgr,1986,0.158376336097717
bgr,1987,0.156675338745117
bgr,1988,0.177047610282898
bgr,1989,0.182478234171867
bgr,1990,0.167623311281204
bgr,1991,0.0650662034749985
bgr,1992,0.0715241357684135
bgr,1993,0.121345825493336
bgr,1994,0.110509410500526
bgr,1995,0.214280232787132
bgr,1996,0.14702083170414
bgr,1997,0.173275977373123
bgr,1998,0.191507712006569
bgr,1999,0.173259511590004
bgr,2000,0.157268479466438
bgr,2001,0.161306589841843
bgr,2002,0.17807999253273
bgr,2003,0.223995119333267
bgr,2004,0.264861524105072
bgr,2005,0.287424594163895
bgr,2006,0.302848815917969
bgr,2007,0.354254990816116
bgr,2008,0.407947033643723
bgr,2009,0.387266963720322
bgr,2010,0.373480707406998
bgr,2011,0.438282907009125
bgr,2012,0.404391825199127
bgr,2013,0.439957916736603
bgr,2014,0.434185922145844
bgr,2015,0.364830285310745
bgr,2016,0.365268081426621
bgr,2017,0.385370880365372
bgr,2018,0.419167786836624
bgr,2019,0.400977253913879
bgr,2020,0.423551738262177
bgr,2021,0.462061196565628
bgr,2022,0.479922086000443
bgr,2023,0.535932064056397
bhr,1970,0.103642776608467
bhr,1971,0.108514435589314
bhr,1972,0.127951830625534
bhr,1973,0.155502960085869
bhr,1974,0.164889022707939
bhr,1975,0.197217464447021
bhr,1976,0.219231113791466
bhr,1977,0.272557556629181
bhr,1978,0.278664350509644
bhr,1979,0.377187699079514
bhr,1980,0.404684215784073
bhr,1981,0.499018341302872
bhr,1982,0.619607925415039
bhr,1983,0.607498168945313
bhr,1984,0.58538955450058
bhr,1985,0.925006330013275
bhr,1986,0.624858915805817
bhr,1987,0.592353582382202
bhr,1988,0.529576659202576
bhr,1989,0.559128046035767
bhr,1990,0.534619748592377
bhr,1991,0.570018112659454
bhr,1992,0.559276759624481
bhr,1993,0.562441825866699
bhr,1994,0.587437868118286
bhr,1995,0.608761548995972
bhr,1996,0.664302527904511
bhr,1997,0.567665874958038
bhr,1998,0.564945340156555
bhr,1999,0.493112325668335
bhr,2000,0.418673008680344
bhr,2001,0.420596808195114
bhr,2002,0.459325343370438
bhr,2003,0.431741833686829
bhr,2004,0.456159561872482
bhr,2005,0.418125063180923
bhr,2006,0.421529471874237
bhr,2007,0.438482940196991
bhr,2008,0.381914108991623
bhr,2009,0.397092044353485
bhr,2010,0.410301715135574
bhr,2011,0.437326282262802
bhr,2012,0.390353411436081
bhr,2013,0.423379927873611
bhr,2014,0.438915610313416
bhr,2015,0.431398510932922
bhr,2016,0.442425072193146
bhr,2017,0.438153862953186
bhr,2018,0.462111800909042
bhr,2019,0.439402729272842
bhr,2020,0.392262846231461
bhr,2021,0.470517218112946
bhr,2022,0.486522167921066
bhr,2023,0.530766606330872
bhs,1970,0.211292207241058
bhs,1971,0.200752839446068
bhs,1972,0.226722210645676
bhs,1973,0.221890538930893
bhs,1974,0.284643679857254
bhs,1975,0.36185285449028
bhs,1976,0.355676174163818
bhs,1977,0.384885251522064
bhs,1978,0.349990010261536
bhs,1979,0.370135366916657
bhs,1980,0.356485813856125
bhs,1981,0.449058443307877
bhs,1982,0.478106617927551
bhs,1983,0.476988941431046
bhs,1984,0.420246869325638
bhs,1985,0.400927484035492
bhs,1986,0.449583917856216
bhs,1987,0.435011237859726
bhs,1988,0.464359223842621
bhs,1989,0.49784916639328
bhs,1990,0.57799232006073
bhs,1991,0.624448418617249
bhs,1992,0.540930449962616
bhs,1993,0.596573531627655
bhs,1994,0.636476099491119
bhs,1995,0.685916125774384
bhs,1996,0.642598807811737
bhs,1997,0.700267374515533
bhs,1998,0.690307676792145
bhs,1999,0.685007870197296
bhs,2000,0.66930228471756
bhs,2001,0.728368699550629
bhs,2002,0.644586622714996
bhs,2003,0.671215116977692
bhs,2004,0.716887712478638
bhs,2005,0.726310670375824
bhs,2006,0.806888282299042
bhs,2007,0.767436146736145
bhs,2008,0.813981294631958
bhs,2009,0.751355469226837
bhs,2010,0.799583673477173
bhs,2011,0.777020037174225
bhs,2012,0.774543702602387
bhs,2013,0.890032112598419
bhs,2014,0.839115917682648
bhs,2015,0.93446272611618
bhs,2016,0.957946300506592
bhs,2017,0.967024564743042
bhs,2018,1.00531768798828
bhs,2019,1.00480854511261
bhs,2020,1.01563227176666
bhs,2021,1.05805826187134
bhs,2022,0.976827740669251
bhs,2023,1.0519278049469
bih,1990,1.65093052387238
bih,1991,1.22302997112274
bih,1992,1.17182421684265
bih,1993,0.704992413520813
bih,1994,0.387580364942551
bih,1995,0.196590483188629
bih,1996,0.14248688519001
bih,1997,0.158120825886726
bih,1998,0.169217109680176
bih,1999,0.169156685471535
bih,2000,0.232007429003716
bih,2001,0.235108226537704
bih,2002,0.257358759641647
bih,2003,0.317568689584732
bih,2004,0.364541977643967
bih,2005,0.366094946861267
bih,2006,0.381568789482117
bih,2007,0.43244606256485
bih,2008,0.496695727109909
bih,2009,0.444624334573746
bih,2010,0.431480824947357
bih,2011,0.447476923465729
bih,2012,0.407018184661865
bih,2013,0.438449949026108
bih,2014,0.44067519903183
bih,2015,0.36798757314682
bih,2016,0.369750201702118
bih,2017,0.387170493602753
bih,2018,0.414592653512955
bih,2019,0.38125815987587
bih,2020,0.39373129606247
bih,2021,0.429810911417007
bih,2022,0.407039552927017
bih,2023,0.456202834844589
blr,1990,0.129276096820831
blr,1991,0.136159911751747
blr,1992,0.137897491455078
blr,1993,0.123977236449718
blr,1994,0.169883459806442
blr,1995,0.162363529205322
blr,1996,0.164574563503265
blr,1997,0.149285942316055
blr,1998,0.163170620799065
blr,1999,0.131200209259987
blr,2000,0.103291131556034
blr,2001,0.125555291771889
blr,2002,0.145439296960831
blr,2003,0.168638244271278
blr,2004,0.203815877437592
blr,2005,0.252579867839813
blr,2006,0.274103343486786
blr,2007,0.304490447044373
blr,2008,0.352524340152741
blr,2009,0.289884835481644
blr,2010,0.296596735715866
blr,2011,0.285335242748261
blr,2012,0.318758815526962
blr,2013,0.361942023038864
blr,2014,0.390862882137299
blr,2015,0.271947264671326
blr,2016,0.232975155115128
blr,2017,0.258376359939575
blr,2018,0.27832493185997
blr,2019,0.271539658308029
blr,2020,0.244527667760849
blr,2021,0.267928838729858
blr,2022,0.300788879394531
blr,2023,0.275988757610321
blz,1970,0.0506567806005478
blz,1971,0.0595330744981766
blz,1972,0.0882160216569901
blz,1973,0.124378599226475
blz,1974,0.152624294161797
blz,1975,0.17941452562809
blz,1976,0.151068121194839
blz,1977,0.17914292216301
blz,1978,0.197275325655937
blz,1979,0.219673350453377
blz,1980,0.272272855043411
blz,1981,0.285349309444428
blz,1982,0.252261638641357
blz,1983,0.263545662164688
blz,1984,0.286536306142807
blz,1985,0.265247195959091
blz,1986,0.250276505947113
blz,1987,0.280868321657181
blz,1988,0.304399520158768
blz,1989,0.326557248830795
blz,1990,0.335657358169556
blz,1991,0.318116098642349
blz,1992,0.366288840770721
blz,1993,0.376832067966461
blz,1994,0.376201927661896
blz,1995,0.401659339666367
blz,1996,0.417824268341064
blz,1997,0.465108305215836
blz,1998,0.474584519863129
blz,1999,0.478818535804749
blz,2000,0.487561792135239
blz,2001,0.507897675037384
blz,2002,0.487657964229584
blz,2003,0.473211497068405
blz,2004,0.487048268318176
blz,2005,0.50187611579895
blz,2006,0.50005704164505
blz,2007,0.511011242866516
blz,2008,0.553676247596741
blz,2009,0.551920175552368
blz,2010,0.532793581485748
blz,2011,0.522080421447754
blz,2012,0.554858803749085
blz,2013,0.612976551055908
blz,2014,0.627253234386444
blz,2015,0.647730886936188
blz,2016,0.667246758937836
blz,2017,0.683070421218872
blz,2018,0.656517684459686
blz,2019,0.608507931232452
blz,2020,0.548716962337494
blz,2021,0.559786140918732
blz,2022,0.592380344867706
blz,2023,0.639068901538849
bmu,1970,0.396293848752975
bmu,1971,0.233639135956764
bmu,1972,0.321205943822861
bmu,1973,0.379222840070725
bmu,1974,0.546759486198425
bmu,1975,0.559363484382629
bmu,1976,0.498268932104111
bmu,1977,0.58348149061203
bmu,1978,0.617830336093903
bmu,1979,0.729747831821442
bmu,1980,1.13540828227997
bmu,1981,1.23340594768524
bmu,1982,1.35366666316986
bmu,1983,1.39068710803986
bmu,1984,1.35588824748993
bmu,1985,1.67341637611389
bmu,1986,1.20695114135742
bmu,1987,0.853583633899689
bmu,1988,1.30663132667542
bmu,1989,2.45064115524292
bmu,1990,1.50623440742493
bmu,1991,1.38019394874573
bmu,1992,1.82582807540894
bmu,1993,1.89783585071564
bmu,1994,4.34647607803345
bmu,1995,1.93625271320343
bmu,1996,2.43826651573181
bmu,1997,1.64098000526428
bmu,1998,21.5537719726563
bmu,1999,4.43851137161255
bmu,2000,698.445739746094
bmu,2001,26.3787631988525
bmu,2002,0.999274253845215
bmu,2003,12.0606355667114
bmu,2004,13.5889568328857
bmu,2005,1.62955164909363
bmu,2006,1.66325080394745
bmu,2007,1.83167624473572
bmu,2008,1.54859590530396
bmu,2009,1.48491203784943
bmu,2010,1.38655400276184
bmu,2011,1.28969442844391
bmu,2012,1.64285004138947
bmu,2013,1.88170266151428
bmu,2014,1.88968729972839
bmu,2015,2.09652519226074
bmu,2016,2.24808645248413
bmu,2017,2.28720498085022
bmu,2018,2.1315655708313
bmu,2019,1.97463500499725
bmu,2020,1.73864030838013
bmu,2021,1.82729554176331
bmu,2022,2.06356382369995
bmu,2023,2.0238471031189
bol,1950,0.0729392319917679
bol,1951,0.0777881219983101
bol,1952,0.079592302441597
bol,1953,0.0806324109435082
bol,1954,0.0808974653482437
bol,1955,0.0836287438869476
bol,1956,0.088407576084137
bol,1957,0.0908261239528656
bol,1958,0.0892904102802277
bol,1959,0.0817181766033173
bol,1960,0.0920236334204674
bol,1961,0.100072085857391
bol,1962,0.101314008235931
bol,1963,0.102219082415104
bol,1964,0.10620591044426
bol,1965,0.111612819135189
bol,1966,0.111182734370232
bol,1967,0.11621980369091
bol,1968,0.109211012721062
bol,1969,0.112498044967651
bol,1970,0.117632403969765
bol,1971,0.120416544377804
bol,1972,0.135810106992722
bol,1973,0.128332152962685
bol,1974,0.197126463055611
bol,1975,0.206177204847336
bol,1976,0.229237303137779
bol,1977,0.21635340154171
bol,1978,0.234233751893044
bol,1979,0.247436180710793
bol,1980,0.260690689086914
bol,1981,0.281445115804672
bol,1982,0.295194119215012
bol,1983,0.293135404586792
bol,1984,0.300945729017258
bol,1985,0.292297065258026
bol,1986,0.288887530565262
bol,1987,0.28268900513649
bol,1988,0.298923999071121
bol,1989,0.293006300926209
bol,1990,0.284207046031952
bol,1991,0.292211592197418
bol,1992,0.293485343456268
bol,1993,0.280373245477676
bol,1994,0.270140558481216
bol,1995,0.272006750106812
bol,1996,0.26999831199646
bol,1997,0.283231317996979
bol,1998,0.295297861099243
bol,1999,0.285918176174164
bol,2000,0.286208987236023
bol,2001,0.265398889780045
bol,2002,0.24406161904335
bol,2003,0.237410798668861
bol,2004,0.242128401994705
bol,2005,0.244005531072617
bol,2006,0.276796191930771
bol,2007,0.29895156621933
bol,2008,0.33694189786911
bol,2009,0.333671420812607
bol,2010,0.342217117547989
bol,2011,0.368891149759293
bol,2012,0.375700801610947
bol,2013,0.385569512844086
bol,2014,0.392480313777924
bol,2015,0.376091331243515
bol,2016,0.366921901702881
bol,2017,0.372774511575699
bol,2018,0.380595058202744
bol,2019,0.36976358294487
bol,2020,0.362750232219696
bol,2021,0.364813983440399
bol,2022,0.383829951286316
bol,2023,0.383625835180283
bra,1950,0.139202699065208
bra,1951,0.160570651292801
bra,1952,0.177481353282928
bra,1953,0.185237064957619
bra,1954,0.147819206118584
bra,1955,0.127077713608742
bra,1956,0.136487305164337
bra,1957,0.144246786832809
bra,1958,0.127281293272972
bra,1959,0.103281661868095
bra,1960,0.0715792775154114
bra,1961,0.0622370094060898
bra,1962,0.0767970383167267
bra,1963,0.0828362256288528
bra,1964,0.0729560405015945
bra,1965,0.0691790506243706
bra,1966,0.0823814198374748
bra,1967,0.0876931622624397
bra,1968,0.0871238261461258
bra,1969,0.0921534672379494
bra,1970,0.0926151499152184
bra,1971,0.0922159254550934
bra,1972,0.105316370725632
bra,1973,0.133806586265564
bra,1974,0.157299429178238
bra,1975,0.177167922258377
bra,1976,0.19336111843586
bra,1977,0.219773128628731
bra,1978,0.239483028650284
bra,1979,0.247226521372795
bra,1980,0.253282189369202
bra,1981,0.286442071199417
bra,1982,0.305618673563004
bra,1983,0.220141366124153
bra,1984,0.215470358729363
bra,1985,0.219372346997261
bra,1986,0.232799008488655
bra,1987,0.247882544994354
bra,1988,0.275013625621796
bra,1989,0.366227090358734
bra,1990,0.406076371669769
bra,1991,0.348107874393463
bra,1992,0.323250442743301
bra,1993,0.336416840553284
bra,1994,0.427663892507553
bra,1995,0.486853718757629
bra,1996,0.444946765899658
bra,1997,0.4754678606987
bra,1998,0.482786864042282
bra,1999,0.343913733959198
bra,2000,0.373577147722244
bra,2001,0.319220662117004
bra,2002,0.283813863992691
bra,2003,0.313595622777939
bra,2004,0.358901351690292
bra,2005,0.454126477241516
bra,2006,0.51833564043045
bra,2007,0.592763602733612
bra,2008,0.647668838500977
bra,2009,0.592665195465088
bra,2010,0.690366923809052
bra,2011,0.72932779788971
bra,2012,0.689849674701691
bra,2013,0.692426145076752
bra,2014,0.687146425247192
bra,2015,0.536653637886047
bra,2016,0.560986340045929
bra,2017,0.636164903640747
bra,2018,0.566073179244995
bra,2019,0.532418787479401
bra,2020,0.427889466285706
bra,2021,0.455082803964615
bra,2022,0.510074198246002
bra,2023,0.556657195091248
brb,1960,0.0493310801684856
brb,1961,0.0507169365882874
brb,1962,0.0490528270602226
brb,1963,0.0550020933151245
brb,1964,0.0549302287399769
brb,1965,0.0552589893341064
brb,1966,0.0561524070799351
brb,1967,0.0566080622375011
brb,1968,0.0533430762588978
brb,1969,0.052609171718359
brb,1970,0.0560784675180912
brb,1971,0.060826763510704
brb,1972,0.0682020038366318
brb,1973,0.0874402895569801
brb,1974,0.126603066921234
brb,1975,0.125438034534454
brb,1976,0.171672120690346
brb,1977,0.192163974046707
brb,1978,0.22367388010025
brb,1979,0.263130605220795
brb,1980,0.359684854745865
brb,1981,0.40107798576355
brb,1982,0.403532147407532
brb,1983,0.407468378543854
brb,1984,0.426793426275253
brb,1985,0.492445051670074
brb,1986,0.44916969537735
brb,1987,0.449294447898865
brb,1988,0.454293161630631
brb,1989,0.465906828641892
brb,1990,0.492746591567993
brb,1991,0.449494332075119
brb,1992,0.591302216053009
brb,1993,0.585963070392609
brb,1994,0.369127601385117
brb,1995,0.352467179298401
brb,1996,0.349898815155029
brb,1997,0.402151316404343
brb,1998,0.436292678117752
brb,1999,0.465460956096649
brb,2000,0.506779074668884
brb,2001,0.525915145874023
brb,2002,0.538191080093384
brb,2003,0.599825978279114
brb,2004,0.620766818523407
brb,2005,0.711900591850281
brb,2006,0.792285799980164
brb,2007,0.798759639263153
brb,2008,0.900080919265747
brb,2009,0.927899718284607
brb,2010,0.976934492588043
brb,2011,1.09628021717072
brb,2012,1.20006656646729
brb,2013,1.30838394165039
brb,2014,1.31147623062134
brb,2015,1.36413168907166
brb,2016,1.40617656707764
brb,2017,1.51059412956238
brb,2018,1.69622564315796
brb,2019,1.83278846740723
brb,2020,1.68810892105103
brb,2021,2.00252270698547
brb,2022,2.38857221603394
brb,2023,2.21086192131043
brn,1970,0.0325162932276726
brn,1971,0.0315284878015518
brn,1972,0.0388051308691502
brn,1973,0.0536844991147518
brn,1974,0.105368070304394
brn,1975,0.111292235553265
brn,1976,0.123673431575298
brn,1977,0.15180604159832
brn,1978,0.155518442392349
brn,1979,0.166592046618462
brn,1980,0.285467147827148
brn,1981,0.266733705997467
brn,1982,0.277270555496216
brn,1983,0.255080610513687
brn,1984,0.256856054067612
brn,1985,0.242243811488152
brn,1986,0.207183882594109
brn,1987,0.216624647378922
brn,1988,0.227766484022141
brn,1989,0.22819159924984
brn,1990,0.239958450198174
brn,1991,0.289246469736099
brn,1992,0.236849009990692
brn,1993,0.256251186132431
brn,1994,0.278219372034073
brn,1995,0.345508098602295
brn,1996,0.293423742055893
brn,1997,0.342885762453079
brn,1998,0.299210667610168
brn,1999,0.289556175470352
brn,2000,0.315394252538681
brn,2001,0.311438471078873
brn,2002,0.305554002523422
brn,2003,0.302153497934341
brn,2004,0.322055488824844
brn,2005,0.326139032840729
brn,2006,0.342541962862015
brn,2007,0.372033417224884
brn,2008,0.410502463579178
brn,2009,0.389344960451126
brn,2010,0.422076106071472
brn,2011,0.445715665817261
brn,2012,0.436490923166275
brn,2013,0.443265557289124
brn,2014,0.450688689947128
brn,2015,0.408495515584946
brn,2016,0.390763610601425
brn,2017,0.387020587921143
brn,2018,0.417277604341507
brn,2019,0.376662254333496
brn,2020,0.317818492650986
brn,2021,0.372873514890671
brn,2022,0.432915180921555
brn,2023,0.396600931882858
btn,1970,0.100605823099613
btn,1971,0.104793757200241
btn,1972,0.10899006575346
btn,1973,0.121373064815998
btn,1974,0.137863412499428
btn,1975,0.132274597883225
btn,1976,0.12350058555603
btn,1977,0.127706930041313
btn,1978,0.113691113889217
btn,1979,0.121179804205894
btn,1980,0.148675426840782
btn,1981,0.141168504953384
btn,1982,0.140885412693024
btn,1983,0.140335276722908
btn,1984,0.135457381606102
btn,1985,0.13212226331234
btn,1986,0.145058169960976
btn,1987,0.168000847101212
btn,1988,0.171663716435432
btn,1989,0.16051858663559
btn,1990,0.168488994240761
btn,1991,0.13888418674469
btn,1992,0.12632243335247
btn,1993,0.127033904194832
btn,1994,0.149780169129372
btn,1995,0.165469348430634
btn,1996,0.164825245738029
btn,1997,0.166914641857147
btn,1998,0.160959810018539
btn,1999,0.154182568192482
btn,2000,0.160726293921471
btn,2001,0.158849254250526
btn,2002,0.156601920723915
btn,2003,0.163421645760536
btn,2004,0.16077946126461
btn,2005,0.188296675682068
btn,2006,0.205977499485016
btn,2007,0.26628902554512
btn,2008,0.246784508228302
btn,2009,0.227058470249176
btn,2010,0.248950704932213
btn,2011,0.264648854732513
btn,2012,0.246712252497673
btn,2013,0.280152469873428
btn,2014,0.270468384027481
btn,2015,0.25152462720871
btn,2016,0.245429188013077
btn,2017,0.261404901742935
btn,2018,0.259843081235886
btn,2019,0.25459149479866
btn,2020,0.238846614956856
btn,2021,0.256477743387222
btn,2022,0.272269725799561
btn,2023,0.267523497343063
bwa,1960,0.0784612447023392
bwa,1961,0.0777568221092224
bwa,1962,0.0751564353704453
bwa,1963,0.0761976018548012
bwa,1964,0.0779248028993607
bwa,1965,0.087762638926506
bwa,1966,0.0878570750355721
bwa,1967,0.0805245041847229
bwa,1968,0.0810326933860779
bwa,1969,0.09771478921175
bwa,1970,0.105570524930954
bwa,1971,0.109054625034332
bwa,1972,0.1111815944314
bwa,1973,0.135453298687935
bwa,1974,0.179693847894669
bwa,1975,0.185896560549736
bwa,1976,0.177318423986435
bwa,1977,0.201644405722618
bwa,1978,0.214324280619621
bwa,1979,0.2503582239151
bwa,1980,0.332023113965988
bwa,1981,0.334471076726913
bwa,1982,0.271481245756149
bwa,1983,0.247987359762192
bwa,1984,0.206201404333115
bwa,1985,0.152069821953774
bwa,1986,0.189344793558121
bwa,1987,0.239908218383789
bwa,1988,0.250291913747788
bwa,1989,0.332189857959747
bwa,1990,0.381971120834351
bwa,1991,0.367444217205048
bwa,1992,0.3645940721035
bwa,1993,0.355966687202454
bwa,1994,0.359481871128082
bwa,1995,0.368772596120834
bwa,1996,0.334982395172119
bwa,1997,0.321555107831955
bwa,1998,0.294813305139542
bwa,1999,0.305429071187973
bwa,2000,0.300406247377396
bwa,2001,0.286257535219193
bwa,2002,0.236638516187668
bwa,2003,0.330978631973267
bwa,2004,0.373855203390121
bwa,2005,0.361731588840485
bwa,2006,0.364068567752838
bwa,2007,0.368465185165405
bwa,2008,0.294885814189911
bwa,2009,0.341407299041748
bwa,2010,0.400815933942795
bwa,2011,0.440740555524826
bwa,2012,0.43880495429039
bwa,2013,0.452932894229889
bwa,2014,0.439083486795425
bwa,2015,0.392187356948853
bwa,2016,0.396966278553009
bwa,2017,0.40840870141983
bwa,2018,0.439786523580551
bwa,2019,0.415187537670136
bwa,2020,0.402348399162293
bwa,2021,0.456263959407806
bwa,2022,0.471578687429428
bwa,2023,0.427688509225845
caf,1960,0.0733214095234871
caf,1961,0.0741354674100876
caf,1962,0.0747518613934517
caf,1963,0.0824927911162376
caf,1964,0.0866945758461952
caf,1965,0.0905848443508148
caf,1966,0.0944986715912819
caf,1967,0.0979539677500725
caf,1968,0.100592337548733
caf,1969,0.0982152223587036
caf,1970,0.0943558067083359
caf,1971,0.104221120476723
caf,1972,0.1239994764328
caf,1973,0.131109267473221
caf,1974,0.14930334687233
caf,1975,0.202874884009361
caf,1976,0.243287295103073
caf,1977,0.259778201580048
caf,1978,0.305779784917831
caf,1979,0.357577413320541
caf,1980,0.437914609909058
caf,1981,0.334586352109909
caf,1982,0.310202300548553
caf,1983,0.289367377758026
caf,1984,0.257790476083756
caf,1985,0.253692477941513
caf,1986,0.33381175994873
caf,1987,0.384497553110123
caf,1988,0.384023249149323
caf,1989,0.353954523801804
caf,1990,0.419100642204285
caf,1991,0.408229619264603
caf,1992,0.431994378566742
caf,1993,0.398752391338348
caf,1994,0.21830902993679
caf,1995,0.277346253395081
caf,1996,0.293969392776489
caf,1997,0.261359959840775
caf,1998,0.25703489780426
caf,1999,0.268825203180313
caf,2000,0.238446578383446
caf,2001,0.238247230648994
caf,2002,0.253565400838852
caf,2003,0.304004639387131
caf,2004,0.328935921192169
caf,2005,0.337960004806519
caf,2006,0.349941164255142
caf,2007,0.377497255802155
caf,2008,0.425957560539246
caf,2009,0.400160402059555
caf,2010,0.39562913775444
caf,2011,0.440569460391998
caf,2012,0.414441525936127
caf,2013,0.405447453260422
caf,2014,0.491388589143753
caf,2015,0.39280903339386
caf,2016,0.39751872420311
caf,2017,0.436260014772415
caf,2018,0.447437882423401
caf,2019,0.413520872592926
caf,2020,0.40109184384346
caf,2021,0.422785371541977
caf,2022,0.403013736009598
caf,2023,0.453028619289398
can,1950,0.0946386307477951
can,1951,0.110253691673279
can,1952,0.122418247163296
can,1953,0.121633641421795
can,1954,0.12426333874464
can,1955,0.125339180231094
can,1956,0.131080389022827
can,1957,0.137837484478951
can,1958,0.136887952685356
can,1959,0.141358852386475
can,1960,0.143405854701996
can,1961,0.136663571000099
can,1962,0.131295621395111
can,1963,0.132264569401741
can,1964,0.135680302977562
can,1965,0.141164183616638
can,1966,0.147473409771919
can,1967,0.15345373749733
can,1968,0.158687338232994
can,1969,0.16637609899044
can,1970,0.179496049880981
can,1971,0.192307516932488
can,1972,0.207186594605446
can,1973,0.223928704857826
can,1974,0.265603065490723
can,1975,0.283133715391159
can,1976,0.319519877433777
can,1977,0.318100839853287
can,1978,0.315663665533066
can,1979,0.33594161272049
can,1980,0.372382283210754
can,1981,0.403175204992294
can,1982,0.422553420066834
can,1983,0.443212598562241
can,1984,0.433334618806839
can,1985,0.426082938909531
can,1986,0.43929597735405
can,1987,0.471320480108261
can,1988,0.528250932693481
can,1989,0.564391195774078
can,1990,0.592450261116028
can,1991,0.62966912984848
can,1992,0.591234385967255
can,1993,0.570837914943695
can,1994,0.54617965221405
can,1995,0.547344088554382
can,1996,0.558694183826447
can,1997,0.555964708328247
can,1998,0.525320708751679
can,1999,0.524417221546173
can,2000,0.537613689899445
can,2001,0.534852862358093
can,2002,0.541489601135254
can,2003,0.615858733654022
can,2004,0.67716383934021
can,2005,0.729851424694061
can,2006,0.808914065361023
can,2007,0.883610427379608
can,2008,0.903957068920136
can,2009,0.873105764389038
can,2010,0.967114984989166
can,2011,1.01147353649139
can,2012,1.03272700309753
can,2013,1.02262151241303
can,2014,0.957805335521698
can,2015,0.84828108549118
can,2016,0.819960236549377
can,2017,0.843778789043427
can,2018,0.862341940402985
can,2019,0.873239755630493
can,2020,0.862492978572846
can,2021,0.972541332244873
can,2022,1.00611519813538
can,2023,0.993142366409302
che,1950,0.0578444488346577
che,1951,0.0582200773060322
che,1952,0.0609654188156128
che,1953,0.0614556930959225
che,1954,0.0614990815520287
che,1955,0.0621303021907806
che,1956,0.0624125823378563
che,1957,0.0640577599406242
che,1958,0.0678105652332306
che,1959,0.0672275498509407
che,1960,0.0698303580284119
che,1961,0.0725059658288956
che,1962,0.0758283957839012
che,1963,0.079732321202755
che,1964,0.0836636796593666
che,1965,0.0873974189162254
che,1966,0.0914578288793564
che,1967,0.0949941426515579
che,1968,0.0976421162486076
che,1969,0.100040383636951
che,1970,0.111156523227692
che,1971,0.128179222345352
che,1972,0.152070909738541
che,1973,0.198982939124107
che,1974,0.227483525872231
che,1975,0.283289402723312
che,1976,0.299222528934479
che,1977,0.313907384872437
che,1978,0.43305054306984
che,1979,0.473314374685288
che,1980,0.488760769367218
che,1981,0.447471648454666
che,1982,0.458994776010513
che,1983,0.45314621925354
che,1984,0.426372617483139
che,1985,0.418192923069
che,1986,0.575860798358917
che,1987,0.712631165981293
che,1988,0.754011571407318
che,1989,0.692723214626312
che,1990,0.846047878265381
che,1991,0.85644268989563
che,1992,0.888096570968628
che,1993,0.854999661445618
che,1994,0.920800030231476
che,1995,1.06878817081451
che,1996,1.02153396606445
che,1997,0.844755947589874
che,1998,0.830946326255798
che,1999,0.800331830978394
che,2000,0.733835279941559
che,2001,0.75049638748169
che,2002,0.796379685401917
che,2003,0.93155163526535
che,2004,1.00696265697479
che,2005,0.99236661195755
che,2006,0.979148745536804
che,2007,0.998543918132782
che,2008,1.09694063663483
che,2009,1.07009375095367
che,2010,1.12774324417114
che,2011,1.19435000419617
che,2012,1.10479009151459
che,2013,1.15783035755157
che,2014,1.17423641681671
che,2015,1.07775282859802
che,2016,1.03387796878815
che,2017,1.0333012342453
che,2018,1.06489646434784
che,2019,1.00421059131622
che,2020,1.04595053195953
che,2021,1.05750513076782
che,2022,1.02218186855316
che,2023,1.11849963665009
chl,1951,0.0977518856525421
chl,1952,0.107108697295189
chl,1953,0.122378841042519
chl,1954,0.144213825464249
chl,1955,0.149310886859894
chl,1956,0.118656575679779
chl,1957,0.0948141068220139
chl,1958,0.0881549045443535
chl,1959,0.0888112708926201
chl,1960,0.0923710241913796
chl,1961,0.118899993598461
chl,1962,0.112485803663731
chl,1963,0.10597138851881
chl,1964,0.104211986064911
chl,1965,0.108786210417748
chl,1966,0.114494010806084
chl,1967,0.107165776193142
chl,1968,0.106065206229687
chl,1969,0.116215273737907
chl,1970,0.125560343265533
chl,1971,0.132660567760468
chl,1972,0.143253281712532
chl,1973,0.211629599332809
chl,1974,0.216077700257301
chl,1975,0.118582360446453
chl,1976,0.155616864562035
chl,1977,0.193173587322235
chl,1978,0.206949979066849
chl,1979,0.258610218763351
chl,1980,0.324701577425003
chl,1981,0.370134621858597
chl,1982,0.302420020103455
chl,1983,0.257236212491989
chl,1984,0.246309041976929
chl,1985,0.216568812727928
chl,1986,0.243054702877998
chl,1987,0.262950479984283
chl,1988,0.278407692909241
chl,1989,0.288902103900909
chl,1990,0.311251372098923
chl,1991,0.327337384223938
chl,1992,0.345743000507355
chl,1993,0.34468549489975
chl,1994,0.358847141265869
chl,1995,0.399376899003983
chl,1996,0.397696375846863
chl,1997,0.42421555519104
chl,1998,0.408371686935425
chl,1999,0.390918284654617
chl,2000,0.38817685842514
chl,2001,0.35555899143219
chl,2002,0.346794545650482
chl,2003,0.360673367977142
chl,2004,0.425420999526978
chl,2005,0.474565863609314
chl,2006,0.507436215877533
chl,2007,0.527849853038788
chl,2008,0.561129510402679
chl,2009,0.528099656105042
chl,2010,0.583804428577423
chl,2011,0.609253585338593
chl,2012,0.607288420200348
chl,2013,0.621716678142548
chl,2014,0.568784236907959
chl,2015,0.529912710189819
chl,2016,0.546441078186035
chl,2017,0.580733716487885
chl,2018,0.601398587226868
chl,2019,0.561078429222107
chl,2020,0.536003112792969
chl,2021,0.625705897808075
chl,2022,0.589475512504578
chl,2023,0.653870463371277
chn,1952,0.107356533408165
chn,1953,0.12087570130825
chn,1954,0.123530857264996
chn,1955,0.123839437961578
chn,1956,0.127569392323494
chn,1957,0.126431852579117
chn,1958,0.137577459216118
chn,1959,0.148175597190857
chn,1960,0.151739403605461
chn,1961,0.15242150425911
chn,1962,0.143860071897507
chn,1963,0.143209919333458
chn,1964,0.15024596452713
chn,1965,0.157030284404755
chn,1966,0.157512605190277
chn,1967,0.15337036550045
chn,1968,0.153233528137207
chn,1969,0.156009912490845
chn,1970,0.1629748493433
chn,1971,0.163251340389252
chn,1972,0.179481104016304
chn,1973,0.203340440988541
chn,1974,0.20377142727375
chn,1975,0.215406149625778
chn,1976,0.207775205373764
chn,1977,0.219036564230919
chn,1978,0.24294824898243
chn,1979,0.277233064174652
chn,1980,0.302077621221542
chn,1981,0.277664542198181
chn,1982,0.252360820770264
chn,1983,0.244780465960503
chn,1984,0.215481206774712
chn,1985,0.183003082871437
chn,1986,0.166459962725639
chn,1987,0.167326867580414
chn,1988,0.190619751811028
chn,1989,0.207171723246574
chn,1990,0.174917921423912
chn,1991,0.166134566068649
chn,1992,0.172449842095375
chn,1993,0.190822079777718
chn,1994,0.158568069338799
chn,1995,0.191038966178894
chn,1996,0.204981952905655
chn,1997,0.212741449475288
chn,1998,0.209847405552864
chn,1999,0.202978044748306
chn,2000,0.203362017869949
chn,2001,0.204470053315163
chn,2002,0.204385668039322
chn,2003,0.209115445613861
chn,2004,0.221648305654526
chn,2005,0.2242451608181
chn,2006,0.251562267541885
chn,2007,0.296001225709915
chn,2008,0.356696784496307
chn,2009,0.367658466100693
chn,2010,0.395801603794098
chn,2011,0.452793776988983
chn,2012,0.473475396633148
chn,2013,0.521856963634491
chn,2014,0.542752504348755
chn,2015,0.549171626567841
chn,2016,0.535523056983948
chn,2017,0.553624391555786
chn,2018,0.584298551082611
chn,2019,0.561894595623016
chn,2020,0.568293154239655
chn,2021,0.621928691864014
chn,2022,0.601239144802094
chn,2023,0.576027929782867
civ,1960,0.0877724662423134
civ,1961,0.0936282575130463
civ,1962,0.0923092737793922
civ,1963,0.0948647856712341
civ,1964,0.0988851934671402
civ,1965,0.102519378066063
civ,1966,0.101009413599968
civ,1967,0.101432852447033
civ,1968,0.105077937245369
civ,1969,0.101789511740208
civ,1970,0.0974124521017075
civ,1971,0.0973320677876473
civ,1972,0.109063215553761
civ,1973,0.140324905514717
civ,1974,0.158012956380844
civ,1975,0.192808598279953
civ,1976,0.205398321151733
civ,1977,0.257372975349426
civ,1978,0.295729041099548
civ,1979,0.338386327028275
civ,1980,0.425426691770554
civ,1981,0.335596203804016
civ,1982,0.292428195476532
civ,1983,0.259008944034576
civ,1984,0.251768201589584
civ,1985,0.227770283818245
civ,1986,0.288425415754318
civ,1987,0.325825214385986
civ,1988,0.323692142963409
civ,1989,0.3071668446064
civ,1990,0.368936955928803
civ,1991,0.350154459476471
civ,1992,0.3476422727108
civ,1993,0.325922042131424
civ,1994,0.247375696897507
civ,1995,0.287862062454224
civ,1996,0.290459305047989
civ,1997,0.280475080013275
civ,1998,0.294251024723053
civ,1999,0.296020895242691
civ,2000,0.256455302238464
civ,2001,0.267239093780518
civ,2002,0.298941552639008
civ,2003,0.335510611534119
civ,2004,0.383853822946548
civ,2005,0.399286657571793
civ,2006,0.39705416560173
civ,2007,0.430907547473907
civ,2008,0.486077308654785
civ,2009,0.439630180597305
civ,2010,0.429376512765884
civ,2011,0.424205988645554
civ,2012,0.396656215190887
civ,2013,0.43689838051796
civ,2014,0.447186440229416
civ,2015,0.37980455160141
civ,2016,0.382643699645996
civ,2017,0.393648236989975
civ,2018,0.411331474781036
civ,2019,0.382491052150726
civ,2020,0.401471257209778
civ,2021,0.434615343809128
civ,2022,0.398019880056381
civ,2023,0.421735793352127
cmr,1960,0.0708484053611755
cmr,1961,0.0794910192489624
cmr,1962,0.084334135055542
cmr,1963,0.0835154578089714
cmr,1964,0.0871709138154984
cmr,1965,0.0872220695018768
cmr,1966,0.0877536162734032
cmr,1967,0.10539523512125
cmr,1968,0.111571781337261
cmr,1969,0.110212080180645
cmr,1970,0.11025857925415
cmr,1971,0.121473394334316
cmr,1972,0.149140998721123
cmr,1973,0.195500805974007
cmr,1974,0.205090373754501
cmr,1975,0.259516358375549
cmr,1976,0.296972155570984
cmr,1977,0.307841390371323
cmr,1978,0.325132220983505
cmr,1979,0.40945041179657
cmr,1980,0.458289086818695
cmr,1981,0.380592048168182
cmr,1982,0.334546536207199
cmr,1983,0.305607944726944
cmr,1984,0.267576187849045
cmr,1985,0.248604312539101
cmr,1986,0.318080455064774
cmr,1987,0.355497539043427
cmr,1988,0.358189284801483
cmr,1989,0.342136979103088
cmr,1990,0.395852088928223
cmr,1991,0.403735607862473
cmr,1992,0.402632892131805
cmr,1993,0.418000996112824
cmr,1994,0.235778614878654
cmr,1995,0.271105706691742
cmr,1996,0.270487397909164
cmr,1997,0.244896963238716
cmr,1998,0.255604952573776
cmr,1999,0.251566827297211
cmr,2000,0.217478156089783
cmr,2001,0.220108106732368
cmr,2002,0.245517447590828
cmr,2003,0.301375955343246
cmr,2004,0.335117846727371
cmr,2005,0.326216757297516
cmr,2006,0.339342951774597
cmr,2007,0.375279277563095
cmr,2008,0.416959702968597
cmr,2009,0.409597247838974
cmr,2010,0.388875335454941
cmr,2011,0.413377583026886
cmr,2012,0.386454820632935
cmr,2013,0.41482150554657
cmr,2014,0.422037780284882
cmr,2015,0.355111032724381
cmr,2016,0.353951513767242
cmr,2017,0.364130318164825
cmr,2018,0.370238095521927
cmr,2019,0.340440660715103
cmr,2020,0.340395718812943
cmr,2021,0.35031858086586
cmr,2022,0.330915421247482
cmr,2023,0.360195577144623
cod,1950,0.062497366219759
cod,1951,0.0707881674170494
cod,1952,0.0755068585276604
cod,1953,0.0700180381536484
cod,1954,0.0714157223701477
cod,1955,0.0721213519573212
cod,1956,0.0743753015995026
cod,1957,0.0753016397356987
cod,1958,0.0740560218691826
cod,1959,0.0745633468031883
cod,1960,0.071056991815567
cod,1961,0.0756296813488007
cod,1962,0.0721630752086639
cod,1963,0.0729440972208977
cod,1964,0.0819174870848656
cod,1965,0.0713503584265709
cod,1966,0.0724567025899887
cod,1967,0.0799731016159058
cod,1968,0.0818743482232094
cod,1969,0.0830636546015739
cod,1970,0.077830895781517
cod,1971,0.087277777493
cod,1972,0.0679729282855988
cod,1973,0.0704861879348755
cod,1974,0.0742385983467102
cod,1975,0.0943532437086105
cod,1976,0.104208193719387
cod,1977,0.1072698533535
cod,1978,0.109949752688408
cod,1979,0.104940585792065
cod,1980,0.112695463001728
cod,1981,0.131076842546463
cod,1982,0.135146006941795
cod,1983,0.139156565070152
cod,1984,0.13290286064148
cod,1985,0.142970323562622
cod,1986,0.162337616086006
cod,1987,0.17498716711998
cod,1988,0.16943584382534
cod,1989,0.179504096508026
cod,1990,0.204348042607307
cod,1991,0.242781549692154
cod,1992,0.170575812458992
cod,1993,0.192303016781807
cod,1994,0.255988240242004
cod,1995,0.253499656915665
cod,1996,0.29042199254036
cod,1997,0.290807217359543
cod,1998,0.334613502025604
cod,1999,0.286185055971146
cod,2000,0.301286220550537
cod,2001,0.301300466060638
cod,2002,0.303349912166595
cod,2003,0.2860506772995
cod,2004,0.299023181200027
cod,2005,0.315620601177216
cod,2006,0.349263399839401
cod,2007,0.379198580980301
cod,2008,0.452167391777039
cod,2009,0.413890063762665
cod,2010,0.427110701799393
cod,2011,0.470406919717789
cod,2012,0.501811265945435
cod,2013,0.510504901409149
cod,2014,0.503259599208832
cod,2015,0.480119496583939
cod,2016,0.442211836576462
cod,2017,0.422636568546295
cod,2018,0.488561481237412
cod,2019,0.483382701873779
cod,2020,0.454084128141403
cod,2021,0.516079723834992
cod,2022,0.580494105815888
cod,2023,0.610882997512817
cog,1960,0.117125473916531
cog,1961,0.144758850336075
cog,1962,0.104380212724209
cog,1963,0.0916158705949783
cog,1964,0.0911678746342659
cog,1965,0.0984839126467705
cog,1966,0.11989438533783
cog,1967,0.126511693000793
cog,1968,0.116902425885201
cog,1969,0.110598362982273
cog,1970,0.099559985101223
cog,1971,0.100610256195068
cog,1972,0.120693676173687
cog,1973,0.136295527219772
cog,1974,0.134507209062576
cog,1975,0.167343199253082
cog,1976,0.164589673280716
cog,1977,0.161845162510872
cog,1978,0.203985780477524
cog,1979,0.23978416621685
cog,1980,0.346138626337051
cog,1981,0.487427622079849
cog,1982,0.467651814222336
cog,1983,0.277306646108627
cog,1984,0.24745862185955
cog,1985,0.2388566583395
cog,1986,0.32180392742157
cog,1987,0.420176088809967
cog,1988,0.440057784318924
cog,1989,0.475899279117584
cog,1990,0.454118698835373
cog,1991,0.486159771680832
cog,1992,0.461311906576157
cog,1993,0.491199910640717
cog,1994,0.390392482280731
cog,1995,0.482398986816406
cog,1996,0.465955674648285
cog,1997,0.384452760219574
cog,1998,0.317040473222733
cog,1999,0.327225714921951
cog,2000,0.441366672515869
cog,2001,0.40902903676033
cog,2002,0.365679711103439
cog,2003,0.363512814044952
cog,2004,0.374591708183289
cog,2005,0.386735498905182
cog,2006,0.441539376974106
cog,2007,0.593440711498261
cog,2008,0.580177247524262
cog,2009,0.586842775344849
cog,2010,0.47724175453186
cog,2011,0.503646492958069
cog,2012,0.506679475307465
cog,2013,0.564910292625427
cog,2014,0.56536591053009
cog,2015,0.466722160577774
cog,2016,0.4659623503685
cog,2017,0.483483076095581
cog,2018,0.462470382452011
cog,2019,0.404432892799377
cog,2020,0.335869789123535
cog,2021,0.367405444383621
cog,2022,0.357970833778381
cog,2023,0.369732081890106
col,1950,0.127872049808502
col,1951,0.116126298904419
col,1952,0.111951686441898
col,1953,0.114475093781948
col,1954,0.1249825283885
col,1955,0.126174673438072
col,1956,0.138754919171333
col,1957,0.11002229899168
col,1958,0.0755657255649567
col,1959,0.0816380009055138
col,1960,0.0852044746279717
col,1961,0.0905556008219719
col,1962,0.0939676910638809
col,1963,0.0888992473483086
col,1964,0.101831309497356
col,1965,0.0984492897987366
col,1966,0.0880065709352493
col,1967,0.0886767283082008
col,1968,0.0863982662558556
col,1969,0.0877265706658363
col,1970,0.0896200910210609
col,1971,0.0879940614104271
col,1972,0.0891225263476372
col,1973,0.0957840457558632
col,1974,0.105624578893185
col,1975,0.105421744287014
col,1976,0.115926206111908
col,1977,0.140428304672241
col,1978,0.156080886721611
col,1979,0.180956184864044
col,1980,0.205278739333153
col,1981,0.222347468137741
col,1982,0.236129403114319
col,1983,0.235401511192322
col,1984,0.228182047605515
col,1985,0.207453563809395
col,1986,0.195559948682785
col,1987,0.202165573835373
col,1988,0.211120963096619
col,1989,0.208108320832253
col,1990,0.202950462698936
col,1991,0.209984108805656
col,1992,0.235039725899696
col,1993,0.252643644809723
col,1994,0.294681638479233
col,1995,0.319385409355164
col,1996,0.334868788719177
col,1997,0.360729724168777
col,1998,0.341390520334244
col,1999,0.31526979804039
col,2000,0.297006636857986
col,2001,0.290935218334198
col,2002,0.284523576498032
col,2003,0.26600593328476
col,2004,0.313665151596069
col,2005,0.365191519260407
col,2006,0.371843338012695
col,2007,0.431033432483673
col,2008,0.461694121360779
col,2009,0.433492302894592
col,2010,0.487206399440765
col,2011,0.507536947727203
col,2012,0.544483423233032
col,2013,0.5572909116745
col,2014,0.537286579608917
col,2015,0.413312554359436
col,2016,0.406791120767593
col,2017,0.438997328281403
col,2018,0.445149391889572
col,2019,0.405093908309937
col,2020,0.355700314044952
col,2021,0.380116254091263
col,2022,0.381697416305542
col,2023,0.398713558912277
com,1960,0.047593142837286
com,1961,0.0472076870501041
com,1962,0.0440727137029171
com,1963,0.0472980700433254
com,1964,0.0482916757464409
com,1965,0.0474246852099896
com,1966,0.0483799614012241
com,1967,0.0483318977057934
com,1968,0.0511819012463093
com,1969,0.0504394508898258
com,1970,0.043246503919363
com,1971,0.0455440804362297
com,1972,0.0521618574857712
com,1973,0.0652941539883614
com,1974,0.0728231370449066
com,1975,0.105137705802917
com,1976,0.103777512907982
com,1977,0.109688453376293
com,1978,0.13943050801754
com,1979,0.172737970948219
com,1980,0.187907561659813
com,1981,0.176455587148666
com,1982,0.152903705835342
com,1983,0.155368834733963
com,1984,0.130020886659622
com,1985,0.135734423995018
com,1986,0.172807678580284
com,1987,0.208316490054131
com,1988,0.225115537643433
com,1989,0.226103708148003
com,1990,0.286882996559143
com,1991,0.296742826700211
com,1992,0.308664590120316
com,1993,0.314637780189514
com,1994,0.241582378745079
com,1995,0.255406856536865
com,1996,0.263429373502731
com,1997,0.233667239546776
com,1998,0.257945537567139
com,1999,0.263255417346954
com,2000,0.247877970337868
com,2001,0.240144550800324
com,2002,0.262431740760803
com,2003,0.337635487318039
com,2004,0.393895119428635
com,2005,0.35531359910965
com,2006,0.381603538990021
com,2007,0.448489785194397
com,2008,0.479759961366653
com,2009,0.464531868696213
com,2010,0.478963106870651
com,2011,0.483547419309616
com,2012,0.439684242010117
com,2013,0.470788151025772
com,2014,0.469880253076553
com,2015,0.383284360170364
com,2016,0.376984149217606
com,2017,0.382547199726105
com,2018,0.414415180683136
com,2019,0.412717819213867
com,2020,0.39893713593483
com,2021,0.447660893201828
com,2022,0.447172671556473
com,2023,0.446854203939438
cpv,1960,0.120349422097206
cpv,1961,0.121146023273468
cpv,1962,0.134408622980118
cpv,1963,0.136067926883698
cpv,1964,0.137186199426651
cpv,1965,0.137669384479523
cpv,1966,0.133646950125694
cpv,1967,0.140456274151802
cpv,1968,0.138811200857162
cpv,1969,0.140841513872147
cpv,1970,0.144889026880264
cpv,1971,0.154614716768265
cpv,1972,0.170176595449448
cpv,1973,0.207190990447998
cpv,1974,0.204762384295464
cpv,1975,0.284094452857971
cpv,1976,0.261416792869568
cpv,1977,0.257526904344559
cpv,1978,0.270646870136261
cpv,1979,0.279596239328384
cpv,1980,0.291872799396515
cpv,1981,0.266026854515076
cpv,1982,0.247801348567009
cpv,1983,0.226334914565086
cpv,1984,0.22551903128624
cpv,1985,0.226534366607666
cpv,1986,0.274480819702148
cpv,1987,0.326946288347244
cpv,1988,0.359813123941422
cpv,1989,0.342668801546097
cpv,1990,0.413168609142303
cpv,1991,0.41346201300621
cpv,1992,0.439514845609665
cpv,1993,0.415790796279907
cpv,1994,0.399520099163055
cpv,1995,0.515759408473969
cpv,1996,0.441654890775681
cpv,1997,0.444057166576386
cpv,1998,0.415992707014084
cpv,1999,0.406257122755051
cpv,2000,0.35378623008728
cpv,2001,0.337663918733597
cpv,2002,0.353291362524033
cpv,2003,0.432052254676819
cpv,2004,0.451218754053116
cpv,2005,0.470511555671692
cpv,2006,0.499630570411682
cpv,2007,0.519082188606262
cpv,2008,0.56079363822937
cpv,2009,0.509849071502686
cpv,2010,0.470529466867447
cpv,2011,0.487409740686417
cpv,2012,0.473026990890503
cpv,2013,0.523424804210663
cpv,2014,0.523811876773834
cpv,2015,0.423881322145462
cpv,2016,0.407178997993469
cpv,2017,0.411243945360184
cpv,2018,0.48449581861496
cpv,2019,0.45448112487793
cpv,2020,0.462784647941589
cpv,2021,0.484612971544266
cpv,2022,0.494892507791519
cpv,2023,0.52411699295044
cri,1950,0.0894090011715889
cri,1951,0.0938455387949944
cri,1952,0.0905747786164284
cri,1953,0.0853002965450287
cri,1954,0.0893631502985954
cri,1955,0.0870157927274704
cri,1956,0.0921850726008415
cri,1957,0.0949047133326531
cri,1958,0.0878272280097008
cri,1959,0.090609684586525
cri,1960,0.0908905789256096
cri,1961,0.0879344046115875
cri,1962,0.0792643651366234
cri,1963,0.0801069140434265
cri,1964,0.0811828672885895
cri,1965,0.0796791613101959
cri,1966,0.0810156911611557
cri,1967,0.0832509547472
cri,1968,0.08628299087286
cri,1969,0.0902450308203697
cri,1970,0.0955109521746635
cri,1971,0.099797435104847
cri,1972,0.107566550374031
cri,1973,0.125147119164467
cri,1974,0.133606672286987
cri,1975,0.152243077754974
cri,1976,0.173339352011681
cri,1977,0.19765605032444
cri,1978,0.21592353284359
cri,1979,0.237777337431908
cri,1980,0.284797638654709
cri,1981,0.155943647027016
cri,1982,0.165415242314339
cri,1983,0.196390926837921
cri,1984,0.212509781122208
cri,1985,0.222014397382736
cri,1986,0.225487023591995
cri,1987,0.232436999678612
cri,1988,0.230366349220276
cri,1989,0.245198354125023
cri,1990,0.25919833779335
cri,1991,0.249644741415977
cri,1992,0.271482020616531
cri,1993,0.283432990312576
cri,1994,0.294765830039978
cri,1995,0.312806069850922
cri,1996,0.321494400501251
cri,1997,0.333040624856949
cri,1998,0.325354635715485
cri,1999,0.335691571235657
cri,2000,0.340857714414597
cri,2001,0.347861230373383
cri,2002,0.352384924888611
cri,2003,0.352241605520248
cri,2004,0.362117767333984
cri,2005,0.368009477853775
cri,2006,0.401038080453873
cri,2007,0.444965749979019
cri,2008,0.485921531915665
cri,2009,0.4532191157341
cri,2010,0.544212400913239
cri,2011,0.589753329753876
cri,2012,0.613178431987763
cri,2013,0.663320779800415
cri,2014,0.633201003074646
cri,2015,0.62431275844574
cri,2016,0.610360085964203
cri,2017,0.573358178138733
cri,2018,0.568663477897644
cri,2019,0.539322972297669
cri,2020,0.555652797222138
cri,2021,0.539607107639313
cri,2022,0.559165894985199
cri,2023,0.676884233951569
cuw,2005,0.545889794826508
cuw,2006,0.560348987579346
cuw,2007,0.606656491756439
cuw,2008,0.668915092945099
cuw,2009,0.720520496368408
cuw,2010,0.751875698566437
cuw,2011,0.768373668193817
cuw,2012,0.794095039367676
cuw,2013,0.803937196731567
cuw,2014,0.836232542991638
cuw,2015,0.786722719669342
cuw,2016,0.775598406791687
cuw,2017,0.793292582035065
cuw,2018,0.806183695793152
cuw,2019,0.769089996814728
cuw,2020,0.77391254901886
cuw,2021,0.739829123020172
cuw,2022,0.791318297386169
cuw,2023,0.796437084674835
cym,1970,0.101165376603603
cym,1971,0.120192587375641
cym,1972,0.147361755371094
cym,1973,0.161479324102402
cym,1974,0.164566650986671
cym,1975,0.184275940060616
cym,1976,0.197716355323792
cym,1977,0.225757703185081
cym,1978,0.236476495862007
cym,1979,0.24382284283638
cym,1980,0.265189915895462
cym,1981,0.293516159057617
cym,1982,0.321658313274384
cym,1983,0.38905680179596
cym,1984,0.40264418721199
cym,1985,0.462217301130295
cym,1986,0.471800774335861
cym,1987,0.480700045824051
cym,1988,0.541194140911102
cym,1989,0.552148580551148
cym,1990,0.527941465377808
cym,1991,0.579177737236023
cym,1992,0.643507778644562
cym,1993,0.610319375991821
cym,1994,0.686481237411499
cym,1995,0.720495700836182
cym,1996,0.776954412460327
cym,1997,0.718581199645996
cym,1998,0.801262080669403
cym,1999,0.854639649391174
cym,2000,0.818522274494171
cym,2001,0.837176144123077
cym,2002,0.886289179325104
cym,2003,0.926680982112885
cym,2004,1.01471447944641
cym,2005,1.04022228717804
cym,2006,0.971679508686066
cym,2007,0.981796741485596
cym,2008,1.0346782207489
cym,2009,1.04565668106079
cym,2010,1.12292861938477
cym,2011,1.11303544044495
cym,2012,1.18152022361755
cym,2013,1.2153308391571
cym,2014,1.21132862567902
cym,2015,1.11177349090576
cym,2016,1.34574711322784
cym,2017,1.13777208328247
cym,2018,1.31452572345734
cym,2019,1.34035623073578
cym,2020,1.28933751583099
cym,2021,1.33391332626343
cym,2022,1.35091316699982
cym,2023,1.44576632976532
cyp,1950,0.0774083659052849
cyp,1951,0.0888723134994507
cyp,1952,0.0933892801403999
cyp,1953,0.0910043120384216
cyp,1954,0.0879837945103645
cyp,1955,0.0909815058112145
cyp,1956,0.0962297841906548
cyp,1957,0.0984653681516647
cyp,1958,0.104667566716671
cyp,1959,0.104803919792175
cyp,1960,0.112484738230705
cyp,1961,0.109283551573753
cyp,1962,0.10350226610899
cyp,1963,0.106319449841976
cyp,1964,0.113312147557735
cyp,1965,0.11167299747467
cyp,1966,0.115841314196587
cyp,1967,0.116614229977131
cyp,1968,0.106115579605103
cyp,1969,0.106835797429085
cyp,1970,0.110462792217731
cyp,1971,0.117158301174641
cyp,1972,0.134899616241455
cyp,1973,0.166272073984146
cyp,1974,0.196751654148102
cyp,1975,0.203603267669678
cyp,1976,0.187455132603645
cyp,1977,0.191725760698318
cyp,1978,0.225906133651733
cyp,1979,0.261198401451111
cyp,1980,0.302205115556717
cyp,1981,0.288835614919663
cyp,1982,0.274535119533539
cyp,1983,0.259506851434708
cyp,1984,0.245382204651833
cyp,1985,0.258203983306885
cyp,1986,0.316741406917572
cyp,1987,0.349192291498184
cyp,1988,0.379831910133362
cyp,1989,0.364932179450989
cyp,1990,0.430784165859222
cyp,1991,0.44065797328949
cyp,1992,0.514276742935181
cyp,1993,0.496296226978302
cyp,1994,0.524452745914459
cyp,1995,0.579937100410461
cyp,1996,0.58955442905426
cyp,1997,0.55456006526947
cyp,1998,0.594322085380554
cyp,1999,0.564440667629242
cyp,2000,0.477739095687866
cyp,2001,0.477630198001862
cyp,2002,0.533016383647919
cyp,2003,0.705893218517304
cyp,2004,0.820476770401001
cyp,2005,0.843012630939484
cyp,2006,0.876757740974426
cyp,2007,0.977495670318604
cyp,2008,1.01172757148743
cyp,2009,0.887400090694428
cyp,2010,0.859340310096741
cyp,2011,0.996493756771088
cyp,2012,0.888734996318817
cyp,2013,0.959055781364441
cyp,2014,0.982248067855835
cyp,2015,0.778543174266815
cyp,2016,0.743185043334961
cyp,2017,0.790310621261597
cyp,2018,0.897991001605988
cyp,2019,0.783911108970642
cyp,2020,0.809933245182037
cyp,2021,0.937418460845947
cyp,2022,1.02041804790497
cyp,2023,1.03530132770538
cze,1990,0.157516121864319
cze,1991,0.136942163109779
cze,1992,0.160029172897339
cze,1993,0.18540096282959
cze,1994,0.206549763679504
cze,1995,0.250761717557907
cze,1996,0.272191673517227
cze,1997,0.256154328584671
cze,1998,0.282038062810898
cze,1999,0.2751225233078
cze,2000,0.251996129751205
cze,2001,0.261151701211929
cze,2002,0.31575608253479
cze,2003,0.371535152196884
cze,2004,0.431107759475708
cze,2005,0.472429990768433
cze,2006,0.513555288314819
cze,2007,0.570975661277771
cze,2008,0.727535724639893
cze,2009,0.633709967136383
cze,2010,0.638903021812439
cze,2011,0.668705701828003
cze,2012,0.610602617263794
cze,2013,0.62659877538681
cze,2014,0.590882658958435
cze,2015,0.497601687908173
cze,2016,0.499725818634033
cze,2017,0.527341187000275
cze,2018,0.578611791133881
cze,2019,0.544780135154724
cze,2020,0.556983828544617
cze,2021,0.617991626262665
cze,2022,0.622434139251709
cze,2023,0.708793759346008
deu,1950,0.0731852203607559
deu,1951,0.0804552063345909
deu,1952,0.0837628915905953
deu,1953,0.082714207470417
deu,1954,0.0822108760476112
deu,1955,0.0827977806329727
deu,1956,0.0847894102334976
deu,1957,0.087364487349987
deu,1958,0.0905055701732636
deu,1959,0.0916924700140953
deu,1960,0.0955801755189896
deu,1961,0.104674495756626
deu,1962,0.10989435762167
deu,1963,0.11387437582016
deu,1964,0.116640403866768
deu,1965,0.12128221988678
deu,1966,0.125058248639107
deu,1967,0.126908749341965
deu,1968,0.129140883684158
deu,1969,0.136153221130371
deu,1970,0.158110201358795
deu,1971,0.176878839731216
deu,1972,0.201930493116379
deu,1973,0.255086362361908
deu,1974,0.282474339008331
deu,1975,0.309724241495132
deu,1976,0.311728596687317
deu,1977,0.347790092229843
deu,1978,0.415134698152542
deu,1979,0.475075453519821
deu,1980,0.51017153263092
deu,1981,0.439628660678864
deu,1982,0.434150069952011
deu,1983,0.430948138237
deu,1984,0.402662724256516
deu,1985,0.403557330369949
deu,1986,0.540072381496429
deu,1987,0.646329343318939
deu,1988,0.661217451095581
deu,1989,0.630037248134613
deu,1990,0.747995853424072
deu,1991,0.73942506313324
deu,1992,0.822096526622772
deu,1993,0.791312694549561
deu,1994,0.807503402233124
deu,1995,0.917894542217255
deu,1996,0.877217710018158
deu,1997,0.746919572353363
deu,1998,0.722871780395508
deu,1999,0.683314800262451
deu,2000,0.590896129608154
deu,2001,0.577453374862671
deu,2002,0.614215910434723
deu,2003,0.731840074062347
deu,2004,0.803329586982727
deu,2005,0.784490168094635
deu,2006,0.794545292854309
deu,2007,0.864026606082916
deu,2008,0.939450740814209
deu,2009,0.89708411693573
deu,2010,0.856892824172974
deu,2011,0.901860475540161
deu,2012,0.855779111385346
deu,2013,0.906584084033966
deu,2014,0.915172219276428
deu,2015,0.777989625930786
deu,2016,0.771572947502136
deu,2017,0.794655501842499
deu,2018,0.840380012989044
deu,2019,0.791267573833466
deu,2020,0.814348876476288
deu,2021,0.862195134162903
deu,2022,0.813235938549042
deu,2023,0.890534043312073
dji,1970,0.0581208504736424
dji,1971,0.0613752752542496
dji,1972,0.0706981495022774
dji,1973,0.0847657397389412
dji,1974,0.111987039446831
dji,1975,0.109231933951378
dji,1976,0.124856434762478
dji,1977,0.154096588492394
dji,1978,0.159957364201546
dji,1979,0.178350254893303
dji,1980,0.196220189332962
dji,1981,0.205957025289536
dji,1982,0.199002265930176
dji,1983,0.198501065373421
dji,1984,0.202270686626434
dji,1985,0.215574488043785
dji,1986,0.231828212738037
dji,1987,0.235741674900055
dji,1988,0.248221412301064
dji,1989,0.268745690584183
dji,1990,0.300653010606766
dji,1991,0.309294104576111
dji,1992,0.268314033746719
dji,1993,0.2088253647089
dji,1994,0.314712733030319
dji,1995,0.259945660829544
dji,1996,0.294899433851242
dji,1997,0.265594333410263
dji,1998,0.2677843272686
dji,1999,0.264364540576935
dji,2000,0.273961842060089
dji,2001,0.28490623831749
dji,2002,0.300318568944931
dji,2003,0.289464890956879
dji,2004,0.29615843296051
dji,2005,0.295142650604248
dji,2006,0.262691229581833
dji,2007,0.273527175188065
dji,2008,0.281764805316925
dji,2009,0.372517168521881
dji,2010,0.487318158149719
dji,2011,0.440930068492889
dji,2012,0.476406186819077
dji,2013,0.550518274307251
dji,2014,0.568082273006439
dji,2015,0.509072303771973
dji,2016,0.533771395683289
dji,2017,0.579041540622711
dji,2018,0.606746196746826
dji,2019,0.462744444608688
dji,2020,0.449713259935379
dji,2021,0.50936633348465
dji,2022,0.472007840871811
dji,2023,0.426223784685135
dma,1970,0.0727265179157257
dma,1971,0.0744537711143494
dma,1972,0.0742485225200653
dma,1973,0.0799471214413643
dma,1974,0.11115575581789
dma,1975,0.110972337424755
dma,1976,0.103078790009022
dma,1977,0.11498336493969
dma,1978,0.127266988158226
dma,1979,0.14492155611515
dma,1980,0.178498059511185
dma,1981,0.175966918468475
dma,1982,0.181559324264526
dma,1983,0.19334502518177
dma,1984,0.207113653421402
dma,1985,0.236679822206497
dma,1986,0.246029272675514
dma,1987,0.258986830711365
dma,1988,0.279861360788345
dma,1989,0.305508702993393
dma,1990,0.319555401802063
dma,1991,0.351319015026093
dma,1992,0.358566701412201
dma,1993,0.368134349584579
dma,1994,0.405213207006454
dma,1995,0.396950930356979
dma,1996,0.398181259632111
dma,1997,0.448806524276733
dma,1998,0.537216722965241
dma,1999,0.548336088657379
dma,2000,0.506923794746399
dma,2001,0.631269752979279
dma,2002,0.630969226360321
dma,2003,0.621135115623474
dma,2004,0.668493509292603
dma,2005,0.629159390926361
dma,2006,0.640276193618774
dma,2007,0.627499282360077
dma,2008,0.607983767986298
dma,2009,0.716070234775543
dma,2010,0.648052036762238
dma,2011,0.696468532085419
dma,2012,0.63788628578186
dma,2013,0.671733498573303
dma,2014,0.661105453968048
dma,2015,0.699651002883911
dma,2016,0.685946583747864
dma,2017,0.661939084529877
dma,2018,0.639201045036316
dma,2019,0.612008392810822
dma,2020,0.565846860408783
dma,2021,0.566168248653412
dma,2022,0.593941867351532
dma,2023,0.613921701908112
dnk,1950,0.0685771480202675
dnk,1951,0.0747475102543831
dnk,1952,0.0775346159934998
dnk,1953,0.077844612300396
dnk,1954,0.079115740954876
dnk,1955,0.0825270190834999
dnk,1956,0.0870493501424789
dnk,1957,0.088627465069294
dnk,1958,0.0894796550273895
dnk,1959,0.0926700308918953
dnk,1960,0.0976156666874886
dnk,1961,0.101533457636833
dnk,1962,0.106788970530033
dnk,1963,0.112020701169968
dnk,1964,0.117795094847679
dnk,1965,0.126226335763931
dnk,1966,0.134337961673737
dnk,1967,0.138444229960442
dnk,1968,0.134728536009789
dnk,1969,0.14398081600666
dnk,1970,0.156822696328163
dnk,1971,0.169714987277985
dnk,1972,0.197962060570717
dnk,1973,0.252044320106506
dnk,1974,0.291470497846603
dnk,1975,0.34911236166954
dnk,1976,0.363786578178406
dnk,1977,0.396685361862183
dnk,1978,0.467284142971039
dnk,1979,0.529263973236084
dnk,1980,0.540834367275238
dnk,1981,0.488170593976975
dnk,1982,0.466446697711945
dnk,1983,0.46193590760231
dnk,1984,0.441315948963165
dnk,1985,0.454104542732239
dnk,1986,0.594735741615295
dnk,1987,0.722896337509155
dnk,1988,0.757474601268768
dnk,1989,0.725306510925293
dnk,1990,0.880896031856537
dnk,1991,0.869121491909027
dnk,1992,0.921198666095734
dnk,1993,0.865224361419678
dnk,1994,0.889445960521698
dnk,1995,1.02548766136169
dnk,1996,1.01128315925598
dnk,1997,0.879492342472076
dnk,1998,0.84778904914856
dnk,1999,0.81456845998764
dnk,2000,0.707079946994782
dnk,2001,0.706312954425812
dnk,2002,0.751444578170776
dnk,2003,0.93335223197937
dnk,2004,1.03125774860382
dnk,2005,1.05449938774109
dnk,2006,1.07478952407837
dnk,2007,1.18745601177216
dnk,2008,1.28052139282227
dnk,2009,1.1823205947876
dnk,2010,1.12814033031464
dnk,2011,1.16202366352081
dnk,2012,1.11751508712769
dnk,2013,1.19992017745972
dnk,2014,1.23194372653961
dnk,2015,1.02849864959717
dnk,2016,1.01776707172394
dnk,2017,1.03213942050934
dnk,2018,1.08322906494141
dnk,2019,0.992425978183746
dnk,2020,1.00939571857452
dnk,2021,1.07186830043793
dnk,2022,1.01678395271301
dnk,2023,1.04115688800812
dom,1951,0.091131791472435
dom,1952,0.09018374979496
dom,1953,0.0887590944766998
dom,1954,0.0873166546225548
dom,1955,0.0863565877079964
dom,1956,0.0900841876864433
dom,1957,0.0975701808929443
dom,1958,0.0947058498859406
dom,1959,0.084536723792553
dom,1960,0.0798063725233078
dom,1961,0.0794315189123154
dom,1962,0.0859382450580597
dom,1963,0.0967721864581108
dom,1964,0.100389070808887
dom,1965,0.0941034257411957
dom,1966,0.0982532873749733
dom,1967,0.101317442953587
dom,1968,0.106559440493584
dom,1969,0.112734973430634
dom,1970,0.118443176150322
dom,1971,0.123098239302635
dom,1972,0.122125118970871
dom,1973,0.131396174430847
dom,1974,0.168409526348114
dom,1975,0.198606818914413
dom,1976,0.191067054867744
dom,1977,0.223688408732414
dom,1978,0.22989097237587
dom,1979,0.259630590677261
dom,1980,0.329459249973297
dom,1981,0.317864000797272
dom,1982,0.338187754154205
dom,1983,0.343523353338242
dom,1984,0.370614528656006
dom,1985,0.155931890010834
dom,1986,0.176673799753189
dom,1987,0.147719949483871
dom,1988,0.127006366848946
dom,1989,0.195397406816483
dom,1990,0.238758012652397
dom,1991,0.243446260690689
dom,1992,0.247483029961586
dom,1993,0.253383725881577
dom,1994,0.269666314125061
dom,1995,0.298593580722809
dom,1996,0.315335243940353
dom,1997,0.312429219484329
dom,1998,0.300621598958969
dom,1999,0.287026286125183
dom,2000,0.311056971549988
dom,2001,0.295877158641815
dom,2002,0.310184419155121
dom,2003,0.263499408960342
dom,2004,0.264912396669388
dom,2005,0.373749494552612
dom,2006,0.351102292537689
dom,2007,0.370762437582016
dom,2008,0.396232753992081
dom,2009,0.371692389249802
dom,2010,0.38208931684494
dom,2011,0.403246253728867
dom,2012,0.419009298086166
dom,2013,0.430686861276627
dom,2014,0.432931005954742
dom,2015,0.41793018579483
dom,2016,0.40984046459198
dom,2017,0.419252395629883
dom,2018,0.419695228338242
dom,2019,0.394945085048676
dom,2020,0.363472074270248
dom,2021,0.385042995214462
dom,2022,0.447417497634888
dom,2023,0.46557480096817
dza,1960,0.022876538336277
dza,1961,0.0237262323498726
dza,1962,0.0367555767297745
dza,1963,0.0430038757622242
dza,1964,0.0442957803606987
dza,1965,0.0445142239332199
dza,1966,0.0478001050651073
dza,1967,0.0469973534345627
dza,1968,0.047538161277771
dza,1969,0.0480653494596481
dza,1970,0.0477199070155621
dza,1971,0.05104024335742
dza,1972,0.0600827820599079
dza,1973,0.0705080628395081
dza,1974,0.0789915695786476
dza,1975,0.086360901594162
dza,1976,0.0974200218915939
dza,1977,0.104094803333282
dza,1978,0.116421677172184
dza,1979,0.135801449418068
dza,1980,0.170466914772987
dza,1981,0.161763399839401
dza,1982,0.157864436507225
dza,1983,0.162577450275421
dza,1984,0.170202627778053
dza,1985,0.176598489284515
dza,1986,0.225145518779755
dza,1987,0.239073738455772
dza,1988,0.241341963410378
dza,1989,0.221695944666863
dza,1990,0.238482758402824
dza,1991,0.188396990299225
dza,1992,0.189607575535774
dza,1993,0.209898322820663
dza,1994,0.174810111522675
dza,1995,0.167150810360909
dza,1996,0.179112538695335
dza,1997,0.189011126756668
dza,1998,0.180566713213921
dza,1999,0.173586174845696
dza,2000,0.17391462624073
dza,2001,0.174787163734436
dza,2002,0.169899165630341
dza,2003,0.185327455401421
dza,2004,0.219436347484589
dza,2005,0.232764765620232
dza,2006,0.242314055562019
dza,2007,0.271971166133881
dza,2008,0.322930186986923
dza,2009,0.277803003787994
dza,2010,0.285456657409668
dza,2011,0.327910751104355
dza,2012,0.347498446702957
dza,2013,0.359628796577454
dza,2014,0.364134967327118
dza,2015,0.296179354190826
dza,2016,0.293036878108978
dza,2017,0.309793293476105
dza,2018,0.316951900720596
dza,2019,0.308406114578247
dza,2020,0.284730225801468
dza,2021,0.299126118421555
dza,2022,0.339665025472641
dza,2023,0.369972556829453
ecu,1950,0.0289986375719309
ecu,1951,0.0277002062648535
ecu,1952,0.0311215780675411
ecu,1953,0.0285201855003834
ecu,1954,0.0270421728491783
ecu,1955,0.0272434446960688
ecu,1956,0.027161855250597
ecu,1957,0.0283880494534969
ecu,1958,0.0295876860618591
ecu,1959,0.0290043838322163
ecu,1960,0.0292783305048943
ecu,1961,0.0299458615481854
ecu,1962,0.0321544967591763
ecu,1963,0.0338709950447083
ecu,1964,0.0350917316973209
ecu,1965,0.0365670695900917
ecu,1966,0.0383327417075634
ecu,1967,0.0380600318312645
ecu,1968,0.0395827181637287
ecu,1969,0.0435335710644722
ecu,1970,0.0470383763313293
ecu,1971,0.0433573573827744
ecu,1972,0.0484805665910244
ecu,1973,0.0715317502617836
ecu,1974,0.126096561551094
ecu,1975,0.133723571896553
ecu,1976,0.148560076951981
ecu,1977,0.175328120589256
ecu,1978,0.17815862596035
ecu,1979,0.207200825214386
ecu,1980,0.252924293279648
ecu,1981,0.288473188877106
ecu,1982,0.265075266361237
ecu,1983,0.230051353573799
ecu,1984,0.227389976382256
ecu,1985,0.22654365003109
ecu,1986,0.210235506296158
ecu,1987,0.189316511154175
ecu,1988,0.187593787908554
ecu,1989,0.199341207742691
ecu,1990,0.209383562207222
ecu,1991,0.225272655487061
ecu,1992,0.231300339102745
ecu,1993,0.269227474927902
ecu,1994,0.320451110601425
ecu,1995,0.34747987985611
ecu,1996,0.353837996721268
ecu,1997,0.412987411022186
ecu,1998,0.408014088869095
ecu,1999,0.303327292203903
ecu,2000,0.249383211135864
ecu,2001,0.320779800415039
ecu,2002,0.336056113243103
ecu,2003,0.360231876373291
ecu,2004,0.356199860572815
ecu,2005,0.340614080429077
ecu,2006,0.356847822666168
ecu,2007,0.367150276899338
ecu,2008,0.402301460504532
ecu,2009,0.404974192380905
ecu,2010,0.426223427057266
ecu,2011,0.437415778636932
ecu,2012,0.46000599861145
ecu,2013,0.46536785364151
ecu,2014,0.484177827835083
ecu,2015,0.494316220283508
ecu,2016,0.503420650959015
ecu,2017,0.498095571994782
ecu,2018,0.490622252225876
ecu,2019,0.474620699882507
ecu,2020,0.459480911493301
ecu,2021,0.446951895952225
ecu,2022,0.454223960638046
ecu,2023,0.468474954366684
egy,1950,0.145559519529343
egy,1951,0.149489313364029
egy,1952,0.146345540881157
egy,1953,0.155145287513733
egy,1954,0.155561700463295
egy,1955,0.159064754843712
egy,1956,0.160926148295403
egy,1957,0.163216963410378
egy,1958,0.166676864027977
egy,1959,0.167915642261505
egy,1960,0.170995771884918
egy,1961,0.170970678329468
egy,1962,0.149859204888344
egy,1963,0.14532470703125
egy,1964,0.146355077624321
egy,1965,0.153950437903404
egy,1966,0.151399523019791
egy,1967,0.151169538497925
egy,1968,0.147008493542671
egy,1969,0.151910528540611
egy,1970,0.147915005683899
egy,1971,0.15154080092907
egy,1972,0.152882620692253
egy,1973,0.16050611436367
egy,1974,0.175511330366135
egy,1975,0.175932005047798
egy,1976,0.207084238529205
egy,1977,0.247366920113564
egy,1978,0.282844722270966
egy,1979,0.191675841808319
egy,1980,0.240159213542938
egy,1981,0.16201876103878
egy,1982,0.186575517058373
egy,1983,0.194082975387573
egy,1984,0.20659713447094
egy,1985,0.220694378018379
egy,1986,0.227728292346001
egy,1987,0.236053496599197
egy,1988,0.265540689229965
egy,1989,0.266472280025482
egy,1990,0.252539366483688
egy,1991,0.222590491175652
egy,1992,0.241132169961929
egy,1993,0.222254648804665
egy,1994,0.220262661576271
egy,1995,0.221503898501396
egy,1996,0.205822855234146
egy,1997,0.223591506481171
egy,1998,0.23916283249855
egy,1999,0.243232578039169
egy,2000,0.24714307487011
egy,2001,0.225600033998489
egy,2002,0.192151337862015
egy,2003,0.160320699214935
egy,2004,0.164791151881218
egy,2005,0.184215068817139
egy,2006,0.194447934627533
egy,2007,0.206423103809357
egy,2008,0.213677108287811
egy,2009,0.224404856562614
egy,2010,0.223138630390167
egy,2011,0.212024241685867
egy,2012,0.217768147587776
egy,2013,0.213689908385277
egy,2014,0.242165669798851
egy,2015,0.241967961192131
egy,2016,0.207266598939896
egy,2017,0.150306075811386
egy,2018,0.169980198144913
egy,2019,0.207027539610863
egy,2020,0.221312776207924
egy,2021,0.237638309597969
egy,2022,0.215859189629555
egy,2023,0.169868797063828
esp,1950,0.0573821775615215
esp,1951,0.0615344941616058
esp,1952,0.0603541918098927
esp,1953,0.0609670430421829
esp,1954,0.064139224588871
esp,1955,0.0684848055243492
esp,1956,0.0738469809293747
esp,1957,0.0777806267142296
esp,1958,0.084548830986023
esp,1959,0.0733746439218521
esp,1960,0.057400394231081
esp,1961,0.059117391705513
esp,1962,0.062689907848835
esp,1963,0.0677788853645325
esp,1964,0.0722000598907471
esp,1965,0.0792708918452263
esp,1966,0.0855832546949387
esp,1967,0.0891261994838715
esp,1968,0.0829671546816826
esp,1969,0.0868559777736664
esp,1970,0.0920278504490852
esp,1971,0.0998774915933609
esp,1972,0.117302976548672
esp,1973,0.14603953063488
esp,1974,0.173853889107704
esp,1975,0.20329849421978
esp,1976,0.200892329216003
esp,1977,0.215100362896919
esp,1978,0.253138571977615
esp,1979,0.335195004940033
esp,1980,0.351650506258011
esp,1981,0.323145419359207
esp,1982,0.321872711181641
esp,1983,0.286950290203095
esp,1984,0.294681161642075
esp,1985,0.313041478395462
esp,1986,0.407096832990646
esp,1987,0.480208367109299
esp,1988,0.52727746963501
esp,1989,0.543371677398682
esp,1990,0.666776716709137
esp,1991,0.676305949687958
esp,1992,0.724712133407593
esp,1993,0.594299614429474
esp,1994,0.574021637439728
esp,1995,0.632344126701355
esp,1996,0.64156037569046
esp,1997,0.547438740730286
esp,1998,0.534973740577698
esp,1999,0.524276196956635
esp,2000,0.462092489004135
esp,2001,0.464538514614105
esp,2002,0.50034487247467
esp,2003,0.643539130687714
esp,2004,0.735014081001282
esp,2005,0.747700333595276
esp,2006,0.754596412181854
esp,2007,0.816523790359497
esp,2008,0.893506705760956
esp,2009,0.824219048023224
esp,2010,0.799275159835815
esp,2011,0.850436627864838
esp,2012,0.768113791942596
esp,2013,0.808289289474487
esp,2014,0.817710936069489
esp,2015,0.664452493190765
esp,2016,0.654231727123261
esp,2017,0.667564690113068
esp,2018,0.721309185028076
esp,2019,0.660838961601257
esp,2020,0.693863868713379
esp,2021,0.728790760040283
esp,2022,0.677156925201416
esp,2023,0.74150425195694
est,1990,0.293496519327164
est,1991,0.265064656734467
est,1992,0.279280155897141
est,1993,0.283786654472351
est,1994,0.290382623672485
est,1995,0.287581086158752
est,1996,0.290221720933914
est,1997,0.29578024148941
est,1998,0.313176274299622
est,1999,0.314162969589233
est,2000,0.285261809825897
est,2001,0.298251777887344
est,2002,0.325944006443024
est,2003,0.41863951086998
est,2004,0.487984657287598
est,2005,0.50858211517334
est,2006,0.557206928730011
est,2007,0.654522597789764
est,2008,0.724036812782288
est,2009,0.636676669120789
est,2010,0.613534510135651
est,2011,0.641638994216919
est,2012,0.603484094142914
est,2013,0.656257510185242
est,2014,0.680253207683563
est,2015,0.570207715034485
est,2016,0.57274341583252
est,2017,0.603716731071472
est,2018,0.644590556621552
est,2019,0.611480712890625
est,2020,0.608228266239166
est,2021,0.67467337846756
est,2022,0.702533721923828
est,2023,0.805769205093384
eth,1950,0.100844614207745
eth,1951,0.100886419415474
eth,1952,0.098656140267849
eth,1953,0.0947657749056816
eth,1954,0.0972016975283623
eth,1955,0.0981496274471283
eth,1956,0.0986485183238983
eth,1957,0.0981405600905418
eth,1958,0.0954390093684197
eth,1959,0.0959160104393959
eth,1960,0.0947194248437882
eth,1961,0.0951747000217438
eth,1962,0.0944035202264786
eth,1963,0.0957498624920845
eth,1964,0.0983856096863747
eth,1965,0.101881220936775
eth,1966,0.101113229990006
eth,1967,0.10552717000246
eth,1968,0.107085704803467
eth,1969,0.111667945981026
eth,1970,0.118147380650043
eth,1971,0.120364427566528
eth,1972,0.125238016247749
eth,1973,0.14107808470726
eth,1974,0.155396103858948
eth,1975,0.151156231760979
eth,1976,0.157490268349648
eth,1977,0.177115261554718
eth,1978,0.184946551918983
eth,1979,0.199583575129509
eth,1980,0.198887273669243
eth,1981,0.186235949397087
eth,1982,0.174749657511711
eth,1983,0.163465708494186
eth,1984,0.191388875246048
eth,1985,0.218999803066254
eth,1986,0.224762350320816
eth,1987,0.229712843894959
eth,1988,0.233858749270439
eth,1989,0.245731383562088
eth,1990,0.265133559703827
eth,1991,0.33340311050415
eth,1992,0.295543909072876
eth,1993,0.19280868768692
eth,1994,0.199832320213318
eth,1995,0.187990784645081
eth,1996,0.199916109442711
eth,1997,0.189660713076592
eth,1998,0.186535552144051
eth,1999,0.170547440648079
eth,2000,0.189880326390266
eth,2001,0.160907983779907
eth,2002,0.174345523118973
eth,2003,0.178902551531792
eth,2004,0.177476271986961
eth,2005,0.180557981133461
eth,2006,0.218725487589836
eth,2007,0.231510564684868
eth,2008,0.284552484750748
eth,2009,0.294362992048264
eth,2010,0.233124315738678
eth,2011,0.239795207977295
eth,2012,0.304066985845566
eth,2013,0.310139447450638
eth,2014,0.292620271444321
eth,2015,0.313206732273102
eth,2016,0.31540635228157
eth,2017,0.31593856215477
eth,2018,0.31017279624939
eth,2019,0.328410238027573
eth,2020,0.32286724448204
eth,2021,0.283256083726883
eth,2022,0.310297101736069
eth,2023,0.394082188606262
fin,1950,0.0882656648755074
fin,1951,0.113754995167255
fin,1952,0.114895731210709
fin,1953,0.113929025828838
fin,1954,0.114893518388271
fin,1955,0.118051297962666
fin,1956,0.128884181380272
fin,1957,0.12482974678278
fin,1958,0.106918394565582
fin,1959,0.108483858406544
fin,1960,0.112499877810478
fin,1961,0.115837521851063
fin,1962,0.120438292622566
fin,1963,0.129134953022003
fin,1964,0.141089543700218
fin,1965,0.14690226316452
fin,1966,0.151849821209908
fin,1967,0.148976981639862
fin,1968,0.132614731788635
fin,1969,0.137255474925041
fin,1970,0.142254620790482
fin,1971,0.153323322534561
fin,1972,0.16827692091465
fin,1973,0.208254337310791
fin,1974,0.261339664459229
fin,1975,0.316213816404343
fin,1976,0.341037780046463
fin,1977,0.357090890407562
fin,1978,0.370401501655579
fin,1979,0.423949360847473
fin,1980,0.490507453680038
fin,1981,0.474280446767807
fin,1982,0.470699310302734
fin,1983,0.447346955537796
fin,1984,0.452377438545227
fin,1985,0.470398664474487
fin,1986,0.590409755706787
fin,1987,0.706901788711548
fin,1988,0.779020667076111
fin,1989,0.813761293888092
fin,1990,0.974996268749237
fin,1991,0.958999335765839
fin,1992,0.856225192546845
fin,1993,0.686378359794617
fin,1994,0.74859344959259
fin,1995,0.878459334373474
fin,1996,0.875356435775757
fin,1997,0.760095059871674
fin,1998,0.729882180690765
fin,1999,0.700057208538055
fin,2000,0.613479614257813
fin,2001,0.619461297988892
fin,2002,0.663889706134796
fin,2003,0.813771724700928
fin,2004,0.890953183174133
fin,2005,0.899748086929321
fin,2006,0.92358785867691
fin,2007,1.00992906093597
fin,2008,1.10305917263031
fin,2009,1.03736650943756
fin,2010,1.00510895252228
fin,2011,1.0819616317749
fin,2012,1.02393794059753
fin,2013,1.13369047641754
fin,2014,1.1507294178009
fin,2015,0.945869565010071
fin,2016,0.937021732330322
fin,2017,0.967673718929291
fin,2018,1.02695190906525
fin,2019,0.948298513889313
fin,2020,0.955438733100891
fin,2021,1.00724458694458
fin,2022,0.957558035850525
fin,2023,1.02275943756104
fji,1960,0.084085576236248
fji,1961,0.0830850303173065
fji,1962,0.0837367400527
fji,1963,0.0798668116331101
fji,1964,0.0765970721840859
fji,1965,0.0905051454901695
fji,1966,0.0911717414855957
fji,1967,0.0853933766484261
fji,1968,0.0822327509522438
fji,1969,0.0855800062417984
fji,1970,0.0901630446314812
fji,1971,0.0906052589416504
fji,1972,0.107313439249992
fji,1973,0.129641994833946
fji,1974,0.169354900717735
fji,1975,0.203834667801857
fji,1976,0.204302683472633
fji,1977,0.197584301233292
fji,1978,0.216795563697815
fji,1979,0.224878460168839
fji,1980,0.268550664186478
fji,1981,0.286671459674835
fji,1982,0.286526143550873
fji,1983,0.282350838184357
fji,1984,0.278517574071884
fji,1985,0.264668971300125
fji,1986,0.299024671316147
fji,1987,0.272508144378662
fji,1988,0.245277270674706
fji,1989,0.252531379461288
fji,1990,0.259013146162033
fji,1991,0.283726871013641
fji,1992,0.307954490184784
fji,1993,0.327661991119385
fji,1994,0.345255821943283
fji,1995,0.381993442773819
fji,1996,0.400357961654663
fji,1997,0.402101755142212
fji,1998,0.322375506162643
fji,1999,0.34991842508316
fji,2000,0.294675827026367
fji,2001,0.293370962142944
fji,2002,0.326327979564667
fji,2003,0.433248907327652
fji,2004,0.508266627788544
fji,2005,0.601028323173523
fji,2006,0.529526233673096
fji,2007,0.557723343372345
fji,2008,0.539608418941498
fji,2009,0.393919497728348
fji,2010,0.392170161008835
fji,2011,0.446664780378342
fji,2012,0.444475531578064
fji,2013,0.41842195391655
fji,2014,0.422141551971436
fji,2015,0.375380039215088
fji,2016,0.394888460636139
fji,2017,0.418042361736298
fji,2018,0.426262080669403
fji,2019,0.423387467861176
fji,2020,0.412141233682632
fji,2021,0.442994058132172
fji,2022,0.441464006900787
fji,2023,0.424892455339432
fra,1950,0.0833154246211052
fra,1951,0.0993517935276032
fra,1952,0.111711777746677
fra,1953,0.110936045646667
fra,1954,0.111912615597248
fra,1955,0.11438861489296
fra,1956,0.120154701173306
fra,1957,0.124584071338177
fra,1958,0.119895666837692
fra,1959,0.108072631061077
fra,1960,0.112256281077862
fra,1961,0.115809269249439
fra,1962,0.120802499353886
fra,1963,0.127548336982727
fra,1964,0.132843926548958
fra,1965,0.136926680803299
fra,1966,0.140458077192307
fra,1967,0.144176423549652
fra,1968,0.150311857461929
fra,1969,0.153265580534935
fra,1970,0.151034951210022
fra,1971,0.159084156155586
fra,1972,0.185402244329453
fra,1973,0.225274741649628
fra,1974,0.232651218771935
fra,1975,0.29357185959816
fra,1976,0.289764583110809
fra,1977,0.306831777095795
fra,1978,0.362021088600159
fra,1979,0.422336399555206
fra,1980,0.475388109683991
fra,1981,0.425535202026367
fra,1982,0.403156787157059
fra,1983,0.391110211610794
fra,1984,0.375444680452347
fra,1985,0.395531237125397
fra,1986,0.525379061698914
fra,1987,0.619710981845856
fra,1988,0.64170104265213
fra,1989,0.619713485240936
fra,1990,0.749336302280426
fra,1991,0.738878726959229
fra,1992,0.804225504398346
fra,1993,0.760708272457123
fra,1994,0.782773852348328
fra,1995,0.882890522480011
fra,1996,0.872032165527344
fra,1997,0.741063892841339
fra,1998,0.718965291976929
fra,1999,0.684711694717407
fra,2000,0.587110221385956
fra,2001,0.569708108901978
fra,2002,0.608508944511414
fra,2003,0.782258927822113
fra,2004,0.877510249614716
fra,2005,0.871318697929382
fra,2006,0.897231340408325
fra,2007,0.973545789718628
fra,2008,1.0703946352005
fra,2009,0.993021070957184
fra,2010,0.949601888656616
fra,2011,0.994811594486237
fra,2012,0.924472808837891
fra,2013,0.983617186546326
fra,2014,0.992465853691101
fra,2015,0.822928130626679
fra,2016,0.815577328205109
fra,2017,0.835773885250092
fra,2018,0.882283210754395
fra,2019,0.788486242294312
fra,2020,0.8104168176651
fra,2021,0.865267097949982
fra,2022,0.797284305095673
fra,2023,0.865795969963074
gab,1960,0.0826330333948135
gab,1961,0.0893762558698654
gab,1962,0.090291291475296
gab,1963,0.0805794596672058
gab,1964,0.0781664103269577
gab,1965,0.0757715776562691
gab,1966,0.0872613787651062
gab,1967,0.0814853832125664
gab,1968,0.0962537974119186
gab,1969,0.0997454896569252
gab,1970,0.0975204259157181
gab,1971,0.108999900519848
gab,1972,0.124758519232273
gab,1973,0.174599021673203
gab,1974,0.263987332582474
gab,1975,0.340106278657913
gab,1976,0.39404571056366
gab,1977,0.399142742156982
gab,1978,0.305476605892181
gab,1979,0.364412605762482
gab,1980,0.484652101993561
gab,1981,0.46510648727417
gab,1982,0.461761355400085
gab,1983,0.39197963476181
gab,1984,0.376356154680252
gab,1985,0.404611945152283
gab,1986,0.508558869361877
gab,1987,0.506054759025574
gab,1988,0.561492085456848
gab,1989,0.46452859044075
gab,1990,0.506791174411774
gab,1991,0.562939584255219
gab,1992,0.480063289403915
gab,1993,0.50039154291153
gab,1994,0.431367486715317
gab,1995,0.465110182762146
gab,1996,0.478171795606613
gab,1997,0.516285121440888
gab,1998,0.490244626998901
gab,1999,0.415587842464447
gab,2000,0.373523384332657
gab,2001,0.383540898561478
gab,2002,0.366497933864594
gab,2003,0.393759548664093
gab,2004,0.38616931438446
gab,2005,0.347248166799545
gab,2006,0.393658578395844
gab,2007,0.458073288202286
gab,2008,0.486969351768494
gab,2009,0.58365261554718
gab,2010,0.601858615875244
gab,2011,0.534318566322327
gab,2012,0.563359260559082
gab,2013,0.564777731895447
gab,2014,0.566961824893951
gab,2015,0.439986407756805
gab,2016,0.435016959905624
gab,2017,0.439090609550476
gab,2018,0.475022375583649
gab,2019,0.440734297037125
gab,2020,0.403590261936188
gab,2021,0.423811227083206
gab,2022,0.395718574523926
gab,2023,0.412071019411087
gbr,1950,0.0699263513088226
gbr,1951,0.0758815780282021
gbr,1952,0.0814024657011032
gbr,1953,0.082956001162529
gbr,1954,0.0845940038561821
gbr,1955,0.0885176062583923
gbr,1956,0.0939501747488976
gbr,1957,0.0974942892789841
gbr,1958,0.100674018263817
gbr,1959,0.102587446570396
gbr,1960,0.105692379176617
gbr,1961,0.10912324488163
gbr,1962,0.112464897334576
gbr,1963,0.114651240408421
gbr,1964,0.118398748338223
gbr,1965,0.124190852046013
gbr,1966,0.128725215792656
gbr,1967,0.130149528384209
gbr,1968,0.117314420640469
gbr,1969,0.12388314306736
gbr,1970,0.132382839918137
gbr,1971,0.147203892469406
gbr,1972,0.163510099053383
gbr,1973,0.173847138881683
gbr,1974,0.192671582102776
gbr,1975,0.229740932583809
gbr,1976,0.210754305124283
gbr,1977,0.228606328368187
gbr,1978,0.272584617137909
gbr,1979,0.336510896682739
gbr,1980,0.427064150571823
gbr,1981,0.417936533689499
gbr,1982,0.396666377782822
gbr,1983,0.368280708789825
gbr,1984,0.344005048274994
gbr,1985,0.35480985045433
gbr,1986,0.425588816404343
gbr,1987,0.497863233089447
gbr,1988,0.577454447746277
gbr,1989,0.568463861942291
gbr,1990,0.655769169330597
gbr,1991,0.692840814590454
gbr,1992,0.70813649892807
gbr,1993,0.614465236663818
gbr,1994,0.634473562240601
gbr,1995,0.673474669456482
gbr,1996,0.67482852935791
gbr,1997,0.694193542003632
gbr,1998,0.7080078125
gbr,1999,0.691201448440552
gbr,2000,0.642255127429962
gbr,2001,0.615750074386597
gbr,2002,0.667451858520508
gbr,2003,0.767749190330505
gbr,2004,0.880631625652313
gbr,2005,0.886447370052338
gbr,2006,0.92872154712677
gbr,2007,1.06579577922821
gbr,2008,1.01018965244293
gbr,2009,0.872945845127106
gbr,2010,0.914052188396454
gbr,2011,0.972912549972534
gbr,2012,0.970758378505707
gbr,2013,0.969959855079651
gbr,2014,1.0620641708374
gbr,2015,0.966391921043396
gbr,2016,0.875367224216461
gbr,2017,0.83074277639389
gbr,2018,0.897203743457794
gbr,2019,0.856802523136139
gbr,2020,0.851179003715515
gbr,2021,0.944326221942902
gbr,2022,0.900012075901032
gbr,2023,0.973651766777039
geo,1990,0.13215509057045
geo,1991,0.12575726211071
geo,1992,0.159755825996399
geo,1993,0.189320534467697
geo,1994,0.199387058615685
geo,1995,0.197697713971138
geo,1996,0.193394258618355
geo,1997,0.202971488237381
geo,1998,0.215134635567665
geo,1999,0.166183233261108
geo,2000,0.181795865297318
geo,2001,0.180326104164124
geo,2002,0.176982089877129
geo,2003,0.187008023262024
geo,2004,0.220793753862381
geo,2005,0.247812792658806
geo,2006,0.258846193552017
geo,2007,0.30050539970398
geo,2008,0.361142188310623
geo,2009,0.293168485164642
geo,2010,0.304827094078064
geo,2011,0.351144582033157
geo,2012,0.372439473867416
geo,2013,0.377538084983826
geo,2014,0.361115872859955
geo,2015,0.280719101428986
geo,2016,0.267504304647446
geo,2017,0.258467078208923
geo,2018,0.2684206366539
geo,2019,0.239941895008087
geo,2020,0.224246829748154
geo,2021,0.245831504464149
geo,2022,0.299876928329468
geo,2023,0.342741161584854
gha,1955,0.062189307063818
gha,1956,0.0624415054917336
gha,1957,0.0665542334318161
gha,1958,0.067355751991272
gha,1959,0.0663694515824318
gha,1960,0.0663817822933197
gha,1961,0.0728157758712769
gha,1962,0.0771111845970154
gha,1963,0.0779673159122467
gha,1964,0.0820808410644531
gha,1965,0.0987594723701477
gha,1966,0.111199222505093
gha,1967,0.0966437757015228
gha,1968,0.0944602638483048
gha,1969,0.102675534784794
gha,1970,0.106104820966721
gha,1971,0.110920637845993
gha,1972,0.113486513495445
gha,1973,0.0944820120930672
gha,1974,0.0966364741325378
gha,1975,0.103806875646114
gha,1976,0.116434842348099
gha,1977,0.110636375844479
gha,1978,0.128141239285469
gha,1979,0.143970057368279
gha,1980,0.156014740467072
gha,1981,0.175172314047813
gha,1982,0.201371237635613
gha,1983,0.201705574989319
gha,1984,0.208507716655731
gha,1985,0.211401849985123
gha,1986,0.22210393846035
gha,1987,0.233761787414551
gha,1988,0.233093231916428
gha,1989,0.236315906047821
gha,1990,0.270405739545822
gha,1991,0.276998996734619
gha,1992,0.279309630393982
gha,1993,0.256875663995743
gha,1994,0.224951535463333
gha,1995,0.256323307752609
gha,1996,0.272252798080444
gha,1997,0.246007025241852
gha,1998,0.268545269966126
gha,1999,0.262952715158463
gha,2000,0.143030732870102
gha,2001,0.163877680897713
gha,2002,0.188067033886909
gha,2003,0.219422593712807
gha,2004,0.238196477293968
gha,2005,0.279008150100708
gha,2006,0.324196815490723
gha,2007,0.329324424266815
gha,2008,0.337982565164566
gha,2009,0.322840720415115
gha,2010,0.35797381401062
gha,2011,0.384546458721161
gha,2012,0.360639959573746
gha,2013,0.388976722955704
gha,2014,0.312410056591034
gha,2015,0.302746117115021
gha,2016,0.347489714622498
gha,2017,0.354623764753342
gha,2018,0.381067007780075
gha,2019,0.359701663255692
gha,2020,0.368773579597473
gha,2021,0.398391425609589
gha,2022,0.356258481740952
gha,2023,0.35637155175209
gin,1959,0.0446095019578934
gin,1960,0.0442483834922314
gin,1961,0.046255499124527
gin,1962,0.0464530102908611
gin,1963,0.0450724735856056
gin,1964,0.0468274690210819
gin,1965,0.0483112558722496
gin,1966,0.0492419563233852
gin,1967,0.0509046576917172
gin,1968,0.0523236393928528
gin,1969,0.0560861267149448
gin,1970,0.0607772469520569
gin,1971,0.0640580356121063
gin,1972,0.0671044439077377
gin,1973,0.0715476647019386
gin,1974,0.0781722441315651
gin,1975,0.085252121090889
gin,1976,0.090827539563179
gin,1977,0.0963345542550087
gin,1978,0.102957151830196
gin,1979,0.111805379390717
gin,1980,0.118124291300774
gin,1981,0.132881611585617
gin,1982,0.140678226947784
gin,1983,0.145805165171623
gin,1984,0.150756970047951
gin,1985,0.155180588364601
gin,1986,0.165627747774124
gin,1987,0.17051000893116
gin,1988,0.174930900335312
gin,1989,0.172855779528618
gin,1990,0.183007970452309
gin,1991,0.184922441840172
gin,1992,0.196394830942154
gin,1993,0.188937798142433
gin,1994,0.187493771314621
gin,1995,0.194814264774323
gin,1996,0.187844797968864
gin,1997,0.20094133913517
gin,1998,0.184410989284515
gin,1999,0.188238084316254
gin,2000,0.180702090263367
gin,2001,0.185947880148888
gin,2002,0.194198772311211
gin,2003,0.255718380212784
gin,2004,0.274631798267365
gin,2005,0.206652820110321
gin,2006,0.223137900233269
gin,2007,0.325676530599594
gin,2008,0.352613091468811
gin,2009,0.348498970270157
gin,2010,0.323296010494232
gin,2011,0.306348502635956
gin,2012,0.305256605148315
gin,2013,0.346568048000336
gin,2014,0.340172708034515
gin,2015,0.342140525579453
gin,2016,0.312052577733994
gin,2017,0.315227061510086
gin,2018,0.329868227243423
gin,2019,0.334112733602524
gin,2020,0.336179286241531
gin,2021,0.354880064725876
gin,2022,0.404827862977982
gin,2023,0.450286209583282
gmb,1960,0.0966666415333748
gmb,1961,0.100205615162849
gmb,1962,0.104340218007565
gmb,1963,0.102415084838867
gmb,1964,0.101048588752747
gmb,1965,0.10088212043047
gmb,1966,0.104149289429188
gmb,1967,0.102931037545204
gmb,1968,0.0900229588150978
gmb,1969,0.093390628695488
gmb,1970,0.102426737546921
gmb,1971,0.107533015310764
gmb,1972,0.119934447109699
gmb,1973,0.127870962023735
gmb,1974,0.139716058969498
gmb,1975,0.153769299387932
gmb,1976,0.162940099835396
gmb,1977,0.173239663243294
gmb,1978,0.183368563652039
gmb,1979,0.199189573526382
gmb,1980,0.216810211539269
gmb,1981,0.236162230372429
gmb,1982,0.249534383416176
gmb,1983,0.26024654507637
gmb,1984,0.269379943609238
gmb,1985,0.276908040046692
gmb,1986,0.275557368993759
gmb,1987,0.307164996862412
gmb,1988,0.374932557344437
gmb,1989,0.376843273639679
gmb,1990,0.395447701215744
gmb,1991,0.373644083738327
gmb,1992,0.381555140018463
gmb,1993,0.386284649372101
gmb,1994,0.380054295063019
gmb,1995,0.388922661542892
gmb,1996,0.408998519182205
gmb,1997,0.380275815725327
gmb,1998,0.395376294851303
gmb,1999,0.352504134178162
gmb,2000,0.314246714115143
gmb,2001,0.266675770282745
gmb,2002,0.236285775899887
gmb,2003,0.179526746273041
gmb,2004,0.171393111348152
gmb,2005,0.169645771384239
gmb,2006,0.186958134174347
gmb,2007,0.219541683793068
gmb,2008,0.282212764024735
gmb,2009,0.253750145435333
gmb,2010,0.257944583892822
gmb,2011,0.261753648519516
gmb,2012,0.256848573684692
gmb,2013,0.258701175451279
gmb,2014,0.236457407474518
gmb,2015,0.257725477218628
gmb,2016,0.277298659086227
gmb,2017,0.273075580596924
gmb,2018,0.271355092525482
gmb,2019,0.278263449668884
gmb,2020,0.28063490986824
gmb,2021,0.29096120595932
gmb,2022,0.29783034324646
gmb,2023,0.314585775136948
gnb,1960,0.276986360549927
gnb,1961,0.256995230913162
gnb,1962,0.262797445058823
gnb,1963,0.271541208028793
gnb,1964,0.270939737558365
gnb,1965,0.260102421045303
gnb,1966,0.27373406291008
gnb,1967,0.249463051557541
gnb,1968,0.250873148441315
gnb,1969,0.263871371746063
gnb,1970,0.289292246103287
gnb,1971,0.294062107801437
gnb,1972,0.319594293832779
gnb,1973,0.398191034793854
gnb,1974,0.454975992441177
gnb,1975,0.441759318113327
gnb,1976,0.367388308048248
gnb,1977,0.397609531879425
gnb,1978,0.391836255788803
gnb,1979,0.450854361057282
gnb,1980,0.444332361221314
gnb,1981,0.433373481035233
gnb,1982,0.343539088964462
gnb,1983,0.34653827548027
gnb,1984,0.378308564424515
gnb,1985,0.409203827381134
gnb,1986,0.332313686609268
gnb,1987,0.347785234451294
gnb,1988,0.289243161678314
gnb,1989,0.349114924669266
gnb,1990,0.360023200511932
gnb,1991,0.373525232076645
gnb,1992,0.505977511405945
gnb,1993,0.439804226160049
gnb,1994,0.409833550453186
gnb,1995,0.42562347650528
gnb,1996,0.269611895084381
gnb,1997,0.179403245449066
gnb,1998,0.194009229540825
gnb,1999,0.182071313261986
gnb,2000,0.166816607117653
gnb,2001,0.171223729848862
gnb,2002,0.188825845718384
gnb,2003,0.21632544696331
gnb,2004,0.231246873736382
gnb,2005,0.250924378633499
gnb,2006,0.256469309329987
gnb,2007,0.300474226474762
gnb,2008,0.373125165700913
gnb,2009,0.359256416559219
gnb,2010,0.343632489442825
gnb,2011,0.408183813095093
gnb,2012,0.373880296945572
gnb,2013,0.389280796051025
gnb,2014,0.379590332508087
gnb,2015,0.319836020469666
gnb,2016,0.328316867351532
gnb,2017,0.343285620212555
gnb,2018,0.370873898267746
gnb,2019,0.317154973745346
gnb,2020,0.327595561742783
gnb,2021,0.340566575527191
gnb,2022,0.309487789869308
gnb,2023,0.352088242769241
gnq,1960,0.0295868013054132
gnq,1961,0.0320434272289276
gnq,1962,0.0342725552618504
gnq,1963,0.035811685025692
gnq,1964,0.0415663830935955
gnq,1965,0.0476500764489174
gnq,1966,0.0455829948186874
gnq,1967,0.0435755662620068
gnq,1968,0.0430015362799168
gnq,1969,0.043767761439085
gnq,1970,0.0349978990852833
gnq,1971,0.0326049514114857
gnq,1972,0.0323813147842884
gnq,1973,0.0385632812976837
gnq,1974,0.0396173931658268
gnq,1975,0.0458947233855724
gnq,1976,0.0476198196411133
gnq,1977,0.0490586571395397
gnq,1978,0.0589662753045559
gnq,1979,0.0703914314508438
gnq,1980,0.0719422549009323
gnq,1981,0.0653767511248589
gnq,1982,0.0732264965772629
gnq,1983,0.0793633535504341
gnq,1984,0.0792272612452507
gnq,1985,0.0876462608575821
gnq,1986,0.118290334939957
gnq,1987,0.136402368545532
gnq,1988,0.142453849315643
gnq,1989,0.133167460560799
gnq,1990,0.157485365867615
gnq,1991,0.149541854858398
gnq,1992,0.170470118522644
gnq,1993,0.168262287974358
gnq,1994,0.223718896508217
gnq,1995,0.195779040455818
gnq,1996,0.175516724586487
gnq,1997,0.178819909691811
gnq,1998,0.150411620736122
gnq,1999,0.187656342983246
gnq,2000,0.229188233613968
gnq,2001,0.236880332231522
gnq,2002,0.295735388994217
gnq,2003,0.346292734146118
gnq,2004,0.37898313999176
gnq,2005,0.391165524721146
gnq,2006,0.44965723156929
gnq,2007,0.489795863628387
gnq,2008,0.556507766246796
gnq,2009,0.562246978282929
gnq,2010,0.446966260671616
gnq,2011,0.458868712186813
gnq,2012,0.458435982465744
gnq,2013,0.483666241168976
gnq,2014,0.483125656843185
gnq,2015,0.38054022192955
gnq,2016,0.361278980970383
gnq,2017,0.341284930706024
gnq,2018,0.358254969120026
gnq,2019,0.323294699192047
gnq,2020,0.315272718667984
gnq,2021,0.346088707447052
gnq,2022,0.357575207948685
gnq,2023,0.339755207300186
grc,1951,0.115873426198959
grc,1952,0.122971601784229
grc,1953,0.0809327512979507
grc,1954,0.0805142745375633
grc,1955,0.0861908718943596
grc,1956,0.0920342653989792
grc,1957,0.0916834250092506
grc,1958,0.0911331102252007
grc,1959,0.0909349992871285
grc,1960,0.0941842198371887
grc,1961,0.0947726145386696
grc,1962,0.10007955878973
grc,1963,0.100554406642914
grc,1964,0.10593893378973
grc,1965,0.11010730266571
grc,1966,0.11375005543232
grc,1967,0.116390369832516
grc,1968,0.118361443281174
grc,1969,0.122212462127209
grc,1970,0.126279070973396
grc,1971,0.129638642072678
grc,1972,0.136123031377792
grc,1973,0.167901799082756
grc,1974,0.203578725457191
grc,1975,0.2148048132658
grc,1976,0.220746427774429
grc,1977,0.251248806715012
grc,1978,0.286777645349503
grc,1979,0.346202611923218
grc,1980,0.357193946838379
grc,1981,0.328936249017715
grc,1982,0.350750386714935
grc,1983,0.32068532705307
grc,1984,0.304334133863449
grc,1985,0.290171176195145
grc,1986,0.325975030660629
grc,1987,0.380555987358093
grc,1988,0.412827342748642
grc,1989,0.406431913375855
grc,1990,0.496839702129364
grc,1991,0.495333522558212
grc,1992,0.542694389820099
grc,1993,0.495747983455658
grc,1994,0.502181947231293
grc,1995,0.567221701145172
grc,1996,0.591320097446442
grc,1997,0.532719492912293
grc,1998,0.514577448368073
grc,1999,0.516099095344544
grc,2000,0.436769187450409
grc,2001,0.426627933979034
grc,2002,0.452656179666519
grc,2003,0.598185300827026
grc,2004,0.684739410877228
grc,2005,0.725031018257141
grc,2006,0.744937837123871
grc,2007,0.849223017692566
grc,2008,0.916122794151306
grc,2009,0.85699874162674
grc,2010,0.823690235614777
grc,2011,0.899249076843262
grc,2012,0.811572253704071
grc,2013,0.803045511245728
grc,2014,0.800759315490723
grc,2015,0.6531902551651
grc,2016,0.652191877365112
grc,2017,0.665624797344208
grc,2018,0.709524095058441
grc,2019,0.644188523292542
grc,2020,0.660242319107056
grc,2021,0.684235095977783
grc,2022,0.646796941757202
grc,2023,0.696740210056305
grd,1970,0.0922574251890183
grd,1971,0.110480807721615
grd,1972,0.133275032043457
grd,1973,0.153272479772568
grd,1974,0.186036854982376
grd,1975,0.195918500423431
grd,1976,0.180704861879349
grd,1977,0.221388965845108
grd,1978,0.24153034389019
grd,1979,0.2880057990551
grd,1980,0.3016297519207
grd,1981,0.34745329618454
grd,1982,0.355970412492752
grd,1983,0.350578874349594
grd,1984,0.343759447336197
grd,1985,0.380880236625671
grd,1986,0.417132169008255
grd,1987,0.405413269996643
grd,1988,0.446294754743576
grd,1989,0.438531190156937
grd,1990,0.471478164196014
grd,1991,0.459872543811798
grd,1992,0.405608385801315
grd,1993,0.438390851020813
grd,1994,0.420657306909561
grd,1995,0.422420918941498
grd,1996,0.393378883600235
grd,1997,0.441951334476471
grd,1998,0.451006948947907
grd,1999,0.470108509063721
grd,2000,0.626649737358093
grd,2001,0.735264718532562
grd,2002,0.684256613254547
grd,2003,0.854409337043762
grd,2004,0.668501615524292
grd,2005,0.687271177768707
grd,2006,0.684725701808929
grd,2007,0.6826092004776
grd,2008,0.707082152366638
grd,2009,0.677724778652191
grd,2010,0.630396127700806
grd,2011,0.594135105609894
grd,2012,0.601093292236328
grd,2013,0.617247819900513
grd,2014,0.61392217874527
grd,2015,0.660173952579498
grd,2016,0.669233798980713
grd,2017,0.679625272750855
grd,2018,0.650935828685761
grd,2019,0.6581951379776
grd,2020,0.647630631923676
grd,2021,0.685487389564514
grd,2022,0.702079057693481
grd,2023,0.739722073078156
gtm,1950,0.0727048739790916
gtm,1951,0.0769717693328857
gtm,1952,0.0745499134063721
gtm,1953,0.0763823613524437
gtm,1954,0.0796895250678062
gtm,1955,0.0824009701609612
gtm,1956,0.085979275405407
gtm,1957,0.0853914842009544
gtm,1958,0.0831420719623566
gtm,1959,0.0829826593399048
gtm,1960,0.0831681936979294
gtm,1961,0.0813688933849335
gtm,1962,0.0825639590620995
gtm,1963,0.0853092968463898
gtm,1964,0.0840285196900368
gtm,1965,0.0835519433021545
gtm,1966,0.0821904987096787
gtm,1967,0.0823775827884674
gtm,1968,0.0845811292529106
gtm,1969,0.085214726626873
gtm,1970,0.0890988931059837
gtm,1971,0.0889173895120621
gtm,1972,0.0875125303864479
gtm,1973,0.101481184363365
gtm,1974,0.120663098990917
gtm,1975,0.135333463549614
gtm,1976,0.154286473989487
gtm,1977,0.178565680980682
gtm,1978,0.189291387796402
gtm,1979,0.20389811694622
gtm,1980,0.222410172224045
gtm,1981,0.234560459852219
gtm,1982,0.240374460816383
gtm,1983,0.247843787074089
gtm,1984,0.254352688789368
gtm,1985,0.305728256702423
gtm,1986,0.219551414251328
gtm,1987,0.178131863474846
gtm,1988,0.196059659123421
gtm,1989,0.193638890981674
gtm,1990,0.165487959980965
gtm,1991,0.190033957362175
gtm,1992,0.204010158777237
gtm,1993,0.209039464592934
gtm,1994,0.226937100291252
gtm,1995,0.238592803478241
gtm,1996,0.24959222972393
gtm,1997,0.267275303602219
gtm,1998,0.275154232978821
gtm,1999,0.246137470006943
gtm,2000,0.247282788157463
gtm,2001,0.253776878118515
gtm,2002,0.270237565040588
gtm,2003,0.273910403251648
gtm,2004,0.287095040082932
gtm,2005,0.310871541500092
gtm,2006,0.324806690216064
gtm,2007,0.341549217700958
gtm,2008,0.37574028968811
gtm,2009,0.349967658519745
gtm,2010,0.364319235086441
gtm,2011,0.390750110149384
gtm,2012,0.397248417139053
gtm,2013,0.410214275121689
gtm,2014,0.414325773715973
gtm,2015,0.417566359043121
gtm,2016,0.416877835988998
gtm,2017,0.421553283929825
gtm,2018,0.427858263254166
gtm,2019,0.428739458322525
gtm,2020,0.430339753627777
gtm,2021,0.422765821218491
gtm,2022,0.452914714813232
gtm,2023,0.473573803901672
guy,1970,0.151042580604553
guy,1971,0.15709176659584
guy,1972,0.160766929388046
guy,1973,0.165277808904648
guy,1974,0.220621466636658
guy,1975,0.231624647974968
guy,1976,0.194854810833931
guy,1977,0.201436802744865
guy,1978,0.236259341239929
guy,1979,0.247724711894989
guy,1980,0.278232395648956
guy,1981,0.263423353433609
guy,1982,0.258800059556961
guy,1983,0.276115745306015
guy,1984,0.264766782522202
guy,1985,0.283088594675064
guy,1986,0.318956285715103
guy,1987,0.207799002528191
guy,1988,0.264436483383179
guy,1989,0.256138116121292
guy,1990,0.264874696731567
guy,1991,0.227431088685989
guy,1992,0.22686131298542
guy,1993,0.262201726436615
guy,1994,0.293111205101013
guy,1995,0.32203334569931
guy,1996,0.345390230417252
guy,1997,0.342987239360809
guy,1998,0.33341309428215
guy,1999,0.31449231505394
guy,2000,0.311196357011795
guy,2001,0.3095483481884
guy,2002,0.327095359563828
guy,2003,0.327992558479309
guy,2004,0.334428668022156
guy,2005,0.354559928178787
guy,2006,0.38664722442627
guy,2007,0.408510565757751
guy,2008,0.427572429180145
guy,2009,0.451999455690384
guy,2010,0.478442937135696
guy,2011,0.482760637998581
guy,2012,0.516234934329987
guy,2013,0.516507208347321
guy,2014,0.504356861114502
guy,2015,0.468180239200592
guy,2016,0.479948699474335
guy,2017,0.487063348293304
guy,2018,0.494233071804047
guy,2019,0.428083062171936
guy,2020,0.440724760293961
guy,2021,0.471979230642319
guy,2022,0.54343444108963
guy,2023,0.475406229496002
hkg,1960,0.066538505256176
hkg,1961,0.0688295587897301
hkg,1962,0.0693291276693344
hkg,1963,0.073599211871624
hkg,1964,0.0772503688931465
hkg,1965,0.079785481095314
hkg,1966,0.0772723406553268
hkg,1967,0.0805059671401978
hkg,1968,0.0769851431250572
hkg,1969,0.0815094783902168
hkg,1970,0.0881178677082062
hkg,1971,0.0957018658518791
hkg,1972,0.111463122069836
hkg,1973,0.140337660908699
hkg,1974,0.16807159781456
hkg,1975,0.178554058074951
hkg,1976,0.199406698346138
hkg,1977,0.217736765742302
hkg,1978,0.230131804943085
hkg,1979,0.257622838020325
hkg,1980,0.310953468084335
hkg,1981,0.319779515266418
hkg,1982,0.323245197534561
hkg,1983,0.280123710632324
hkg,1984,0.287057667970657
hkg,1985,0.309198319911957
hkg,1986,0.323424279689789
hkg,1987,0.342985183000565
hkg,1988,0.385290712118149
hkg,1989,0.40833443403244
hkg,1990,0.420778185129166
hkg,1991,0.442024558782578
hkg,1992,0.496753603219986
hkg,1993,0.525233626365662
hkg,1994,0.542010009288788
hkg,1995,0.579630672931671
hkg,1996,0.622090220451355
hkg,1997,0.63934737443924
hkg,1998,0.600050985813141
hkg,1999,0.580893158912659
hkg,2000,0.544870495796204
hkg,2001,0.50216543674469
hkg,2002,0.465452522039413
hkg,2003,0.448272287845612
hkg,2004,0.413177043199539
hkg,2005,0.451265126466751
hkg,2006,0.478958606719971
hkg,2007,0.496259033679962
hkg,2008,0.575270712375641
hkg,2009,0.58194226026535
hkg,2010,0.585911750793457
hkg,2011,0.633376479148865
hkg,2012,0.643009662628174
hkg,2013,0.603973686695099
hkg,2014,0.727908492088318
hkg,2015,0.76602303981781
hkg,2016,0.755773782730103
hkg,2017,0.858760058879852
hkg,2018,0.821471869945526
hkg,2019,0.807089745998383
hkg,2020,0.808622360229492
hkg,2021,0.838414609432221
hkg,2022,0.840969741344452
hkg,2023,0.849129617214203
hnd,1950,0.0671964064240456
hnd,1951,0.0723222121596336
hnd,1952,0.0717464461922646
hnd,1953,0.0769829154014587
hnd,1954,0.0772827789187431
hnd,1955,0.0823764950037003
hnd,1956,0.0812480449676514
hnd,1957,0.0798965841531754
hnd,1958,0.0810920223593712
hnd,1959,0.0811422616243362
hnd,1960,0.0819220542907715
hnd,1961,0.0838446244597435
hnd,1962,0.0857200548052788
hnd,1963,0.0875221937894821
hnd,1964,0.0918863639235497
hnd,1965,0.0954098701477051
hnd,1966,0.0985009372234345
hnd,1967,0.10229717195034
hnd,1968,0.103219240903854
hnd,1969,0.105808906257153
hnd,1970,0.110194645822048
hnd,1971,0.114504940807819
hnd,1972,0.118279084563255
hnd,1973,0.125377506017685
hnd,1974,0.148317873477936
hnd,1975,0.156557306647301
hnd,1976,0.164129093289375
hnd,1977,0.181585550308228
hnd,1978,0.195720121264458
hnd,1979,0.223860457539558
hnd,1980,0.25140455365181
hnd,1981,0.269451707601547
hnd,1982,0.273558914661407
hnd,1983,0.290539056062698
hnd,1984,0.297985106706619
hnd,1985,0.320322215557098
hnd,1986,0.312840759754181
hnd,1987,0.325537830591202
hnd,1988,0.337462395429611
hnd,1989,0.365897923707962
hnd,1990,0.20330898463726
hnd,1991,0.194182619452477
hnd,1992,0.211175665259361
hnd,1993,0.200138881802559
hnd,1994,0.191022604703903
hnd,1995,0.197957903146744
hnd,1996,0.214020073413849
hnd,1997,0.238926604390144
hnd,1998,0.257793337106705
hnd,1999,0.269971370697022
hnd,2000,0.281885087490082
hnd,2001,0.294921666383743
hnd,2002,0.287211894989014
hnd,2003,0.285372614860535
hnd,2004,0.289735406637192
hnd,2005,0.290857136249542
hnd,2006,0.313581883907318
hnd,2007,0.332351386547089
hnd,2008,0.394008189439774
hnd,2009,0.406447052955627
hnd,2010,0.418797969818115
hnd,2011,0.43656387925148
hnd,2012,0.430877268314362
hnd,2013,0.446293890476227
hnd,2014,0.44503128528595
hnd,2015,0.420943886041641
hnd,2016,0.404693752527237
hnd,2017,0.41822212934494
hnd,2018,0.422651201486588
hnd,2019,0.410829305648804
hnd,2020,0.415923178195953
hnd,2021,0.44050133228302
hnd,2022,0.478509873151779
hnd,2023,0.503756403923035
hrv,1990,0.247792840003967
hrv,1991,0.254168540239334
hrv,1992,0.26073694229126
hrv,1993,0.298585593700409
hrv,1994,0.371070295572281
hrv,1995,0.449210643768311
hrv,1996,0.463763028383255
hrv,1997,0.423748910427094
hrv,1998,0.433054953813553
hrv,1999,0.384911179542542
hrv,2000,0.331989705562592
hrv,2001,0.336260467767715
hrv,2002,0.356588453054428
hrv,2003,0.425510138273239
hrv,2004,0.495166689157486
hrv,2005,0.520887136459351
hrv,2006,0.55388468503952
hrv,2007,0.597716629505158
hrv,2008,0.666857779026032
hrv,2009,0.614566087722778
hrv,2010,0.604985654354096
hrv,2011,0.609810888767242
hrv,2012,0.549902498722076
hrv,2013,0.596279978752136
hrv,2014,0.591259241104126
hrv,2015,0.474497765302658
hrv,2016,0.472830802202225
hrv,2017,0.466388672590256
hrv,2018,0.529365420341492
hrv,2019,0.483368575572968
hrv,2020,0.491267710924149
hrv,2021,0.527978479862213
hrv,2022,0.523467540740967
hrv,2023,0.595516264438629
hti,1960,0.0503597036004067
hti,1961,0.0504105463624001
hti,1962,0.0505363121628761
hti,1963,0.0526579581201077
hti,1964,0.0594076253473759
hti,1965,0.0634334981441498
hti,1966,0.0668793022632599
hti,1967,0.0683803930878639
hti,1968,0.0656647309660912
hti,1969,0.0661921575665474
hti,1970,0.0616290159523487
hti,1971,0.0648182854056358
hti,1972,0.063049241900444
hti,1973,0.0717340782284737
hti,1974,0.0768579617142677
hti,1975,0.0896840989589691
hti,1976,0.103246293962002
hti,1977,0.106752477586269
hti,1978,0.10502564907074
hti,1979,0.10484754294157
hti,1980,0.129028603434563
hti,1981,0.135960981249809
hti,1982,0.14761720597744
hti,1983,0.158059418201447
hti,1984,0.172453239560127
hti,1985,0.184137910604477
hti,1986,0.209715664386749
hti,1987,0.179473310709
hti,1988,0.190777733922005
hti,1989,0.220332249999046
hti,1990,0.251031398773193
hti,1991,0.239065170288086
hti,1992,0.179358050227165
hti,1993,0.177313849329948
hti,1994,0.2484460324049
hti,1995,0.219098374247551
hti,1996,0.210969939827919
hti,1997,0.229897782206535
hti,1998,0.2692029774189
hti,1999,0.262930423021317
hti,2000,0.2087592035532
hti,2001,0.207728341221809
hti,2002,0.191212579607964
hti,2003,0.157943457365036
hti,2004,0.207332462072372
hti,2005,0.219290688633919
hti,2006,0.238856971263886
hti,2007,0.285497575998306
hti,2008,0.29925149679184
hti,2009,0.318103343248367
hti,2010,0.344355225563049
hti,2011,0.373465001583099
hti,2012,0.385319739580154
hti,2013,0.409077197313309
hti,2014,0.401014626026154
hti,2015,0.36048150062561
hti,2016,0.340196013450623
hti,2017,0.421729505062103
hti,2018,0.443351954221725
hti,2019,0.400761276483536
hti,2020,0.45456463098526
hti,2021,0.534479141235352
hti,2022,0.535004675388336
hti,2023,0.575160682201386
hun,1970,0.100232899188995
hun,1971,0.101638585329056
hun,1972,0.115767940878868
hun,1973,0.137533351778984
hun,1974,0.14388220012188
hun,1975,0.156582891941071
hun,1976,0.165752232074738
hun,1977,0.165392428636551
hun,1978,0.172505065798759
hun,1979,0.18488834798336
hun,1980,0.197035774588585
hun,1981,0.198958158493042
hun,1982,0.200514823198318
hun,1983,0.183760657906532
hun,1984,0.177162751555443
hun,1985,0.179017841815949
hun,1986,0.198331877589226
hun,1987,0.205152466893196
hun,1988,0.21768793463707
hun,1989,0.214307948946953
hun,1990,0.24712923169136
hun,1991,0.255932420492172
hun,1992,0.282873094081879
hun,1993,0.275884628295898
hun,1994,0.282786071300507
hun,1995,0.301677048206329
hun,1996,0.298408776521683
hun,1997,0.294918060302734
hun,1998,0.293082982301712
hun,1999,0.284633249044418
hun,2000,0.259477257728577
hun,2001,0.272207528352737
hun,2002,0.323911607265472
hun,2003,0.405987769365311
hun,2004,0.498176723718643
hun,2005,0.522219121456146
hun,2006,0.51643842458725
hun,2007,0.613891184329987
hun,2008,0.670597851276398
hun,2009,0.545072793960571
hun,2010,0.531015276908875
hun,2011,0.564460933208466
hun,2012,0.519116818904877
hun,2013,0.547795414924622
hun,2014,0.556911945343018
hun,2015,0.470140546560288
hun,2016,0.476090133190155
hun,2017,0.502385079860687
hun,2018,0.541597366333008
hun,2019,0.511767089366913
hun,2020,0.51050078868866
hun,2021,0.552721798419952
hun,2022,0.519951939582825
hun,2023,0.625586330890656
idn,1960,0.0419729575514793
idn,1961,0.0392977520823479
idn,1962,0.04335917532444
idn,1963,0.0474414490163326
idn,1964,0.0514110065996647
idn,1965,0.0449534244835377
idn,1966,0.0373925901949406
idn,1967,0.0478979498147965
idn,1968,0.0543337613344193
idn,1969,0.0660367906093597
idn,1970,0.0657520964741707
idn,1971,0.0639934241771698
idn,1972,0.0671476647257805
idn,1973,0.0867918953299522
idn,1974,0.121286369860172
idn,1975,0.137064501643181
idn,1976,0.154679626226425
idn,1977,0.176824018359184
idn,1978,0.182168021798134
idn,1979,0.166293159127235
idn,1980,0.20987431704998
idn,1981,0.245410397648811
idn,1982,0.247424811124802
idn,1983,0.207833290100098
idn,1984,0.202714160084724
idn,1985,0.197480514645576
idn,1986,0.177549675107002
idn,1987,0.162080079317093
idn,1988,0.182748466730118
idn,1989,0.188602849841118
idn,1990,0.188097953796387
idn,1991,0.195381253957748
idn,1992,0.194780230522156
idn,1993,0.20910781621933
idn,1994,0.218378901481628
idn,1995,0.229216009378433
idn,1996,0.238918721675873
idn,1997,0.222576409578323
idn,1998,0.12206919491291
idn,1999,0.177298739552498
idn,2000,0.19578829407692
idn,2001,0.185778871178627
idn,2002,0.221807196736336
idn,2003,0.263580501079559
idn,2004,0.26447206735611
idn,2005,0.268139541149139
idn,2006,0.309415280818939
idn,2007,0.3292156457901
idn,2008,0.323845088481903
idn,2009,0.308183133602142
idn,2010,0.342671930789948
idn,2011,0.333653092384338
idn,2012,0.321102768182755
idn,2013,0.319648563861847
idn,2014,0.303492069244385
idn,2015,0.295804679393768
idn,2016,0.315035790205002
idn,2017,0.33070370554924
idn,2018,0.319639474153519
idn,2019,0.326963275671005
idn,2020,0.323874205350876
idn,2021,0.345409423112869
idn,2022,0.34806889295578
idn,2023,0.350574761629105
ind,1950,0.0662698522210121
ind,1951,0.0673380866646767
ind,1952,0.0635520368814468
ind,1953,0.0635086074471474
ind,1954,0.0570227168500423
ind,1955,0.0586193241178989
ind,1956,0.063772439956665
ind,1957,0.0644578188657761
ind,1958,0.0662406459450722
ind,1959,0.0665721520781517
ind,1960,0.063585177063942
ind,1961,0.0649926736950874
ind,1962,0.067014254629612
ind,1963,0.0721764788031578
ind,1964,0.0786140486598015
ind,1965,0.0841894373297691
ind,1966,0.0706886574625969
ind,1967,0.0651688352227211
ind,1968,0.0666574463248253
ind,1969,0.066739059984684
ind,1970,0.070142038166523
ind,1971,0.0721655413508415
ind,1972,0.0759911313652992
ind,1973,0.086090624332428
ind,1974,0.0970449596643448
ind,1975,0.0916585102677345
ind,1976,0.0935659110546112
ind,1977,0.109212540090084
ind,1978,0.128955379128456
ind,1979,0.153197467327118
ind,1980,0.182602420449257
ind,1981,0.195914626121521
ind,1982,0.204824537038803
ind,1983,0.216850355267525
ind,1984,0.215932056307793
ind,1985,0.219741240143776
ind,1986,0.230566427111626
ind,1987,0.242279067635536
ind,1988,0.248082652688026
ind,1989,0.22842264175415
ind,1990,0.232346445322037
ind,1991,0.199259877204895
ind,1992,0.19022524356842
ind,1993,0.176536500453949
ind,1994,0.190736189484596
ind,1995,0.200258642435074
ind,1996,0.19672317802906
ind,1997,0.203681230545044
ind,1998,0.190039798617363
ind,1999,0.190324366092682
ind,2000,0.186942875385284
ind,2001,0.182271689176559
ind,2002,0.179961040616035
ind,2003,0.192919030785561
ind,2004,0.206982463598251
ind,2005,0.210485145449638
ind,2006,0.215437039732933
ind,2007,0.243596509099007
ind,2008,0.245252251625061
ind,2009,0.238538831472397
ind,2010,0.263199806213379
ind,2011,0.271454215049744
ind,2012,0.248963937163353
ind,2013,0.256697595119476
ind,2014,0.262441515922546
ind,2015,0.262903898954392
ind,2016,0.265166312456131
ind,2017,0.287973970174789
ind,2018,0.278186619281769
ind,2019,0.272630125284195
ind,2020,0.266317576169968
ind,2021,0.27488449215889
ind,2022,0.275654017925262
ind,2023,0.278604745864868
irl,1950,0.0633704289793968
irl,1951,0.0680844783782959
irl,1952,0.0732450559735298
irl,1953,0.0773540288209915
irl,1954,0.0771343186497688
irl,1955,0.0791840255260468
irl,1956,0.0815031975507736
irl,1957,0.084988109767437
irl,1958,0.0884170010685921
irl,1959,0.0904894769191742
irl,1960,0.0940132662653923
irl,1961,0.0961473286151886
irl,1962,0.0986877530813217
irl,1963,0.101216688752174
irl,1964,0.111716575920582
irl,1965,0.116439089179039
irl,1966,0.119842819869518
irl,1967,0.120825283229351
irl,1968,0.109472997486591
irl,1969,0.120281115174294
irl,1970,0.133334100246429
irl,1971,0.149312034249306
irl,1972,0.171446844935417
irl,1973,0.194099366664886
irl,1974,0.209109917283058
irl,1975,0.239030748605728
irl,1976,0.227583602070808
irl,1977,0.246765404939652
irl,1978,0.293766617774963
irl,1979,0.354024440050125
irl,1980,0.412766069173813
irl,1981,0.388369560241699
irl,1982,0.396128743886948
irl,1983,0.387188166379929
irl,1984,0.366411000490189
irl,1985,0.381758481264114
irl,1986,0.49477943778038
irl,1987,0.556901931762695
irl,1988,0.592400550842285
irl,1989,0.569933891296387
irl,1990,0.678813278675079
irl,1991,0.658757567405701
irl,1992,0.708940923213959
irl,1993,0.625539243221283
irl,1994,0.636051893234253
irl,1995,0.682137787342072
irl,1996,0.699771106243134
irl,1997,0.665026962757111
irl,1998,0.63329142332077
irl,1999,0.636982440948486
irl,2000,0.56554651260376
irl,2001,0.568730115890503
irl,2002,0.590369939804077
irl,2003,0.712942779064179
irl,2004,0.802007973194122
irl,2005,0.807928144931793
irl,2006,0.858495533466339
irl,2007,0.920005559921265
irl,2008,1.01751279830933
irl,2009,0.892191410064697
irl,2010,0.828757643699646
irl,2011,0.8706955909729
irl,2012,0.805345475673676
irl,2013,0.870330154895783
irl,2014,0.884608149528503
irl,2015,0.741540729999542
irl,2016,0.70884519815445
irl,2017,0.745450377464294
irl,2018,0.807533025741577
irl,2019,0.720255315303803
irl,2020,0.732944369316101
irl,2021,0.774089395999908
irl,2022,0.710917174816132
irl,2023,0.79910159111023
irn,1955,0.101369544863701
irn,1956,0.10883416980505
irn,1957,0.109455697238445
irn,1958,0.0703668370842934
irn,1959,0.0506655871868134
irn,1960,0.0509381927549839
irn,1961,0.0504514761269093
irn,1962,0.0541848354041576
irn,1963,0.0531478561460972
irn,1964,0.0544366240501404
irn,1965,0.0574006401002407
irn,1966,0.0582697093486786
irn,1967,0.05605823174119
irn,1968,0.0581493005156517
irn,1969,0.0619003996253014
irn,1970,0.0591016225516796
irn,1971,0.0696583315730095
irn,1972,0.0743556320667267
irn,1973,0.109002970159054
irn,1974,0.14479897916317
irn,1975,0.170531630516052
irn,1976,0.207472190260887
irn,1977,0.218154206871986
irn,1978,0.29666730761528
irn,1979,0.362644255161285
irn,1980,0.559564232826233
irn,1981,0.664394080638886
irn,1982,0.671301662921906
irn,1983,0.806441485881805
irn,1984,0.900860071182251
irn,1985,0.430132985115051
irn,1986,0.459822803735733
irn,1987,0.516546130180359
irn,1988,0.591197669506073
irn,1989,0.533541977405548
irn,1990,0.473584026098251
irn,1991,0.447029709815979
irn,1992,0.424054503440857
irn,1993,0.363296866416931
irn,1994,0.330233901739121
irn,1995,0.323695212602615
irn,1996,0.297879219055176
irn,1997,0.261763870716095
irn,1998,0.247181817889214
irn,1999,0.227394387125969
irn,2000,0.193476483225822
irn,2001,0.184201300144196
irn,2002,0.194060161709785
irn,2003,0.179608225822449
irn,2004,0.190915271639824
irn,2005,0.191236212849617
irn,2006,0.210814952850342
irn,2007,0.244492039084435
irn,2008,0.288199931383133
irn,2009,0.282711654901505
irn,2010,0.313083082437515
irn,2011,0.360363602638245
irn,2012,0.402784705162048
irn,2013,0.378531724214554
irn,2014,0.320957958698273
irn,2015,0.323581725358963
irn,2016,0.332520306110382
irn,2017,0.35155525803566
irn,2018,0.250941842794418
irn,2019,0.235333204269409
irn,2020,0.200720310211182
irn,2021,0.277906000614166
irn,2022,0.296185612678528
irn,2023,0.30065655708313
irq,1970,0.0676728561520577
irq,1971,0.071789100766182
irq,1972,0.065117359161377
irq,1973,0.0670291632413864
irq,1974,0.0671654120087624
irq,1975,0.0732403323054314
irq,1976,0.0799800902605057
irq,1977,0.104983896017075
irq,1978,0.111466333270073
irq,1979,0.119990363717079
irq,1980,0.128067940473557
irq,1981,0.12148030847311
irq,1982,0.131759181618691
irq,1983,0.142929926514626
irq,1984,0.15162667632103
irq,1985,0.154431328177452
irq,1986,0.156954631209373
irq,1987,0.162362143397331
irq,1988,0.166919678449631
irq,1989,0.176169604063034
irq,1990,0.183544769883156
irq,1991,0.189199447631836
irq,1992,0.178151100873947
irq,1993,0.0856951847672463
irq,1994,0.0724660754203796
irq,1995,0.0764522030949593
irq,1996,0.0896367058157921
irq,1997,0.0805600732564926
irq,1998,0.0765874087810516
irq,1999,0.115215763449669
irq,2000,0.127212598919868
irq,2001,0.128976479172707
irq,2002,0.13445833325386
irq,2003,0.19819201529026
irq,2004,0.203367128968239
irq,2005,0.258366137742996
irq,2006,0.29903057217598
irq,2007,0.35845097899437
irq,2008,0.412839025259018
irq,2009,0.363997280597687
irq,2010,0.332318663597107
irq,2011,0.362891763448715
irq,2012,0.376855224370956
irq,2013,0.392909824848175
irq,2014,0.417240381240845
irq,2015,0.405620276927948
irq,2016,0.421167552471161
irq,2017,0.399534106254578
irq,2018,0.419278770685196
irq,2019,0.415271013975143
irq,2020,0.358985245227814
irq,2021,0.35557296872139
irq,2022,0.412106603384018
irq,2023,0.378129661083221
isl,1950,0.101134613156319
isl,1951,0.112870015203953
isl,1952,0.127093613147736
isl,1953,0.130981042981148
isl,1954,0.132965788245201
isl,1955,0.137429788708687
isl,1956,0.160191178321838
isl,1957,0.170291870832443
isl,1958,0.176694288849831
isl,1959,0.197706237435341
isl,1960,0.104795023798943
isl,1961,0.103266544640064
isl,1962,0.109312862157822
isl,1963,0.115179672837257
isl,1964,0.130842715501785
isl,1965,0.144640788435936
isl,1966,0.161302357912064
isl,1967,0.163209795951843
isl,1968,0.134929344058037
isl,1969,0.11272045224905
isl,1970,0.131473317742348
isl,1971,0.139682069420815
isl,1972,0.175976067781448
isl,1973,0.217323869466782
isl,1974,0.273104608058929
isl,1975,0.25041401386261
isl,1976,0.295662552118301
isl,1977,0.348153650760651
isl,1978,0.378847599029541
isl,1979,0.414137244224548
isl,1980,0.470036447048187
isl,1981,0.465195506811142
isl,1982,0.408622473478317
isl,1983,0.385628491640091
isl,1984,0.362992316484451
isl,1985,0.374849379062653
isl,1986,0.462055116891861
isl,1987,0.577841281890869
isl,1988,0.623373568058014
isl,1989,0.60466194152832
isl,1990,0.704647779464722
isl,1991,0.731890738010407
isl,1992,0.790116608142853
isl,1993,0.687807083129883
isl,1994,0.678953349590302
isl,1995,0.762434661388397
isl,1996,0.782273471355438
isl,1997,0.723966598510742
isl,1998,0.758317530155182
isl,1999,0.746861398220062
isl,2000,0.748771905899048
isl,2001,0.651908040046692
isl,2002,0.72774612903595
isl,2003,0.925063252449036
isl,2004,1.05962598323822
isl,2005,1.30242645740509
isl,2006,1.37181961536407
isl,2007,1.59453904628754
isl,2008,1.17722463607788
isl,2009,0.856054365634918
isl,2010,0.945161461830139
isl,2011,1.01987910270691
isl,2012,0.962807714939117
isl,2013,1.06553053855896
isl,2014,1.16182589530945
isl,2015,1.05529308319092
isl,2016,1.22370719909668
isl,2017,1.4080616235733
isl,2018,1.40994656085968
isl,2019,1.17335057258606
isl,2020,1.08756911754608
isl,2021,1.22888851165771
isl,2022,1.25812673568726
isl,2023,1.2890625
isr,1950,0.0991165265440941
isr,1951,0.105476975440979
isr,1952,0.112341269850731
isr,1953,0.110058963298798
isr,1954,0.111302085220814
isr,1955,0.113208800554276
isr,1956,0.114313170313835
isr,1957,0.124044522643089
isr,1958,0.130227521061897
isr,1959,0.133206456899643
isr,1960,0.145039618015289
isr,1961,0.15536467730999
isr,1962,0.103698387742043
isr,1963,0.107089191675186
isr,1964,0.113583751022816
isr,1965,0.134836986660957
isr,1966,0.13146048784256
isr,1967,0.129638984799385
isr,1968,0.12823349237442
isr,1969,0.129848852753639
isr,1970,0.133713483810425
isr,1971,0.140233993530273
isr,1972,0.149088442325592
isr,1973,0.177155733108521
isr,1974,0.234274759888649
isr,1975,0.221088752150536
isr,1976,0.232406556606293
isr,1977,0.252344936132431
isr,1978,0.238416969776154
isr,1979,0.297188937664032
isr,1980,0.333014249801636
isr,1981,0.332589268684387
isr,1982,0.351068049669266
isr,1983,0.374422907829285
isr,1984,0.345390737056732
isr,1985,0.315296530723572
isr,1986,0.366157531738281
isr,1987,0.406148582696915
isr,1988,0.477999866008759
isr,1989,0.480870813131332
isr,1990,0.525589108467102
isr,1991,0.543810188770294
isr,1992,0.565120697021484
isr,1993,0.539612770080566
isr,1994,0.570064842700958
isr,1995,0.641005575656891
isr,1996,0.649511575698853
isr,1997,0.637286603450775
isr,1998,0.608193755149841
isr,1999,0.582023859024048
isr,2000,0.593397617340088
isr,2001,0.573011457920075
isr,2002,0.521881639957428
isr,2003,0.567817628383637
isr,2004,0.608019769191742
isr,2005,0.635016262531281
isr,2006,0.671658098697662
isr,2007,0.768481016159058
isr,2008,0.931213915348053
isr,2009,0.837683737277985
isr,2010,0.900069952011108
isr,2011,0.961999118328095
isr,2012,0.89791601896286
isr,2013,0.98180365562439
isr,2014,1.01778066158295
isr,2015,0.929227292537689
isr,2016,0.922187924385071
isr,2017,1.00630223751068
isr,2018,1.09363317489624
isr,2019,1.15199792385101
isr,2020,1.18972563743591
isr,2021,1.32236301898956
isr,2022,1.35689866542816
isr,2023,1.26278233528137
ita,1950,0.0696115791797638
ita,1951,0.0746178403496742
ita,1952,0.0772032588720322
ita,1953,0.0789391472935677
ita,1954,0.0811864212155342
ita,1955,0.0838887393474579
ita,1956,0.088577926158905
ita,1957,0.0910884067416191
ita,1958,0.0930698215961456
ita,1959,0.0922389328479767
ita,1960,0.0936819165945053
ita,1961,0.0957712605595589
ita,1962,0.100950315594673
ita,1963,0.110558904707432
ita,1964,0.117734260857105
ita,1965,0.122883595526218
ita,1966,0.125489309430122
ita,1967,0.128376513719559
ita,1968,0.130277276039124
ita,1969,0.135462298989296
ita,1970,0.143600136041641
ita,1971,0.153410047292709
ita,1972,0.170957311987877
ita,1973,0.192648515105248
ita,1974,0.206878021359444
ita,1975,0.233877316117287
ita,1976,0.2121272534132
ita,1977,0.230492413043976
ita,1978,0.263608068227768
ita,1979,0.303478181362152
ita,1980,0.34725821018219
ita,1981,0.318462044000626
ita,1982,0.319008320569992
ita,1983,0.33301654458046
ita,1984,0.328500866889954
ita,1985,0.333723813295364
ita,1986,0.445579588413239
ita,1987,0.53704571723938
ita,1988,0.568097651004791
ita,1989,0.566591322422028
ita,1990,0.691885471343994
ita,1991,0.702606022357941
ita,1992,0.731268167495728
ita,1993,0.592851877212524
ita,1994,0.59164035320282
ita,1995,0.607287645339966
ita,1996,0.671274244785309
ita,1997,0.610295295715332
ita,1998,0.590307712554932
ita,1999,0.567090332508087
ita,2000,0.500661849975586
ita,2001,0.495427250862122
ita,2002,0.558490216732025
ita,2003,0.697422444820404
ita,2004,0.796464085578919
ita,2005,0.801847636699677
ita,2006,0.814180135726929
ita,2007,0.875952899456024
ita,2008,0.94361811876297
ita,2009,0.885177910327911
ita,2010,0.860192954540253
ita,2011,0.893468320369721
ita,2012,0.832704901695252
ita,2013,0.885564506053925
ita,2014,0.899859011173248
ita,2015,0.752034902572632
ita,2016,0.726903796195984
ita,2017,0.73983359336853
ita,2018,0.7859166264534
ita,2019,0.721508204936981
ita,2020,0.740782737731934
ita,2021,0.764714479446411
ita,2022,0.703373849391937
ita,2023,0.766921043395996
jam,1953,0.0750955268740654
jam,1954,0.076088972389698
jam,1955,0.0797792226076126
jam,1956,0.0866095945239067
jam,1957,0.0940549895167351
jam,1958,0.093210332095623
jam,1959,0.0908572822809219
jam,1960,0.0953754037618637
jam,1961,0.0974883437156677
jam,1962,0.0988959148526192
jam,1963,0.0971322134137154
jam,1964,0.100144021213055
jam,1965,0.10529600828886
jam,1966,0.116110526025295
jam,1967,0.120255187153816
jam,1968,0.1121791228652
jam,1969,0.118240810930729
jam,1970,0.122502289712429
jam,1971,0.129536181688309
jam,1972,0.142982318997383
jam,1973,0.143763408064842
jam,1974,0.186639711260796
jam,1975,0.228998899459839
jam,1976,0.250108510255814
jam,1977,0.288390636444092
jam,1978,0.247013688087463
jam,1979,0.247456654906273
jam,1980,0.305193185806274
jam,1981,0.344053983688355
jam,1982,0.378295034170151
jam,1983,0.39496985077858
jam,1984,0.267628401517868
jam,1985,0.262541502714157
jam,1986,0.291429609060288
jam,1987,0.319214791059494
jam,1988,0.355565637350082
jam,1989,0.403316348791122
jam,1990,0.396801650524139
jam,1991,0.363491624593735
jam,1992,0.304779857397079
jam,1993,0.367679685354233
jam,1994,0.364750534296036
jam,1995,0.437614947557449
jam,1996,0.488273084163666
jam,1997,0.552494943141937
jam,1998,0.554333686828613
jam,1999,0.54303103685379
jam,2000,0.541267037391663
jam,2001,0.553581655025482
jam,2002,0.580233693122864
jam,2003,0.511397838592529
jam,2004,0.541481852531433
jam,2005,0.576355695724487
jam,2006,0.575943231582642
jam,2007,0.578262209892273
jam,2008,0.635979354381561
jam,2009,0.542245805263519
jam,2010,0.58368057012558
jam,2011,0.632675528526306
jam,2012,0.629207968711853
jam,2013,0.588696956634522
jam,2014,0.569192290306091
jam,2015,0.567234516143799
jam,2016,0.549798369407654
jam,2017,0.564891636371613
jam,2018,0.59406316280365
jam,2019,0.592654347419739
jam,2020,0.559952259063721
jam,2021,0.55805778503418
jam,2022,0.642692744731903
jam,2023,0.727539837360382
jor,1954,0.0669637769460678
jor,1955,0.0714621767401695
jor,1956,0.0779028683900833
jor,1957,0.0737324506044388
jor,1958,0.0727522522211075
jor,1959,0.0672722980380058
jor,1960,0.0781100615859032
jor,1961,0.0700989738106728
jor,1962,0.072636790573597
jor,1963,0.0700661391019821
jor,1964,0.0734159573912621
jor,1965,0.0709497258067131
jor,1966,0.0670207068324089
jor,1967,0.0763395577669144
jor,1968,0.0878517329692841
jor,1969,0.0782440230250359
jor,1970,0.0876520499587059
jor,1971,0.0905165672302246
jor,1972,0.0931259766221046
jor,1973,0.113728478550911
jor,1974,0.132429152727127
jor,1975,0.184049665927887
jor,1976,0.196908921003342
jor,1977,0.220975488424301
jor,1978,0.259443074464798
jor,1979,0.272521287202835
jor,1980,0.322860985994339
jor,1981,0.282392650842667
jor,1982,0.295148998498917
jor,1983,0.315548151731491
jor,1984,0.293548285961151
jor,1985,0.328550726175308
jor,1986,0.338981300592423
jor,1987,0.310692191123962
jor,1988,0.312180459499359
jor,1989,0.266558647155762
jor,1990,0.272093445062637
jor,1991,0.276944071054459
jor,1992,0.332725048065186
jor,1993,0.335669934749603
jor,1994,0.352336257696152
jor,1995,0.362410664558411
jor,1996,0.384415566921234
jor,1997,0.382509469985962
jor,1998,0.404807865619659
jor,1999,0.404699951410294
jor,2000,0.4071204662323
jor,2001,0.402586191892624
jor,2002,0.376848608255386
jor,2003,0.369803041219711
jor,2004,0.356784611940384
jor,2005,0.326170057058334
jor,2006,0.346536815166473
jor,2007,0.338577449321747
jor,2008,0.365907907485962
jor,2009,0.342152684926987
jor,2010,0.33622881770134
jor,2011,0.304779469966888
jor,2012,0.316560208797455
jor,2013,0.352788299322128
jor,2014,0.372979074716568
jor,2015,0.38509014248848
jor,2016,0.397720396518707
jor,2017,0.383702337741852
jor,2018,0.411919474601746
jor,2019,0.409676760435104
jor,2020,0.381988406181335
jor,2021,0.427362263202667
jor,2022,0.472100585699081
jor,2023,0.479465782642365
jpn,1950,0.0432724915444851
jpn,1951,0.0538922622799873
jpn,1952,0.0547008700668812
jpn,1953,0.0588084496557713
jpn,1954,0.0621131956577301
jpn,1955,0.063254177570343
jpn,1956,0.0667557716369629
jpn,1957,0.0718936175107956
jpn,1958,0.0706459656357765
jpn,1959,0.0740064829587936
jpn,1960,0.0803693234920502
jpn,1961,0.0872953161597252
jpn,1962,0.0898197889328003
jpn,1963,0.0950521677732468
jpn,1964,0.100524991750717
jpn,1965,0.104988344013691
jpn,1966,0.110258400440216
jpn,1967,0.116590209305286
jpn,1968,0.122409634292126
jpn,1969,0.127932950854301
jpn,1970,0.136650666594505
jpn,1971,0.14502714574337
jpn,1972,0.175816684961319
jpn,1973,0.221720203757286
jpn,1974,0.248730182647705
jpn,1975,0.25616130232811
jpn,1976,0.270694404840469
jpn,1977,0.312164962291718
jpn,1978,0.408575832843781
jpn,1979,0.400008082389832
jpn,1980,0.397416412830353
jpn,1981,0.439915657043457
jpn,1982,0.414424389600754
jpn,1983,0.46270939707756
jpn,1984,0.488427430391312
jpn,1985,0.503844618797302
jpn,1986,0.697119176387787
jpn,1987,0.800485789775848
jpn,1988,0.880601227283478
jpn,1989,0.815193474292755
jpn,1990,0.783098995685577
jpn,1991,0.838455438613892
jpn,1992,0.884173274040222
jpn,1993,0.97748464345932
jpn,1994,1.06724882125855
jpn,1995,1.13014626502991
jpn,1996,0.957684457302094
jpn,1997,0.869359314441681
jpn,1998,0.80366861820221
jpn,1999,0.910187959671021
jpn,2000,0.936924517154694
jpn,2001,0.826362133026123
jpn,2002,0.785127460956574
jpn,2003,0.837227523326874
jpn,2004,0.885037541389465
jpn,2005,0.846544802188873
jpn,2006,0.799138188362122
jpn,2007,0.784986555576325
jpn,2008,0.892837226390839
jpn,2009,0.973310172557831
jpn,2010,1.01406109333038
jpn,2011,1.11325740814209
jpn,2012,1.11954021453857
jpn,2013,0.932816982269287
jpn,2014,0.89474481344223
jpn,2015,0.785636305809021
jpn,2016,0.896008789539337
jpn,2017,0.886958777904511
jpn,2018,0.91482812166214
jpn,2019,0.93276458978653
jpn,2020,0.957761228084564
jpn,2021,0.935782074928284
jpn,2022,0.787070393562317
jpn,2023,0.765506744384766
kaz,1990,0.136061072349548
kaz,1991,0.128137767314911
kaz,1992,0.12148317694664
kaz,1993,0.152614891529083
kaz,1994,0.172452613711357
kaz,1995,0.190994709730148
kaz,1996,0.200674489140511
kaz,1997,0.22503162920475
kaz,1998,0.239267870783806
kaz,1999,0.189125686883926
kaz,2000,0.17912869155407
kaz,2001,0.192113757133484
kaz,2002,0.200080126523972
kaz,2003,0.221414163708687
kaz,2004,0.2695132791996
kaz,2005,0.297585338354111
kaz,2006,0.348122298717499
kaz,2007,0.388289332389832
kaz,2008,0.427726805210114
kaz,2009,0.383150488138199
kaz,2010,0.419049203395844
kaz,2011,0.43660768866539
kaz,2012,0.444639265537262
kaz,2013,0.471375465393066
kaz,2014,0.439356416463852
kaz,2015,0.386752277612686
kaz,2016,0.288483887910843
kaz,2017,0.322533279657364
kaz,2018,0.349642276763916
kaz,2019,0.306095123291016
kaz,2020,0.286507338285446
kaz,2021,0.312529653310776
kaz,2022,0.342092424631119
kaz,2023,0.381230145692825
ken,1950,0.0570870488882065
ken,1951,0.0620236955583096
ken,1952,0.0673541650176048
ken,1953,0.0706266984343529
ken,1954,0.074677474796772
ken,1955,0.0810323730111122
ken,1956,0.0815431699156761
ken,1957,0.083478257060051
ken,1958,0.08265171200037
ken,1959,0.0835136920213699
ken,1960,0.0852241143584251
ken,1961,0.0856910198926926
ken,1962,0.0858378708362579
ken,1963,0.0896637514233589
ken,1964,0.0876115709543228
ken,1965,0.0831014364957809
ken,1966,0.0860514119267464
ken,1967,0.0874540209770203
ken,1968,0.0959722548723221
ken,1969,0.0965102463960648
ken,1970,0.113287419080734
ken,1971,0.117931678891182
ken,1972,0.119890451431274
ken,1973,0.131722301244736
ken,1974,0.139562547206879
ken,1975,0.163305357098579
ken,1976,0.169044092297554
ken,1977,0.192712128162384
ken,1978,0.210973918437958
ken,1979,0.256888091564178
ken,1980,0.27294260263443
ken,1981,0.257031381130219
ken,1982,0.238586366176605
ken,1983,0.208685889840126
ken,1984,0.201892331242561
ken,1985,0.187090560793877
ken,1986,0.212125241756439
ken,1987,0.225768551230431
ken,1988,0.226742327213287
ken,1989,0.217981681227684
ken,1990,0.212990716099739
ken,1991,0.19743324816227
ken,1992,0.20136646926403
ken,1993,0.131158515810967
ken,1994,0.145215764641762
ken,1995,0.193266004323959
ken,1996,0.187581107020378
ken,1997,0.199412167072296
ken,1998,0.210327714681625
ken,1999,0.192003399133682
ken,2000,0.1901675760746
ken,2001,0.188109770417213
ken,2002,0.200549632310867
ken,2003,0.224404156208038
ken,2004,0.231302678585053
ken,2005,0.25644052028656
ken,2006,0.27550396323204
ken,2007,0.314300924539566
ken,2008,0.337311446666718
ken,2009,0.32554629445076
ken,2010,0.32147079706192
ken,2011,0.314229905605316
ken,2012,0.352397263050079
ken,2013,0.360996633768082
ken,2014,0.364540576934814
ken,2015,0.342842251062393
ken,2016,0.344071328639984
ken,2017,0.354367703199387
ken,2018,0.372806251049042
ken,2019,0.378840535879135
ken,2020,0.376992344856262
ken,2021,0.385273963212967
ken,2022,0.386038899421692
ken,2023,0.34337255358696
kgz,1990,0.0688136667013168
kgz,1991,0.066152811050415
kgz,1992,0.0735666304826737
kgz,1993,0.0739279463887215
kgz,1994,0.0793565660715103
kgz,1995,0.0911735966801643
kgz,1996,0.11321759968996
kgz,1997,0.130126148462296
kgz,1998,0.131720453500748
kgz,1999,0.102389760315418
kgz,2000,0.113204099237919
kgz,2001,0.127774208784103
kgz,2002,0.133488938212395
kgz,2003,0.147265821695328
kgz,2004,0.160720139741898
kgz,2005,0.174727275967598
kgz,2006,0.1737479865551
kgz,2007,0.205127716064453
kgz,2008,0.23804834485054
kgz,2009,0.214053124189377
kgz,2010,0.218714386224747
kgz,2011,0.231729507446289
kgz,2012,0.227343991398811
kgz,2013,0.229460015892982
kgz,2014,0.166597008705139
kgz,2015,0.207033902406693
kgz,2016,0.18721416592598
kgz,2017,0.187348589301109
kgz,2018,0.207143157720566
kgz,2019,0.212430059909821
kgz,2020,0.195058107376099
kgz,2021,0.197373509407043
kgz,2022,0.207944139838219
kgz,2023,0.19993269443512
khm,1970,0.0622660107910633
khm,1971,0.0572599172592163
khm,1972,0.0666206255555153
khm,1973,0.0709702968597412
khm,1974,0.0802554711699486
khm,1975,0.0899856463074684
khm,1976,0.0957335978746414
khm,1977,0.101352669298649
khm,1978,0.108605399727821
khm,1979,0.117280885577202
khm,1980,0.124674782156944
khm,1981,0.13780814409256
khm,1982,0.146482855081558
khm,1983,0.151767060160637
khm,1984,0.157918155193329
khm,1985,0.163388058543205
khm,1986,0.166047379374504
khm,1987,0.170491993427277
khm,1988,0.182783931493759
khm,1989,0.179372563958168
khm,1990,0.171663656830788
khm,1991,0.207271739840508
khm,1992,0.175975993275642
khm,1993,0.196989670395851
khm,1994,0.19514225423336
khm,1995,0.21613447368145
khm,1996,0.240837976336479
khm,1997,0.228347286581993
khm,1998,0.216340005397797
khm,1999,0.221039399504662
khm,2000,0.213062226772308
khm,2001,0.212956547737122
khm,2002,0.217485144734383
khm,2003,0.216152235865593
khm,2004,0.223684385418892
khm,2005,0.211475268006325
khm,2006,0.227737352252007
khm,2007,0.239556178450584
khm,2008,0.249339252710342
khm,2009,0.27471649646759
khm,2010,0.277796983718872
khm,2011,0.295257896184921
khm,2012,0.298873484134674
khm,2013,0.30452087521553
khm,2014,0.323743641376495
khm,2015,0.316279649734497
khm,2016,0.324792623519897
khm,2017,0.337537527084351
khm,2018,0.343617707490921
khm,2019,0.350171476602554
khm,2020,0.351982295513153
khm,2021,0.354766428470612
khm,2022,0.381624847650528
khm,2023,0.424503356218338
kna,1970,0.132298082113266
kna,1971,0.149548083543777
kna,1972,0.165666103363037
kna,1973,0.167997166514397
kna,1974,0.217065557837486
kna,1975,0.223150834441185
kna,1976,0.174201861023903
kna,1977,0.178263261914253
kna,1978,0.180171266198158
kna,1979,0.197225451469421
kna,1980,0.217945724725723
kna,1981,0.244233265519142
kna,1982,0.265649944543839
kna,1983,0.2579106092453
kna,1984,0.26978987455368
kna,1985,0.307312726974487
kna,1986,0.323733419179916
kna,1987,0.336444526910782
kna,1988,0.407181233167648
kna,1989,0.423793703317642
kna,1990,0.467554837465286
kna,1991,0.444480985403061
kna,1992,0.50366884469986
kna,1993,0.553297817707062
kna,1994,0.54292368888855
kna,1995,0.573793828487396
kna,1996,0.536036729812622
kna,1997,0.633978486061096
kna,1998,0.612343430519104
kna,1999,0.57405424118042
kna,2000,0.51290100812912
kna,2001,0.8982994556427
kna,2002,0.805326163768768
kna,2003,0.739842176437378
kna,2004,0.70280909538269
kna,2005,0.614126741886139
kna,2006,0.742689609527588
kna,2007,0.768215537071228
kna,2008,0.729633331298828
kna,2009,0.728677570819855
kna,2010,0.714911341667175
kna,2011,0.726178109645844
kna,2012,0.726892232894898
kna,2013,0.76551479101181
kna,2014,0.771702229976654
kna,2015,0.814315319061279
kna,2016,0.87026858329773
kna,2017,0.816437363624573
kna,2018,0.817090272903442
kna,2019,0.798240721225739
kna,2020,0.766165614128113
kna,2021,0.815445303916931
kna,2022,0.864416301250458
kna,2023,0.886901795864105
kor,1953,0.100385472178459
kor,1954,0.134876281023026
kor,1955,0.0780450701713562
kor,1956,0.101162046194077
kor,1957,0.120585702359676
kor,1958,0.120567977428436
kor,1959,0.126071512699127
kor,1960,0.108813256025314
kor,1961,0.0614606030285358
kor,1962,0.0703040510416031
kor,1963,0.0888024866580963
kor,1964,0.0710878074169159
kor,1965,0.0604486241936684
kor,1966,0.0670053213834763
kor,1967,0.0781378149986267
kor,1968,0.0883912965655327
kor,1969,0.0974371731281281
kor,1970,0.106170199811459
kor,1971,0.0989707559347153
kor,1972,0.0962809547781944
kor,1973,0.101237162947655
kor,1974,0.120752558112144
kor,1975,0.116236537694931
kor,1976,0.147201701998711
kor,1977,0.174122497439384
kor,1978,0.216384366154671
kor,1979,0.265977889299393
kor,1980,0.277487874031067
kor,1981,0.291710376739502
kor,1982,0.290262222290039
kor,1983,0.289220631122589
kor,1984,0.293101698160172
kor,1985,0.288850516080856
kor,1986,0.287027418613434
kor,1987,0.316368758678436
kor,1988,0.37400233745575
kor,1989,0.416894495487213
kor,1990,0.429239571094513
kor,1991,0.43722003698349
kor,1992,0.436140239238739
kor,1993,0.441336512565613
kor,1994,0.464673846960068
kor,1995,0.511213421821594
kor,1996,0.498168587684631
kor,1997,0.471562683582306
kor,1998,0.356452167034149
kor,1999,0.416395753622055
kor,2000,0.441375821828842
kor,2001,0.406113803386688
kor,2002,0.427567094564438
kor,2003,0.46145960688591
kor,2004,0.490752369165421
kor,2005,0.540582895278931
kor,2006,0.586543023586273
kor,2007,0.620767712593079
kor,2008,0.557562351226807
kor,2009,0.510814428329468
kor,2010,0.583300709724426
kor,2011,0.645665526390076
kor,2012,0.649184048175812
kor,2013,0.716851055622101
kor,2014,0.74733030796051
kor,2015,0.683296859264374
kor,2016,0.674010992050171
kor,2017,0.70964789390564
kor,2018,0.72748601436615
kor,2019,0.670357882976532
kor,2020,0.65742826461792
kor,2021,0.694677472114563
kor,2022,0.623112678527832
kor,2023,0.632461726665497
kwt,1970,0.0374167859554291
kwt,1971,0.0465210489928722
kwt,1972,0.0515455901622772
kwt,1973,0.0610184222459793
kwt,1974,0.134420305490494
kwt,1975,0.144155725836754
kwt,1976,0.142437443137169
kwt,1977,0.158968687057495
kwt,1978,0.165075302124023
kwt,1979,0.206693977117538
kwt,1980,0.292990982532501
kwt,1981,0.306591212749481
kwt,1982,0.289205402135849
kwt,1983,0.273755013942719
kwt,1984,0.280061811208725
kwt,1985,0.292860388755798
kwt,1986,0.29711127281189
kwt,1987,0.310000091791153
kwt,1988,0.324644923210144
kwt,1989,0.33384644985199
kwt,1990,0.348074227571487
kwt,1991,0.369288265705109
kwt,1992,0.309511512517929
kwt,1993,0.302913755178452
kwt,1994,0.300884902477264
kwt,1995,0.322656542062759
kwt,1996,0.360540241003037
kwt,1997,0.347756743431091
kwt,1998,0.282576531171799
kwt,1999,0.342083781957626
kwt,2000,0.376859158277512
kwt,2001,0.387215852737427
kwt,2002,0.387734949588776
kwt,2003,0.392937868833542
kwt,2004,0.393236607313156
kwt,2005,0.414206355810165
kwt,2006,0.433655768632889
kwt,2007,0.459860891103745
kwt,2008,0.494358718395233
kwt,2009,0.483859717845917
kwt,2010,0.479249447584152
kwt,2011,0.500940442085266
kwt,2012,0.514385581016541
kwt,2013,0.544157981872559
kwt,2014,0.540755689144135
kwt,2015,0.525067687034607
kwt,2016,0.516267836093903
kwt,2017,0.513580858707428
kwt,2018,0.53065299987793
kwt,2019,0.537301182746887
kwt,2020,0.464775890111923
kwt,2021,0.580141663551331
kwt,2022,0.633270978927612
kwt,2023,0.621913194656372
lao,1970,0.05323401466012
lao,1971,0.0559341907501221
lao,1972,0.0583975128829479
lao,1973,0.0619020201265812
lao,1974,0.0674650073051453
lao,1975,0.0736378952860832
lao,1976,0.0778665691614151
lao,1977,0.0824942737817764
lao,1978,0.087931364774704
lao,1979,0.0964526608586311
lao,1980,0.104472741484642
lao,1981,0.113986037671566
lao,1982,0.119720689952374
lao,1983,0.121214963495731
lao,1984,0.137311577796936
lao,1985,0.132903382182121
lao,1986,0.135696575045586
lao,1987,0.133235439658165
lao,1988,0.122028514742851
lao,1989,0.129939183592796
lao,1990,0.139556244015694
lao,1991,0.160412386059761
lao,1992,0.177819132804871
lao,1993,0.190397769212723
lao,1994,0.202371910214424
lao,1995,0.218570694327354
lao,1996,0.209912046790123
lao,1997,0.183749005198479
lao,1998,0.133104085922241
lao,1999,0.137092441320419
lao,2000,0.161218136548996
lao,2001,0.137316510081291
lao,2002,0.126631110906601
lao,2003,0.143744736909866
lao,2004,0.156805023550987
lao,2005,0.16865436732769
lao,2006,0.171698600053787
lao,2007,0.193882331252098
lao,2008,0.230806171894074
lao,2009,0.218856200575829
lao,2010,0.251293033361435
lao,2011,0.266378104686737
lao,2012,0.25965678691864
lao,2013,0.284223884344101
lao,2014,0.290253072977066
lao,2015,0.305968523025513
lao,2016,0.309687346220017
lao,2017,0.311114311218262
lao,2018,0.318612217903137
lao,2019,0.319871306419373
lao,2020,0.327450692653656
lao,2021,0.330389112234116
lao,2022,0.252297401428223
lao,2023,0.233050644397736
lbn,1970,0.108835704624653
lbn,1971,0.112134963274002
lbn,1972,0.126403734087944
lbn,1973,0.153789699077606
lbn,1974,0.201323002576828
lbn,1975,0.2721286714077
lbn,1976,0.280415534973145
lbn,1977,0.240453064441681
lbn,1978,0.295147389173508
lbn,1979,0.289361864328384
lbn,1980,0.322742879390717
lbn,1981,0.311636805534363
lbn,1982,0.314876854419708
lbn,1983,0.231417149305344
lbn,1984,0.136053666472435
lbn,1985,0.0899097621440888
lbn,1986,0.127319231629372
lbn,1987,0.0843392312526703
lbn,1988,0.200215741991997
lbn,1989,0.289912283420563
lbn,1990,0.20952033996582
lbn,1991,0.211703717708588
lbn,1992,0.372364968061447
lbn,1993,0.53426992893219
lbn,1994,0.600620031356812
lbn,1995,0.716002583503723
lbn,1996,0.842034339904785
lbn,1997,1.17935001850128
lbn,1998,1.04100239276886
lbn,1999,0.847891449928284
lbn,2000,0.741534411907196
lbn,2001,0.67059063911438
lbn,2002,0.549328923225403
lbn,2003,0.47668918967247
lbn,2004,0.40105614066124
lbn,2005,0.322346568107605
lbn,2006,0.330803334712982
lbn,2007,0.33621421456337
lbn,2008,0.34914493560791
lbn,2009,0.364379584789276
lbn,2010,0.371534883975983
lbn,2011,0.398678123950958
lbn,2012,0.417393207550049
lbn,2013,0.416718244552612
lbn,2014,0.403070479631424
lbn,2015,0.387480020523071
lbn,2016,0.365804105997086
lbn,2017,0.366448670625687
lbn,2018,0.368428915739059
lbn,2019,0.355047851800919
lbn,2020,0.319906204938889
lbn,2021,0.331364035606384
lbn,2022,0.36215814948082
lbn,2023,0.371200919151306
lbr,1964,0.0947234556078911
lbr,1965,0.0922178775072098
lbr,1966,0.0883699730038643
lbr,1967,0.0886502712965012
lbr,1968,0.0908504575490952
lbr,1969,0.0934974476695061
lbr,1970,0.0925622954964638
lbr,1971,0.0928173586726189
lbr,1972,0.0962071791291237
lbr,1973,0.1072061881423
lbr,1974,0.126735389232636
lbr,1975,0.166397914290428
lbr,1976,0.157446250319481
lbr,1977,0.164008975028992
lbr,1978,0.171439498662949
lbr,1979,0.23657338321209
lbr,1980,0.225114017724991
lbr,1981,0.296720445156097
lbr,1982,0.307424485683441
lbr,1983,0.300239652395248
lbr,1984,0.302181422710419
lbr,1985,0.301438570022583
lbr,1986,0.30342572927475
lbr,1987,0.302920550107956
lbr,1988,0.315951615571976
lbr,1989,0.314949184656143
lbr,1990,0.292040288448334
lbr,1991,0.287449210882187
lbr,1992,0.283739328384399
lbr,1993,0.311716318130493
lbr,1994,0.333975672721863
lbr,1995,0.348720967769623
lbr,1996,0.429428339004517
lbr,1997,0.341783314943314
lbr,1998,0.307299315929413
lbr,1999,0.311342030763626
lbr,2000,0.20812951028347
lbr,2001,0.235676512122154
lbr,2002,0.248082295060158
lbr,2003,0.262462258338928
lbr,2004,0.168439388275146
lbr,2005,0.196613550186157
lbr,2006,0.234130561351776
lbr,2007,0.279547512531281
lbr,2008,0.299105972051621
lbr,2009,0.317972928285599
lbr,2010,0.348302215337753
lbr,2011,0.401062101125717
lbr,2012,0.414729595184326
lbr,2013,0.420615822076798
lbr,2014,0.396104246377945
lbr,2015,0.405630260705948
lbr,2016,0.383099347352982
lbr,2017,0.348681569099426
lbr,2018,0.331720918416977
lbr,2019,0.303466320037842
lbr,2020,0.343133270740509
lbr,2021,0.440847545862198
lbr,2022,0.504756152629852
lbr,2023,0.550401985645294
lca,1970,0.0774818882346153
lca,1971,0.0844330862164497
lca,1972,0.0952417775988579
lca,1973,0.105484627187252
lca,1974,0.146238267421722
lca,1975,0.174547269940376
lca,1976,0.140631809830666
lca,1977,0.139065325260162
lca,1978,0.134590014815331
lca,1979,0.162442058324814
lca,1980,0.201810240745544
lca,1981,0.24941174685955
lca,1982,0.259114861488342
lca,1983,0.26759061217308
lca,1984,0.273238301277161
lca,1985,0.290356248617172
lca,1986,0.311930894851685
lca,1987,0.317289769649506
lca,1988,0.344992905855179
lca,1989,0.388732492923737
lca,1990,0.399499386548996
lca,1991,0.433023244142532
lca,1992,0.47783836722374
lca,1993,0.472085475921631
lca,1994,0.530633509159088
lca,1995,0.504763543605804
lca,1996,0.471685737371445
lca,1997,0.503278613090515
lca,1998,0.534024834632874
lca,1999,0.559437811374664
lca,2000,0.550649702548981
lca,2001,0.608656048774719
lca,2002,0.601243436336517
lca,2003,0.561220526695252
lca,2004,0.549148321151733
lca,2005,0.555762767791748
lca,2006,0.795455276966095
lca,2007,0.693131327629089
lca,2008,0.648626983165741
lca,2009,0.570397853851318
lca,2010,0.696101427078247
lca,2011,0.590469658374786
lca,2012,0.614334642887116
lca,2013,0.797997117042542
lca,2014,0.615271866321564
lca,2015,0.726688802242279
lca,2016,0.725504457950592
lca,2017,0.802269101142883
lca,2018,0.649448931217194
lca,2019,0.600655257701874
lca,2020,0.541965425014496
lca,2021,0.552310407161713
lca,2022,0.592070817947388
lca,2023,0.588356673717499
lka,1950,0.0550047382712364
lka,1951,0.0587152056396008
lka,1952,0.0555064417421818
lka,1953,0.0564462952315807
lka,1954,0.0575225614011288
lka,1955,0.0599618889391422
lka,1956,0.0575838796794415
lka,1957,0.0565752908587456
lka,1958,0.0555669218301773
lka,1959,0.0565297976136208
lka,1960,0.0560548081994057
lka,1961,0.0580174773931503
lka,1962,0.0550907105207443
lka,1963,0.0594760179519653
lka,1964,0.0596545748412609
lka,1965,0.0615609437227249
lka,1966,0.0590688660740852
lka,1967,0.061968270689249
lka,1968,0.0541840083897114
lka,1969,0.0564667284488678
lka,1970,0.0614876225590706
lka,1971,0.0632469058036804
lka,1972,0.0687263980507851
lka,1973,0.070843018591404
lka,1974,0.0834225937724114
lka,1975,0.0887698531150818
lka,1976,0.091175340116024
lka,1977,0.10599821805954
lka,1978,0.0725346058607101
lka,1979,0.0966739356517792
lka,1980,0.116094715893269
lka,1981,0.114735074341297
lka,1982,0.123081982135773
lka,1983,0.130566477775574
lka,1984,0.145860120654106
lka,1985,0.135153412818909
lka,1986,0.132302850484848
lka,1987,0.131555408239365
lka,1988,0.137656360864639
lka,1989,0.132549867033958
lka,1990,0.147343963384628
lka,1991,0.161134853959084
lka,1992,0.162238717079163
lka,1993,0.160436064004898
lka,1994,0.168400287628174
lka,1995,0.181933104991913
lka,1996,0.187918782234192
lka,1997,0.194062024354935
lka,1998,0.186774104833603
lka,1999,0.184828519821167
lka,2000,0.188826531171799
lka,2001,0.180491119623184
lka,2002,0.179451271891594
lka,2003,0.182757809758186
lka,2004,0.192855149507523
lka,2005,0.219655841588974
lka,2006,0.22954273223877
lka,2007,0.239808484911919
lka,2008,0.279593616724014
lka,2009,0.258805185556412
lka,2010,0.275531530380249
lka,2011,0.282348185777664
lka,2012,0.268351912498474
lka,2013,0.284365266561508
lka,2014,0.297394901514053
lka,2015,0.291191071271896
lka,2016,0.282921761274338
lka,2017,0.291717767715454
lka,2018,0.282026559114456
lka,2019,0.267417013645172
lka,2020,0.285080164670944
lka,2021,0.274087816476822
lka,2022,0.246419727802277
lka,2023,0.288857072591782
lso,1960,0.0471865385770798
lso,1961,0.0476978681981564
lso,1962,0.047222726047039
lso,1963,0.0473687052726746
lso,1964,0.0486262924969196
lso,1965,0.0498904101550579
lso,1966,0.0481631048023701
lso,1967,0.0510063841938973
lso,1968,0.051585741341114
lso,1969,0.0540311709046364
lso,1970,0.0545555949211121
lso,1971,0.055945385247469
lso,1972,0.0538566932082176
lso,1973,0.0671318843960762
lso,1974,0.0746713504195213
lso,1975,0.0778909921646118
lso,1976,0.0653451606631279
lso,1977,0.0772601217031479
lso,1978,0.0949556529521942
lso,1979,0.113211706280708
lso,1980,0.169354289770126
lso,1981,0.164636448025703
lso,1982,0.140578731894493
lso,1983,0.144188314676285
lso,1984,0.122790634632111
lso,1985,0.0937417596578598
lso,1986,0.101688832044601
lso,1987,0.126022040843964
lso,1988,0.126385897397995
lso,1989,0.122589416801929
lso,1990,0.137021854519844
lso,1991,0.143780037760735
lso,1992,0.180254101753235
lso,1993,0.160941258072853
lso,1994,0.164034351706505
lso,1995,0.173489674925804
lso,1996,0.157748728990555
lso,1997,0.167074248194695
lso,1998,0.165971323847771
lso,1999,0.163515940308571
lso,2000,0.158389613032341
lso,2001,0.136520877480507
lso,2002,0.124661415815353
lso,2003,0.180392488837242
lso,2004,0.229609057307243
lso,2005,0.248895242810249
lso,2006,0.251347422599793
lso,2007,0.269152522087097
lso,2008,0.267433673143387
lso,2009,0.27197939157486
lso,2010,0.385807394981384
lso,2011,0.444615602493286
lso,2012,0.398182153701782
lso,2013,0.370058685541153
lso,2014,0.355283051729202
lso,2015,0.313466846942902
lso,2016,0.290983617305756
lso,2017,0.331591486930847
lso,2018,0.395905137062073
lso,2019,0.397261887788773
lso,2020,0.373637914657593
lso,2021,0.467078924179077
lso,2022,0.466266483068466
lso,2023,0.397297024726868
ltu,1990,0.182751879096031
ltu,1991,0.216861724853516
ltu,1992,0.199296519160271
ltu,1993,0.187396243214607
ltu,1994,0.188044488430023
ltu,1995,0.188279241323471
ltu,1996,0.23012575507164
ltu,1997,0.256607234477997
ltu,1998,0.267342984676361
ltu,1999,0.248493626713753
ltu,2000,0.244631677865982
ltu,2001,0.242674618959427
ltu,2002,0.272748619318008
ltu,2003,0.330438524484634
ltu,2004,0.395467519760132
ltu,2005,0.429016411304474
ltu,2006,0.462926119565964
ltu,2007,0.561317622661591
ltu,2008,0.662656545639038
ltu,2009,0.570561349391937
ltu,2010,0.537058770656586
ltu,2011,0.563113033771515
ltu,2012,0.525348365306854
ltu,2013,0.569849610328674
ltu,2014,0.580561578273773
ltu,2015,0.47983855009079
ltu,2016,0.48094916343689
ltu,2017,0.515926957130432
ltu,2018,0.560461103916168
ltu,2019,0.523121416568756
ltu,2020,0.54614520072937
ltu,2021,0.575688540935516
ltu,2022,0.605398118495941
ltu,2023,0.672975778579712
lux,1950,0.0791298970580101
lux,1951,0.102264232933521
lux,1952,0.0989826694130898
lux,1953,0.0975902900099754
lux,1954,0.103064842522144
lux,1955,0.105655141174793
lux,1956,0.104547724127769
lux,1957,0.109914906322956
lux,1958,0.109096862375736
lux,1959,0.11075122654438
lux,1960,0.120186999440193
lux,1961,0.118318453431129
lux,1962,0.118224382400513
lux,1963,0.124029666185379
lux,1964,0.130271896719933
lux,1965,0.132928624749184
lux,1966,0.135547071695328
lux,1967,0.130359724164009
lux,1968,0.134855225682259
lux,1969,0.137963354587555
lux,1970,0.160876482725143
lux,1971,0.172222286462784
lux,1972,0.201444506645203
lux,1973,0.251106947660446
lux,1974,0.306329220533371
lux,1975,0.347328037023544
lux,1976,0.355761647224426
lux,1977,0.392346769571304
lux,1978,0.463695824146271
lux,1979,0.529952526092529
lux,1980,0.599270880222321
lux,1981,0.528810381889343
lux,1982,0.473025411367416
lux,1983,0.457272678613663
lux,1984,0.447110652923584
lux,1985,0.436666786670685
lux,1986,0.561249554157257
lux,1987,0.674159467220306
lux,1988,0.68431282043457
lux,1989,0.641557931900024
lux,1990,0.775187253952026
lux,1991,0.738429427146912
lux,1992,0.820407211780548
lux,1993,0.793498635292053
lux,1994,0.824193775653839
lux,1995,0.953923344612122
lux,1996,0.945157110691071
lux,1997,0.816107392311096
lux,1998,0.756727159023285
lux,1999,0.733447015285492
lux,2000,0.636155486106873
lux,2001,0.665042996406555
lux,2002,0.727630436420441
lux,2003,0.947371125221252
lux,2004,1.13811826705933
lux,2005,1.22082531452179
lux,2006,1.29683816432953
lux,2007,1.43578267097473
lux,2008,1.65152752399445
lux,2009,1.51360046863556
lux,2010,1.40957653522491
lux,2011,1.74624514579773
lux,2012,1.56722795963287
lux,2013,1.71401953697205
lux,2014,1.57312560081482
lux,2015,1.16851484775543
lux,2016,1.14683663845062
lux,2017,1.12884390354157
lux,2018,1.27313458919525
lux,2019,1.13728082180023
lux,2020,1.2488933801651
lux,2021,1.31713974475861
lux,2022,1.30244839191437
lux,2023,1.36763048171997
lva,1990,0.209800764918327
lva,1991,0.220205679535866
lva,1992,0.201640188694
lva,1993,0.202647253870964
lva,1994,0.210372298955917
lva,1995,0.222595423460007
lva,1996,0.248614400625229
lva,1997,0.257566004991531
lva,1998,0.259812980890274
lva,1999,0.257913559675217
lva,2000,0.262791275978088
lva,2001,0.260381728410721
lva,2002,0.277566403150558
lva,2003,0.331774055957794
lva,2004,0.394026666879654
lva,2005,0.43355143070221
lva,2006,0.496092975139618
lva,2007,0.655086219310761
lva,2008,0.753026247024536
lva,2009,0.618420660495758
lva,2010,0.559060215950012
lva,2011,0.604236006736755
lva,2012,0.579987406730652
lva,2013,0.627964377403259
lva,2014,0.627829015254974
lva,2015,0.512329757213593
lva,2016,0.511297464370728
lva,2017,0.525579988956451
lva,2018,0.576398491859436
lva,2019,0.545179963111877
lva,2020,0.554239988327026
lva,2021,0.607045412063599
lva,2022,0.606010138988495
lva,2023,0.652572095394135
mac,1970,0.0898403450846672
mac,1971,0.0998790562152863
mac,1972,0.113107666373253
mac,1973,0.124896511435509
mac,1974,0.141444325447083
mac,1975,0.151507884263992
mac,1976,0.144707903265953
mac,1977,0.170425176620483
mac,1978,0.204738646745682
mac,1979,0.221043944358826
mac,1980,0.253782868385315
mac,1981,0.2498968988657
mac,1982,0.257979869842529
mac,1983,0.222633704543114
mac,1984,0.23743137717247
mac,1985,0.244179710745811
mac,1986,0.250472456216812
mac,1987,0.272545337677002
mac,1988,0.286352902650833
mac,1989,0.314218103885651
mac,1990,0.330098181962967
mac,1991,0.336628407239914
mac,1992,0.387309968471527
mac,1993,0.416984558105469
mac,1994,0.438831001520157
mac,1995,0.464526921510696
mac,1996,0.485683143138886
mac,1997,0.492616325616837
mac,1998,0.467739224433899
mac,1999,0.453394204378128
mac,2000,0.441857695579529
mac,2001,0.439432114362717
mac,2002,0.42520147562027
mac,2003,0.407028049230576
mac,2004,0.416674554347992
mac,2005,0.450801432132721
mac,2006,0.469479978084564
mac,2007,0.485168606042862
mac,2008,0.496154546737671
mac,2009,0.460117787122726
mac,2010,0.453314363956451
mac,2011,0.437345415353775
mac,2012,0.482857823371887
mac,2013,0.580629229545593
mac,2014,0.589836061000824
mac,2015,0.688621699810028
mac,2016,0.729333281517029
mac,2017,0.781659603118897
mac,2018,0.784291684627533
mac,2019,0.81723028421402
mac,2020,0.827769160270691
mac,2021,1.07190990447998
mac,2022,1.1806036233902
mac,2023,1.01007282733917
mar,1950,0.112304143607616
mar,1951,0.136296853423119
mar,1952,0.150243178009987
mar,1953,0.15838623046875
mar,1954,0.155794247984886
mar,1955,0.154058575630188
mar,1956,0.161205872893333
mar,1957,0.160887509584427
mar,1958,0.147037878632545
mar,1959,0.120175532996655
mar,1960,0.128071442246437
mar,1961,0.0988232344388962
mar,1962,0.0998667702078819
mar,1963,0.0951177850365639
mar,1964,0.093900129199028
mar,1965,0.0997389480471611
mar,1966,0.0998228937387466
mar,1967,0.101812414824963
mar,1968,0.10667247325182
mar,1969,0.0992489382624626
mar,1970,0.116167135536671
mar,1971,0.116448357701302
mar,1972,0.136595353484154
mar,1973,0.16449610888958
mar,1974,0.190725266933441
mar,1975,0.211981326341629
mar,1976,0.203949704766274
mar,1977,0.227644801139832
mar,1978,0.256072729825974
mar,1979,0.292160779237747
mar,1980,0.344172596931458
mar,1981,0.273955971002579
mar,1982,0.245097354054451
mar,1983,0.206132844090462
mar,1984,0.174093782901764
mar,1985,0.15917481482029
mar,1986,0.188584446907043
mar,1987,0.202616453170776
mar,1988,0.214947074651718
mar,1989,0.218288972973824
mar,1990,0.242980808019638
mar,1991,0.233721181750298
mar,1992,0.238422006368637
mar,1993,0.221566632390022
mar,1994,0.224124655127525
mar,1995,0.247097834944725
mar,1996,0.235447198152542
mar,1997,0.231707170605659
mar,1998,0.246438890695572
mar,1999,0.254638880491257
mar,2000,0.246158957481384
mar,2001,0.245038896799088
mar,2002,0.264489769935608
mar,2003,0.313889175653458
mar,2004,0.359778970479965
mar,2005,0.380616009235382
mar,2006,0.385352432727814
mar,2007,0.417540937662125
mar,2008,0.436426043510437
mar,2009,0.398088037967682
mar,2010,0.377371728420258
mar,2011,0.369232773780823
mar,2012,0.347605615854263
mar,2013,0.377195507287979
mar,2014,0.413311779499054
mar,2015,0.348872572183609
mar,2016,0.349636048078537
mar,2017,0.360285192728043
mar,2018,0.411913096904755
mar,2019,0.408994555473328
mar,2020,0.401953101158142
mar,2021,0.435760736465454
mar,2022,0.395090907812119
mar,2023,0.42392235994339
mda,1990,0.164449274539948
mda,1991,0.147309586405754
mda,1992,0.182076632976532
mda,1993,0.181611329317093
mda,1994,0.142241835594177
mda,1995,0.137952566146851
mda,1996,0.136842399835587
mda,1997,0.163100555539131
mda,1998,0.158252030611038
mda,1999,0.130140274763107
mda,2000,0.133128553628922
mda,2001,0.145867571234703
mda,2002,0.148243546485901
mda,2003,0.159292757511139
mda,2004,0.199603796005249
mda,2005,0.207375273108482
mda,2006,0.219296023249626
mda,2007,0.277593433856964
mda,2008,0.365095525979996
mda,2009,0.325571209192276
mda,2010,0.307077676057816
mda,2011,0.324879825115204
mda,2012,0.312491834163666
mda,2013,0.333373665809631
mda,2014,0.306824117898941
mda,2015,0.244723007082939
mda,2016,0.226276144385338
mda,2017,0.243336603045464
mda,2018,0.292757987976074
mda,2019,0.273833960294724
mda,2020,0.276125967502594
mda,2021,0.298730432987213
mda,2022,0.335077315568924
mda,2023,0.474024087190628
mdg,1960,0.0718197524547577
mdg,1961,0.0710791721940041
mdg,1962,0.0706887617707253
mdg,1963,0.0724243149161339
mdg,1964,0.0752271860837936
mdg,1965,0.0777618363499641
mdg,1966,0.0807058215141296
mdg,1967,0.0818252339959145
mdg,1968,0.08161311596632
mdg,1969,0.0805242583155632
mdg,1970,0.0788956731557846
mdg,1971,0.0817051827907562
mdg,1972,0.095220074057579
mdg,1973,0.122205123305321
mdg,1974,0.139525100588799
mdg,1975,0.165771499276161
mdg,1976,0.156530007719994
mdg,1977,0.16589692234993
mdg,1978,0.191409960389137
mdg,1979,0.232999294996262
mdg,1980,0.268045574426651
mdg,1981,0.245128527283669
mdg,1982,0.236403971910477
mdg,1983,0.223667576909065
mdg,1984,0.181404158473015
mdg,1985,0.169757664203644
mdg,1986,0.195723712444305
mdg,1987,0.168631032109261
mdg,1988,0.162296444177628
mdg,1989,0.171273455023766
mdg,1990,0.203765615820885
mdg,1991,0.187769815325737
mdg,1992,0.217767715454102
mdg,1993,0.237281650304794
mdg,1994,0.209198296070099
mdg,1995,0.213976442813873
mdg,1996,0.257029801607132
mdg,1997,0.219017222523689
mdg,1998,0.219632610678673
mdg,1999,0.207033425569534
mdg,2000,0.207690507173538
mdg,2001,0.228820413351059
mdg,2002,0.240192025899887
mdg,2003,0.265394061803818
mdg,2004,0.193863108754158
mdg,2005,0.208653435111046
mdg,2006,0.21559177339077
mdg,2007,0.274910837411881
mdg,2008,0.30755341053009
mdg,2009,0.275133788585663
mdg,2010,0.258076906204224
mdg,2011,0.272484838962555
mdg,2012,0.268632739782333
mdg,2013,0.291499376296997
mdg,2014,0.293340861797333
mdg,2015,0.257390886545181
mdg,2016,0.256404906511307
mdg,2017,0.288033485412598
mdg,2018,0.307778596878052
mdg,2019,0.294286251068115
mdg,2020,0.291569232940674
mdg,2021,0.305086880922318
mdg,2022,0.318171471357346
mdg,2023,0.317805498838425
mdv,1970,0.122455909848213
mdv,1971,0.12824422121048
mdv,1972,0.145499557256699
mdv,1973,0.179213523864746
mdv,1974,0.224338591098785
mdv,1975,0.151462614536285
mdv,1976,0.127740159630775
mdv,1977,0.112580262124538
mdv,1978,0.122577764093876
mdv,1979,0.18374302983284
mdv,1980,0.159315794706345
mdv,1981,0.175056487321854
mdv,1982,0.152834132313728
mdv,1983,0.19841405749321
mdv,1984,0.192264452576637
mdv,1985,0.189816832542419
mdv,1986,0.185601204633713
mdv,1987,0.158192783594131
mdv,1988,0.171018555760384
mdv,1989,0.174669325351715
mdv,1990,0.172827079892159
mdv,1991,0.179838061332703
mdv,1992,0.215353086590767
mdv,1993,0.234325677156448
mdv,1994,0.242726892232895
mdv,1995,0.299687653779984
mdv,1996,0.310143142938614
mdv,1997,0.337401121854782
mdv,1998,0.324311822652817
mdv,1999,0.349194139242172
mdv,2000,0.330290287733078
mdv,2001,0.320470690727234
mdv,2002,0.291162639856339
mdv,2003,0.2846999168396
mdv,2004,0.25999116897583
mdv,2005,0.26350662112236
mdv,2006,0.248739317059517
mdv,2007,0.241420194506645
mdv,2008,0.30733585357666
mdv,2009,0.426657229661942
mdv,2010,0.450090527534485
mdv,2011,0.360840171575546
mdv,2012,0.354897022247314
mdv,2013,0.382451474666595
mdv,2014,0.376524329185486
mdv,2015,0.455214858055115
mdv,2016,0.446434706449509
mdv,2017,0.447792530059814
mdv,2018,0.44298267364502
mdv,2019,0.43767237663269
mdv,2020,0.4588283598423
mdv,2021,0.517758011817932
mdv,2022,0.653240382671356
mdv,2023,0.676923751831055
mex,1950,0.0399460755288601
mex,1951,0.0481470040977001
mex,1952,0.0515576936304569
mex,1953,0.0518009625375271
mex,1954,0.0434497073292732
mex,1955,0.0450213961303234
mex,1956,0.0485994480550289
mex,1957,0.0523604340851307
mex,1958,0.0555387251079083
mex,1959,0.0581497922539711
mex,1960,0.0614375993609428
mex,1961,0.064995214343071
mex,1962,0.0673478245735169
mex,1963,0.0686855763196945
mex,1964,0.0720368102192879
mex,1965,0.0746229663491249
mex,1966,0.0783649682998657
mex,1967,0.0811413303017616
mex,1968,0.082577608525753
mex,1969,0.0879711285233498
mex,1970,0.0901919901371002
mex,1971,0.0953504368662834
mex,1972,0.101775459945202
mex,1973,0.115421257913113
mex,1974,0.140720367431641
mex,1975,0.16278350353241
mex,1976,0.155786752700806
mex,1977,0.138158172369003
mex,1978,0.158267825841904
mex,1979,0.186981186270714
mex,1980,0.233328863978386
mex,1981,0.277144700288773
mex,1982,0.193691119551659
mex,1983,0.175992742180824
mex,1984,0.201843336224556
mex,1985,0.209711834788322
mex,1986,0.156699061393738
mex,1987,0.167460650205612
mex,1988,0.205276057124138
mex,1989,0.240387678146362
mex,1990,0.264691770076752
mex,1991,0.305376589298248
mex,1992,0.340427398681641
mex,1993,0.419502526521683
mex,1994,0.417763590812683
mex,1995,0.299483746290207
mex,1996,0.333690494298935
mex,1997,0.379633098840714
mex,1998,0.374765902757645
mex,1999,0.41038054227829
mex,2000,0.452270090579987
mex,2001,0.481870859861374
mex,2002,0.493855446577072
mex,2003,0.458249121904373
mex,2004,0.468238115310669
mex,2005,0.495020121335983
mex,2006,0.520952463150024
mex,2007,0.54874312877655
mex,2008,0.569696664810181
mex,2009,0.475213021039963
mex,2010,0.518100380897522
mex,2011,0.5208780169487
mex,2012,0.507397413253784
mex,2013,0.54628324508667
mex,2014,0.554459631443024
mex,2015,0.480672955513001
mex,2016,0.424111515283585
mex,2017,0.450295865535736
mex,2018,0.474352121353149
mex,2019,0.503634810447693
mex,2020,0.470976054668427
mex,2021,0.524474024772644
mex,2022,0.567484736442566
mex,2023,0.691027700901032
mkd,1990,0.219189956784248
mkd,1991,0.221809133887291
mkd,1992,0.223062813282013
mkd,1993,0.239424899220467
mkd,1994,0.283573865890503
mkd,1995,0.367980062961578
mkd,1996,0.361709803342819
mkd,1997,0.291105508804321
mkd,1998,0.263363361358643
mkd,1999,0.246043249964714
mkd,2000,0.217930838465691
mkd,2001,0.205793917179108
mkd,2002,0.219289258122444
mkd,2003,0.26394659280777
mkd,2004,0.294150233268738
mkd,2005,0.293113827705383
mkd,2006,0.305887311697006
mkd,2007,0.346651285886765
mkd,2008,0.37719202041626
mkd,2009,0.335828393697739
mkd,2010,0.328066051006317
mkd,2011,0.371570765972137
mkd,2012,0.334245830774307
mkd,2013,0.374409526586533
mkd,2014,0.372862905263901
mkd,2015,0.310719758272171
mkd,2016,0.309918612241745
mkd,2017,0.325535416603088
mkd,2018,0.350991278886795
mkd,2019,0.326129585504532
mkd,2020,0.334246188402176
mkd,2021,0.353483736515045
mkd,2022,0.347768306732178
mkd,2023,0.388059735298157
mli,1960,0.032138716429472
mli,1961,0.0328790172934532
mli,1962,0.0342260114848614
mli,1963,0.0380239598453045
mli,1964,0.0535300374031067
mli,1965,0.0515203587710857
mli,1966,0.0566556490957737
mli,1967,0.0681284591555595
mli,1968,0.0782313793897629
mli,1969,0.0756920576095581
mli,1970,0.0756432861089706
mli,1971,0.0797660797834396
mli,1972,0.112668417394161
mli,1973,0.127855747938156
mli,1974,0.122463241219521
mli,1975,0.167130887508392
mli,1976,0.178339749574661
mli,1977,0.199792578816414
mli,1978,0.23331606388092
mli,1979,0.258778631687164
mli,1980,0.311986684799194
mli,1981,0.251446634531021
mli,1982,0.201179355382919
mli,1983,0.176814749836922
mli,1984,0.183058217167854
mli,1985,0.150979772210121
mli,1986,0.217023462057114
mli,1987,0.281288653612137
mli,1988,0.341310858726501
mli,1989,0.330696105957031
mli,1990,0.404175728559494
mli,1991,0.406508982181549
mli,1992,0.451230436563492
mli,1993,0.420053750276566
mli,1994,0.305516541004181
mli,1995,0.283267587423325
mli,1996,0.246909230947495
mli,1997,0.209477484226227
mli,1998,0.229189172387123
mli,1999,0.222911447286606
mli,2000,0.183371111750603
mli,2001,0.195256382226944
mli,2002,0.21527524292469
mli,2003,0.233086317777634
mli,2004,0.290103226900101
mli,2005,0.306340992450714
mli,2006,0.296416789293289
mli,2007,0.341994792222977
mli,2008,0.373503118753433
mli,2009,0.321488857269287
mli,2010,0.318583816289902
mli,2011,0.381951570510864
mli,2012,0.374117314815521
mli,2013,0.381352007389069
mli,2014,0.377685606479645
mli,2015,0.340977251529694
mli,2016,0.323405712842941
mli,2017,0.321530669927597
mli,2018,0.338959157466888
mli,2019,0.324713468551636
mli,2020,0.344338595867157
mli,2021,0.37737774848938
mli,2022,0.343880891799927
mli,2023,0.338437259197235
mlt,1954,0.366133779287338
mlt,1955,0.35489684343338
mlt,1956,0.328499048948288
mlt,1957,0.359156429767609
mlt,1958,0.29760679602623
mlt,1959,0.283516943454742
mlt,1960,0.508950650691986
mlt,1961,0.504360496997833
mlt,1962,0.326343208551407
mlt,1963,0.600538969039917
mlt,1964,0.328478783369064
mlt,1965,0.205363810062408
mlt,1966,0.197925701737404
mlt,1967,0.189844697713852
mlt,1968,0.161068320274353
mlt,1969,0.171737194061279
mlt,1970,0.178475588560104
mlt,1971,0.176815524697304
mlt,1972,0.180299818515778
mlt,1973,0.195684254169464
mlt,1974,0.203747108578682
mlt,1975,0.208023592829704
mlt,1976,0.190611302852631
mlt,1977,0.206720218062401
mlt,1978,0.227349266409874
mlt,1979,0.261383444070816
mlt,1980,0.330279737710953
mlt,1981,0.296951621770859
mlt,1982,0.270745933055878
mlt,1983,0.259022772312164
mlt,1984,0.247097536921501
mlt,1985,0.24184538424015
mlt,1986,0.301480770111084
mlt,1987,0.354527115821838
mlt,1988,0.370052814483643
mlt,1989,0.356510013341904
mlt,1990,0.421389222145081
mlt,1991,0.40714430809021
mlt,1992,0.48285037279129
mlt,1993,0.403293162584305
mlt,1994,0.417929768562317
mlt,1995,0.493922829627991
mlt,1996,0.529558062553406
mlt,1997,0.454838216304779
mlt,1998,0.462851166725159
mlt,1999,0.442648768424988
mlt,2000,0.364904016256332
mlt,2001,0.40726900100708
mlt,2002,0.432709336280823
mlt,2003,0.514441967010498
mlt,2004,0.599297285079956
mlt,2005,0.609460651874542
mlt,2006,0.636069059371948
mlt,2007,0.703595101833344
mlt,2008,0.798121273517609
mlt,2009,0.712674856185913
mlt,2010,0.72059029340744
mlt,2011,0.800822734832764
mlt,2012,0.75247323513031
mlt,2013,0.86056125164032
mlt,2014,0.925291359424591
mlt,2015,0.709114789962769
mlt,2016,0.734625995159149
mlt,2017,0.768891453742981
mlt,2018,0.813337683677673
mlt,2019,0.754426836967468
mlt,2020,0.777977287769318
mlt,2021,0.814495921134949
mlt,2022,0.846128344535828
mlt,2023,0.890243113040924
mmr,1962,0.106582097709179
mmr,1963,0.107255920767784
mmr,1964,0.105004586279392
mmr,1965,0.107935726642609
mmr,1966,0.105722643435001
mmr,1967,0.123638436198235
mmr,1968,0.133690029382706
mmr,1969,0.136189267039299
mmr,1970,0.130999878048897
mmr,1971,0.129884153604507
mmr,1972,0.121182151138783
mmr,1973,0.158078089356422
mmr,1974,0.184147566556931
mmr,1975,0.163881525397301
mmr,1976,0.173394069075584
mmr,1977,0.170709922909737
mmr,1978,0.183102130889893
mmr,1979,0.202752828598022
mmr,1980,0.205406233668327
mmr,1981,0.194694682955742
mmr,1982,0.186078727245331
mmr,1983,0.181446328759193
mmr,1984,0.175347521901131
mmr,1985,0.176204979419708
mmr,1986,0.133319735527039
mmr,1987,0.135268822312355
mmr,1988,0.142527908086777
mmr,1989,0.150206953287125
mmr,1990,0.156183317303658
mmr,1991,0.166020572185516
mmr,1992,0.172439351677895
mmr,1993,0.146614477038383
mmr,1994,0.166188597679138
mmr,1995,0.162866428494453
mmr,1996,0.174042329192162
mmr,1997,0.185803830623627
mmr,1998,0.105810932815075
mmr,1999,0.120536744594574
mmr,2000,0.135669484734535
mmr,2001,0.127868980169296
mmr,2002,0.164065852761269
mmr,2003,0.133430108428001
mmr,2004,0.128416612744331
mmr,2005,0.130027934908867
mmr,2006,0.136679142713547
mmr,2007,0.158796548843384
mmr,2008,0.189129903912544
mmr,2009,0.22042852640152
mmr,2010,0.219597429037094
mmr,2011,0.267012029886246
mmr,2012,0.356501787900925
mmr,2013,0.255878210067749
mmr,2014,0.253917664289475
mmr,2015,0.232696861028671
mmr,2016,0.239823833107948
mmr,2017,0.238514065742493
mmr,2018,0.209886059165001
mmr,2019,0.210382953286171
mmr,2020,0.242767050862312
mmr,2021,0.227743819355965
mmr,2022,0.153281137347221
mmr,2023,0.157181218266487
mne,1990,0.290369182825089
mne,1991,0.260666340589523
mne,1992,0.293520331382751
mne,1993,0.255531311035156
mne,1994,0.258703678846359
mne,1995,0.322412818670273
mne,1996,0.181962624192238
mne,1997,0.166112884879112
mne,1998,0.158825993537903
mne,1999,0.169524177908897
mne,2000,0.181671977043152
mne,2001,0.202361240983009
mne,2002,0.229143157601357
mne,2003,0.298345923423767
mne,2004,0.341912627220154
mne,2005,0.349360764026642
mne,2006,0.322689473628998
mne,2007,0.348978191614151
mne,2008,0.40363946557045
mne,2009,0.393710494041443
mne,2010,0.39138925075531
mne,2011,0.386878550052643
mne,2012,0.360246598720551
mne,2013,0.402125388383865
mne,2014,0.411433845758438
mne,2015,0.332034826278687
mne,2016,0.344579696655273
mne,2017,0.359751969575882
mne,2018,0.393573105335236
mne,2019,0.348578900098801
mne,2020,0.368397086858749
mne,2021,0.395624965429306
mne,2022,0.400647431612015
mne,2023,0.452665090560913
mng,1970,0.111461333930492
mng,1971,0.116811238229275
mng,1972,0.121859550476074
mng,1973,0.128905087709427
mng,1974,0.138448521494865
mng,1975,0.151135683059692
mng,1976,0.160639017820358
mng,1977,0.167490512132645
mng,1978,0.184972271323204
mng,1979,0.200190395116806
mng,1980,0.199318960309029
mng,1981,0.25934886932373
mng,1982,0.251186817884445
mng,1983,0.242128059267998
mng,1984,0.234418317675591
mng,1985,0.254451721906662
mng,1986,0.262326091527939
mng,1987,0.254512548446655
mng,1988,0.261885017156601
mng,1989,0.285256057977676
mng,1990,0.204689264297485
mng,1991,0.26367861032486
mng,1992,0.255020052194595
mng,1993,0.3137266933918
mng,1994,0.310446470975876
mng,1995,0.261201620101929
mng,1996,0.265746206045151
mng,1997,0.225544631481171
mng,1998,0.206214979290962
mng,1999,0.18057344853878
mng,2000,0.166969731450081
mng,2001,0.166366949677467
mng,2002,0.166162148118019
mng,2003,0.173274293541908
mng,2004,0.182589769363403
mng,2005,0.193584188818932
mng,2006,0.220874577760696
mng,2007,0.236987397074699
mng,2008,0.289787769317627
mng,2009,0.246927186846733
mng,2010,0.281552106142044
mng,2011,0.322892189025879
mng,2012,0.328864216804504
mng,2013,0.345820873975754
mng,2014,0.345838665962219
mng,2015,0.334995657205582
mng,2016,0.324804037809372
mng,2017,0.318932861089706
mng,2018,0.331480532884598
mng,2019,0.325629562139511
mng,2020,0.30788391828537
mng,2021,0.350666284561157
mng,2022,0.362928837537766
mng,2023,0.385362029075623
moz,1960,0.428870975971222
moz,1961,0.433987349271774
moz,1962,0.436872780323029
moz,1963,0.445864379405975
moz,1964,0.452573120594025
moz,1965,0.461020857095718
moz,1966,0.482475727796555
moz,1967,0.488393098115921
moz,1968,0.516502201557159
moz,1969,0.529054224491119
moz,1970,0.568134665489197
moz,1971,0.588548958301544
moz,1972,0.627916514873505
moz,1973,0.719714343547821
moz,1974,0.749314427375794
moz,1975,0.758696973323822
moz,1976,0.649334609508514
moz,1977,0.662255167961121
moz,1978,0.675717771053314
moz,1979,0.693464636802673
moz,1980,0.702465057373047
moz,1981,0.627996563911438
moz,1982,0.661738336086273
moz,1983,0.717414498329163
moz,1984,0.733921527862549
moz,1985,1.41687405109406
moz,1986,1.18245959281921
moz,1987,0.421381503343582
moz,1988,0.355608284473419
moz,1989,0.355790704488754
moz,1990,0.391862213611603
moz,1991,0.337752670049667
moz,1992,0.276906907558441
moz,1993,0.261694073677063
moz,1994,0.242560714483261
moz,1995,0.248174607753754
moz,1996,0.30613699555397
moz,1997,0.34054172039032
moz,1998,0.362183928489685
moz,1999,0.381002187728882
moz,2000,0.356518000364304
moz,2001,0.314392238855362
moz,2002,0.276558488607407
moz,2003,0.27546489238739
moz,2004,0.325441300868988
moz,2005,0.334858387708664
moz,2006,0.344809085130692
moz,2007,0.372338265180588
moz,2008,0.424942821264267
moz,2009,0.393121868371964
moz,2010,0.359316051006317
moz,2011,0.468884974718094
moz,2012,0.513832211494446
moz,2013,0.510755836963654
moz,2014,0.488222777843475
moz,2015,0.402279436588287
moz,2016,0.271290123462677
moz,2017,0.329290360212326
moz,2018,0.35859751701355
moz,2019,0.333133727312088
moz,2020,0.310166001319885
moz,2021,0.348194271326065
moz,2022,0.384548783302307
moz,2023,0.407814234495163
mrt,1960,0.0887743756175041
mrt,1961,0.112320505082607
mrt,1962,0.101848252117634
mrt,1963,0.102754957973957
mrt,1964,0.102723553776741
mrt,1965,0.101967550814152
mrt,1966,0.106970563530922
mrt,1967,0.104771733283997
mrt,1968,0.10316090285778
mrt,1969,0.100901246070862
mrt,1970,0.0930985137820244
mrt,1971,0.0983093976974487
mrt,1972,0.111340723931789
mrt,1973,0.130011379718781
mrt,1974,0.147029280662537
mrt,1975,0.168284922838211
mrt,1976,0.173843041062355
mrt,1977,0.179755851626396
mrt,1978,0.20032687485218
mrt,1979,0.230470940470696
mrt,1980,0.286534339189529
mrt,1981,0.29382935166359
mrt,1982,0.285620868206024
mrt,1983,0.287921726703644
mrt,1984,0.256977379322052
mrt,1985,0.235895171761513
mrt,1986,0.272589534521103
mrt,1987,0.300082623958588
mrt,1988,0.307049512863159
mrt,1989,0.309931010007858
mrt,1990,0.327492982149124
mrt,1991,0.343215018510819
mrt,1992,0.330739289522171
mrt,1993,0.262427002191544
mrt,1994,0.264370828866959
mrt,1995,0.285960167646408
mrt,1996,0.267590522766113
mrt,1997,0.273738026618958
mrt,1998,0.228026822209358
mrt,1999,0.220421671867371
mrt,2000,0.196570932865143
mrt,2001,0.194534212350845
mrt,2002,0.185942962765694
mrt,2003,0.201855733990669
mrt,2004,0.208015099167824
mrt,2005,0.242032065987587
mrt,2006,0.298113584518433
mrt,2007,0.317708313465118
mrt,2008,0.377669870853424
mrt,2009,0.334344953298569
mrt,2010,0.329925894737244
mrt,2011,0.380170851945877
mrt,2012,0.377298206090927
mrt,2013,0.359346747398376
mrt,2014,0.346209228038788
mrt,2015,0.299619078636169
mrt,2016,0.292250752449036
mrt,2017,0.270197957754135
mrt,2018,0.309642016887665
mrt,2019,0.307925879955292
mrt,2020,0.332755953073502
mrt,2021,0.355602711439133
mrt,2022,0.355558395385742
mrt,2023,0.368505299091339
msr,1970,0.0561729520559311
msr,1971,0.0632651969790459
msr,1972,0.0717433765530586
msr,1973,0.0790844634175301
msr,1974,0.0862484276294708
msr,1975,0.0915322303771973
msr,1976,0.0833433270454407
msr,1977,0.0926450118422508
msr,1978,0.103179037570953
msr,1979,0.111871890723705
msr,1980,0.153005808591843
msr,1981,0.176200777292252
msr,1982,0.183556601405144
msr,1983,0.20122005045414
msr,1984,0.209529846906662
msr,1985,0.205309987068176
msr,1986,0.204394176602364
msr,1987,0.20922027528286
msr,1988,0.210624679923058
msr,1989,0.200342059135437
msr,1990,0.20430038869381
msr,1991,0.21953110396862
msr,1992,0.257317215204239
msr,1993,0.26328507065773
msr,1994,0.290536820888519
msr,1995,0.305969297885895
msr,1996,0.360793381929398
msr,1997,0.31115910410881
msr,1998,0.346991986036301
msr,1999,0.330802530050278
msr,2000,0.3536077439785
msr,2001,0.375177413225174
msr,2002,0.397650957107544
msr,2003,0.40676549077034
msr,2004,0.416805565357208
msr,2005,0.45110085606575
msr,2006,0.475294142961502
msr,2007,0.494794815778732
msr,2008,0.498088300228119
msr,2009,0.550712466239929
msr,2010,0.534865260124207
msr,2011,0.51835960149765
msr,2012,0.62057089805603
msr,2013,0.692484855651856
msr,2014,0.666378200054169
msr,2015,0.760385155677795
msr,2016,0.64974057674408
msr,2017,0.656357109546661
msr,2018,0.643508553504944
msr,2019,0.655127108097076
msr,2020,0.564275324344635
msr,2021,0.673287332057953
msr,2022,0.69529527425766
msr,2023,0.68274050951004
mus,1950,0.0428554974496365
mus,1951,0.04693453758955
mus,1952,0.0510263964533806
mus,1953,0.0528441593050957
mus,1954,0.0533888936042786
mus,1955,0.0482578240334988
mus,1956,0.0556243546307087
mus,1957,0.055290836840868
mus,1958,0.050846379250288
mus,1959,0.0522680357098579
mus,1960,0.0540704540908337
mus,1961,0.0572596453130245
mus,1962,0.0530430860817432
mus,1963,0.068112388253212
mus,1964,0.0495847798883915
mus,1965,0.0561351776123047
mus,1966,0.0526082217693329
mus,1967,0.0517051070928574
mus,1968,0.0539104342460632
mus,1969,0.0584367923438549
mus,1970,0.0477046072483063
mus,1971,0.0503299385309219
mus,1972,0.0603921413421631
mus,1973,0.0725018233060837
mus,1974,0.124218516051769
mus,1975,0.124441541731358
mus,1976,0.115651123225689
mus,1977,0.129009738564491
mus,1978,0.15478640794754
mus,1979,0.197207629680634
mus,1980,0.182889759540558
mus,1981,0.177525460720062
mus,1982,0.161459997296333
mus,1983,0.159234270453453
mus,1984,0.130699202418327
mus,1985,0.137429654598236
mus,1986,0.171289518475533
mus,1987,0.173153936862946
mus,1988,0.192579612135887
mus,1989,0.187325164675713
mus,1990,0.207213297486305
mus,1991,0.203259974718094
mus,1992,0.233454242348671
mus,1993,0.219464316964149
mus,1994,0.222875639796257
mus,1995,0.23703570663929
mus,1996,0.230200856924057
mus,1997,0.218290150165558
mus,1998,0.210953205823898
mus,1999,0.217399954795837
mus,2000,0.231436863541603
mus,2001,0.233904704451561
mus,2002,0.244549497961998
mus,2003,0.297135710716248
mus,2004,0.336578726768494
mus,2005,0.344318747520447
mus,2006,0.333883464336395
mus,2007,0.350202947854996
mus,2008,0.430938243865967
mus,2009,0.401889741420746
mus,2010,0.431048631668091
mus,2011,0.448862195014954
mus,2012,0.444186687469482
mus,2013,0.458618700504303
mus,2014,0.473043084144592
mus,2015,0.424603581428528
mus,2016,0.404881060123444
mus,2017,0.428888350725174
mus,2018,0.463940262794495
mus,2019,0.442846536636353
mus,2020,0.3944171667099
mus,2021,0.384096086025238
mus,2022,0.376987874507904
mus,2023,0.408916652202606
mwi,1954,0.0802757143974304
mwi,1955,0.0825804546475411
mwi,1956,0.0846544727683067
mwi,1957,0.0838999450206757
mwi,1958,0.0868923738598824
mwi,1959,0.0892025232315064
mwi,1960,0.086656853556633
mwi,1961,0.0914281532168388
mwi,1962,0.0911761447787285
mwi,1963,0.094443716108799
mwi,1964,0.0951741114258766
mwi,1965,0.100857570767403
mwi,1966,0.100438103079796
mwi,1967,0.0975447222590447
mwi,1968,0.0880238860845566
mwi,1969,0.0902550742030144
mwi,1970,0.0982232689857483
mwi,1971,0.108448855578899
mwi,1972,0.112756587564945
mwi,1973,0.111624166369438
mwi,1974,0.129811614751816
mwi,1975,0.137838274240494
mwi,1976,0.149837225675583
mwi,1977,0.178670436143875
mwi,1978,0.202747195959091
mwi,1979,0.221716776490212
mwi,1980,0.262222647666931
mwi,1981,0.251843214035034
mwi,1982,0.225614205002785
mwi,1983,0.217203319072723
mwi,1984,0.198561534285545
mwi,1985,0.165782392024994
mwi,1986,0.184990346431732
mwi,1987,0.202747419476509
mwi,1988,0.235518097877502
mwi,1989,0.261775851249695
mwi,1990,0.287819594144821
mwi,1991,0.31082746386528
mwi,1992,0.313345640897751
mwi,1993,0.321083575487137
mwi,1994,0.163067400455475
mwi,1995,0.196603417396545
mwi,1996,0.245131641626358
mwi,1997,0.23577655851841
mwi,1998,0.283476024866104
mwi,1999,0.272072732448578
mwi,2000,0.271497339010239
mwi,2001,0.290289640426636
mwi,2002,0.269044309854507
mwi,2003,0.239013776183128
mwi,2004,0.224744707345963
mwi,2005,0.218707099556923
mwi,2006,0.227942481637001
mwi,2007,0.208962589502335
mwi,2008,0.214145168662071
mwi,2009,0.327853798866272
mwi,2010,0.370181143283844
mwi,2011,0.402694076299667
mwi,2012,0.310183197259903
mwi,2013,0.256639987230301
mwi,2014,0.312170118093491
mwi,2015,0.327733904123306
mwi,2016,0.282060593366623
mwi,2017,0.330941468477249
mwi,2018,0.360500156879425
mwi,2019,0.365671783685684
mwi,2020,0.36147928237915
mwi,2021,0.338597059249878
mwi,2022,0.346087425947189
mwi,2023,0.343138068914413
mys,1955,0.0956777855753899
mys,1956,0.0918364748358727
mys,1957,0.0915616452693939
mys,1958,0.0883607938885689
mys,1959,0.092523530125618
mys,1960,0.096704438328743
mys,1961,0.0883878692984581
mys,1962,0.0861150771379471
mys,1963,0.08497354388237
mys,1964,0.0834769755601883
mys,1965,0.0858094617724419
mys,1966,0.0850259363651276
mys,1967,0.0857126489281654
mys,1968,0.0849924311041832
mys,1969,0.0910384878516197
mys,1970,0.0878976434469223
mys,1971,0.0788486450910568
mys,1972,0.0870926454663277
mys,1973,0.116887830197811
mys,1974,0.129942357540131
mys,1975,0.132116481661797
mys,1976,0.140379905700684
mys,1977,0.15569218993187
mys,1978,0.18037836253643
mys,1979,0.213496878743172
mys,1980,0.22567717730999
mys,1981,0.217377796769142
mys,1982,0.2191102206707
mys,1983,0.233172729611397
mys,1984,0.242860451340675
mys,1985,0.236235976219177
mys,1986,0.230804204940796
mys,1987,0.249827027320862
mys,1988,0.249414429068565
mys,1989,0.245831504464149
mys,1990,0.249732136726379
mys,1991,0.252962857484818
mys,1992,0.281577050685883
mys,1993,0.296936005353928
mys,1994,0.302403122186661
mys,1995,0.325046926736832
mys,1996,0.342295080423355
mys,1997,0.317426204681397
mys,1998,0.261045753955841
mys,1999,0.272961854934692
mys,2000,0.27780869603157
mys,2001,0.278290122747421
mys,2002,0.281507283449173
mys,2003,0.290506839752197
mys,2004,0.298308908939362
mys,2005,0.308666467666626
mys,2006,0.333887904882431
mys,2007,0.360312640666962
mys,2008,0.389817982912064
mys,2009,0.355794101953506
mys,2010,0.416811168193817
mys,2011,0.432656139135361
mys,2012,0.423607110977173
mys,2013,0.422826498746872
mys,2014,0.433362364768982
mys,2015,0.378919303417206
mys,2016,0.36402416229248
mys,2017,0.369893312454224
mys,2018,0.381272882223129
mys,2019,0.389599084854126
mys,2020,0.375237733125687
mys,2021,0.397324174642563
mys,2022,0.396629691123962
mys,2023,0.374582380056381
nam,1960,0.104809924960136
nam,1961,0.106494955718517
nam,1962,0.101973235607147
nam,1963,0.103912681341171
nam,1964,0.107974223792553
nam,1965,0.113873958587646
nam,1966,0.116375401616097
nam,1967,0.115183673799038
nam,1968,0.116478852927685
nam,1969,0.11858494579792
nam,1970,0.117708586156368
nam,1971,0.125221252441406
nam,1972,0.122636869549751
nam,1973,0.150336563587189
nam,1974,0.17601515352726
nam,1975,0.18406742811203
nam,1976,0.17316746711731
nam,1977,0.193396091461182
nam,1978,0.217364817857742
nam,1979,0.258835434913635
nam,1980,0.358001530170441
nam,1981,0.325837016105652
nam,1982,0.296085983514786
nam,1983,0.328235179185867
nam,1984,0.269513130187988
nam,1985,0.212657451629639
nam,1986,0.230381160974503
nam,1987,0.28825244307518
nam,1988,0.313282012939453
nam,1989,0.307214379310608
nam,1990,0.368186086416245
nam,1991,0.352187901735306
nam,1992,0.386183083057404
nam,1993,0.353272587060928
nam,1994,0.391593277454376
nam,1995,0.408809244632721
nam,1996,0.388187617063522
nam,1997,0.392283111810684
nam,1998,0.350350946187973
nam,1999,0.335810005664825
nam,2000,0.327988296747208
nam,2001,0.287352323532105
nam,2002,0.257661312818527
nam,2003,0.380005091428757
nam,2004,0.469523131847382
nam,2005,0.477237731218338
nam,2006,0.47412246465683
nam,2007,0.508551895618439
nam,2008,0.451049029827118
nam,2009,0.469014763832092
nam,2010,0.560063779354096
nam,2011,0.566753625869751
nam,2012,0.546027302742004
nam,2013,0.511031210422516
nam,2014,0.450369745492935
nam,2015,0.400164365768433
nam,2016,0.384932577610016
nam,2017,0.47546049952507
nam,2018,0.525573253631592
nam,2019,0.492435812950134
nam,2020,0.422018349170685
nam,2021,0.471680402755737
nam,2022,0.471163302659988
nam,2023,0.430065810680389
ner,1960,0.0520685724914074
ner,1961,0.0528377927839756
ner,1962,0.0517960079014301
ner,1963,0.0528889112174511
ner,1964,0.0525110438466072
ner,1965,0.0580064468085766
ner,1966,0.0613931380212307
ner,1967,0.0563732720911503
ner,1968,0.0532590411603451
ner,1969,0.0563379861414433
ner,1970,0.055812444537878
ner,1971,0.0578284673392773
ner,1972,0.0750324204564095
ner,1973,0.0936174616217613
ner,1974,0.0959955230355263
ner,1975,0.133859306573868
ner,1976,0.146959811449051
ner,1977,0.155171379446983
ner,1978,0.199788466095924
ner,1979,0.232778429985046
ner,1980,0.287361830472946
ner,1981,0.261877983808517
ner,1982,0.234933316707611
ner,1983,0.213560372591019
ner,1984,0.221736714243889
ner,1985,0.202456831932068
ner,1986,0.26080846786499
ner,1987,0.300541311502457
ner,1988,0.312962621450424
ner,1989,0.295564383268356
ner,1990,0.336627244949341
ner,1991,0.319591522216797
ner,1992,0.331580609083176
ner,1993,0.303398370742798
ner,1994,0.185493588447571
ner,1995,0.207991302013397
ner,1996,0.224586069583893
ner,1997,0.203826308250427
ner,1998,0.209736257791519
ner,1999,0.202591523528099
ner,2000,0.181697055697441
ner,2001,0.181597381830215
ner,2002,0.196572288870811
ner,2003,0.231266349554062
ner,2004,0.261937856674194
ner,2005,0.287605464458466
ner,2006,0.294259786605835
ner,2007,0.343815505504608
ner,2008,0.400139659643173
ner,2009,0.377846568822861
ner,2010,0.348668366670609
ner,2011,0.395180583000183
ner,2012,0.387634992599487
ner,2013,0.42720353603363
ner,2014,0.430944859981537
ner,2015,0.363643735647202
ner,2016,0.386210530996323
ner,2017,0.408883333206177
ner,2018,0.425859242677689
ner,2019,0.381688088178635
ner,2020,0.381896525621414
ner,2021,0.39603990316391
ner,2022,0.3253113925457
ner,2023,0.336193442344666
nga,1950,0.0565903000533581
nga,1951,0.0645964443683624
nga,1952,0.0707094892859459
nga,1953,0.0736574977636337
nga,1954,0.0769228860735893
nga,1955,0.088687039911747
nga,1956,0.0972423180937767
nga,1957,0.105842366814613
nga,1958,0.101687237620354
nga,1959,0.100357882678509
nga,1960,0.101188831031322
nga,1961,0.103348039090633
nga,1962,0.106701321899891
nga,1963,0.107099838554859
nga,1964,0.118645824491978
nga,1965,0.116796717047691
nga,1966,0.123346462845802
nga,1967,0.11716690659523
nga,1968,0.115831941366196
nga,1969,0.12303926050663
nga,1970,0.170118480920792
nga,1971,0.176113992929459
nga,1972,0.199154928326607
nga,1973,0.188539996743202
nga,1974,0.269143879413605
nga,1975,0.334208458662033
nga,1976,0.390433758497238
nga,1977,0.413995772600174
nga,1978,0.442597955465317
nga,1979,0.50896167755127
nga,1980,0.608175873756409
nga,1981,0.578555166721344
nga,1982,0.634577453136444
nga,1983,0.748525142669678
nga,1984,0.806044280529022
nga,1985,0.5878546833992
nga,1986,0.60973048210144
nga,1987,0.460262626409531
nga,1988,0.611755430698395
nga,1989,0.555883288383484
nga,1990,0.583777546882629
nga,1991,0.700649738311768
nga,1992,0.529473125934601
nga,1993,0.732977330684662
nga,1994,0.788197934627533
nga,1995,0.898416757583618
nga,1996,0.952100455760956
nga,1997,0.931913375854492
nga,1998,0.97057169675827
nga,1999,0.639335751533508
nga,2000,0.532609581947327
nga,2001,0.537971258163452
nga,2002,0.517524361610413
nga,2003,0.430711597204208
nga,2004,0.412436306476593
nga,2005,0.325077623128891
nga,2006,0.376443713903427
nga,2007,0.398393571376801
nga,2008,0.470738559961319
nga,2009,0.380680829286575
nga,2010,0.412562042474747
nga,2011,0.430993854999542
nga,2012,0.467485368251801
nga,2013,0.4903264939785
nga,2014,0.503069341182709
nga,2015,0.430916398763657
nga,2016,0.361703664064407
nga,2017,0.342312902212143
nga,2018,0.380547642707825
nga,2019,0.40025332570076
nga,2020,0.36188730597496
nga,2021,0.394064277410507
nga,2022,0.434610188007355
nga,2023,0.351617157459259
nic,1950,0.0564592443406582
nic,1951,0.0667610019445419
nic,1952,0.0657667964696884
nic,1953,0.0728346556425095
nic,1954,0.0713419690728188
nic,1955,0.0519560053944588
nic,1956,0.0521659255027771
nic,1957,0.0529381595551968
nic,1958,0.0530479326844215
nic,1959,0.0548152774572372
nic,1960,0.0530371367931366
nic,1961,0.0533449910581112
nic,1962,0.0514151751995087
nic,1963,0.0522142797708511
nic,1964,0.0538639463484287
nic,1965,0.0525157414376736
nic,1966,0.0543236695230007
nic,1967,0.0549120977520943
nic,1968,0.0585655532777309
nic,1969,0.0597777515649796
nic,1970,0.0612153485417366
nic,1971,0.0628340318799019
nic,1972,0.0684304684400559
nic,1973,0.0750474706292152
nic,1974,0.0898440331220627
nic,1975,0.102092497050762
nic,1976,0.109918795526028
nic,1977,0.115034334361553
nic,1978,0.131711825728416
nic,1979,0.149544015526772
nic,1980,0.133263394236565
nic,1981,0.14578352868557
nic,1982,0.159710139036179
nic,1983,0.162156119942665
nic,1984,0.164827153086662
nic,1985,0.158979579806328
nic,1986,0.167234972119331
nic,1987,0.162888690829277
nic,1988,0.195472106337547
nic,1989,0.217928677797318
nic,1990,0.221411302685738
nic,1991,0.220575258135796
nic,1992,0.237847149372101
nic,1993,0.260681122541428
nic,1994,0.228247866034508
nic,1995,0.230015203356743
nic,1996,0.229182094335556
nic,1997,0.224379375576973
nic,1998,0.224945843219757
nic,1999,0.222020715475082
nic,2000,0.230124250054359
nic,2001,0.236765414476395
nic,2002,0.230911046266556
nic,2003,0.229131877422333
nic,2004,0.240917399525642
nic,2005,0.247506767511368
nic,2006,0.261457800865173
nic,2007,0.273384302854538
nic,2008,0.303487539291382
nic,2009,0.301294028759003
nic,2010,0.307949811220169
nic,2011,0.325291216373444
nic,2012,0.341012209653854
nic,2013,0.347449719905853
nic,2014,0.352234125137329
nic,2015,0.352895319461823
nic,2016,0.343547433614731
nic,2017,0.345387756824493
nic,2018,0.334805339574814
nic,2019,0.323385149240494
nic,2020,0.314594447612762
nic,2021,0.303962588310242
nic,2022,0.330715119838715
nic,2023,0.357833355665207
nld,1950,0.0557781048119068
nld,1951,0.0611040070652962
nld,1952,0.0615662522614002
nld,1953,0.0602001659572125
nld,1954,0.0636549070477486
nld,1955,0.0661814957857132
nld,1956,0.0691287666559219
nld,1957,0.0727762803435326
nld,1958,0.0728659406304359
nld,1959,0.0734758898615837
nld,1960,0.0775341168045998
nld,1961,0.0829890221357346
nld,1962,0.0851159989833832
nld,1963,0.090671107172966
nld,1964,0.0956572145223618
nld,1965,0.102553449571133
nld,1966,0.107772715389729
nld,1967,0.111325174570084
nld,1968,0.114838160574436
nld,1969,0.133595421910286
nld,1970,0.14048707485199
nld,1971,0.154633149504662
nld,1972,0.181760415434837
nld,1973,0.222103536128998
nld,1974,0.249924719333649
nld,1975,0.290915220975876
nld,1976,0.301007360219955
nld,1977,0.348399013280869
nld,1978,0.412261128425598
nld,1979,0.460484564304352
nld,1980,0.486835181713104
nld,1981,0.424588590860367
nld,1982,0.420510143041611
nld,1983,0.402965396642685
nld,1984,0.370346426963806
nld,1985,0.369475722312927
nld,1986,0.501333832740784
nld,1987,0.609534025192261
nld,1988,0.624526143074036
nld,1989,0.588869869709015
nld,1990,0.695215463638306
nld,1991,0.691228806972504
nld,1992,0.745112001895905
nld,1993,0.707723081111908
nld,1994,0.729938328266144
nld,1995,0.835389971733093
nld,1996,0.806671500205994
nld,1997,0.686521351337433
nld,1998,0.677372336387634
nld,1999,0.642347693443298
nld,2000,0.543705821037293
nld,2001,0.553546845912933
nld,2002,0.595239043235779
nld,2003,0.743906795978546
nld,2004,0.83141303062439
nld,2005,0.811589062213898
nld,2006,0.829132854938507
nld,2007,0.898559808731079
nld,2008,1.00018119812012
nld,2009,0.955697417259216
nld,2010,0.943601131439209
nld,2011,0.996998250484467
nld,2012,0.903693318367004
nld,2013,0.907776057720184
nld,2014,0.972870528697968
nld,2015,0.799673616886139
nld,2016,0.810537278652191
nld,2017,0.82841420173645
nld,2018,0.884779393672943
nld,2019,0.8428635597229
nld,2020,0.84807425737381
nld,2021,0.877523601055145
nld,2022,0.824577689170837
nld,2023,0.916281759738922
nor,1950,0.0737460553646088
nor,1951,0.0879698693752289
nor,1952,0.0910714715719223
nor,1953,0.0868568122386932
nor,1954,0.0924180522561073
nor,1955,0.0967163667082787
nor,1956,0.104574747383595
nor,1957,0.106826461851597
nor,1958,0.106944158673286
nor,1959,0.109242238104343
nor,1960,0.117913730442524
nor,1961,0.121054917573929
nor,1962,0.126251190900803
nor,1963,0.129785656929016
nor,1964,0.134369298815727
nor,1965,0.140992283821106
nor,1966,0.145051717758179
nor,1967,0.148825481534004
nor,1968,0.151814877986908
nor,1969,0.15929239988327
nor,1970,0.220990777015686
nor,1971,0.226054102182388
nor,1972,0.239717453718185
nor,1973,0.298593193292618
nor,1974,0.352134972810745
nor,1975,0.384767442941666
nor,1976,0.373338252305985
nor,1977,0.425556838512421
nor,1978,0.433186680078506
nor,1979,0.457943290472031
nor,1980,0.522011160850525
nor,1981,0.514024436473846
nor,1982,0.512813210487366
nor,1983,0.48026379942894
nor,1984,0.458655416965485
nor,1985,0.463375210762024
nor,1986,0.587024569511414
nor,1987,0.678709149360657
nor,1988,0.761127412319183
nor,1989,0.734765648841858
nor,1990,0.784202694892883
nor,1991,0.860546171665192
nor,1992,0.76909476518631
nor,1993,0.746671676635742
nor,1994,0.762269556522369
nor,1995,0.860968470573425
nor,1996,0.83106529712677
nor,1997,0.776035606861115
nor,1998,0.761345565319061
nor,1999,0.7071413397789
nor,2000,0.596193015575409
nor,2001,0.607340216636658
nor,2002,0.679073393344879
nor,2003,0.74531763792038
nor,2004,0.798035681247711
nor,2005,0.785392761230469
nor,2006,0.826554775238037
nor,2007,0.951025307178497
nor,2008,0.983053505420685
nor,2009,0.945668578147888
nor,2010,0.993880748748779
nor,2011,1.02950596809387
nor,2012,1.0172381401062
nor,2013,1.09464573860168
nor,2014,1.08989763259888
nor,2015,0.949852764606476
nor,2016,0.955220878124237
nor,2017,0.972341477870941
nor,2018,0.966413974761963
nor,2019,0.886740982532501
nor,2020,0.817689180374146
nor,2021,0.952810645103455
nor,2022,1.01683473587036
nor,2023,0.897350907325745
npl,1960,0.0596457086503506
npl,1961,0.0723509564995766
npl,1962,0.0723792910575867
npl,1963,0.07851941883564
npl,1964,0.0899158418178558
npl,1965,0.0972279161214829
npl,1966,0.105673842132092
npl,1967,0.0952024310827255
npl,1968,0.083808071911335
npl,1969,0.0888006761670113
npl,1970,0.0918649360537529
npl,1971,0.0959510281682015
npl,1972,0.10747841745615
npl,1973,0.101700909435749
npl,1974,0.123772695660591
npl,1975,0.135214477777481
npl,1976,0.120099976658821
npl,1977,0.116306871175766
npl,1978,0.132087260484695
npl,1979,0.143106907606125
npl,1980,0.15706017613411
npl,1981,0.160411417484283
npl,1982,0.159389168024063
npl,1983,0.151601165533066
npl,1984,0.146309494972229
npl,1985,0.149098113179207
npl,1986,0.142832770943642
npl,1987,0.156454756855965
npl,1988,0.163738071918488
npl,1989,0.149968832731247
npl,1990,0.156350195407867
npl,1991,0.131608530879021
npl,1992,0.140887334942818
npl,1993,0.131511896848679
npl,1994,0.124871395528317
npl,1995,0.122439987957478
npl,1996,0.11741004139185
npl,1997,0.129142016172409
npl,1998,0.126364812254906
npl,1999,0.138981178402901
npl,2000,0.14507594704628
npl,2001,0.155994936823845
npl,2002,0.156552642583847
npl,2003,0.156566187739372
npl,2004,0.181627035140991
npl,2005,0.200616389513016
npl,2006,0.207801461219788
npl,2007,0.236730337142944
npl,2008,0.229600697755814
npl,2009,0.220720171928406
npl,2010,0.253380864858627
npl,2011,0.261153548955917
npl,2012,0.233186081051826
npl,2013,0.226227462291718
npl,2014,0.228445440530777
npl,2015,0.240903586149216
npl,2016,0.232237786054611
npl,2017,0.248533174395561
npl,2018,0.246368214488029
npl,2019,0.247293397784233
npl,2020,0.244261771440506
npl,2021,0.26033815741539
npl,2022,0.261058211326599
npl,2023,0.26925864815712
nzl,1950,0.0862765908241272
nzl,1951,0.0978827625513077
nzl,1952,0.0969243049621582
nzl,1953,0.102943114936352
nzl,1954,0.105508022010326
nzl,1955,0.106977999210358
nzl,1956,0.110040508210659
nzl,1957,0.111918456852436
nzl,1958,0.111760333180428
nzl,1959,0.113697223365307
nzl,1960,0.110083982348442
nzl,1961,0.105692006647587
nzl,1962,0.109835281968117
nzl,1963,0.111971467733383
nzl,1964,0.117140226066113
nzl,1965,0.119511790573597
nzl,1966,0.116041600704193
nzl,1967,0.122853241860867
nzl,1968,0.106587134301662
nzl,1969,0.107282698154449
nzl,1970,0.12253051251173
nzl,1971,0.142602816224098
nzl,1972,0.163783803582191
nzl,1973,0.200733214616776
nzl,1974,0.219805434346199
nzl,1975,0.216203287243843
nzl,1976,0.211669892072678
nzl,1977,0.240740090608597
nzl,1978,0.295082062482834
nzl,1979,0.338566333055496
nzl,1980,0.375541299581528
nzl,1981,0.392826795578003
nzl,1982,0.386830747127533
nzl,1983,0.360823452472687
nzl,1984,0.331531375646591
nzl,1985,0.334164947271347
nzl,1986,0.394229024648666
nzl,1987,0.482401460409164
nzl,1988,0.554477453231812
nzl,1989,0.529410123825073
nzl,1990,0.538691341876984
nzl,1991,0.532235860824585
nzl,1992,0.492064267396927
nzl,1993,0.50049638748169
nzl,1994,0.551251947879791
nzl,1995,0.620468020439148
nzl,1996,0.655056178569794
nzl,1997,0.6321781873703
nzl,1998,0.504877269268036
nzl,1999,0.497674226760864
nzl,2000,0.442520022392273
nzl,2001,0.425094753503799
nzl,2002,0.474668383598328
nzl,2003,0.62305223941803
nzl,2004,0.75770366191864
nzl,2005,0.830476224422455
nzl,2006,0.787519931793213
nzl,2007,0.904078364372253
nzl,2008,0.872257113456726
nzl,2009,0.772854685783386
nzl,2010,0.897479057312012
nzl,2011,0.982038915157318
nzl,2012,1.02746069431305
nzl,2013,1.08422899246216
nzl,2014,1.10626864433289
nzl,2015,0.946515142917633
nzl,2016,0.938996434211731
nzl,2017,0.986129701137543
nzl,2018,1.00544285774231
nzl,2019,0.949621140956879
nzl,2020,0.936155498027802
nzl,2021,1.08455920219421
nzl,2022,1.03180801868439
nzl,2023,1.04029047489166
omn,1970,0.0586732588708401
omn,1971,0.066296212375164
omn,1972,0.0737857446074486
omn,1973,0.108674481511116
omn,1974,0.274275273084641
omn,1975,0.274802535772324
omn,1976,0.280967801809311
omn,1977,0.267211198806763
omn,1978,0.224531352519989
omn,1979,0.269951730966568
omn,1980,0.389941155910492
omn,1981,0.406010657548904
omn,1982,0.409392833709717
omn,1983,0.387607157230377
omn,1984,0.388753026723862
omn,1985,0.379150301218033
omn,1986,0.39486500620842
omn,1987,0.369419276714325
omn,1988,0.439609944820404
omn,1989,0.404472857713699
omn,1990,0.438645750284195
omn,1991,0.509620487689972
omn,1992,0.416959941387177
omn,1993,0.464702993631363
omn,1994,0.494182020425797
omn,1995,0.462102204561234
omn,1996,0.465724766254425
omn,1997,0.464327901601791
omn,1998,0.437827557325363
omn,1999,0.410855412483215
omn,2000,0.415823221206665
omn,2001,0.3812096118927
omn,2002,0.371093213558197
omn,2003,0.330980718135834
omn,2004,0.303126186132431
omn,2005,0.340930044651032
omn,2006,0.322532057762146
omn,2007,0.317045658826828
omn,2008,0.369253396987915
omn,2009,0.307653456926346
omn,2010,0.364727914333344
omn,2011,0.375592291355133
omn,2012,0.400084555149078
omn,2013,0.409222424030304
omn,2014,0.442211151123047
omn,2015,0.421180725097656
omn,2016,0.418741524219513
omn,2017,0.445624083280563
omn,2018,0.476053059101105
omn,2019,0.465359270572662
omn,2020,0.438112378120422
omn,2021,0.43410387635231
omn,2022,0.491271257400513
omn,2023,0.485061198472977
pak,1950,0.0839616134762764
pak,1951,0.091285727918148
pak,1952,0.0887796506285667
pak,1953,0.0844310149550438
pak,1954,0.0812780484557152
pak,1955,0.075138047337532
pak,1956,0.0688591673970223
pak,1957,0.0731529146432877
pak,1958,0.0715787559747696
pak,1959,0.0749523416161537
pak,1960,0.0792327374219894
pak,1961,0.083298459649086
pak,1962,0.0811842605471611
pak,1963,0.0817965790629387
pak,1964,0.0855468064546585
pak,1965,0.0886596515774727
pak,1966,0.0884223729372025
pak,1967,0.0982925742864609
pak,1968,0.100222229957581
pak,1969,0.100450731813908
pak,1970,0.105742245912552
pak,1971,0.110355995595455
pak,1972,0.0637561231851578
pak,1973,0.0654029548168182
pak,1974,0.082938052713871
pak,1975,0.101016208529472
pak,1976,0.112482331693172
pak,1977,0.125134289264679
pak,1978,0.137949928641319
pak,1979,0.146443113684654
pak,1980,0.163662150502205
pak,1981,0.182881832122803
pak,1982,0.168759346008301
pak,1983,0.16044008731842
pak,1984,0.16300168633461
pak,1985,0.151381358504295
pak,1986,0.152314737439156
pak,1987,0.152288854122162
pak,1988,0.162077486515045
pak,1989,0.15457022190094
pak,1990,0.158777311444283
pak,1991,0.171356216073036
pak,1992,0.181184485554695
pak,1993,0.173016801476479
pak,1994,0.184221968054771
pak,1995,0.200933411717415
pak,1996,0.189197897911072
pak,1997,0.190851956605911
pak,1998,0.184640616178513
pak,1999,0.180069789290428
pak,2000,0.173166796565056
pak,2001,0.16122567653656
pak,2002,0.173081517219543
pak,2003,0.186589285731316
pak,2004,0.196412220597267
pak,2005,0.195537626743317
pak,2006,0.201926738023758
pak,2007,0.219779491424561
pak,2008,0.206599444150925
pak,2009,0.198995694518089
pak,2010,0.206344991922379
pak,2011,0.230785936117172
pak,2012,0.229471415281296
pak,2013,0.234465822577477
pak,2014,0.254655808210373
pak,2015,0.258279740810394
pak,2016,0.265174806118012
pak,2017,0.27550607919693
pak,2018,0.25611075758934
pak,2019,0.228107124567032
pak,2020,0.232980191707611
pak,2021,0.259925037622452
pak,2022,0.234225079417229
pak,2023,0.215105548501015
pan,1950,0.145114466547966
pan,1951,0.156432196497917
pan,1952,0.147250309586525
pan,1953,0.142278790473938
pan,1954,0.14040170609951
pan,1955,0.141577005386353
pan,1956,0.143207788467407
pan,1957,0.142864942550659
pan,1958,0.137962341308594
pan,1959,0.137045532464981
pan,1960,0.136731520295143
pan,1961,0.136570483446121
pan,1962,0.132929608225822
pan,1963,0.136432334780693
pan,1964,0.139240115880966
pan,1965,0.139102414250374
pan,1966,0.139834821224213
pan,1967,0.141200751066208
pan,1968,0.140914276242256
pan,1969,0.141436353325844
pan,1970,0.127288669347763
pan,1971,0.128877803683281
pan,1972,0.132913306355476
pan,1973,0.146417289972305
pan,1974,0.164469555020332
pan,1975,0.179810747504234
pan,1976,0.189312398433685
pan,1977,0.201483592391014
pan,1978,0.22132720053196
pan,1979,0.246591672301292
pan,1980,0.290037363767624
pan,1981,0.302222192287445
pan,1982,0.316174417734146
pan,1983,0.308727324008942
pan,1984,0.328091979026794
pan,1985,0.352171778678894
pan,1986,0.329591691493988
pan,1987,0.313943684101105
pan,1988,0.313382983207703
pan,1989,0.311994761228561
pan,1990,0.314534187316895
pan,1991,0.30720043182373
pan,1992,0.329572916030884
pan,1993,0.346854090690613
pan,1994,0.358773678541183
pan,1995,0.369562029838562
pan,1996,0.360447645187378
pan,1997,0.352465361356735
pan,1998,0.351086527109146
pan,1999,0.354592889547348
pan,2000,0.342767804861069
pan,2001,0.341879636049271
pan,2002,0.335399091243744
pan,2003,0.313427031040192
pan,2004,0.33768767118454
pan,2005,0.299880802631378
pan,2006,0.302739441394806
pan,2007,0.39514747262001
pan,2008,0.428159981966019
pan,2009,0.441013425588608
pan,2010,0.43989884853363
pan,2011,0.456928163766861
pan,2012,0.466418772935867
pan,2013,0.492318153381348
pan,2014,0.483867406845093
pan,2015,0.493378430604935
pan,2016,0.479221910238266
pan,2017,0.452678084373474
pan,2018,0.475617378950119
pan,2019,0.474776297807694
pan,2020,0.474787682294846
pan,2021,0.494653046131134
pan,2022,0.497492641210556
pan,2023,0.508344113826752
per,1950,0.0517018660902977
per,1951,0.0579808130860329
per,1952,0.0584961473941803
per,1953,0.048318762332201
per,1954,0.0535270646214485
per,1955,0.0560392923653126
per,1956,0.0607847161591053
per,1957,0.0644030794501305
per,1958,0.0553031638264656
per,1959,0.0545036941766739
per,1960,0.0624676495790482
per,1961,0.0660619810223579
per,1962,0.0690016224980354
per,1963,0.0713321641087532
per,1964,0.0799050554633141
per,1965,0.0891115218400955
per,1966,0.0992270633578301
per,1967,0.0962143838405609
per,1968,0.0892025828361511
per,1969,0.0956712365150452
per,1970,0.102827399969101
per,1971,0.108191467821598
per,1972,0.116859540343285
per,1973,0.129854172468185
per,1974,0.150297194719315
per,1975,0.17463219165802
per,1976,0.165193408727646
per,1977,0.151133313775063
per,1978,0.133915737271309
per,1979,0.167242765426636
per,1980,0.201690703630447
per,1981,0.227289780974388
per,1982,0.22902013361454
per,1983,0.191243380308151
per,1984,0.192678138613701
per,1985,0.165203019976616
per,1986,0.213380873203278
per,1987,0.312058091163635
per,1988,0.287601917982101
per,1989,0.388052105903626
per,1990,0.32111594080925
per,1991,0.363718956708908
per,1992,0.369507700204849
per,1993,0.334258675575256
per,1994,0.37058100104332
per,1995,0.395925432443619
per,1996,0.390802681446075
per,1997,0.384595930576324
per,1998,0.374280720949173
per,1999,0.337734699249268
per,2000,0.3381567299366
per,2001,0.337788790464401
per,2002,0.33381661772728
per,2003,0.337863922119141
per,2004,0.356741487979889
per,2005,0.366189688444138
per,2006,0.37753090262413
per,2007,0.394160628318787
per,2008,0.424961686134338
per,2009,0.424432337284088
per,2010,0.456465661525726
per,2011,0.483372420072556
per,2012,0.51404070854187
per,2013,0.531409084796906
per,2014,0.522263944149017
per,2015,0.488883256912231
per,2016,0.482039749622345
per,2017,0.512928247451782
per,2018,0.519500732421875
per,2019,0.506773293018341
per,2020,0.487982749938965
per,2021,0.47326335310936
per,2022,0.503238618373871
per,2023,0.553440749645233
phl,1950,0.119302652776241
phl,1951,0.130739763379097
phl,1952,0.123514115810394
phl,1953,0.116383589804173
phl,1954,0.11257828772068
phl,1955,0.111069597303867
phl,1956,0.117193058133125
phl,1957,0.120177127420902
phl,1958,0.121382720768452
phl,1959,0.120001681149006
phl,1960,0.128073811531067
phl,1961,0.132020488381386
phl,1962,0.0734563395380974
phl,1963,0.0769949108362198
phl,1964,0.0818900540471077
phl,1965,0.0857917070388794
phl,1966,0.0907520949840546
phl,1967,0.0956867262721062
phl,1968,0.0995665416121483
phl,1969,0.104109145700932
phl,1970,0.077261820435524
phl,1971,0.0804638639092445
phl,1972,0.0827542915940285
phl,1973,0.0958916693925858
phl,1974,0.123234800994396
phl,1975,0.122412383556366
phl,1976,0.130887269973755
phl,1977,0.145365044474602
phl,1978,0.158651366829872
phl,1979,0.187619805335999
phl,1980,0.202712446451187
phl,1981,0.213798895478249
phl,1982,0.213681653141975
phl,1983,0.186334922909737
phl,1984,0.18798553943634
phl,1985,0.195621863007545
phl,1986,0.180021330714226
phl,1987,0.180461868643761
phl,1988,0.187676355242729
phl,1989,0.193561181426048
phl,1990,0.184351325035095
phl,1991,0.184825748205185
phl,1992,0.20590215921402
phl,1993,0.198589816689491
phl,1994,0.212428689002991
phl,1995,0.222602725028992
phl,1996,0.230906620621681
phl,1997,0.22901751101017
phl,1998,0.18547061085701
phl,1999,0.216785982251167
phl,2000,0.208442389965057
phl,2001,0.195335268974304
phl,2002,0.208044052124023
phl,2003,0.21061635017395
phl,2004,0.223168462514877
phl,2005,0.243323028087616
phl,2006,0.272268950939178
phl,2007,0.307256311178207
phl,2008,0.334768056869507
phl,2009,0.309686422348022
phl,2010,0.328705579042435
phl,2011,0.346293985843658
phl,2012,0.359919756650925
phl,2013,0.377515465021133
phl,2014,0.377036273479462
phl,2015,0.370752960443497
phl,2016,0.357449471950531
phl,2017,0.351176261901855
phl,2018,0.350247651338577
phl,2019,0.353378683328629
phl,2020,0.376958072185516
phl,2021,0.386083543300629
phl,2022,0.367633134126663
phl,2023,0.376851886510849
pol,1970,0.142363265156746
pol,1971,0.146568119525909
pol,1972,0.154553681612015
pol,1973,0.176030352711678
pol,1974,0.182972878217697
pol,1975,0.184020444750786
pol,1976,0.199413165450096
pol,1977,0.214510902762413
pol,1978,0.239990904927254
pol,1979,0.266902834177017
pol,1980,0.22715599834919
pol,1981,0.227516204118729
pol,1982,0.279101371765137
pol,1983,0.29695987701416
pol,1984,0.272606283426285
pol,1985,0.233791261911392
pol,1986,0.230260148644447
pol,1987,0.19099161028862
pol,1988,0.194324001669884
pol,1989,0.223600670695305
pol,1990,0.184970140457153
pol,1991,0.242537766695023
pol,1992,0.248016610741615
pol,1993,0.235091209411621
pol,1994,0.254576742649078
pol,1995,0.300561398267746
pol,1996,0.317667990922928
pol,1997,0.294152855873108
pol,1998,0.307758450508118
pol,1999,0.282429873943329
pol,2000,0.280059903860092
pol,2001,0.307655096054077
pol,2002,0.311460673809052
pol,2003,0.341516017913818
pol,2004,0.384810894727707
pol,2005,0.444645494222641
pol,2006,0.479375600814819
pol,2007,0.542921423912048
pol,2008,0.652491092681885
pol,2009,0.500603914260864
pol,2010,0.505703032016754
pol,2011,0.509308755397797
pol,2012,0.473899394273758
pol,2013,0.499808460474014
pol,2014,0.51364678144455
pol,2015,0.425084888935089
pol,2016,0.408156603574753
pol,2017,0.437166661024094
pol,2018,0.471597999334335
pol,2019,0.43894174695015
pol,2020,0.445972293615341
pol,2021,0.472696453332901
pol,2022,0.45490837097168
pol,2023,0.533627808094025
prt,1950,0.0681921020150185
prt,1951,0.0681420341134071
prt,1952,0.0670439451932907
prt,1953,0.0683004707098007
prt,1954,0.0671705231070519
prt,1955,0.0685353502631187
prt,1956,0.0709992721676827
prt,1957,0.0721332505345345
prt,1958,0.0725292339920998
prt,1959,0.0732843652367592
prt,1960,0.0765220820903778
prt,1961,0.0780218467116356
prt,1962,0.0762322843074799
prt,1963,0.0781967788934708
prt,1964,0.0815814360976219
prt,1965,0.084983341395855
prt,1966,0.0904755815863609
prt,1967,0.0931621789932251
prt,1968,0.0904877260327339
prt,1969,0.096852719783783
prt,1970,0.0999673828482628
prt,1971,0.105320513248444
prt,1972,0.119202710688114
prt,1973,0.145536005496979
prt,1974,0.168768420815468
prt,1975,0.19568894803524
prt,1976,0.194034308195114
prt,1977,0.193750262260437
prt,1978,0.207178741693497
prt,1979,0.225273013114929
prt,1980,0.270290315151215
prt,1981,0.264898389577866
prt,1982,0.249814376235008
prt,1983,0.227405816316605
prt,1984,0.21845754981041
prt,1985,0.229846596717834
prt,1986,0.299008876085281
prt,1987,0.345581531524658
prt,1988,0.374360024929047
prt,1989,0.377742737531662
prt,1990,0.466171026229858
prt,1991,0.498444318771362
prt,1992,0.594124674797058
prt,1993,0.513111889362335
prt,1994,0.50494247674942
prt,1995,0.580061316490173
prt,1996,0.590627074241638
prt,1997,0.520782470703125
prt,1998,0.523416817188263
prt,1999,0.504991292953491
prt,2000,0.445198744535446
prt,2001,0.450654149055481
prt,2002,0.492533266544342
prt,2003,0.612261652946472
prt,2004,0.709629654884338
prt,2005,0.684069812297821
prt,2006,0.691871285438538
prt,2007,0.760128557682037
prt,2008,0.847761392593384
prt,2009,0.770031213760376
prt,2010,0.733708322048187
prt,2011,0.760263502597809
prt,2012,0.676338851451874
prt,2013,0.73817652463913
prt,2014,0.748705327510834
prt,2015,0.621856987476349
prt,2016,0.622995018959045
prt,2017,0.653357148170471
prt,2018,0.711144745349884
prt,2019,0.658368170261383
prt,2020,0.680492162704468
prt,2021,0.736938416957855
prt,2022,0.696906566619873
prt,2023,0.75937694311142
pry,1951,0.107870489358902
pry,1952,0.12866236269474
pry,1953,0.0971321016550064
pry,1954,0.105888120830059
pry,1955,0.096134752035141
pry,1956,0.0743160992860794
pry,1957,0.074409656226635
pry,1958,0.0633854940533638
pry,1959,0.0599573291838169
pry,1960,0.0658023282885552
pry,1961,0.0694907158613205
pry,1962,0.0756989866495132
pry,1963,0.0758873075246811
pry,1964,0.0783449858427048
pry,1965,0.0823397859930992
pry,1966,0.0853308588266373
pry,1967,0.0831603705883026
pry,1968,0.0842044055461884
pry,1969,0.0867404788732529
pry,1970,0.0871111378073692
pry,1971,0.0922427996993065
pry,1972,0.100203216075897
pry,1973,0.123768135905266
pry,1974,0.156426727771759
pry,1975,0.169364526867867
pry,1976,0.177577331662178
pry,1977,0.194873243570328
pry,1978,0.21660228073597
pry,1979,0.272074669599533
pry,1980,0.315692186355591
pry,1981,0.359072327613831
pry,1982,0.371200323104858
pry,1983,0.415845274925232
pry,1984,0.333728283643723
pry,1985,0.274713575839996
pry,1986,0.331686347723007
pry,1987,0.264226704835892
pry,1988,0.32810652256012
pry,1989,0.226696982979774
pry,1990,0.247721910476685
pry,1991,0.284535855054855
pry,1992,0.2857905626297
pry,1993,0.290117353200913
pry,1994,0.313318967819214
pry,1995,0.345955938100815
pry,1996,0.367723643779755
pry,1997,0.364418208599091
pry,1998,0.313204824924469
pry,1999,0.30175456404686
pry,2000,0.304901272058487
pry,2001,0.262429088354111
pry,2002,0.197049304842949
pry,2003,0.195797145366669
pry,2004,0.228017628192902
pry,2005,0.242330238223076
pry,2006,0.275639891624451
pry,2007,0.333952993154526
pry,2008,0.429107218980789
pry,2009,0.358898490667343
pry,2010,0.378204464912415
pry,2011,0.425063490867615
pry,2012,0.424387454986572
pry,2013,0.468464821577072
pry,2014,0.466527730226517
pry,2015,0.413973808288574
pry,2016,0.394442439079285
pry,2017,0.407297104597092
pry,2018,0.424601912498474
pry,2019,0.387237817049027
pry,2020,0.364971339702606
pry,2021,0.402537554502487
pry,2022,0.425814419984818
pry,2023,0.420124113559723
pse,1970,0.107717983424664
pse,1971,0.107498936355114
pse,1972,0.130743116140366
pse,1973,0.175190478563309
pse,1974,0.24232092499733
pse,1975,0.245091706514359
pse,1976,0.243015304207802
pse,1977,0.256214171648026
pse,1978,0.227797299623489
pse,1979,0.280072152614594
pse,1980,0.314740777015686
pse,1981,0.327510714530945
pse,1982,0.298557370901108
pse,1983,0.319486647844315
pse,1984,0.293653935194016
pse,1985,0.265209853649139
pse,1986,0.335182458162308
pse,1987,0.373067408800125
pse,1988,0.396891862154007
pse,1989,0.371312886476517
pse,1990,0.339312881231308
pse,1991,0.365158766508102
pse,1992,0.380875438451767
pse,1993,0.368716537952423
pse,1994,0.319597691297531
pse,1995,0.339728027582169
pse,1996,0.352917402982712
pse,1997,0.340659320354462
pse,1998,0.321473598480225
pse,1999,0.310110211372376
pse,2000,0.352948784828186
pse,2001,0.366752803325653
pse,2002,0.36208313703537
pse,2003,0.346106350421906
pse,2004,0.337065845727921
pse,2005,0.350218564271927
pse,2006,0.363613277673721
pse,2007,0.380001991987228
pse,2008,0.43471285700798
pse,2009,0.437646985054016
pse,2010,0.501669764518738
pse,2011,0.523701250553131
pse,2012,0.483161479234695
pse,2013,0.52114474773407
pse,2014,0.521924912929535
pse,2015,0.463437706232071
pse,2016,0.47358974814415
pse,2017,0.488032907247543
pse,2018,0.472427517175674
pse,2019,0.418383628129959
pse,2020,0.398459374904633
pse,2021,0.480732649564743
pse,2022,0.503655016422272
pse,2023,0.469952791929245
qat,1970,0.0590695179998875
qat,1971,0.068850465118885
qat,1972,0.0825258791446686
qat,1973,0.103895150125027
qat,1974,0.108039982616901
qat,1975,0.139088839292526
qat,1976,0.179035007953644
qat,1977,0.239511266350746
qat,1978,0.221003621816635
qat,1979,0.272628903388977
qat,1980,0.350532233715057
qat,1981,0.416592806577683
qat,1982,0.433074772357941
qat,1983,0.392329007387161
qat,1984,0.371265649795532
qat,1985,0.381359219551086
qat,1986,0.402642458677292
qat,1987,0.398454487323761
qat,1988,0.434245824813843
qat,1989,0.419831305742264
qat,1990,0.399642914533615
qat,1991,0.496922433376312
qat,1992,0.431426048278809
qat,1993,0.457204431295395
qat,1994,0.473100990056992
qat,1995,0.492554008960724
qat,1996,0.54283481836319
qat,1997,0.516926646232605
qat,1998,0.471985667943954
qat,1999,0.415327876806259
qat,2000,0.402198731899262
qat,2001,0.381851106882095
qat,2002,0.406188249588013
qat,2003,0.348116397857666
qat,2004,0.372372657060623
qat,2005,0.385081619024277
qat,2006,0.410086840391159
qat,2007,0.442320823669434
qat,2008,0.471773564815521
qat,2009,0.449841916561127
qat,2010,0.471934586763382
qat,2011,0.455993950366974
qat,2012,0.476630032062531
qat,2013,0.507312834262848
qat,2014,0.547003209590912
qat,2015,0.527029395103455
qat,2016,0.512162387371063
qat,2017,0.504100978374481
qat,2018,0.557156026363373
qat,2019,0.522688329219818
qat,2020,0.492449402809143
qat,2021,0.54864102602005
qat,2022,0.642487227916718
qat,2023,0.616204261779785
rou,1960,0.17027735710144
rou,1961,0.176997497677803
rou,1962,0.175989404320717
rou,1963,0.179181218147278
rou,1964,0.178554490208626
rou,1965,0.177254170179367
rou,1966,0.177743554115295
rou,1967,0.182543590664864
rou,1968,0.183387532830238
rou,1969,0.184411391615868
rou,1970,0.193070381879807
rou,1971,0.202422738075256
rou,1972,0.210219606757164
rou,1973,0.221805021166801
rou,1974,0.207423821091652
rou,1975,0.20365147292614
rou,1976,0.200905278325081
rou,1977,0.20223343372345
rou,1978,0.221329376101494
rou,1979,0.218986093997955
rou,1980,0.218990653753281
rou,1981,0.268015682697296
rou,1982,0.298120826482773
rou,1983,0.266077041625977
rou,1984,0.221649691462517
rou,1985,0.26199871301651
rou,1986,0.277327805757523
rou,1987,0.303758144378662
rou,1988,0.306668847799301
rou,1989,0.287427753210068
rou,1990,0.201541811227798
rou,1991,0.165851235389709
rou,1992,0.118687428534031
rou,1993,0.155406832695007
rou,1994,0.167645499110222
rou,1995,0.185755580663681
rou,1996,0.175223186612129
rou,1997,0.178417697548866
rou,1998,0.216856509447098
rou,1999,0.18791663646698
rou,2000,0.188754558563232
rou,2001,0.185172900557518
rou,2002,0.20300504565239
rou,2003,0.255391806364059
rou,2004,0.294509559869766
rou,2005,0.371490448713303
rou,2006,0.406380504369736
rou,2007,0.505781352519989
rou,2008,0.54269951581955
rou,2009,0.440773278474808
rou,2010,0.425512790679932
rou,2011,0.450212836265564
rou,2012,0.400062561035156
rou,2013,0.447549343109131
rou,2014,0.456041395664215
rou,2015,0.380298107862473
rou,2016,0.37897202372551
rou,2017,0.390435427427292
rou,2018,0.435994178056717
rou,2019,0.408681839704514
rou,2020,0.419135749340057
rou,2021,0.4595707654953
rou,2022,0.462446630001068
rou,2023,0.531472027301788
rus,1990,0.228960484266281
rus,1991,0.234553992748261
rus,1992,0.205557823181152
rus,1993,0.228611320257187
rus,1994,0.242612704634666
rus,1995,0.256865292787552
rus,1996,0.260849446058273
rus,1997,0.27677121758461
rus,1998,0.203264743089676
rus,1999,0.151826217770576
rus,2000,0.175002321600914
rus,2001,0.201330527663231
rus,2002,0.218179866671562
rus,2003,0.247675955295563
rus,2004,0.30012258887291
rus,2005,0.334085583686829
rus,2006,0.371439009904861
rus,2007,0.416168004274368
rus,2008,0.462563455104828
rus,2009,0.37779238820076
rus,2010,0.415296137332916
rus,2011,0.477175295352936
rus,2012,0.483240932226181
rus,2013,0.515203058719635
rus,2014,0.478717535734177
rus,2015,0.345798343420029
rus,2016,0.324901580810547
rus,2017,0.37201464176178
rus,2018,0.368062198162079
rus,2019,0.345445185899735
rus,2020,0.305289804935455
rus,2021,0.33425584435463
rus,2022,0.413879841566086
rus,2023,0.352934747934341
rwa,1960,0.0368643067777157
rwa,1961,0.0396691486239433
rwa,1962,0.0374158807098866
rwa,1963,0.0429924838244915
rwa,1964,0.0488177463412285
rwa,1965,0.0531761273741722
rwa,1966,0.0411718264222145
rwa,1967,0.048624012619257
rwa,1968,0.0490392185747623
rwa,1969,0.0486144870519638
rwa,1970,0.0523612201213837
rwa,1971,0.0635368376970291
rwa,1972,0.0682662501931191
rwa,1973,0.0817005261778832
rwa,1974,0.105212777853012
rwa,1975,0.125312060117722
rwa,1976,0.120810054242611
rwa,1977,0.136072635650635
rwa,1978,0.159346431493759
rwa,1979,0.174154564738274
rwa,1980,0.193434655666351
rwa,1981,0.189019426703453
rwa,1982,0.195133358240128
rwa,1983,0.193290904164314
rwa,1984,0.218787282705307
rwa,1985,0.224204510450363
rwa,1986,0.240126639604568
rwa,1987,0.277008652687073
rwa,1988,0.29566153883934
rwa,1989,0.279383033514023
rwa,1990,0.283722132444382
rwa,1991,0.241074472665787
rwa,1992,0.239096492528915
rwa,1993,0.254046082496643
rwa,1994,0.338992416858673
rwa,1995,0.293600648641586
rwa,1996,0.267942577600479
rwa,1997,0.311349600553513
rwa,1998,0.312800198793411
rwa,1999,0.288933515548706
rwa,2000,0.257876217365265
rwa,2001,0.223597079515457
rwa,2002,0.19151172041893
rwa,2003,0.206001475453377
rwa,2004,0.209543466567993
rwa,2005,0.234239876270294
rwa,2006,0.236346900463104
rwa,2007,0.27544516324997
rwa,2008,0.335298150777817
rwa,2009,0.341747283935547
rwa,2010,0.334829926490784
rwa,2011,0.34257385134697
rwa,2012,0.366720467805862
rwa,2013,0.368922561407089
rwa,2014,0.357641071081162
rwa,2015,0.338999718427658
rwa,2016,0.329391270875931
rwa,2017,0.339302033185959
rwa,2018,0.316637217998505
rwa,2019,0.312484711408615
rwa,2020,0.309183329343796
rwa,2021,0.297674417495728
rwa,2022,0.32943731546402
rwa,2023,0.322676718235016
sau,1970,0.0461387187242508
sau,1971,0.0508433356881142
sau,1972,0.0580295696854591
sau,1973,0.0708294287323952
sau,1974,0.139116585254669
sau,1975,0.156221732497215
sau,1976,0.181566879153252
sau,1977,0.212834894657135
sau,1978,0.224816352128983
sau,1979,0.27866405248642
sau,1980,0.360102117061615
sau,1981,0.398347526788712
sau,1982,0.392447650432587
sau,1983,0.367426872253418
sau,1984,0.357109814882278
sau,1985,0.356255799531937
sau,1986,0.289629966020584
sau,1987,0.293338298797607
sau,1988,0.28155916929245
sau,1989,0.308000057935715
sau,1990,0.35149472951889
sau,1991,0.387879520654678
sau,1992,0.318907469511032
sau,1993,0.327496290206909
sau,1994,0.346574723720551
sau,1995,0.368271738290787
sau,1996,0.399218022823334
sau,1997,0.404874920845032
sau,1998,0.38399413228035
sau,1999,0.367958605289459
sau,2000,0.367425054311752
sau,2001,0.375726610422134
sau,2002,0.344751954078674
sau,2003,0.361934691667557
sau,2004,0.36403688788414
sau,2005,0.382212579250336
sau,2006,0.381977081298828
sau,2007,0.386260360479355
sau,2008,0.388076156377792
sau,2009,0.349128842353821
sau,2010,0.358168989419937
sau,2011,0.351042449474335
sau,2012,0.368521958589554
sau,2013,0.386647164821625
sau,2014,0.382582187652588
sau,2015,0.362857848405838
sau,2016,0.385134547948837
sau,2017,0.404131084680557
sau,2018,0.455204784870148
sau,2019,0.454563081264496
sau,2020,0.431989252567291
sau,2021,0.466706931591034
sau,2022,0.532214939594269
sau,2023,0.546908617019653
sdn,1970,0.0470918118953705
sdn,1971,0.0482197403907776
sdn,1972,0.063189871609211
sdn,1973,0.0856716260313988
sdn,1974,0.0876494497060776
sdn,1975,0.0938534662127495
sdn,1976,0.102842308580875
sdn,1977,0.108134634792805
sdn,1978,0.116077147424221
sdn,1979,0.136029124259949
sdn,1980,0.15023598074913
sdn,1981,0.169489279389381
sdn,1982,0.117109797894955
sdn,1983,0.121796898543835
sdn,1984,0.162551939487457
sdn,1985,0.14830356836319
sdn,1986,0.181630849838257
sdn,1987,0.229358643293381
sdn,1988,0.222607895731926
sdn,1989,0.226101756095886
sdn,1990,0.232389271259308
sdn,1991,0.190654680132866
sdn,1992,0.204990372061729
sdn,1993,0.221100151538849
sdn,1994,0.19780221581459
sdn,1995,0.214908942580223
sdn,1996,0.136928617954254
sdn,1997,0.156338408589363
sdn,1998,0.160594880580902
sdn,1999,0.138140872120857
sdn,2000,0.15659998357296
sdn,2001,0.187130689620972
sdn,2002,0.204866424202919
sdn,2003,0.235215216875076
sdn,2004,0.27118855714798
sdn,2005,0.295899927616119
sdn,2006,0.295273005962372
sdn,2007,0.366329461336136
sdn,2008,0.377089887857437
sdn,2009,0.298102647066116
sdn,2010,0.27613553404808
sdn,2011,0.28073114156723
sdn,2012,0.244262009859085
sdn,2013,0.340607494115829
sdn,2014,0.265689790248871
sdn,2015,0.276646047830582
sdn,2016,0.217733561992645
sdn,2017,0.208704486489296
sdn,2018,0.15025295317173
sdn,2019,0.144445538520813
sdn,2020,0.150841176509857
sdn,2021,0.236211761832237
sdn,2022,0.251612424850464
sdn,2023,0.267230659723282
sen,1960,0.103716097772121
sen,1961,0.108811244368553
sen,1962,0.109020479023457
sen,1963,0.110843501985073
sen,1964,0.113509424030781
sen,1965,0.112589128315449
sen,1966,0.108375437557697
sen,1967,0.10612478852272
sen,1968,0.112722329795361
sen,1969,0.117580257356167
sen,1970,0.109910733997822
sen,1971,0.113032296299934
sen,1972,0.131645068526268
sen,1973,0.158678755164146
sen,1974,0.165747165679932
sen,1975,0.216357603669167
sen,1976,0.20297560095787
sen,1977,0.20685288310051
sen,1978,0.233841434121132
sen,1979,0.273106932640076
sen,1980,0.308729261159897
sen,1981,0.248297452926636
sen,1982,0.21756075322628
sen,1983,0.195635855197907
sen,1984,0.17375074326992
sen,1985,0.175512611865997
sen,1986,0.243484631180763
sen,1987,0.291693061590195
sen,1988,0.305651187896729
sen,1989,0.279087364673615
sen,1990,0.340520679950714
sen,1991,0.333322793245316
sen,1992,0.364821583032608
sen,1993,0.333613157272339
sen,1994,0.213850066065788
sen,1995,0.258818328380585
sen,1996,0.233532384037972
sen,1997,0.215614631772041
sen,1998,0.232813447713852
sen,1999,0.228297710418701
sen,2000,0.209937259554863
sen,2001,0.210256457328796
sen,2002,0.229737862944603
sen,2003,0.275342226028442
sen,2004,0.316119372844696
sen,2005,0.31758713722229
sen,2006,0.32874470949173
sen,2007,0.376773536205292
sen,2008,0.456362068653107
sen,2009,0.403006732463837
sen,2010,0.379054337739944
sen,2011,0.412861287593842
sen,2012,0.389885783195496
sen,2013,0.422610223293304
sen,2014,0.426578372716904
sen,2015,0.359512865543366
sen,2016,0.36902579665184
sen,2017,0.391594290733337
sen,2018,0.409399569034576
sen,2019,0.381758868694305
sen,2020,0.389730572700501
sen,2021,0.401669472455978
sen,2022,0.390510350465775
sen,2023,0.41108900308609
sgp,1960,0.235533311963081
sgp,1961,0.214932784438133
sgp,1962,0.186160326004028
sgp,1963,0.168895170092583
sgp,1964,0.158857792615891
sgp,1965,0.160729020833969
sgp,1966,0.152402564883232
sgp,1967,0.147855997085571
sgp,1968,0.14883428812027
sgp,1969,0.14821420609951
sgp,1970,0.144154772162437
sgp,1971,0.144727796316147
sgp,1972,0.167309060692787
sgp,1973,0.213952302932739
sgp,1974,0.247785866260529
sgp,1975,0.265108674764633
sgp,1976,0.245135799050331
sgp,1977,0.266236513853073
sgp,1978,0.273142129182816
sgp,1979,0.282456129789352
sgp,1980,0.34265324473381
sgp,1981,0.421251386404038
sgp,1982,0.427714735269547
sgp,1983,0.42280524969101
sgp,1984,0.405354380607605
sgp,1985,0.393269121646881
sgp,1986,0.385382622480392
sgp,1987,0.39246529340744
sgp,1988,0.432141184806824
sgp,1989,0.484327614307404
sgp,1990,0.546486854553223
sgp,1991,0.693106651306152
sgp,1992,0.728689253330231
sgp,1993,0.934278845787048
sgp,1994,1.07395136356354
sgp,1995,1.18493294715881
sgp,1996,1.05455791950226
sgp,1997,0.938177764415741
sgp,1998,0.648035764694214
sgp,1999,0.622592329978943
sgp,2000,0.510951519012451
sgp,2001,0.506000339984894
sgp,2002,0.468255788087845
sgp,2003,0.529881536960602
sgp,2004,0.519383072853088
sgp,2005,0.47808513045311
sgp,2006,0.457130461931229
sgp,2007,0.506395220756531
sgp,2008,0.627203583717346
sgp,2009,0.598119974136353
sgp,2010,0.599354386329651
sgp,2011,0.679766654968262
sgp,2012,0.699232280254364
sgp,2013,0.747183442115784
sgp,2014,0.710395932197571
sgp,2015,0.660880267620087
sgp,2016,0.657890260219574
sgp,2017,0.665441453456879
sgp,2018,0.710611820220947
sgp,2019,0.698220789432526
sgp,2020,0.668464541435242
sgp,2021,0.746548116207123
sgp,2022,0.802151083946228
sgp,2023,0.837386548519135
sle,1961,0.124681077897549
sle,1962,0.111779540777206
sle,1963,0.107439137995243
sle,1964,0.126020595431328
sle,1965,0.139331698417664
sle,1966,0.144964203238487
sle,1967,0.155136227607727
sle,1968,0.126767426729202
sle,1969,0.125720903277397
sle,1970,0.112732514739037
sle,1971,0.11809729039669
sle,1972,0.124542765319347
sle,1973,0.137793585658073
sle,1974,0.157834514975548
sle,1975,0.170024424791336
sle,1976,0.160737976431847
sle,1977,0.181505858898163
sle,1978,0.226966544985771
sle,1979,0.26048144698143
sle,1980,0.311208039522171
sle,1981,0.310783326625824
sle,1982,0.322690546512604
sle,1983,0.283151477575302
sle,1984,0.3303282558918
sle,1985,0.261537820100784
sle,1986,0.179232805967331
sle,1987,0.141454100608826
sle,1988,0.20760390162468
sle,1989,0.182961761951447
sle,1990,0.122142471373081
sle,1991,0.141882315278053
sle,1992,0.132067084312439
sle,1993,0.134360358119011
sle,1994,0.146907851099968
sle,1995,0.13775634765625
sle,1996,0.167678087949753
sle,1997,0.186874821782112
sle,1998,0.165670230984688
sle,1999,0.215686693787575
sle,2000,0.169349387288094
sle,2001,0.191480278968811
sle,2002,0.187646329402924
sle,2003,0.204204171895981
sle,2004,0.2154151648283
sle,2005,0.244496315717697
sle,2006,0.272895276546478
sle,2007,0.294697940349579
sle,2008,0.317271411418915
sle,2009,0.287327945232391
sle,2010,0.290182203054428
sle,2011,0.279055327177048
sle,2012,0.331252336502075
sle,2013,0.349533349275589
sle,2014,0.36069643497467
sle,2015,0.339952558279038
sle,2016,0.307074576616287
sle,2017,0.322781264781952
sle,2018,0.305999785661697
sle,2019,0.311400324106216
sle,2020,0.319754540920258
sle,2021,0.328278601169586
sle,2022,0.309283673763275
sle,2023,0.266662329435349
slv,1950,0.0705524310469627
slv,1951,0.0881555750966072
slv,1952,0.0839519500732422
slv,1953,0.0871331840753555
slv,1954,0.0947971865534782
slv,1955,0.0981818810105324
slv,1956,0.100943863391876
slv,1957,0.0982212796807289
slv,1958,0.091948077082634
slv,1959,0.085713692009449
slv,1960,0.0940815135836601
slv,1961,0.0897018238902092
slv,1962,0.0863759592175484
slv,1963,0.0874678492546082
slv,1964,0.0902255102992058
slv,1965,0.0903164967894554
slv,1966,0.0890305563807488
slv,1967,0.0871226489543915
slv,1968,0.0857165679335594
slv,1969,0.0860162004828453
slv,1970,0.0900246351957321
slv,1971,0.0923103392124176
slv,1972,0.0931811183691025
slv,1973,0.102394141256809
slv,1974,0.118966698646545
slv,1975,0.128522425889969
slv,1976,0.156418487429619
slv,1977,0.189327523112297
slv,1978,0.190052881836891
slv,1979,0.21363066136837
slv,1980,0.238574951887131
slv,1981,0.246294841170311
slv,1982,0.260323941707611
slv,1983,0.285087704658508
slv,1984,0.313368678092957
slv,1985,0.37771013379097
slv,1986,0.243597432971001
slv,1987,0.276039004325867
slv,1988,0.314081281423569
slv,1989,0.361243486404419
slv,1990,0.299840420484543
slv,1991,0.315515965223312
slv,1992,0.323054999113083
slv,1993,0.338129699230194
slv,1994,0.360845476388931
slv,1995,0.380624413490295
slv,1996,0.395593911409378
slv,1997,0.400766044855118
slv,1998,0.41186735033989
slv,1999,0.409740895032883
slv,2000,0.410548269748688
slv,2001,0.416634023189545
slv,2002,0.407534092664719
slv,2003,0.404012054204941
slv,2004,0.405159562826157
slv,2005,0.39460688829422
slv,2006,0.399993985891342
slv,2007,0.400635331869125
slv,2008,0.417075335979462
slv,2009,0.407802671194077
slv,2010,0.40533858537674
slv,2011,0.416576445102692
slv,2012,0.433096826076508
slv,2013,0.443689107894897
slv,2014,0.439275443553925
slv,2015,0.446323424577713
slv,2016,0.445892453193665
slv,2017,0.447623699903488
slv,2018,0.450949817895889
slv,2019,0.440534979104996
slv,2020,0.425191521644592
slv,2021,0.431854009628296
slv,2022,0.466928005218506
slv,2023,0.481548130512238
som,1970,0.137200266122818
som,1971,0.129927828907967
som,1972,0.17391037940979
som,1973,0.180195093154907
som,1974,0.195734441280365
som,1975,0.258180648088455
som,1976,0.339144080877304
som,1977,0.158981710672379
som,1978,0.155986532568932
som,1979,0.164976418018341
som,1980,0.181458950042725
som,1981,0.206791207194328
som,1982,0.198629602789879
som,1983,0.199714377522469
som,1984,0.204666808247566
som,1985,0.220204263925552
som,1986,0.209080412983894
som,1987,0.235579326748848
som,1988,0.268510580062866
som,1989,0.236319780349731
som,1990,0.239195361733437
som,1991,0.152685612440109
som,1992,0.163876235485077
som,1993,0.281587839126587
som,1994,0.407692939043045
som,1995,0.403914332389832
som,1996,0.434884697198868
som,1997,0.53475284576416
som,1998,0.705000936985016
som,1999,0.679528892040253
som,2000,0.719744086265564
som,2001,0.420614808797836
som,2002,0.375651508569717
som,2003,0.458402931690216
som,2004,0.608181059360504
som,2005,0.69041907787323
som,2006,0.698634266853333
som,2007,0.707293748855591
som,2008,0.70773458480835
som,2009,0.276365965604782
som,2010,0.220620781183243
som,2011,0.215157598257065
som,2012,0.287088572978973
som,2013,0.403965294361115
som,2014,0.391850352287293
som,2015,0.362720936536789
som,2016,0.352753132581711
som,2017,0.356463640928268
som,2018,0.33548492193222
som,2019,0.359815388917923
som,2020,0.363247692584991
som,2021,0.394973754882813
som,2022,0.425587326288223
som,2023,0.430711597204208
srb,1990,0.326340734958649
srb,1991,0.335661143064499
srb,1992,0.34497943520546
srb,1993,0.354824841022491
srb,1994,0.362647026777267
srb,1995,0.36953416466713
srb,1996,0.40379786491394
srb,1997,0.359166383743286
srb,1998,0.300025850534439
srb,1999,0.189214468002319
srb,2000,0.14570215344429
srb,2001,0.195321723818779
srb,2002,0.235777169466019
srb,2003,0.292302399873734
srb,2004,0.321104854345322
srb,2005,0.306222498416901
srb,2006,0.334169954061508
srb,2007,0.430462837219238
srb,2008,0.478909820318222
srb,2009,0.410846918821335
srb,2010,0.380043625831604
srb,2011,0.407940030097961
srb,2012,0.360523849725723
srb,2013,0.414855688810349
srb,2014,0.411810547113419
srb,2015,0.336809784173965
srb,2016,0.335875958204269
srb,2017,0.356530576944351
srb,2018,0.400818198919296
srb,2019,0.374676257371902
srb,2020,0.399557679891586
srb,2021,0.44538950920105
srb,2022,0.448517888784409
srb,2023,0.50822788476944
ssd,2008,1.03347790241241
ssd,2009,0.818336963653565
ssd,2010,0.970611572265625
ssd,2011,1.0615382194519
ssd,2012,1.66399776935577
ssd,2013,1.66023409366608
ssd,2014,1.56203186511993
ssd,2015,1.56633031368256
ssd,2016,0.597923040390015
ssd,2017,0.696156024932861
ssd,2018,0.470384776592255
ssd,2019,0.405702859163284
ssd,2020,0.430702269077301
ssd,2021,0.401703357696533
ssd,2022,0.384719371795654
ssd,2023,0.557415544986725
stp,1970,0.12752203643322
stp,1971,0.134808659553528
stp,1972,0.140489727258682
stp,1973,0.145641893148422
stp,1974,0.158694893121719
stp,1975,0.173105493187904
stp,1976,0.181447997689247
stp,1977,0.197315782308579
stp,1978,0.202406346797943
stp,1979,0.207789316773415
stp,1980,0.31340953707695
stp,1981,0.356780707836151
stp,1982,0.329536378383637
stp,1983,0.320572763681412
stp,1984,0.340499728918076
stp,1985,0.35639688372612
stp,1986,0.387746810913086
stp,1987,0.39910027384758
stp,1988,0.422568559646606
stp,1989,0.391776561737061
stp,1990,0.507076025009155
stp,1991,0.460828989744186
stp,1992,0.409648150205612
stp,1993,0.594778120517731
stp,1994,0.602378368377686
stp,1995,0.467692375183105
stp,1996,0.598505675792694
stp,1997,0.379950642585754
stp,1998,0.242748707532883
stp,1999,0.273493379354477
stp,2000,0.26213538646698
stp,2001,0.201954498887062
stp,2002,0.226477533578873
stp,2003,0.25925424695015
stp,2004,0.262805879116058
stp,2005,0.285541951656342
stp,2006,0.281606256961823
stp,2007,0.296225070953369
stp,2008,0.351064652204514
stp,2009,0.341345191001892
stp,2010,0.303282350301743
stp,2011,0.315839856863022
stp,2012,0.315479546785355
stp,2013,0.351542621850967
stp,2014,0.35410276055336
stp,2015,0.313050210475922
stp,2016,0.400439232587814
stp,2017,0.39815104007721
stp,2018,0.380463838577271
stp,2019,0.340369701385498
stp,2020,0.35022908449173
stp,2021,0.369917184114456
stp,2022,0.386630922555923
stp,2023,0.470482498407364
sur,1970,0.162422508001328
sur,1971,0.16641828417778
sur,1972,0.183319956064224
sur,1973,0.187398821115494
sur,1974,0.257498413324356
sur,1975,0.26774188876152
sur,1976,0.272760629653931
sur,1977,0.324206382036209
sur,1978,0.329188019037247
sur,1979,0.353073418140411
sur,1980,0.405845284461975
sur,1981,0.440944373607636
sur,1982,0.478353232145309
sur,1983,0.442631155252457
sur,1984,0.431636661291122
sur,1985,0.39588189125061
sur,1986,0.4303178191185
sur,1987,0.509370684623718
sur,1988,0.549313962459564
sur,1989,0.254655480384827
sur,1990,0.238821238279343
sur,1991,0.241473957896233
sur,1992,0.238580092787743
sur,1993,0.253278225660324
sur,1994,0.286369770765305
sur,1995,0.292888998985291
sur,1996,0.316225677728653
sur,1997,0.314746022224426
sur,1998,0.356492817401886
sur,1999,0.33481439948082
sur,2000,0.298974186182022
sur,2001,0.247057810425758
sur,2002,0.312462478876114
sur,2003,0.319523304700851
sur,2004,0.362561851739883
sur,2005,0.41044682264328
sur,2006,0.456602871417999
sur,2007,0.482567012310028
sur,2008,0.536736607551575
sur,2009,0.556061983108521
sur,2010,0.570030450820923
sur,2011,0.539029240608215
sur,2012,0.529057919979096
sur,2013,0.515879034996033
sur,2014,0.518172800540924
sur,2015,0.512744426727295
sur,2016,0.388648808002472
sur,2017,0.378203451633453
sur,2018,0.401451200246811
sur,2019,0.385287433862686
sur,2020,0.525124907493591
sur,2021,0.333282709121704
sur,2022,0.350535005331039
sur,2023,0.360390514135361
svk,1990,0.15892605483532
svk,1991,0.139956995844841
svk,1992,0.162031799554825
svk,1993,0.173363864421844
svk,1994,0.194209530949593
svk,1995,0.234579980373383
svk,1996,0.242699712514877
svk,1997,0.237568855285645
svk,1998,0.252132922410965
svk,1999,0.240519508719444
svk,2000,0.229368031024933
svk,2001,0.221212953329086
svk,2002,0.249694749712944
svk,2003,0.344645500183105
svk,2004,0.431215226650238
svk,2005,0.444918096065521
svk,2006,0.478663831949234
svk,2007,0.576271176338196
svk,2008,0.681796789169312
svk,2009,0.631944835186005
svk,2010,0.60962301492691
svk,2011,0.647984623908997
svk,2012,0.616914331912994
svk,2013,0.670060098171234
svk,2014,0.656911432743073
svk,2015,0.549470543861389
svk,2016,0.575139582157135
svk,2017,0.618106365203857
svk,2018,0.692485868930817
svk,2019,0.695865392684937
svk,2020,0.633063971996307
svk,2021,0.689918160438538
svk,2022,0.6748988032341
svk,2023,0.752288937568665
svn,1990,0.430254697799683
svn,1991,0.339948356151581
svn,1992,0.35155388712883
svn,1993,0.330437451601028
svn,1994,0.351587891578674
svn,1995,0.475139200687408
svn,1996,0.46629673242569
svn,1997,0.435846954584122
svn,1998,0.45935133099556
svn,1999,0.455399811267853
svn,2000,0.39422744512558
svn,2001,0.396254897117615
svn,2002,0.432292699813843
svn,2003,0.543849050998688
svn,2004,0.604975819587708
svn,2005,0.616083323955536
svn,2006,0.659380853176117
svn,2007,0.76894348859787
svn,2008,0.837862133979797
svn,2009,0.790439188480377
svn,2010,0.758247256278992
svn,2011,0.781415820121765
svn,2012,0.718993186950684
svn,2013,0.757966816425324
svn,2014,0.77074521780014
svn,2015,0.64846283197403
svn,2016,0.645583510398865
svn,2017,0.682623088359833
svn,2018,0.711193025112152
svn,2019,0.662910103797913
svn,2020,0.665240824222565
svn,2021,0.721439778804779
svn,2022,0.693730711936951
svn,2023,0.774474024772644
swe,1950,0.0900161489844322
swe,1951,0.108011513948441
swe,1952,0.114667899906635
swe,1953,0.113221190869808
swe,1954,0.114590011537075
swe,1955,0.119978971779346
swe,1956,0.126122280955315
swe,1957,0.132381647825241
swe,1958,0.134738892316818
swe,1959,0.135712176561356
swe,1960,0.148554503917694
swe,1961,0.151069298386574
swe,1962,0.154344335198402
swe,1963,0.158556550741196
swe,1964,0.164772137999535
swe,1965,0.174997359514236
swe,1966,0.18578889966011
swe,1967,0.192973166704178
swe,1968,0.196809515357018
swe,1969,0.203340575098991
swe,1970,0.212910503149033
swe,1971,0.228844150900841
swe,1972,0.262107253074646
swe,1973,0.305779874324799
swe,1974,0.33746013045311
swe,1975,0.413610130548477
swe,1976,0.442685157060623
swe,1977,0.479794532060623
swe,1978,0.518096566200256
swe,1979,0.596981346607208
swe,1980,0.694304883480072
swe,1981,0.627112507820129
swe,1982,0.544479250907898
swe,1983,0.487755715847015
swe,1984,0.483917325735092
swe,1985,0.492827743291855
swe,1986,0.617487013339996
swe,1987,0.723805725574493
swe,1988,0.780807316303253
swe,1989,0.792577147483826
swe,1990,0.949261009693146
swe,1991,0.996255218982697
swe,1992,1.03275561332703
swe,1993,0.79809957742691
swe,1994,0.80800211429596
swe,1995,0.890579164028168
swe,1996,0.950060248374939
swe,1997,0.828263700008392
swe,1998,0.785867810249329
swe,1999,0.752755224704742
swe,2000,0.667930245399475
swe,2001,0.623576462268829
swe,2002,0.677528738975525
swe,2003,0.833597958087921
swe,2004,0.917135179042816
swe,2005,0.946468651294708
swe,2006,0.973789095878601
swe,2007,1.06180918216705
swe,2008,1.11827147006989
swe,2009,0.980854213237763
swe,2010,1.06647932529449
swe,2011,1.15309882164001
swe,2012,1.10801529884338
swe,2013,1.18770861625671
swe,2014,1.17895710468292
swe,2015,0.968669295310974
swe,2016,0.966972351074219
swe,2017,0.97326534986496
swe,2018,0.989437401294708
swe,2019,0.888620853424072
swe,2020,0.912924408912659
swe,2021,1.01845896244049
swe,2022,0.925522387027741
swe,2023,0.93155300617218
swz,1970,0.131590455770493
swz,1971,0.155009418725967
swz,1972,0.145388156175613
swz,1973,0.195731803774834
swz,1974,0.228668496012688
swz,1975,0.195435374975204
swz,1976,0.170273095369339
swz,1977,0.18836797773838
swz,1978,0.221104353666306
swz,1979,0.269697517156601
swz,1980,0.34993115067482
swz,1981,0.360108256340027
swz,1982,0.311555057764053
swz,1983,0.313705414533615
swz,1984,0.248305007815361
swz,1985,0.167571023106575
swz,1986,0.173638865351677
swz,1987,0.190454497933388
swz,1988,0.226267397403717
swz,1989,0.216336339712143
swz,1990,0.21293868124485
swz,1991,0.210598766803741
swz,1992,0.220549628138542
swz,1993,0.200069472193718
swz,1994,0.215476363897324
swz,1995,0.220297917723656
swz,1996,0.186155945062637
swz,1997,0.211061045527458
swz,1998,0.197104543447495
swz,1999,0.195232406258583
swz,2000,0.18274487555027
swz,2001,0.166355296969414
swz,2002,0.16790197789669
swz,2003,0.25701379776001
swz,2004,0.32790806889534
swz,2005,0.325495541095734
swz,2006,0.351426690816879
swz,2007,0.355456411838532
swz,2008,0.368145436048508
swz,2009,0.377288371324539
swz,2010,0.418856620788574
swz,2011,0.468694984912872
swz,2012,0.463505327701569
swz,2013,0.440565347671509
swz,2014,0.421982854604721
swz,2015,0.379842400550842
swz,2016,0.35668158531189
swz,2017,0.421928644180298
swz,2018,0.452598303556442
swz,2019,0.42631983757019
swz,2020,0.384090125560761
swz,2021,0.430802285671234
swz,2022,0.415151298046112
swz,2023,0.417479604482651
sxm,2005,0.657302975654602
sxm,2006,0.60208797454834
sxm,2007,0.637870371341705
sxm,2008,0.647463500499725
sxm,2009,0.685453474521637
sxm,2010,0.750226140022278
sxm,2011,0.809654891490936
sxm,2012,1.74707794189453
sxm,2013,2.24615049362183
sxm,2014,1.32768964767456
sxm,2015,3.14125728607178
sxm,2016,1.19322574138641
sxm,2017,0.972311198711395
sxm,2018,0.900746941566467
sxm,2019,0.847902238368988
sxm,2020,0.770751655101776
sxm,2021,0.864884912967682
sxm,2022,0.955663084983826
sxm,2023,0.929300963878632
syc,1960,0.0585941225290298
syc,1961,0.0579980202019215
syc,1962,0.0575619116425514
syc,1963,0.0577209033071995
syc,1964,0.0597139187157154
syc,1965,0.0600467957556248
syc,1966,0.0602009706199169
syc,1967,0.0593746900558472
syc,1968,0.0541974008083344
syc,1969,0.0509632304310799
syc,1970,0.0503604002296925
syc,1971,0.0348861254751682
syc,1972,0.0450811609625816
syc,1973,0.0516897104680538
syc,1974,0.062801331281662
syc,1975,0.0626184195280075
syc,1976,0.054514717310667
syc,1977,0.0786274373531342
syc,1978,0.0834952220320702
syc,1979,0.105096712708473
syc,1980,0.172950372099876
syc,1981,0.197895303368568
syc,1982,0.214801728725433
syc,1983,0.199297219514847
syc,1984,0.191003799438477
syc,1985,0.211511135101318
syc,1986,0.266846239566803
syc,1987,0.261397957801819
syc,1988,0.286737620830536
syc,1989,0.280661553144455
syc,1990,0.341058999300003
syc,1991,0.329549312591553
syc,1992,0.390428245067596
syc,1993,0.369792371988297
syc,1994,0.363763093948364
syc,1995,0.425812810659409
syc,1996,0.407350152730942
syc,1997,0.410645127296448
syc,1998,0.454882174730301
syc,1999,0.439140349626541
syc,2000,0.409769058227539
syc,2001,0.451783955097199
syc,2002,0.482126891613007
syc,2003,0.482486873865128
syc,2004,0.58012980222702
syc,2005,0.511349201202393
syc,2006,0.49354162812233
syc,2007,0.420106083154678
syc,2008,0.624468505382538
syc,2009,0.445058256387711
syc,2010,0.488321036100388
syc,2011,0.445474177598953
syc,2012,0.43526303768158
syc,2013,0.571427583694458
syc,2014,0.535965621471405
syc,2015,0.544455409049988
syc,2016,0.569266319274902
syc,2017,0.579394221305847
syc,2018,0.56547075510025
syc,2019,0.568880677223206
syc,2020,0.469592541456223
syc,2021,0.657441377639771
syc,2022,0.860105454921722
syc,2023,0.762324333190918
syr,1960,0.071167953312397
syr,1961,0.074774257838726
syr,1962,0.0694676786661148
syr,1963,0.0848490223288536
syr,1964,0.0755749195814133
syr,1965,0.0759497880935669
syr,1966,0.0834939256310463
syr,1967,0.081289753317833
syr,1968,0.0838602185249329
syr,1969,0.081407442688942
syr,1970,0.0794987678527832
syr,1971,0.0844228863716126
syr,1972,0.0778391882777214
syr,1973,0.0914648175239563
syr,1974,0.118876487016678
syr,1975,0.130154356360435
syr,1976,0.179113790392876
syr,1977,0.267367362976074
syr,1978,0.332865357398987
syr,1979,0.450793623924255
syr,1980,0.617855310440064
syr,1981,0.807967841625214
syr,1982,0.819347143173218
syr,1983,0.935629606246948
syr,1984,1.07870590686798
syr,1985,0.484661966562271
syr,1986,0.500404477119446
syr,1987,0.551887571811676
syr,1988,0.615139663219452
syr,1989,0.555391490459442
syr,1990,0.611412703990936
syr,1991,0.799761712551117
syr,1992,0.857342779636383
syr,1993,1.00024127960205
syr,1994,0.841409087181091
syr,1995,0.854429006576538
syr,1996,0.947528004646301
syr,1997,0.874918282032013
syr,1998,0.840921700000763
syr,1999,0.783428072929382
syr,2000,0.691671550273895
syr,2001,0.644394159317017
syr,2002,0.530828297138214
syr,2003,0.413739025592804
syr,2004,0.34697151184082
syr,2005,0.251862168312073
syr,2006,0.322009116411209
syr,2007,0.370088845491409
syr,2008,0.455977708101273
syr,2009,0.447538673877716
syr,2010,0.434962958097458
syr,2011,0.456652730703354
syr,2012,0.407811015844345
syr,2013,0.322269797325134
syr,2014,0.295308798551559
syr,2015,0.262788057327271
syr,2016,0.15217013657093
syr,2017,0.239093944430351
syr,2018,0.37353590130806
syr,2019,0.291955828666687
syr,2020,0.239126726984978
syr,2021,0.181780114769936
syr,2022,0.211583226919174
syr,2023,0.172933399677277
tca,1970,0.483466148376465
tca,1971,0.489229738712311
tca,1972,0.493939697742462
tca,1973,0.509604692459106
tca,1974,0.545518159866333
tca,1975,0.551170706748962
tca,1976,0.559502482414246
tca,1977,0.569449841976166
tca,1978,0.58007949590683
tca,1979,0.602462470531464
tca,1980,0.630779564380646
tca,1981,0.639413893222809
tca,1982,0.639772236347199
tca,1983,0.643655240535736
tca,1984,0.653861820697784
tca,1985,0.694166958332062
tca,1986,0.693088471889496
tca,1987,0.680407404899597
tca,1988,0.677279889583588
tca,1989,0.66743266582489
tca,1990,0.687244415283203
tca,1991,0.692468702793121
tca,1992,0.762072622776032
tca,1993,0.779509603977203
tca,1994,0.785772621631622
tca,1995,0.792445242404938
tca,1996,0.978301227092743
tca,1997,1.42261362075806
tca,1998,1.67359483242035
tca,1999,1.56056427955627
tca,2000,1.6516033411026
tca,2001,2.04011631011963
tca,2002,1.64181327819824
tca,2003,23.6575202941895
tca,2004,1.49955666065216
tca,2005,1.87481307983398
tca,2006,2.83034515380859
tca,2007,2.57673215866089
tca,2008,1.76861548423767
tca,2009,1.70167827606201
tca,2010,2.53238654136658
tca,2011,2.52448177337647
tca,2012,2.23940181732178
tca,2013,2.15523838996887
tca,2014,3.60487341880798
tca,2015,2.47897386550903
tca,2016,2.6331901550293
tca,2017,1.68317079544067
tca,2018,1.61685836315155
tca,2019,1.61083006858826
tca,2020,1.55012190341949
tca,2021,1.82456803321838
tca,2022,2.30019640922546
tca,2023,2.31378889083862
tcd,1960,0.0341718047857285
tcd,1961,0.0344391278922558
tcd,1962,0.0329826921224594
tcd,1963,0.0367966666817665
tcd,1964,0.0385730341076851
tcd,1965,0.0404652915894985
tcd,1966,0.042375024408102
tcd,1967,0.0435748510062695
tcd,1968,0.0441015362739563
tcd,1969,0.043002400547266
tcd,1970,0.0393412597477436
tcd,1971,0.0412827134132385
tcd,1972,0.0465167425572872
tcd,1973,0.0549854077398777
tcd,1974,0.0585521422326565
tcd,1975,0.0802579298615456
tcd,1976,0.0818671062588692
tcd,1977,0.0836137905716896
tcd,1978,0.0931054428219795
tcd,1979,0.139211565256119
tcd,1980,0.153714835643768
tcd,1981,0.19941608607769
tcd,1982,0.171655580401421
tcd,1983,0.135974809527397
tcd,1984,0.132779583334923
tcd,1985,0.119259238243103
tcd,1986,0.144661828875542
tcd,1987,0.162162557244301
tcd,1988,0.173754408955574
tcd,1989,0.155744016170502
tcd,1990,0.184005707502365
tcd,1991,0.173577070236206
tcd,1992,0.178246855735779
tcd,1993,0.157248795032501
tcd,1994,0.124493941664696
tcd,1995,0.143246322870255
tcd,1996,0.170025184750557
tcd,1997,0.14772355556488
tcd,1998,0.168654263019562
tcd,1999,0.141139194369316
tcd,2000,0.132918700575829
tcd,2001,0.149304807186127
tcd,2002,0.230447471141815
tcd,2003,0.265478283166885
tcd,2004,0.293984770774841
tcd,2005,0.310457855463028
tcd,2006,0.348891288042069
tcd,2007,0.36914074420929
tcd,2008,0.438689470291138
tcd,2009,0.428810119628906
tcd,2010,0.387070834636688
tcd,2011,0.468820571899414
tcd,2012,0.471398681402206
tcd,2013,0.531025648117065
tcd,2014,0.530181646347046
tcd,2015,0.375279158353806
tcd,2016,0.37176451086998
tcd,2017,0.377125114202499
tcd,2018,0.406300693750381
tcd,2019,0.374439716339111
tcd,2020,0.382906049489975
tcd,2021,0.408425778150558
tcd,2022,0.38530308008194
tcd,2023,0.423709064722061
tgo,1960,0.0837129503488541
tgo,1961,0.0768499001860619
tgo,1962,0.0794739574193955
tgo,1963,0.0836795568466187
tgo,1964,0.079712875187397
tgo,1965,0.0784328803420067
tgo,1966,0.0799828991293907
tgo,1967,0.0818741172552109
tgo,1968,0.0816250592470169
tgo,1969,0.0793247148394585
tgo,1970,0.0711154490709305
tgo,1971,0.0754890069365501
tgo,1972,0.0842536240816116
tgo,1973,0.100503772497177
tgo,1974,0.1226871535182
tgo,1975,0.138752222061157
tgo,1976,0.129596963524818
tgo,1977,0.131687015295029
tgo,1978,0.144039705395699
tgo,1979,0.163496389985085
tgo,1980,0.196389958262444
tgo,1981,0.181346729397774
tgo,1982,0.158590212464333
tgo,1983,0.154121890664101
tgo,1984,0.150655686855316
tgo,1985,0.153105333447456
tgo,1986,0.208537042140961
tgo,1987,0.247287154197693
tgo,1988,0.260161906480789
tgo,1989,0.254219591617584
tgo,1990,0.274773120880127
tgo,1991,0.291119933128357
tgo,1992,0.304148882627487
tgo,1993,0.27884379029274
tgo,1994,0.194823980331421
tgo,1995,0.25215271115303
tgo,1996,0.231235444545746
tgo,1997,0.215540543198586
tgo,1998,0.234493866562843
tgo,1999,0.212642759084702
tgo,2000,0.193609416484833
tgo,2001,0.19195768237114
tgo,2002,0.210804909467697
tgo,2003,0.254364311695099
tgo,2004,0.275078117847443
tgo,2005,0.287098079919815
tgo,2006,0.204430565237999
tgo,2007,0.32675713300705
tgo,2008,0.393751084804535
tgo,2009,0.383699417114258
tgo,2010,0.368852198123932
tgo,2011,0.403479099273682
tgo,2012,0.372399747371674
tgo,2013,0.404795616865158
tgo,2014,0.406374245882034
tgo,2015,0.338941365480423
tgo,2016,0.342114686965942
tgo,2017,0.349245965480804
tgo,2018,0.368554919958115
tgo,2019,0.338893175125122
tgo,2020,0.341328352689743
tgo,2021,0.364041239023209
tgo,2022,0.339113920927048
tgo,2023,0.360687851905823
tha,1950,0.0444788038730621
tha,1951,0.0518531687557697
tha,1952,0.0642422214150429
tha,1953,0.074294924736023
tha,1954,0.0628677159547806
tha,1955,0.0685689672827721
tha,1956,0.0751632675528526
tha,1957,0.0777591168880463
tha,1958,0.0772749856114388
tha,1959,0.0740539357066155
tha,1960,0.0747382193803787
tha,1961,0.0771657079458237
tha,1962,0.0788417980074883
tha,1963,0.078877404332161
tha,1964,0.0800339803099632
tha,1965,0.0808497220277786
tha,1966,0.0828278288245201
tha,1967,0.0858936235308647
tha,1968,0.0861605852842331
tha,1969,0.085758812725544
tha,1970,0.0727789625525475
tha,1971,0.0720243528485298
tha,1972,0.0764428153634071
tha,1973,0.0929755344986916
tha,1974,0.114363938570023
tha,1975,0.117847353219986
tha,1976,0.123679012060165
tha,1977,0.129787519574165
tha,1978,0.143445074558258
tha,1979,0.15503665804863
tha,1980,0.174260973930359
tha,1981,0.177126452326775
tha,1982,0.178626596927643
tha,1983,0.185157001018524
tha,1984,0.183369159698486
tha,1985,0.164433926343918
tha,1986,0.178932368755341
tha,1987,0.193292587995529
tha,1988,0.211323395371437
tha,1989,0.225782141089439
tha,1990,0.244020074605942
tha,1991,0.260587483644486
tha,1992,0.270966559648514
tha,1993,0.279694318771362
tha,1994,0.292246401309967
tha,1995,0.300453722476959
tha,1996,0.298355460166931
tha,1997,0.264219671487808
tha,1998,0.233868613839149
tha,1999,0.251384824514389
tha,2000,0.240918755531311
tha,2001,0.220463171601295
tha,2002,0.226629003882408
tha,2003,0.239513382315636
tha,2004,0.252063781023026
tha,2005,0.251758128404617
tha,2006,0.276935040950775
tha,2007,0.307630479335785
tha,2008,0.320882230997086
tha,2009,0.310424149036407
tha,2010,0.335735559463501
tha,2011,0.346119403839111
tha,2012,0.332674205303192
tha,2013,0.347820699214935
tha,2014,0.344750553369522
tha,2015,0.332066744565964
tha,2016,0.329129129648209
tha,2017,0.344016969203949
tha,2018,0.364529669284821
tha,2019,0.377025067806244
tha,2020,0.362275034189224
tha,2021,0.349976688623428
tha,2022,0.331106036901474
tha,2023,0.312533795833588
tjk,1990,0.0742527171969414
tjk,1991,0.071247935295105
tjk,1992,0.100436635315418
tjk,1993,0.0613161697983742
tjk,1994,0.0854971185326576
tjk,1995,0.0651130825281143
tjk,1996,0.102949753403664
tjk,1997,0.059204488992691
tjk,1998,0.0990496426820755
tjk,1999,0.0954620838165283
tjk,2000,0.0782895609736443
tjk,2001,0.0885020643472672
tjk,2002,0.0881046652793884
tjk,2003,0.102456450462341
tjk,2004,0.123242758214474
tjk,2005,0.123725958168507
tjk,2006,0.136472225189209
tjk,2007,0.16194774210453
tjk,2008,0.220101296901703
tjk,2009,0.212080448865891
tjk,2010,0.221277877688408
tjk,2011,0.21724271774292
tjk,2012,0.233333975076675
tjk,2013,0.273613631725311
tjk,2014,0.265488713979721
tjk,2015,0.281344592571259
tjk,2016,0.232290372252464
tjk,2017,0.225742131471634
tjk,2018,0.225167885422707
tjk,2019,0.204394832253456
tjk,2020,0.19758465886116
tjk,2021,0.19996240735054
tjk,2022,0.216053247451782
tjk,2023,0.240431472659111
tkm,1990,0.071285106241703
tkm,1991,0.0743678063154221
tkm,1992,0.0753202140331268
tkm,1993,0.0697788149118424
tkm,1994,0.0835843458771706
tkm,1995,0.0897738561034203
tkm,1996,0.0894019305706024
tkm,1997,0.0947717577219009
tkm,1998,0.0928562805056572
tkm,1999,0.117812976241112
tkm,2000,0.13674807548523
tkm,2001,0.195658460259438
tkm,2002,0.238194510340691
tkm,2003,0.288280248641968
tkm,2004,0.292378425598145
tkm,2005,0.280850648880005
tkm,2006,0.2986259162426
tkm,2007,0.31688666343689
tkm,2008,0.35166272521019
tkm,2009,0.217214852571487
tkm,2010,0.217180609703064
tkm,2011,0.279473036527634
tkm,2012,0.329566806554794
tkm,2013,0.362909734249115
tkm,2014,0.393670529127121
tkm,2015,0.318935692310333
tkm,2016,0.320569902658463
tkm,2017,0.313008308410645
tkm,2018,0.312294960021973
tkm,2019,0.329342156648636
tkm,2020,0.317171812057495
tkm,2021,0.312356740236282
tkm,2022,0.327711194753647
tkm,2023,0.333793014287949
tto,1950,0.0352812223136425
tto,1951,0.0413664430379868
tto,1952,0.0432395748794079
tto,1953,0.0477426834404469
tto,1954,0.0479535944759846
tto,1955,0.0509814321994782
tto,1956,0.0545099079608917
tto,1957,0.0586408227682114
tto,1958,0.0582736991345882
tto,1959,0.0594848729670048
tto,1960,0.0580701157450676
tto,1961,0.0552543997764587
tto,1962,0.0602538585662842
tto,1963,0.0600878447294235
tto,1964,0.0584887266159058
tto,1965,0.0619176141917706
tto,1966,0.0593399778008461
tto,1967,0.0597154833376408
tto,1968,0.0555210486054421
tto,1969,0.0535251758992672
tto,1970,0.0569212436676025
tto,1971,0.0644171610474587
tto,1972,0.0676255375146866
tto,1973,0.0800144746899605
tto,1974,0.116548031568527
tto,1975,0.138840660452843
tto,1976,0.127783894538879
tto,1977,0.155325949192047
tto,1978,0.154792681336403
tto,1979,0.189074516296387
tto,1980,0.241125732660294
tto,1981,0.259982585906982
tto,1982,0.290792793035507
tto,1983,0.308914422988892
tto,1984,0.333169609308243
tto,1985,0.323834180831909
tto,1986,0.237243622541428
tto,1987,0.265793174505234
tto,1988,0.268335402011871
tto,1989,0.278463810682297
tto,1990,0.317990958690643
tto,1991,0.363004565238953
tto,1992,0.345563948154449
tto,1993,0.324679493904114
tto,1994,0.35369074344635
tto,1995,0.383337557315826
tto,1996,0.426924914121628
tto,1997,0.415818601846695
tto,1998,0.433749258518219
tto,1999,0.406393319368362
tto,2000,0.393811196088791
tto,2001,0.466818541288376
tto,2002,0.444813758134842
tto,2003,0.430757433176041
tto,2004,0.454847157001495
tto,2005,0.465557277202606
tto,2006,0.452085554599762
tto,2007,0.496453195810318
tto,2008,0.557069003582001
tto,2009,0.489054650068283
tto,2010,0.516638278961182
tto,2011,0.511200726032257
tto,2012,0.524970531463623
tto,2013,0.571140646934509
tto,2014,0.591714441776276
tto,2015,0.57055127620697
tto,2016,0.561309039592743
tto,2017,0.565933704376221
tto,2018,0.578617513179779
tto,2019,0.563563168048859
tto,2020,0.551011741161346
tto,2021,0.570757925510407
tto,2022,0.65317690372467
tto,2023,0.606112122535706
tun,1960,0.114471241831779
tun,1961,0.121581636369228
tun,1962,0.121788568794727
tun,1963,0.129241421818733
tun,1964,0.12516875565052
tun,1965,0.116003200411797
tun,1966,0.115910261869431
tun,1967,0.119674861431122
tun,1968,0.119467794895172
tun,1969,0.124228581786156
tun,1970,0.103802621364594
tun,1971,0.111191362142563
tun,1972,0.125910431146622
tun,1973,0.152276873588562
tun,1974,0.179420590400696
tun,1975,0.204018741846085
tun,1976,0.199072659015656
tun,1977,0.216273352503777
tun,1978,0.236841842532158
tun,1979,0.266680955886841
tun,1980,0.29540166258812
tun,1981,0.268703013658524
tun,1982,0.251404672861099
tun,1983,0.233591169118881
tun,1984,0.21826334297657
tun,1985,0.216092020273209
tun,1986,0.229335561394691
tun,1987,0.229125663638115
tun,1988,0.227175056934357
tun,1989,0.216926619410515
tun,1990,0.246278628706932
tun,1991,0.248681709170342
tun,1992,0.265232980251312
tun,1993,0.233127981424332
tun,1994,0.227624371647835
tun,1995,0.241510838270187
tun,1996,0.229993417859077
tun,1997,0.220190227031708
tun,1998,0.233384057879448
tun,1999,0.246311649680138
tun,2000,0.224445998668671
tun,2001,0.226238384842873
tun,2002,0.238238796591759
tun,2003,0.280217111110687
tun,2004,0.312161803245544
tun,2005,0.304683536291122
tun,2006,0.309734642505646
tun,2007,0.327639818191528
tun,2008,0.36113566160202
tun,2009,0.331239402294159
tun,2010,0.317810982465744
tun,2011,0.336267292499542
tun,2012,0.32468718290329
tun,2013,0.346591502428055
tun,2014,0.353142470121384
tun,2015,0.323750555515289
tun,2016,0.306279361248016
tun,2017,0.285618960857391
tun,2018,0.271753251552582
tun,2019,0.256548672914505
tun,2020,0.279212951660156
tun,2021,0.306827992200851
tun,2022,0.288211792707443
tun,2023,0.328909605741501
tur,1950,0.0617193467915058
tur,1951,0.0608308576047421
tur,1952,0.0628287270665169
tur,1953,0.0646392703056335
tur,1954,0.071709468960762
tur,1955,0.0785113275051117
tur,1956,0.0901529714465141
tur,1957,0.0994701907038689
tur,1958,0.10765091329813
tur,1959,0.137752503156662
tur,1960,0.0858030393719673
tur,1961,0.0483749322593212
tur,1962,0.0527670383453369
tur,1963,0.0556767843663693
tur,1964,0.0577159412205219
tur,1965,0.0603183284401894
tur,1966,0.0621366873383522
tur,1967,0.0673191919922829
tur,1968,0.0695965513586998
tur,1969,0.0737671107053757
tur,1970,0.0911910533905029
tur,1971,0.0833447128534317
tur,1972,0.0963700711727142
tur,1973,0.116181112825871
tur,1974,0.140462607145309
tur,1975,0.162781164050102
tur,1976,0.168609142303467
tur,1977,0.194938346743584
tur,1978,0.222284689545631
tur,1979,0.308829188346863
tur,1980,0.232792735099792
tur,1981,0.214797139167786
tur,1982,0.196573033928871
tur,1983,0.179332509636879
tur,1984,0.164870291948318
tur,1985,0.174727320671082
tur,1986,0.18455882370472
tur,1987,0.191510587930679
tur,1988,0.197919934988022
tur,1989,0.233834266662598
tur,1990,0.305444061756134
tur,1991,0.319477587938309
tur,1992,0.320672363042831
tur,1993,0.330386966466904
tur,1994,0.261737614870071
tur,1995,0.306166052818298
tur,1996,0.29877382516861
tur,1997,0.300285816192627
tur,1998,0.321105748414993
tur,1999,0.314779192209244
tur,2000,0.302574723958969
tur,2001,0.23057658970356
tur,2002,0.277087032794952
tur,2003,0.375854641199112
tur,2004,0.428844541311264
tur,2005,0.474444895982742
tur,2006,0.466663599014282
tur,2007,0.524629354476929
tur,2008,0.560903608798981
tur,2009,0.478125303983688
tur,2010,0.51014119386673
tur,2011,0.476465225219727
tur,2012,0.476020395755768
tur,2013,0.490658909082413
tur,2014,0.452826648950577
tur,2015,0.392665177583694
tur,2016,0.389175146818161
tur,2017,0.362335562705994
tur,2018,0.326972156763077
tur,2019,0.320401191711426
tur,2020,0.29974552989006
tur,2021,0.313161879777908
tur,2022,0.30930033326149
tur,2023,0.358828514814377
twn,1951,0.0931330174207687
twn,1952,0.111733637750149
twn,1953,0.0882176086306572
twn,1954,0.0885864347219467
twn,1955,0.0981595441699028
twn,1956,0.0656961277127266
twn,1957,0.0708285421133041
twn,1958,0.0733661651611328
twn,1959,0.0528874211013317
twn,1960,0.0603529177606106
twn,1961,0.0560928732156754
twn,1962,0.0569997169077396
twn,1963,0.0586927607655525
twn,1964,0.0607079900801182
twn,1965,0.0588593520224094
twn,1966,0.0605303533375263
twn,1967,0.0614466108381748
twn,1968,0.0641384720802307
twn,1969,0.0674758404493332
twn,1970,0.0680811107158661
twn,1971,0.0694144889712334
twn,1972,0.0728052258491516
twn,1973,0.0863069668412209
twn,1974,0.110634967684746
twn,1975,0.117734052240849
twn,1976,0.12239982187748
twn,1977,0.132459864020348
twn,1978,0.142284691333771
twn,1979,0.160186842083931
twn,1980,0.186884835362434
twn,1981,0.204779028892517
twn,1982,0.200144052505493
twn,1983,0.203737571835518
twn,1984,0.211624130606651
twn,1985,0.216025546193123
twn,1986,0.239593654870987
twn,1987,0.282026737928391
twn,1988,0.31467142701149
twn,1989,0.346068352460861
twn,1990,0.35118106007576
twn,1991,0.368634581565857
twn,1992,0.406197071075439
twn,1993,0.407461225986481
twn,1994,0.424288779497147
twn,1995,0.442233502864838
twn,1996,0.438240349292755
twn,1997,0.4216588139534
twn,1998,0.364630162715912
twn,1999,0.378644049167633
twn,2000,0.387004971504211
twn,2001,0.359696567058563
twn,2002,0.356859862804413
twn,2003,0.358211904764175
twn,2004,0.372316122055054
twn,2005,0.379385620355606
twn,2006,0.380890965461731
twn,2007,0.3889220058918
twn,2008,0.417641639709473
twn,2009,0.400128275156021
twn,2010,0.421429306268692
twn,2011,0.448594450950623
twn,2012,0.450169801712036
twn,2013,0.469233453273773
twn,2014,0.47236767411232
twn,2015,0.465005666017532
twn,2016,0.466963618993759
twn,2017,0.497088521718979
twn,2018,0.512692451477051
twn,2019,0.489628314971924
twn,2020,0.514580488204956
twn,2021,0.557514309883118
twn,2022,0.529145240783691
twn,2023,0.52128928899765
tza,1960,0.0804128348827362
tza,1961,0.0819188430905342
tza,1962,0.0814100578427315
tza,1963,0.0816632583737373
tza,1964,0.0865864604711533
tza,1965,0.0873356759548187
tza,1966,0.091917522251606
tza,1967,0.0901607275009155
tza,1968,0.0901994481682777
tza,1969,0.0899871364235878
tza,1970,0.0895800590515137
tza,1971,0.090666875243187
tza,1972,0.0968345031142235
tza,1973,0.107688993215561
tza,1974,0.125929519534111
tza,1975,0.133474171161652
tza,1976,0.131904348731041
tza,1977,0.162175625562668
tza,1978,0.189678713679314
tza,1979,0.198410242795944
tza,1980,0.243267446756363
tza,1981,0.314066410064697
tza,1982,0.326918035745621
tza,1983,0.312304764986038
tza,1984,0.270819455385208
tza,1985,0.2595634162426
tza,1986,0.268693536520004
tza,1987,0.228113487362862
tza,1988,0.203068912029266
tza,1989,0.225458040833473
tza,1990,0.214805468916893
tza,1991,0.239012837409973
tza,1992,0.224006280303001
tza,1993,0.21509176492691
tza,1994,0.225090324878693
tza,1995,0.242202147841454
tza,1996,0.281841576099396
tza,1997,0.30107593536377
tza,1998,0.306189924478531
tza,1999,0.29403680562973
tza,2000,0.289710760116577
tza,2001,0.271580010652542
tza,2002,0.256544351577759
tza,2003,0.258342534303665
tza,2004,0.266899287700653
tza,2005,0.257613599300385
tza,2006,0.256012111902237
tza,2007,0.269614100456238
tza,2008,0.312674969434738
tza,2009,0.304710477590561
tza,2010,0.293834537267685
tza,2011,0.270582497119904
tza,2012,0.329735189676285
tza,2013,0.373125165700913
tza,2014,0.396633118391037
tza,2015,0.34413805603981
tza,2016,0.354788929224014
tza,2017,0.378287643194199
tza,2018,0.354044675827026
tza,2019,0.344754248857498
tza,2020,0.344144195318222
tza,2021,0.338369756937027
tza,2022,0.337100386619568
tza,2023,0.340579748153687
uga,1950,0.0401873365044594
uga,1951,0.0429963320493698
uga,1952,0.0509489513933659
uga,1953,0.0548751279711723
uga,1954,0.0573114193975925
uga,1955,0.0614583417773247
uga,1956,0.0613516233861446
uga,1957,0.0550550483167172
uga,1958,0.056576780974865
uga,1959,0.0539956092834473
uga,1960,0.0555501580238342
uga,1961,0.0554478392004967
uga,1962,0.055311668664217
uga,1963,0.0641019344329834
uga,1964,0.0686205700039864
uga,1965,0.0726945176720619
uga,1966,0.0714346319437027
uga,1967,0.0774871930480003
uga,1968,0.0785643830895424
uga,1969,0.0817627236247063
uga,1970,0.124268136918545
uga,1971,0.138745471835136
uga,1972,0.136983379721642
uga,1973,0.155264794826508
uga,1974,0.196160361170769
uga,1975,0.212067037820816
uga,1976,0.213337540626526
uga,1977,0.220867916941643
uga,1978,0.230759754776955
uga,1979,0.257127851247788
uga,1980,0.285690516233444
uga,1981,0.308023393154144
uga,1982,0.312439978122711
uga,1983,0.316201508045197
uga,1984,0.320528417825699
uga,1985,0.337980449199677
uga,1986,0.381135821342468
uga,1987,0.400319010019302
uga,1988,0.431548684835434
uga,1989,0.369873732328415
uga,1990,0.251455813646317
uga,1991,0.199599981307983
uga,1992,0.206231087446213
uga,1993,0.20317554473877
uga,1994,0.238899201154709
uga,1995,0.27582111954689
uga,1996,0.278520286083221
uga,1997,0.286047130823135
uga,1998,0.251641988754272
uga,1999,0.226513847708702
uga,2000,0.204457834362984
uga,2001,0.199111789464951
uga,2002,0.197316855192184
uga,2003,0.197605952620506
uga,2004,0.22294157743454
uga,2005,0.237651273608208
uga,2006,0.236674353480339
uga,2007,0.264560043811798
uga,2008,0.286835491657257
uga,2009,0.353421896696091
uga,2010,0.342208415269852
uga,2011,0.281901150941849
uga,2012,0.33289635181427
uga,2013,0.347952336072922
uga,2014,0.364399135112762
uga,2015,0.303691387176514
uga,2016,0.312062799930573
uga,2017,0.314857929944992
uga,2018,0.311616986989975
uga,2019,0.318584501743317
uga,2020,0.316178530454636
uga,2021,0.339104562997818
uga,2022,0.342543482780457
uga,2023,0.349916160106659
ukr,1990,0.147211700677872
ukr,1991,0.150456011295319
ukr,1992,0.149325251579285
ukr,1993,0.164231494069099
ukr,1994,0.15908482670784
ukr,1995,0.163816183805466
ukr,1996,0.157929480075836
ukr,1997,0.193743944168091
ukr,1998,0.168502748012543
ukr,1999,0.130194246768951
ukr,2000,0.128692746162415
ukr,2001,0.146804064512253
ukr,2002,0.156177222728729
ukr,2003,0.165558308362961
ukr,2004,0.1945661008358
ukr,2005,0.222084626555443
ukr,2006,0.250462800264359
ukr,2007,0.293494760990143
ukr,2008,0.345712721347809
ukr,2009,0.263965904712677
ukr,2010,0.285950183868408
ukr,2011,0.30793109536171
ukr,2012,0.321197390556335
ukr,2013,0.31169867515564
ukr,2014,0.248625874519348
ukr,2015,0.175858378410339
ukr,2016,0.168006643652916
ukr,2017,0.196948528289795
ukr,2018,0.221679672598839
ukr,2019,0.242294996976852
ukr,2020,0.239206224679947
ukr,2021,0.281877160072327
ukr,2022,0.282738208770752
ukr,2023,0.289048254489899
ury,1950,0.130691826343536
ury,1951,0.156716585159302
ury,1952,0.159472048282623
ury,1953,0.151774987578392
ury,1954,0.15059868991375
ury,1955,0.119600549340248
ury,1956,0.112182252109051
ury,1957,0.143089920282364
ury,1958,0.0738860219717026
ury,1959,0.0810223519802094
ury,1960,0.127541854977608
ury,1961,0.162250995635986
ury,1962,0.158457025885582
ury,1963,0.13897730410099
ury,1964,0.158850938081741
ury,1965,0.144670724868774
ury,1966,0.142827659845352
ury,1967,0.137011766433716
ury,1968,0.117774538695812
ury,1969,0.143402680754662
ury,1970,0.0979187861084938
ury,1971,0.117085464298725
ury,1972,0.0970258712768555
ury,1973,0.121955685317516
ury,1974,0.154616415500641
ury,1975,0.141413673758507
ury,1976,0.146825566887856
ury,1977,0.166131436824799
ury,1978,0.189727857708931
ury,1979,0.24985246360302
ury,1980,0.32452392578125
ury,1981,0.357526749372482
ury,1982,0.324589461088181
ury,1983,0.209696501493454
ury,1984,0.200586333870888
ury,1985,0.196642220020294
ury,1986,0.215578556060791
ury,1987,0.243417724967003
ury,1988,0.252847224473953
ury,1989,0.257508516311646
ury,1990,0.279552459716797
ury,1991,0.318744242191315
ury,1992,0.362381905317307
ury,1993,0.407770395278931
ury,1994,0.438089221715927
ury,1995,0.488210469484329
ury,1996,0.491990655660629
ury,1997,0.514553546905518
ury,1998,0.534506261348724
ury,1999,0.532915771007538
ury,2000,0.532535254955292
ury,2001,0.51074230670929
ury,2002,0.360259979963303
ury,2003,0.32288184762001
ury,2004,0.35581848025322
ury,2005,0.427052795886993
ury,2006,0.454650968313217
ury,2007,0.492866635322571
ury,2008,0.571475684642792
ury,2009,0.554551362991333
ury,2010,0.616927683353424
ury,2011,0.671223104000092
ury,2012,0.708449959754944
ury,2013,0.790835499763489
ury,2014,0.754559516906738
ury,2015,0.700800895690918
ury,2016,0.691794574260712
ury,2017,0.77075868844986
ury,2018,0.778779864311218
ury,2019,0.703725814819336
ury,2020,0.611449360847473
ury,2021,0.684810042381287
ury,2022,0.767389297485352
ury,2023,0.856051802635193
usa,1950,0.109723322093487
usa,1951,0.117463357746601
usa,1952,0.119584120810032
usa,1953,0.120984464883804
usa,1954,0.12217190861702
usa,1955,0.124234244227409
usa,1956,0.12852455675602
usa,1957,0.132752358913422
usa,1958,0.135726630687714
usa,1959,0.137615710496902
usa,1960,0.139509379863739
usa,1961,0.141076028347015
usa,1962,0.142801016569138
usa,1963,0.144441649317741
usa,1964,0.146609678864479
usa,1965,0.149307370185852
usa,1966,0.153477802872658
usa,1967,0.157970800995827
usa,1968,0.164676040410995
usa,1969,0.172778725624084
usa,1970,0.18187452852726
usa,1971,0.191120907664299
usa,1972,0.199374437332153
usa,1973,0.210241839289665
usa,1974,0.229156956076622
usa,1975,0.250352472066879
usa,1976,0.26414167881012
usa,1977,0.280507564544678
usa,1978,0.300248503684998
usa,1979,0.32518208026886
usa,1980,0.354712694883347
usa,1981,0.388473451137543
usa,1982,0.412915945053101
usa,1983,0.429381191730499
usa,1984,0.445177644491196
usa,1985,0.459332376718521
usa,1986,0.468818813562393
usa,1987,0.480560392141342
usa,1988,0.497797429561615
usa,1989,0.517623901367188
usa,1990,0.537434816360474
usa,1991,0.555877029895783
usa,1992,0.568770587444305
usa,1993,0.582291185855866
usa,1994,0.594750583171845
usa,1995,0.607231497764587
usa,1996,0.618347525596619
usa,1997,0.628966808319092
usa,1998,0.636074423789978
usa,1999,0.645096898078919
usa,2000,0.659746885299683
usa,2001,0.674700200557709
usa,2002,0.685335755348206
usa,2003,0.698937118053436
usa,2004,0.717703104019165
usa,2005,0.74016547203064
usa,2006,0.763067364692688
usa,2007,0.783745348453522
usa,2008,0.798941612243652
usa,2009,0.803899586200714
usa,2010,0.813644826412201
usa,2011,0.830410897731781
usa,2012,0.845803916454315
usa,2013,0.860211610794067
usa,2014,0.875229477882385
usa,2015,0.883395314216614
usa,2016,0.891791105270386
usa,2017,0.907761454582214
usa,2018,0.928557574748993
usa,2019,0.943889677524567
usa,2020,0.95643675327301
usa,2021,1.0
usa,2022,1.07136905193329
usa,2023,1.10974371433258
uzb,1990,0.151475086808205
uzb,1991,0.161546945571899
uzb,1992,0.180411145091057
uzb,1993,0.149937197566032
uzb,1994,0.168374538421631
uzb,1995,0.174943655729294
uzb,1996,0.16811329126358
uzb,1997,0.199736133217812
uzb,1998,0.201282411813736
uzb,1999,0.221397638320923
uzb,2000,0.185254648327827
uzb,2001,0.116778425872326
uzb,2002,0.117404997348785
uzb,2003,0.115236297249794
uzb,2004,0.130414873361588
uzb,2005,0.14630414545536
uzb,2006,0.171800851821899
uzb,2007,0.197717383503914
uzb,2008,0.256474852561951
uzb,2009,0.268160730600357
uzb,2010,0.315436899662018
uzb,2011,0.342383980751038
uzb,2012,0.363599210977554
uzb,2013,0.372290819883347
uzb,2014,0.38672199845314
uzb,2015,0.383877605199814
uzb,2016,0.374887228012085
uzb,2017,0.253439605236053
uzb,2018,0.194810181856155
uzb,2019,0.217115730047226
uzb,2020,0.217403754591942
uzb,2021,0.229178577661514
uzb,2022,0.243900999426842
uzb,2023,0.26144140958786
vct,1970,0.0585603974759579
vct,1971,0.0616411752998829
vct,1972,0.0673772394657135
vct,1973,0.0827825888991356
vct,1974,0.103287473320961
vct,1975,0.115574963390827
vct,1976,0.0954873263835907
vct,1977,0.111473359167576
vct,1978,0.125923648476601
vct,1979,0.142290085554123
vct,1980,0.161788135766983
vct,1981,0.185448467731476
vct,1982,0.201372072100639
vct,1983,0.212784662842751
vct,1984,0.222432509064674
vct,1985,0.251503586769104
vct,1986,0.262320667505264
vct,1987,0.276853501796722
vct,1988,0.286882966756821
vct,1989,0.311237037181854
vct,1990,0.360020607709885
vct,1991,0.331004858016968
vct,1992,0.325358778238297
vct,1993,0.355793505907059
vct,1994,0.371295034885407
vct,1995,0.382694274187088
vct,1996,0.397985190153122
vct,1997,0.422720074653626
vct,1998,0.486897319555283
vct,1999,0.517277717590332
vct,2000,0.413865745067596
vct,2001,0.550762534141541
vct,2002,0.567546606063843
vct,2003,0.567656993865967
vct,2004,0.601341605186462
vct,2005,0.588820695877075
vct,2006,0.586725294589996
vct,2007,0.654560208320618
vct,2008,0.608461678028107
vct,2009,0.572413921356201
vct,2010,0.591079533100128
vct,2011,0.570409834384918
vct,2012,0.575653314590454
vct,2013,0.610935986042023
vct,2014,0.593540668487549
vct,2015,0.595782160758972
vct,2016,0.591824412345886
vct,2017,0.624197781085968
vct,2018,0.590707242488861
vct,2019,0.591420590877533
vct,2020,0.583257019519806
vct,2021,0.597291827201843
vct,2022,0.65112578868866
vct,2023,0.672024190425873
ven,1950,0.116954259574413
ven,1951,0.131034642457962
ven,1952,0.130667805671692
ven,1953,0.135485023260117
ven,1954,0.121184289455414
ven,1955,0.138532921671867
ven,1956,0.144485175609589
ven,1957,0.148789614439011
ven,1958,0.147838801145554
ven,1959,0.100615322589874
ven,1960,0.146115317940712
ven,1961,0.145068407058716
ven,1962,0.15366205573082
ven,1963,0.152645945549011
ven,1964,0.119294457137585
ven,1965,0.121683038771153
ven,1966,0.125064700841904
ven,1967,0.126352339982986
ven,1968,0.125956892967224
ven,1969,0.125314220786095
ven,1970,0.122442692518234
ven,1971,0.135641649365425
ven,1972,0.143449008464813
ven,1973,0.150273948907852
ven,1974,0.177590042352676
ven,1975,0.189812198281288
ven,1976,0.207014724612236
ven,1977,0.236459076404572
ven,1978,0.254587531089783
ven,1979,0.287094533443451
ven,1980,0.346392184495926
ven,1981,0.391017705202103
ven,1982,0.42211452126503
ven,1983,0.417061448097229
ven,1984,0.302112013101578
ven,1985,0.322726994752884
ven,1986,0.33808246254921
ven,1987,0.2621228992939
ven,1988,0.317560493946075
ven,1989,0.23813071846962
ven,1990,0.255924701690674
ven,1991,0.274363189935684
ven,1992,0.277534484863281
ven,1993,0.296718299388886
ven,1994,0.307713866233826
ven,1995,0.38565930724144
ven,1996,0.358252495527267
ven,1997,0.439099043607712
ven,1998,0.499230206012726
ven,1999,0.515304267406464
ven,2000,0.504006743431091
ven,2001,0.549717605113983
ven,2002,0.425401270389557
ven,2003,0.392579257488251
ven,2004,0.409056574106216
ven,2005,0.418633788824081
ven,2006,0.450589954853058
ven,2007,0.497381806373596
ven,2008,0.578932821750641
ven,2009,0.68510913848877
ven,2010,0.68046373128891
ven,2011,0.489261895418167
ven,2012,0.578104317188263
ven,2013,0.598729908466339
ven,2014,0.879307687282562
ven,2015,1.97272682189941
ven,2016,4.20569181442261
ven,2017,17.5753593444824
ven,2018,7.7552170753479
ven,2019,9.30633926391602
ven,2020,17.8629341125488
ven,2021,23.6787738800049
ven,2022,26.7959156036377
ven,2023,31.6201782226563
vgb,1970,0.154150649905205
vgb,1971,0.149763226509094
vgb,1972,0.155457004904747
vgb,1973,0.167303115129471
vgb,1974,0.198152422904968
vgb,1975,0.207011222839355
vgb,1976,0.225058317184448
vgb,1977,0.221185460686684
vgb,1978,0.238796144723892
vgb,1979,0.273067891597748
vgb,1980,0.31322917342186
vgb,1981,0.35209795832634
vgb,1982,0.405247241258621
vgb,1983,0.412996143102646
vgb,1984,0.419979721307755
vgb,1985,0.442308455705643
vgb,1986,0.48153555393219
vgb,1987,0.495091080665588
vgb,1988,0.667089343070984
vgb,1989,0.556623756885529
vgb,1990,0.65708988904953
vgb,1991,0.643840789794922
vgb,1992,0.57464063167572
vgb,1993,0.667913973331451
vgb,1994,0.588887870311737
vgb,1995,0.650060176849365
vgb,1996,0.690386176109314
vgb,1997,0.624769330024719
vgb,1998,0.839844703674316
vgb,1999,0.907015681266785
vgb,2000,0.677454710006714
vgb,2001,0.631775259971619
vgb,2002,0.620334804058075
vgb,2003,0.64605188369751
vgb,2004,0.891976773738861
vgb,2005,0.941037654876709
vgb,2006,0.887047946453095
vgb,2007,1.12397444248199
vgb,2008,1.21080005168915
vgb,2009,1.00644993782043
vgb,2010,1.23661434650421
vgb,2011,0.938831508159638
vgb,2012,1.28227853775024
vgb,2013,1.04733860492706
vgb,2014,1.00875520706177
vgb,2015,1.04512155056
vgb,2016,1.08911240100861
vgb,2017,1.03587198257446
vgb,2018,1.02164304256439
vgb,2019,1.03215837478638
vgb,2020,0.998091161251068
vgb,2021,0.963066101074219
vgb,2022,0.918901026248932
vgb,2023,0.933092892169952
vnm,1970,0.0189069826155901
vnm,1971,0.0204513613134623
vnm,1972,0.019041670486331
vnm,1973,0.0206513628363609
vnm,1974,0.0218562111258507
vnm,1975,0.0269962940365076
vnm,1976,0.0289072580635548
vnm,1977,0.0300463885068893
vnm,1978,0.0324050895869732
vnm,1979,0.0349569618701935
vnm,1980,0.0350025072693825
vnm,1981,0.0268719233572483
vnm,1982,0.0312150493264198
vnm,1983,0.0442738085985184
vnm,1984,0.0637703686952591
vnm,1985,0.0569283328950405
vnm,1986,0.0581451393663883
vnm,1987,0.0594978742301464
vnm,1988,0.0617238245904446
vnm,1989,0.068233422935009
vnm,1990,0.0669955313205719
vnm,1991,0.0705925077199936
vnm,1992,0.0844734460115433
vnm,1993,0.0999974235892296
vnm,1994,0.116674415767193
vnm,1995,0.137039542198181
vnm,1996,0.143761619925499
vnm,1997,0.1453577876091
vnm,1998,0.14079974591732
vnm,1999,0.14707924425602
vnm,2000,0.147999316453934
vnm,2001,0.145566314458847
vnm,2002,0.141177535057068
vnm,2003,0.14642259478569
vnm,2004,0.168788999319077
vnm,2005,0.178364664316177
vnm,2006,0.191138699650764
vnm,2007,0.199176162481308
vnm,2008,0.239491775631905
vnm,2009,0.253179728984833
vnm,2010,0.246737152338028
vnm,2011,0.264188706874847
vnm,2012,0.282154351472855
vnm,2013,0.297914057970047
vnm,2014,0.301758080720902
vnm,2015,0.291643440723419
vnm,2016,0.292585611343384
vnm,2017,0.295802265405655
vnm,2018,0.303971618413925
vnm,2019,0.306631743907928
vnm,2020,0.299455583095551
vnm,2021,0.300813019275665
vnm,2022,0.314069300889969
vnm,2023,0.32801365852356
yem,1989,0.398646324872971
yem,1990,0.404642701148987
yem,1991,0.44688293337822
yem,1992,0.459017843008041
yem,1993,0.477164149284363
yem,1994,0.479771256446838
yem,1995,0.491434872150421
yem,1996,0.486116290092468
yem,1997,0.466581076383591
yem,1998,0.387544184923172
yem,1999,0.398088604211807
yem,2000,0.416103929281235
yem,2001,0.401089251041412
yem,2002,0.36226013302803
yem,2003,0.335547268390656
yem,2004,0.294942408800125
yem,2005,0.236543253064156
yem,2006,0.271648705005646
yem,2007,0.283778756856918
yem,2008,0.307508081197739
yem,2009,0.281284123659134
yem,2010,0.25481641292572
yem,2011,0.286255896091461
yem,2012,0.316329300403595
yem,2013,0.334487468004227
yem,2014,0.320329815149307
yem,2015,0.363365262746811
yem,2016,0.360109478235245
yem,2017,0.466959536075592
yem,2018,0.603540301322937
yem,2019,0.323912411928177
yem,2020,0.266827970743179
yem,2021,0.255851835012436
yem,2022,0.312730729579926
yem,2023,0.262119561433792
zaf,1950,0.0448549129068852
zaf,1951,0.0470619797706604
zaf,1952,0.0535660535097122
zaf,1953,0.0548134855926037
zaf,1954,0.054554782807827
zaf,1955,0.0556179955601692
zaf,1956,0.0565873943269253
zaf,1957,0.0567001663148403
zaf,1958,0.0581086426973343
zaf,1959,0.0604684799909592
zaf,1960,0.0629387497901917
zaf,1961,0.0636326894164085
zaf,1962,0.0645495280623436
zaf,1963,0.0657727792859078
zaf,1964,0.067725695669651
zaf,1965,0.0700581148266792
zaf,1966,0.0727702155709267
zaf,1967,0.0756101831793785
zaf,1968,0.0789265409111977
zaf,1969,0.0831713005900383
zaf,1970,0.0863297507166863
zaf,1971,0.0947047024965286
zaf,1972,0.0964021608233452
zaf,1973,0.117302127182484
zaf,1974,0.139630496501923
zaf,1975,0.143902495503426
zaf,1976,0.138025134801865
zaf,1977,0.157032400369644
zaf,1978,0.17316409945488
zaf,1979,0.205151811242104
zaf,1980,0.266814231872559
zaf,1981,0.261876404285431
zaf,1982,0.236155346035957
zaf,1983,0.261014223098755
zaf,1984,0.225007310509682
zaf,1985,0.173262193799019
zaf,1986,0.200556591153145
zaf,1987,0.247407466173172
zaf,1988,0.258618861436844
zaf,1989,0.266887962818146
zaf,1990,0.309606581926346
zaf,1991,0.334701836109161
zaf,1992,0.364005118608475
zaf,1993,0.356743335723877
zaf,1994,0.363618612289429
zaf,1995,0.383916050195694
zaf,1996,0.348361045122147
zaf,1997,0.350967288017273
zaf,1998,0.31351426243782
zaf,1999,0.308720916509628
zaf,2000,0.293452173471451
zaf,2001,0.252587527036667
zaf,2002,0.2238489985466
zaf,2003,0.330075591802597
zaf,2004,0.409190326929092
zaf,2005,0.424793064594269
zaf,2006,0.418016940355301
zaf,2007,0.432467848062515
zaf,2008,0.404794156551361
zaf,2009,0.427245497703552
zaf,2010,0.519550800323486
zaf,2011,0.547299444675446
zaf,2012,0.521607756614685
zaf,2013,0.482235610485077
zaf,2014,0.456128418445587
zaf,2015,0.40562379360199
zaf,2016,0.376723378896713
zaf,2017,0.433915197849274
zaf,2018,0.478498667478561
zaf,2019,0.465490877628326
zaf,2020,0.441237360239029
zaf,2021,0.538342654705048
zaf,2022,0.507629454135895
zaf,2023,0.474791973829269
zmb,1955,0.110354416072369
zmb,1956,0.110757254064083
zmb,1957,0.0853752344846726
zmb,1958,0.0767202526330948
zmb,1959,0.0878866314888001
zmb,1960,0.0966607257723808
zmb,1961,0.0914933159947395
zmb,1962,0.0898708626627922
zmb,1963,0.0880234986543655
zmb,1964,0.0905387625098229
zmb,1965,0.0971411094069481
zmb,1966,0.106766134500504
zmb,1967,0.0966183841228485
zmb,1968,0.105862841010094
zmb,1969,0.135507896542549
zmb,1970,0.139559477567673
zmb,1971,0.139734491705894
zmb,1972,0.148495063185692
zmb,1973,0.189203023910522
zmb,1974,0.242210403084755
zmb,1975,0.201256990432739
zmb,1976,0.203766018152237
zmb,1977,0.230168640613556
zmb,1978,0.274189800024033
zmb,1979,0.3486467897892
zmb,1980,0.411781549453735
zmb,1981,0.335789352655411
zmb,1982,0.341172575950623
zmb,1983,0.316955298185349
zmb,1984,0.225429818034172
zmb,1985,0.180777385830879
zmb,1986,0.162813678383827
zmb,1987,0.161655321717262
zmb,1988,0.242747753858566
zmb,1989,0.327736467123032
zmb,1990,0.316614270210266
zmb,1991,0.285927325487137
zmb,1992,0.2996466755867
zmb,1993,0.304662644863129
zmb,1994,0.36401093006134
zmb,1995,0.369596183300018
zmb,1996,0.310181945562363
zmb,1997,0.343546986579895
zmb,1998,0.292705565690994
zmb,1999,0.280800759792328
zmb,2000,0.241162613034248
zmb,2001,0.258125871419907
zmb,2002,0.246566295623779
zmb,2003,0.255761355161667
zmb,2004,0.30596524477005
zmb,2005,0.359448432922363
zmb,2006,0.472044825553894
zmb,2007,0.387259870767593
zmb,2008,0.459343612194061
zmb,2009,0.349325746297836
zmb,2010,0.409350991249085
zmb,2011,0.431220233440399
zmb,2012,0.445527195930481
zmb,2013,0.476984798908234
zmb,2014,0.459859699010849
zmb,2015,0.365500688552856
zmb,2016,0.357361137866974
zmb,2017,0.436798483133316
zmb,2018,0.434604942798615
zmb,2019,0.385928153991699
zmb,2020,0.326065242290497
zmb,2021,0.364642411470413
zmb,2022,0.436307400465012
zmb,2023,0.387567311525345
zwe,1954,0.108898885548115
zwe,1955,0.112507164478302
zwe,1956,0.117026686668396
zwe,1957,0.121267072856426
zwe,1958,0.125153332948685
zwe,1959,0.126659065485001
zwe,1960,0.129905551671982
zwe,1961,0.131814107298851
zwe,1962,0.13623583316803
zwe,1963,0.137879326939583
zwe,1964,0.148442253470421
zwe,1965,0.144145101308823
zwe,1966,0.137839779257774
zwe,1967,0.144209787249565
zwe,1968,0.158948823809624
zwe,1969,0.15841056406498
zwe,1970,0.139309093356133
zwe,1971,0.147887721657753
zwe,1972,0.163033947348595
zwe,1973,0.192431628704071
zwe,1974,0.209474503993988
zwe,1975,0.234793707728386
zwe,1976,0.231577828526497
zwe,1977,0.259782254695892
zwe,1978,0.234401479363441
zwe,1979,0.265776336193085
zwe,1980,0.322639673948288
zwe,1981,0.317462921142578
zwe,1982,0.318774253129959
zwe,1983,0.248236939311028
zwe,1984,0.212911650538445
zwe,1985,0.216136366128922
zwe,1986,0.22770132124424
zwe,1987,0.249974280595779
zwe,1988,0.2450160831213
zwe,1989,0.231397718191147
zwe,1990,0.220628902316093
zwe,1991,0.172874078154564
zwe,1992,0.155597776174545
zwe,1993,0.148585766553879
zwe,1994,0.143001109361649
zwe,1995,0.151922792196274
zwe,1996,0.166219830513001
zwe,1997,0.213139355182648
zwe,1998,0.165257647633553
zwe,1999,0.1503776460886
zwe,2000,0.199120193719864
zwe,2001,0.158460035920143
zwe,2002,0.143015623092651
zwe,2003,0.17453196644783
zwe,2004,0.365019619464874
zwe,2005,1.1959353685379
zwe,2006,0.356445223093033
zwe,2007,0.31513512134552
zwe,2008,0.391888558864594
zwe,2009,0.329521894454956
zwe,2010,0.41851082444191
zwe,2011,0.410225123167038
zwe,2012,0.446134060621262
zwe,2013,0.468800514936447
zwe,2014,0.466456562280655
zwe,2015,0.45423436164856
zwe,2016,0.443856745958328
zwe,2017,0.430162519216538
zwe,2018,0.840746521949768
zwe,2019,0.504428744316101
zwe,2020,0.472161173820496
zwe,2021,0.542710244655609
zwe,2022,0.553443312644959
zwe,2023,0.602762877941132
