country,year,csh_m
abw,1970,-0.50990241765976
abw,1971,-0.481399834156036
abw,1972,-0.469701915979385
abw,1973,-0.464046359062195
abw,1974,-0.521211564540863
abw,1975,-0.523609638214111
abw,1976,-0.513674020767212
abw,1977,-0.540631115436554
abw,1978,-0.503735065460205
abw,1979,-0.498077988624573
abw,1980,-0.532978475093842
abw,1981,-0.539373815059662
abw,1982,-0.523690104484558
abw,1983,-0.507992565631867
abw,1984,-0.505788743495941
abw,1985,-0.450055539608002
abw,1986,-0.416643708944321
abw,1987,-0.387413412332535
abw,1988,-0.387203902006149
abw,1989,-0.454277038574219
abw,1990,-0.504771530628204
abw,1991,-0.567923486232758
abw,1992,-0.488893121480942
abw,1993,-0.623875379562378
abw,1994,-0.515229761600494
abw,1995,-0.559936881065369
abw,1996,-0.687915086746216
abw,1997,-0.736959040164948
abw,1998,-0.696330606937408
abw,1999,-0.649173855781555
abw,2000,-0.654519855976105
abw,2001,-0.622539699077606
abw,2002,-0.776295185089111
abw,2003,-0.747083961963654
abw,2004,-0.700552523136139
abw,2005,-0.782285749912262
abw,2006,-0.784092545509338
abw,2007,-0.79352730512619
abw,2008,-0.72012597322464
abw,2009,-0.803398549556732
abw,2010,-0.836055278778076
abw,2011,-0.991345524787903
abw,2012,-1.00963854789734
abw,2013,-0.8152956366539
abw,2014,-1.03732085227966
abw,2015,-0.913327097892761
abw,2016,-1.17660892009735
abw,2017,-1.39133644104004
abw,2018,-1.13247656822205
abw,2019,-1.22517859935761
abw,2020,-1.19376301765442
abw,2021,-1.07253813743591
abw,2022,-1.23168325424194
abw,2023,-1.1342146396637
ago,1970,-0.0498907789587975
ago,1971,-0.0540324375033379
ago,1972,-0.0477380603551865
ago,1973,-0.0553559511899948
ago,1974,-0.0669321939349175
ago,1975,-0.0502817407250404
ago,1976,-0.0345119722187519
ago,1977,-0.0702723041176796
ago,1978,-0.0672025382518768
ago,1979,-0.0911338031291962
ago,1980,-0.110066302120686
ago,1981,-0.125131815671921
ago,1982,-0.0735919550061226
ago,1983,-0.0528452396392822
ago,1984,-0.0619487352669239
ago,1985,-0.0487896762788296
ago,1986,-0.0726249516010284
ago,1987,-0.0568087808787823
ago,1988,-0.0719639211893082
ago,1989,-0.0732546672224999
ago,1990,-0.0725987032055855
ago,1991,-0.0855741128325462
ago,1992,-0.104774661362171
ago,1993,-0.0659425556659699
ago,1994,-0.0599714405834675
ago,1995,-0.0907635241746903
ago,1996,-0.0827583372592926
ago,1997,-0.101016208529472
ago,1998,-0.0879937261343002
ago,1999,-0.0866010263562203
ago,2000,-0.0839182585477829
ago,2001,-0.182048439979553
ago,2002,-0.144869312644005
ago,2003,-0.182427585124969
ago,2004,-0.215427875518799
ago,2005,-0.183790415525436
ago,2006,-0.183373510837555
ago,2007,-0.175783798098564
ago,2008,-0.217225447297096
ago,2009,-0.25297611951828
ago,2010,-0.170396313071251
ago,2011,-0.130508571863174
ago,2012,-0.142500266432762
ago,2013,-0.139993637800217
ago,2014,-0.14426152408123
ago,2015,-0.161155343055725
ago,2016,-0.117838956415653
ago,2017,-0.11684999614954
ago,2018,-0.120623610913754
ago,2019,-0.122938551008701
ago,2020,-0.103776104748249
ago,2021,-0.103250913321972
ago,2022,-0.132505044341087
ago,2023,-0.113870248198509
aia,1970,-0.380235910415649
aia,1971,-0.372580498456955
aia,1972,-0.363045424222946
aia,1973,-0.378381937742233
aia,1974,-0.461211711168289
aia,1975,-0.452589303255081
aia,1976,-0.445137232542038
aia,1977,-0.446603298187256
aia,1978,-0.442412793636322
aia,1979,-0.459918200969696
aia,1980,-0.516991436481476
aia,1981,-0.518966674804688
aia,1982,-0.493868708610535
aia,1983,-0.503810107707977
aia,1984,-0.43188351392746
aia,1985,-0.449855297803879
aia,1986,-0.381159961223602
aia,1987,-0.469611257314682
aia,1988,-0.454738795757294
aia,1989,-0.460245966911316
aia,1990,-0.370928823947907
aia,1991,-0.417772084474564
aia,1992,-0.511271834373474
aia,1993,-0.471224367618561
aia,1994,-0.48771744966507
aia,1995,-0.546638071537018
aia,1996,-0.690919876098633
aia,1997,-0.779320895671845
aia,1998,-0.836376249790192
aia,1999,-0.827747881412506
aia,2000,-0.993690013885498
aia,2001,-0.911014556884766
aia,2002,-0.910632431507111
aia,2003,-0.778210401535034
aia,2004,-0.801914095878601
aia,2005,-0.900882542133331
aia,2006,-1.35875427722931
aia,2007,-1.19299101829529
aia,2008,-1.26414382457733
aia,2009,-1.15614342689514
aia,2010,-1.03830146789551
aia,2011,-1.07323336601257
aia,2012,-1.22404861450195
aia,2013,-1.44767022132874
aia,2014,-1.99617397785187
aia,2015,-2.75888895988464
aia,2016,-3.06688618659973
aia,2017,-3.91008472442627
aia,2018,-5.63937187194824
aia,2019,-2.19788694381714
aia,2020,-2.10666656494141
aia,2021,-2.25762009620667
aia,2022,-2.7016544342041
aia,2023,-2.47924256324768
alb,1970,-0.00646698102355003
alb,1971,-0.00644373008981347
alb,1972,-0.00699751172214747
alb,1973,-0.00977614987641573
alb,1974,-0.0202959198504686
alb,1975,-0.0206876583397388
alb,1976,-0.0130058061331511
alb,1977,-0.0173953101038933
alb,1978,-0.0189813803881407
alb,1979,-0.036006011068821
alb,1980,-0.0622069053351879
alb,1981,-0.0541675239801407
alb,1982,-0.0817224830389023
alb,1983,-0.0489403940737248
alb,1984,-0.0409621819853783
alb,1985,-0.0387984737753868
alb,1986,-0.0268481466919184
alb,1987,-0.021355926990509
alb,1988,-0.0280052814632654
alb,1989,-0.0368715114891529
alb,1990,-0.0399694480001926
alb,1991,-0.102573126554489
alb,1992,-0.252762734889984
alb,1993,-0.178398624062538
alb,1994,-0.114166684448719
alb,1995,-0.137333482503891
alb,1996,-0.145799070596695
alb,1997,-0.124945983290672
alb,1998,-0.198774829506874
alb,1999,-0.243064269423485
alb,2000,-0.209797814488411
alb,2001,-0.246174499392509
alb,2002,-0.256453216075897
alb,2003,-0.260937541723251
alb,2004,-0.285796284675598
alb,2005,-0.292545706033707
alb,2006,-0.298417448997498
alb,2007,-0.350135028362274
alb,2008,-0.359821289777756
alb,2009,-0.304392963647842
alb,2010,-0.308365613222122
alb,2011,-0.329017251729965
alb,2012,-0.300100862979889
alb,2013,-0.309365183115006
alb,2014,-0.308186382055283
alb,2015,-0.257595896720886
alb,2016,-0.279363304376602
alb,2017,-0.304114639759064
alb,2018,-0.331339001655579
alb,2019,-0.317785412073135
alb,2020,-0.260761797428131
alb,2021,-0.336154788732529
alb,2022,-0.394002467393875
alb,2023,-0.365603178739548
are,1970,-0.0422713197767735
are,1971,-0.0381571017205715
are,1972,-0.0946885794401169
are,1973,-0.0992553681135178
are,1974,-0.0933894962072372
are,1975,-0.0992461517453194
are,1976,-0.116922676563263
are,1977,-0.102968916296959
are,1978,-0.122166961431503
are,1979,-0.111454851925373
are,1980,-0.0739861577749252
are,1981,-0.0774902999401093
are,1982,-0.0804502367973328
are,1983,-0.0828540921211243
are,1984,-0.0740428939461708
are,1985,-0.0760019049048424
are,1986,-0.082651324570179
are,1987,-0.0913194194436073
are,1988,-0.0905651822686195
are,1989,-0.0856953486800194
are,1990,-0.0848885104060173
are,1991,-0.0316774100065231
are,1992,-0.0406741239130497
are,1993,-0.0556308813393116
are,1994,-0.184666484594345
are,1995,-0.166127175092697
are,1996,-0.169881835579872
are,1997,-0.179800525307655
are,1998,-0.196171879768372
are,1999,-0.189627647399902
are,2000,-0.16812738776207
are,2001,-0.190641552209854
are,2002,-0.258931279182434
are,2003,-0.266921252012253
are,2004,-0.325687974691391
are,2005,-0.305851727724075
are,2006,-0.303302854299545
are,2007,-0.338912665843964
are,2008,-0.390161454677582
are,2009,-0.449527233839035
are,2010,-0.486611902713776
are,2011,-0.45842656493187
are,2012,-0.434633553028107
are,2013,-0.408087581396103
are,2014,-0.403570681810379
are,2015,-0.684381067752838
are,2016,-0.689485669136047
are,2017,-0.690343320369721
are,2018,-0.59319418668747
are,2019,-0.650066137313843
are,2020,-0.708709299564362
are,2021,-0.814022123813629
are,2022,-0.959267616271973
are,2023,-1.00906419754028
arg,1950,-0.0602986738085747
arg,1951,-0.0745384991168976
arg,1952,-0.0564496070146561
arg,1953,-0.0404159240424633
arg,1954,-0.0501002967357636
arg,1955,-0.0557954646646977
arg,1956,-0.0482477881014347
arg,1957,-0.0512840636074543
arg,1958,-0.0466365516185761
arg,1959,-0.0430030263960362
arg,1960,-0.0562317222356796
arg,1961,-0.0622316524386406
arg,1962,-0.0545363798737526
arg,1963,-0.0490783005952835
arg,1964,-0.0611349195241928
arg,1965,-0.0711303427815437
arg,1966,-0.0484033301472664
arg,1967,-0.0529661737382412
arg,1968,-0.0494980588555336
arg,1969,-0.0530850104987621
arg,1970,-0.0596147663891315
arg,1971,-0.0601389035582542
arg,1972,-0.0357001684606075
arg,1973,-0.0297978855669498
arg,1974,-0.0376475043594837
arg,1975,-0.107452511787415
arg,1976,-0.047280341386795
arg,1977,-0.0708132088184357
arg,1978,-0.0619439594447613
arg,1979,-0.0897385701537132
arg,1980,-0.147701233625412
arg,1981,-0.129874333739281
arg,1982,-0.0881063565611839
arg,1983,-0.0560705959796906
arg,1984,-0.0603780373930931
arg,1985,-0.0649449676275253
arg,1986,-0.0674192607402802
arg,1987,-0.0709774121642113
arg,1988,-0.0575503930449486
arg,1989,-0.0480863377451897
arg,1990,-0.0398897156119347
arg,1991,-0.0642278864979744
arg,1992,-0.107170924544334
arg,1993,-0.107061453163624
arg,1994,-0.112692847847939
arg,1995,-0.0882861539721489
arg,1996,-0.0819859504699707
arg,1997,-0.105178788304329
arg,1998,-0.114775024354458
arg,1999,-0.0988204628229141
arg,2000,-0.103559747338295
arg,2001,-0.0916717797517777
arg,2002,-0.0486141741275787
arg,2003,-0.0658357813954353
arg,2004,-0.0925398394465447
arg,2005,-0.104184292256832
arg,2006,-0.109674163162708
arg,2007,-0.119241997599602
arg,2008,-0.129510954022408
arg,2009,-0.0988723933696747
arg,2010,-0.121276400983334
arg,2011,-0.135037913918495
arg,2012,-0.117898620665073
arg,2013,-0.128296583890915
arg,2014,-0.113753885030746
arg,2015,-0.107674956321716
arg,2016,-0.101433582603931
arg,2017,-0.107266493141651
arg,2018,-0.099333867430687
arg,2019,-0.0830599218606949
arg,2020,-0.0724044144153595
arg,2021,-0.0798868611454964
arg,2022,-0.093989796936512
arg,2023,-0.0912192463874817
arm,1990,-0.0100553389638662
arm,1991,-0.0103736286982894
arm,1992,-0.0135052036494017
arm,1993,-0.048680167645216
arm,1994,-0.03784354403615
arm,1995,-0.0244338363409042
arm,1996,-0.0576962381601334
arm,1997,-0.136047825217247
arm,1998,-0.0925815775990486
arm,1999,-0.15038201212883
arm,2000,-0.159664928913116
arm,2001,-0.160967543721199
arm,2002,-0.171277597546577
arm,2003,-0.182731986045837
arm,2004,-0.187676101922989
arm,2005,-0.206935152411461
arm,2006,-0.222971424460411
arm,2007,-0.25285929441452
arm,2008,-0.270466178655624
arm,2009,-0.23859865963459
arm,2010,-0.25616854429245
arm,2011,-0.256411612033844
arm,2012,-0.24692015349865
arm,2013,-0.247419118881226
arm,2014,-0.229264572262764
arm,2015,-0.20474861562252
arm,2016,-0.173140078783035
arm,2017,-0.181859731674194
arm,2018,-0.214322820305824
arm,2019,-0.190390080213547
arm,2020,-0.135061904788017
arm,2021,-0.158164650201797
arm,2022,-0.206149786710739
arm,2023,-0.226543858647347
atg,1970,-0.59271377325058
atg,1971,-0.591016352176666
atg,1972,-0.554649412631989
atg,1973,-0.579730033874512
atg,1974,-1.07290899753571
atg,1975,-1.01218223571777
atg,1976,-1.05408000946045
atg,1977,-0.51497620344162
atg,1978,-0.540452361106873
atg,1979,-0.627474963665009
atg,1980,-1.07211887836456
atg,1981,-1.14490818977356
atg,1982,-1.12305974960327
atg,1983,-0.681123435497284
atg,1984,-0.871335864067078
atg,1985,-1.26021862030029
atg,1986,-0.984593868255615
atg,1987,-0.837852120399475
atg,1988,-0.759815692901611
atg,1989,-0.804833710193634
atg,1990,-0.781353175640106
atg,1991,-0.722361922264099
atg,1992,-0.892667889595032
atg,1993,-0.910427272319794
atg,1994,-0.552692174911499
atg,1995,-0.744359135627747
atg,1996,-0.726177275180817
atg,1997,-0.728058159351349
atg,1998,-1.50301361083984
atg,1999,-0.80847442150116
atg,2000,-0.583992719650269
atg,2001,-1.1307475566864
atg,2002,-1.2178989648819
atg,2003,-1.00148975849152
atg,2004,-1.64939951896667
atg,2005,-0.962712109088898
atg,2006,-1.00769209861755
atg,2007,-0.603849351406097
atg,2008,-2.16490292549133
atg,2009,-0.68198424577713
atg,2010,-0.467179358005524
atg,2011,-0.408319413661957
atg,2012,-0.463743418455124
atg,2013,-0.486043363809586
atg,2014,-2.04860305786133
atg,2015,-0.579615652561188
atg,2016,-0.683891296386719
atg,2017,-1.01532852649689
atg,2018,-0.63667768239975
atg,2019,-0.599379777908325
atg,2020,-0.372275710105896
atg,2021,-0.338738143444061
atg,2022,-0.487736433744431
atg,2023,-0.449048280715942
aus,1950,-0.126073867082596
aus,1951,-0.191764011979103
aus,1952,-0.0955218002200127
aus,1953,-0.0992565453052521
aus,1954,-0.114034496247768
aus,1955,-0.10131224244833
aus,1956,-0.0835662037134171
aus,1957,-0.0920356586575508
aus,1958,-0.0816674828529358
aus,1959,-0.0903185307979584
aus,1960,-0.115596652030945
aus,1961,-0.0929535627365112
aus,1962,-0.0922007709741592
aus,1963,-0.118476949632168
aus,1964,-0.131430998444557
aus,1965,-0.14249986410141
aus,1966,-0.123808197677135
aus,1967,-0.122026033699512
aus,1968,-0.124650500714779
aus,1969,-0.114129781723022
aus,1970,-0.117293395102024
aus,1971,-0.102222941815853
aus,1972,-0.089468315243721
aus,1973,-0.100355960428715
aus,1974,-0.153639614582062
aus,1975,-0.129535257816315
aus,1976,-0.128337979316711
aus,1977,-0.133811846375465
aus,1978,-0.128019243478775
aus,1979,-0.131441131234169
aus,1980,-0.150300413370132
aus,1981,-0.161494731903076
aus,1982,-0.165882274508476
aus,1983,-0.135366529226303
aus,1984,-0.144427731633186
aus,1985,-0.144190222024918
aus,1986,-0.130545794963837
aus,1987,-0.11949447542429
aus,1988,-0.135932371020317
aus,1989,-0.157000511884689
aus,1990,-0.144995748996735
aus,1991,-0.137410253286362
aus,1992,-0.148333325982094
aus,1993,-0.156649142503738
aus,1994,-0.166551619768143
aus,1995,-0.170349135994911
aus,1996,-0.170558243989944
aus,1997,-0.169771686196327
aus,1998,-0.171989157795906
aus,1999,-0.175264433026314
aus,2000,-0.183544367551804
aus,2001,-0.168952733278275
aus,2002,-0.183478802442551
aus,2003,-0.196115747094154
aus,2004,-0.218886375427246
aus,2005,-0.229985505342484
aus,2006,-0.249934315681458
aus,2007,-0.264193952083588
aus,2008,-0.278238713741303
aus,2009,-0.241139709949493
aus,2010,-0.256552994251251
aus,2011,-0.292746275663376
aus,2012,-0.317129343748093
aus,2013,-0.289195269346237
aus,2014,-0.275610208511353
aus,2015,-0.275798380374908
aus,2016,-0.246853604912758
aus,2017,-0.263846278190613
aus,2018,-0.249153211712837
aus,2019,-0.241724044084549
aus,2020,-0.225427284836769
aus,2021,-0.239835917949677
aus,2022,-0.276981234550476
aus,2023,-0.278339356184006
aut,1950,-0.093998096883297
aut,1951,-0.11075397580862
aut,1952,-0.0812559574842453
aut,1953,-0.0737440809607506
aut,1954,-0.0935099646449089
aut,1955,-0.117069453001022
aut,1956,-0.117449015378952
aut,1957,-0.125714212656021
aut,1958,-0.115343973040581
aut,1959,-0.120118357241154
aut,1960,-0.159746140241623
aut,1961,-0.150011241436005
aut,1962,-0.136026903986931
aut,1963,-0.175775602459908
aut,1964,-0.179239988327026
aut,1965,-0.185991793870926
aut,1966,-0.188902005553246
aut,1967,-0.172959119081497
aut,1968,-0.174508959054947
aut,1969,-0.175622940063477
aut,1970,-0.193623155355454
aut,1971,-0.196229010820389
aut,1972,-0.205164209008217
aut,1973,-0.228201374411583
aut,1974,-0.274993449449539
aut,1975,-0.250400960445404
aut,1976,-0.296850293874741
aut,1977,-0.305925995111465
aut,1978,-0.29581207036972
aut,1979,-0.330095618963242
aut,1980,-0.379454463720322
aut,1981,-0.374175071716309
aut,1982,-0.346697449684143
aut,1983,-0.34030544757843
aut,1984,-0.366311997175217
aut,1985,-0.378396272659302
aut,1986,-0.39580899477005
aut,1987,-0.416034817695618
aut,1988,-0.40581077337265
aut,1989,-0.403973966836929
aut,1990,-0.462974429130554
aut,1991,-0.418683111667633
aut,1992,-0.464668840169907
aut,1993,-0.42224645614624
aut,1994,-0.429278671741486
aut,1995,-0.460868507623673
aut,1996,-0.464625775814056
aut,1997,-0.431007027626038
aut,1998,-0.456323236227036
aut,1999,-0.434059917926788
aut,2000,-0.446088790893555
aut,2001,-0.482126504182816
aut,2002,-0.475613206624985
aut,2003,-0.54178249835968
aut,2004,-0.603868424892426
aut,2005,-0.620146632194519
aut,2006,-0.651988089084625
aut,2007,-0.676413297653198
aut,2008,-0.706394612789154
aut,2009,-0.598925173282623
aut,2010,-0.647150933742523
aut,2011,-0.718319654464722
aut,2012,-0.69597315788269
aut,2013,-0.714997887611389
aut,2014,-0.64074981212616
aut,2015,-0.576839685440064
aut,2016,-0.593145728111267
aut,2017,-0.597704231739044
aut,2018,-0.602510571479797
aut,2019,-0.573491036891937
aut,2020,-0.5326789021492
aut,2021,-0.61355859041214
aut,2022,-0.668087124824524
aut,2023,-0.606279611587524
aze,1990,-0.0994470119476318
aze,1991,-0.0574389584362507
aze,1992,-0.0907800421118736
aze,1993,-0.0621496476233006
aze,1994,-0.0756311863660812
aze,1995,-0.0551570355892181
aze,1996,-0.0960642620921135
aze,1997,-0.0808168277144432
aze,1998,-0.11467544734478
aze,1999,-0.106275014579296
aze,2000,-0.110080152750015
aze,2001,-0.123647585511208
aze,2002,-0.133625864982605
aze,2003,-0.179507985711098
aze,2004,-0.215275928378105
aze,2005,-0.172385990619659
aze,2006,-0.147499859333038
aze,2007,-0.106320112943649
aze,2008,-0.108652994036675
aze,2009,-0.0941376239061356
aze,2010,-0.0841470137238503
aze,2011,-0.0936808213591576
aze,2012,-0.0878183096647263
aze,2013,-0.0964114218950272
aze,2014,-0.0796698182821274
aze,2015,-0.0962289497256279
aze,2016,-0.100152038037777
aze,2017,-0.105722762644291
aze,2018,-0.127344578504562
aze,2019,-0.136217325925827
aze,2020,-0.115398481488228
aze,2021,-0.109000831842422
aze,2022,-0.121383108198643
aze,2023,-0.118878811597824
bdi,1960,-0.108288034796715
bdi,1961,-0.114201888442039
bdi,1962,-0.113629378378391
bdi,1963,-0.0984531864523888
bdi,1964,-0.086521603167057
bdi,1965,-0.0865080207586289
bdi,1966,-0.0878516361117363
bdi,1967,-0.0748458206653595
bdi,1968,-0.0844858139753342
bdi,1969,-0.0784397125244141
bdi,1970,-0.0749026164412499
bdi,1971,-0.08526561409235
bdi,1972,-0.0879595279693604
bdi,1973,-0.0802506878972054
bdi,1974,-0.102470152080059
bdi,1975,-0.128973290324211
bdi,1976,-0.109271146357059
bdi,1977,-0.117795422673225
bdi,1978,-0.120815500617027
bdi,1979,-0.144046455621719
bdi,1980,-0.137464195489883
bdi,1981,-0.12394817173481
bdi,1982,-0.147348076105118
bdi,1983,-0.14971062541008
bdi,1984,-0.146513387560844
bdi,1985,-0.127838626503944
bdi,1986,-0.113732576370239
bdi,1987,-0.111271858215332
bdi,1988,-0.0870533287525177
bdi,1989,-0.0934418961405754
bdi,1990,-0.109974272549152
bdi,1991,-0.107801824808121
bdi,1992,-0.115339957177639
bdi,1993,-0.114562466740608
bdi,1994,-0.0969060435891151
bdi,1995,-0.104334458708763
bdi,1996,-0.0534765869379044
bdi,1997,-0.0582383573055267
bdi,1998,-0.0704461336135864
bdi,1999,-0.0529970414936543
bdi,2000,-0.0678100436925888
bdi,2001,-0.0694061741232872
bdi,2002,-0.0659070909023285
bdi,2003,-0.0617986284196377
bdi,2004,-0.0673074424266815
bdi,2005,-0.11846112459898
bdi,2006,-0.150973573327065
bdi,2007,-0.13340812921524
bdi,2008,-0.170530766248703
bdi,2009,-0.150111764669418
bdi,2010,-0.1636683344841
bdi,2011,-0.166060790419579
bdi,2012,-0.183974578976631
bdi,2013,-0.17549604177475
bdi,2014,-0.168800264596939
bdi,2015,-0.159544795751572
bdi,2016,-0.134029939770699
bdi,2017,-0.173001021146774
bdi,2018,-0.17430417239666
bdi,2019,-0.155182987451553
bdi,2020,-0.157314449548721
bdi,2021,-0.165518507361412
bdi,2022,-0.185499146580696
bdi,2023,-0.179930508136749
bel,1950,-0.319113165140152
bel,1951,-0.376700788736343
bel,1952,-0.33917048573494
bel,1953,-0.310979545116425
bel,1954,-0.333973556756973
bel,1955,-0.352598696947098
bel,1956,-0.384941518306732
bel,1957,-0.386536329984665
bel,1958,-0.345390260219574
bel,1959,-0.364515721797943
bel,1960,-0.463531255722046
bel,1961,-0.449170082807541
bel,1962,-0.389759957790375
bel,1963,-0.401875376701355
bel,1964,-0.408070981502533
bel,1965,-0.408251583576202
bel,1966,-0.416925221681595
bel,1967,-0.40103480219841
bel,1968,-0.425814926624298
bel,1969,-0.448882162570953
bel,1970,-0.449193358421326
bel,1971,-0.439538776874542
bel,1972,-0.443973988294601
bel,1973,-0.514089524745941
bel,1974,-0.636084258556366
bel,1975,-0.576228201389313
bel,1976,-0.597765684127808
bel,1977,-0.618199646472931
bel,1978,-0.598042726516724
bel,1979,-0.665784060955048
bel,1980,-0.68294084072113
bel,1981,-0.707348883152008
bel,1982,-0.705957889556885
bel,1983,-0.690889537334442
bel,1984,-0.72505521774292
bel,1985,-0.74923837184906
bel,1986,-0.772646188735962
bel,1987,-0.815471768379211
bel,1988,-0.806237578392029
bel,1989,-0.843690872192383
bel,1990,-0.955669462680817
bel,1991,-0.852497279644013
bel,1992,-0.965500473976135
bel,1993,-0.886288583278656
bel,1994,-0.909930348396301
bel,1995,-0.982164680957794
bel,1996,-1.00951731204987
bel,1997,-0.933533906936646
bel,1998,-0.948402166366577
bel,1999,-0.916236460208893
bel,2000,-0.951706767082214
bel,2001,-0.949870944023132
bel,2002,-0.934744775295258
bel,2003,-1.02281451225281
bel,2004,-1.15065550804138
bel,2005,-1.22984957695007
bel,2006,-1.3244708776474
bel,2007,-1.40335249900818
bel,2008,-1.49254393577576
bel,2009,-1.20034968852997
bel,2010,-1.26073408126831
bel,2011,-1.43142914772034
bel,2012,-1.38586258888245
bel,2013,-1.3648236989975
bel,2014,-1.40724647045136
bel,2015,-1.24582326412201
bel,2016,-1.26651871204376
bel,2017,-1.36224913597107
bel,2018,-1.45048868656158
bel,2019,-1.37754654884338
bel,2020,-1.28117799758911
bel,2021,-1.42778408527374
bel,2022,-1.56638634204865
bel,2023,-1.34154629707336
ben,1959,-0.0394168011844158
ben,1960,-0.0705759674310684
ben,1961,-0.054151464253664
ben,1962,-0.0519608370959759
ben,1963,-0.060311321169138
ben,1964,-0.0515250377357006
ben,1965,-0.0485624261200428
ben,1966,-0.0506340488791466
ben,1967,-0.061847385019064
ben,1968,-0.0653954967856407
ben,1969,-0.0649459362030029
ben,1970,-0.0636577531695366
ben,1971,-0.0775841847062111
ben,1972,-0.0780805572867394
ben,1973,-0.0746110379695892
ben,1974,-0.12491612136364
ben,1975,-0.0947376787662506
ben,1976,-0.106550440192223
ben,1977,-0.117610648274422
ben,1978,-0.0906824991106987
ben,1979,-0.119389176368713
ben,1980,-0.114611119031906
ben,1981,-0.219728320837021
ben,1982,-0.168403029441834
ben,1983,-0.126260966062546
ben,1984,-0.0898315086960793
ben,1985,-0.110251769423485
ben,1986,-0.111968189477921
ben,1987,-0.129245847463608
ben,1988,-0.1038573756814
ben,1989,-0.075781911611557
ben,1990,-0.0988404378294945
ben,1991,-0.108096405863762
ben,1992,-0.147914975881577
ben,1993,-0.143411442637444
ben,1994,-0.108256839215755
ben,1995,-0.190001338720322
ben,1996,-0.152560517191887
ben,1997,-0.143783256411552
ben,1998,-0.153192460536957
ben,1999,-0.111328028142452
ben,2000,-0.0794917270541191
ben,2001,-0.0823991969227791
ben,2002,-0.0925287678837776
ben,2003,-0.0968180224299431
ben,2004,-0.0844680294394493
ben,2005,-0.0783380642533302
ben,2006,-0.0816473066806793
ben,2007,-0.11649726331234
ben,2008,-0.109984487295151
ben,2009,-0.10333076864481
ben,2010,-0.138737589120865
ben,2011,-0.125200867652893
ben,2012,-0.130797237157822
ben,2013,-0.154289364814758
ben,2014,-0.174942091107368
ben,2015,-0.128776669502258
ben,2016,-0.1335319429636
ben,2017,-0.154682323336601
ben,2018,-0.154624700546265
ben,2019,-0.132835909724236
ben,2020,-0.102662414312363
ben,2021,-0.122705988585949
ben,2022,-0.148664638400078
ben,2023,-0.144328162074089
bfa,1959,-0.047406729310751
bfa,1960,-0.019278310239315
bfa,1961,-0.0438161008059979
bfa,1962,-0.0462137050926685
bfa,1963,-0.0474560223519802
bfa,1964,-0.0663060694932938
bfa,1965,-0.0559311024844646
bfa,1966,-0.0538196675479412
bfa,1967,-0.0437498390674591
bfa,1968,-0.0484630092978478
bfa,1969,-0.0532313399016857
bfa,1970,-0.0485447570681572
bfa,1971,-0.0503226555883884
bfa,1972,-0.0409109853208065
bfa,1973,-0.0490578040480614
bfa,1974,-0.0856150910258293
bfa,1975,-0.0772700682282448
bfa,1976,-0.0707282423973084
bfa,1977,-0.0875774919986725
bfa,1978,-0.0776641443371773
bfa,1979,-0.100990369915962
bfa,1980,-0.114048406481743
bfa,1981,-0.116071030497551
bfa,1982,-0.112742051482201
bfa,1983,-0.0978074669837952
bfa,1984,-0.0403508879244328
bfa,1985,-0.0479018539190292
bfa,1986,-0.0550802461802959
bfa,1987,-0.048151046037674
bfa,1988,-0.0494332127273083
bfa,1989,-0.047790851444006
bfa,1990,-0.0511762052774429
bfa,1991,-0.0455175489187241
bfa,1992,-0.0467910207808018
bfa,1993,-0.0402239039540291
bfa,1994,-0.0327804647386074
bfa,1995,-0.0843488126993179
bfa,1996,-0.089781828224659
bfa,1997,-0.10773304104805
bfa,1998,-0.12064016610384
bfa,1999,-0.110179387032986
bfa,2000,-0.104008987545967
bfa,2001,-0.0681877583265305
bfa,2002,-0.0666412934660912
bfa,2003,-0.0910150036215782
bfa,2004,-0.100629076361656
bfa,2005,-0.109524570405483
bfa,2006,-0.114114493131638
bfa,2007,-0.121991939842701
bfa,2008,-0.139295548200607
bfa,2009,-0.149045422673225
bfa,2010,-0.145837962627411
bfa,2011,-0.164370477199554
bfa,2012,-0.214528203010559
bfa,2013,-0.233823642134666
bfa,2014,-0.197234451770782
bfa,2015,-0.168729722499847
bfa,2016,-0.172522202134132
bfa,2017,-0.177576929330826
bfa,2018,-0.186988964676857
bfa,2019,-0.185317903757095
bfa,2020,-0.177374497056007
bfa,2021,-0.195966392755508
bfa,2022,-0.217043295502663
bfa,2023,-0.221757471561432
bgd,1959,-0.0405759103596211
bgd,1960,-0.0570894591510296
bgd,1961,-0.0730948895215988
bgd,1962,-0.0603008270263672
bgd,1963,-0.0657749250531197
bgd,1964,-0.07583437114954
bgd,1965,-0.0744743123650551
bgd,1966,-0.0752138495445252
bgd,1967,-0.0883153229951859
bgd,1968,-0.0794088467955589
bgd,1969,-0.0808336734771729
bgd,1970,-0.0838954299688339
bgd,1971,-0.0657264292240143
bgd,1972,-0.067799411714077
bgd,1973,-0.0665121376514435
bgd,1974,-0.042790450155735
bgd,1975,-0.0566208809614182
bgd,1976,-0.0246041640639305
bgd,1977,-0.0289201401174068
bgd,1978,-0.0372295156121254
bgd,1979,-0.0404263250529766
bgd,1980,-0.0517788380384445
bgd,1981,-0.0481760986149311
bgd,1982,-0.0492805242538452
bgd,1983,-0.035961240530014
bgd,1984,-0.0450984090566635
bgd,1985,-0.0527915507555008
bgd,1986,-0.0412739180028439
bgd,1987,-0.0367086827754974
bgd,1988,-0.045035433024168
bgd,1989,-0.0405800864100456
bgd,1990,-0.0450653843581677
bgd,1991,-0.0358827784657478
bgd,1992,-0.0422423630952835
bgd,1993,-0.0413679145276547
bgd,1994,-0.0391456559300423
bgd,1995,-0.0541678108274937
bgd,1996,-0.0631231218576431
bgd,1997,-0.0721222907304764
bgd,1998,-0.0783882215619087
bgd,1999,-0.0541168004274368
bgd,2000,-0.0853677988052368
bgd,2001,-0.0930561199784279
bgd,2002,-0.100006639957428
bgd,2003,-0.0983046069741249
bgd,2004,-0.10012798756361
bgd,2005,-0.106890723109245
bgd,2006,-0.117747604846954
bgd,2007,-0.106993846595287
bgd,2008,-0.117668151855469
bgd,2009,-0.108209922909737
bgd,2010,-0.119609750807285
bgd,2011,-0.132148519158363
bgd,2012,-0.0922309458255768
bgd,2013,-0.0847208127379417
bgd,2014,-0.0818032920360565
bgd,2015,-0.11856634914875
bgd,2016,-0.0899676606059074
bgd,2017,-0.0910606682300568
bgd,2018,-0.102017872035503
bgd,2019,-0.0947970598936081
bgd,2020,-0.076382614672184
bgd,2021,-0.0859903693199158
bgd,2022,-0.111898519098759
bgd,2023,-0.0924823209643364
bgr,1970,-0.0189656019210815
bgr,1971,-0.019380759447813
bgr,1972,-0.0184597987681627
bgr,1973,-0.0219114907085896
bgr,1974,-0.0391241908073425
bgr,1975,-0.053401842713356
bgr,1976,-0.0443483106791973
bgr,1977,-0.0411917939782143
bgr,1978,-0.0406533516943455
bgr,1979,-0.0467669852077961
bgr,1980,-0.0385058298707008
bgr,1981,-0.0366951711475849
bgr,1982,-0.0275585297495127
bgr,1983,-0.0277692992240191
bgr,1984,-0.0314356982707977
bgr,1985,-0.0405151434242725
bgr,1986,-0.0332242883741856
bgr,1987,-0.0283315926790237
bgr,1988,-0.0260213688015938
bgr,1989,-0.0275995153933764
bgr,1990,-0.0398368686437607
bgr,1991,-0.0320638604462147
bgr,1992,-0.0777796804904938
bgr,1993,-0.0603395439684391
bgr,1994,-0.0655604675412178
bgr,1995,-0.0875325575470924
bgr,1996,-0.132399439811707
bgr,1997,-0.172040343284607
bgr,1998,-0.155662536621094
bgr,1999,-0.17153687775135
bgr,2000,-0.20056676864624
bgr,2001,-0.222579061985016
bgr,2002,-0.230981975793839
bgr,2003,-0.282168567180634
bgr,2004,-0.335320085287094
bgr,2005,-0.391907036304474
bgr,2006,-0.431994616985321
bgr,2007,-0.474441856145859
bgr,2008,-0.510852158069611
bgr,2009,-0.342587769031525
bgr,2010,-0.368753761053085
bgr,2011,-0.468690991401672
bgr,2012,-0.474468410015106
bgr,2013,-0.509872317314148
bgr,2014,-0.49381560087204
bgr,2015,-0.433105915784836
bgr,2016,-0.401868849992752
bgr,2017,-0.447651714086533
bgr,2018,-0.471328675746918
bgr,2019,-0.459006547927856
bgr,2020,-0.444361001253128
bgr,2021,-0.476785272359848
bgr,2022,-0.572662711143494
bgr,2023,-0.500502705574036
bhr,1970,-0.493926286697388
bhr,1971,-0.801578104496002
bhr,1972,-0.795683562755585
bhr,1973,-0.809831738471985
bhr,1974,-1.32677316665649
bhr,1975,-1.17981994152069
bhr,1976,-1.29588282108307
bhr,1977,-1.33821201324463
bhr,1978,-1.04966509342194
bhr,1979,-0.563112616539002
bhr,1980,-0.452079266309738
bhr,1981,-0.497226655483246
bhr,1982,-0.681526243686676
bhr,1983,-0.704423189163208
bhr,1984,-0.69167172908783
bhr,1985,-1.10450577735901
bhr,1986,-0.655371785163879
bhr,1987,-0.565822720527649
bhr,1988,-0.445669800043106
bhr,1989,-0.543065845966339
bhr,1990,-0.452761620283127
bhr,1991,-0.534247815608978
bhr,1992,-0.648840308189392
bhr,1993,-0.541483223438263
bhr,1994,-0.765726804733276
bhr,1995,-0.708052158355713
bhr,1996,-0.498035669326782
bhr,1997,-0.301568269729614
bhr,1998,-0.412075698375702
bhr,1999,-0.294279962778091
bhr,2000,-0.516089797019959
bhr,2001,-0.509739398956299
bhr,2002,-0.609415173530579
bhr,2003,-0.499994903802872
bhr,2004,-0.51802009344101
bhr,2005,-0.533152163028717
bhr,2006,-0.420763224363327
bhr,2007,-0.465996474027634
bhr,2008,-0.468026518821716
bhr,2009,-0.403639823198319
bhr,2010,-0.477449238300324
bhr,2011,-0.486587673425674
bhr,2012,-0.309622645378113
bhr,2013,-0.413549453020096
bhr,2014,-0.468568384647369
bhr,2015,-0.431817561388016
bhr,2016,-0.387845039367676
bhr,2017,-0.381950378417969
bhr,2018,-0.425732910633087
bhr,2019,-0.375376880168915
bhr,2020,-0.365759432315826
bhr,2021,-0.473653435707092
bhr,2022,-0.521129786968231
bhr,2023,-0.597823798656464
bhs,1970,-0.784970462322235
bhs,1971,-0.722920954227448
bhs,1972,-0.717527449131012
bhs,1973,-0.681852042675018
bhs,1974,-0.742185056209564
bhs,1975,-0.844325065612793
bhs,1976,-0.754573822021484
bhs,1977,-0.911743879318237
bhs,1978,-0.730617165565491
bhs,1979,-0.73717874288559
bhs,1980,-0.71640408039093
bhs,1981,-0.90511554479599
bhs,1982,-0.850005030632019
bhs,1983,-0.803152620792389
bhs,1984,-0.767190933227539
bhs,1985,-0.724166631698608
bhs,1986,-0.691026926040649
bhs,1987,-0.614543080329895
bhs,1988,-0.628509938716888
bhs,1989,-0.525286734104157
bhs,1990,-0.594828605651856
bhs,1991,-0.608531951904297
bhs,1992,-0.516325294971466
bhs,1993,-0.61793065071106
bhs,1994,-0.6148921251297
bhs,1995,-0.647890567779541
bhs,1996,-0.53442108631134
bhs,1997,-0.673445165157318
bhs,1998,-0.705074727535248
bhs,1999,-0.655462622642517
bhs,2000,-0.679899573326111
bhs,2001,-0.747105360031128
bhs,2002,-0.535700976848602
bhs,2003,-0.558614015579224
bhs,2004,-0.604195892810822
bhs,2005,-0.616860091686249
bhs,2006,-0.817209839820862
bhs,2007,-0.723408818244934
bhs,2008,-0.766935467720032
bhs,2009,-0.563385665416718
bhs,2010,-0.609369695186615
bhs,2011,-0.664531826972961
bhs,2012,-0.618865013122559
bhs,2013,-0.77430659532547
bhs,2014,-0.653952181339264
bhs,2015,-0.703949093818665
bhs,2016,-0.736922025680542
bhs,2017,-0.771645426750183
bhs,2018,-0.749438166618347
bhs,2019,-0.701093077659607
bhs,2020,-0.664482235908508
bhs,2021,-0.768158257007599
bhs,2022,-0.64087700843811
bhs,2023,-0.656421482563019
bih,1990,-2.02671575546265
bih,1991,-1.54227077960968
bih,1992,-1.99909222126007
bih,1993,-1.23140788078308
bih,1994,-0.662000119686127
bih,1995,-0.30607807636261
bih,1996,-0.270316421985626
bih,1997,-0.271348804235458
bih,1998,-0.324684262275696
bih,1999,-0.333738714456558
bih,2000,-0.392394512891769
bih,2001,-0.419700562953949
bih,2002,-0.425489813089371
bih,2003,-0.485265254974365
bih,2004,-0.523603796958923
bih,2005,-0.512986660003662
bih,2006,-0.463114380836487
bih,2007,-0.512040257453919
bih,2008,-0.574514627456665
bih,2009,-0.440220296382904
bih,2010,-0.458795011043549
bih,2011,-0.496160924434662
bih,2012,-0.463736683130264
bih,2013,-0.466674596071243
bih,2014,-0.481812953948975
bih,2015,-0.421366572380066
bih,2016,-0.421181589365006
bih,2017,-0.466946214437485
bih,2018,-0.485255241394043
bih,2019,-0.454139828681946
bih,2020,-0.404837042093277
bih,2021,-0.482651799917221
bih,2022,-0.502450466156006
bih,2023,-0.46477547287941
blr,1990,-0.284720778465271
blr,1991,-0.264077544212341
blr,1992,-0.189339205622673
blr,1993,-0.395579010248184
blr,1994,-0.0742522031068802
blr,1995,-0.050369169563055
blr,1996,-0.120795972645283
blr,1997,-0.169721394777298
blr,1998,-0.196702510118485
blr,1999,-0.156071931123734
blr,2000,-0.186653599143028
blr,2001,-0.205615937709808
blr,2002,-0.223870888352394
blr,2003,-0.236298903822899
blr,2004,-0.292267620563507
blr,2005,-0.287964135408402
blr,2006,-0.331827729940414
blr,2007,-0.360254019498825
blr,2008,-0.380350202322006
blr,2009,-0.311835914850235
blr,2010,-0.326944172382355
blr,2011,-0.380124032497406
blr,2012,-0.424496173858643
blr,2013,-0.36024221777916
blr,2014,-0.369172811508179
blr,2015,-0.291702091693878
blr,2016,-0.269148111343384
blr,2017,-0.311534702777863
blr,2018,-0.338425666093826
blr,2019,-0.326034039258957
blr,2020,-0.280030071735382
blr,2021,-0.304586112499237
blr,2022,-0.284728467464447
blr,2023,-0.307715892791748
blz,1970,-0.411729365587235
blz,1971,-0.40056836605072
blz,1972,-0.469488501548767
blz,1973,-0.422299355268478
blz,1974,-0.501313030719757
blz,1975,-0.50874662399292
blz,1976,-0.53518408536911
blz,1977,-0.500674962997437
blz,1978,-0.528904259204865
blz,1979,-0.554852843284607
blz,1980,-0.494927257299423
blz,1981,-0.527472257614136
blz,1982,-0.392866045236588
blz,1983,-0.339743137359619
blz,1984,-0.490287154912949
blz,1985,-0.48745921254158
blz,1986,-0.388174742460251
blz,1987,-0.394580662250519
blz,1988,-0.399788677692413
blz,1989,-0.367141127586365
blz,1990,-0.323640525341034
blz,1991,-0.31519028544426
blz,1992,-0.404994755983353
blz,1993,-0.391123414039612
blz,1994,-0.399078607559204
blz,1995,-0.384062379598618
blz,1996,-0.401500314474106
blz,1997,-0.514491617679596
blz,1998,-0.555264294147492
blz,1999,-0.640119314193726
blz,2000,-0.713293313980103
blz,2001,-0.801927864551544
blz,2002,-0.703351199626923
blz,2003,-0.609939277172089
blz,2004,-0.518690705299377
blz,2005,-0.554636955261231
blz,2006,-0.528493285179138
blz,2007,-0.481590867042542
blz,2008,-0.576508104801178
blz,2009,-0.50553572177887
blz,2010,-0.477364182472229
blz,2011,-0.528925120830536
blz,2012,-0.583957552909851
blz,2013,-0.643162429332733
blz,2014,-0.609561562538147
blz,2015,-0.727930843830109
blz,2016,-0.703548669815064
blz,2017,-0.698390662670136
blz,2018,-0.693878710269928
blz,2019,-0.654154002666473
blz,2020,-0.524196863174439
blz,2021,-0.629367828369141
blz,2022,-0.672268927097321
blz,2023,-0.635117113590241
bmu,1970,-2.95110273361206
bmu,1971,-0.592185974121094
bmu,1972,-0.693613648414612
bmu,1973,-0.70984023809433
bmu,1974,-1.14278221130371
bmu,1975,-1.03078925609589
bmu,1976,-0.802157044410706
bmu,1977,-0.913235187530518
bmu,1978,-0.927130699157715
bmu,1979,-0.973979711532593
bmu,1980,-1.62474298477173
bmu,1981,-1.52124798297882
bmu,1982,-1.48620760440826
bmu,1983,-1.38668572902679
bmu,1984,-1.32051086425781
bmu,1985,-1.53302085399628
bmu,1986,-0.867421746253967
bmu,1987,-0.595937073230743
bmu,1988,-0.761825680732727
bmu,1989,-2.12134909629822
bmu,1990,-0.85619181394577
bmu,1991,-0.609770655632019
bmu,1992,-1.12455224990845
bmu,1993,-1.02356481552124
bmu,1994,-3.34764170646668
bmu,1995,-0.9798863530159
bmu,1996,-1.73539221286774
bmu,1997,-0.766712009906769
bmu,1998,-17.7836742401123
bmu,1999,-5.29598760604858
bmu,2000,-1167.04016113281
bmu,2001,-44.8472518920898
bmu,2002,-0.913944065570831
bmu,2003,-19.3961124420166
bmu,2004,-18.5758781433105
bmu,2005,-0.655249416828156
bmu,2006,-0.630628764629364
bmu,2007,-0.624353051185608
bmu,2008,-0.472662806510925
bmu,2009,-0.43470498919487
bmu,2010,-0.373723417520523
bmu,2011,-0.332984209060669
bmu,2012,-0.411333620548248
bmu,2013,-0.521194398403168
bmu,2014,-0.500713348388672
bmu,2015,-0.574351251125336
bmu,2016,-0.641039967536926
bmu,2017,-0.653093814849854
bmu,2018,-0.600632190704346
bmu,2019,-0.562999904155731
bmu,2020,-0.415609955787659
bmu,2021,-0.471383154392242
bmu,2022,-0.57320362329483
bmu,2023,-0.507457315921783
bol,1950,-0.138362884521484
bol,1951,-0.197496935725212
bol,1952,-0.18477988243103
bol,1953,-0.152357161045074
bol,1954,-0.163733303546906
bol,1955,-0.168558448553085
bol,1956,-0.161936447024345
bol,1957,-0.200251042842865
bol,1958,-0.161624670028687
bol,1959,-0.189698576927185
bol,1960,-0.216868981719017
bol,1961,-0.216271102428436
bol,1962,-0.215764477849007
bol,1963,-0.207327604293823
bol,1964,-0.171455278992653
bol,1965,-0.224608033895493
bol,1966,-0.20912130177021
bol,1967,-0.198710769414902
bol,1968,-0.236316531896591
bol,1969,-0.232869580388069
bol,1970,-0.20964714884758
bol,1971,-0.237183690071106
bol,1972,-0.220595762133598
bol,1973,-0.197269529104233
bol,1974,-0.242446750402451
bol,1975,-0.289163559675217
bol,1976,-0.284628570079803
bol,1977,-0.220310240983963
bol,1978,-0.242758423089981
bol,1979,-0.250198185443878
bol,1980,-0.192751973867416
bol,1981,-0.210026934742928
bol,1982,-0.0691669434309006
bol,1983,-0.0802116394042969
bol,1984,-0.0627328976988792
bol,1985,-0.1152608320117
bol,1986,-0.138409733772278
bol,1987,-0.126306667923927
bol,1988,-0.0983207449316979
bol,1989,-0.0947820916771889
bol,1990,-0.102603860199451
bol,1991,-0.125982254743576
bol,1992,-0.157967671751976
bol,1993,-0.158089905977249
bol,1994,-0.13953585922718
bol,1995,-0.135612308979034
bol,1996,-0.143644839525223
bol,1997,-0.169679179787636
bol,1998,-0.209831655025482
bol,1999,-0.160519301891327
bol,2000,-0.184200927615166
bol,2001,-0.166115343570709
bol,2002,-0.159934803843498
bol,2003,-0.137782469391823
bol,2004,-0.137834146618843
bol,2005,-0.153866693377495
bol,2006,-0.172492012381554
bol,2007,-0.188475593924522
bol,2008,-0.202122867107391
bol,2009,-0.183911100029945
bol,2010,-0.210471227765083
bol,2011,-0.249503776431084
bol,2012,-0.241360053420067
bol,2013,-0.215489596128464
bol,2014,-0.235838174819946
bol,2015,-0.23614838719368
bol,2016,-0.183708384633064
bol,2017,-0.192118287086487
bol,2018,-0.192787438631058
bol,2019,-0.188189312815666
bol,2020,-0.15262134373188
bol,2021,-0.169673442840576
bol,2022,-0.190481498837471
bol,2023,-0.169961169362068
bra,1950,-0.113973565399647
bra,1951,-0.187251433730125
bra,1952,-0.138270422816277
bra,1953,-0.0899944677948952
bra,1954,-0.107118047773838
bra,1955,-0.0826960280537605
bra,1956,-0.0844584107398987
bra,1957,-0.0888012424111366
bra,1958,-0.0732148513197899
bra,1959,-0.0823325365781784
bra,1960,-0.0937625914812088
bra,1961,-0.0768237635493279
bra,1962,-0.0643988847732544
bra,1963,-0.0589472949504852
bra,1964,-0.0484152436256409
bra,1965,-0.0378021933138371
bra,1966,-0.0463886857032776
bra,1967,-0.0443752519786358
bra,1968,-0.0485409386456013
bra,1969,-0.051996011286974
bra,1970,-0.0557591915130615
bra,1971,-0.0584862269461155
bra,1972,-0.0610097497701645
bra,1973,-0.0686343386769295
bra,1974,-0.0979382768273354
bra,1975,-0.0885400623083115
bra,1976,-0.0798718705773354
bra,1977,-0.0711476430296898
bra,1978,-0.0692861676216126
bra,1979,-0.0742015242576599
bra,1980,-0.0889091044664383
bra,1981,-0.0692304521799088
bra,1982,-0.0604213923215866
bra,1983,-0.049856711179018
bra,1984,-0.0454745218157768
bra,1985,-0.0439966097474098
bra,1986,-0.0356653816998005
bra,1987,-0.0332402884960175
bra,1988,-0.0332504287362099
bra,1989,-0.0381512828171253
bra,1990,-0.0487416684627533
bra,1991,-0.0503167361021042
bra,1992,-0.055339265614748
bra,1993,-0.0647464990615845
bra,1994,-0.0792863070964813
bra,1995,-0.0896144956350327
bra,1996,-0.0765564516186714
bra,1997,-0.091563992202282
bra,1998,-0.0950406491756439
bra,1999,-0.082201175391674
bra,2000,-0.102223873138428
bra,2001,-0.107303537428379
bra,2002,-0.0886470749974251
bra,2003,-0.089183121919632
bra,2004,-0.0982740595936775
bra,2005,-0.110612519085407
bra,2006,-0.119293056428432
bra,2007,-0.128664270043373
bra,2008,-0.147300407290459
bra,2009,-0.119185924530029
bra,2010,-0.141555085778236
bra,2011,-0.14910052716732
bra,2012,-0.152201011776924
bra,2013,-0.15873521566391
bra,2014,-0.151058062911034
bra,2015,-0.133541718125343
bra,2016,-0.122319445014
bra,2017,-0.131545275449753
bra,2018,-0.140712574124336
bra,2019,-0.137792214751244
bra,2020,-0.125292956829071
bra,2021,-0.141875237226486
bra,2022,-0.147319540381432
bra,2023,-0.132674962282181
brb,1960,-0.404957354068756
brb,1961,-0.35606449842453
brb,1962,-0.340059757232666
brb,1963,-0.381893783807755
brb,1964,-0.410991042852402
brb,1965,-0.370871812105179
brb,1966,-0.362874656915665
brb,1967,-0.471980452537537
brb,1968,-0.488584995269775
brb,1969,-0.464780956506729
brb,1970,-0.47884139418602
brb,1971,-0.445361465215683
brb,1972,-0.419381469488144
brb,1973,-0.53425520658493
brb,1974,-0.752748847007752
brb,1975,-0.504174113273621
brb,1976,-0.612562537193298
brb,1977,-0.629024624824524
brb,1978,-0.689956367015839
brb,1979,-0.765337228775024
brb,1980,-0.882212460041046
brb,1981,-0.908312082290649
brb,1982,-0.710720539093018
brb,1983,-0.685819387435913
brb,1984,-0.677959978580475
brb,1985,-0.701373219490051
brb,1986,-0.503185987472534
brb,1987,-0.356068879365921
brb,1988,-0.374820172786713
brb,1989,-0.375213742256165
brb,1990,-0.395019769668579
brb,1991,-0.345928281545639
brb,1992,-0.405752331018448
brb,1993,-0.406548500061035
brb,1994,-0.247135400772095
brb,1995,-0.25869619846344
brb,1996,-0.261986017227173
brb,1997,-0.356055229902267
brb,1998,-0.364992767572403
brb,1999,-0.386446416378021
brb,2000,-0.463333785533905
brb,2001,-0.452099084854126
brb,2002,-0.442492246627808
brb,2003,-0.520731210708618
brb,2004,-0.459694445133209
brb,2005,-0.696799218654633
brb,2006,-0.717803537845612
brb,2007,-0.464311897754669
brb,2008,-0.59118002653122
brb,2009,-0.521385550498962
brb,2010,-0.462094753980637
brb,2011,-0.704702377319336
brb,2012,-0.802360475063324
brb,2013,-0.846634030342102
brb,2014,-0.807039260864258
brb,2015,-0.854170083999634
brb,2016,-0.89274662733078
brb,2017,-0.892392516136169
brb,2018,-0.977767467498779
brb,2019,-0.998655438423157
brb,2020,-0.79566615819931
brb,2021,-1.08079147338867
brb,2022,-1.48524010181427
brb,2023,-1.18778347969055
brn,1970,-0.135634005069733
brn,1971,-0.125361919403076
brn,1972,-0.12871789932251
brn,1973,-0.124181687831879
brn,1974,-0.114865399897099
brn,1975,-0.149347573518753
brn,1976,-0.125908777117729
brn,1977,-0.123850449919701
brn,1978,-0.107029341161251
brn,1979,-0.0992900356650353
brn,1980,-0.108045443892479
brn,1981,-0.118216663599014
brn,1982,-0.121492341160774
brn,1983,-0.122295431792736
brn,1984,-0.129418358206749
brn,1985,-0.127921149134636
brn,1986,-0.157444179058075
brn,1987,-0.111982293426991
brn,1988,-0.13919860124588
brn,1989,-0.160415634512901
brn,1990,-0.16575600206852
brn,1991,-0.193994238972664
brn,1992,-0.206182256340981
brn,1993,-0.244452700018883
brn,1994,-0.241462886333466
brn,1995,-0.330772370100021
brn,1996,-0.302650421857834
brn,1997,-0.356939792633057
brn,1998,-0.334085941314697
brn,1999,-0.279931485652924
brn,2000,-0.239419609308243
brn,2001,-0.275304883718491
brn,2002,-0.285573154687881
brn,2003,-0.218379989266396
brn,2004,-0.199929147958756
brn,2005,-0.176303386688232
brn,2006,-0.159287363290787
brn,2007,-0.176453202962875
brn,2008,-0.183675989508629
brn,2009,-0.234998777508736
brn,2010,-0.230323478579521
brn,2011,-0.243455410003662
brn,2012,-0.277998626232147
brn,2013,-0.330895513296127
brn,2014,-0.284785568714142
brn,2015,-0.311329513788223
brn,2016,-0.28335165977478
brn,2017,-0.276689380407333
brn,2018,-0.328626245260239
brn,2019,-0.341352045536041
brn,2020,-0.312241584062576
brn,2021,-0.428897976875305
brn,2022,-0.489441961050034
brn,2023,-0.427831411361694
btn,1970,-0.136713206768036
btn,1971,-0.134008258581162
btn,1972,-0.130913719534874
btn,1973,-0.137293726205826
btn,1974,-0.166998118162155
btn,1975,-0.164601340889931
btn,1976,-0.163203552365303
btn,1977,-0.15926593542099
btn,1978,-0.159292310476303
btn,1979,-0.16914938390255
btn,1980,-0.171748340129852
btn,1981,-0.197388559579849
btn,1982,-0.175840049982071
btn,1983,-0.156109109520912
btn,1984,-0.163726165890694
btn,1985,-0.193145364522934
btn,1986,-0.179853141307831
btn,1987,-0.146446108818054
btn,1988,-0.19097426533699
btn,1989,-0.134886503219605
btn,1990,-0.111510775983334
btn,1991,-0.109835118055344
btn,1992,-0.143937110900879
btn,1993,-0.123910620808601
btn,1994,-0.115227788686752
btn,1995,-0.0436475612223148
btn,1996,-0.0415148809552193
btn,1997,-0.042016975581646
btn,1998,-0.135505840182304
btn,1999,-0.156128481030464
btn,2000,-0.0236893557012081
btn,2001,-0.0246864780783653
btn,2002,-0.0320734977722168
btn,2003,-0.068570576608181
btn,2004,-0.108693540096283
btn,2005,-0.196814477443695
btn,2006,-0.199120700359344
btn,2007,-0.206678435206413
btn,2008,-0.192626297473907
btn,2009,-0.18651108443737
btn,2010,-0.22906568646431
btn,2011,-0.256121426820755
btn,2012,-0.218426495790482
btn,2013,-0.0672314539551735
btn,2014,-0.0614077746868134
btn,2015,-0.10891730338335
btn,2016,-0.0864728167653084
btn,2017,-0.0863651260733604
btn,2018,-0.09074617177248
btn,2019,-0.0814573913812637
btn,2020,-0.0761993303894997
btn,2021,-0.0838358998298645
btn,2022,-0.106644615530968
btn,2023,-0.0936938151717186
bwa,1960,-0.362392872571945
bwa,1961,-0.37310791015625
bwa,1962,-0.347712695598602
bwa,1963,-0.362077414989471
bwa,1964,-0.364728569984436
bwa,1965,-0.411790102720261
bwa,1966,-0.391165047883987
bwa,1967,-0.38207533955574
bwa,1968,-0.521744072437286
bwa,1969,-0.611974775791168
bwa,1970,-0.732181012630463
bwa,1971,-0.714676737785339
bwa,1972,-0.688739478588104
bwa,1973,-0.731088042259216
bwa,1974,-0.849714934825897
bwa,1975,-0.793894052505493
bwa,1976,-0.746265947818756
bwa,1977,-0.731171190738678
bwa,1978,-0.705598652362824
bwa,1979,-0.755833923816681
bwa,1980,-0.846845030784607
bwa,1981,-0.791516244411469
bwa,1982,-0.740101277828217
bwa,1983,-0.602711915969849
bwa,1984,-0.469960004091263
bwa,1985,-0.422662377357483
bwa,1986,-0.384548425674439
bwa,1987,-0.343126118183136
bwa,1988,-0.346995204687119
bwa,1989,-0.417841792106628
bwa,1990,-0.429998278617859
bwa,1991,-0.341340035200119
bwa,1992,-0.310010612010956
bwa,1993,-0.288510203361511
bwa,1994,-0.282334417104721
bwa,1995,-0.285249680280685
bwa,1996,-0.236492872238159
bwa,1997,-0.297316759824753
bwa,1998,-0.318881660699844
bwa,1999,-0.27946212887764
bwa,2000,-0.275786548852921
bwa,2001,-0.244381472468376
bwa,2002,-0.342960000038147
bwa,2003,-0.354703933000565
bwa,2004,-0.284740626811981
bwa,2005,-0.241642534732819
bwa,2006,-0.22815066576004
bwa,2007,-0.270550906658173
bwa,2008,-0.277905941009522
bwa,2009,-0.333988845348358
bwa,2010,-0.356539011001587
bwa,2011,-0.398035138845444
bwa,2012,-0.498925536870956
bwa,2013,-0.474730610847473
bwa,2014,-0.433262258768082
bwa,2015,-0.493681252002716
bwa,2016,-0.342487812042236
bwa,2017,-0.266253232955933
bwa,2018,-0.290903121232986
bwa,2019,-0.333869457244873
bwa,2020,-0.373089641332626
bwa,2021,-0.365090638399124
bwa,2022,-0.329231590032578
bwa,2023,-0.264224290847778
caf,1960,-0.0486853383481503
caf,1961,-0.0498274117708206
caf,1962,-0.0634410157799721
caf,1963,-0.0504969246685505
caf,1964,-0.0518432594835758
caf,1965,-0.0447052456438541
caf,1966,-0.0485305711627007
caf,1967,-0.0651940181851387
caf,1968,-0.049945741891861
caf,1969,-0.0455006398260593
caf,1970,-0.0391836389899254
caf,1971,-0.0348699316382408
caf,1972,-0.0412457883358002
caf,1973,-0.0433443337678909
caf,1974,-0.0470711253583431
caf,1975,-0.0525614619255066
caf,1976,-0.0351920649409294
caf,1977,-0.0387468226253986
caf,1978,-0.0281684603542089
caf,1979,-0.0298697873950005
caf,1980,-0.0351652167737484
caf,1981,-0.0323599763214588
caf,1982,-0.0497375577688217
caf,1983,-0.0462658293545246
caf,1984,-0.0378142781555653
caf,1985,-0.0564392171800137
caf,1986,-0.0607419796288013
caf,1987,-0.0512975789606571
caf,1988,-0.060806080698967
caf,1989,-0.0982222259044647
caf,1990,-0.0606947690248489
caf,1991,-0.0518212355673313
caf,1992,-0.0496992953121662
caf,1993,-0.095578670501709
caf,1994,-0.0832257121801376
caf,1995,-0.123417921364307
caf,1996,-0.103472515940666
caf,1997,-0.0607379116117954
caf,1998,-0.0644247829914093
caf,1999,-0.0548215918242931
caf,2000,-0.0419240444898605
caf,2001,-0.0436505489051342
caf,2002,-0.0458279065787792
caf,2003,-0.0562364757061005
caf,2004,-0.0967065617442131
caf,2005,-0.0943499580025673
caf,2006,-0.0630045458674431
caf,2007,-0.0783232599496841
caf,2008,-0.0670663341879845
caf,2009,-0.073681615293026
caf,2010,-0.0696553587913513
caf,2011,-0.0710820704698563
caf,2012,-0.0624596141278744
caf,2013,-0.04942661896348
caf,2014,-0.0859003961086273
caf,2015,-0.187979757785797
caf,2016,-0.154343917965889
caf,2017,-0.152906268835068
caf,2018,-0.129793167114258
caf,2019,-0.126418069005013
caf,2020,-0.116638228297234
caf,2021,-0.10896398127079
caf,2022,-0.125379100441933
caf,2023,-0.109829239547253
can,1950,-0.186622872948647
can,1951,-0.235572353005409
can,1952,-0.210988789796829
can,1953,-0.203698933124542
can,1954,-0.191252246499062
can,1955,-0.200098663568497
can,1956,-0.214099779725075
can,1957,-0.202916651964188
can,1958,-0.170572891831398
can,1959,-0.177083298563957
can,1960,-0.197479724884033
can,1961,-0.183698937296867
can,1962,-0.157069772481918
can,1963,-0.151904404163361
can,1964,-0.158169656991959
can,1965,-0.166519597172737
can,1966,-0.170763239264488
can,1967,-0.17824549973011
can,1968,-0.18002887070179
can,1969,-0.186839878559113
can,1970,-0.172966882586479
can,1971,-0.177863746881485
can,1972,-0.193001434206963
can,1973,-0.218361526727676
can,1974,-0.283217787742615
can,1975,-0.261021792888641
can,1976,-0.257117927074432
can,1977,-0.246762648224831
can,1978,-0.234695717692375
can,1979,-0.271263003349304
can,1980,-0.275050789117813
can,1981,-0.275739014148712
can,1982,-0.222009897232056
can,1983,-0.231133341789246
can,1984,-0.256937265396118
can,1985,-0.261616677045822
can,1986,-0.24901320040226
can,1987,-0.227421179413795
can,1988,-0.243114173412323
can,1989,-0.24775855243206
can,1990,-0.24348983168602
can,1991,-0.235377535223961
can,1992,-0.258696973323822
can,1993,-0.281490564346314
can,1994,-0.292203336954117
can,1995,-0.289202660322189
can,1996,-0.295538157224655
can,1997,-0.340564846992493
can,1998,-0.350856095552444
can,1999,-0.347429543733597
can,2000,-0.371322870254517
can,2001,-0.359369724988937
can,2002,-0.36043056845665
can,2003,-0.345183610916138
can,2004,-0.355849057435989
can,2005,-0.3815997838974
can,2006,-0.407141327857971
can,2007,-0.400864064693451
can,2008,-0.385597109794617
can,2009,-0.340731382369995
can,2010,-0.392322152853012
can,2011,-0.414457350969315
can,2012,-0.423907518386841
can,2013,-0.402376443147659
can,2014,-0.375942319631577
can,2015,-0.377097278833389
can,2016,-0.362515777349472
can,2017,-0.35695692896843
can,2018,-0.367017924785614
can,2019,-0.364610224962235
can,2020,-0.33862778544426
can,2021,-0.359658122062683
can,2022,-0.39795857667923
can,2023,-0.375083237886429
che,1950,-0.132250815629959
che,1951,-0.145714089274406
che,1952,-0.125192478299141
che,1953,-0.115628242492676
che,1954,-0.122675441205502
che,1955,-0.13042838871479
che,1956,-0.138160109519959
che,1957,-0.142755761742592
che,1958,-0.12743516266346
che,1959,-0.135965839028358
che,1960,-0.166115269064903
che,1961,-0.177519887685776
che,1962,-0.166218474507332
che,1963,-0.165851354598999
che,1964,-0.167979344725609
che,1965,-0.160889938473701
che,1966,-0.159929886460304
che,1967,-0.15545155107975
che,1968,-0.16009646654129
che,1969,-0.168213725090027
che,1970,-0.180336222052574
che,1971,-0.175633519887924
che,1972,-0.178867697715759
che,1973,-0.193832531571388
che,1974,-0.226731047034264
che,1975,-0.199552029371262
che,1976,-0.225927799940109
che,1977,-0.245037153363228
che,1978,-0.260539919137955
che,1979,-0.282770663499832
che,1980,-0.328114420175552
che,1981,-0.329444497823715
che,1982,-0.321367889642715
che,1983,-0.31705504655838
che,1984,-0.346782088279724
che,1985,-0.341374844312668
che,1986,-0.374526143074036
che,1987,-0.408056855201721
che,1988,-0.418318927288055
che,1989,-0.408716440200806
che,1990,-0.441708892583847
che,1991,-0.393637895584106
che,1992,-0.427565962076187
che,1993,-0.398272454738617
che,1994,-0.409446209669113
che,1995,-0.443044364452362
che,1996,-0.433646768331528
che,1997,-0.418590873479843
che,1998,-0.444683611392975
che,1999,-0.433352440595627
che,2000,-0.490994244813919
che,2001,-0.518418192863464
che,2002,-0.502401828765869
che,2003,-0.519290506839752
che,2004,-0.551393866539002
che,2005,-0.569160640239716
che,2006,-0.579117953777313
che,2007,-0.563053965568543
che,2008,-0.565873861312866
che,2009,-0.493584454059601
che,2010,-0.544899582862854
che,2011,-0.536509394645691
che,2012,-0.499953806400299
che,2013,-0.497661769390106
che,2014,-0.675022125244141
che,2015,-0.652812659740448
che,2016,-0.669459283351898
che,2017,-0.644036591053009
che,2018,-0.639633536338806
che,2019,-0.607513308525085
che,2020,-0.587039232254028
che,2021,-0.605436027050018
che,2022,-0.653075397014618
che,2023,-0.637346386909485
chl,1951,-0.0851853340864182
chl,1952,-0.0746105089783669
chl,1953,-0.0677730813622475
chl,1954,-0.0618938133120537
chl,1955,-0.0738998949527741
chl,1956,-0.0745458751916885
chl,1957,-0.0750809013843536
chl,1958,-0.0622486807405949
chl,1959,-0.0632084161043167
chl,1960,-0.0965316221117973
chl,1961,-0.107429191470146
chl,1962,-0.0707665011286736
chl,1963,-0.131485134363174
chl,1964,-0.0941152796149254
chl,1965,-0.125226706266403
chl,1966,-0.113008037209511
chl,1967,-0.0950464084744453
chl,1968,-0.115182004868984
chl,1969,-0.110280103981495
chl,1970,-0.105172336101532
chl,1971,-0.098943404853344
chl,1972,-0.0824576392769814
chl,1973,-0.0593552142381668
chl,1974,-0.110999174416065
chl,1975,-0.098448783159256
chl,1976,-0.100889280438423
chl,1977,-0.0989373251795769
chl,1978,-0.115543715655804
chl,1979,-0.155340984463692
chl,1980,-0.166146755218506
chl,1981,-0.190359175205231
chl,1982,-0.11184074729681
chl,1983,-0.101342856884003
chl,1984,-0.114593327045441
chl,1985,-0.0964390635490418
chl,1986,-0.0990782752633095
chl,1987,-0.107297517359257
chl,1988,-0.115147665143013
chl,1989,-0.141673132777214
chl,1990,-0.144391506910324
chl,1991,-0.131190866231918
chl,1992,-0.151434615254402
chl,1993,-0.161490067839623
chl,1994,-0.148218467831612
chl,1995,-0.162626564502716
chl,1996,-0.171744376420975
chl,1997,-0.188434883952141
chl,1998,-0.186741411685944
chl,1999,-0.170308664441109
chl,2000,-0.19482085108757
chl,2001,-0.197864174842834
chl,2002,-0.187333032488823
chl,2003,-0.20637321472168
chl,2004,-0.229281917214394
chl,2005,-0.265212327241898
chl,2006,-0.255560845136642
chl,2007,-0.269384026527405
chl,2008,-0.359170109033585
chl,2009,-0.257337093353272
chl,2010,-0.308432996273041
chl,2011,-0.32942408323288
chl,2012,-0.306859016418457
chl,2013,-0.298262566328049
chl,2014,-0.256987184286118
chl,2015,-0.243904054164886
chl,2016,-0.237452983856201
chl,2017,-0.245519369840622
chl,2018,-0.262263149023056
chl,2019,-0.254639714956284
chl,2020,-0.230124607682228
chl,2021,-0.301582366228104
chl,2022,-0.322960197925568
chl,2023,-0.266187071800232
chn,1952,-0.00601448956876993
chn,1953,-0.00575905106961727
chn,1954,-0.00600103521719575
chn,1955,-0.00604162318632007
chn,1956,-0.00582833820953965
chn,1957,-0.0057518482208252
chn,1958,-0.00526787946000695
chn,1959,-0.00663536693900824
chn,1960,-0.0097780330106616
chn,1961,-0.00718828057870269
chn,1962,-0.00490117073059082
chn,1963,-0.00619598384946585
chn,1964,-0.00764132384210825
chn,1965,-0.00928353331983089
chn,1966,-0.00960775185376406
chn,1967,-0.00949261244386435
chn,1968,-0.00927759334445
chn,1969,-0.00827077589929104
chn,1970,-0.00913616828620434
chn,1971,-0.00818745605647564
chn,1972,-0.00893192458897829
chn,1973,-0.0140604013577104
chn,1974,-0.0247621312737465
chn,1975,-0.0216949339956045
chn,1976,-0.0171707328408957
chn,1977,-0.0179772675037384
chn,1978,-0.0193177685141563
chn,1979,-0.0286184810101986
chn,1980,-0.03551384806633
chn,1981,-0.0347080640494823
chn,1982,-0.0307544823735952
chn,1983,-0.0281461980193853
chn,1984,-0.0497539974749088
chn,1985,-0.0667737871408463
chn,1986,-0.0616659931838512
chn,1987,-0.0514040887355804
chn,1988,-0.0575797110795975
chn,1989,-0.0577001608908176
chn,1990,-0.0495202727615833
chn,1991,-0.0509816557168961
chn,1992,-0.0615156963467598
chn,1993,-0.07203708589077
chn,1994,-0.0736511796712875
chn,1995,-0.0745256692171097
chn,1996,-0.0704766660928726
chn,1997,-0.0697867199778557
chn,1998,-0.065253846347332
chn,1999,-0.0708431452512741
chn,2000,-0.0859969928860664
chn,2001,-0.0868792086839676
chn,2002,-0.0941289216279984
chn,2003,-0.110657222568989
chn,2004,-0.127680346369743
chn,2005,-0.124509751796722
chn,2006,-0.133957862854004
chn,2007,-0.136734530329704
chn,2008,-0.142019048333168
chn,2009,-0.128888428211212
chn,2010,-0.151386931538582
chn,2011,-0.163432061672211
chn,2012,-0.15772770345211
chn,2013,-0.165324106812477
chn,2014,-0.150792717933655
chn,2015,-0.132980898022652
chn,2016,-0.125559374690056
chn,2017,-0.129479050636292
chn,2018,-0.136892765760422
chn,2019,-0.123543485999107
chn,2020,-0.118191085755825
chn,2021,-0.125509947538376
chn,2022,-0.127497375011444
chn,2023,-0.1219717040658
civ,1960,-0.198308914899826
civ,1961,-0.256716549396515
civ,1962,-0.192185059189796
civ,1963,-0.197020947933197
civ,1964,-0.255551874637604
civ,1965,-0.196347191929817
civ,1966,-0.181035563349724
civ,1967,-0.169372260570526
civ,1968,-0.163424968719482
civ,1969,-0.190240055322647
civ,1970,-0.216955006122589
civ,1971,-0.151451736688614
civ,1972,-0.141802132129669
civ,1973,-0.176804915070534
civ,1974,-0.220614373683929
civ,1975,-0.198826342821121
civ,1976,-0.196125000715256
civ,1977,-0.229207471013069
civ,1978,-0.241559237241745
civ,1979,-0.213419795036316
civ,1980,-0.213628321886063
civ,1981,-0.23997937142849
civ,1982,-0.218389600515366
civ,1983,-0.198747798800468
civ,1984,-0.106235802173615
civ,1985,-0.17934712767601
civ,1986,-0.112326368689537
civ,1987,-0.115853652358055
civ,1988,-0.10608945786953
civ,1989,-0.0956658869981766
civ,1990,-0.0888397395610809
civ,1991,-0.0999263748526573
civ,1992,-0.103904530405998
civ,1993,-0.0897496417164803
civ,1994,-0.0777906179428101
civ,1995,-0.139852717518806
civ,1996,-0.140199586749077
civ,1997,-0.153638482093811
civ,1998,-0.172899588942528
civ,1999,-0.174239978194237
civ,2000,-0.149204552173615
civ,2001,-0.163196980953217
civ,2002,-0.167685806751251
civ,2003,-0.167091101408005
civ,2004,-0.23887175321579
civ,2005,-0.29992026090622
civ,2006,-0.271862536668777
civ,2007,-0.277968555688858
civ,2008,-0.306440651416779
civ,2009,-0.241501078009605
civ,2010,-0.246610417962074
civ,2011,-0.18167319893837
civ,2012,-0.22983705997467
civ,2013,-0.256769150495529
civ,2014,-0.19169120490551
civ,2015,-0.167921006679535
civ,2016,-0.136126905679703
civ,2017,-0.142357677221298
civ,2018,-0.147285789251328
civ,2019,-0.136608511209488
civ,2020,-0.142839819192886
civ,2021,-0.164821922779083
civ,2022,-0.170355379581451
civ,2023,-0.163335055112839
cmr,1960,-0.10243097692728
cmr,1961,-0.0940055176615715
cmr,1962,-0.0830892771482468
cmr,1963,-0.0900115817785263
cmr,1964,-0.100486606359482
cmr,1965,-0.0894458070397377
cmr,1966,-0.0816062837839127
cmr,1967,-0.10392913967371
cmr,1968,-0.0929221957921982
cmr,1969,-0.101330243051052
cmr,1970,-0.110115438699722
cmr,1971,-0.103202596306801
cmr,1972,-0.0981866717338562
cmr,1973,-0.0808714106678963
cmr,1974,-0.113790452480316
cmr,1975,-0.118677332997322
cmr,1976,-0.124002546072006
cmr,1977,-0.132281586527824
cmr,1978,-0.114647187292576
cmr,1979,-0.230958670377731
cmr,1980,-0.229375824332237
cmr,1981,-0.200639620423317
cmr,1982,-0.150755256414413
cmr,1983,-0.116712160408497
cmr,1984,-0.0922360122203827
cmr,1985,-0.0955895707011223
cmr,1986,-0.126625895500183
cmr,1987,-0.119763396680355
cmr,1988,-0.0628524273633957
cmr,1989,-0.084959514439106
cmr,1990,-0.10278544574976
cmr,1991,-0.0588764660060406
cmr,1992,-0.0651065483689308
cmr,1993,-0.0449599586427212
cmr,1994,-0.0389244481921196
cmr,1995,-0.0593308433890343
cmr,1996,-0.0661307647824287
cmr,1997,-0.0798173248767853
cmr,1998,-0.0849202126264572
cmr,1999,-0.0732023045420647
cmr,2000,-0.0802167654037476
cmr,2001,-0.102595798671246
cmr,2002,-0.101755604147911
cmr,2003,-0.100138515233994
cmr,2004,-0.101228304207325
cmr,2005,-0.101094238460064
cmr,2006,-0.111373342573643
cmr,2007,-0.156470000743866
cmr,2008,-0.118054695427418
cmr,2009,-0.112393662333488
cmr,2010,-0.141363590955734
cmr,2011,-0.132124230265617
cmr,2012,-0.162407264113426
cmr,2013,-0.15067982673645
cmr,2014,-0.163815453648567
cmr,2015,-0.130723759531975
cmr,2016,-0.102978505194187
cmr,2017,-0.104889713227749
cmr,2018,-0.108006805181503
cmr,2019,-0.1119414716959
cmr,2020,-0.0889812856912613
cmr,2021,-0.0990454629063606
cmr,2022,-0.107116103172302
cmr,2023,-0.100308150053024
cod,1950,-0.00571983773261309
cod,1951,-0.00724714109674096
cod,1952,-0.00816475972533226
cod,1953,-0.00655722711235285
cod,1954,-0.00710128387436271
cod,1955,-0.00715346960350871
cod,1956,-0.00777947390452027
cod,1957,-0.00767211988568306
cod,1958,-0.00598982302471995
cod,1959,-0.0081584956496954
cod,1960,-0.0110439211130142
cod,1961,-0.0143837304785848
cod,1962,-0.00941090937703848
cod,1963,-0.00148609990719706
cod,1964,-0.00438282079994679
cod,1965,-0.00553520489484072
cod,1966,-0.0029233752284199
cod,1967,-0.0069471187889576
cod,1968,-0.00908023864030838
cod,1969,-0.00977739598602057
cod,1970,-0.0133015755563974
cod,1971,-0.0137850493192673
cod,1972,-0.0179287195205688
cod,1973,-0.0141735775396228
cod,1974,-0.0155667578801513
cod,1975,-0.0177806802093983
cod,1976,-0.0239777807146311
cod,1977,-0.0220438279211521
cod,1978,-0.0241781026124954
cod,1979,-0.0329765230417252
cod,1980,-0.031072435900569
cod,1981,-0.0296422243118286
cod,1982,-0.0297803208231926
cod,1983,-0.0330902077257633
cod,1984,-0.0471084080636501
cod,1985,-0.0741500034928322
cod,1986,-0.0653951615095139
cod,1987,-0.0573262721300125
cod,1988,-0.048722829669714
cod,1989,-0.0302337184548378
cod,1990,-0.0308277998119593
cod,1991,-0.0216110292822123
cod,1992,-0.015352544374764
cod,1993,-0.0123818507418036
cod,1994,-0.033767644315958
cod,1995,-0.0525476522743702
cod,1996,-0.0572240091860294
cod,1997,-0.0404154323041439
cod,1998,-0.0428030416369438
cod,1999,-0.0110779823735356
cod,2000,-0.0124142356216908
cod,2001,-0.0392528995871544
cod,2002,-0.0639386996626854
cod,2003,-0.0623355247080326
cod,2004,-0.0719294175505638
cod,2005,-0.085979737341404
cod,2006,-0.131556585431099
cod,2007,-0.116955973207951
cod,2008,-0.145209312438965
cod,2009,-0.127504900097847
cod,2010,-0.154443755745888
cod,2011,-0.156413167715073
cod,2012,-0.180064678192139
cod,2013,-0.165466576814652
cod,2014,-0.134044200181961
cod,2015,-0.135405644774437
cod,2016,-0.0820487961173058
cod,2017,-0.104240417480469
cod,2018,-0.112094104290009
cod,2019,-0.101622976362705
cod,2020,-0.11175662279129
cod,2021,-0.222567692399025
cod,2022,-0.284451633691788
cod,2023,-0.467374294996262
cog,1960,-1.0361829996109
cog,1961,-1.14759767055511
cog,1962,-0.621290981769562
cog,1963,-0.519729971885681
cog,1964,-0.497639507055283
cog,1965,-0.476263254880905
cog,1966,-0.524804890155792
cog,1967,-0.58579695224762
cog,1968,-0.558537840843201
cog,1969,-0.550028324127197
cog,1970,-0.5329470038414
cog,1971,-0.566616952419281
cog,1972,-0.568039953708649
cog,1973,-0.563218712806702
cog,1974,-0.573335826396942
cog,1975,-0.613197326660156
cog,1976,-0.60723227262497
cog,1977,-0.635459780693054
cog,1978,-0.677367627620697
cog,1979,-0.688033998012543
cog,1980,-0.985625445842743
cog,1981,-1.84863674640656
cog,1982,-2.04916000366211
cog,1983,-0.957148253917694
cog,1984,-0.781091332435608
cog,1985,-0.77107048034668
cog,1986,-1.04689192771912
cog,1987,-0.880323171615601
cog,1988,-0.684715151786804
cog,1989,-0.471273213624954
cog,1990,-0.1762875020504
cog,1991,-0.243582054972649
cog,1992,-0.152213916182518
cog,1993,-0.314025074243546
cog,1994,-0.552188575267792
cog,1995,-0.532374918460846
cog,1996,-0.518391489982605
cog,1997,-0.451785147190094
cog,1998,-0.460170239210129
cog,1999,-0.40663269162178
cog,2000,-0.371878445148468
cog,2001,-0.534745991230011
cog,2002,-0.409205496311188
cog,2003,-0.396850973367691
cog,2004,-0.333660483360291
cog,2005,-0.388056248426437
cog,2006,-0.460554003715515
cog,2007,-0.969253838062286
cog,2008,-0.644978225231171
cog,2009,-0.800713241100311
cog,2010,-0.500428259372711
cog,2011,-0.464126080274582
cog,2012,-0.3683180809021
cog,2013,-0.404940217733383
cog,2014,-0.502941429615021
cog,2015,-0.676069915294647
cog,2016,-0.713911414146423
cog,2017,-0.455042779445648
cog,2018,-0.34664511680603
cog,2019,-0.280363082885742
cog,2020,-0.179756715893745
cog,2021,-0.188853666186333
cog,2022,-0.25457027554512
cog,2023,-0.265571027994156
col,1950,-0.0869028270244598
col,1951,-0.0925230383872986
col,1952,-0.082212932407856
col,1953,-0.0968772172927856
col,1954,-0.0967139005661011
col,1955,-0.0971705466508865
col,1956,-0.085934653878212
col,1957,-0.0730044171214104
col,1958,-0.0582739785313606
col,1959,-0.0555763691663742
col,1960,-0.071532130241394
col,1961,-0.0678950399160385
col,1962,-0.0596049018204212
col,1963,-0.053337998688221
col,1964,-0.0554823316633701
col,1965,-0.0427208878099918
col,1966,-0.0579081401228905
col,1967,-0.0392405167222023
col,1968,-0.0456601120531559
col,1969,-0.0435739085078239
col,1970,-0.0473292544484139
col,1971,-0.04697360470891
col,1972,-0.0370780639350414
col,1973,-0.0383820049464703
col,1974,-0.0475379750132561
col,1975,-0.0388154983520508
col,1976,-0.0401248782873154
col,1977,-0.0413531810045242
col,1978,-0.0513606704771519
col,1979,-0.0511154681444168
col,1980,-0.0653477236628532
col,1981,-0.0710194632411003
col,1982,-0.0730935037136078
col,1983,-0.0660893470048904
col,1984,-0.0596209056675434
col,1985,-0.0540757142007351
col,1986,-0.0454845912754536
col,1987,-0.0445206388831139
col,1988,-0.0470533221960068
col,1989,-0.0435966849327087
col,1990,-0.0462295562028885
col,1991,-0.0384274050593376
col,1992,-0.0550056993961334
col,1993,-0.0760062709450722
col,1994,-0.0814787596464157
col,1995,-0.0847777351737022
col,1996,-0.0842781215906143
col,1997,-0.0964614972472191
col,1998,-0.0967796221375465
col,1999,-0.0767567679286003
col,2000,-0.0862070620059967
col,2001,-0.0969178453087807
col,2002,-0.0937937721610069
col,2003,-0.0941097289323807
col,2004,-0.108371205627918
col,2005,-0.117726199328899
col,2006,-0.128118053078651
col,2007,-0.135229453444481
col,2008,-0.13092140853405
col,2009,-0.113111019134521
col,2010,-0.124323643743992
col,2011,-0.140821814537048
col,2012,-0.148084074258804
col,2013,-0.148224383592606
col,2014,-0.1489337682724
col,2015,-0.140950590372086
col,2016,-0.122841358184814
col,2017,-0.124159134924412
col,2018,-0.125426054000855
col,2019,-0.128893464803696
col,2020,-0.106554187834263
col,2021,-0.129422083497047
col,2022,-0.158549055457115
col,2023,-0.125697001814842
com,1960,-0.312211811542511
com,1961,-0.258891850709915
com,1962,-0.199222177267075
com,1963,-0.230028808116913
com,1964,-0.207132667303085
com,1965,-0.216260612010956
com,1966,-0.200302213430405
com,1967,-0.172145679593086
com,1968,-0.149556174874306
com,1969,-0.166391760110855
com,1970,-0.190690577030182
com,1971,-0.186377912759781
com,1972,-0.181811049580574
com,1973,-0.190722122788429
com,1974,-0.23036128282547
com,1975,-0.225488305091858
com,1976,-0.223551630973816
com,1977,-0.221895128488541
com,1978,-0.219563066959381
com,1979,-0.234774753451347
com,1980,-0.24670298397541
com,1981,-0.254412353038788
com,1982,-0.252056062221527
com,1983,-0.246800720691681
com,1984,-0.229256868362427
com,1985,-0.225376412272453
com,1986,-0.205029860138893
com,1987,-0.224544897675514
com,1988,-0.232827395200729
com,1989,-0.208318769931793
com,1990,-0.247007340192795
com,1991,-0.231492787599564
com,1992,-0.315950274467468
com,1993,-0.284836083650589
com,1994,-0.258616775274277
com,1995,-0.241668164730072
com,1996,-0.235717996954918
com,1997,-0.225986823439598
com,1998,-0.213503584265709
com,1999,-0.214123904705048
com,2000,-0.20470817387104
com,2001,-0.179687410593033
com,2002,-0.175546512007713
com,2003,-0.163209363818169
com,2004,-0.190367415547371
com,2005,-0.131140634417534
com,2006,-0.144438251852989
com,2007,-0.208716988563538
com,2008,-0.231010600924492
com,2009,-0.255571514368057
com,2010,-0.275199323892593
com,2011,-0.258840054273605
com,2012,-0.258714228868485
com,2013,-0.24769426882267
com,2014,-0.242515698075295
com,2015,-0.199185952544212
com,2016,-0.191736102104187
com,2017,-0.218041852116585
com,2018,-0.231897920370102
com,2019,-0.244628295302391
com,2020,-0.203164353966713
com,2021,-0.257536113262177
com,2022,-0.334947913885117
com,2023,-0.32499161362648
cpv,1960,-0.351065695285797
cpv,1961,-0.219533488154411
cpv,1962,-0.216166853904724
cpv,1963,-0.267143338918686
cpv,1964,-0.257698982954025
cpv,1965,-0.250399559736252
cpv,1966,-0.204717889428139
cpv,1967,-0.206991299986839
cpv,1968,-0.19148463010788
cpv,1969,-0.202173843979836
cpv,1970,-0.183822959661484
cpv,1971,-0.179727002978325
cpv,1972,-0.17540779709816
cpv,1973,-0.183421343564987
cpv,1974,-0.223245248198509
cpv,1975,-0.218429267406464
cpv,1976,-0.213896736502647
cpv,1977,-0.214739605784416
cpv,1978,-0.211365327239037
cpv,1979,-0.192444562911987
cpv,1980,-0.310300797224045
cpv,1981,-0.286511063575745
cpv,1982,-0.303606182336807
cpv,1983,-0.293609648942947
cpv,1984,-0.312233477830887
cpv,1985,-0.308487474918366
cpv,1986,-0.308991581201553
cpv,1987,-0.287626087665558
cpv,1988,-0.273381769657135
cpv,1989,-0.283062517642975
cpv,1990,-0.359351366758347
cpv,1991,-0.305726557970047
cpv,1992,-0.377467453479767
cpv,1993,-0.349043875932694
cpv,1994,-0.377272874116898
cpv,1995,-0.65244448184967
cpv,1996,-0.560081601142883
cpv,1997,-0.470419943332672
cpv,1998,-0.386602699756622
cpv,1999,-0.371127247810364
cpv,2000,-0.329163461923599
cpv,2001,-0.344670504331589
cpv,2002,-0.376844376325607
cpv,2003,-0.391211986541748
cpv,2004,-0.388952970504761
cpv,2005,-0.386870741844177
cpv,2006,-0.433283179998398
cpv,2007,-0.462807178497314
cpv,2008,-0.442974776029587
cpv,2009,-0.368686825037003
cpv,2010,-0.376432299613953
cpv,2011,-0.426664710044861
cpv,2012,-0.361750274896622
cpv,2013,-0.353259563446045
cpv,2014,-0.322553813457489
cpv,2015,-0.298475086688995
cpv,2016,-0.302585810422897
cpv,2017,-0.329290062189102
cpv,2018,-0.362933397293091
cpv,2019,-0.346275240182877
cpv,2020,-0.321614325046539
cpv,2021,-0.332632660865784
cpv,2022,-0.363845854997635
cpv,2023,-0.294549137353897
cri,1950,-0.081973634660244
cri,1951,-0.106680639088154
cri,1952,-0.141903758049011
cri,1953,-0.131834551692009
cri,1954,-0.135428220033646
cri,1955,-0.128286704421043
cri,1956,-0.137006476521492
cri,1957,-0.146007925271988
cri,1958,-0.11789482831955
cri,1959,-0.119706876575947
cri,1960,-0.125903964042664
cri,1961,-0.120487600564957
cri,1962,-0.106220833957195
cri,1963,-0.1076725050807
cri,1964,-0.113796673715115
cri,1965,-0.146324008703232
cri,1966,-0.138855487108231
cri,1967,-0.128142565488815
cri,1968,-0.129466786980629
cri,1969,-0.14270606637001
cri,1970,-0.166742280125618
cri,1971,-0.158390671014786
cri,1972,-0.137730717658997
cri,1973,-0.141561105847359
cri,1974,-0.201881766319275
cri,1975,-0.183110311627388
cri,1976,-0.201229259371758
cri,1977,-0.22478973865509
cri,1978,-0.228174611926079
cri,1979,-0.237830325961113
cri,1980,-0.230967000126839
cri,1981,-0.191896826028824
cri,1982,-0.137893155217171
cri,1983,-0.150824651122093
cri,1984,-0.158144190907478
cri,1985,-0.159906014800072
cri,1986,-0.135703101754189
cri,1987,-0.147462084889412
cri,1988,-0.14001789689064
cri,1989,-0.178737804293633
cri,1990,-0.190482795238495
cri,1991,-0.171410977840424
cri,1992,-0.215661019086838
cri,1993,-0.217734515666962
cri,1994,-0.20455439388752
cri,1995,-0.20044332742691
cri,1996,-0.251159399747849
cri,1997,-0.314880520105362
cri,1998,-0.361522793769836
cri,1999,-0.34792760014534
cri,2000,-0.349868774414063
cri,2001,-0.369223058223724
cri,2002,-0.397556394338608
cri,2003,-0.383248627185822
cri,2004,-0.373728096485138
cri,2005,-0.384078949689865
cri,2006,-0.43818074464798
cri,2007,-0.43497171998024
cri,2008,-0.454597741365433
cri,2009,-0.328220874071121
cri,2010,-0.395428597927094
cri,2011,-0.460413604974747
cri,2012,-0.455153316259384
cri,2013,-0.445061713457108
cri,2014,-0.293140470981598
cri,2015,-0.338029831647873
cri,2016,-0.316902607679367
cri,2017,-0.299209475517273
cri,2018,-0.28282231092453
cri,2019,-0.253922909498215
cri,2020,-0.231962069869041
cri,2021,-0.272351950407028
cri,2022,-0.300147473812103
cri,2023,-0.288389533758163
cuw,2005,-0.855012476444244
cuw,2006,-0.856759667396545
cuw,2007,-0.98820424079895
cuw,2008,-1.18521893024445
cuw,2009,-1.1722412109375
cuw,2010,-1.30342817306519
cuw,2011,-1.53429460525513
cuw,2012,-1.58964657783508
cuw,2013,-1.36974084377289
cuw,2014,-1.34787201881409
cuw,2015,-1.14036118984222
cuw,2016,-1.04072737693787
cuw,2017,-1.11544513702393
cuw,2018,-1.22738063335419
cuw,2019,-0.977847158908844
cuw,2020,-0.829735577106476
cuw,2021,-0.842336118221283
cuw,2022,-1.23994648456573
cuw,2023,-1.0248955488205
cym,1970,-0.670164108276367
cym,1971,-0.646957457065582
cym,1972,-0.635288894176483
cym,1973,-0.63670152425766
cym,1974,-0.729389131069183
cym,1975,-0.739763557910919
cym,1976,-0.718925774097443
cym,1977,-0.756824553012848
cym,1978,-0.723164677619934
cym,1979,-0.717208206653595
cym,1980,-0.772538661956787
cym,1981,-0.782205104827881
cym,1982,-0.76060301065445
cym,1983,-0.74373197555542
cym,1984,-0.707951426506043
cym,1985,-0.920959711074829
cym,1986,-0.840921700000763
cym,1987,-0.756796061992645
cym,1988,-0.830898702144623
cym,1989,-0.768781363964081
cym,1990,-0.56377124786377
cym,1991,-0.52060079574585
cym,1992,-0.60711932182312
cym,1993,-0.625205874443054
cym,1994,-0.716372549533844
cym,1995,-0.69090747833252
cym,1996,-0.714324712753296
cym,1997,-0.674762606620789
cym,1998,-0.777005791664124
cym,1999,-0.844707429409027
cym,2000,-0.787125289440155
cym,2001,-0.816835522651672
cym,2002,-0.933582961559296
cym,2003,-0.799718856811523
cym,2004,-0.893668353557587
cym,2005,-0.870648264884949
cym,2006,-0.730322003364563
cym,2007,-0.711294829845429
cym,2008,-0.775427579879761
cym,2009,-0.864644348621368
cym,2010,-0.94574648141861
cym,2011,-0.892294704914093
cym,2012,-1.02176856994629
cym,2013,-0.96610689163208
cym,2014,-0.959854006767273
cym,2015,-0.905609846115112
cym,2016,-1.1465585231781
cym,2017,-0.899789810180664
cym,2018,-1.12222731113434
cym,2019,-1.11363208293915
cym,2020,-1.00198674201965
cym,2021,-1.11751091480255
cym,2022,-1.21097636222839
cym,2023,-1.15899932384491
cyp,1950,-0.163188442587852
cyp,1951,-0.202070653438568
cyp,1952,-0.173587709665298
cyp,1953,-0.163429901003838
cyp,1954,-0.16007824242115
cyp,1955,-0.169897690415382
cyp,1956,-0.184216678142548
cyp,1957,-0.182892844080925
cyp,1958,-0.175479367375374
cyp,1959,-0.190613806247711
cyp,1960,-0.256758481264114
cyp,1961,-0.230764046311378
cyp,1962,-0.203033849596977
cyp,1963,-0.221949532628059
cyp,1964,-0.191917300224304
cyp,1965,-0.20587782561779
cyp,1966,-0.206835389137268
cyp,1967,-0.189253315329552
cyp,1968,-0.220717325806618
cyp,1969,-0.214108288288116
cyp,1970,-0.261318981647491
cyp,1971,-0.242433309555054
cyp,1972,-0.249776721000671
cyp,1973,-0.319087266921997
cyp,1974,-0.357368111610413
cyp,1975,-0.301726281642914
cyp,1976,-0.367223173379898
cyp,1977,-0.391328185796738
cyp,1978,-0.364439338445663
cyp,1979,-0.395997792482376
cyp,1980,-0.430682986974716
cyp,1981,-0.415223568677902
cyp,1982,-0.429034858942032
cyp,1983,-0.418523102998734
cyp,1984,-0.436328887939453
cyp,1985,-0.414099991321564
cyp,1986,-0.349353075027466
cyp,1987,-0.336442023515701
cyp,1988,-0.375523835420609
cyp,1989,-0.400684863328934
cyp,1990,-0.418893843889236
cyp,1991,-0.391692042350769
cyp,1992,-0.529693126678467
cyp,1993,-0.427259653806686
cyp,1994,-0.457661390304565
cyp,1995,-0.476014375686646
cyp,1996,-0.524337768554688
cyp,1997,-0.492637932300568
cyp,1998,-0.511270582675934
cyp,1999,-0.463576078414917
cyp,2000,-0.434115588665009
cyp,2001,-0.449848234653473
cyp,2002,-0.471888184547424
cyp,2003,-0.490354150533676
cyp,2004,-0.575883686542511
cyp,2005,-0.600004434585571
cyp,2006,-0.615906357765198
cyp,2007,-0.676520228385925
cyp,2008,-0.704138398170471
cyp,2009,-0.517283856868744
cyp,2010,-0.554103076457977
cyp,2011,-0.587681829929352
cyp,2012,-0.502587199211121
cyp,2013,-0.479946821928024
cyp,2014,-0.529263615608215
cyp,2015,-0.571255028247833
cyp,2016,-0.575235903263092
cyp,2017,-0.666590571403503
cyp,2018,-0.751317262649536
cyp,2019,-0.579021275043488
cyp,2020,-0.624901235103607
cyp,2021,-0.766217768192291
cyp,2022,-1.10536217689514
cyp,2023,-0.978671312332153
cze,1990,-0.13426673412323
cze,1991,-0.0986363664269447
cze,1992,-0.139970257878304
cze,1993,-0.170935571193695
cze,1994,-0.179219648241997
cze,1995,-0.226147368550301
cze,1996,-0.250756293535233
cze,1997,-0.253934949636459
cze,1998,-0.277803540229797
cze,1999,-0.276496887207031
cze,2000,-0.302017033100128
cze,2001,-0.321337670087814
cze,2002,-0.358274728059769
cze,2003,-0.400838851928711
cze,2004,-0.518332004547119
cze,2005,-0.583975195884705
cze,2006,-0.640531122684479
cze,2007,-0.674082517623901
cze,2008,-0.767954349517822
cze,2009,-0.650765776634216
cze,2010,-0.722661077976227
cze,2011,-0.768662035465241
cze,2012,-0.767575442790985
cze,2013,-0.762675225734711
cze,2014,-0.747024953365326
cze,2015,-0.680610179901123
cze,2016,-0.655817031860352
cze,2017,-0.66674941778183
cze,2018,-0.698126971721649
cze,2019,-0.656195819377899
cze,2020,-0.619223833084106
cze,2021,-0.712094783782959
cze,2022,-0.78390383720398
cze,2023,-0.730084598064423
deu,1950,-0.0912332087755203
deu,1951,-0.0845406949520111
deu,1952,-0.0852103158831596
deu,1953,-0.0869966596364975
deu,1954,-0.100726939737797
deu,1955,-0.107908114790916
deu,1956,-0.109487049281597
deu,1957,-0.115964271128178
deu,1958,-0.111088685691357
deu,1959,-0.119664028286934
deu,1960,-0.144039392471313
deu,1961,-0.143703430891037
deu,1962,-0.138179406523705
deu,1963,-0.140946924686432
deu,1964,-0.140948459506035
deu,1965,-0.148340180516243
deu,1966,-0.145536869764328
deu,1967,-0.140032365918159
deu,1968,-0.146941304206848
deu,1969,-0.156029865145683
deu,1970,-0.18062150478363
deu,1971,-0.184334620833397
deu,1972,-0.183314338326454
deu,1973,-0.188148692250252
deu,1974,-0.223574712872505
deu,1975,-0.226121470332146
deu,1976,-0.235370546579361
deu,1977,-0.234728395938873
deu,1978,-0.235132426023483
deu,1979,-0.259527951478958
deu,1980,-0.288543790578842
deu,1981,-0.285739690065384
deu,1982,-0.277056068181992
deu,1983,-0.277083486318588
deu,1984,-0.285542219877243
deu,1985,-0.290258049964905
deu,1986,-0.284524202346802
deu,1987,-0.297214955091476
deu,1988,-0.292692929506302
deu,1989,-0.295918166637421
deu,1990,-0.335505932569504
deu,1991,-0.321966767311096
deu,1992,-0.371836155653
deu,1993,-0.319852948188782
deu,1994,-0.319559365510941
deu,1995,-0.346239566802979
deu,1996,-0.342788398265839
deu,1997,-0.332714021205902
deu,1998,-0.348754405975342
deu,1999,-0.345023989677429
deu,2000,-0.358782738447189
deu,2001,-0.356361269950867
deu,2002,-0.355662763118744
deu,2003,-0.389258801937103
deu,2004,-0.427599757909775
deu,2005,-0.434542149305344
deu,2006,-0.468498647212982
deu,2007,-0.480271220207214
deu,2008,-0.509811580181122
deu,2009,-0.449314713478088
deu,2010,-0.480240166187286
deu,2011,-0.516140699386597
deu,2012,-0.513803482055664
deu,2013,-0.506304264068604
deu,2014,-0.493063420057297
deu,2015,-0.460314214229584
deu,2016,-0.445441007614136
deu,2017,-0.462261915206909
deu,2018,-0.491090357303619
deu,2019,-0.492252677679062
deu,2020,-0.460796475410461
deu,2021,-0.509130835533142
deu,2022,-0.574312806129456
deu,2023,-0.539407670497894
dji,1970,-0.281651169061661
dji,1971,-0.274383783340454
dji,1972,-0.268748342990875
dji,1973,-0.28016921877861
dji,1974,-0.334562093019486
dji,1975,-0.335388153791428
dji,1976,-0.327241510152817
dji,1977,-0.32629919052124
dji,1978,-0.330708265304565
dji,1979,-0.372351139783859
dji,1980,-0.3864985704422
dji,1981,-0.419594675302506
dji,1982,-0.514296293258667
dji,1983,-0.521176159381867
dji,1984,-0.536797285079956
dji,1985,-0.668013572692871
dji,1986,-0.561929702758789
dji,1987,-0.514072835445404
dji,1988,-0.504055857658386
dji,1989,-0.522621214389801
dji,1990,-0.760375142097473
dji,1991,-0.722844302654266
dji,1992,-0.498214602470398
dji,1993,-0.380672723054886
dji,1994,-0.441950112581253
dji,1995,-0.301517248153687
dji,1996,-0.359490990638733
dji,1997,-0.34524729847908
dji,1998,-0.396671563386917
dji,1999,-0.341024100780487
dji,2000,-0.370442062616348
dji,2001,-0.368739783763886
dji,2002,-0.350247234106064
dji,2003,-0.347032904624939
dji,2004,-0.358036667108536
dji,2005,-0.369810461997986
dji,2006,-0.365795284509659
dji,2007,-0.385358929634094
dji,2008,-0.372741371393204
dji,2009,-0.626205563545227
dji,2010,-1.04305016994476
dji,2011,-1.1406831741333
dji,2012,-1.55488073825836
dji,2013,-2.20408630371094
dji,2014,-1.60007584095001
dji,2015,-1.3479905128479
dji,2016,-1.2570972442627
dji,2017,-1.95116364955902
dji,2018,-1.86513566970825
dji,2019,-1.08403873443604
dji,2020,-1.05041360855103
dji,2021,-1.19143187999725
dji,2022,-1.1450697183609
dji,2023,-0.969370186328888
dma,1970,-0.27016681432724
dma,1971,-0.2899529337883
dma,1972,-0.256311386823654
dma,1973,-0.242058783769608
dma,1974,-0.325448513031006
dma,1975,-0.30498018860817
dma,1976,-0.28880512714386
dma,1977,-0.305658251047134
dma,1978,-0.315776467323303
dma,1979,-0.258394420146942
dma,1980,-0.477855920791626
dma,1981,-0.42641082406044
dma,1982,-0.357094436883926
dma,1983,-0.294569611549377
dma,1984,-0.336941510438919
dma,1985,-0.36317241191864
dma,1986,-0.284629791975021
dma,1987,-0.283618211746216
dma,1988,-0.348681211471558
dma,1989,-0.422859102487564
dma,1990,-0.438220828771591
dma,1991,-0.366755217313767
dma,1992,-0.350750505924225
dma,1993,-0.345495581626892
dma,1994,-0.349415063858032
dma,1995,-0.366467148065567
dma,1996,-0.326485812664032
dma,1997,-0.407264530658722
dma,1998,-0.81071949005127
dma,1999,-0.497712105512619
dma,2000,-0.451674073934555
dma,2001,-0.667761325836182
dma,2002,-0.608470261096954
dma,2003,-0.606078624725342
dma,2004,-0.671688377857208
dma,2005,-0.688385546207428
dma,2006,-0.640073776245117
dma,2007,-0.629019975662231
dma,2008,-0.61969393491745
dma,2009,-0.711656212806702
dma,2010,-0.572945177555084
dma,2011,-0.670668244361877
dma,2012,-0.552826225757599
dma,2013,-0.480172723531723
dma,2014,-0.493784159421921
dma,2015,-0.618843853473663
dma,2016,-0.465223759412766
dma,2017,-0.468580991029739
dma,2018,-0.571260690689087
dma,2019,-0.483157783746719
dma,2020,-0.373938530683517
dma,2021,-0.364569753408432
dma,2022,-0.406881034374237
dma,2023,-0.417028218507767
dnk,1950,-0.209416568279266
dnk,1951,-0.226115942001343
dnk,1952,-0.202648594975472
dnk,1953,-0.200926840305328
dnk,1954,-0.229155883193016
dnk,1955,-0.228339999914169
dnk,1956,-0.237943068146706
dnk,1957,-0.232645258307457
dnk,1958,-0.225162535905838
dnk,1959,-0.24557238817215
dnk,1960,-0.294936001300812
dnk,1961,-0.278575271368027
dnk,1962,-0.26551565527916
dnk,1963,-0.254190534353256
dnk,1964,-0.279916405677795
dnk,1965,-0.275834709405899
dnk,1966,-0.274697005748749
dnk,1967,-0.263713747262955
dnk,1968,-0.261152863502502
dnk,1969,-0.275313794612885
dnk,1970,-0.291946530342102
dnk,1971,-0.274332284927368
dnk,1972,-0.253047645092011
dnk,1973,-0.31137889623642
dnk,1974,-0.382741034030914
dnk,1975,-0.360146850347519
dnk,1976,-0.397228986024857
dnk,1977,-0.381954938173294
dnk,1978,-0.364897310733795
dnk,1979,-0.396111071109772
dnk,1980,-0.409507930278778
dnk,1981,-0.423289835453033
dnk,1982,-0.399766206741333
dnk,1983,-0.388785541057587
dnk,1984,-0.403919607400894
dnk,1985,-0.421105623245239
dnk,1986,-0.423432260751724
dnk,1987,-0.413159281015396
dnk,1988,-0.403129905462265
dnk,1989,-0.397728234529495
dnk,1990,-0.442517071962357
dnk,1991,-0.414508670568466
dnk,1992,-0.463795036077499
dnk,1993,-0.42988720536232
dnk,1994,-0.443087100982666
dnk,1995,-0.486381471157074
dnk,1996,-0.477735251188278
dnk,1997,-0.482776671648026
dnk,1998,-0.481072038412094
dnk,1999,-0.447134286165237
dnk,2000,-0.448649823665619
dnk,2001,-0.465600401163101
dnk,2002,-0.498740881681442
dnk,2003,-0.528583228588104
dnk,2004,-0.567894160747528
dnk,2005,-0.588289141654968
dnk,2006,-0.625664114952087
dnk,2007,-0.654670774936676
dnk,2008,-0.664243340492249
dnk,2009,-0.527778387069702
dnk,2010,-0.517232954502106
dnk,2011,-0.553646087646484
dnk,2012,-0.56004011631012
dnk,2013,-0.588431000709534
dnk,2014,-0.586392045021057
dnk,2015,-0.548818826675415
dnk,2016,-0.526149272918701
dnk,2017,-0.539259970188141
dnk,2018,-0.563295662403107
dnk,2019,-0.529195487499237
dnk,2020,-0.494903534650803
dnk,2021,-0.529306471347809
dnk,2022,-0.569714546203613
dnk,2023,-0.560846447944641
dom,1951,-0.37968111038208
dom,1952,-0.353211581707001
dom,1953,-0.313839852809906
dom,1954,-0.285470008850098
dom,1955,-0.3201724588871
dom,1956,-0.325717002153397
dom,1957,-0.327579170465469
dom,1958,-0.319589644670486
dom,1959,-0.219398826360703
dom,1960,-0.190089404582977
dom,1961,-0.164817437529564
dom,1962,-0.2501160800457
dom,1963,-0.314349710941315
dom,1964,-0.352689027786255
dom,1965,-0.227670222520828
dom,1966,-0.267496079206467
dom,1967,-0.256412446498871
dom,1968,-0.302589982748032
dom,1969,-0.29694128036499
dom,1970,-0.35272341966629
dom,1971,-0.373995959758759
dom,1972,-0.242070987820625
dom,1973,-0.285201281309128
dom,1974,-0.482968896627426
dom,1975,-0.483360111713409
dom,1976,-0.307769030332565
dom,1977,-0.434496939182282
dom,1978,-0.395159631967545
dom,1979,-0.453534960746765
dom,1980,-0.634977400302887
dom,1981,-0.533845543861389
dom,1982,-0.426648378372192
dom,1983,-0.396501123905182
dom,1984,-0.115061573684216
dom,1985,-0.116564266383648
dom,1986,-0.113984197378159
dom,1987,-0.129831939935684
dom,1988,-0.113835416734219
dom,1989,-0.137993305921555
dom,1990,-0.14909802377224
dom,1991,-0.134864062070847
dom,1992,-0.15636245906353
dom,1993,-0.165124118328094
dom,1994,-0.171450361609459
dom,1995,-0.166151165962219
dom,1996,-0.176962465047836
dom,1997,-0.198512122035027
dom,1998,-0.197213008999825
dom,1999,-0.20416334271431
dom,2000,-0.111879371106625
dom,2001,-0.161096125841141
dom,2002,-0.152546286582947
dom,2003,-0.122906915843487
dom,2004,-0.124388881027699
dom,2005,-0.158100426197052
dom,2006,-0.166099160909653
dom,2007,-0.174426466226578
dom,2008,-0.18661592900753
dom,2009,-0.17936497926712
dom,2010,-0.206968754529953
dom,2011,-0.237403467297554
dom,2012,-0.226522460579872
dom,2013,-0.228518575429916
dom,2014,-0.208166733384132
dom,2015,-0.200856119394302
dom,2016,-0.18921460211277
dom,2017,-0.194300532341003
dom,2018,-0.206481650471687
dom,2019,-0.198637038469315
dom,2020,-0.173402383923531
dom,2021,-0.202893406152725
dom,2022,-0.242198437452316
dom,2023,-0.221629187464714
dza,1960,-0.285702139139175
dza,1961,-0.277657955884933
dza,1962,-0.117481127381325
dza,1963,-0.0938279703259468
dza,1964,-0.0849643871188164
dza,1965,-0.0747367069125176
dza,1966,-0.0797159224748612
dza,1967,-0.0605433285236359
dza,1968,-0.0719007328152657
dza,1969,-0.0756211131811142
dza,1970,-0.077125646173954
dza,1971,-0.0674473941326141
dza,1972,-0.059725396335125
dza,1973,-0.0720984563231468
dza,1974,-0.102768577635288
dza,1975,-0.11720871925354
dza,1976,-0.0982208847999573
dza,1977,-0.110465347766876
dza,1978,-0.105462901294231
dza,1979,-0.0878470167517662
dza,1980,-0.102628692984581
dza,1981,-0.108794465661049
dza,1982,-0.0976585075259209
dza,1983,-0.0970296710729599
dza,1984,-0.0957240238785744
dza,1985,-0.0878012254834175
dza,1986,-0.08491250872612
dza,1987,-0.0603243224322796
dza,1988,-0.0683198049664497
dza,1989,-0.0802786499261856
dza,1990,-0.0791969820857048
dza,1991,-0.0622675977647305
dza,1992,-0.0773900449275971
dza,1993,-0.0838199779391289
dza,1994,-0.0874846056103706
dza,1995,-0.0896593332290649
dza,1996,-0.0744168758392334
dza,1997,-0.0761058032512665
dza,1998,-0.0810355842113495
dza,1999,-0.0753799602389336
dza,2000,-0.0712070912122726
dza,2001,-0.0820285454392433
dza,2002,-0.0919166803359985
dza,2003,-0.0882155895233154
dza,2004,-0.104348979890347
dza,2005,-0.0979707688093185
dza,2006,-0.0942199230194092
dza,2007,-0.109057202935219
dza,2008,-0.133219376206398
dza,2009,-0.149241894483566
dza,2010,-0.133870705962181
dza,2011,-0.137407809495926
dza,2012,-0.151619121432304
dza,2013,-0.165709972381592
dza,2014,-0.170048221945763
dza,2015,-0.175533264875412
dza,2016,-0.163325980305672
dza,2017,-0.153280436992645
dza,2018,-0.151140302419662
dza,2019,-0.139896124601364
dza,2020,-0.126084044575691
dza,2021,-0.119574770331383
dza,2022,-0.110271632671356
dza,2023,-0.116265706717968
ecu,1950,-0.0241148807108402
ecu,1951,-0.0293077677488327
ecu,1952,-0.0271125603467226
ecu,1953,-0.0266988892108202
ecu,1954,-0.0289829969406128
ecu,1955,-0.0265666544437408
ecu,1956,-0.0267233792692423
ecu,1957,-0.0260698702186346
ecu,1958,-0.0244850777089596
ecu,1959,-0.022945137694478
ecu,1960,-0.0274286381900311
ecu,1961,-0.0252346228808165
ecu,1962,-0.0250905156135559
ecu,1963,-0.0305214207619429
ecu,1964,-0.0317681767046452
ecu,1965,-0.031555563211441
ecu,1966,-0.0307690873742104
ecu,1967,-0.0318120010197163
ecu,1968,-0.0351394675672054
ecu,1969,-0.0308271646499634
ecu,1970,-0.0297484956681728
ecu,1971,-0.0342340916395187
ecu,1972,-0.0270794481039047
ecu,1973,-0.0340020842850208
ecu,1974,-0.0728138312697411
ecu,1975,-0.0786915645003319
ecu,1976,-0.0653305873274803
ecu,1977,-0.0727892816066742
ecu,1978,-0.0849433541297913
ecu,1979,-0.0868821740150452
ecu,1980,-0.0916718021035194
ecu,1981,-0.073327474296093
ecu,1982,-0.0676573738455772
ecu,1983,-0.0634921044111252
ecu,1984,-0.0686808824539185
ecu,1985,-0.0732719004154205
ecu,1986,-0.072039432823658
ecu,1987,-0.0679800063371658
ecu,1988,-0.0636129006743431
ecu,1989,-0.0657542273402214
ecu,1990,-0.0591038689017296
ecu,1991,-0.0683577209711075
ecu,1992,-0.0781594291329384
ecu,1993,-0.0901908054947853
ecu,1994,-0.122924275696278
ecu,1995,-0.136079981923103
ecu,1996,-0.117354206740856
ecu,1997,-0.154549136757851
ecu,1998,-0.196242347359657
ecu,1999,-0.114821694791317
ecu,2000,-0.123467221856117
ecu,2001,-0.190864086151123
ecu,2002,-0.205505102872849
ecu,2003,-0.183217212557793
ecu,2004,-0.181701764464378
ecu,2005,-0.182635486125946
ecu,2006,-0.203910827636719
ecu,2007,-0.199789896607399
ecu,2008,-0.226707130670547
ecu,2009,-0.195875227451324
ecu,2010,-0.242150992155075
ecu,2011,-0.240877956151962
ecu,2012,-0.240410968661308
ecu,2013,-0.230728209018707
ecu,2014,-0.225153565406799
ecu,2015,-0.208564206957817
ecu,2016,-0.163523644208908
ecu,2017,-0.185358390212059
ecu,2018,-0.196679159998894
ecu,2019,-0.172761470079422
ecu,2020,-0.15119343996048
ecu,2021,-0.168663382530212
ecu,2022,-0.186830595135689
ecu,2023,-0.175684437155724
egy,1950,-0.148996442556381
egy,1951,-0.136504784226418
egy,1952,-0.105246409773827
egy,1953,-0.0877818688750267
egy,1954,-0.111750692129135
egy,1955,-0.115331426262856
egy,1956,-0.103874020278454
egy,1957,-0.115761041641235
egy,1958,-0.0985614508390427
egy,1959,-0.102449744939804
egy,1960,-0.109153665602207
egy,1961,-0.106436096131802
egy,1962,-0.106299802660942
egy,1963,-0.120058864355087
egy,1964,-0.106094270944595
egy,1965,-0.133131593465805
egy,1966,-0.147433266043663
egy,1967,-0.10717111825943
egy,1968,-0.0821332782506943
egy,1969,-0.068202555179596
egy,1970,-0.0666050016880035
egy,1971,-0.0725263357162476
egy,1972,-0.0633372738957405
egy,1973,-0.0628094226121903
egy,1974,-0.213962033390999
egy,1975,-0.199249446392059
egy,1976,-0.169285595417023
egy,1977,-0.171679437160492
egy,1978,-0.18921434879303
egy,1979,-0.161597192287445
egy,1980,-0.146110624074936
egy,1981,-0.174193650484085
egy,1982,-0.133131131529808
egy,1983,-0.129938721656799
egy,1984,-0.130547642707825
egy,1985,-0.06256452947855
egy,1986,-0.0803405940532684
egy,1987,-0.0513510666787624
egy,1988,-0.0523144863545895
egy,1989,-0.0478819794952869
egy,1990,-0.0790266469120979
egy,1991,-0.0903147533535957
egy,1992,-0.100619047880173
egy,1993,-0.0836112573742867
egy,1994,-0.0845135673880577
egy,1995,-0.0831520706415176
egy,1996,-0.0784862563014031
egy,1997,-0.0811149924993515
egy,1998,-0.105414815247059
egy,1999,-0.0990489646792412
egy,2000,-0.0876746699213982
egy,2001,-0.0805776566267014
egy,2002,-0.0698408633470535
egy,2003,-0.0554976686835289
egy,2004,-0.0593065246939659
egy,2005,-0.0840692222118378
egy,2006,-0.0774457380175591
egy,2007,-0.0815293714404106
egy,2008,-0.121094174683094
egy,2009,-0.100372314453125
egy,2010,-0.101650081574917
egy,2011,-0.101494073867798
egy,2012,-0.0979875102639198
egy,2013,-0.0923198834061623
egy,2014,-0.0978783220052719
egy,2015,-0.104195602238178
egy,2016,-0.102410636842251
egy,2017,-0.0899451822042465
egy,2018,-0.0972307622432709
egy,2019,-0.073313407599926
egy,2020,-0.0537276677787304
egy,2021,-0.055945847183466
egy,2022,-0.0709241628646851
egy,2023,-0.0653490945696831
esp,1950,-0.0422249473631382
esp,1951,-0.0297477804124355
esp,1952,-0.0322227440774441
esp,1953,-0.0326947495341301
esp,1954,-0.0301654227077961
esp,1955,-0.039003174751997
esp,1956,-0.0439289323985577
esp,1957,-0.043787244707346
esp,1958,-0.0462116859853268
esp,1959,-0.049748819321394
esp,1960,-0.050164133310318
esp,1961,-0.0609162002801895
esp,1962,-0.0678412169218063
esp,1963,-0.0754156038165093
esp,1964,-0.0778994783759117
esp,1965,-0.0945539847016335
esp,1966,-0.101924531161785
esp,1967,-0.0907681435346603
esp,1968,-0.0864094123244286
esp,1969,-0.0901945009827614
esp,1970,-0.0919710099697113
esp,1971,-0.085074782371521
esp,1972,-0.0963063761591911
esp,1973,-0.108870811760426
esp,1974,-0.141299173235893
esp,1975,-0.135496005415916
esp,1976,-0.139634504914284
esp,1977,-0.126022487878799
esp,1978,-0.118666470050812
esp,1979,-0.13726669549942
esp,1980,-0.151167318224907
esp,1981,-0.150711476802826
esp,1982,-0.154042437672615
esp,1983,-0.152169033885002
esp,1984,-0.15077930688858
esp,1985,-0.162569969892502
esp,1986,-0.154694020748138
esp,1987,-0.179645165801048
esp,1988,-0.190731212496758
esp,1989,-0.205000042915344
esp,1990,-0.226737260818481
esp,1991,-0.210701048374176
esp,1992,-0.243348568677902
esp,1993,-0.201897144317627
esp,1994,-0.212703615427017
esp,1995,-0.229529604315758
esp,1996,-0.241765946149826
esp,1997,-0.235662803053856
esp,1998,-0.253783524036407
esp,1999,-0.264113515615463
esp,2000,-0.267294108867645
esp,2001,-0.27166810631752
esp,2002,-0.273452341556549
esp,2003,-0.31082609295845
esp,2004,-0.353510975837708
esp,2005,-0.361281007528305
esp,2006,-0.365891367197037
esp,2007,-0.371615886688232
esp,2008,-0.378484934568405
esp,2009,-0.284293860197067
esp,2010,-0.31196054816246
esp,2011,-0.351303994655609
esp,2012,-0.3304663002491
esp,2013,-0.336740612983704
esp,2014,-0.352646946907043
esp,2015,-0.304948091506958
esp,2016,-0.290667057037354
esp,2017,-0.305553376674652
esp,2018,-0.340001821517944
esp,2019,-0.321096003055573
esp,2020,-0.306274354457855
esp,2021,-0.34626317024231
esp,2022,-0.375854969024658
esp,2023,-0.345378965139389
est,1990,-0.375542402267456
est,1991,-0.147811904549599
est,1992,-0.352215945720673
est,1993,-0.514417827129364
est,1994,-0.572473585605621
est,1995,-0.496351629495621
est,1996,-0.485616683959961
est,1997,-0.586602210998535
est,1998,-0.651232421398163
est,1999,-0.593215644359589
est,2000,-0.479218691587448
est,2001,-0.521070003509522
est,2002,-0.552064180374146
est,2003,-0.649133920669556
est,2004,-0.755827307701111
est,2005,-0.786626100540161
est,2006,-0.850192070007324
est,2007,-0.892546653747559
est,2008,-0.922849833965302
est,2009,-0.693304359912872
est,2010,-0.805382370948792
est,2011,-0.934416115283966
est,2012,-0.934037625789642
est,2013,-0.936091780662537
est,2014,-0.924012541770935
est,2015,-0.796910881996155
est,2016,-0.803737699985504
est,2017,-0.817813456058502
est,2018,-0.835593998432159
est,2019,-0.808623135089874
est,2020,-0.801140129566193
est,2021,-0.985175549983978
est,2022,-1.11737430095673
est,2023,-1.04279756546021
eth,1950,-0.0221504084765911
eth,1951,-0.0308430753648281
eth,1952,-0.0289983917027712
eth,1953,-0.0441539287567139
eth,1954,-0.0492189042270184
eth,1955,-0.0415022373199463
eth,1956,-0.0408424139022827
eth,1957,-0.0451386235654354
eth,1958,-0.0463328026235104
eth,1959,-0.0430504269897938
eth,1960,-0.0488479994237423
eth,1961,-0.0508207567036152
eth,1962,-0.0558859184384346
eth,1963,-0.0455780550837517
eth,1964,-0.0493541322648525
eth,1965,-0.0569611303508282
eth,1966,-0.0542357303202152
eth,1967,-0.0527787953615189
eth,1968,-0.0487237945199013
eth,1969,-0.0514818206429482
eth,1970,-0.0511285066604614
eth,1971,-0.0516843609511852
eth,1972,-0.0469773672521114
eth,1973,-0.0480394065380096
eth,1974,-0.0649906098842621
eth,1975,-0.067398302257061
eth,1976,-0.0720562785863876
eth,1977,-0.0696254894137383
eth,1978,-0.080247737467289
eth,1979,-0.088812530040741
eth,1980,-0.114334046840668
eth,1981,-0.102558419108391
eth,1982,-0.0935933664441109
eth,1983,-0.0834712535142899
eth,1984,-0.0703605338931084
eth,1985,-0.0719877257943153
eth,1986,-0.0699792504310608
eth,1987,-0.0640907809138298
eth,1988,-0.0582844354212284
eth,1989,-0.0575606599450111
eth,1990,-0.0554202310740948
eth,1991,-0.0245554856956005
eth,1992,-0.0424569547176361
eth,1993,-0.0477999337017536
eth,1994,-0.0529386922717094
eth,1995,-0.0589749552309513
eth,1996,-0.0595935210585594
eth,1997,-0.0534255169332027
eth,1998,-0.0825619027018547
eth,1999,-0.071868471801281
eth,2000,-0.0712141245603561
eth,2001,-0.0947101265192032
eth,2002,-0.0915519371628761
eth,2003,-0.127529934048653
eth,2004,-0.113526582717896
eth,2005,-0.133863925933838
eth,2006,-0.166403532028198
eth,2007,-0.146716639399529
eth,2008,-0.171318605542183
eth,2009,-0.158861994743347
eth,2010,-0.138940721750259
eth,2011,-0.124684058129787
eth,2012,-0.153483867645264
eth,2013,-0.165399163961411
eth,2014,-0.194961935281754
eth,2015,-0.15433894097805
eth,2016,-0.135093808174133
eth,2017,-0.115331195294857
eth,2018,-0.0991418138146401
eth,2019,-0.0774438828229904
eth,2020,-0.0697126835584641
eth,2021,-0.0621539875864983
eth,2022,-0.0660743713378906
eth,2023,-0.054939329624176
fin,1950,-0.137088909745216
fin,1951,-0.178783193230629
fin,1952,-0.188552603125572
fin,1953,-0.136599540710449
fin,1954,-0.152412712574005
fin,1955,-0.164967328310013
fin,1956,-0.174910023808479
fin,1957,-0.169969260692596
fin,1958,-0.142123207449913
fin,1959,-0.1567352861166
fin,1960,-0.198134630918503
fin,1961,-0.188208520412445
fin,1962,-0.174437776207924
fin,1963,-0.242436736822128
fin,1964,-0.281384468078613
fin,1965,-0.277387976646423
fin,1966,-0.273236125707626
fin,1967,-0.255424410104752
fin,1968,-0.222026214003563
fin,1969,-0.243109464645386
fin,1970,-0.270981162786484
fin,1971,-0.256915152072907
fin,1972,-0.247220009565353
fin,1973,-0.262754619121552
fin,1974,-0.354422330856323
fin,1975,-0.358465552330017
fin,1976,-0.344090223312378
fin,1977,-0.329932689666748
fin,1978,-0.293254047632217
fin,1979,-0.348415017127991
fin,1980,-0.397331565618515
fin,1981,-0.368378967046738
fin,1982,-0.351956486701965
fin,1983,-0.349450320005417
fin,1984,-0.33418020606041
fin,1985,-0.344729900360107
fin,1986,-0.327576577663422
fin,1987,-0.36758428812027
fin,1988,-0.337679505348206
fin,1989,-0.375230759382248
fin,1990,-0.39811035990715
fin,1991,-0.333933115005493
fin,1992,-0.362993776798248
fin,1993,-0.32213220000267
fin,1994,-0.369451701641083
fin,1995,-0.377479553222656
fin,1996,-0.410612404346466
fin,1997,-0.386921644210815
fin,1998,-0.384379863739014
fin,1999,-0.356500416994095
fin,2000,-0.374243885278702
fin,2001,-0.375968813896179
fin,2002,-0.371007740497589
fin,2003,-0.42024302482605
fin,2004,-0.460603356361389
fin,2005,-0.497195094823837
fin,2006,-0.55431604385376
fin,2007,-0.559077203273773
fin,2008,-0.585366368293762
fin,2009,-0.440222561359406
fin,2010,-0.482388406991959
fin,2011,-0.557123124599457
fin,2012,-0.526609659194946
fin,2013,-0.571093559265137
fin,2014,-0.543937683105469
fin,2015,-0.448749214410782
fin,2016,-0.435349643230438
fin,2017,-0.484520137310028
fin,2018,-0.516307890415192
fin,2019,-0.485673755407333
fin,2020,-0.44709712266922
fin,2021,-0.488503456115723
fin,2022,-0.567090630531311
fin,2023,-0.502665281295776
fji,1960,-0.124566182494164
fji,1961,-0.1267299503088
fji,1962,-0.111938111484051
fji,1963,-0.192604213953018
fji,1964,-0.213893756270409
fji,1965,-0.24671083688736
fji,1966,-0.204989358782768
fji,1967,-0.25459498167038
fji,1968,-0.262767851352692
fji,1969,-0.27026504278183
fji,1970,-0.260698080062866
fji,1971,-0.264861822128296
fji,1972,-0.268781036138535
fji,1973,-0.259890288114548
fji,1974,-0.345986068248749
fji,1975,-0.328298509120941
fji,1976,-0.32430973649025
fji,1977,-0.340656846761704
fji,1978,-0.327073127031326
fji,1979,-0.326677322387695
fji,1980,-0.345661878585815
fji,1981,-0.375830471515656
fji,1982,-0.322323471307755
fji,1983,-0.360774993896484
fji,1984,-0.313403487205505
fji,1985,-0.323795437812805
fji,1986,-0.277814954519272
fji,1987,-0.222410380840302
fji,1988,-0.24621245265007
fji,1989,-0.290768474340439
fji,1990,-0.326135665178299
fji,1991,-0.286608546972275
fji,1992,-0.307281523942947
fji,1993,-0.270322382450104
fji,1994,-0.371360301971436
fji,1995,-0.208136647939682
fji,1996,-0.234236985445023
fji,1997,-0.277860045433044
fji,1998,-0.296747773885727
fji,1999,-0.358622431755066
fji,2000,-0.336689472198486
fji,2001,-0.353201031684876
fji,2002,-0.384181886911392
fji,2003,-0.524733781814575
fji,2004,-0.563841581344605
fji,2005,-0.778053879737854
fji,2006,-0.66537469625473
fji,2007,-0.581776916980743
fji,2008,-0.646646618843079
fji,2009,-0.388173401355743
fji,2010,-0.434047967195511
fji,2011,-0.487897872924805
fji,2012,-0.48806819319725
fji,2013,-0.517517387866974
fji,2014,-0.523790419101715
fji,2015,-0.343764334917069
fji,2016,-0.3792604804039
fji,2017,-0.386826187372208
fji,2018,-0.404914200305939
fji,2019,-0.424418866634369
fji,2020,-0.313512325286865
fji,2021,-0.42598631978035
fji,2022,-0.599084556102753
fji,2023,-0.509310901165009
fra,1950,-0.101275354623795
fra,1951,-0.127991542220116
fra,1952,-0.119310393929482
fra,1953,-0.105826705694199
fra,1954,-0.103185378015041
fra,1955,-0.103435054421425
fra,1956,-0.115632116794586
fra,1957,-0.11872736364603
fra,1958,-0.102748908102512
fra,1959,-0.0976603925228119
fra,1960,-0.116587519645691
fra,1961,-0.114777594804764
fra,1962,-0.102809615433216
fra,1963,-0.110071510076523
fra,1964,-0.11523912101984
fra,1965,-0.108276262879372
fra,1966,-0.112586565315723
fra,1967,-0.109128341078758
fra,1968,-0.115956611931324
fra,1969,-0.131031379103661
fra,1970,-0.130926162004471
fra,1971,-0.129393428564072
fra,1972,-0.139908343553543
fra,1973,-0.156790524721146
fra,1974,-0.191078752279282
fra,1975,-0.170610681176186
fra,1976,-0.194907203316689
fra,1977,-0.187319472432137
fra,1978,-0.181099206209183
fra,1979,-0.201983496546745
fra,1980,-0.22590583562851
fra,1981,-0.222421213984489
fra,1982,-0.217988029122353
fra,1983,-0.20968434214592
fra,1984,-0.21472442150116
fra,1985,-0.226545736193657
fra,1986,-0.215806737542152
fra,1987,-0.233499452471733
fra,1988,-0.236393809318542
fra,1989,-0.243166550993919
fra,1990,-0.274486869573593
fra,1991,-0.249724373221397
fra,1992,-0.281799286603928
fra,1993,-0.242117017507553
fra,1994,-0.255161076784134
fra,1995,-0.279366791248322
fra,1996,-0.276702255010605
fra,1997,-0.262006729841232
fra,1998,-0.279313951730728
fra,1999,-0.270059585571289
fra,2000,-0.278107821941376
fra,2001,-0.269372880458832
fra,2002,-0.271949887275696
fra,2003,-0.306510746479034
fra,2004,-0.338947743177414
fra,2005,-0.344795525074005
fra,2006,-0.36445078253746
fra,2007,-0.367156445980072
fra,2008,-0.400141268968582
fra,2009,-0.331665188074112
fra,2010,-0.356157869100571
fra,2011,-0.384282529354095
fra,2012,-0.37443619966507
fra,2013,-0.371132016181946
fra,2014,-0.357055991888046
fra,2015,-0.322751343250275
fra,2016,-0.315818339586258
fra,2017,-0.329046696424484
fra,2018,-0.338626772165298
fra,2019,-0.318711817264557
fra,2020,-0.291219413280487
fra,2021,-0.317789882421494
fra,2022,-0.362000852823257
fra,2023,-0.338984966278076
gab,1960,-0.115804478526115
gab,1961,-0.120364844799042
gab,1962,-0.107445575296879
gab,1963,-0.108491271734238
gab,1964,-0.111349783837795
gab,1965,-0.110593147575855
gab,1966,-0.118112199008465
gab,1967,-0.102757558226585
gab,1968,-0.0906709283590317
gab,1969,-0.0961815044283867
gab,1970,-0.122875355184078
gab,1971,-0.083916462957859
gab,1972,-0.0916165709495544
gab,1973,-0.0852776616811752
gab,1974,-0.182718649506569
gab,1975,-0.17242394387722
gab,1976,-0.13213038444519
gab,1977,-0.193659201264381
gab,1978,-0.143254935741425
gab,1979,-0.115279249846935
gab,1980,-0.139722257852554
gab,1981,-0.227114796638489
gab,1982,-0.219793081283569
gab,1983,-0.185262277722359
gab,1984,-0.153428852558136
gab,1985,-0.194888964295387
gab,1986,-0.215043738484383
gab,1987,-0.160455793142319
gab,1988,-0.216938927769661
gab,1989,-0.142445504665375
gab,1990,-0.1177828758955
gab,1991,-0.139578387141228
gab,1992,-0.126876682043076
gab,1993,-0.154478445649147
gab,1994,-0.156046524643898
gab,1995,-0.125034391880035
gab,1996,-0.149340152740479
gab,1997,-0.196931272745132
gab,1998,-0.288499653339386
gab,1999,-0.176109850406647
gab,2000,-0.164832100272179
gab,2001,-0.201527163386345
gab,2002,-0.133768677711487
gab,2003,-0.110901713371277
gab,2004,-0.111299403011799
gab,2005,-0.122634097933769
gab,2006,-0.145683735609055
gab,2007,-0.160481214523315
gab,2008,-0.151080459356308
gab,2009,-0.23979078233242
gab,2010,-0.23318050801754
gab,2011,-0.172320142388344
gab,2012,-0.205412268638611
gab,2013,-0.184362977743149
gab,2014,-0.191979557275772
gab,2015,-0.166801527142525
gab,2016,-0.114930301904678
gab,2017,-0.108295455574989
gab,2018,-0.102759964764118
gab,2019,-0.120110772550106
gab,2020,-0.112134344875813
gab,2021,-0.114958122372627
gab,2022,-0.122747987508774
gab,2023,-0.123970404267311
gbr,1950,-0.147507518529892
gbr,1951,-0.172725990414619
gbr,1952,-0.148441135883331
gbr,1953,-0.141191408038139
gbr,1954,-0.139729604125023
gbr,1955,-0.14825527369976
gbr,1956,-0.144468992948532
gbr,1957,-0.145517453551292
gbr,1958,-0.136233970522881
gbr,1959,-0.137683272361755
gbr,1960,-0.167158171534538
gbr,1961,-0.156097307801247
gbr,1962,-0.140452861785889
gbr,1963,-0.141092643141747
gbr,1964,-0.146811679005623
gbr,1965,-0.143517509102821
gbr,1966,-0.140036255121231
gbr,1967,-0.140875205397606
gbr,1968,-0.147649750113487
gbr,1969,-0.145522579550743
gbr,1970,-0.143766537308693
gbr,1971,-0.145329147577286
gbr,1972,-0.152358576655388
gbr,1973,-0.170633256435394
gbr,1974,-0.216840475797653
gbr,1975,-0.198998808860779
gbr,1976,-0.200449377298355
gbr,1977,-0.197479352355003
gbr,1978,-0.196883842349052
gbr,1979,-0.211497262120247
gbr,1980,-0.216818988323212
gbr,1981,-0.203068122267723
gbr,1982,-0.203628405928612
gbr,1983,-0.209173649549484
gbr,1984,-0.226426631212235
gbr,1985,-0.229164645075798
gbr,1986,-0.227410882711411
gbr,1987,-0.235989302396774
gbr,1988,-0.254804104566574
gbr,1989,-0.255742877721787
gbr,1990,-0.270011782646179
gbr,1991,-0.232938915491104
gbr,1992,-0.277218043804169
gbr,1993,-0.241902247071266
gbr,1994,-0.251353085041046
gbr,1995,-0.243823990225792
gbr,1996,-0.249604225158691
gbr,1997,-0.260802507400513
gbr,1998,-0.264327645301819
gbr,1999,-0.256573796272278
gbr,2000,-0.301532208919525
gbr,2001,-0.289470970630646
gbr,2002,-0.298617333173752
gbr,2003,-0.317748665809631
gbr,2004,-0.345598310232163
gbr,2005,-0.338749438524246
gbr,2006,-0.379236847162247
gbr,2007,-0.389686644077301
gbr,2008,-0.384539425373077
gbr,2009,-0.343779116868973
gbr,2010,-0.386090248823166
gbr,2011,-0.422420591115952
gbr,2012,-0.40795773267746
gbr,2013,-0.368006378412247
gbr,2014,-0.378372013568878
gbr,2015,-0.35668095946312
gbr,2016,-0.361257404088974
gbr,2017,-0.333400845527649
gbr,2018,-0.346749931573868
gbr,2019,-0.356498688459396
gbr,2020,-0.310267359018326
gbr,2021,-0.330512285232544
gbr,2022,-0.384793788194656
gbr,2023,-0.347450405359268
geo,1990,-0.0129589084535837
geo,1991,-0.006789640057832
geo,1992,-0.0335336327552795
geo,1993,-0.0435975007712841
geo,1994,-0.000119636548333801
geo,1995,-0.0403926931321621
geo,1996,-0.0909476727247238
geo,1997,-0.119234770536423
geo,1998,-0.117685057222843
geo,1999,-0.0825570300221443
geo,2000,-0.102125391364098
geo,2001,-0.101474240422249
geo,2002,-0.100044026970863
geo,2003,-0.120459191501141
geo,2004,-0.172818347811699
geo,2005,-0.206504255533218
geo,2006,-0.255753874778748
geo,2007,-0.298257142305374
geo,2008,-0.301777273416519
geo,2009,-0.226335734128952
geo,2010,-0.243517309427261
geo,2011,-0.301906585693359
geo,2012,-0.3385970890522
geo,2013,-0.328029543161392
geo,2014,-0.322624862194061
geo,2015,-0.281841188669205
geo,2016,-0.267345696687698
geo,2017,-0.260301470756531
geo,2018,-0.27903288602829
geo,2019,-0.271927922964096
geo,2020,-0.230022460222244
geo,2021,-0.246295318007469
geo,2022,-0.283674538135529
geo,2023,-0.270452052354813
gha,1955,-0.0575408972799778
gha,1956,-0.0547291859984398
gha,1957,-0.0597281120717526
gha,1958,-0.0477806888520718
gha,1959,-0.0522704347968102
gha,1960,-0.0647849515080452
gha,1961,-0.0697429180145264
gha,1962,-0.0537824407219887
gha,1963,-0.0552386529743671
gha,1964,-0.0424176827073097
gha,1965,-0.0532186627388001
gha,1966,-0.0434215888381004
gha,1967,-0.0380950756371021
gha,1968,-0.0398656874895096
gha,1969,-0.038219403475523
gha,1970,-0.0381738618016243
gha,1971,-0.0372747704386711
gha,1972,-0.0284741949290037
gha,1973,-0.0373127609491348
gha,1974,-0.044307716190815
gha,1975,-0.0426133275032043
gha,1976,-0.0447922833263874
gha,1977,-0.0447712689638138
gha,1978,-0.0347496345639229
gha,1979,-0.0279515236616135
gha,1980,-0.0346598103642464
gha,1981,-0.0363552570343018
gha,1982,-0.0300871506333351
gha,1983,-0.0105926487594843
gha,1984,-0.0243804678320885
gha,1985,-0.0201288368552923
gha,1986,-0.0265822038054466
gha,1987,-0.0380638465285301
gha,1988,-0.0360750146210194
gha,1989,-0.039856318384409
gha,1990,-0.0440927222371101
gha,1991,-0.046389777213335
gha,1992,-0.0976266041398048
gha,1993,-0.0624307245016098
gha,1994,-0.0574138164520264
gha,1995,-0.0643835365772247
gha,1996,-0.10472896695137
gha,1997,-0.134126842021942
gha,1998,-0.124536871910095
gha,1999,-0.124453239142895
gha,2000,-0.102053932845593
gha,2001,-0.125402271747589
gha,2002,-0.105265893042088
gha,2003,-0.11218985170126
gha,2004,-0.122021481394768
gha,2005,-0.132568687200546
gha,2006,-0.147619664669037
gha,2007,-0.157949954271317
gha,2008,-0.143818661570549
gha,2009,-0.123480334877968
gha,2010,-0.132146894931793
gha,2011,-0.177082017064095
gha,2012,-0.166706144809723
gha,2013,-0.146165266633034
gha,2014,-0.127763524651527
gha,2015,-0.17115131020546
gha,2016,-0.142481535673141
gha,2017,-0.146747142076492
gha,2018,-0.129636406898499
gha,2019,-0.106383889913559
gha,2020,-0.0957276374101639
gha,2021,-0.101692505180836
gha,2022,-0.105538010597229
gha,2023,-0.0951890200376511
gin,1959,-0.00307103572413325
gin,1960,-0.00426554074510932
gin,1961,-0.00563535746186972
gin,1962,-0.00463649909943342
gin,1963,-0.00345340510830283
gin,1964,-0.0048540267162025
gin,1965,-0.00622827233746648
gin,1966,-0.00544570712372661
gin,1967,-0.00339378952048719
gin,1968,-0.00323819625191391
gin,1969,-0.00451349141076207
gin,1970,-0.006338095292449
gin,1971,-0.00635973364114761
gin,1972,-0.00588428135961294
gin,1973,-0.00458106910809875
gin,1974,-0.00593326240777969
gin,1975,-0.0104231014847755
gin,1976,-0.00688427779823542
gin,1977,-0.00976683758199215
gin,1978,-0.0111970100551844
gin,1979,-0.00980356242507696
gin,1980,-0.0149838915094733
gin,1981,-0.0167712084949017
gin,1982,-0.0108819119632244
gin,1983,-0.00696158315986395
gin,1984,-0.00601296778768301
gin,1985,-0.00622089952230454
gin,1986,-0.0413868092000485
gin,1987,-0.0438384376466274
gin,1988,-0.0409538932144642
gin,1989,-0.041058961302042
gin,1990,-0.0419240109622479
gin,1991,-0.0420602969825268
gin,1992,-0.0542322508990765
gin,1993,-0.0446707904338837
gin,1994,-0.0430880822241306
gin,1995,-0.0700866878032684
gin,1996,-0.0522754900157452
gin,1997,-0.0568107776343823
gin,1998,-0.0511923879384995
gin,1999,-0.0569005720317364
gin,2000,-0.0674693211913109
gin,2001,-0.0745628178119659
gin,2002,-0.0848356112837791
gin,2003,-0.113712929189205
gin,2004,-0.122135654091835
gin,2005,-0.191108658909798
gin,2006,-0.123415865004063
gin,2007,-0.135341361165047
gin,2008,-0.173419758677483
gin,2009,-0.190702214837074
gin,2010,-0.188611805438995
gin,2011,-0.244380861520767
gin,2012,-0.24109061062336
gin,2013,-0.19546864926815
gin,2014,-0.231561616063118
gin,2015,-0.160558268427849
gin,2016,-0.247867986559868
gin,2017,-0.171049311757088
gin,2018,-0.15253059566021
gin,2019,-0.134645015001297
gin,2020,-0.20077383518219
gin,2021,-0.186792030930519
gin,2022,-0.164290323853493
gin,2023,-0.130937516689301
gmb,1960,-0.0668731331825256
gmb,1961,-0.0730569362640381
gmb,1962,-0.0617581829428673
gmb,1963,-0.058100488036871
gmb,1964,-0.0747226104140282
gmb,1965,-0.072440542280674
gmb,1966,-0.0742330104112625
gmb,1967,-0.0672206878662109
gmb,1968,-0.0782415121793747
gmb,1969,-0.0628307387232781
gmb,1970,-0.0754890069365501
gmb,1971,-0.0886269807815552
gmb,1972,-0.0712866857647896
gmb,1973,-0.0610916875302792
gmb,1974,-0.0659487992525101
gmb,1975,-0.0712006613612175
gmb,1976,-0.102222234010696
gmb,1977,-0.108447469770908
gmb,1978,-0.121320240199566
gmb,1979,-0.135967433452606
gmb,1980,-0.187501981854439
gmb,1981,-0.0840647965669632
gmb,1982,-0.0699779018759728
gmb,1983,-0.0667873173952103
gmb,1984,-0.0576208345592022
gmb,1985,-0.0512531660497189
gmb,1986,-0.10472384095192
gmb,1987,-0.101900532841682
gmb,1988,-0.117649808526039
gmb,1989,-0.0905008465051651
gmb,1990,-0.103521883487701
gmb,1991,-0.1188700273633
gmb,1992,-0.165767058730125
gmb,1993,-0.163893014192581
gmb,1994,-0.124546676874161
gmb,1995,-0.142788305878639
gmb,1996,-0.1484185308218
gmb,1997,-0.17612424492836
gmb,1998,-0.186890482902527
gmb,1999,-0.128271341323853
gmb,2000,-0.118449822068214
gmb,2001,-0.0836160853505135
gmb,2002,-0.107918083667755
gmb,2003,-0.0866509974002838
gmb,2004,-0.0934975072741509
gmb,2005,-0.0952273458242416
gmb,2006,-0.0979383364319801
gmb,2007,-0.108358696103096
gmb,2008,-0.112161785364151
gmb,2009,-0.109520494937897
gmb,2010,-0.0948659628629684
gmb,2011,-0.125314429402351
gmb,2012,-0.133615776896477
gmb,2013,-0.121281541883945
gmb,2014,-0.133794590830803
gmb,2015,-0.143183648586273
gmb,2016,-0.13938507437706
gmb,2017,-0.166839331388474
gmb,2018,-0.153439745306969
gmb,2019,-0.167989760637283
gmb,2020,-0.187544792890549
gmb,2021,-0.154145658016205
gmb,2022,-0.154195368289948
gmb,2023,-0.147058516740799
gnb,1960,-0.450806260108948
gnb,1961,-0.381306648254395
gnb,1962,-0.358354806900024
gnb,1963,-0.396659284830093
gnb,1964,-0.415118992328644
gnb,1965,-0.363160222768784
gnb,1966,-0.377990692853928
gnb,1967,-0.357637405395508
gnb,1968,-0.34602352976799
gnb,1969,-0.401861608028412
gnb,1970,-0.407881438732147
gnb,1971,-0.449005752801895
gnb,1972,-0.451439172029495
gnb,1973,-0.54967600107193
gnb,1974,-0.6914342045784
gnb,1975,-0.411616295576096
gnb,1976,-0.42369619011879
gnb,1977,-0.574349880218506
gnb,1978,-0.599257171154022
gnb,1979,-0.777508437633514
gnb,1980,-0.74766480922699
gnb,1981,-0.386406391859055
gnb,1982,-0.442908674478531
gnb,1983,-0.321733891963959
gnb,1984,-0.534015476703644
gnb,1985,-0.659007608890533
gnb,1986,-0.259838134050369
gnb,1987,-0.339212954044342
gnb,1988,-0.293609231710434
gnb,1989,-0.294933974742889
gnb,1990,-0.297609269618988
gnb,1991,-0.289317667484283
gnb,1992,-0.680703699588776
gnb,1993,-0.323003739118576
gnb,1994,-0.303878277540207
gnb,1995,-0.321298450231552
gnb,1996,-0.214022263884544
gnb,1997,-0.120818436145782
gnb,1998,-0.0969254598021507
gnb,1999,-0.0882356092333794
gnb,2000,-0.10725062340498
gnb,2001,-0.121916890144348
gnb,2002,-0.119506776332855
gnb,2003,-0.114899314939976
gnb,2004,-0.122668772935867
gnb,2005,-0.140201687812805
gnb,2006,-0.155000686645508
gnb,2007,-0.206113651394844
gnb,2008,-0.233229324221611
gnb,2009,-0.249459832906723
gnb,2010,-0.24127733707428
gnb,2011,-0.245988622307777
gnb,2012,-0.18730565905571
gnb,2013,-0.181553289294243
gnb,2014,-0.225352585315704
gnb,2015,-0.213038176298141
gnb,2016,-0.210045143961906
gnb,2017,-0.209808319807053
gnb,2018,-0.219119563698769
gnb,2019,-0.223524734377861
gnb,2020,-0.209817498922348
gnb,2021,-0.191488653421402
gnb,2022,-0.181473806500435
gnb,2023,-0.17149443924427
gnq,1960,-0.0411347262561321
gnq,1961,-0.0377423726022244
gnq,1962,-0.0310079753398895
gnq,1963,-0.0207845102995634
gnq,1964,-0.0247176550328732
gnq,1965,-0.0224212650209665
gnq,1966,-0.0191400554031134
gnq,1967,-0.0163662731647491
gnq,1968,-0.0152366189286113
gnq,1969,-0.0141043271869421
gnq,1970,-0.0126901334151626
gnq,1971,-0.0124382833018899
gnq,1972,-0.0121637489646673
gnq,1973,-0.0127318035811186
gnq,1974,-0.0151573941111565
gnq,1975,-0.0149368224665523
gnq,1976,-0.0147704584524035
gnq,1977,-0.0146744754165411
gnq,1978,-0.0145040508359671
gnq,1979,-0.0152492001652718
gnq,1980,-0.0163550991564989
gnq,1981,-0.0166688673198223
gnq,1982,-0.0154503472149372
gnq,1983,-0.0151334973052144
gnq,1984,-0.0149545082822442
gnq,1985,-0.0750998631119728
gnq,1986,-0.147548615932465
gnq,1987,-0.183404177427292
gnq,1988,-0.174323946237564
gnq,1989,-0.122163318097591
gnq,1990,-0.153744757175446
gnq,1991,-0.169860005378723
gnq,1992,-0.167608559131622
gnq,1993,-0.155366361141205
gnq,1994,-0.18291799724102
gnq,1995,-0.358911842107773
gnq,1996,-0.44817316532135
gnq,1997,-0.322666704654694
gnq,1998,-0.431349575519562
gnq,1999,-0.363994479179382
gnq,2000,-0.36796697974205
gnq,2001,-0.380047976970673
gnq,2002,-0.576430797576904
gnq,2003,-0.500580787658691
gnq,2004,-0.385691970586777
gnq,2005,-0.304985076189041
gnq,2006,-0.366333037614822
gnq,2007,-0.453985869884491
gnq,2008,-0.499959617853165
gnq,2009,-0.620014190673828
gnq,2010,-0.433721959590912
gnq,2011,-0.320298820734024
gnq,2012,-0.379893690347672
gnq,2013,-0.330940425395966
gnq,2014,-0.324589818716049
gnq,2015,-0.313531279563904
gnq,2016,-0.300743877887726
gnq,2017,-0.297876596450806
gnq,2018,-0.29872527718544
gnq,2019,-0.276981145143509
gnq,2020,-0.238496541976929
gnq,2021,-0.215940192341805
gnq,2022,-0.245887592434883
gnq,2023,-0.269710749387741
grc,1951,-0.121532216668129
grc,1952,-0.102551683783531
grc,1953,-0.0704436674714088
grc,1954,-0.0834648609161377
grc,1955,-0.0830516293644905
grc,1956,-0.0887759923934937
grc,1957,-0.0909997299313545
grc,1958,-0.0954182893037796
grc,1959,-0.0938649624586105
grc,1960,-0.127290919423103
grc,1961,-0.121814727783203
grc,1962,-0.12237624078989
grc,1963,-0.123498037457466
grc,1964,-0.120517536997795
grc,1965,-0.134082481265068
grc,1966,-0.129442021250725
grc,1967,-0.115884587168694
grc,1968,-0.124304831027985
grc,1969,-0.124084025621414
grc,1970,-0.132918521761894
grc,1971,-0.126394271850586
grc,1972,-0.116340048611164
grc,1973,-0.136014506220818
grc,1974,-0.156168252229691
grc,1975,-0.158653482794762
grc,1976,-0.171108111739159
grc,1977,-0.180395945906639
grc,1978,-0.166853949427605
grc,1979,-0.183588266372681
grc,1980,-0.182938516139984
grc,1981,-0.173080340027809
grc,1982,-0.188359677791595
grc,1983,-0.199089601635933
grc,1984,-0.199767366051674
grc,1985,-0.197518169879913
grc,1986,-0.179586544632912
grc,1987,-0.186450958251953
grc,1988,-0.156040742993355
grc,1989,-0.192803293466568
grc,1990,-0.221987068653107
grc,1991,-0.208133190870285
grc,1992,-0.249332159757614
grc,1993,-0.230034664273262
grc,1994,-0.203731387853622
grc,1995,-0.222642540931702
grc,1996,-0.243203595280647
grc,1997,-0.222631946206093
grc,1998,-0.250348836183548
grc,1999,-0.24562956392765
grc,2000,-0.240202337503433
grc,2001,-0.230349346995354
grc,2002,-0.229300707578659
grc,2003,-0.293513000011444
grc,2004,-0.314884185791016
grc,2005,-0.332476794719696
grc,2006,-0.34828782081604
grc,2007,-0.37846177816391
grc,2008,-0.421825766563416
grc,2009,-0.343072295188904
grc,2010,-0.339920282363892
grc,2011,-0.384380042552948
grc,2012,-0.402801305055618
grc,2013,-0.364298194646835
grc,2014,-0.383188664913178
grc,2015,-0.321426242589951
grc,2016,-0.327114224433899
grc,2017,-0.363090455532074
grc,2018,-0.410205245018005
grc,2019,-0.38463568687439
grc,2020,-0.38858836889267
grc,2021,-0.441731780767441
grc,2022,-0.498030751943588
grc,2023,-0.455433011054993
grd,1970,-0.640545904636383
grd,1971,-0.6378093957901
grd,1972,-0.605186641216278
grd,1973,-0.645363509654999
grd,1974,-0.9534872174263
grd,1975,-0.819186270236969
grd,1976,-0.84918874502182
grd,1977,-0.933533489704132
grd,1978,-0.745294272899628
grd,1979,-0.936860859394074
grd,1980,-0.677225649356842
grd,1981,-0.824934482574463
grd,1982,-0.715344130992889
grd,1983,-0.570510864257813
grd,1984,-0.504098653793335
grd,1985,-0.627423226833344
grd,1986,-0.635697484016419
grd,1987,-0.503269016742706
grd,1988,-0.503595292568207
grd,1989,-0.493970304727554
grd,1990,-0.519892692565918
grd,1991,-0.451555192470551
grd,1992,-0.26172924041748
grd,1993,-0.571673035621643
grd,1994,-0.467030197381973
grd,1995,-0.434301108121872
grd,1996,-0.409660845994949
grd,1997,-0.512657761573792
grd,1998,-0.592296421527863
grd,1999,-0.578101694583893
grd,2000,-0.587182641029358
grd,2001,-0.784080147743225
grd,2002,-0.633635818958283
grd,2003,-1.06844675540924
grd,2004,-0.634576320648193
grd,2005,-0.756043553352356
grd,2006,-0.655322790145874
grd,2007,-0.693660974502564
grd,2008,-0.643653869628906
grd,2009,-0.531249105930328
grd,2010,-0.36316704750061
grd,2011,-0.263066500425339
grd,2012,-0.25878119468689
grd,2013,-0.248075604438782
grd,2014,-0.249235585331917
grd,2015,-0.356494069099426
grd,2016,-0.276971578598022
grd,2017,-0.295810550451279
grd,2018,-0.268237859010696
grd,2019,-0.26942852139473
grd,2020,-0.241684764623642
grd,2021,-0.273111373186111
grd,2022,-0.322624295949936
grd,2023,-0.332745879888535
gtm,1950,-0.166593506932259
gtm,1951,-0.167604699730873
gtm,1952,-0.136839643120766
gtm,1953,-0.136332869529724
gtm,1954,-0.147237747907639
gtm,1955,-0.167082414031029
gtm,1956,-0.196001157164574
gtm,1957,-0.203405857086182
gtm,1958,-0.175964921712875
gtm,1959,-0.160536214709282
gtm,1960,-0.185411915183067
gtm,1961,-0.156780764460564
gtm,1962,-0.143921419978142
gtm,1963,-0.191234022378922
gtm,1964,-0.200081616640091
gtm,1965,-0.225367218255997
gtm,1966,-0.189093366265297
gtm,1967,-0.209368780255318
gtm,1968,-0.191466107964516
gtm,1969,-0.172576442360878
gtm,1970,-0.174998551607132
gtm,1971,-0.170810595154762
gtm,1972,-0.151631593704224
gtm,1973,-0.161220833659172
gtm,1974,-0.222071513533592
gtm,1975,-0.200642466545105
gtm,1976,-0.199450939893723
gtm,1977,-0.21068648993969
gtm,1978,-0.215659692883492
gtm,1979,-0.197974026203156
gtm,1980,-0.194486379623413
gtm,1981,-0.223508685827255
gtm,1982,-0.151674836874008
gtm,1983,-0.118087694048882
gtm,1984,-0.140985324978828
gtm,1985,-0.128423362970352
gtm,1986,-0.0876650586724281
gtm,1987,-0.108662709593773
gtm,1988,-0.108210012316704
gtm,1989,-0.111977607011795
gtm,1990,-0.0970779955387116
gtm,1991,-0.0948478206992149
gtm,1992,-0.13567128777504
gtm,1993,-0.138741731643677
gtm,1994,-0.12798273563385
gtm,1995,-0.137591570615768
gtm,1996,-0.126760423183441
gtm,1997,-0.155185237526894
gtm,1998,-0.183325886726379
gtm,1999,-0.171455875039101
gtm,2000,-0.176714405417442
gtm,2001,-0.191531613469124
gtm,2002,-0.206007450819016
gtm,2003,-0.202298238873482
gtm,2004,-0.214869022369385
gtm,2005,-0.269997924566269
gtm,2006,-0.225053131580353
gtm,2007,-0.275356888771057
gtm,2008,-0.266502320766449
gtm,2009,-0.218338251113892
gtm,2010,-0.244612172245979
gtm,2011,-0.262474715709686
gtm,2012,-0.267788618803024
gtm,2013,-0.258160173892975
gtm,2014,-0.238733366131783
gtm,2015,-0.236753135919571
gtm,2016,-0.214921578764915
gtm,2017,-0.216605931520462
gtm,2018,-0.220064178109169
gtm,2019,-0.219263032078743
gtm,2020,-0.202938586473465
gtm,2021,-0.226491019129753
gtm,2022,-0.246289163827896
gtm,2023,-0.234218791127205
guy,1970,-0.172148182988167
guy,1971,-0.163891568779945
guy,1972,-0.170773908495903
guy,1973,-0.204500809311867
guy,1974,-0.243633806705475
guy,1975,-0.264971315860748
guy,1976,-0.315026700496674
guy,1977,-0.27420848608017
guy,1978,-0.218318849802017
guy,1979,-0.251633733510971
guy,1980,-0.31783601641655
guy,1981,-0.339954286813736
guy,1982,-0.271151214838028
guy,1983,-0.244126841425896
guy,1984,-0.241200566291809
guy,1985,-0.275208681821823
guy,1986,-0.270051598548889
guy,1987,-0.266269654035568
guy,1988,-0.210366442799568
guy,1989,-0.264969736337662
guy,1990,-0.305049329996109
guy,1991,-0.284530758857727
guy,1992,-0.437154233455658
guy,1993,-0.459229946136475
guy,1994,-0.388540178537369
guy,1995,-0.404262334108353
guy,1996,-0.431183516979218
guy,1997,-0.453756481409073
guy,1998,-0.460723727941513
guy,1999,-0.423416495323181
guy,2000,-0.426986217498779
guy,2001,-0.44852340221405
guy,2002,-0.626865208148956
guy,2003,-0.544357895851135
guy,2004,-0.550990402698517
guy,2005,-0.68126916885376
guy,2006,-0.765497148036957
guy,2007,-0.720830857753754
guy,2008,-0.738779485225678
guy,2009,-0.706890165805817
guy,2010,-0.814892053604126
guy,2011,-0.857252478599548
guy,2012,-0.948239088058472
guy,2013,-0.866698622703552
guy,2014,-0.760029256343842
guy,2015,-0.564212620258331
guy,2016,-0.500259935855866
guy,2017,-0.569467842578888
guy,2018,-0.587342739105225
guy,2019,-0.938357472419739
guy,2020,-0.872817397117615
guy,2021,-0.98028838634491
guy,2022,-0.581040441989899
guy,2023,-0.654924929141998
hkg,1960,-0.62750118970871
hkg,1961,-0.581473767757416
hkg,1962,-0.520558714866638
hkg,1963,-0.501874148845673
hkg,1964,-0.501744270324707
hkg,1965,-0.450742244720459
hkg,1966,-0.476944983005524
hkg,1967,-0.460342675447464
hkg,1968,-0.495262622833252
hkg,1969,-0.486742287874222
hkg,1970,-0.492323935031891
hkg,1971,-0.507009744644165
hkg,1972,-0.475025236606598
hkg,1973,-0.488357245922089
hkg,1974,-0.549239099025726
hkg,1975,-0.558707118034363
hkg,1976,-0.594674289226532
hkg,1977,-0.573118269443512
hkg,1978,-0.617738902568817
hkg,1979,-0.689557015895844
hkg,1980,-0.834803879261017
hkg,1981,-0.892725229263306
hkg,1982,-0.817690134048462
hkg,1983,-0.813624978065491
hkg,1984,-0.838461995124817
hkg,1985,-0.887463092803955
hkg,1986,-0.833822429180145
hkg,1987,-0.851333260536194
hkg,1988,-0.981955647468567
hkg,1989,-0.966103911399841
hkg,1990,-0.973895192146301
hkg,1991,-0.988506734371185
hkg,1992,-1.27236604690552
hkg,1993,-1.29958486557007
hkg,1994,-1.34322381019592
hkg,1995,-1.4970223903656
hkg,1996,-1.5249879360199
hkg,1997,-1.57029926776886
hkg,1998,-1.42837107181549
hkg,1999,-1.36633765697479
hkg,2000,-1.48279583454132
hkg,2001,-1.36864423751831
hkg,2002,-1.29996848106384
hkg,2003,-1.33679747581482
hkg,2004,-1.27844524383545
hkg,2005,-1.40883779525757
hkg,2006,-1.57370638847351
hkg,2007,-1.51412713527679
hkg,2008,-1.83990323543549
hkg,2009,-1.81842291355133
hkg,2010,-2.06923174858093
hkg,2011,-2.22901177406311
hkg,2012,-2.33483552932739
hkg,2013,-2.09027004241943
hkg,2014,-2.47918725013733
hkg,2015,-2.59336757659912
hkg,2016,-2.43027210235596
hkg,2017,-2.86699271202087
hkg,2018,-2.54213452339172
hkg,2019,-2.31873917579651
hkg,2020,-2.24695634841919
hkg,2021,-2.66069269180298
hkg,2022,-2.5753698348999
hkg,2023,-2.17750859260559
hnd,1950,-0.125627428293228
hnd,1951,-0.167375788092613
hnd,1952,-0.189462304115295
hnd,1953,-0.164437502622604
hnd,1954,-0.166229143738747
hnd,1955,-0.166647911071777
hnd,1956,-0.150723665952683
hnd,1957,-0.163434013724327
hnd,1958,-0.138593941926956
hnd,1959,-0.124438136816025
hnd,1960,-0.151757195591927
hnd,1961,-0.143178999423981
hnd,1962,-0.131881445646286
hnd,1963,-0.203926727175713
hnd,1964,-0.202598109841347
hnd,1965,-0.212011530995369
hnd,1966,-0.2355937063694
hnd,1967,-0.244239658117294
hnd,1968,-0.245355412364006
hnd,1969,-0.228227853775024
hnd,1970,-0.249602153897285
hnd,1971,-0.209940493106842
hnd,1972,-0.181853830814362
hnd,1973,-0.217368543148041
hnd,1974,-0.283847481012344
hnd,1975,-0.274291932582855
hnd,1976,-0.251655220985413
hnd,1977,-0.266473650932312
hnd,1978,-0.280087500810623
hnd,1979,-0.290163367986679
hnd,1980,-0.318123728036881
hnd,1981,-0.273245573043823
hnd,1982,-0.188691407442093
hnd,1983,-0.203431397676468
hnd,1984,-0.18527452647686
hnd,1985,-0.207439765334129
hnd,1986,-0.148632049560547
hnd,1987,-0.146035000681877
hnd,1988,-0.134072870016098
hnd,1989,-0.141678005456924
hnd,1990,-0.123619049787521
hnd,1991,-0.112766236066818
hnd,1992,-0.132478207349777
hnd,1993,-0.147716954350472
hnd,1994,-0.147202163934708
hnd,1995,-0.165505364537239
hnd,1996,-0.180411249399185
hnd,1997,-0.21240296959877
hnd,1998,-0.256720840930939
hnd,1999,-0.271906405687332
hnd,2000,-0.231951043009758
hnd,2001,-0.261569142341614
hnd,2002,-0.267438977956772
hnd,2003,-0.261024683713913
hnd,2004,-0.27190113067627
hnd,2005,-0.29225155711174
hnd,2006,-0.299228578805923
hnd,2007,-0.344828903675079
hnd,2008,-0.479210168123245
hnd,2009,-0.3277587890625
hnd,2010,-0.362194091081619
hnd,2011,-0.398045003414154
hnd,2012,-0.370128124952316
hnd,2013,-0.41651114821434
hnd,2014,-0.429125130176544
hnd,2015,-0.335368990898132
hnd,2016,-0.294475376605988
hnd,2017,-0.312066465616226
hnd,2018,-0.320418268442154
hnd,2019,-0.293532639741898
hnd,2020,-0.257015734910965
hnd,2021,-0.317247122526169
hnd,2022,-0.35884040594101
hnd,2023,-0.293532878160477
hrv,1990,-0.278103291988373
hrv,1991,-0.323555439710617
hrv,1992,-0.241388186812401
hrv,1993,-0.278021812438965
hrv,1994,-0.272335678339005
hrv,1995,-0.325130552053452
hrv,1996,-0.339750647544861
hrv,1997,-0.378839403390884
hrv,1998,-0.346660196781158
hrv,1999,-0.310912758111954
hrv,2000,-0.309963554143906
hrv,2001,-0.349680423736572
hrv,2002,-0.364593029022217
hrv,2003,-0.40116074681282
hrv,2004,-0.428384810686111
hrv,2005,-0.453520953655243
hrv,2006,-0.486729860305786
hrv,2007,-0.489823281764984
hrv,2008,-0.508165955543518
hrv,2009,-0.388703852891922
hrv,2010,-0.379483014345169
hrv,2011,-0.399285137653351
hrv,2012,-0.380827128887177
hrv,2013,-0.428638845682144
hrv,2014,-0.436531752347946
hrv,2015,-0.407135546207428
hrv,2016,-0.406610012054443
hrv,2017,-0.380564212799072
hrv,2018,-0.469868570566177
hrv,2019,-0.45219025015831
hrv,2020,-0.428054183721542
hrv,2021,-0.47958254814148
hrv,2022,-0.628153383731842
hrv,2023,-0.53454577922821
hti,1960,-0.0785325765609741
hti,1961,-0.10932432115078
hti,1962,-0.0717640295624733
hti,1963,-0.0821639895439148
hti,1964,-0.0806708931922913
hti,1965,-0.0873782113194466
hti,1966,-0.0848403945565224
hti,1967,-0.0777000710368156
hti,1968,-0.0781116634607315
hti,1969,-0.0766181498765945
hti,1970,-0.0836781561374664
hti,1971,-0.089978501200676
hti,1972,-0.0907603055238724
hti,1973,-0.0989972949028015
hti,1974,-0.110304534435272
hti,1975,-0.112337447702885
hti,1976,-0.147029861807823
hti,1977,-0.157766580581665
hti,1978,-0.167106717824936
hti,1979,-0.148382037878037
hti,1980,-0.197592794895172
hti,1981,-0.205427497625351
hti,1982,-0.182632490992546
hti,1983,-0.179893031716347
hti,1984,-0.185737490653992
hti,1985,-0.195191711187363
hti,1986,-0.150043547153473
hti,1987,-0.1507278829813
hti,1988,-0.144176244735718
hti,1989,-0.128788098692894
hti,1990,-0.173096030950546
hti,1991,-0.122532516717911
hti,1992,-0.0888354256749153
hti,1993,-0.12662273645401
hti,1994,-0.100551746785641
hti,1995,-0.0952326580882072
hti,1996,-0.0898527950048447
hti,1997,-0.0875745788216591
hti,1998,-0.102595433592796
hti,1999,-0.104516759514809
hti,2000,-0.0937731042504311
hti,2001,-0.0998701453208923
hti,2002,-0.0861770063638687
hti,2003,-0.0974936038255692
hti,2004,-0.111029699444771
hti,2005,-0.106094263494015
hti,2006,-0.134136319160461
hti,2007,-0.129357248544693
hti,2008,-0.152748838067055
hti,2009,-0.152408927679062
hti,2010,-0.23630565404892
hti,2011,-0.237849593162537
hti,2012,-0.22555436193943
hti,2013,-0.220288440585136
hti,2014,-0.224734663963318
hti,2015,-0.218895107507706
hti,2016,-0.207560047507286
hti,2017,-0.25469434261322
hti,2018,-0.286334067583084
hti,2019,-0.304558247327805
hti,2020,-0.236624881625175
hti,2021,-0.260823041200638
hti,2022,-0.297057926654816
hti,2023,-0.282640635967255
hun,1970,-0.147427871823311
hun,1971,-0.160728469491005
hun,1972,-0.145449951291084
hun,1973,-0.149923071265221
hun,1974,-0.199831202626228
hun,1975,-0.198238089680672
hun,1976,-0.184028312563896
hun,1977,-0.180606067180634
hun,1978,-0.179385274648666
hun,1979,-0.165921896696091
hun,1980,-0.163426205515862
hun,1981,-0.162965640425682
hun,1982,-0.149481996893883
hun,1983,-0.148319125175476
hun,1984,-0.147627413272858
hun,1985,-0.156077265739441
hun,1986,-0.157041028141975
hun,1987,-0.136617586016655
hun,1988,-0.124071061611176
hun,1989,-0.118975095450878
hun,1990,-0.117260165512562
hun,1991,-0.159749642014503
hun,1992,-0.18769246339798
hun,1993,-0.205597221851349
hun,1994,-0.206879466772079
hun,1995,-0.257823884487152
hun,1996,-0.268345922231674
hun,1997,-0.313593566417694
hun,1998,-0.370003402233124
hun,1999,-0.383188843727112
hun,2000,-0.439253449440002
hun,2001,-0.454623639583588
hun,2002,-0.485972106456757
hun,2003,-0.553725600242615
hun,2004,-0.689236581325531
hun,2005,-0.720086991786957
hun,2006,-0.791771829128265
hun,2007,-0.898566365242004
hun,2008,-0.930980145931244
hun,2009,-0.727461993694305
hun,2010,-0.749370038509369
hun,2011,-0.800466477870941
hun,2012,-0.763873875141144
hun,2013,-0.773912310600281
hun,2014,-0.800767838954926
hun,2015,-0.726958394050598
hun,2016,-0.72452312707901
hun,2017,-0.753003120422363
hun,2018,-0.794086694717407
hun,2019,-0.796688556671143
hun,2020,-0.783633589744568
hun,2021,-0.832169055938721
hun,2022,-0.957315981388092
hun,2023,-0.86828488111496
idn,1960,-0.100731931626797
idn,1961,-0.120289877057076
idn,1962,-0.111961968243122
idn,1963,-0.045079093426466
idn,1964,-0.0286695882678032
idn,1965,-0.052059032022953
idn,1966,-0.0185421351343393
idn,1967,-0.0301964562386274
idn,1968,-0.0297825708985329
idn,1969,-0.0297344475984573
idn,1970,-0.034010037779808
idn,1971,-0.0357641763985157
idn,1972,-0.0430092886090279
idn,1973,-0.0450502075254917
idn,1974,-0.0604077354073525
idn,1975,-0.0650308430194855
idn,1976,-0.0656382143497467
idn,1977,-0.0633978843688965
idn,1978,-0.0598529912531376
idn,1979,-0.0670789703726769
idn,1980,-0.0848117917776108
idn,1981,-0.0873059183359146
idn,1982,-0.110191561281681
idn,1983,-0.0993907451629639
idn,1984,-0.0816390514373779
idn,1985,-0.0609937012195587
idn,1986,-0.056432593613863
idn,1987,-0.0567742101848125
idn,1988,-0.0544182546436787
idn,1989,-0.0602323897182941
idn,1990,-0.0686119496822357
idn,1991,-0.0687969699501991
idn,1992,-0.0736814811825752
idn,1993,-0.0724354609847069
idn,1994,-0.074558824300766
idn,1995,-0.0826026797294617
idn,1996,-0.0799649730324745
idn,1997,-0.07918631285429
idn,1998,-0.0696279779076576
idn,1999,-0.0622285902500153
idn,2000,-0.0927862301468849
idn,2001,-0.0885624513030052
idn,2002,-0.0869834795594215
idn,2003,-0.0823141932487488
idn,2004,-0.101914830505848
idn,2005,-0.113785274326801
idn,2006,-0.104232370853424
idn,2007,-0.106530845165253
idn,2008,-0.137886449694633
idn,2009,-0.0966047793626785
idn,2010,-0.111959703266621
idn,2011,-0.113558642566204
idn,2012,-0.118023656308651
idn,2013,-0.113253384828568
idn,2014,-0.0967460498213768
idn,2015,-0.0918999537825584
idn,2016,-0.0865201354026794
idn,2017,-0.0910375267267227
idn,2018,-0.0982641875743866
idn,2019,-0.0855536162853241
idn,2020,-0.0726364403963089
idn,2021,-0.0916503965854645
idn,2022,-0.102556437253952
idn,2023,-0.091569185256958
ind,1950,-0.0395455881953239
ind,1951,-0.0514235310256481
ind,1952,-0.0309377424418926
ind,1953,-0.0282310992479324
ind,1954,-0.0324100144207478
ind,1955,-0.0360598564147949
ind,1956,-0.0474964305758476
ind,1957,-0.0477172695100307
ind,1958,-0.0376411788165569
ind,1959,-0.0357395894825459
ind,1960,-0.0416953526437283
ind,1961,-0.0363347791135311
ind,1962,-0.0353978537023068
ind,1963,-0.0307883191853762
ind,1964,-0.0292213149368763
ind,1965,-0.0317390598356724
ind,1966,-0.029041163623333
ind,1967,-0.0298942886292934
ind,1968,-0.0267817843705416
ind,1969,-0.0197935495525599
ind,1970,-0.0169586203992367
ind,1971,-0.0196391716599464
ind,1972,-0.0168324634432793
ind,1973,-0.0166712924838066
ind,1974,-0.0199278295040131
ind,1975,-0.0155947394669056
ind,1976,-0.0182193294167519
ind,1977,-0.0231096148490906
ind,1978,-0.0224008187651634
ind,1979,-0.0265012867748737
ind,1980,-0.0347689278423786
ind,1981,-0.0406459271907806
ind,1982,-0.0313745960593224
ind,1983,-0.0491204187273979
ind,1984,-0.039875902235508
ind,1985,-0.0434941127896309
ind,1986,-0.0354610569775105
ind,1987,-0.0329207368195057
ind,1988,-0.0328833796083927
ind,1989,-0.033840648829937
ind,1990,-0.0330138839781284
ind,1991,-0.0257235411554575
ind,1992,-0.0324280932545662
ind,1993,-0.0309913400560617
ind,1994,-0.035051129758358
ind,1995,-0.0386121794581413
ind,1996,-0.0390396676957607
ind,1997,-0.0413207039237022
ind,1998,-0.0414445474743843
ind,1999,-0.0458236671984196
ind,2000,-0.0496724843978882
ind,2001,-0.0468704141676426
ind,2002,-0.0498450957238674
ind,2003,-0.0515927374362946
ind,2004,-0.0614997521042824
ind,2005,-0.0725904405117035
ind,2006,-0.0779499337077141
ind,2007,-0.0800670981407166
ind,2008,-0.100728437304497
ind,2009,-0.0897145196795464
ind,2010,-0.0964158698916435
ind,2011,-0.11091335862875
ind,2012,-0.111999161541462
ind,2013,-0.101622566580772
ind,2014,-0.0921620652079582
ind,2015,-0.0837159752845764
ind,2016,-0.0725079849362373
ind,2017,-0.0850932002067566
ind,2018,-0.0862653329968453
ind,2019,-0.0829108878970146
ind,2020,-0.073839507997036
ind,2021,-0.0838654115796089
ind,2022,-0.0937989428639412
ind,2023,-0.0941519811749458
irl,1950,-0.329828828573227
irl,1951,-0.399561375379562
irl,1952,-0.298701763153076
irl,1953,-0.295138448476791
irl,1954,-0.283782482147217
irl,1955,-0.304013699293137
irl,1956,-0.263550162315369
irl,1957,-0.254080057144165
irl,1958,-0.265895396471024
irl,1959,-0.272817254066467
irl,1960,-0.318245410919189
irl,1961,-0.332198232412338
irl,1962,-0.297509640455246
irl,1963,-0.310124605894089
irl,1964,-0.331331193447113
irl,1965,-0.328171938657761
irl,1966,-0.315234422683716
irl,1967,-0.300661742687225
irl,1968,-0.318599313497543
irl,1969,-0.342338055372238
irl,1970,-0.367185801267624
irl,1971,-0.382092624902725
irl,1972,-0.366776674985886
irl,1973,-0.434188783168793
irl,1974,-0.52303546667099
irl,1975,-0.425760746002197
irl,1976,-0.463070273399353
irl,1977,-0.476135551929474
irl,1978,-0.490613013505936
irl,1979,-0.564865529537201
irl,1980,-0.571354746818543
irl,1981,-0.577973961830139
irl,1982,-0.526416301727295
irl,1983,-0.532283425331116
irl,1984,-0.566426336765289
irl,1985,-0.58144336938858
irl,1986,-0.557307422161102
irl,1987,-0.562017977237701
irl,1988,-0.570799708366394
irl,1989,-0.59556645154953
irl,1990,-0.644404709339142
irl,1991,-0.572794616222382
irl,1992,-0.647048354148865
irl,1993,-0.58100813627243
irl,1994,-0.614429116249085
irl,1995,-0.630153477191925
irl,1996,-0.64983731508255
irl,1997,-0.642098844051361
irl,1998,-0.673370480537415
irl,1999,-0.664552927017212
irl,2000,-0.63194477558136
irl,2001,-0.610050082206726
irl,2002,-0.542506694793701
irl,2003,-0.484694004058838
irl,2004,-0.513201475143433
irl,2005,-0.516882479190826
irl,2006,-0.53344589471817
irl,2007,-0.512909829616547
irl,2008,-0.520832002162933
irl,2009,-0.423753917217255
irl,2010,-0.408176869153976
irl,2011,-0.417805105447769
irl,2012,-0.401181995868683
irl,2013,-0.405538618564606
irl,2014,-0.396153122186661
irl,2015,-0.358382403850555
irl,2016,-0.355822414159775
irl,2017,-0.348094314336777
irl,2018,-0.387471467256546
irl,2019,-0.333675891160965
irl,2020,-0.312310248613358
irl,2021,-0.260856598615646
irl,2022,-0.287828922271729
irl,2023,-0.305883407592773
irn,1955,-0.074008546769619
irn,1956,-0.100229114294052
irn,1957,-0.0995652303099632
irn,1958,-0.114415548741817
irn,1959,-0.092368096113205
irn,1960,-0.101576782763004
irn,1961,-0.0897894725203514
irn,1962,-0.0742417126893997
irn,1963,-0.0899384245276451
irn,1964,-0.099699541926384
irn,1965,-0.114934451878071
irn,1966,-0.110963888466358
irn,1967,-0.113274894654751
irn,1968,-0.130060270428658
irn,1969,-0.126077175140381
irn,1970,-0.113139644265175
irn,1971,-0.122550010681152
irn,1972,-0.118407107889652
irn,1973,-0.135380268096924
irn,1974,-0.202686309814453
irn,1975,-0.336757689714432
irn,1976,-0.31112465262413
irn,1977,-0.298710852861404
irn,1978,-0.38954484462738
irn,1979,-0.169351115822792
irn,1980,-0.207563623785973
irn,1981,-0.211114108562469
irn,1982,-0.136183097958565
irn,1983,-0.228195622563362
irn,1984,-0.169614061713219
irn,1985,-0.065399594604969
irn,1986,-0.0413563437759876
irn,1987,-0.0298095196485519
irn,1988,-0.0260176081210375
irn,1989,-0.0220957137644291
irn,1990,-0.0213184729218483
irn,1991,-0.018403047695756
irn,1992,-0.0154547756537795
irn,1993,-0.11870077252388
irn,1994,-0.0735494270920754
irn,1995,-0.0492935292422771
irn,1996,-0.0399659313261509
irn,1997,-0.042479146271944
irn,1998,-0.0375767834484577
irn,1999,-0.0232481397688389
irn,2000,-0.0171435438096523
irn,2001,-0.0169495139271021
irn,2002,-0.0658606290817261
irn,2003,-0.0692980661988258
irn,2004,-0.0732432156801224
irn,2005,-0.0702603533864021
irn,2006,-0.0644122958183289
irn,2007,-0.0642315447330475
irn,2008,-0.0669096633791924
irn,2009,-0.0615220256149769
irn,2010,-0.0600372962653637
irn,2011,-0.0654458850622177
irn,2012,-0.0556466951966286
irn,2013,-0.0473506487905979
irn,2014,-0.0506924651563168
irn,2015,-0.0540762431919575
irn,2016,-0.0543077625334263
irn,2017,-0.0611925311386585
irn,2018,-0.0324073247611523
irn,2019,-0.0211877040565014
irn,2020,-0.0119709437713027
irn,2021,-0.0197866335511208
irn,2022,-0.0217679254710674
irn,2023,-0.0211823265999556
irq,1970,-0.00892276410013437
irq,1971,-0.0106507362797856
irq,1972,-0.0123081998899579
irq,1973,-0.0128075433894992
irq,1974,-0.0172319132834673
irq,1975,-0.0253364723175764
irq,1976,-0.01826336607337
irq,1977,-0.0221588164567947
irq,1978,-0.0197220016270876
irq,1979,-0.0229106023907661
irq,1980,-0.0240111816674471
irq,1981,-0.042787853628397
irq,1982,-0.0361353047192097
irq,1983,-0.0164659209549427
irq,1984,-0.0124146630987525
irq,1985,-0.015833642333746
irq,1986,-0.0121633345261216
irq,1987,-0.00765254907310009
irq,1988,-0.00851653423160315
irq,1989,-0.00945336744189262
irq,1990,-0.00583532964810729
irq,1991,-0.000324888183968142
irq,1992,-0.000315221230266616
irq,1993,-3.97137955587823e-05
irq,1994,-4.41994961875025e-06
irq,1995,-1.25788710647612e-06
irq,1996,-1.63823585808132e-06
irq,1997,-2.2997226096777e-06
irq,1998,-2.92656341116526e-06
irq,1999,-2.50033235715819e-06
irq,2000,-2.05779906536918e-05
irq,2001,-2.74608792096842e-05
irq,2002,-1.99845053430181e-05
irq,2003,-0.167676642537117
irq,2004,-0.113093763589859
irq,2005,-0.132895052433014
irq,2006,-0.126104861497879
irq,2007,-0.103436976671219
irq,2008,-0.0964389592409134
irq,2009,-0.15294460952282
irq,2010,-0.145063295960426
irq,2011,-0.110521279275417
irq,2012,-0.1041174903512
irq,2013,-0.105028294026852
irq,2014,-0.102426737546921
irq,2015,-0.180085510015488
irq,2016,-0.159490868449211
irq,2017,-0.14274750649929
irq,2018,-0.133530378341675
irq,2019,-0.171677216887474
irq,2020,-0.152141064405441
irq,2021,-0.11810839176178
irq,2022,-0.127686351537704
irq,2023,-0.148800000548363
isl,1950,-0.220493346452713
isl,1951,-0.30620664358139
isl,1952,-0.279737442731857
isl,1953,-0.302129954099655
isl,1954,-0.296863436698914
isl,1955,-0.293456196784973
isl,1956,-0.315942108631134
isl,1957,-0.285097807645798
isl,1958,-0.266566187143326
isl,1959,-0.276858061552048
isl,1960,-0.32395613193512
isl,1961,-0.271577537059784
isl,1962,-0.278443306684494
isl,1963,-0.294542342424393
isl,1964,-0.302111357450485
isl,1965,-0.274358034133911
isl,1966,-0.28719574213028
isl,1967,-0.299160331487656
isl,1968,-0.290282934904099
isl,1969,-0.228256925940514
isl,1970,-0.261136114597321
isl,1971,-0.291073143482208
isl,1972,-0.290525674819946
isl,1973,-0.326519846916199
isl,1974,-0.468580543994904
isl,1975,-0.394463151693344
isl,1976,-0.369564950466156
isl,1977,-0.391480624675751
isl,1978,-0.373644232749939
isl,1979,-0.379166722297668
isl,1980,-0.428990036249161
isl,1981,-0.426581382751465
isl,1982,-0.382953315973282
isl,1983,-0.363470911979675
isl,1984,-0.350336879491806
isl,1985,-0.371943056583405
isl,1986,-0.362195014953613
isl,1987,-0.418758183717728
isl,1988,-0.400756120681763
isl,1989,-0.357173442840576
isl,1990,-0.409177660942078
isl,1991,-0.382963716983795
isl,1992,-0.434035807847977
isl,1993,-0.354756474494934
isl,1994,-0.357872426509857
isl,1995,-0.402385234832764
isl,1996,-0.461416482925415
isl,1997,-0.431610018014908
isl,1998,-0.509785175323486
isl,1999,-0.450435280799866
isl,2000,-0.519799470901489
isl,2001,-0.464435368776321
isl,2002,-0.445884704589844
isl,2003,-0.502663373947144
isl,2004,-0.599567353725433
isl,2005,-0.778614401817322
isl,2006,-0.929073214530945
isl,2007,-0.887729048728943
isl,2008,-0.683530628681183
isl,2009,-0.448866724967957
isl,2010,-0.50850123167038
isl,2011,-0.586480140686035
isl,2012,-0.574010610580444
isl,2013,-0.590378522872925
isl,2014,-0.611502468585968
isl,2015,-0.608633637428284
isl,2016,-0.637094080448151
isl,2017,-0.724538207054138
isl,2018,-0.733523607254028
isl,2019,-0.58766907453537
isl,2020,-0.486596137285233
isl,2021,-0.58274781703949
isl,2022,-0.686831653118134
isl,2023,-0.599901258945465
isr,1950,-0.452922999858856
isr,1951,-0.4150390625
isr,1952,-0.36010730266571
isr,1953,-0.335422545671463
isr,1954,-0.306558340787888
isr,1955,-0.287872642278671
isr,1956,-0.296914458274841
isr,1957,-0.273041039705277
isr,1958,-0.26379719376564
isr,1959,-0.24575100839138
isr,1960,-0.314651221036911
isr,1961,-0.332699328660965
isr,1962,-0.306492447853088
isr,1963,-0.283346265554428
isr,1964,-0.306305736303329
isr,1965,-0.280217200517654
isr,1966,-0.245372742414475
isr,1967,-0.189858049154282
isr,1968,-0.217964127659798
isr,1969,-0.243513435125351
isr,1970,-0.221366837620735
isr,1971,-0.237825110554695
isr,1972,-0.213299095630646
isr,1973,-0.258665978908539
isr,1974,-0.328795373439789
isr,1975,-0.293831199407578
isr,1976,-0.282581686973572
isr,1977,-0.303909778594971
isr,1978,-0.308319598436356
isr,1979,-0.332096844911575
isr,1980,-0.326012849807739
isr,1981,-0.312018811702728
isr,1982,-0.314000517129898
isr,1983,-0.320331394672394
isr,1984,-0.305403232574463
isr,1985,-0.289152294397354
isr,1986,-0.276913583278656
isr,1987,-0.284684151411057
isr,1988,-0.28549537062645
isr,1989,-0.296577155590057
isr,1990,-0.30918475985527
isr,1991,-0.292063057422638
isr,1992,-0.328781127929688
isr,1993,-0.342134386301041
isr,1994,-0.351154267787933
isr,1995,-0.359667748212814
isr,1996,-0.353415369987488
isr,1997,-0.33835443854332
isr,1998,-0.317031741142273
isr,1999,-0.339575678110123
isr,2000,-0.371399402618408
isr,2001,-0.347142308950424
isr,2002,-0.338130682706833
isr,2003,-0.339487135410309
isr,2004,-0.384283810853958
isr,2005,-0.424744665622711
isr,2006,-0.430674016475678
isr,2007,-0.463915765285492
isr,2008,-0.504804134368897
isr,2009,-0.352930516004562
isr,2010,-0.423518866300583
isr,2011,-0.473415583372116
isr,2012,-0.446515589952469
isr,2013,-0.419464588165283
isr,2014,-0.407379299402237
isr,2015,-0.352157533168793
isr,2016,-0.348186403512955
isr,2017,-0.359393835067749
isr,2018,-0.414178550243378
isr,2019,-0.426169216632843
isr,2020,-0.386722654104233
isr,2021,-0.463898897171021
isr,2022,-0.535356640815735
isr,2023,-0.44745734333992
ita,1950,-0.102028243243694
ita,1951,-0.112521097064018
ita,1952,-0.112637221813202
ita,1953,-0.110677622258663
ita,1954,-0.108559213578701
ita,1955,-0.110843785107136
ita,1956,-0.120212540030479
ita,1957,-0.135506302118301
ita,1958,-0.126384437084198
ita,1959,-0.12339186668396
ita,1960,-0.136578246951103
ita,1961,-0.138186872005463
ita,1962,-0.134488165378571
ita,1963,-0.157235816121101
ita,1964,-0.139356032013893
ita,1965,-0.132751822471619
ita,1966,-0.140583455562592
ita,1967,-0.142315804958344
ita,1968,-0.137373313307762
ita,1969,-0.151350095868111
ita,1970,-0.153660923242569
ita,1971,-0.148279011249542
ita,1972,-0.151415377855301
ita,1973,-0.166168093681335
ita,1974,-0.201313927769661
ita,1975,-0.165003672242165
ita,1976,-0.171615123748779
ita,1977,-0.164875507354736
ita,1978,-0.161740452051163
ita,1979,-0.177843913435936
ita,1980,-0.189696773886681
ita,1981,-0.186827749013901
ita,1982,-0.181934371590614
ita,1983,-0.175351843237877
ita,1984,-0.191141754388809
ita,1985,-0.195577442646027
ita,1986,-0.177332833409309
ita,1987,-0.188004404306412
ita,1988,-0.189688593149185
ita,1989,-0.198962494730949
ita,1990,-0.213345572352409
ita,1991,-0.194407016038895
ita,1992,-0.218312561511993
ita,1993,-0.175710588693619
ita,1994,-0.186636433005333
ita,1995,-0.198003441095352
ita,1996,-0.203860923647881
ita,1997,-0.203609392046928
ita,1998,-0.210219159722328
ita,1999,-0.208629384636879
ita,2000,-0.228374063968658
ita,2001,-0.229787141084671
ita,2002,-0.245205104351044
ita,2003,-0.271372348070145
ita,2004,-0.303920269012451
ita,2005,-0.315107941627502
ita,2006,-0.339242160320282
ita,2007,-0.345154017210007
ita,2008,-0.355571448802948
ita,2009,-0.291155874729157
ita,2010,-0.335791647434235
ita,2011,-0.353747189044952
ita,2012,-0.332366973161697
ita,2013,-0.328416168689728
ita,2014,-0.321110159158707
ita,2015,-0.304552227258682
ita,2016,-0.284586369991303
ita,2017,-0.290856420993805
ita,2018,-0.30853682756424
ita,2019,-0.293179094791412
ita,2020,-0.274363934993744
ita,2021,-0.305207282304764
ita,2022,-0.353658080101013
ita,2023,-0.329036474227905
jam,1953,-0.206799373030663
jam,1954,-0.209504678845406
jam,1955,-0.205676510930061
jam,1956,-0.206286087632179
jam,1957,-0.209070190787315
jam,1958,-0.186009004712105
jam,1959,-0.184725180268288
jam,1960,-0.223788723349571
jam,1961,-0.194651439785957
jam,1962,-0.162990555167198
jam,1963,-0.156163543462753
jam,1964,-0.17319244146347
jam,1965,-0.163848102092743
jam,1966,-0.166070327162743
jam,1967,-0.168311521410942
jam,1968,-0.1873829215765
jam,1969,-0.197121858596802
jam,1970,-0.169031798839569
jam,1971,-0.181337475776672
jam,1972,-0.176621973514557
jam,1973,-0.185116395354271
jam,1974,-0.244703724980354
jam,1975,-0.254051566123962
jam,1976,-0.221075609326363
jam,1977,-0.199363231658936
jam,1978,-0.206932708621025
jam,1979,-0.240920498967171
jam,1980,-0.269098371267319
jam,1981,-0.28843367099762
jam,1982,-0.263199836015701
jam,1983,-0.258741527795792
jam,1984,-0.311292886734009
jam,1985,-0.38070809841156
jam,1986,-0.263015300035477
jam,1987,-0.259904563426971
jam,1988,-0.287082612514496
jam,1989,-0.343383759260178
jam,1990,-0.316355913877487
jam,1991,-0.278549194335938
jam,1992,-0.305831640958786
jam,1993,-0.349699795246124
jam,1994,-0.487910836935043
jam,1995,-0.564920008182526
jam,1996,-0.569521427154541
jam,1997,-0.623102903366089
jam,1998,-0.593931913375855
jam,1999,-0.578515768051148
jam,2000,-0.664783954620361
jam,2001,-0.703142166137695
jam,2002,-0.721219718456268
jam,2003,-0.635286331176758
jam,2004,-0.643500328063965
jam,2005,-0.719487011432648
jam,2006,-0.749796450138092
jam,2007,-0.703952789306641
jam,2008,-0.823681652545929
jam,2009,-0.552266240119934
jam,2010,-0.557043969631195
jam,2011,-0.648626863956451
jam,2012,-0.625863790512085
jam,2013,-0.559829235076904
jam,2014,-0.548554122447968
jam,2015,-0.515470206737518
jam,2016,-0.512251436710358
jam,2017,-0.562651991844177
jam,2018,-0.589962303638458
jam,2019,-0.611933946609497
jam,2020,-0.670649707317352
jam,2021,-0.690258085727692
jam,2022,-0.76209282875061
jam,2023,-0.742501020431519
jor,1954,-0.21542164683342
jor,1955,-0.343041598796845
jor,1956,-0.233051508665085
jor,1957,-0.263178944587708
jor,1958,-0.248017817735672
jor,1959,-0.285690724849701
jor,1960,-0.35243034362793
jor,1961,-0.277835309505463
jor,1962,-0.272125035524368
jor,1963,-0.330008327960968
jor,1964,-0.404992520809174
jor,1965,-0.358135163784027
jor,1966,-0.411681771278381
jor,1967,-0.272682934999466
jor,1968,-0.310697078704834
jor,1969,-0.278715342283249
jor,1970,-0.280250281095505
jor,1971,-0.293264865875244
jor,1972,-0.314423412084579
jor,1973,-0.349859833717346
jor,1974,-0.541033506393433
jor,1975,-0.646279633045197
jor,1976,-0.6546790599823
jor,1977,-0.697273254394531
jor,1978,-0.589587569236755
jor,1979,-0.575775861740112
jor,1980,-0.637253105640411
jor,1981,-0.753439724445343
jor,1982,-0.693024337291718
jor,1983,-0.638034105300903
jor,1984,-0.51081109046936
jor,1985,-0.513956785202026
jor,1986,-0.364509761333466
jor,1987,-0.314168095588684
jor,1988,-0.332200795412064
jor,1989,-0.318517953157425
jor,1990,-0.388734936714172
jor,1991,-0.350389033555985
jor,1992,-0.478676080703735
jor,1993,-0.494274318218231
jor,1994,-0.436580538749695
jor,1995,-0.417376518249512
jor,1996,-0.351803809404373
jor,1997,-0.444938391447067
jor,1998,-0.452345252037048
jor,1999,-0.438528656959534
jor,2000,-0.473896533250809
jor,2001,-0.558859348297119
jor,2002,-0.477545887231827
jor,2003,-0.4839808344841
jor,2004,-0.559823513031006
jor,2005,-0.565537333488464
jor,2006,-0.528738439083099
jor,2007,-0.503733575344086
jor,2008,-0.496836185455322
jor,2009,-0.366793751716614
jor,2010,-0.368674874305725
jor,2011,-0.340788215398788
jor,2012,-0.381144046783447
jor,2013,-0.400036752223969
jor,2014,-0.403015524148941
jor,2015,-0.387153267860413
jor,2016,-0.366920292377472
jor,2017,-0.350238800048828
jor,2018,-0.350045561790466
jor,2019,-0.344774603843689
jor,2020,-0.259271919727325
jor,2021,-0.350302457809448
jor,2022,-0.435125589370728
jor,2023,-0.409586131572723
jpn,1950,-0.0499404445290566
jpn,1951,-0.0752329528331757
jpn,1952,-0.0745331272482872
jpn,1953,-0.0879960358142853
jpn,1954,-0.0862065479159355
jpn,1955,-0.080349937081337
jpn,1956,-0.0945382937788963
jpn,1957,-0.10836685448885
jpn,1958,-0.0809326097369194
jpn,1959,-0.089121513068676
jpn,1960,-0.107296265661716
jpn,1961,-0.118171833455563
jpn,1962,-0.0968847125768662
jpn,1963,-0.105158716440201
jpn,1964,-0.107685975730419
jpn,1965,-0.1017896682024
jpn,1966,-0.102722361683846
jpn,1967,-0.110002227127552
jpn,1968,-0.105718024075031
jpn,1969,-0.103202931582928
jpn,1970,-0.113438181579113
jpn,1971,-0.109794653952122
jpn,1972,-0.106178253889084
jpn,1973,-0.126715064048767
jpn,1974,-0.164605811238289
jpn,1975,-0.133106052875519
jpn,1976,-0.131506264209747
jpn,1977,-0.125451803207397
jpn,1978,-0.118415057659149
jpn,1979,-0.133625373244286
jpn,1980,-0.132411688566208
jpn,1981,-0.131034344434738
jpn,1982,-0.125652387738228
jpn,1983,-0.119868054986
jpn,1984,-0.129873439669609
jpn,1985,-0.120029076933861
jpn,1986,-0.0946501865983009
jpn,1987,-0.0950329229235649
jpn,1988,-0.0978054255247116
jpn,1989,-0.101101502776146
jpn,1990,-0.101079382002354
jpn,1991,-0.0891813859343529
jpn,1992,-0.0937868729233742
jpn,1993,-0.0927203446626663
jpn,1994,-0.100944042205811
jpn,1995,-0.110349036753178
jpn,1996,-0.110229954123497
jpn,1997,-0.111342795193195
jpn,1998,-0.0995477139949799
jpn,1999,-0.108295567333698
jpn,2000,-0.130085468292236
jpn,2001,-0.127230852842331
jpn,2002,-0.124339640140533
jpn,2003,-0.129750698804855
jpn,2004,-0.140923395752907
jpn,2005,-0.151596963405609
jpn,2006,-0.161035642027855
jpn,2007,-0.158502176403999
jpn,2008,-0.189437583088875
jpn,2009,-0.153367921710014
jpn,2010,-0.181173443794251
jpn,2011,-0.212271586060524
jpn,2012,-0.222776740789413
jpn,2013,-0.205752417445183
jpn,2014,-0.206320255994797
jpn,2015,-0.164617285132408
jpn,2016,-0.163122311234474
jpn,2017,-0.18450266122818
jpn,2018,-0.200611427426338
jpn,2019,-0.199716567993164
jpn,2020,-0.190016075968742
jpn,2021,-0.209059447050095
jpn,2022,-0.241872861981392
jpn,2023,-0.219737336039543
kaz,1990,-0.0352994576096535
kaz,1991,-0.0225459113717079
kaz,1992,-0.0199626944959164
kaz,1993,-0.0381479412317276
kaz,1994,-0.0431950353085995
kaz,1995,-0.0906442180275917
kaz,1996,-0.0846509411931038
kaz,1997,-0.0951424092054367
kaz,1998,-0.124185867607594
kaz,1999,-0.112527742981911
kaz,2000,-0.114871837198734
kaz,2001,-0.136827915906906
kaz,2002,-0.133036285638809
kaz,2003,-0.134186312556267
kaz,2004,-0.170438960194588
kaz,2005,-0.182491511106491
kaz,2006,-0.201854646205902
kaz,2007,-0.223945185542107
kaz,2008,-0.201193436980248
kaz,2009,-0.166494071483612
kaz,2010,-0.116849005222321
kaz,2011,-0.146146804094315
kaz,2012,-0.164369970560074
kaz,2013,-0.160296007990837
kaz,2014,-0.13015042245388
kaz,2015,-0.113085769116879
kaz,2016,-0.0927876904606819
kaz,2017,-0.100551724433899
kaz,2018,-0.11552132666111
kaz,2019,-0.118186973035336
kaz,2020,-0.10534431040287
kaz,2021,-0.107533603906631
kaz,2022,-0.125634893774986
kaz,2023,-0.128652811050415
ken,1950,-0.199746415019035
ken,1951,-0.252212792634964
ken,1952,-0.244454622268677
ken,1953,-0.233061105012894
ken,1954,-0.26048481464386
ken,1955,-0.283654242753983
ken,1956,-0.241883859038353
ken,1957,-0.232446223497391
ken,1958,-0.189987242221832
ken,1959,-0.189828634262085
ken,1960,-0.222030326724052
ken,1961,-0.219636455178261
ken,1962,-0.18510876595974
ken,1963,-0.189571887254715
ken,1964,-0.174653068184853
ken,1965,-0.164089515805244
ken,1966,-0.16423574090004
ken,1967,-0.159970670938492
ken,1968,-0.151596799492836
ken,1969,-0.137472748756409
ken,1970,-0.201908200979233
ken,1971,-0.220787480473518
ken,1972,-0.168858647346497
ken,1973,-0.158895283937454
ken,1974,-0.204106122255325
ken,1975,-0.161141261458397
ken,1976,-0.159738153219223
ken,1977,-0.173545747995377
ken,1978,-0.18493777513504
ken,1979,-0.168629601597786
ken,1980,-0.200080797076225
ken,1981,-0.154988139867783
ken,1982,-0.115904822945595
ken,1983,-0.0906073227524757
ken,1984,-0.0963994041085243
ken,1985,-0.0881046205759049
ken,1986,-0.0813054367899895
ken,1987,-0.0754788964986801
ken,1988,-0.0778403058648109
ken,1989,-0.0553383231163025
ken,1990,-0.0746187716722488
ken,1991,-0.0547115243971348
ken,1992,-0.0682769641280174
ken,1993,-0.0608489364385605
ken,1994,-0.0637688636779785
ken,1995,-0.0803848654031754
ken,1996,-0.0763336345553398
ken,1997,-0.0921924412250519
ken,1998,-0.0940312594175339
ken,1999,-0.0809268280863762
ken,2000,-0.0854760408401489
ken,2001,-0.121457315981388
ken,2002,-0.0985001027584076
ken,2003,-0.100274063646793
ken,2004,-0.118912577629089
ken,2005,-0.138336554169655
ken,2006,-0.146975040435791
ken,2007,-0.158241376280785
ken,2008,-0.177860826253891
ken,2009,-0.156061679124832
ken,2010,-0.166460275650024
ken,2011,-0.148092642426491
ken,2012,-0.16589780151844
ken,2013,-0.168625459074974
ken,2014,-0.158116430044174
ken,2015,-0.144596815109253
ken,2016,-0.121428824961185
ken,2017,-0.138908639550209
ken,2018,-0.136765167117119
ken,2019,-0.127831339836121
ken,2020,-0.113305330276489
ken,2021,-0.137067034840584
ken,2022,-0.147238805890083
ken,2023,-0.126182362437248
kgz,1990,-0.00824310351163149
kgz,1991,-0.0051429788582027
kgz,1992,-0.00513553153723478
kgz,1993,-0.0160222668200731
kgz,1994,-0.0165558308362961
kgz,1995,-0.0670105442404747
kgz,1996,-0.114299207925797
kgz,1997,-0.0773306638002396
kgz,1998,-0.154189467430115
kgz,1999,-0.119790785014629
kgz,2000,-0.110794432461262
kgz,2001,-0.0989668965339661
kgz,2002,-0.121076688170433
kgz,2003,-0.120243862271309
kgz,2004,-0.145645424723625
kgz,2005,-0.157902479171753
kgz,2006,-0.188207641243935
kgz,2007,-0.217756420373917
kgz,2008,-0.298683881759644
kgz,2009,-0.241794943809509
kgz,2010,-0.269162267446518
kgz,2011,-0.282029807567596
kgz,2012,-0.345388650894165
kgz,2013,-0.307173013687134
kgz,2014,-0.256066471338272
kgz,2015,-0.214428707957268
kgz,2016,-0.174374207854271
kgz,2017,-0.178392231464386
kgz,2018,-0.207399100065231
kgz,2019,-0.193032264709473
kgz,2020,-0.143963798880577
kgz,2021,-0.190315172076225
kgz,2022,-0.272026240825653
kgz,2023,-0.308847725391388
khm,1970,-0.0879000499844551
khm,1971,-0.11078654229641
khm,1972,-0.0532449036836624
khm,1973,-0.0559948086738586
khm,1974,-0.0336594842374325
khm,1975,-0.00807791575789452
khm,1976,-0.000960647535976023
khm,1977,-0.00276855402626097
khm,1978,-0.00175006268545985
khm,1979,-0.00322909187525511
khm,1980,-0.024227324873209
khm,1981,-0.0133216250687838
khm,1982,-0.00928523018956184
khm,1983,-0.00789326429367065
khm,1984,-0.00563510041683912
khm,1985,-0.00490337610244751
khm,1986,-0.000671628396958113
khm,1987,-0.000687069026753306
khm,1988,-0.00155248388182372
khm,1989,-0.00622617127373815
khm,1990,-0.00554575398564339
khm,1991,-0.00525377597659826
khm,1992,-0.0940341129899025
khm,1993,-0.124540835618973
khm,1994,-0.139984622597694
khm,1995,-0.157797589898109
khm,1996,-0.174716874957085
khm,1997,-0.170947685837746
khm,1998,-0.161593928933144
khm,1999,-0.167069718241692
khm,2000,-0.204117298126221
khm,2001,-0.200100898742676
khm,2002,-0.209036216139793
khm,2003,-0.179246470332146
khm,2004,-0.176432356238365
khm,2005,-0.163717865943909
khm,2006,-0.167155876755714
khm,2007,-0.161408469080925
khm,2008,-0.166925385594368
khm,2009,-0.16647233068943
khm,2010,-0.192751735448837
khm,2011,-0.209086880087852
khm,2012,-0.223641902208328
khm,2013,-0.243513196706772
khm,2014,-0.281415641307831
khm,2015,-0.262831836938858
khm,2016,-0.285280466079712
khm,2017,-0.304610252380371
khm,2018,-0.33430826663971
khm,2019,-0.377027541399002
khm,2020,-0.357932209968567
khm,2021,-0.371305018663406
khm,2022,-0.463988661766052
khm,2023,-0.462791383266449
kna,1970,-0.423419117927551
kna,1971,-0.416764348745346
kna,1972,-0.40456834435463
kna,1973,-0.42380490899086
kna,1974,-0.526532173156738
kna,1975,-0.513359665870667
kna,1976,-0.508505642414093
kna,1977,-0.523573994636536
kna,1978,-0.467851489782333
kna,1979,-0.550612568855286
kna,1980,-0.70940500497818
kna,1981,-0.624823033809662
kna,1982,-0.546025991439819
kna,1983,-0.585425853729248
kna,1984,-0.52348393201828
kna,1985,-0.593520760536194
kna,1986,-0.593914985656738
kna,1987,-0.607067763805389
kna,1988,-0.727025926113129
kna,1989,-0.717081367969513
kna,1990,-0.733388245105743
kna,1991,-0.618909358978272
kna,1992,-0.690782606601715
kna,1993,-0.800753593444824
kna,1994,-0.666904628276825
kna,1995,-0.774192869663239
kna,1996,-0.69329822063446
kna,1997,-0.802509069442749
kna,1998,-0.761135458946228
kna,1999,-0.668410241603851
kna,2000,-0.586154997348785
kna,2001,-1.44218838214874
kna,2002,-1.25466501712799
kna,2003,-1.04251289367676
kna,2004,-0.870656192302704
kna,2005,-0.79363226890564
kna,2006,-0.93635481595993
kna,2007,-0.92168390750885
kna,2008,-0.896710276603699
kna,2009,-0.802211403846741
kna,2010,-0.811973512172699
kna,2011,-0.751420140266419
kna,2012,-0.767564058303833
kna,2013,-0.799024403095245
kna,2014,-0.762875139713287
kna,2015,-0.943368136882782
kna,2016,-1.07943201065063
kna,2017,-0.943727076053619
kna,2018,-0.938640534877777
kna,2019,-0.924733757972717
kna,2020,-0.921259462833405
kna,2021,-1.07248663902283
kna,2022,-1.17358446121216
kna,2023,-1.07186329364777
kor,1953,-0.112277738749981
kor,1954,-0.0763715505599976
kor,1955,-0.0946763679385185
kor,1956,-0.106409452855587
kor,1957,-0.116416193544865
kor,1958,-0.0898120775818825
kor,1959,-0.0706263184547424
kor,1960,-0.088435485959053
kor,1961,-0.0727357193827629
kor,1962,-0.0862693786621094
kor,1963,-0.0980002731084824
kor,1964,-0.0668942481279373
kor,1965,-0.0697117075324059
kor,1966,-0.0935920849442482
kor,1967,-0.112347714602947
kor,1968,-0.141210943460464
kor,1969,-0.153368264436722
kor,1970,-0.151099607348442
kor,1971,-0.151134058833122
kor,1972,-0.131669715046883
kor,1973,-0.150757998228073
kor,1974,-0.182305663824081
kor,1975,-0.162281975150108
kor,1976,-0.18420797586441
kor,1977,-0.205631986260414
kor,1978,-0.242031618952751
kor,1979,-0.274134039878845
kor,1980,-0.307557463645935
kor,1981,-0.302662134170532
kor,1982,-0.272765785455704
kor,1983,-0.252295702695847
kor,1984,-0.235993444919586
kor,1985,-0.213821455836296
kor,1986,-0.194191843271256
kor,1987,-0.192554786801338
kor,1988,-0.202709823846817
kor,1989,-0.21338053047657
kor,1990,-0.214752197265625
kor,1991,-0.203950092196465
kor,1992,-0.210482388734818
kor,1993,-0.200937673449516
kor,1994,-0.217339098453522
kor,1995,-0.241697922348976
kor,1996,-0.244090393185616
kor,1997,-0.249365940690041
kor,1998,-0.203598782420158
kor,1999,-0.221591889858246
kor,2000,-0.277273386716843
kor,2001,-0.259928852319717
kor,2002,-0.258689343929291
kor,2003,-0.269097357988358
kor,2004,-0.299322307109833
kor,2005,-0.317480802536011
kor,2006,-0.348894864320755
kor,2007,-0.356635928153992
kor,2008,-0.400654733181
kor,2009,-0.33956778049469
kor,2010,-0.405849158763886
kor,2011,-0.506310045719147
kor,2012,-0.515414357185364
kor,2013,-0.499829441308975
kor,2014,-0.467365354299545
kor,2015,-0.381752490997314
kor,2016,-0.349062919616699
kor,2017,-0.391483962535858
kor,2018,-0.398550093173981
kor,2019,-0.376195132732391
kor,2020,-0.351397514343262
kor,2021,-0.392943143844605
kor,2022,-0.428011655807495
kor,2023,-0.411388099193573
kwt,1970,-0.0478905327618122
kwt,1971,-0.0426861606538296
kwt,1972,-0.0447510965168476
kwt,1973,-0.0521615706384182
kwt,1974,-0.0699575692415237
kwt,1975,-0.108392760157585
kwt,1976,-0.134138375520706
kwt,1977,-0.179953157901764
kwt,1978,-0.156026721000671
kwt,1979,-0.136644914746284
kwt,1980,-0.211138278245926
kwt,1981,-0.252693027257919
kwt,1982,-0.294989824295044
kwt,1983,-0.274025708436966
kwt,1984,-0.261013388633728
kwt,1985,-0.132661744952202
kwt,1986,-0.252182900905609
kwt,1987,-0.180607110261917
kwt,1988,-0.220949620008469
kwt,1989,-0.195512041449547
kwt,1990,-0.14016005396843
kwt,1991,-0.220475241541863
kwt,1992,-0.24678997695446
kwt,1993,-0.203644812107086
kwt,1994,-0.176653385162354
kwt,1995,-0.195596590638161
kwt,1996,-0.200278460979462
kwt,1997,-0.204575955867767
kwt,1998,-0.206156745553017
kwt,1999,-0.189870163798332
kwt,2000,-0.167850852012634
kwt,2001,-0.208588376641274
kwt,2002,-0.22155873477459
kwt,2003,-0.203983306884766
kwt,2004,-0.179405823349953
kwt,2005,-0.155677050352097
kwt,2006,-0.15602220594883
kwt,2007,-0.169082552194595
kwt,2008,-0.143959015607834
kwt,2009,-0.137487038969994
kwt,2010,-0.152964219450951
kwt,2011,-0.108890861272812
kwt,2012,-0.103553280234337
kwt,2013,-0.160395205020905
kwt,2014,-0.175331175327301
kwt,2015,-0.254474580287933
kwt,2016,-0.269358158111572
kwt,2017,-0.249527022242546
kwt,2018,-0.227406099438667
kwt,2019,-0.196678623557091
kwt,2020,-0.15664142370224
kwt,2021,-0.160307139158249
kwt,2022,-0.201125591993332
kwt,2023,-0.216532602906227
lao,1970,-0.0352661833167076
lao,1971,-0.0346101224422455
lao,1972,-0.033909298479557
lao,1973,-0.0358280278742313
lao,1974,-0.0427911095321178
lao,1975,-0.0420234873890877
lao,1976,-0.0412089973688126
lao,1977,-0.0410236343741417
lao,1978,-0.0424427501857281
lao,1979,-0.0420162342488766
lao,1980,-0.0451305098831654
lao,1981,-0.0431873463094235
lao,1982,-0.0440557040274143
lao,1983,-0.0563234910368919
lao,1984,-0.0275401622056961
lao,1985,-0.0412347242236137
lao,1986,-0.0275499783456326
lao,1987,-0.0452828295528889
lao,1988,-0.085103914141655
lao,1989,-0.0976119861006737
lao,1990,-0.0716908648610115
lao,1991,-0.0804811343550682
lao,1992,-0.109800256788731
lao,1993,-0.136367842555046
lao,1994,-0.181649342179298
lao,1995,-0.169229462742805
lao,1996,-0.178510725498199
lao,1997,-0.164724141359329
lao,1998,-0.141091361641884
lao,1999,-0.129982054233551
lao,2000,-0.161258324980736
lao,2001,-0.125510305166245
lao,2002,-0.116163715720177
lao,2003,-0.0999485030770302
lao,2004,-0.114791683852673
lao,2005,-0.14361310005188
lao,2006,-0.142624467611313
lao,2007,-0.144319713115692
lao,2008,-0.168082013726234
lao,2009,-0.159440100193024
lao,2010,-0.174312680959702
lao,2011,-0.184514001011848
lao,2012,-0.19890858232975
lao,2013,-0.188883990049362
lao,2014,-0.162392184138298
lao,2015,-0.187852948904037
lao,2016,-0.185670778155327
lao,2017,-0.211108088493347
lao,2018,-0.224107265472412
lao,2019,-0.236500829458237
lao,2020,-0.183238998055458
lao,2021,-0.206477865576744
lao,2022,-0.32437264919281
lao,2023,-0.256623417139053
lbn,1970,-0.12470518052578
lbn,1971,-0.130467727780342
lbn,1972,-0.130512923002243
lbn,1973,-0.146849259734154
lbn,1974,-0.223368808627129
lbn,1975,-0.211518496274948
lbn,1976,-0.124691933393478
lbn,1977,-0.237027853727341
lbn,1978,-0.169589787721634
lbn,1979,-0.239646926522255
lbn,1980,-0.276033908128738
lbn,1981,-0.272555261850357
lbn,1982,-0.333454966545105
lbn,1983,-0.249482825398445
lbn,1984,-0.294089198112488
lbn,1985,-0.180058792233467
lbn,1986,-0.18868650496006
lbn,1987,-0.124444782733917
lbn,1988,-0.239296108484268
lbn,1989,-0.361256241798401
lbn,1990,-0.263455599546433
lbn,1991,-0.262385576963425
lbn,1992,-0.436476320028305
lbn,1993,-0.546730279922485
lbn,1994,-0.590367555618286
lbn,1995,-0.671917498111725
lbn,1996,-0.697692215442658
lbn,1997,-1.25724959373474
lbn,1998,-1.02268922328949
lbn,1999,-0.733568906784058
lbn,2000,-0.691133797168732
lbn,2001,-0.750164389610291
lbn,2002,-0.489319890737534
lbn,2003,-0.411857038736343
lbn,2004,-0.405579745769501
lbn,2005,-0.317582815885544
lbn,2006,-0.305146008729935
lbn,2007,-0.323923051357269
lbn,2008,-0.355062812566757
lbn,2009,-0.325433701276779
lbn,2010,-0.330353677272797
lbn,2011,-0.376445114612579
lbn,2012,-0.375757157802582
lbn,2013,-0.348686933517456
lbn,2014,-0.251674443483353
lbn,2015,-0.272004723548889
lbn,2016,-0.255899876356125
lbn,2017,-0.251926869153976
lbn,2018,-0.244273707270622
lbn,2019,-0.220462471246719
lbn,2020,-0.300494879484177
lbn,2021,-0.332868248224258
lbn,2022,-0.451343178749085
lbn,2023,-0.418103456497192
lbr,1964,-0.758507013320923
lbr,1965,-0.631002366542816
lbr,1966,-0.609426319599152
lbr,1967,-0.624059975147247
lbr,1968,-0.558322608470917
lbr,1969,-0.552401840686798
lbr,1970,-0.558650076389313
lbr,1971,-0.525209009647369
lbr,1972,-0.49580791592598
lbr,1973,-0.464830011129379
lbr,1974,-0.532502055168152
lbr,1975,-0.587671875953674
lbr,1976,-0.622503638267517
lbr,1977,-0.575737178325653
lbr,1978,-0.552294909954071
lbr,1979,-0.825430035591126
lbr,1980,-0.578236639499664
lbr,1981,-0.597258448600769
lbr,1982,-0.463763952255249
lbr,1983,-0.460249364376068
lbr,1984,-0.366328954696655
lbr,1985,-0.285778224468231
lbr,1986,-0.263519614934921
lbr,1987,-0.248854160308838
lbr,1988,-0.237903833389282
lbr,1989,-0.155439466238022
lbr,1990,-0.171409413218498
lbr,1991,-0.0929970070719719
lbr,1992,-0.166769862174988
lbr,1993,-0.19892406463623
lbr,1994,-0.198705285787582
lbr,1995,-0.176149025559425
lbr,1996,-0.430990040302277
lbr,1997,-0.357497483491898
lbr,1998,-0.294666081666946
lbr,1999,-0.348765909671783
lbr,2000,-0.159495979547501
lbr,2001,-0.155561313033104
lbr,2002,-0.14333938062191
lbr,2003,-0.193044766783714
lbr,2004,-0.683148980140686
lbr,2005,-0.869737684726715
lbr,2006,-0.822679400444031
lbr,2007,-0.268732786178589
lbr,2008,-0.297038614749908
lbr,2009,-0.244161263108253
lbr,2010,-0.26513484120369
lbr,2011,-0.405464589595795
lbr,2012,-0.441529870033264
lbr,2013,-0.463871270418167
lbr,2014,-0.271156370639801
lbr,2015,-0.372168898582459
lbr,2016,-0.319051712751389
lbr,2017,-0.245245739817619
lbr,2018,-0.232210278511047
lbr,2019,-0.220093354582787
lbr,2020,-0.214605003595352
lbr,2021,-0.2573322057724
lbr,2022,-0.300311952829361
lbr,2023,-0.3654805123806
lca,1970,-0.30112212896347
lca,1971,-0.294972062110901
lca,1972,-0.293202340602875
lca,1973,-0.307978272438049
lca,1974,-0.351461321115494
lca,1975,-0.31995701789856
lca,1976,-0.294451117515564
lca,1977,-0.37727364897728
lca,1978,-0.391309380531311
lca,1979,-0.438045501708984
lca,1980,-0.529313802719116
lca,1981,-0.545453250408173
lca,1982,-0.455158710479736
lca,1983,-0.380174219608307
lca,1984,-0.38301146030426
lca,1985,-0.397919356822968
lca,1986,-0.377468585968018
lca,1987,-0.364251613616943
lca,1988,-0.430685669183731
lca,1989,-0.509435713291168
lca,1990,-0.455595940351486
lca,1991,-0.458260625600815
lca,1992,-0.526730477809906
lca,1993,-0.524099707603455
lca,1994,-0.559131979942322
lca,1995,-0.470004886388779
lca,1996,-0.381557047367096
lca,1997,-0.462648123502731
lca,1998,-0.468273103237152
lca,1999,-0.505716681480408
lca,2000,-0.421261757612228
lca,2001,-0.4515261054039
lca,2002,-0.559106528759003
lca,2003,-0.63708758354187
lca,2004,-0.541437923908234
lca,2005,-0.57000082731247
lca,2006,-0.848910987377167
lca,2007,-0.628280997276306
lca,2008,-0.534148693084717
lca,2009,-0.564127266407013
lca,2010,-0.826085209846497
lca,2011,-0.544313430786133
lca,2012,-0.576665282249451
lca,2013,-0.887297868728638
lca,2014,-0.433905363082886
lca,2015,-0.461712270975113
lca,2016,-0.519504547119141
lca,2017,-0.571747601032257
lca,2018,-0.372328013181686
lca,2019,-0.307201504707336
lca,2020,-0.292903572320938
lca,2021,-0.29205185174942
lca,2022,-0.351350098848343
lca,2023,-0.329208344221115
lka,1950,-0.0775260627269745
lka,1951,-0.0887996032834053
lka,1952,-0.0881818383932114
lka,1953,-0.0827325880527496
lka,1954,-0.0724002867937088
lka,1955,-0.0760286673903465
lka,1956,-0.0876385569572449
lka,1957,-0.0881736576557159
lka,1958,-0.0817356556653976
lka,1959,-0.0837913304567337
lka,1960,-0.0909340903162956
lka,1961,-0.0797916427254677
lka,1962,-0.0744234547019005
lka,1963,-0.0627652928233147
lka,1964,-0.0743111222982407
lka,1965,-0.0540210977196693
lka,1966,-0.0671288818120956
lka,1967,-0.0542111620306969
lka,1968,-0.0561817213892937
lka,1969,-0.0568398609757423
lka,1970,-0.0529259592294693
lka,1971,-0.0417389944195747
lka,1972,-0.0388408973813057
lka,1973,-0.0238868333399296
lka,1974,-0.0426131561398506
lka,1975,-0.0424815081059933
lka,1976,-0.0448532626032829
lka,1977,-0.0499550253152847
lka,1978,-0.102850548923016
lka,1979,-0.118937216699123
lka,1980,-0.134608834981918
lka,1981,-0.123126000165939
lka,1982,-0.119766026735306
lka,1983,-0.118541352450848
lka,1984,-0.118928700685501
lka,1985,-0.108719639480114
lka,1986,-0.0917211771011353
lka,1987,-0.0870403647422791
lka,1988,-0.0896536409854889
lka,1989,-0.0788007602095604
lka,1990,-0.0972010791301727
lka,1991,-0.101617828011513
lka,1992,-0.116996221244335
lka,1993,-0.118730582296848
lka,1994,-0.124729260802269
lka,1995,-0.099311999976635
lka,1996,-0.0943296179175377
lka,1997,-0.101050563156605
lka,1998,-0.102081060409546
lka,1999,-0.129961416125298
lka,2000,-0.148370206356049
lka,2001,-0.138378158211708
lka,2002,-0.143258154392242
lka,2003,-0.130962997674942
lka,2004,-0.142560288310051
lka,2005,-0.142941072583199
lka,2006,-0.143911004066467
lka,2007,-0.141637310385704
lka,2008,-0.149709910154343
lka,2009,-0.0971631333231926
lka,2010,-0.111898221075535
lka,2011,-0.151304557919502
lka,2012,-0.12707132101059
lka,2013,-0.113455839455128
lka,2014,-0.120616972446442
lka,2015,-0.123732596635818
lka,2016,-0.122527651488781
lka,2017,-0.127016812562943
lka,2018,-0.125623360276222
lka,2019,-0.122545495629311
lka,2020,-0.108533687889576
lka,2021,-0.109441518783569
lka,2022,-0.100231565535069
lka,2023,-0.102348767220974
lso,1960,-0.232736602425575
lso,1961,-0.26459601521492
lso,1962,-0.24596931040287
lso,1963,-0.256754726171494
lso,1964,-0.247396796941757
lso,1965,-0.256532162427902
lso,1966,-0.248818829655647
lso,1967,-0.223879635334015
lso,1968,-0.218040153384209
lso,1969,-0.205974370241165
lso,1970,-0.222481831908226
lso,1971,-0.287572741508484
lso,1972,-0.302121758460999
lso,1973,-0.298285067081451
lso,1974,-0.396248489618301
lso,1975,-0.536466777324677
lso,1976,-0.548571944236755
lso,1977,-0.499060481786728
lso,1978,-0.455283999443054
lso,1979,-0.581748008728027
lso,1980,-0.722658336162567
lso,1981,-0.737579226493835
lso,1982,-0.697953522205353
lso,1983,-0.666370391845703
lso,1984,-0.65547126531601
lso,1985,-0.582849442958832
lso,1986,-0.467340379953384
lso,1987,-0.440019488334656
lso,1988,-0.459513008594513
lso,1989,-0.439333379268646
lso,1990,-0.412706643342972
lso,1991,-0.394269466400147
lso,1992,-0.465712010860443
lso,1993,-0.440389811992645
lso,1994,-0.414988547563553
lso,1995,-0.419176429510117
lso,1996,-0.400764405727387
lso,1997,-0.396945416927338
lso,1998,-0.480919897556305
lso,1999,-0.442709714174271
lso,2000,-0.485735714435577
lso,2001,-0.449030488729477
lso,2002,-0.40944316983223
lso,2003,-0.464190572500229
lso,2004,-0.52441418170929
lso,2005,-0.573243975639343
lso,2006,-0.515471637248993
lso,2007,-0.549480736255646
lso,2008,-0.502102434635162
lso,2009,-0.529655277729034
lso,2010,-0.800255954265595
lso,2011,-0.848531484603882
lso,2012,-0.813284635543823
lso,2013,-0.66674530506134
lso,2014,-0.590115129947662
lso,2015,-0.553794801235199
lso,2016,-0.547010183334351
lso,2017,-0.597947597503662
lso,2018,-0.74519807100296
lso,2019,-0.793471574783325
lso,2020,-0.851282715797424
lso,2021,-0.953455448150635
lso,2022,-1.03544962406158
lso,2023,-0.918942391872406
ltu,1990,-0.257611125707626
ltu,1991,-0.0936670005321503
ltu,1992,-0.086103118956089
ltu,1993,-0.333290934562683
ltu,1994,-0.235582888126373
ltu,1995,-0.211147636175156
ltu,1996,-0.277454644441605
ltu,1997,-0.34568002820015
ltu,1998,-0.35110405087471
ltu,1999,-0.273662507534027
ltu,2000,-0.28680157661438
ltu,2001,-0.32682603597641
ltu,2002,-0.392154216766357
ltu,2003,-0.425514906644821
ltu,2004,-0.525656044483185
ltu,2005,-0.611283421516419
ltu,2006,-0.680679321289063
ltu,2007,-0.748167037963867
ltu,2008,-0.865853786468506
ltu,2009,-0.610123753547669
ltu,2010,-0.720134019851685
ltu,2011,-0.803614735603333
ltu,2012,-0.7807337641716
ltu,2013,-0.821979522705078
ltu,2014,-0.76022207736969
ltu,2015,-0.686433851718903
ltu,2016,-0.666583716869354
ltu,2017,-0.746553659439087
ltu,2018,-0.795376837253571
ltu,2019,-0.778394937515259
ltu,2020,-0.733578979969025
ltu,2021,-0.83926272392273
ltu,2022,-1.00947892665863
ltu,2023,-0.885674476623535
lux,1950,-0.455702036619186
lux,1951,-0.650462806224823
lux,1952,-0.577245593070984
lux,1953,-0.56902003288269
lux,1954,-0.622354626655579
lux,1955,-0.618607819080353
lux,1956,-0.603158175945282
lux,1957,-0.597464382648468
lux,1958,-0.57730895280838
lux,1959,-0.587054550647736
lux,1960,-0.724844753742218
lux,1961,-0.741059362888336
lux,1962,-0.651859164237976
lux,1963,-0.664404571056366
lux,1964,-0.677302420139313
lux,1965,-0.672499120235443
lux,1966,-0.626037061214447
lux,1967,-0.554709076881409
lux,1968,-0.561315715312958
lux,1969,-0.534218609333038
lux,1970,-0.621902525424957
lux,1971,-0.682610332965851
lux,1972,-0.641005396842957
lux,1973,-0.675201714038849
lux,1974,-0.847913146018982
lux,1975,-0.881103038787842
lux,1976,-0.821925342082977
lux,1977,-0.815747976303101
lux,1978,-0.81660783290863
lux,1979,-0.886558353900909
lux,1980,-1.0293071269989
lux,1981,-1.04716980457306
lux,1982,-0.986946165561676
lux,1983,-0.954372406005859
lux,1984,-1.06983363628387
lux,1985,-1.01066470146179
lux,1986,-0.820714294910431
lux,1987,-0.809540927410126
lux,1988,-0.798560202121735
lux,1989,-0.758476674556732
lux,1990,-0.746222496032715
lux,1991,-0.660749554634094
lux,1992,-0.697039365768433
lux,1993,-0.696297347545624
lux,1994,-0.667701900005341
lux,1995,-0.659094750881195
lux,1996,-0.690952181816101
lux,1997,-0.742574572563171
lux,1998,-0.76587176322937
lux,1999,-0.775373935699463
lux,2000,-0.746110081672669
lux,2001,-0.84406054019928
lux,2002,-0.865257680416107
lux,2003,-0.964482724666596
lux,2004,-1.17797017097473
lux,2005,-1.20527172088623
lux,2006,-1.22867977619171
lux,2007,-1.17703926563263
lux,2008,-1.27734649181366
lux,2009,-0.997795641422272
lux,2010,-0.962503135204315
lux,2011,-1.33319318294525
lux,2012,-1.16234421730042
lux,2013,-1.11424338817596
lux,2014,-0.951324045658112
lux,2015,-0.731814384460449
lux,2016,-0.679618239402771
lux,2017,-0.651975989341736
lux,2018,-0.72495049238205
lux,2019,-0.661918878555298
lux,2020,-0.677465498447418
lux,2021,-0.729362487792969
lux,2022,-0.792519211769104
lux,2023,-0.742430806159973
lva,1990,-0.142804101109505
lva,1991,-0.0806876718997955
lva,1992,-0.137994423508644
lva,1993,-0.121696390211582
lva,1994,-0.165728032588959
lva,1995,-0.179572880268097
lva,1996,-0.225762382149696
lva,1997,-0.262751162052155
lva,1998,-0.298328399658203
lva,1999,-0.265378952026367
lva,2000,-0.284988880157471
lva,2001,-0.29506254196167
lva,2002,-0.331396788358688
lva,2003,-0.378428816795349
lva,2004,-0.475143969058991
lva,2005,-0.527568519115448
lva,2006,-0.585567355155945
lva,2007,-0.658673763275147
lva,2008,-0.648411750793457
lva,2009,-0.448177218437195
lva,2010,-0.521192491054535
lva,2011,-0.651594042778015
lva,2012,-0.655859172344208
lva,2013,-0.666571915149689
lva,2014,-0.626724541187286
lva,2015,-0.546003997325897
lva,2016,-0.523074686527252
lva,2017,-0.558323740959168
lva,2018,-0.610684633255005
lva,2019,-0.584823191165924
lva,2020,-0.574464440345764
lva,2021,-0.669482052326202
lva,2022,-0.789716362953186
lva,2023,-0.703950822353363
mac,1970,-0.0298969224095345
mac,1971,-0.0319299325346947
mac,1972,-0.0310242213308811
mac,1973,-0.271323770284653
mac,1974,-0.262304753065109
mac,1975,-0.271459370851517
mac,1976,-0.327950596809387
mac,1977,-0.310489296913147
mac,1978,-0.261951059103012
mac,1979,-0.343476384878159
mac,1980,-0.501325488090515
mac,1981,-0.629575908184052
mac,1982,-0.0989200919866562
mac,1983,-0.562686741352081
mac,1984,-0.540317893028259
mac,1985,-0.522917032241821
mac,1986,-0.496275514364243
mac,1987,-0.485334068536758
mac,1988,-0.461819678544998
mac,1989,-0.467516243457794
mac,1990,-0.40955376625061
mac,1991,-0.385525763034821
mac,1992,-0.397985696792603
mac,1993,-0.374766081571579
mac,1994,-0.34396693110466
mac,1995,-0.297268629074097
mac,1996,-0.311097085475922
mac,1997,-0.3375363945961
mac,1998,-0.317810028791428
mac,1999,-0.336592435836792
mac,2000,-0.40836039185524
mac,2001,-0.441672265529633
mac,2002,-0.414823949337006
mac,2003,-0.349495768547058
mac,2004,-0.341053515672684
mac,2005,-0.361193627119064
mac,2006,-0.341168761253357
mac,2007,-0.303804308176041
mac,2008,-0.239984214305878
mac,2009,-0.173739865422249
mac,2010,-0.154711708426476
mac,2011,-0.153415784239769
mac,2012,-0.163552463054657
mac,2013,-0.189520508050919
mac,2014,-0.180299028754234
mac,2015,-0.271267652511597
mac,2016,-0.259395718574524
mac,2017,-0.268925160169601
mac,2018,-0.279103547334671
mac,2019,-0.291351199150085
mac,2020,-0.538488209247589
mac,2021,-0.922956705093384
mac,2022,-1.18413245677948
mac,2023,-0.57117223739624
mar,1950,-0.251762956380844
mar,1951,-0.351401001214981
mar,1952,-0.316962897777557
mar,1953,-0.304221302270889
mar,1954,-0.294516563415527
mar,1955,-0.287148714065552
mar,1956,-0.240643218159676
mar,1957,-0.235411033034325
mar,1958,-0.219163417816162
mar,1959,-0.176002755761147
mar,1960,-0.246815904974937
mar,1961,-0.187163963913918
mar,1962,-0.144137129187584
mar,1963,-0.126826450228691
mar,1964,-0.121298462152481
mar,1965,-0.11683165282011
mar,1966,-0.124554589390755
mar,1967,-0.126766189932823
mar,1968,-0.122379884123802
mar,1969,-0.107518143951893
mar,1970,-0.147915095090866
mar,1971,-0.129641979932785
mar,1972,-0.118350401520729
mar,1973,-0.144260689616203
mar,1974,-0.197415471076965
mar,1975,-0.228763207793236
mar,1976,-0.214593589305878
mar,1977,-0.227647259831429
mar,1978,-0.16388800740242
mar,1979,-0.175564751029015
mar,1980,-0.17257633805275
mar,1981,-0.185963436961174
mar,1982,-0.16441610455513
mar,1983,-0.143840536475182
mar,1984,-0.144720569252968
mar,1985,-0.13066565990448
mar,1986,-0.100989736616611
mar,1987,-0.0989533066749573
mar,1988,-0.0963558703660965
mar,1989,-0.107379674911499
mar,1990,-0.128808721899986
mar,1991,-0.11007110029459
mar,1992,-0.127706408500671
mar,1993,-0.114887073636055
mar,1994,-0.105406567454338
mar,1995,-0.118222534656525
mar,1996,-0.0996801927685738
mar,1997,-0.106682792305946
mar,1998,-0.142031997442245
mar,1999,-0.155528977513313
mar,2000,-0.180886745452881
mar,2001,-0.177658215165138
mar,2002,-0.192458778619766
mar,2003,-0.204424068331718
mar,2004,-0.242103159427643
mar,2005,-0.277810364961624
mar,2006,-0.274704515933991
mar,2007,-0.326699018478394
mar,2008,-0.348622530698776
mar,2009,-0.263989448547363
mar,2010,-0.256823182106018
mar,2011,-0.274523138999939
mar,2012,-0.27127343416214
mar,2013,-0.26020935177803
mar,2014,-0.211360543966293
mar,2015,-0.231256619095802
mar,2016,-0.250382304191589
mar,2017,-0.253747671842575
mar,2018,-0.302178889513016
mar,2019,-0.309751927852631
mar,2020,-0.280730456113815
mar,2021,-0.304021447896957
mar,2022,-0.350628584623337
mar,2023,-0.343411564826965
mda,1990,-0.0309786703437567
mda,1991,-0.0172906536608934
mda,1992,-0.037192776799202
mda,1993,-0.106780417263508
mda,1994,-0.162171095609665
mda,1995,-0.147355496883392
mda,1996,-0.158550545573235
mda,1997,-0.120862305164337
mda,1998,-0.191224336624146
mda,1999,-0.138743221759796
mda,2000,-0.174822762608528
mda,2001,-0.194460704922676
mda,2002,-0.20218525826931
mda,2003,-0.232444554567337
mda,2004,-0.263834536075592
mda,2005,-0.315066426992416
mda,2006,-0.325674086809158
mda,2007,-0.403858542442322
mda,2008,-0.458417654037476
mda,2009,-0.325421422719955
mda,2010,-0.329430222511292
mda,2011,-0.373644173145294
mda,2012,-0.355284422636032
mda,2013,-0.358285635709763
mda,2014,-0.319351345300674
mda,2015,-0.256293028593063
mda,2016,-0.231277465820313
mda,2017,-0.243592649698257
mda,2018,-0.283405661582947
mda,2019,-0.26497033238411
mda,2020,-0.242511630058289
mda,2021,-0.283146917819977
mda,2022,-0.37875497341156
mda,2023,-0.45576336979866
mdg,1960,-0.227538049221039
mdg,1961,-0.256650149822235
mdg,1962,-0.215859532356262
mdg,1963,-0.226066887378693
mdg,1964,-0.226323246955872
mdg,1965,-0.220759481191635
mdg,1966,-0.17142342031002
mdg,1967,-0.15335601568222
mdg,1968,-0.167250230908394
mdg,1969,-0.170622155070305
mdg,1970,-0.145103961229324
mdg,1971,-0.16399297118187
mdg,1972,-0.138811230659485
mdg,1973,-0.118853241205215
mdg,1974,-0.147977039217949
mdg,1975,-0.162200033664703
mdg,1976,-0.112961672246456
mdg,1977,-0.117575943470001
mdg,1978,-0.132867902517319
mdg,1979,-0.163175091147423
mdg,1980,-0.145310267806053
mdg,1981,-0.0995033457875252
mdg,1982,-0.101572692394257
mdg,1983,-0.0895457118749619
mdg,1984,-0.0842660963535309
mdg,1985,-0.0911882594227791
mdg,1986,-0.0522433295845985
mdg,1987,-0.0331316515803337
mdg,1988,-0.0380220524966717
mdg,1989,-0.0361545607447624
mdg,1990,-0.0712520480155945
mdg,1991,-0.052165150642395
mdg,1992,-0.0598584860563278
mdg,1993,-0.0672493949532509
mdg,1994,-0.0595346689224243
mdg,1995,-0.0692073851823807
mdg,1996,-0.0722098052501679
mdg,1997,-0.0693724155426025
mdg,1998,-0.069126158952713
mdg,1999,-0.058960635215044
mdg,2000,-0.115496560931206
mdg,2001,-0.107790999114513
mdg,2002,-0.0760281756520271
mdg,2003,-0.134650230407715
mdg,2004,-0.146847099065781
mdg,2005,-0.139161765575409
mdg,2006,-0.12925224006176
mdg,2007,-0.160609275102615
mdg,2008,-0.205306485295296
mdg,2009,-0.178712248802185
mdg,2010,-0.123979814350605
mdg,2011,-0.129071906208992
mdg,2012,-0.118476547300816
mdg,2013,-0.127662912011147
mdg,2014,-0.102929674088955
mdg,2015,-0.137775033712387
mdg,2016,-0.132997542619705
mdg,2017,-0.158027544617653
mdg,2018,-0.17560213804245
mdg,2019,-0.17228801548481
mdg,2020,-0.151604250073433
mdg,2021,-0.16839312016964
mdg,2022,-0.213626459240913
mdg,2023,-0.184186846017838
mdv,1970,-0.112735390663147
mdv,1971,-0.101669564843178
mdv,1972,-0.0980393067002296
mdv,1973,-0.106535129249096
mdv,1974,-0.148123115301132
mdv,1975,-0.164208680391312
mdv,1976,-0.0721552595496178
mdv,1977,-0.115146398544312
mdv,1978,-0.146780923008919
mdv,1979,-0.239609926939011
mdv,1980,-0.292226940393448
mdv,1981,-0.372360438108444
mdv,1982,-0.252883464097977
mdv,1983,-0.334425538778305
mdv,1984,-0.294828236103058
mdv,1985,-0.300027668476105
mdv,1986,-0.262533694505692
mdv,1987,-0.201733767986298
mdv,1988,-0.191667452454567
mdv,1989,-0.192220449447632
mdv,1990,-0.18649223446846
mdv,1991,-0.176061719655991
mdv,1992,-0.246170148253441
mdv,1993,-0.268922507762909
mdv,1994,-0.271144688129425
mdv,1995,-0.299580663442612
mdv,1996,-0.312421917915344
mdv,1997,-0.363954424858093
mdv,1998,-0.342590808868408
mdv,1999,-0.39079213142395
mdv,2000,-0.354519784450531
mdv,2001,-0.35971611738205
mdv,2002,-0.304232120513916
mdv,2003,-0.285686403512955
mdv,2004,-0.289440453052521
mdv,2005,-0.384365022182465
mdv,2006,-0.311629205942154
mdv,2007,-0.280594646930695
mdv,2008,-0.346165031194687
mdv,2009,-0.348687082529068
mdv,2010,-0.378643035888672
mdv,2011,-0.343519806861877
mdv,2012,-0.367983847856522
mdv,2013,-0.36511617898941
mdv,2014,-0.366876721382141
mdv,2015,-0.400822579860687
mdv,2016,-0.420642197132111
mdv,2017,-0.420691549777985
mdv,2018,-0.465365380048752
mdv,2019,-0.434274435043335
mdv,2020,-0.391090661287308
mdv,2021,-0.439828991889954
mdv,2022,-0.685983002185822
mdv,2023,-0.630006432533264
mex,1950,-0.0669537335634232
mex,1951,-0.0877358317375183
mex,1952,-0.0766300857067108
mex,1953,-0.0688092261552811
mex,1954,-0.0643429681658745
mex,1955,-0.0622463040053844
mex,1956,-0.066391721367836
mex,1957,-0.0655781775712967
mex,1958,-0.0559997409582138
mex,1959,-0.0530304424464703
mex,1960,-0.0583582483232021
mex,1961,-0.0541144423186779
mex,1962,-0.0471166782081127
mex,1963,-0.0465076826512814
mex,1964,-0.0471065491437912
mex,1965,-0.0459145046770573
mex,1966,-0.0446840226650238
mex,1967,-0.0407124571502209
mex,1968,-0.038401834666729
mex,1969,-0.0349093340337276
mex,1970,-0.0363730117678642
mex,1971,-0.0321423411369324
mex,1972,-0.0336524024605751
mex,1973,-0.0408487692475319
mex,1974,-0.0548841804265976
mex,1975,-0.0503243803977966
mex,1976,-0.0420641675591469
mex,1977,-0.035178430378437
mex,1978,-0.0410580858588219
mex,1979,-0.0531273521482945
mex,1980,-0.0705779492855072
mex,1981,-0.0760427787899971
mex,1982,-0.0495662577450275
mex,1983,-0.0313352718949318
mex,1984,-0.0397452749311924
mex,1985,-0.0447450689971447
mex,1986,-0.0394251383841038
mex,1987,-0.0303613021969795
mex,1988,-0.0435473620891571
mex,1989,-0.0486206747591496
mex,1990,-0.0573330260813236
mex,1991,-0.0651403069496155
mex,1992,-0.109241366386414
mex,1993,-0.115295052528381
mex,1994,-0.133757546544075
mex,1995,-0.120318621397018
mex,1996,-0.166129380464554
mex,1997,-0.204032197594643
mex,1998,-0.191228091716766
mex,1999,-0.23103466629982
mex,2000,-0.255612820386887
mex,2001,-0.243126377463341
mex,2002,-0.249092236161232
mex,2003,-0.241220414638519
mex,2004,-0.252236634492874
mex,2005,-0.243351623415947
mex,2006,-0.264956474304199
mex,2007,-0.261808604001999
mex,2008,-0.266521275043488
mex,2009,-0.222620889544487
mex,2010,-0.258717507123947
mex,2011,-0.258001536130905
mex,2012,-0.271291166543961
mex,2013,-0.256034374237061
mex,2014,-0.270576477050781
mex,2015,-0.286564409732819
mex,2016,-0.270101666450501
mex,2017,-0.279792875051498
mex,2018,-0.300019800662994
mex,2019,-0.304457873106003
mex,2020,-0.287566661834717
mex,2021,-0.332892060279846
mex,2022,-0.375428438186646
mex,2023,-0.363764107227325
mkd,1990,-0.228146851062775
mkd,1991,-0.143201276659966
mkd,1992,-0.171450465917587
mkd,1993,-0.201278790831566
mkd,1994,-0.236910447478294
mkd,1995,-0.255345612764359
mkd,1996,-0.229577973484993
mkd,1997,-0.253665030002594
mkd,1998,-0.264505237340927
mkd,1999,-0.229577004909515
mkd,2000,-0.257214784622192
mkd,2001,-0.232031419873238
mkd,2002,-0.272476524114609
mkd,2003,-0.289950489997864
mkd,2004,-0.355122864246368
mkd,2005,-0.349880993366241
mkd,2006,-0.376661330461502
mkd,2007,-0.449960976839066
mkd,2008,-0.495621412992477
mkd,2009,-0.377023607492447
mkd,2010,-0.389766752719879
mkd,2011,-0.481370478868485
mkd,2012,-0.449998378753662
mkd,2013,-0.447697401046753
mkd,2014,-0.458080857992172
mkd,2015,-0.421412408351898
mkd,2016,-0.416955173015595
mkd,2017,-0.457100600004196
mkd,2018,-0.495913982391357
mkd,2019,-0.512569487094879
mkd,2020,-0.470367521047592
mkd,2021,-0.534757912158966
mkd,2022,-0.644257545471191
mkd,2023,-0.560868144035339
mli,1960,-0.114220216870308
mli,1961,-0.113575227558613
mli,1962,-0.10444899648428
mli,1963,-0.0765063464641571
mli,1964,-0.0951814502477646
mli,1965,-0.105679340660572
mli,1966,-0.0838684514164925
mli,1967,-0.10331766307354
mli,1968,-0.0618489384651184
mli,1969,-0.0692133754491806
mli,1970,-0.0609121434390545
mli,1971,-0.0711058229207993
mli,1972,-0.0856993868947029
mli,1973,-0.0880226120352745
mli,1974,-0.230109885334969
mli,1975,-0.165787473320961
mli,1976,-0.111536987125874
mli,1977,-0.103659600019455
mli,1978,-0.111653909087181
mli,1979,-0.134183883666992
mli,1980,-0.198286235332489
mli,1981,-0.115084707736969
mli,1982,-0.169898152351379
mli,1983,-0.114179387688637
mli,1984,-0.0799028649926186
mli,1985,-0.0792667865753174
mli,1986,-0.0709859654307365
mli,1987,-0.114558845758438
mli,1988,-0.0866219848394394
mli,1989,-0.112807862460613
mli,1990,-0.174578920006752
mli,1991,-0.0695340111851692
mli,1992,-0.0952281877398491
mli,1993,-0.0847776234149933
mli,1994,-0.0663414150476456
mli,1995,-0.0825894102454186
mli,1996,-0.130538791418076
mli,1997,-0.107926785945892
mli,1998,-0.140930742025375
mli,1999,-0.132070615887642
mli,2000,-0.130744397640228
mli,2001,-0.148836240172386
mli,2002,-0.138126507401466
mli,2003,-0.154455527663231
mli,2004,-0.170849040150642
mli,2005,-0.175231590867043
mli,2006,-0.17177477478981
mli,2007,-0.186905413866043
mli,2008,-0.236480504274368
mli,2009,-0.121761366724968
mli,2010,-0.26546385884285
mli,2011,-0.180598184466362
mli,2012,-0.203928649425507
mli,2013,-0.0854616537690163
mli,2014,-0.136935234069824
mli,2015,-0.14883229136467
mli,2016,-0.182998463511467
mli,2017,-0.183265671133995
mli,2018,-0.177895605564117
mli,2019,-0.21513457596302
mli,2020,-0.23215825855732
mli,2021,-0.26633957028389
mli,2022,-0.293604284524918
mli,2023,-0.276341557502747
mlt,1954,-2.23256182670593
mlt,1955,-2.15440607070923
mlt,1956,-2.0113308429718
mlt,1957,-2.15457940101624
mlt,1958,-1.68773782253265
mlt,1959,-1.46899008750916
mlt,1960,-3.00403785705566
mlt,1961,-2.81208872795105
mlt,1962,-1.66677618026733
mlt,1963,-3.78410220146179
mlt,1964,-1.94539093971252
mlt,1965,-0.89833402633667
mlt,1966,-0.83500999212265
mlt,1967,-0.736866176128388
mlt,1968,-0.765700280666351
mlt,1969,-0.809019505977631
mlt,1970,-0.735483527183533
mlt,1971,-0.663097083568573
mlt,1972,-0.646467864513397
mlt,1973,-0.674015522003174
mlt,1974,-0.870472609996796
mlt,1975,-0.827454924583435
mlt,1976,-0.766138434410095
mlt,1977,-0.77333277463913
mlt,1978,-0.620751261711121
mlt,1979,-0.648859977722168
mlt,1980,-0.774622797966003
mlt,1981,-0.632209837436676
mlt,1982,-0.533437132835388
mlt,1983,-0.499275833368301
mlt,1984,-0.514383912086487
mlt,1985,-0.529550075531006
mlt,1986,-0.515690743923187
mlt,1987,-0.570216417312622
mlt,1988,-0.575448572635651
mlt,1989,-0.585403501987457
mlt,1990,-0.721568167209625
mlt,1991,-0.658202946186066
mlt,1992,-0.859605133533478
mlt,1993,-0.761231780052185
mlt,1994,-0.773678958415985
mlt,1995,-0.861703991889954
mlt,1996,-0.85139399766922
mlt,1997,-0.699695587158203
mlt,1998,-0.746346116065979
mlt,1999,-0.747610211372376
mlt,2000,-0.694336295127869
mlt,2001,-0.721144616603851
mlt,2002,-0.716168701648712
mlt,2003,-0.756693780422211
mlt,2004,-0.886017084121704
mlt,2005,-0.806429505348206
mlt,2006,-0.853191137313843
mlt,2007,-0.833814203739166
mlt,2008,-0.827451944351196
mlt,2009,-0.645669639110565
mlt,2010,-0.887318849563599
mlt,2011,-1.09933567047119
mlt,2012,-1.1544314622879
mlt,2013,-1.10507762432098
mlt,2014,-1.16206347942352
mlt,2015,-0.853166341781616
mlt,2016,-0.89311820268631
mlt,2017,-0.762341201305389
mlt,2018,-0.713706970214844
mlt,2019,-0.790260791778565
mlt,2020,-0.862530589103699
mlt,2021,-0.769672930240631
mlt,2022,-1.03537809848785
mlt,2023,-0.888920366764069
mmr,1962,-0.159497484564781
mmr,1963,-0.132414609193802
mmr,1964,-0.135127112269402
mmr,1965,-0.143205299973488
mmr,1966,-0.0836265832185745
mmr,1967,-0.0824961662292481
mmr,1968,-0.0673995316028595
mmr,1969,-0.0718139037489891
mmr,1970,-0.0758793950080872
mmr,1971,-0.0664158463478088
mmr,1972,-0.0532163232564926
mmr,1973,-0.0366256684064865
mmr,1974,-0.0297811627388001
mmr,1975,-0.0340681485831738
mmr,1976,-0.0319836661219597
mmr,1977,-0.0384005643427372
mmr,1978,-0.0501372143626213
mmr,1979,-0.0658518448472023
mmr,1980,-0.0684522166848183
mmr,1981,-0.074557475745678
mmr,1982,-0.0741481482982636
mmr,1983,-0.055511973798275
mmr,1984,-0.0499234609305859
mmr,1985,-0.0477375499904156
mmr,1986,-0.0243910793215036
mmr,1987,-0.0198045056313276
mmr,1988,-0.0146774733439088
mmr,1989,-0.00916627235710621
mmr,1990,-0.0122277922928333
mmr,1991,-0.010262219235301
mmr,1992,-0.0090359365567565
mmr,1993,-0.159118503332138
mmr,1994,-0.141379147768021
mmr,1995,-0.127949997782707
mmr,1996,-0.118386067450047
mmr,1997,-0.113749615848064
mmr,1998,-0.113001555204391
mmr,1999,-0.11612393707037
mmr,2000,-0.109471425414085
mmr,2001,-0.123160772025585
mmr,2002,-0.094027042388916
mmr,2003,-0.0708167552947998
mmr,2004,-0.0567678809165955
mmr,2005,-0.0502384379506111
mmr,2006,-0.0615157634019852
mmr,2007,-0.0573666878044605
mmr,2008,-0.062543511390686
mmr,2009,-0.0542485937476158
mmr,2010,-0.0650450065732002
mmr,2011,-0.0755137130618095
mmr,2012,-0.0981559082865715
mmr,2013,-0.105395719408989
mmr,2014,-0.112948298454285
mmr,2015,-0.123247981071472
mmr,2016,-0.15345162153244
mmr,2017,-0.154855132102966
mmr,2018,-0.128697752952576
mmr,2019,-0.126357614994049
mmr,2020,-0.110359534621239
mmr,2021,-0.0925260111689568
mmr,2022,-0.12632167339325
mmr,2023,-0.121114209294319
mne,1990,-0.333101063966751
mne,1991,-0.300236761569977
mne,1992,-0.336654931306839
mne,1993,-0.33581355214119
mne,1994,-0.318964719772339
mne,1995,-0.307558208703995
mne,1996,-0.308965504169464
mne,1997,-0.291831254959106
mne,1998,-0.300457894802094
mne,1999,-0.320790112018585
mne,2000,-0.252979964017868
mne,2001,-0.399159878492355
mne,2002,-0.41170197725296
mne,2003,-0.292408645153046
mne,2004,-0.358401209115982
mne,2005,-0.421335279941559
mne,2006,-0.408981263637543
mne,2007,-0.475976675748825
mne,2008,-0.535253584384918
mne,2009,-0.382189065217972
mne,2010,-0.384162783622742
mne,2011,-0.379312485456467
mne,2012,-0.391577929258347
mne,2013,-0.382449775934219
mne,2014,-0.391943097114563
mne,2015,-0.359418839216232
mne,2016,-0.399964988231659
mne,2017,-0.418164640665054
mne,2018,-0.452204287052155
mne,2019,-0.410746157169342
mne,2020,-0.39661967754364
mne,2021,-0.416844755411148
mne,2022,-0.514373123645783
mne,2023,-0.478835791349411
mng,1970,-0.000195255735889077
mng,1971,-0.000320292077958584
mng,1972,-0.000397204305045307
mng,1973,-0.000513801933266223
mng,1974,-0.000807995675131679
mng,1975,-0.000673817179631442
mng,1976,-0.000999319367110729
mng,1977,-0.000982504221610725
mng,1978,-0.00106698030140251
mng,1979,-0.00314380810596049
mng,1980,-0.00179198221303523
mng,1981,-0.00195377343334258
mng,1982,-0.00422618631273508
mng,1983,-0.00334769114851952
mng,1984,-0.00275246193632484
mng,1985,-0.00347050558775663
mng,1986,-0.00272782542742789
mng,1987,-0.00556001951918006
mng,1988,-0.00427867332473397
mng,1989,-0.00466479547321796
mng,1990,-0.00734402658417821
mng,1991,-0.0142582524567842
mng,1992,-0.0531410947442055
mng,1993,-0.0987534150481224
mng,1994,-0.0620477311313152
mng,1995,-0.0703714266419411
mng,1996,-0.153361111879349
mng,1997,-0.156644314527512
mng,1998,-0.168049871921539
mng,1999,-0.172659516334534
mng,2000,-0.198172092437744
mng,2001,-0.188653290271759
mng,2002,-0.196206599473953
mng,2003,-0.189417943358421
mng,2004,-0.188670143485069
mng,2005,-0.181385666131973
mng,2006,-0.1835558116436
mng,2007,-0.210108816623688
mng,2008,-0.253940165042877
mng,2009,-0.187191233038902
mng,2010,-0.228416085243225
mng,2011,-0.315253078937531
mng,2012,-0.289023786783218
mng,2013,-0.313904643058777
mng,2014,-0.259538292884827
mng,2015,-0.217106178402901
mng,2016,-0.19597615301609
mng,2017,-0.236484780907631
mng,2018,-0.278054893016815
mng,2019,-0.279805868864059
mng,2020,-0.235244110226631
mng,2021,-0.279671609401703
mng,2022,-0.356053352355957
mng,2023,-0.370441406965256
moz,1960,-0.262506723403931
moz,1961,-0.251675426959991
moz,1962,-0.20703387260437
moz,1963,-0.237149745225906
moz,1964,-0.22701495885849
moz,1965,-0.230250984430313
moz,1966,-0.26267671585083
moz,1967,-0.21772038936615
moz,1968,-0.252314001321793
moz,1969,-0.243541285395622
moz,1970,-0.329519152641296
moz,1971,-0.324258238077164
moz,1972,-0.318127751350403
moz,1973,-0.337454468011856
moz,1974,-0.425782680511475
moz,1975,-0.420555293560028
moz,1976,-0.411344885826111
moz,1977,-0.412161827087402
moz,1978,-0.399284362792969
moz,1979,-0.420533537864685
moz,1980,-0.488617658615112
moz,1981,-0.458222955465317
moz,1982,-0.425260186195374
moz,1983,-0.41996556520462
moz,1984,-0.384433686733246
moz,1985,-0.9266317486763
moz,1986,-0.226495340466499
moz,1987,-0.238457381725311
moz,1988,-0.255093604326248
moz,1989,-0.258082330226898
moz,1990,-0.284475535154343
moz,1991,-0.255056768655777
moz,1992,-0.29935559630394
moz,1993,-0.268279045820236
moz,1994,-0.246017426252365
moz,1995,-0.249072313308716
moz,1996,-0.239089906215668
moz,1997,-0.228131130337715
moz,1998,-0.232210367918015
moz,1999,-0.318055391311646
moz,2000,-0.300636678934097
moz,2001,-0.24016147851944
moz,2002,-0.349806308746338
moz,2003,-0.281411170959473
moz,2004,-0.304902404546738
moz,2005,-0.318296194076538
moz,2006,-0.282526791095734
moz,2007,-0.27104264497757
moz,2008,-0.296593964099884
moz,2009,-0.297362208366394
moz,2010,-0.292575687170029
moz,2011,-0.449027091264725
moz,2012,-0.718955516815186
moz,2013,-0.743730485439301
moz,2014,-0.704632163047791
moz,2015,-0.504651367664337
moz,2016,-0.391308665275574
moz,2017,-0.42207071185112
moz,2018,-0.537715077400208
moz,2019,-0.43131485581398
moz,2020,-0.412693709135056
moz,2021,-0.475079566240311
moz,2022,-0.631194591522217
moz,2023,-0.422636479139328
mrt,1960,-0.107693955302238
mrt,1961,-0.142500787973404
mrt,1962,-0.129243791103363
mrt,1963,-0.11295959353447
mrt,1964,-0.0418107323348522
mrt,1965,-0.0541696436703205
mrt,1966,-0.0483251251280308
mrt,1967,-0.0710388273000717
mrt,1968,-0.0578452907502651
mrt,1969,-0.0631731748580933
mrt,1970,-0.0792803838849068
mrt,1971,-0.0813316181302071
mrt,1972,-0.0896477699279785
mrt,1973,-0.096293568611145
mrt,1974,-0.115280576050282
mrt,1975,-0.138388410210609
mrt,1976,-0.108004346489906
mrt,1977,-0.124612838029861
mrt,1978,-0.100767411291599
mrt,1979,-0.121755443513393
mrt,1980,-0.125050440430641
mrt,1981,-0.147256717085838
mrt,1982,-0.134694889187813
mrt,1983,-0.109181463718414
mrt,1984,-0.112851485610008
mrt,1985,-0.114461615681648
mrt,1986,-0.120087422430515
mrt,1987,-0.130511835217476
mrt,1988,-0.130962073802948
mrt,1989,-0.122507140040398
mrt,1990,-0.138325408101082
mrt,1991,-0.107316441833973
mrt,1992,-0.140313550829887
mrt,1993,-0.125975757837296
mrt,1994,-0.105950944125652
mrt,1995,-0.118785962462425
mrt,1996,-0.103271566331387
mrt,1997,-0.12578758597374
mrt,1998,-0.125025406479836
mrt,1999,-0.110120013356209
mrt,2000,-0.0997111797332764
mrt,2001,-0.112793289124966
mrt,2002,-0.0986622422933579
mrt,2003,-0.0916170328855515
mrt,2004,-0.273856639862061
mrt,2005,-0.240770012140274
mrt,2006,-0.175472676753998
mrt,2007,-0.208556279540062
mrt,2008,-0.216604262590408
mrt,2009,-0.181845188140869
mrt,2010,-0.194923579692841
mrt,2011,-0.251813024282455
mrt,2012,-0.316420495510101
mrt,2013,-0.357812494039536
mrt,2014,-0.34868323802948
mrt,2015,-0.343989700078964
mrt,2016,-0.19895550608635
mrt,2017,-0.276049137115479
mrt,2018,-0.253409624099731
mrt,2019,-0.275422871112824
mrt,2020,-0.281606435775757
mrt,2021,-0.274969041347504
mrt,2022,-0.32681730389595
mrt,2023,-0.28129643201828
msr,1970,-0.236788973212242
msr,1971,-0.232019603252411
msr,1972,-0.22723776102066
msr,1973,-0.242367073893547
msr,1974,-0.293401122093201
msr,1975,-0.288571834564209
msr,1976,-0.29766720533371
msr,1977,-0.271920204162598
msr,1978,-0.330273628234863
msr,1979,-0.334101945161819
msr,1980,-0.381354033946991
msr,1981,-0.412287563085556
msr,1982,-0.354313135147095
msr,1983,-0.32904240489006
msr,1984,-0.276808023452759
msr,1985,-0.302161335945129
msr,1986,-0.229036331176758
msr,1987,-0.242481678724289
msr,1988,-0.225679740309715
msr,1989,-0.238860189914703
msr,1990,-0.235490292310715
msr,1991,-0.222068205475807
msr,1992,-0.31144106388092
msr,1993,-0.260660260915756
msr,1994,-0.244880840182304
msr,1995,-0.305567443370819
msr,1996,-0.257774859666824
msr,1997,-0.443366199731827
msr,1998,-0.361311882734299
msr,1999,-0.481864422559738
msr,2000,-0.511917650699616
msr,2001,-0.549955368041992
msr,2002,-0.645604074001312
msr,2003,-0.71421605348587
msr,2004,-0.633139491081238
msr,2005,-0.613606512546539
msr,2006,-0.58513754606247
msr,2007,-0.557839155197144
msr,2008,-0.630666136741638
msr,2009,-0.629013359546661
msr,2010,-0.60050106048584
msr,2011,-0.43742036819458
msr,2012,-0.749878704547882
msr,2013,-1.03798937797546
msr,2014,-0.974950611591339
msr,2015,-1.16246223449707
msr,2016,-0.897277593612671
msr,2017,-0.980783641338348
msr,2018,-0.920044004917145
msr,2019,-0.799575090408325
msr,2020,-0.686613619327545
msr,2021,-0.991142332553864
msr,2022,-1.04350447654724
msr,2023,-0.916191577911377
mus,1950,-0.0760621502995491
mus,1951,-0.0810906812548637
mus,1952,-0.0842376574873924
mus,1953,-0.0878857225179672
mus,1954,-0.0835866704583168
mus,1955,-0.0952593982219696
mus,1956,-0.0827276408672333
mus,1957,-0.0928671360015869
mus,1958,-0.0989291593432427
mus,1959,-0.0946634039282799
mus,1960,-0.14180862903595
mus,1961,-0.119277700781822
mus,1962,-0.100192613899708
mus,1963,-0.117744714021683
mus,1964,-0.117557279765606
mus,1965,-0.127552628517151
mus,1966,-0.117876157164574
mus,1967,-0.111484885215759
mus,1968,-0.121056325733662
mus,1969,-0.108616463840008
mus,1970,-0.146405145525932
mus,1971,-0.137874439358711
mus,1972,-0.160745859146118
mus,1973,-0.202615663409233
mus,1974,-0.295944601297379
mus,1975,-0.314830780029297
mus,1976,-0.247108802199364
mus,1977,-0.264363825321198
mus,1978,-0.24838575720787
mus,1979,-0.172306045889854
mus,1980,-0.274734437465668
mus,1981,-0.234693914651871
mus,1982,-0.19550821185112
mus,1983,-0.191711902618408
mus,1984,-0.302258014678955
mus,1985,-0.322362989187241
mus,1986,-0.216705083847046
mus,1987,-0.362804532051086
mus,1988,-0.26599845290184
mus,1989,-0.263803005218506
mus,1990,-0.296801865100861
mus,1991,-0.262039542198181
mus,1992,-0.295413941144943
mus,1993,-0.29006239771843
mus,1994,-0.261103332042694
mus,1995,-0.244318097829819
mus,1996,-0.240389838814735
mus,1997,-0.245209038257599
mus,1998,-0.246249467134476
mus,1999,-0.25973853468895
mus,2000,-0.24821662902832
mus,2001,-0.253524303436279
mus,2002,-0.275240391492844
mus,2003,-0.281753182411194
mus,2004,-0.308678448200226
mus,2005,-0.35505685210228
mus,2006,-0.370249837636948
mus,2007,-0.328229784965515
mus,2008,-0.364776998758316
mus,2009,-0.327338963747025
mus,2010,-0.364443600177765
mus,2011,-0.369561016559601
mus,2012,-0.420628845691681
mus,2013,-0.377070635557175
mus,2014,-0.371263206005096
mus,2015,-0.333726853132248
mus,2016,-0.312011063098907
mus,2017,-0.339483469724655
mus,2018,-0.35632061958313
mus,2019,-0.358497589826584
mus,2020,-0.284156978130341
mus,2021,-0.311784565448761
mus,2022,-0.320493817329407
mus,2023,-0.298334717750549
mwi,1954,-0.00138923968188465
mwi,1955,-0.00149373465683311
mwi,1956,-0.00172317877877504
mwi,1957,-0.00172848277725279
mwi,1958,-0.0015121012693271
mwi,1959,-0.00135017710272223
mwi,1960,-0.00188496545888484
mwi,1961,-0.00163815997075289
mwi,1962,-0.00146153022069484
mwi,1963,-0.00153682264499366
mwi,1964,-0.00108250591438264
mwi,1965,-0.0318348370492458
mwi,1966,-0.110836915671825
mwi,1967,-0.0977043360471726
mwi,1968,-0.115192703902721
mwi,1969,-0.109692342579365
mwi,1970,-0.12275305390358
mwi,1971,-0.101603597402573
mwi,1972,-0.119149088859558
mwi,1973,-0.094842404127121
mwi,1974,-0.122420005500317
mwi,1975,-0.14559280872345
mwi,1976,-0.112725622951984
mwi,1977,-0.10960828512907
mwi,1978,-0.140587836503983
mwi,1979,-0.131174325942993
mwi,1980,-0.157280713319778
mwi,1981,-0.114806361496449
mwi,1982,-0.101443827152252
mwi,1983,-0.0908978804945946
mwi,1984,-0.0734580829739571
mwi,1985,-0.0756808593869209
mwi,1986,-0.0570076666772366
mwi,1987,-0.063300147652626
mwi,1988,-0.0849562808871269
mwi,1989,-0.0962405800819397
mwi,1990,-0.109324336051941
mwi,1991,-0.109047874808311
mwi,1992,-0.0848646312952042
mwi,1993,-0.0568904988467693
mwi,1994,-0.0882202833890915
mwi,1995,-0.083864688873291
mwi,1996,-0.0418710745871067
mwi,1997,-0.0370790027081966
mwi,1998,-0.0608184933662415
mwi,1999,-0.123141035437584
mwi,2000,-0.10945575684309
mwi,2001,-0.128727599978447
mwi,2002,-0.124898888170719
mwi,2003,-0.131633087992668
mwi,2004,-0.127292200922966
mwi,2005,-0.149693340063095
mwi,2006,-0.137368962168694
mwi,2007,-0.121986426413059
mwi,2008,-0.157480478286743
mwi,2009,-0.20974038541317
mwi,2010,-0.227101281285286
mwi,2011,-0.215786129236221
mwi,2012,-0.134680092334747
mwi,2013,-0.21139720082283
mwi,2014,-0.101292856037617
mwi,2015,-0.176833361387253
mwi,2016,-0.169765889644623
mwi,2017,-0.185020178556442
mwi,2018,-0.195759624242783
mwi,2019,-0.200230807065964
mwi,2020,-0.217799931764603
mwi,2021,-0.172107011079788
mwi,2022,-0.14999994635582
mwi,2023,-0.162862747907639
mys,1955,-0.300866484642029
mys,1956,-0.312027722597122
mys,1957,-0.307809144258499
mys,1958,-0.276401370763779
mys,1959,-0.269564598798752
mys,1960,-0.360031813383102
mys,1961,-0.33359158039093
mys,1962,-0.297689020633698
mys,1963,-0.278535395860672
mys,1964,-0.238005250692368
mys,1965,-0.229210719466209
mys,1966,-0.207905620336533
mys,1967,-0.197475090622902
mys,1968,-0.187941744923592
mys,1969,-0.179428383708
mys,1970,-0.195816680788994
mys,1971,-0.197076618671417
mys,1972,-0.171295031905174
mys,1973,-0.190969362854958
mys,1974,-0.283108115196228
mys,1975,-0.22336882352829
mys,1976,-0.215042814612389
mys,1977,-0.224557369947433
mys,1978,-0.237171798944473
mys,1979,-0.258245259523392
mys,1980,-0.313390284776688
mys,1981,-0.307913333177567
mys,1982,-0.311377763748169
mys,1983,-0.309979617595673
mys,1984,-0.30997496843338
mys,1985,-0.295351177453995
mys,1986,-0.249389082193375
mys,1987,-0.246966168284416
mys,1988,-0.288426607847214
mys,1989,-0.337395548820496
mys,1990,-0.381899446249008
mys,1991,-0.399871826171875
mys,1992,-0.435864210128784
mys,1993,-0.469194263219833
mys,1994,-0.543614745140076
mys,1995,-0.595501899719238
mys,1996,-0.563895285129547
mys,1997,-0.549440801143646
mys,1998,-0.474911779165268
mys,1999,-0.517985343933106
mys,2000,-0.539905309677124
mys,2001,-0.523854374885559
mys,2002,-0.525866806507111
mys,2003,-0.485062479972839
mys,2004,-0.534319519996643
mys,2005,-0.506424367427826
mys,2006,-0.56110143661499
mys,2007,-0.522589266300201
mys,2008,-0.471831113100052
mys,2009,-0.431630104780197
mys,2010,-0.536240994930267
mys,2011,-0.489003032445908
mys,2012,-0.479431420564652
mys,2013,-0.447968721389771
mys,2014,-0.46946331858635
mys,2015,-0.430142253637314
mys,2016,-0.396687507629395
mys,2017,-0.435689598321915
mys,2018,-0.433249473571777
mys,2019,-0.422895222902298
mys,2020,-0.399813115596771
mys,2021,-0.490523517131805
mys,2022,-0.558886408805847
mys,2023,-0.465771824121475
nam,1960,-0.46897292137146
nam,1961,-0.492565870285034
nam,1962,-0.409188657999039
nam,1963,-0.434871107339859
nam,1964,-0.410563498735428
nam,1965,-0.457927346229553
nam,1966,-0.443392485380173
nam,1967,-0.438820332288742
nam,1968,-0.42388916015625
nam,1969,-0.397536814212799
nam,1970,-0.368379235267639
nam,1971,-0.363539218902588
nam,1972,-0.356483995914459
nam,1973,-0.373674333095551
nam,1974,-0.453035771846771
nam,1975,-0.450466006994247
nam,1976,-0.442235738039017
nam,1977,-0.439336746931076
nam,1978,-0.445519119501114
nam,1979,-0.459711998701096
nam,1980,-0.481447488069534
nam,1981,-0.541175544261932
nam,1982,-0.446828216314316
nam,1983,-0.385289818048477
nam,1984,-0.372308254241943
nam,1985,-0.344713091850281
nam,1986,-0.319931000471115
nam,1987,-0.338157087564468
nam,1988,-0.325106084346771
nam,1989,-0.304131507873535
nam,1990,-0.323571354150772
nam,1991,-0.271087199449539
nam,1992,-0.307297766208649
nam,1993,-0.293105751276016
nam,1994,-0.285417973995209
nam,1995,-0.28894117474556
nam,1996,-0.31145778298378
nam,1997,-0.313800245523453
nam,1998,-0.314788043498993
nam,1999,-0.306873857975006
nam,2000,-0.304496437311173
nam,2001,-0.33472666144371
nam,2002,-0.269764333963394
nam,2003,-0.264656662940979
nam,2004,-0.400638818740845
nam,2005,-0.359680712223053
nam,2006,-0.35458254814148
nam,2007,-0.458812355995178
nam,2008,-0.448225975036621
nam,2009,-0.639191389083862
nam,2010,-0.580120921134949
nam,2011,-0.556928515434265
nam,2012,-0.581063151359558
nam,2013,-0.611389219760895
nam,2014,-0.48642435669899
nam,2015,-0.540358185768127
nam,2016,-0.487108498811722
nam,2017,-0.48728558421135
nam,2018,-0.623182713985443
nam,2019,-0.644289433956146
nam,2020,-0.548141777515411
nam,2021,-0.664356827735901
nam,2022,-0.862024009227753
nam,2023,-0.921334207057953
ner,1960,-0.0194886010140181
ner,1961,-0.0258697308599949
ner,1962,-0.0301058515906334
ner,1963,-0.0226632431149483
ner,1964,-0.0327884331345558
ner,1965,-0.0337864197790623
ner,1966,-0.0391679108142853
ner,1967,-0.0383397378027439
ner,1968,-0.03378039970994
ner,1969,-0.0391162671148777
ner,1970,-0.0358186103403568
ner,1971,-0.0292566977441311
ner,1972,-0.0330415926873684
ner,1973,-0.0419409349560738
ner,1974,-0.0431881099939346
ner,1975,-0.0321245305240154
ner,1976,-0.0402071885764599
ner,1977,-0.044684287160635
ner,1978,-0.0485808029770851
ner,1979,-0.055932492017746
ner,1980,-0.0864677950739861
ner,1981,-0.0949674695730209
ner,1982,-0.0648655220866203
ner,1983,-0.04841448366642
ner,1984,-0.0415728092193604
ner,1985,-0.0531659536063671
ner,1986,-0.0400662757456303
ner,1987,-0.0406694076955318
ner,1988,-0.0470615960657597
ner,1989,-0.0435108542442322
ner,1990,-0.0388000421226025
ner,1991,-0.033704087138176
ner,1992,-0.0387255810201168
ner,1993,-0.0425303690135479
ner,1994,-0.0318614132702351
ner,1995,-0.0625419840216637
ner,1996,-0.0662773475050926
ner,1997,-0.0642152354121208
ner,1998,-0.0779038369655609
ner,1999,-0.0704681575298309
ner,2000,-0.066321961581707
ner,2001,-0.0750431045889854
ner,2002,-0.0763811320066452
ner,2003,-0.0860505625605583
ner,2004,-0.0980266854166985
ner,2005,-0.102822192013264
ner,2006,-0.110375098884106
ner,2007,-0.110186412930489
ner,2008,-0.119464725255966
ner,2009,-0.151505336165428
ner,2010,-0.169654786586761
ner,2011,-0.148609191179276
ner,2012,-0.127809211611748
ner,2013,-0.12423649430275
ner,2014,-0.143231362104416
ner,2015,-0.171617925167084
ner,2016,-0.133245289325714
ner,2017,-0.117555804550648
ner,2018,-0.151376962661743
ner,2019,-0.143589153885841
ner,2020,-0.1366897970438
ner,2021,-0.147538810968399
ner,2022,-0.13408887386322
ner,2023,-0.106039576232433
nga,1950,-0.0483239367604256
nga,1951,-0.0590740814805031
nga,1952,-0.0723436325788498
nga,1953,-0.0679349154233933
nga,1954,-0.0702913850545883
nga,1955,-0.0889641642570496
nga,1956,-0.10151781141758
nga,1957,-0.0991829261183739
nga,1958,-0.0947247818112373
nga,1959,-0.0928073599934578
nga,1960,-0.110353104770184
nga,1961,-0.102246031165123
nga,1962,-0.082035094499588
nga,1963,-0.074766680598259
nga,1964,-0.0903060659766197
nga,1965,-0.0827579945325851
nga,1966,-0.0739907175302506
nga,1967,-0.072372205555439
nga,1968,-0.0630659759044647
nga,1969,-0.062089703977108
nga,1970,-0.0660658180713654
nga,1971,-0.0787105560302734
nga,1972,-0.0691588297486305
nga,1973,-0.0629100352525711
nga,1974,-0.0550761371850967
nga,1975,-0.0825028643012047
nga,1976,-0.0913539379835129
nga,1977,-0.122507758438587
nga,1978,-0.123995281755924
nga,1979,-0.0860438793897629
nga,1980,-0.0878622531890869
nga,1981,-0.145209550857544
nga,1982,-0.0820877552032471
nga,1983,-0.0835081711411476
nga,1984,-0.0608313903212547
nga,1985,-0.0497361496090889
nga,1986,-0.0548276267945766
nga,1987,-0.0675446763634682
nga,1988,-0.0727307349443436
nga,1989,-0.0799094513058662
nga,1990,-0.0918002724647522
nga,1991,-0.165560722351074
nga,1992,-0.15635772049427
nga,1993,-0.163971573114395
nga,1994,-0.0799282491207123
nga,1995,-0.055783323943615
nga,1996,-0.0569980517029762
nga,1997,-0.0638907626271248
nga,1998,-0.056671928614378
nga,1999,-0.108539707958698
nga,2000,-0.105152122676373
nga,2001,-0.139469191431999
nga,2002,-0.116286478936672
nga,2003,-0.135950803756714
nga,2004,-0.0986761897802353
nga,2005,-0.073775514960289
nga,2006,-0.075015589594841
nga,2007,-0.0886715054512024
nga,2008,-0.0690609514713287
nga,2009,-0.0833868235349655
nga,2010,-0.0895008742809296
nga,2011,-0.113948047161102
nga,2012,-0.0652597099542618
nga,2013,-0.0727371051907539
nga,2014,-0.070337325334549
nga,2015,-0.0536983758211136
nga,2016,-0.0595717057585716
nga,2017,-0.0533139370381832
nga,2018,-0.0730799734592438
nga,2019,-0.0755818858742714
nga,2020,-0.0570813380181789
nga,2021,-0.0460065603256226
nga,2022,-0.0770949348807335
nga,2023,-0.0661104694008827
nic,1950,-0.0466455556452274
nic,1951,-0.0489839948713779
nic,1952,-0.0527281351387501
nic,1953,-0.0591699779033661
nic,1954,-0.0691304132342339
nic,1955,-0.0714177563786507
nic,1956,-0.0645662993192673
nic,1957,-0.0642575174570084
nic,1958,-0.0613620318472385
nic,1959,-0.0515175871551037
nic,1960,-0.0611687861382961
nic,1961,-0.0557337552309036
nic,1962,-0.0553176775574684
nic,1963,-0.0558748058974743
nic,1964,-0.0598794780671597
nic,1965,-0.0643069222569466
nic,1966,-0.0643046200275421
nic,1967,-0.0683864057064056
nic,1968,-0.0562619939446449
nic,1969,-0.0484156012535095
nic,1970,-0.0502800233662128
nic,1971,-0.0474663302302361
nic,1972,-0.0502221137285233
nic,1973,-0.0653499141335487
nic,1974,-0.0793155506253243
nic,1975,-0.0632113143801689
nic,1976,-0.0587995164096355
nic,1977,-0.0686839744448662
nic,1978,-0.0590818785130978
nic,1979,-0.0794665291905403
nic,1980,-0.115307606756687
nic,1981,-0.104263171553612
nic,1982,-0.0762031525373459
nic,1983,-0.0808857008814812
nic,1984,-0.078544408082962
nic,1985,-0.0574500150978565
nic,1986,-0.048993531614542
nic,1987,-0.0297925900667906
nic,1988,-0.139132514595985
nic,1989,-0.175326704978943
nic,1990,-0.127870082855225
nic,1991,-0.140143752098084
nic,1992,-0.173475563526154
nic,1993,-0.181892439723015
nic,1994,-0.165460899472237
nic,1995,-0.170043304562569
nic,1996,-0.190717682242394
nic,1997,-0.23814994096756
nic,1998,-0.236324980854988
nic,1999,-0.279815584421158
nic,2000,-0.278922021389008
nic,2001,-0.278803259134293
nic,2002,-0.285772651433945
nic,2003,-0.274053514003754
nic,2004,-0.287765949964523
nic,2005,-0.306822627782822
nic,2006,-0.32818266749382
nic,2007,-0.341188967227936
nic,2008,-0.368175327777863
nic,2009,-0.320282191038132
nic,2010,-0.368257790803909
nic,2011,-0.415223777294159
nic,2012,-0.462458521127701
nic,2013,-0.438371658325195
nic,2014,-0.405764251947403
nic,2015,-0.416406780481339
nic,2016,-0.38469785451889
nic,2017,-0.377589583396912
nic,2018,-0.338592797517777
nic,2019,-0.324187010526657
nic,2020,-0.311456084251404
nic,2021,-0.346009165048599
nic,2022,-0.382739007472992
nic,2023,-0.371313720941544
nld,1950,-0.236689776182175
nld,1951,-0.233702823519707
nld,1952,-0.238529697060585
nld,1953,-0.248530179262161
nld,1954,-0.270586848258972
nld,1955,-0.281595200300217
nld,1956,-0.31259149312973
nld,1957,-0.301147371530533
nld,1958,-0.274221181869507
nld,1959,-0.27930474281311
nld,1960,-0.317951261997223
nld,1961,-0.327709257602692
nld,1962,-0.306690633296967
nld,1963,-0.671221852302551
nld,1964,-0.651012480258942
nld,1965,-0.6561079621315
nld,1966,-0.684859335422516
nld,1967,-0.659902811050415
nld,1968,-0.699516594409943
nld,1969,-0.332997798919678
nld,1970,-0.353402018547058
nld,1971,-0.341159582138062
nld,1972,-0.33869856595993
nld,1973,-0.365225702524185
nld,1974,-0.412872135639191
nld,1975,-0.383505374193192
nld,1976,-0.404997795820236
nld,1977,-0.413426339626312
nld,1978,-0.408038288354874
nld,1979,-0.440032780170441
nld,1980,-0.466176122426987
nld,1981,-0.474960654973984
nld,1982,-0.455209225416183
nld,1983,-0.461473912000656
nld,1984,-0.487055510282517
nld,1985,-0.504911720752716
nld,1986,-0.499283969402313
nld,1987,-0.540547072887421
nld,1988,-0.531659245491028
nld,1989,-0.52620542049408
nld,1990,-0.581851422786713
nld,1991,-0.521307706832886
nld,1992,-0.600959956645966
nld,1993,-0.514161050319672
nld,1994,-0.536173045635223
nld,1995,-0.572678983211517
nld,1996,-0.565435290336609
nld,1997,-0.543685078620911
nld,1998,-0.530903875827789
nld,1999,-0.523537516593933
nld,2000,-0.585593402385712
nld,2001,-0.597251355648041
nld,2002,-0.572811365127564
nld,2003,-0.638612270355225
nld,2004,-0.727760434150696
nld,2005,-0.725596964359283
nld,2006,-0.769684255123138
nld,2007,-0.78407633304596
nld,2008,-0.857699275016785
nld,2009,-0.733170092105866
nld,2010,-0.858804821968079
nld,2011,-0.905829310417175
nld,2012,-0.915468096733093
nld,2013,-0.845751166343689
nld,2014,-0.888835608959198
nld,2015,-0.758267521858215
nld,2016,-0.74482649564743
nld,2017,-0.790588200092316
nld,2018,-0.842631936073303
nld,2019,-0.842570245265961
nld,2020,-0.796246886253357
nld,2021,-0.824072003364563
nld,2022,-0.874482691287994
nld,2023,-0.810712337493897
nor,1950,-0.326059907674789
nor,1951,-0.371890217065811
nor,1952,-0.320073813199997
nor,1953,-0.300257831811905
nor,1954,-0.319625198841095
nor,1955,-0.333007276058197
nor,1956,-0.339812785387039
nor,1957,-0.331655204296112
nor,1958,-0.321254938840866
nor,1959,-0.318998664617538
nor,1960,-0.404432892799377
nor,1961,-0.405014485120773
nor,1962,-0.370439440011978
nor,1963,-0.380012452602387
nor,1964,-0.375605851411819
nor,1965,-0.377943813800812
nor,1966,-0.378969639539719
nor,1967,-0.389976322650909
nor,1968,-0.355225026607513
nor,1969,-0.348923921585083
nor,1970,-1.20401442050934
nor,1971,-1.09320557117462
nor,1972,-0.93022221326828
nor,1973,-1.04925227165222
nor,1974,-1.24262154102325
nor,1975,-1.11895632743835
nor,1976,-0.473820626735687
nor,1977,-0.488900512456894
nor,1978,-0.357909768819809
nor,1979,-0.35295444726944
nor,1980,-0.375574886798859
nor,1981,-0.365910142660141
nor,1982,-0.3743736743927
nor,1983,-0.319461792707443
nor,1984,-0.322022140026093
nor,1985,-0.341872811317444
nor,1986,-0.405731171369553
nor,1987,-0.391947537660599
nor,1988,-0.393817186355591
nor,1989,-0.384809851646423
nor,1990,-0.37922677397728
nor,1991,-0.365816950798035
nor,1992,-0.343041330575943
nor,1993,-0.338094621896744
nor,1994,-0.352726966142654
nor,1995,-0.369606524705887
nor,1996,-0.348898679018021
nor,1997,-0.357489287853241
nor,1998,-0.400369942188263
nor,1999,-0.322441190481186
nor,2000,-0.271319329738617
nor,2001,-0.270178377628326
nor,2002,-0.277453303337097
nor,2003,-0.271522998809814
nor,2004,-0.288351774215698
nor,2005,-0.271055400371552
nor,2006,-0.286457985639572
nor,2007,-0.328617423772812
nor,2008,-0.306430190801621
nor,2009,-0.285837143659592
nor,2010,-0.295454442501068
nor,2011,-0.296356499195099
nor,2012,-0.28087192773819
nor,2013,-0.293213039636612
nor,2014,-0.296771079301834
nor,2015,-0.321122050285339
nor,2016,-0.322830438613892
nor,2017,-0.347654402256012
nor,2018,-0.312708884477615
nor,2019,-0.321295261383057
nor,2020,-0.292788773775101
nor,2021,-0.267909914255142
nor,2022,-0.291740089654923
nor,2023,-0.297571241855621
npl,1960,-0.000714274181518704
npl,1961,-0.000831149169243872
npl,1962,-0.000838365056551993
npl,1963,-0.00121605396270752
npl,1964,-0.0199572183191776
npl,1965,-0.0184151101857424
npl,1966,-0.0153188481926918
npl,1967,-0.0121734412387013
npl,1968,-0.015530058182776
npl,1969,-0.0153882801532745
npl,1970,-0.0184508562088013
npl,1971,-0.0139383412897587
npl,1972,-0.0183465611189604
npl,1973,-0.0183520428836346
npl,1974,-0.00272953859530389
npl,1975,-0.0179315041750669
npl,1976,-0.022605411708355
npl,1977,-0.0234200805425644
npl,1978,-0.025466725230217
npl,1979,-0.0271329116076231
npl,1980,-0.056268535554409
npl,1981,-0.0628587231040001
npl,1982,-0.0372714474797249
npl,1983,-0.0765639021992683
npl,1984,-0.0738005340099335
npl,1985,-0.076582558453083
npl,1986,-0.0650535896420479
npl,1987,-0.0574041083455086
npl,1988,-0.0551276877522469
npl,1989,-0.0504805855453014
npl,1990,-0.0553374737501144
npl,1991,-0.0455063655972481
npl,1992,-0.0569762028753758
npl,1993,-0.0551068298518658
npl,1994,-0.0671085715293884
npl,1995,-0.0679016783833504
npl,1996,-0.0700684189796448
npl,1997,-0.0858474373817444
npl,1998,-0.0731808990240097
npl,1999,-0.0731957629323006
npl,2000,-0.0911132246255875
npl,2001,-0.042820755392313
npl,2002,-0.0425596013665199
npl,2003,-0.099715106189251
npl,2004,-0.0640233606100082
npl,2005,-0.0643453374505043
npl,2006,-0.0625992268323898
npl,2007,-0.0759419500827789
npl,2008,-0.0852938741445541
npl,2009,-0.105474464595318
npl,2010,-0.141073629260063
npl,2011,-0.132748752832413
npl,2012,-0.110950738191605
npl,2013,-0.109990037977695
npl,2014,-0.113307796418667
npl,2015,-0.131392806768417
npl,2016,-0.161299005150795
npl,2017,-0.167677685618401
npl,2018,-0.1732167750597
npl,2019,-0.171085745096207
npl,2020,-0.137469530105591
npl,2021,-0.164371713995934
npl,2022,-0.190441653132439
npl,2023,-0.146958574652672
nzl,1950,-0.151548385620117
nzl,1951,-0.257422477006912
nzl,1952,-0.187740385532379
nzl,1953,-0.153308287262917
nzl,1954,-0.177434757351875
nzl,1955,-0.178882583975792
nzl,1956,-0.167563304305077
nzl,1957,-0.171365424990654
nzl,1958,-0.136525809764862
nzl,1959,-0.125678762793541
nzl,1960,-0.172040447592735
nzl,1961,-0.157915532588959
nzl,1962,-0.133387997746468
nzl,1963,-0.184785142540932
nzl,1964,-0.210951626300812
nzl,1965,-0.208062455058098
nzl,1966,-0.198546454310417
nzl,1967,-0.17009225487709
nzl,1968,-0.167083635926247
nzl,1969,-0.159864336252213
nzl,1970,-0.185615539550781
nzl,1971,-0.186071291565895
nzl,1972,-0.175903514027596
nzl,1973,-0.200763210654259
nzl,1974,-0.283663690090179
nzl,1975,-0.219282805919647
nzl,1976,-0.217147588729858
nzl,1977,-0.218901365995407
nzl,1978,-0.218051493167877
nzl,1979,-0.240766987204552
nzl,1980,-0.265804320573807
nzl,1981,-0.264336377382278
nzl,1982,-0.27019140124321
nzl,1983,-0.231662571430206
nzl,1984,-0.253882795572281
nzl,1985,-0.254084348678589
nzl,1986,-0.210642233490944
nzl,1987,-0.215769678354263
nzl,1988,-0.202283576130867
nzl,1989,-0.23618195950985
nzl,1990,-0.244206488132477
nzl,1991,-0.212432861328125
nzl,1992,-0.243072539567947
nzl,1993,-0.246486559510231
nzl,1994,-0.272905081510544
nzl,1995,-0.282636225223541
nzl,1996,-0.287983894348145
nzl,1997,-0.286140978336334
nzl,1998,-0.225686937570572
nzl,1999,-0.265839099884033
nzl,2000,-0.272697597742081
nzl,2001,-0.261960089206696
nzl,2002,-0.281412720680237
nzl,2003,-0.311256676912308
nzl,2004,-0.36459493637085
nzl,2005,-0.385345548391342
nzl,2006,-0.37531852722168
nzl,2007,-0.379110485315323
nzl,2008,-0.381389379501343
nzl,2009,-0.295636385679245
nzl,2010,-0.331069618463516
nzl,2011,-0.353390872478485
nzl,2012,-0.38276007771492
nzl,2013,-0.379194408655167
nzl,2014,-0.383028268814087
nzl,2015,-0.349615126848221
nzl,2016,-0.322178810834885
nzl,2017,-0.341148197650909
nzl,2018,-0.355848878622055
nzl,2019,-0.336147040128708
nzl,2020,-0.274767398834229
nzl,2021,-0.330947935581207
nzl,2022,-0.363496899604797
nzl,2023,-0.331170946359634
omn,1970,-0.357763439416885
omn,1971,-0.342382609844208
omn,1972,-0.336759805679321
omn,1973,-0.337338328361511
omn,1974,-0.378477782011032
omn,1975,-0.377841830253601
omn,1976,-0.362307012081146
omn,1977,-0.385320633649826
omn,1978,-0.369217336177826
omn,1979,-0.34852135181427
omn,1980,-0.36274865269661
omn,1981,-0.370324194431305
omn,1982,-0.421848773956299
omn,1983,-0.341426312923431
omn,1984,-0.344025731086731
omn,1985,-0.344157576560974
omn,1986,-0.330603331327438
omn,1987,-0.194989711046219
omn,1988,-0.259390205144882
omn,1989,-0.218357861042023
omn,1990,-0.223813340067863
omn,1991,-0.292556017637253
omn,1992,-0.277586579322815
omn,1993,-0.333507269620895
omn,1994,-0.327195405960083
omn,1995,-0.301385819911957
omn,1996,-0.327168256044388
omn,1997,-0.362289935350418
omn,1998,-0.436712622642517
omn,1999,-0.314710408449173
omn,2000,-0.278117775917053
omn,2001,-0.30607944726944
omn,2002,-0.300216346979141
omn,2003,-0.239272236824036
omn,2004,-0.253674268722534
omn,2005,-0.231821522116661
omn,2006,-0.223245471715927
omn,2007,-0.253396600484848
omn,2008,-0.245868429541588
omn,2009,-0.221336752176285
omn,2010,-0.252136915922165
omn,2011,-0.254743427038193
omn,2012,-0.303861260414124
omn,2013,-0.320779383182526
omn,2014,-0.321437329053879
omn,2015,-0.381976097822189
omn,2016,-0.337579280138016
omn,2017,-0.355185747146606
omn,2018,-0.339274346828461
omn,2019,-0.33447527885437
omn,2020,-0.386188894510269
omn,2021,-0.3380027115345
omn,2022,-0.388767808675766
omn,2023,-0.392073333263397
pak,1950,-0.096602700650692
pak,1951,-0.116862758994102
pak,1952,-0.103085488080978
pak,1953,-0.0688315406441689
pak,1954,-0.0717673525214195
pak,1955,-0.0643903911113739
pak,1956,-0.0703871920704842
pak,1957,-0.0645839720964432
pak,1958,-0.0517479106783867
pak,1959,-0.0792750641703606
pak,1960,-0.090786948800087
pak,1961,-0.0944157615303993
pak,1962,-0.0768548920750618
pak,1963,-0.0819877162575722
pak,1964,-0.0790737271308899
pak,1965,-0.0895377770066261
pak,1966,-0.0651786327362061
pak,1967,-0.0749052837491036
pak,1968,-0.0653198510408402
pak,1969,-0.058555144816637
pak,1970,-0.0592613853514195
pak,1971,-0.0603520348668098
pak,1972,-0.0478095412254334
pak,1973,-0.047381054610014
pak,1974,-0.0660530552268028
pak,1975,-0.0719480663537979
pak,1976,-0.0736854001879692
pak,1977,-0.0738659426569939
pak,1978,-0.0757547542452812
pak,1979,-0.0957777798175812
pak,1980,-0.101407408714294
pak,1981,-0.0891703739762306
pak,1982,-0.0807106122374535
pak,1983,-0.0818348303437233
pak,1984,-0.0816277265548706
pak,1985,-0.0818802863359451
pak,1986,-0.064270943403244
pak,1987,-0.0549726746976376
pak,1988,-0.0569456368684769
pak,1989,-0.0574178397655487
pak,1990,-0.0555286072194576
pak,1991,-0.051728505641222
pak,1992,-0.0687687546014786
pak,1993,-0.0721667408943176
pak,1994,-0.0616806298494339
pak,1995,-0.0625487565994263
pak,1996,-0.0646503269672394
pak,1997,-0.0637024566531181
pak,1998,-0.055543877184391
pak,1999,-0.0513393431901932
pak,2000,-0.0503553561866283
pak,2001,-0.0554428249597549
pak,2002,-0.0538885518908501
pak,2003,-0.055243156850338
pak,2004,-0.061062652617693
pak,2005,-0.0786899328231812
pak,2006,-0.0879591628909111
pak,2007,-0.0834411755204201
pak,2008,-0.0903934836387634
pak,2009,-0.0850076377391815
pak,2010,-0.0792169943451881
pak,2011,-0.0812835618853569
pak,2012,-0.087270125746727
pak,2013,-0.079595685005188
pak,2014,-0.0811799019575119
pak,2015,-0.080753818154335
pak,2016,-0.0804210528731346
pak,2017,-0.0862560793757439
pak,2018,-0.0890755653381348
pak,2019,-0.0944263935089111
pak,2020,-0.0894253700971603
pak,2021,-0.104225121438503
pak,2022,-0.118228122591972
pak,2023,-0.109928116202354
pan,1950,-0.400005131959915
pan,1951,-0.429575324058533
pan,1952,-0.420923203229904
pan,1953,-0.348647028207779
pan,1954,-0.340603947639465
pan,1955,-0.338289499282837
pan,1956,-0.34050390124321
pan,1957,-0.332739442586899
pan,1958,-0.300356179475784
pan,1959,-0.273224681615829
pan,1960,-0.322720915079117
pan,1961,-0.314895391464233
pan,1962,-0.294348835945129
pan,1963,-0.307472109794617
pan,1964,-0.311012268066406
pan,1965,-0.319311201572418
pan,1966,-0.316922217607498
pan,1967,-0.298215717077255
pan,1968,-0.285700649023056
pan,1969,-0.279984951019287
pan,1970,-0.292098522186279
pan,1971,-0.284966707229614
pan,1972,-0.281538903713226
pan,1973,-0.284880816936493
pan,1974,-0.390067338943481
pan,1975,-0.356670022010803
pan,1976,-0.322484403848648
pan,1977,-0.30814117193222
pan,1978,-0.320942759513855
pan,1979,-0.338135719299316
pan,1980,-0.394114851951599
pan,1981,-0.361054092645645
pan,1982,-0.358603417873383
pan,1983,-0.262192100286484
pan,1984,-0.25150191783905
pan,1985,-0.268728941679001
pan,1986,-0.186439231038094
pan,1987,-0.157611757516861
pan,1988,-0.103154890239239
pan,1989,-0.120464414358139
pan,1990,-0.163781344890594
pan,1991,-0.151305824518204
pan,1992,-0.194904997944832
pan,1993,-0.217038407921791
pan,1994,-0.212413102388382
pan,1995,-0.21355251967907
pan,1996,-0.222849652171135
pan,1997,-0.225907772779465
pan,1998,-0.240137934684753
pan,1999,-0.241930350661278
pan,2000,-0.221787393093109
pan,2001,-0.204124182462692
pan,2002,-0.193580538034439
pan,2003,-0.168091967701912
pan,2004,-0.433525919914246
pan,2005,-0.162902414798737
pan,2006,-0.362206310033798
pan,2007,-0.438703864812851
pan,2008,-0.461782336235046
pan,2009,-0.412140399217606
pan,2010,-0.447900682687759
pan,2011,-0.493967115879059
pan,2012,-0.252409487962723
pan,2013,-0.236693561077118
pan,2014,-0.21970896422863
pan,2015,-0.169357001781464
pan,2016,-0.138953730463982
pan,2017,-0.28294238448143
pan,2018,-0.297491103410721
pan,2019,-0.282938450574875
pan,2020,-0.232219517230988
pan,2021,-0.290295243263245
pan,2022,-0.371141076087952
pan,2023,-0.364727228879929
per,1950,-0.083070695400238
per,1951,-0.117055431008339
per,1952,-0.11481012403965
per,1953,-0.10954200476408
per,1954,-0.089536227285862
per,1955,-0.108547046780586
per,1956,-0.122372895479202
per,1957,-0.124759025871754
per,1958,-0.104174144566059
per,1959,-0.0834537744522095
per,1960,-0.105359219014645
per,1961,-0.115151919424534
per,1962,-0.105239503085613
per,1963,-0.103977270424366
per,1964,-0.100430108606815
per,1965,-0.112568005919456
per,1966,-0.110410630702972
per,1967,-0.106464549899101
per,1968,-0.0844946652650833
per,1969,-0.0751338377594948
per,1970,-0.0729462206363678
per,1971,-0.0818589255213738
per,1972,-0.076758086681366
per,1973,-0.0844658389687538
per,1974,-0.102830983698368
per,1975,-0.115741759538651
per,1976,-0.0848234295845032
per,1977,-0.0758518353104591
per,1978,-0.0652478262782097
per,1979,-0.0591081529855728
per,1980,-0.0933892354369164
per,1981,-0.102038770914078
per,1982,-0.0932262241840363
per,1983,-0.0813018754124641
per,1984,-0.0671993270516396
per,1985,-0.0634930431842804
per,1986,-0.0668414533138275
per,1987,-0.067172683775425
per,1988,-0.0684926807880402
per,1989,-0.0504355952143669
per,1990,-0.063266359269619
per,1991,-0.0613715946674347
per,1992,-0.0955200716853142
per,1993,-0.0995593965053558
per,1994,-0.108366243541241
per,1995,-0.124764643609524
per,1996,-0.120598658919334
per,1997,-0.126614660024643
per,1998,-0.130726590752602
per,1999,-0.109732732176781
per,2000,-0.12027246505022
per,2001,-0.122635014355183
per,2002,-0.11953479796648
per,2003,-0.117472916841507
per,2004,-0.12192277610302
per,2005,-0.131816893815994
per,2006,-0.141105100512505
per,2007,-0.155585840344429
per,2008,-0.189876139163971
per,2009,-0.148058295249939
per,2010,-0.172180473804474
per,2011,-0.188643336296082
per,2012,-0.198754116892815
per,2013,-0.198134437203407
per,2014,-0.184932947158813
per,2015,-0.183489337563515
per,2016,-0.173450455069542
per,2017,-0.182383358478546
per,2018,-0.184581458568573
per,2019,-0.175605639815331
per,2020,-0.15940797328949
per,2021,-0.183025240898132
per,2022,-0.199255838990212
per,2023,-0.185794517397881
phl,1950,-0.160832732915878
phl,1951,-0.214551210403442
phl,1952,-0.161147758364677
phl,1953,-0.145607948303223
phl,1954,-0.150429040193558
phl,1955,-0.15763495862484
phl,1956,-0.139288172125816
phl,1957,-0.153571560978889
phl,1958,-0.12071105837822
phl,1959,-0.0959979817271233
phl,1960,-0.120121389627457
phl,1961,-0.112261809408665
phl,1962,-0.0943075716495514
phl,1963,-0.0846659168601036
phl,1964,-0.0985909774899483
phl,1965,-0.0971735045313835
phl,1966,-0.0959941446781158
phl,1967,-0.112255208194256
phl,1968,-0.109203025698662
phl,1969,-0.104038290679455
phl,1970,-0.0914686694741249
phl,1971,-0.0840764045715332
phl,1972,-0.0805844590067864
phl,1973,-0.0814036801457405
phl,1974,-0.106161400675774
phl,1975,-0.102192148566246
phl,1976,-0.0955448001623154
phl,1977,-0.097425103187561
phl,1978,-0.101223900914192
phl,1979,-0.120582237839699
phl,1980,-0.143804669380188
phl,1981,-0.136799544095993
phl,1982,-0.128571584820747
phl,1983,-0.118618950247765
phl,1984,-0.102599360048771
phl,1985,-0.0940073505043984
phl,1986,-0.0787749141454697
phl,1987,-0.0834526270627976
phl,1988,-0.0857992619276047
phl,1989,-0.0975322797894478
phl,1990,-0.0950619354844093
phl,1991,-0.0911789461970329
phl,1992,-0.11797609180212
phl,1993,-0.134447664022446
phl,1994,-0.134167313575745
phl,1995,-0.146762162446976
phl,1996,-0.169814243912697
phl,1997,-0.210896298289299
phl,1998,-0.172577485442162
phl,1999,-0.185734808444977
phl,2000,-0.197407394647598
phl,2001,-0.20499275624752
phl,2002,-0.220041438937187
phl,2003,-0.216722011566162
phl,2004,-0.214051634073257
phl,2005,-0.21075801551342
phl,2006,-0.209241330623627
phl,2007,-0.19645331799984
phl,2008,-0.20359779894352
phl,2009,-0.178706124424934
phl,2010,-0.202319398522377
phl,2011,-0.19168484210968
phl,2012,-0.199615269899368
phl,2013,-0.193071827292442
phl,2014,-0.191119238734245
phl,2015,-0.218119353055954
phl,2016,-0.234053671360016
phl,2017,-0.244364500045776
phl,2018,-0.26377010345459
phl,2019,-0.251719951629639
phl,2020,-0.21613883972168
phl,2021,-0.242611169815063
phl,2022,-0.275023758411407
phl,2023,-0.24693301320076
pol,1970,-0.0018808072200045
pol,1971,-0.00194731098599732
pol,1972,-0.00265900930389762
pol,1973,-0.00418903585523367
pol,1974,-0.00656594661995769
pol,1975,-0.00696247769519687
pol,1976,-0.0065400255843997
pol,1977,-0.00584429176524282
pol,1978,-0.00966792460530996
pol,1979,-0.0677336305379868
pol,1980,-0.188179939985275
pol,1981,-0.165107473731041
pol,1982,-0.112027995288372
pol,1983,-0.106295734643936
pol,1984,-0.102414578199387
pol,1985,-0.0994008854031563
pol,1986,-0.0829537883400917
pol,1987,-0.0697814449667931
pol,1988,-0.0707908570766449
pol,1989,-0.0585298016667366
pol,1990,-0.0472309105098248
pol,1991,-0.0839911550283432
pol,1992,-0.100480392575264
pol,1993,-0.111388638615608
pol,1994,-0.112970165908337
pol,1995,-0.13038931787014
pol,1996,-0.156636342406273
pol,1997,-0.173262000083923
pol,1998,-0.190831184387207
pol,1999,-0.175777032971382
pol,2000,-0.188429459929466
pol,2001,-0.199584156274796
pol,2002,-0.212760582566261
pol,2003,-0.239604294300079
pol,2004,-0.287350416183472
pol,2005,-0.309109807014465
pol,2006,-0.355766803026199
pol,2007,-0.389028757810593
pol,2008,-0.437182575464249
pol,2009,-0.319124788045883
pol,2010,-0.334995687007904
pol,2011,-0.350650399923325
pol,2012,-0.329173058271408
pol,2013,-0.345153898000717
pol,2014,-0.351491779088974
pol,2015,-0.316383212804794
pol,2016,-0.307934999465942
pol,2017,-0.333730190992355
pol,2018,-0.373652130365372
pol,2019,-0.331592977046967
pol,2020,-0.321979284286499
pol,2021,-0.36933758854866
pol,2022,-0.402982652187347
pol,2023,-0.375405848026276
prt,1950,-0.165842905640602
prt,1951,-0.156214639544487
prt,1952,-0.138683840632439
prt,1953,-0.132573217153549
prt,1954,-0.146533519029617
prt,1955,-0.15232427418232
prt,1956,-0.160700932145119
prt,1957,-0.167023435235024
prt,1958,-0.14983993768692
prt,1959,-0.140925347805023
prt,1960,-0.162051290273666
prt,1961,-0.184967488050461
prt,1962,-0.14080873131752
prt,1963,-0.145752087235451
prt,1964,-0.155084624886513
prt,1965,-0.156092599034309
prt,1966,-0.165487408638001
prt,1967,-0.135975256562233
prt,1968,-0.154870390892029
prt,1969,-0.165201276540756
prt,1970,-0.156583815813065
prt,1971,-0.159356668591499
prt,1972,-0.163208410143852
prt,1973,-0.169200673699379
prt,1974,-0.221523091197014
prt,1975,-0.166436433792114
prt,1976,-0.181117027997971
prt,1977,-0.191923886537552
prt,1978,-0.181402936577797
prt,1979,-0.194169625639915
prt,1980,-0.228217646479607
prt,1981,-0.240818604826927
prt,1982,-0.240539193153381
prt,1983,-0.220757082104683
prt,1984,-0.219279199838638
prt,1985,-0.209567055106163
prt,1986,-0.200125753879547
prt,1987,-0.240375608205795
prt,1988,-0.281040608882904
prt,1989,-0.276962012052536
prt,1990,-0.33641642332077
prt,1991,-0.302675724029541
prt,1992,-0.378052026033402
prt,1993,-0.297289848327637
prt,1994,-0.301718354225159
prt,1995,-0.336043775081635
prt,1996,-0.338577687740326
prt,1997,-0.328505307435989
prt,1998,-0.351393610239029
prt,1999,-0.357328027486801
prt,2000,-0.353970944881439
prt,2001,-0.3629350066185
prt,2002,-0.354927122592926
prt,2003,-0.385788172483444
prt,2004,-0.530840635299683
prt,2005,-0.451421737670898
prt,2006,-0.460461288690567
prt,2007,-0.473040908575058
prt,2008,-0.535171568393707
prt,2009,-0.42855367064476
prt,2010,-0.450915664434433
prt,2011,-0.462867230176926
prt,2012,-0.418380856513977
prt,2013,-0.447941094636917
prt,2014,-0.454209744930267
prt,2015,-0.412932932376862
prt,2016,-0.40632027387619
prt,2017,-0.444931596517563
prt,2018,-0.518704950809479
prt,2019,-0.481557905673981
prt,2020,-0.452827632427216
prt,2021,-0.523512661457062
prt,2022,-0.589134752750397
prt,2023,-0.543908834457398
pry,1951,-0.0768252313137054
pry,1952,-0.0843202993273735
pry,1953,-0.079484336078167
pry,1954,-0.0702143684029579
pry,1955,-0.0665642395615578
pry,1956,-0.0620085410773754
pry,1957,-0.103783257305622
pry,1958,-0.0948024392127991
pry,1959,-0.0723622366786003
pry,1960,-0.089665912091732
pry,1961,-0.0991606637835503
pry,1962,-0.0674301013350487
pry,1963,-0.0601807795464993
pry,1964,-0.0611069649457932
pry,1965,-0.0798052847385407
pry,1966,-0.0847437083721161
pry,1967,-0.0939295217394829
pry,1968,-0.0922970101237297
pry,1969,-0.0935147032141686
pry,1970,-0.0832064896821976
pry,1971,-0.0867178812623024
pry,1972,-0.0766288861632347
pry,1973,-0.100913695991039
pry,1974,-0.135834276676178
pry,1975,-0.110222607851028
pry,1976,-0.110569097101688
pry,1977,-0.126690536737442
pry,1978,-0.131925851106644
pry,1979,-0.148106217384338
pry,1980,-0.156263321638107
pry,1981,-0.126890376210213
pry,1982,-0.121453121304512
pry,1983,-0.085752047598362
pry,1984,-0.0890525653958321
pry,1985,-0.0803438723087311
pry,1986,-0.0825977623462677
pry,1987,-0.0722724124789238
pry,1988,-0.0648011267185211
pry,1989,-0.0817976444959641
pry,1990,-0.124781377613544
pry,1991,-0.121454976499081
pry,1992,-0.133540153503418
pry,1993,-0.1516253054142
pry,1994,-0.199517220258713
pry,1995,-0.230368852615356
pry,1996,-0.223677381873131
pry,1997,-0.248817205429077
pry,1998,-0.208575055003166
pry,1999,-0.149029389023781
pry,2000,-0.180664643645287
pry,2001,-0.173909872770309
pry,2002,-0.102512501180172
pry,2003,-0.10499519109726
pry,2004,-0.129885762929916
pry,2005,-0.154194846749306
pry,2006,-0.210672527551651
pry,2007,-0.225420817732811
pry,2008,-0.294006139039993
pry,2009,-0.220951646566391
pry,2010,-0.273011803627014
pry,2011,-0.296500444412231
pry,2012,-0.272676348686218
pry,2013,-0.27631202340126
pry,2014,-0.254862427711487
pry,2015,-0.228266775608063
pry,2016,-0.210035905241966
pry,2017,-0.245139762759209
pry,2018,-0.27950930595398
pry,2019,-0.25874862074852
pry,2020,-0.218502268195152
pry,2021,-0.274234890937805
pry,2022,-0.322890073060989
pry,2023,-0.333600044250488
pse,1970,-0.535561263561249
pse,1971,-0.561313211917877
pse,1972,-0.615714430809021
pse,1973,-0.75045645236969
pse,1974,-0.867161691188812
pse,1975,-0.987655997276306
pse,1976,-0.862624228000641
pse,1977,-0.966972470283508
pse,1978,-0.818273305892944
pse,1979,-0.942916393280029
pse,1980,-0.893935143947601
pse,1981,-1.1143524646759
pse,1982,-0.897732079029083
pse,1983,-0.913089692592621
pse,1984,-0.801758110523224
pse,1985,-0.746559500694275
pse,1986,-0.607459783554077
pse,1987,-0.644029378890991
pse,1988,-0.596983194351196
pse,1989,-0.597303867340088
pse,1990,-0.603933215141296
pse,1991,-0.525039076805115
pse,1992,-0.61941659450531
pse,1993,-0.60282576084137
pse,1994,-0.564773142337799
pse,1995,-0.549205303192139
pse,1996,-0.532701253890991
pse,1997,-0.525674700737
pse,1998,-0.488324552774429
pse,1999,-0.541885793209076
pse,2000,-0.584532976150513
pse,2001,-0.543786823749542
pse,2002,-0.470136344432831
pse,2003,-0.459531128406525
pse,2004,-0.457269072532654
pse,2005,-0.527892827987671
pse,2006,-0.483098983764648
pse,2007,-0.44057697057724
pse,2008,-0.461496502161026
pse,2009,-0.411846309900284
pse,2010,-0.391658991575241
pse,2011,-0.431066244840622
pse,2012,-0.378515422344208
pse,2013,-0.335901111364365
pse,2014,-0.0437466651201248
pse,2015,-0.297363758087158
pse,2016,-0.273040741682053
pse,2017,-0.279070019721985
pse,2018,-0.293221354484558
pse,2019,-0.500573456287384
pse,2020,-0.443524807691574
pse,2021,-0.560007691383362
pse,2022,-0.713474810123444
pse,2023,-0.70782208442688
qat,1970,-0.416421622037888
qat,1971,-0.44393652677536
qat,1972,-0.198291718959808
qat,1973,-0.189255475997925
qat,1974,-0.172830894589424
qat,1975,-0.258124381303787
qat,1976,-0.432188034057617
qat,1977,-0.658056914806366
qat,1978,-0.5018709897995
qat,1979,-0.398209244012833
qat,1980,-0.276216506958008
qat,1981,-0.319334000349045
qat,1982,-0.372634738683701
qat,1983,-0.250370711088181
qat,1984,-0.192475080490112
qat,1985,-0.21890552341938
qat,1986,-0.168548688292503
qat,1987,-0.139933556318283
qat,1988,-0.215941533446312
qat,1989,-0.207285657525063
qat,1990,-0.210823193192482
qat,1991,-0.25972592830658
qat,1992,-0.263567537069321
qat,1993,-0.286948204040527
qat,1994,-0.284467190504074
qat,1995,-0.445170998573303
qat,1996,-0.364179670810699
qat,1997,-0.335211217403412
qat,1998,-0.361420273780823
qat,1999,-0.191564455628395
qat,2000,-0.182656615972519
qat,2001,-0.210477650165558
qat,2002,-0.21782560646534
qat,2003,-0.175423964858055
qat,2004,-0.16058175265789
qat,2005,-0.198136985301971
qat,2006,-0.243672370910645
qat,2007,-0.264954775571823
qat,2008,-0.206864297389984
qat,2009,-0.208465322852135
qat,2010,-0.166440427303314
qat,2011,-0.163352400064468
qat,2012,-0.137452065944672
qat,2013,-0.116385750472546
qat,2014,-0.138177677989006
qat,2015,-0.1939817070961
qat,2016,-0.200898438692093
qat,2017,-0.170684471726418
qat,2018,-0.167268961668015
qat,2019,-0.151499763131142
qat,2020,-0.156735107302666
qat,2021,-0.150302976369858
qat,2022,-0.14936962723732
qat,2023,-0.150635942816734
rou,1960,-0.0062471809796989
rou,1961,-0.00691762147471309
rou,1962,-0.00648483913391829
rou,1963,-0.00678723072633147
rou,1964,-0.00735937291756272
rou,1965,-0.00764589570462704
rou,1966,-0.00881700031459332
rou,1967,-0.0110401920974255
rou,1968,-0.0103601738810539
rou,1969,-0.00980512239038944
rou,1970,-0.00961929745972157
rou,1971,-0.00882264506071806
rou,1972,-0.00959612615406513
rou,1973,-0.0436351485550404
rou,1974,-0.0735121592879295
rou,1975,-0.074576735496521
rou,1976,-0.0653571411967278
rou,1977,-0.0652315244078636
rou,1978,-0.0604306757450104
rou,1979,-0.0843363329768181
rou,1980,-0.100677184760571
rou,1981,-0.0692549422383308
rou,1982,-0.0310995727777481
rou,1983,-0.0252281185239553
rou,1984,-0.0333650782704353
rou,1985,-0.0318240895867348
rou,1986,-0.0327603481709957
rou,1987,-0.027057496830821
rou,1988,-0.0213574934750795
rou,1989,-0.0990016758441925
rou,1990,-0.102070651948452
rou,1991,-0.0691339895129204
rou,1992,-0.0885950475931168
rou,1993,-0.0884246081113815
rou,1994,-0.0867775976657867
rou,1995,-0.10888709872961
rou,1996,-0.115455731749535
rou,1997,-0.125575229525566
rou,1998,-0.14688603579998
rou,1999,-0.131307050585747
rou,2000,-0.164737164974213
rou,2001,-0.185321524739265
rou,2002,-0.200492560863495
rou,2003,-0.243766516447067
rou,2004,-0.272972077131271
rou,2005,-0.313349634408951
rou,2006,-0.337090909481049
rou,2007,-0.375990480184555
rou,2008,-0.377920597791672
rou,2009,-0.26972433924675
rou,2010,-0.300584495067596
rou,2011,-0.328539460897446
rou,2012,-0.299432933330536
rou,2013,-0.319746166467667
rou,2014,-0.319432824850082
rou,2015,-0.293739080429077
rou,2016,-0.301346510648727
rou,2017,-0.306565403938293
rou,2018,-0.332156002521515
rou,2019,-0.31944414973259
rou,2020,-0.305549472570419
rou,2021,-0.357172042131424
rou,2022,-0.406754404306412
rou,2023,-0.366272479295731
rus,1990,-0.0918955355882645
rus,1991,-0.231949344277382
rus,1992,-0.170909702777863
rus,1993,-0.119747377932072
rus,1994,-0.091151237487793
rus,1995,-0.0960564613342285
rus,1996,-0.0826392471790314
rus,1997,-0.0960173085331917
rus,1998,-0.0716866925358772
rus,1999,-0.0527334176003933
rus,2000,-0.0541590191423893
rus,2001,-0.0662909746170044
rus,2002,-0.0698267668485642
rus,2003,-0.071886271238327
rus,2004,-0.0791230499744415
rus,2005,-0.0861228778958321
rus,2006,-0.0988573059439659
rus,2007,-0.113449819386005
rus,2008,-0.117118276655674
rus,2009,-0.0894489511847496
rus,2010,-0.103465400636196
rus,2011,-0.113308787345886
rus,2012,-0.112326584756374
rus,2013,-0.111708521842957
rus,2014,-0.103449203073978
rus,2015,-0.0808093920350075
rus,2016,-0.0921431481838226
rus,2017,-0.101027883589268
rus,2018,-0.0878093168139458
rus,2019,-0.0841502770781517
rus,2020,-0.0733136087656021
rus,2021,-0.0816167071461678
rus,2022,-0.0745735689997673
rus,2023,-0.0783808752894402
rwa,1960,-0.00108516926411539
rwa,1961,-0.00102462305221707
rwa,1962,-0.0012124931672588
rwa,1963,-0.00120426900684834
rwa,1964,-0.00314744701609015
rwa,1965,-0.00600202661007643
rwa,1966,-0.0201739929616451
rwa,1967,-0.0127649726346135
rwa,1968,-0.0151605540886521
rwa,1969,-0.0129427528008819
rwa,1970,-0.0190181396901608
rwa,1971,-0.0229173377156258
rwa,1972,-0.0240882225334644
rwa,1973,-0.0237042475491762
rwa,1974,-0.0475994497537613
rwa,1975,-0.0381251648068428
rwa,1976,-0.0366499982774258
rwa,1977,-0.0346384681761265
rwa,1978,-0.0391876474022865
rwa,1979,-0.0393115468323231
rwa,1980,-0.0456274785101414
rwa,1981,-0.0275277737528086
rwa,1982,-0.0376557447016239
rwa,1983,-0.0358235538005829
rwa,1984,-0.0295515153557062
rwa,1985,-0.0323647260665894
rwa,1986,-0.0351585261523724
rwa,1987,-0.0445456430315971
rwa,1988,-0.0376499742269516
rwa,1989,-0.0322475358843803
rwa,1990,-0.0287374071776867
rwa,1991,-0.0227891784161329
rwa,1992,-0.0350279174745083
rwa,1993,-0.0419420339167118
rwa,1994,-0.0617381185293198
rwa,1995,-0.0528661869466305
rwa,1996,-0.0907716676592827
rwa,1997,-0.0966470688581467
rwa,1998,-0.0909432545304298
rwa,1999,-0.0728588476777077
rwa,2000,-0.0156971905380487
rwa,2001,-0.0758577957749367
rwa,2002,-0.0572231523692608
rwa,2003,-0.055816899985075
rwa,2004,-0.0583400465548039
rwa,2005,-0.0649536401033402
rwa,2006,-0.0859188437461853
rwa,2007,-0.0834439322352409
rwa,2008,-0.123872421681881
rwa,2009,-0.133618861436844
rwa,2010,-0.14421546459198
rwa,2011,-0.143949151039124
rwa,2012,-0.171577006578445
rwa,2013,-0.16928206384182
rwa,2014,-0.153327792882919
rwa,2015,-0.175946742296219
rwa,2016,-0.178924888372421
rwa,2017,-0.189434945583344
rwa,2018,-0.164670512080193
rwa,2019,-0.181135773658752
rwa,2020,-0.173292800784111
rwa,2021,-0.166084602475166
rwa,2022,-0.192423284053803
rwa,2023,-0.191321149468422
sau,1970,-0.12979893386364
sau,1971,-0.103403635323048
sau,1972,-0.121841676533222
sau,1973,-0.117163389921188
sau,1974,-0.0567714385688305
sau,1975,-0.0872574597597122
sau,1976,-0.121683925390244
sau,1977,-0.19747069478035
sau,1978,-0.242623031139374
sau,1979,-0.212326720356941
sau,1980,-0.179425925016403
sau,1981,-0.192997023463249
sau,1982,-0.273791164159775
sau,1983,-0.31167197227478
sau,1984,-0.290235668420792
sau,1985,-0.239508777856827
sau,1986,-0.168696507811546
sau,1987,-0.163111537694931
sau,1988,-0.157252237200737
sau,1989,-0.151723846793175
sau,1990,-0.153335198760033
sau,1991,-0.1657525151968
sau,1992,-0.166791021823883
sau,1993,-0.156606927514076
sau,1994,-0.129441171884537
sau,1995,-0.148989096283913
sau,1996,-0.142242312431335
sau,1997,-0.147774204611778
sau,1998,-0.168713957071304
sau,1999,-0.140412971377373
sau,2000,-0.137541592121124
sau,2001,-0.15309926867485
sau,2002,-0.140437334775925
sau,2003,-0.139195263385773
sau,2004,-0.134409815073013
sau,2005,-0.146907866001129
sau,2006,-0.146159201860428
sau,2007,-0.160955995321274
sau,2008,-0.14002388715744
sau,2009,-0.131992757320404
sau,2010,-0.128198832273483
sau,2011,-0.115309499204159
sau,2012,-0.130800664424896
sau,2013,-0.136044219136238
sau,2014,-0.109175816178322
sau,2015,-0.166867032647133
sau,2016,-0.142296954989433
sau,2017,-0.132564425468445
sau,2018,-0.120454393327236
sau,2019,-0.136482000350952
sau,2020,-0.117069683969021
sau,2021,-0.121311753988266
sau,2022,-0.13099393248558
sau,2023,-0.144233539700508
sdn,1970,-0.0496814921498299
sdn,1971,-0.0417419299483299
sdn,1972,-0.0366434641182423
sdn,1973,-0.0401326045393944
sdn,1974,-0.052457794547081
sdn,1975,-0.0584413558244705
sdn,1976,-0.0531987473368645
sdn,1977,-0.0470643378794193
sdn,1978,-0.0421473830938339
sdn,1979,-0.0533269979059696
sdn,1980,-0.0742908343672752
sdn,1981,-0.0768926218152046
sdn,1982,-0.0732116624712944
sdn,1983,-0.0530707873404026
sdn,1984,-0.0412927344441414
sdn,1985,-0.024320513010025
sdn,1986,-0.023445226252079
sdn,1987,-0.0269879456609488
sdn,1988,-0.0192918218672276
sdn,1989,-0.0158028677105904
sdn,1990,-0.0204414986073971
sdn,1991,-0.0249972548335791
sdn,1992,-0.0414332151412964
sdn,1993,-0.0341504663228989
sdn,1994,-0.0268545169383287
sdn,1995,-0.0262280981987715
sdn,1996,-0.0248165968805552
sdn,1997,-0.0379292294383049
sdn,1998,-0.0459448583424091
sdn,1999,-0.0316690802574158
sdn,2000,-0.0433629676699638
sdn,2001,-0.0419146381318569
sdn,2002,-0.056729469448328
sdn,2003,-0.0534007549285889
sdn,2004,-0.0661692768335342
sdn,2005,-0.0964180752635002
sdn,2006,-0.0908448472619057
sdn,2007,-0.0878790318965912
sdn,2008,-0.082526870071888
sdn,2009,-0.0675855949521065
sdn,2010,-0.0524594485759735
sdn,2011,-0.0841839388012886
sdn,2012,-0.0679497495293617
sdn,2013,-0.104966580867767
sdn,2014,-0.0584252960979939
sdn,2015,-0.0615909621119499
sdn,2016,-0.0439443551003933
sdn,2017,-0.047344483435154
sdn,2018,-0.0411738194525242
sdn,2019,-0.0553758814930916
sdn,2020,-0.0531565360724926
sdn,2021,-0.0850792601704598
sdn,2022,-0.0991588607430458
sdn,2023,-0.0695090889930725
sen,1960,-0.234141051769257
sen,1961,-0.297226428985596
sen,1962,-0.258931457996368
sen,1963,-0.246856227517128
sen,1964,-0.265692889690399
sen,1965,-0.230446517467499
sen,1966,-0.198832854628563
sen,1967,-0.194940239191055
sen,1968,-0.141100823879242
sen,1969,-0.146003603935242
sen,1970,-0.142975628376007
sen,1971,-0.139267146587372
sen,1972,-0.136576652526855
sen,1973,-0.147360876202583
sen,1974,-0.161524087190628
sen,1975,-0.175553977489471
sen,1976,-0.16841459274292
sen,1977,-0.207705035805702
sen,1978,-0.187522441148758
sen,1979,-0.192000493407249
sen,1980,-0.200107395648956
sen,1981,-0.218311622738838
sen,1982,-0.141821250319481
sen,1983,-0.125027075409889
sen,1984,-0.122839272022247
sen,1985,-0.0964016243815422
sen,1986,-0.125257313251495
sen,1987,-0.117946960031986
sen,1988,-0.0870228782296181
sen,1989,-0.158844143152237
sen,1990,-0.159506291151047
sen,1991,-0.102911904454231
sen,1992,-0.127495467662811
sen,1993,-0.121825687587261
sen,1994,-0.0900785177946091
sen,1995,-0.11308328807354
sen,1996,-0.173316285014153
sen,1997,-0.147527262568474
sen,1998,-0.14773228764534
sen,1999,-0.146308302879334
sen,2000,-0.142867714166641
sen,2001,-0.153363049030304
sen,2002,-0.178498506546021
sen,2003,-0.183655381202698
sen,2004,-0.203338444232941
sen,2005,-0.221070095896721
sen,2006,-0.223090916872025
sen,2007,-0.25993150472641
sen,2008,-0.32005101442337
sen,2009,-0.231870159506798
sen,2010,-0.21577575802803
sen,2011,-0.251794219017029
sen,2012,-0.269459038972855
sen,2013,-0.269358158111572
sen,2014,-0.250909149646759
sen,2015,-0.221970498561859
sen,2016,-0.212726294994354
sen,2017,-0.249184638261795
sen,2018,-0.275023400783539
sen,2019,-0.268023312091827
sen,2020,-0.274896413087845
sen,2021,-0.31059068441391
sen,2022,-0.362797796726227
sen,2023,-0.324801743030548
sgp,1960,-4.32800102233887
sgp,1961,-3.40743136405945
sgp,1962,-2.5408627986908
sgp,1963,-2.20404458045959
sgp,1964,-1.67220020294189
sgp,1965,-1.66014409065247
sgp,1966,-1.5328334569931
sgp,1967,-1.37893462181091
sgp,1968,-1.44703733921051
sgp,1969,-1.42549395561218
sgp,1970,-1.36541867256165
sgp,1971,-1.29004967212677
sgp,1972,-1.2347286939621
sgp,1973,-1.32609701156616
sgp,1974,-1.74400901794434
sgp,1975,-1.56869673728943
sgp,1976,-1.48861467838287
sgp,1977,-1.58482241630554
sgp,1978,-1.50237333774567
sgp,1979,-1.65015530586243
sgp,1980,-2.12146353721619
sgp,1981,-2.41058564186096
sgp,1982,-2.23646759986877
sgp,1983,-1.97915005683899
sgp,1984,-1.84793889522553
sgp,1985,-1.6730991601944
sgp,1986,-1.40585517883301
sgp,1987,-1.426922082901
sgp,1988,-1.59629130363464
sgp,1989,-1.72082054615021
sgp,1990,-1.85699331760407
sgp,1991,-2.05815148353577
sgp,1992,-2.22649931907654
sgp,1993,-2.95467400550842
sgp,1994,-3.21880269050598
sgp,1995,-3.30307841300964
sgp,1996,-2.80936598777771
sgp,1997,-2.51933884620667
sgp,1998,-1.65699887275696
sgp,1999,-1.76492130756378
sgp,2000,-1.52892684936523
sgp,2001,-1.49116742610931
sgp,2002,-1.30521607398987
sgp,2003,-1.7066262960434
sgp,2004,-1.74488091468811
sgp,2005,-1.60734236240387
sgp,2006,-1.4035427570343
sgp,2007,-1.29804861545563
sgp,2008,-1.83726513385773
sgp,2009,-1.40778601169586
sgp,2010,-1.36559307575226
sgp,2011,-1.50430929660797
sgp,2012,-1.5619387626648
sgp,2013,-1.53295695781708
sgp,2014,-1.31566286087036
sgp,2015,-1.13987016677856
sgp,2016,-1.05189478397369
sgp,2017,-1.07763040065765
sgp,2018,-1.16981649398804
sgp,2019,-1.13014328479767
sgp,2020,-1.12802255153656
sgp,2021,-1.18161940574646
sgp,2022,-1.22834444046021
sgp,2023,-1.20607221126556
sle,1961,-0.594953656196594
sle,1962,-0.422664701938629
sle,1963,-0.379434555768967
sle,1964,-0.416554510593414
sle,1965,-0.421671271324158
sle,1966,-0.377225905656815
sle,1967,-0.319531500339508
sle,1968,-0.330874592065811
sle,1969,-0.338015139102936
sle,1970,-0.27060541510582
sle,1971,-0.251368254423142
sle,1972,-0.221125558018684
sle,1973,-0.232609122991562
sle,1974,-0.332055181264877
sle,1975,-0.331552863121033
sle,1976,-0.288705259561539
sle,1977,-0.275141716003418
sle,1978,-0.284093171358109
sle,1979,-0.363755315542221
sle,1980,-0.482323408126831
sle,1981,-0.383405447006226
sle,1982,-0.256542325019836
sle,1983,-0.172596499323845
sle,1984,-0.115861177444458
sle,1985,-0.10237917304039
sle,1986,-0.0638345554471016
sle,1987,-0.0511368475854397
sle,1988,-0.0974091589450836
sle,1989,-0.105057999491692
sle,1990,-0.0664940103888512
sle,1991,-0.0703394636511803
sle,1992,-0.07734115421772
sle,1993,-0.0725586339831352
sle,1994,-0.0913493037223816
sle,1995,-0.0798048749566078
sle,1996,-0.132137089967728
sle,1997,-0.0647890195250511
sle,1998,-0.0729214027523994
sle,1999,-0.144117072224617
sle,2000,-0.162836819887161
sle,2001,-0.136163040995598
sle,2002,-0.144420772790909
sle,2003,-0.154181450605392
sle,2004,-0.142945751547813
sle,2005,-0.160017341375351
sle,2006,-0.150346785783768
sle,2007,-0.147997811436653
sle,2008,-0.15784963965416
sle,2009,-0.158355429768562
sle,2010,-0.198436200618744
sle,2011,-0.335048675537109
sle,2012,-0.381642192602158
sle,2013,-0.387168973684311
sle,2014,-0.343310117721558
sle,2015,-0.283620208501816
sle,2016,-0.267679631710053
sle,2017,-0.233066976070404
sle,2018,-0.157280132174492
sle,2019,-0.169432044029236
sle,2020,-0.12747611105442
sle,2021,-0.159740388393402
sle,2022,-0.187407538294792
sle,2023,-0.184219524264336
slv,1950,-0.271262645721436
slv,1951,-0.379676461219788
slv,1952,-0.342852890491486
slv,1953,-0.31626757979393
slv,1954,-0.352311491966248
slv,1955,-0.359857350587845
slv,1956,-0.368130207061768
slv,1957,-0.370270013809204
slv,1958,-0.300570458173752
slv,1959,-0.277328848838806
slv,1960,-0.388822257518768
slv,1961,-0.309653103351593
slv,1962,-0.27139800786972
slv,1963,-0.301844894886017
slv,1964,-0.332645356655121
slv,1965,-0.315765976905823
slv,1966,-0.31834003329277
slv,1967,-0.293627798557282
slv,1968,-0.247202232480049
slv,1969,-0.227214485406876
slv,1970,-0.233723849058151
slv,1971,-0.245504707098007
slv,1972,-0.247027054429054
slv,1973,-0.288834542036057
slv,1974,-0.348229736089706
slv,1975,-0.31111341714859
slv,1976,-0.346653699874878
slv,1977,-0.435271710157394
slv,1978,-0.412044733762741
slv,1979,-0.405728667974472
slv,1980,-0.362250775098801
slv,1981,-0.343698471784592
slv,1982,-0.265085160732269
slv,1983,-0.281425267457962
slv,1984,-0.272113889455795
slv,1985,-0.343849241733551
slv,1986,-0.190799489617348
slv,1987,-0.176106184720993
slv,1988,-0.166499584913254
slv,1989,-0.195484295487404
slv,1990,-0.223281502723694
slv,1991,-0.222375005483627
slv,1992,-0.250654876232147
slv,1993,-0.263762503862381
slv,1994,-0.285851955413818
slv,1995,-0.303627014160156
slv,1996,-0.281856536865234
slv,1997,-0.326813787221909
slv,1998,-0.337443202733994
slv,1999,-0.352479636669159
slv,2000,-0.403662860393524
slv,2001,-0.42500376701355
slv,2002,-0.401165008544922
slv,2003,-0.385201007127762
slv,2004,-0.381728112697601
slv,2005,-0.370587378740311
slv,2006,-0.381420135498047
slv,2007,-0.388649672269821
slv,2008,-0.414686858654022
slv,2009,-0.334359049797058
slv,2010,-0.363368541002274
slv,2011,-0.394535690546036
slv,2012,-0.406431645154953
slv,2013,-0.419981747865677
slv,2014,-0.386104851961136
slv,2015,-0.428820937871933
slv,2016,-0.409824788570404
slv,2017,-0.404677629470825
slv,2018,-0.412617236375809
slv,2019,-0.408573567867279
slv,2020,-0.358727723360062
slv,2021,-0.425799608230591
slv,2022,-0.451499879360199
slv,2023,-0.404999166727066
som,1970,-0.0830727443099022
som,1971,-0.109341494739056
som,1972,-0.107241719961166
som,1973,-0.115793898701668
som,1974,-0.145823791623116
som,1975,-0.192521214485168
som,1976,-0.177631005644798
som,1977,-0.125904023647308
som,1978,-0.159503847360611
som,1979,-0.100786954164505
som,1980,-0.111252523958683
som,1981,-0.0933706685900688
som,1982,-0.088647335767746
som,1983,-0.0980120152235031
som,1984,-0.0851793736219406
som,1985,-0.119150914251804
som,1986,-0.12874136865139
som,1987,-0.157372280955315
som,1988,-0.132781624794006
som,1989,-0.0757079795002937
som,1990,-0.0464576333761215
som,1991,-0.0203927308320999
som,1992,-0.0296852979809046
som,1993,-0.0384769849479198
som,1994,-0.0446834415197372
som,1995,-0.0474208667874336
som,1996,-0.0575435049831867
som,1997,-0.085449643433094
som,1998,-0.136804684996605
som,1999,-0.151418313384056
som,2000,-0.188992708921433
som,2001,-0.132737264037132
som,2002,-0.145885676145554
som,2003,-0.175706282258034
som,2004,-0.264222413301468
som,2005,-0.368552178144455
som,2006,-0.399312078952789
som,2007,-0.439906924962997
som,2008,-0.49668276309967
som,2009,-0.250294148921967
som,2010,-0.227094247937202
som,2011,-0.265354514122009
som,2012,-0.419992297887802
som,2013,-0.546565771102905
som,2014,-0.468265384435654
som,2015,-0.432872414588928
som,2016,-0.417569041252136
som,2017,-0.41316568851471
som,2018,-0.447019368410111
som,2019,-0.436069697141647
som,2020,-0.456878393888474
som,2021,-0.503154635429382
som,2022,-0.63879007101059
som,2023,-0.619623064994812
srb,1990,-0.0906296372413635
srb,1991,-0.0862045958638191
srb,1992,-0.0852638334035873
srb,1993,-0.0993093401193619
srb,1994,-0.106922298669815
srb,1995,-0.0519271269440651
srb,1996,-0.136600092053413
srb,1997,-0.148027181625366
srb,1998,-0.1451505869627
srb,1999,-0.0617153458297253
srb,2000,-0.0451970659196377
srb,2001,-0.16311015188694
srb,2002,-0.196834206581116
srb,2003,-0.230779886245728
srb,2004,-0.302771657705307
srb,2005,-0.256386965513229
srb,2006,-0.295832395553589
srb,2007,-0.375201880931854
srb,2008,-0.382945626974106
srb,2009,-0.286465704441071
srb,2010,-0.296933650970459
srb,2011,-0.305592626333237
srb,2012,-0.304149985313416
srb,2013,-0.327814161777496
srb,2014,-0.332955896854401
srb,2015,-0.316108494997025
srb,2016,-0.326564699411392
srb,2017,-0.353201299905777
srb,2018,-0.394211769104004
srb,2019,-0.396105766296387
srb,2020,-0.386721193790436
srb,2021,-0.457902103662491
srb,2022,-0.570737659931183
srb,2023,-0.506735920906067
ssd,2008,-0.0195218157023191
ssd,2009,-0.016861705109477
ssd,2010,-0.0183653552085161
ssd,2011,-0.0176084637641907
ssd,2012,-0.0338090397417545
ssd,2013,-0.0803430303931236
ssd,2014,-0.0349452197551727
ssd,2015,-0.0774262845516205
ssd,2016,-0.0554893612861633
ssd,2017,-0.0590176470577717
ssd,2018,-0.03645134344697
ssd,2019,-0.0274688731878996
ssd,2020,-0.0336578004062176
ssd,2021,-0.0381558053195477
ssd,2022,-0.0405395664274693
ssd,2023,-0.0550475269556046
stp,1970,-0.0701282024383545
stp,1971,-0.0650378242135048
stp,1972,-0.0574828684329987
stp,1973,-0.0598909147083759
stp,1974,-0.0819377079606056
stp,1975,-0.0811160951852799
stp,1976,-0.106704421341419
stp,1977,-0.144065544009209
stp,1978,-0.159127250313759
stp,1979,-0.204340994358063
stp,1980,-0.257288157939911
stp,1981,-0.256186246871948
stp,1982,-0.244237422943115
stp,1983,-0.236757785081863
stp,1984,-0.223675698041916
stp,1985,-0.26406142115593
stp,1986,-0.23723292350769
stp,1987,-0.194319665431976
stp,1988,-0.227979123592377
stp,1989,-0.333453744649887
stp,1990,-0.363554239273071
stp,1991,-0.368310689926147
stp,1992,-0.410807549953461
stp,1993,-0.609310209751129
stp,1994,-0.517892479896545
stp,1995,-0.411961108446121
stp,1996,-0.337196826934814
stp,1997,-0.387443333864212
stp,1998,-0.333258241415024
stp,1999,-0.327309638261795
stp,2000,-0.258838504552841
stp,2001,-0.216377258300781
stp,2002,-0.232423052191734
stp,2003,-0.276728272438049
stp,2004,-0.249892890453339
stp,2005,-0.238899633288383
stp,2006,-0.324182838201523
stp,2007,-0.331044107675552
stp,2008,-0.38209542632103
stp,2009,-0.353856861591339
stp,2010,-0.319447726011276
stp,2011,-0.328749984502792
stp,2012,-0.319675236940384
stp,2013,-0.312942892313004
stp,2014,-0.305606693029404
stp,2015,-0.268820881843567
stp,2016,-0.330261051654816
stp,2017,-0.304768532514572
stp,2018,-0.246724888682365
stp,2019,-0.204617604613304
stp,2020,-0.148517265915871
stp,2021,-0.169705510139465
stp,2022,-0.218934744596481
stp,2023,-0.163758799433708
sur,1970,-0.27824342250824
sur,1971,-0.272764176130295
sur,1972,-0.289696455001831
sur,1973,-0.379615366458893
sur,1974,-0.583669483661652
sur,1975,-0.579043507575989
sur,1976,-0.544067978858948
sur,1977,-0.663881182670593
sur,1978,-0.418562233448029
sur,1979,-0.406692117452621
sur,1980,-0.584214150905609
sur,1981,-0.541950345039368
sur,1982,-0.452747523784637
sur,1983,-0.339629530906677
sur,1984,-0.201684951782227
sur,1985,-0.170975968241692
sur,1986,-0.17241282761097
sur,1987,-0.144137173891068
sur,1988,-0.319419175386429
sur,1989,-0.15389296412468
sur,1990,-0.0985245630145073
sur,1991,-0.0929859429597855
sur,1992,-0.0940400585532188
sur,1993,-0.0144206508994102
sur,1994,-0.808294534683228
sur,1995,-0.466754645109177
sur,1996,-0.327053427696228
sur,1997,-0.36720335483551
sur,1998,-0.381408929824829
sur,1999,-0.395912915468216
sur,2000,-0.340755850076675
sur,2001,-0.304286390542984
sur,2002,-0.339003533124924
sur,2003,-0.364436864852905
sur,2004,-0.386133998632431
sur,2005,-0.491674840450287
sur,2006,-0.405382066965103
sur,2007,-0.371588587760925
sur,2008,-0.398375540971756
sur,2009,-0.428404152393341
sur,2010,-0.387461870908737
sur,2011,-0.40943256020546
sur,2012,-0.360516369342804
sur,2013,-0.432216674089432
sur,2014,-0.327521353960037
sur,2015,-0.407505452632904
sur,2016,-0.303110420703888
sur,2017,-0.28284016251564
sur,2018,-0.321232795715332
sur,2019,-0.332344621419907
sur,2020,-0.374419689178467
sur,2021,-0.238207057118416
sur,2022,-0.258734852075577
sur,2023,-0.25226902961731
svk,1990,-0.0908327847719193
svk,1991,-0.089690089225769
svk,1992,-0.154277965426445
svk,1993,-0.151306495070457
svk,1994,-0.184569373726845
svk,1995,-0.20026707649231
svk,1996,-0.224174678325653
svk,1997,-0.282871961593628
svk,1998,-0.341435849666595
svk,1999,-0.310255795717239
svk,2000,-0.356449365615845
svk,2001,-0.399644464254379
svk,2002,-0.428050875663757
svk,2003,-0.531234681606293
svk,2004,-0.649463176727295
svk,2005,-0.666791677474976
svk,2006,-0.778213977813721
svk,2007,-0.84795218706131
svk,2008,-0.922059535980225
svk,2009,-0.744777500629425
svk,2010,-0.804053068161011
svk,2011,-0.892884433269501
svk,2012,-0.929764330387116
svk,2013,-0.996016263961792
svk,2014,-0.893692195415497
svk,2015,-0.871536910533905
svk,2016,-0.916235327720642
svk,2017,-1.00863635540009
svk,2018,-1.11295104026794
svk,2019,-1.16450774669647
svk,2020,-0.944579303264618
svk,2021,-1.08529472351074
svk,2022,-1.23146402835846
svk,2023,-1.03652215003967
svn,1990,-0.578692138195038
svn,1991,-0.449270874261856
svn,1992,-0.396298855543137
svn,1993,-0.391130775213242
svn,1994,-0.393588066101074
svn,1995,-0.444671720266342
svn,1996,-0.435377776622772
svn,1997,-0.436754584312439
svn,1998,-0.486167699098587
svn,1999,-0.479677528142929
svn,2000,-0.495716363191605
svn,2001,-0.506694614887238
svn,2002,-0.521902680397034
svn,2003,-0.59615558385849
svn,2004,-0.686658620834351
svn,2005,-0.733459830284119
svn,2006,-0.829284727573395
svn,2007,-0.93652731180191
svn,2008,-0.908888161182404
svn,2009,-0.720239698886871
svn,2010,-0.787754893302918
svn,2011,-0.848215460777283
svn,2012,-0.818723320960999
svn,2013,-0.837821841239929
svn,2014,-0.8311927318573
svn,2015,-0.780832171440125
svn,2016,-0.782189130783081
svn,2017,-0.893468320369721
svn,2018,-0.904353976249695
svn,2019,-0.941663920879364
svn,2020,-0.855177283287048
svn,2021,-1.00099050998688
svn,2022,-1.15426516532898
svn,2023,-1.00072026252747
swe,1950,-0.238117456436157
swe,1951,-0.29931104183197
swe,1952,-0.258513778448105
swe,1953,-0.229293316602707
swe,1954,-0.252483874559402
swe,1955,-0.267040699720383
swe,1956,-0.273168921470642
swe,1957,-0.288058131933212
swe,1958,-0.26691535115242
swe,1959,-0.255336284637451
swe,1960,-0.335585385560989
swe,1961,-0.303320050239563
swe,1962,-0.271888881921768
swe,1963,-0.27582174539566
swe,1964,-0.276907682418823
swe,1965,-0.289750814437866
swe,1966,-0.28534984588623
swe,1967,-0.270296096801758
swe,1968,-0.275756537914276
swe,1969,-0.287448227405548
swe,1970,-0.292635530233383
swe,1971,-0.270532011985779
swe,1972,-0.265342563390732
swe,1973,-0.285116910934448
swe,1974,-0.371918439865112
swe,1975,-0.366354405879974
swe,1976,-0.370731741189957
swe,1977,-0.365504801273346
swe,1978,-0.326642006635666
swe,1979,-0.379495829343796
swe,1980,-0.418969839811325
swe,1981,-0.386917322874069
swe,1982,-0.378550142049789
swe,1983,-0.366764038801193
swe,1984,-0.361533850431442
swe,1985,-0.376856207847595
swe,1986,-0.35540783405304
swe,1987,-0.384696513414383
swe,1988,-0.38225930929184
swe,1989,-0.388403445482254
swe,1990,-0.413946479558945
swe,1991,-0.35829684138298
swe,1992,-0.398241013288498
swe,1993,-0.361096024513245
swe,1994,-0.387835264205933
swe,1995,-0.406343907117844
swe,1996,-0.413330078125
swe,1997,-0.399125456809998
swe,1998,-0.421065479516983
swe,1999,-0.380136340856552
swe,2000,-0.412659734487534
swe,2001,-0.385887771844864
swe,2002,-0.394076943397522
swe,2003,-0.445038259029388
swe,2004,-0.480785608291626
swe,2005,-0.529662013053894
swe,2006,-0.568343043327332
swe,2007,-0.597331464290619
swe,2008,-0.618156135082245
swe,2009,-0.492981195449829
swe,2010,-0.57146167755127
swe,2011,-0.598946988582611
swe,2012,-0.571730613708496
swe,2013,-0.551869511604309
swe,2014,-0.554124116897583
swe,2015,-0.493355423212051
swe,2016,-0.49278649687767
swe,2017,-0.512238085269928
swe,2018,-0.545499324798584
swe,2019,-0.501486361026764
swe,2020,-0.464316785335541
swe,2021,-0.529170215129852
swe,2022,-0.620901525020599
swe,2023,-0.574671268463135
swz,1970,-0.527082562446594
swz,1971,-0.578323602676392
swz,1972,-0.540352463722229
swz,1973,-0.598595023155212
swz,1974,-0.648497462272644
swz,1975,-0.491011828184128
swz,1976,-0.496801763772965
swz,1977,-0.543505132198334
swz,1978,-0.649284243583679
swz,1979,-0.852747857570648
swz,1980,-0.92953372001648
swz,1981,-0.90153294801712
swz,1982,-0.756120026111603
swz,1983,-0.733408391475678
swz,1984,-0.609821856021881
swz,1985,-0.383762747049332
swz,1986,-0.265607059001923
swz,1987,-0.243560880422592
swz,1988,-0.271545171737671
swz,1989,-0.271155267953873
swz,1990,-0.264841705560684
swz,1991,-0.242205232381821
swz,1992,-0.300085246562958
swz,1993,-0.293916940689087
swz,1994,-0.275936216115952
swz,1995,-0.253530293703079
swz,1996,-0.232033580541611
swz,1997,-0.267280340194702
swz,1998,-0.288916766643524
swz,1999,-0.271231681108475
swz,2000,-0.285030722618103
swz,2001,-0.26099967956543
swz,2002,-0.320616185665131
swz,2003,-0.37649592757225
swz,2004,-0.419587701559067
swz,2005,-0.340935796499252
swz,2006,-0.280629187822342
swz,2007,-0.255758345127106
swz,2008,-0.0454607643187046
swz,2009,-0.0480605661869049
swz,2010,-0.0834493041038513
swz,2011,-0.0518359281122685
swz,2012,-0.052768137305975
swz,2013,-0.305281937122345
swz,2014,-0.313133656978607
swz,2015,-0.278359264135361
swz,2016,-0.293615251779556
swz,2017,-0.318171560764313
swz,2018,-0.366934835910797
swz,2019,-0.386941492557526
swz,2020,-0.382544010877609
swz,2021,-0.449519753456116
swz,2022,-0.487971395254135
swz,2023,-0.417781054973602
sxm,2005,-0.777527511119843
sxm,2006,-0.559500992298126
sxm,2007,-0.633486866950989
sxm,2008,-0.615016341209412
sxm,2009,-0.616510927677155
sxm,2010,-0.629993319511414
sxm,2011,-0.685056209564209
sxm,2012,-2.13624787330627
sxm,2013,-2.90808057785034
sxm,2014,-1.57736706733704
sxm,2015,-3.96893954277039
sxm,2016,-1.29746663570404
sxm,2017,-1.02381563186646
sxm,2018,-1.08553743362427
sxm,2019,-0.842586934566498
sxm,2020,-0.536580801010132
sxm,2021,-0.72200071811676
sxm,2022,-0.834935903549194
sxm,2023,-0.694379508495331
syc,1960,-0.093732550740242
syc,1961,-0.0961564183235169
syc,1962,-0.086313895881176
syc,1963,-0.0818167477846146
syc,1964,-0.0795380100607872
syc,1965,-0.09298475086689
syc,1966,-0.0909372791647911
syc,1967,-0.102418437600136
syc,1968,-0.0932778939604759
syc,1969,-0.126991033554077
syc,1970,-0.130675107240677
syc,1971,-0.146862640976906
syc,1972,-0.1404879540205
syc,1973,-0.147898107767105
syc,1974,-0.184432655572891
syc,1975,-0.174010217189789
syc,1976,-0.211497589945793
syc,1977,-0.169599235057831
syc,1978,-0.160882532596588
syc,1979,-0.200778782367706
syc,1980,-0.312966346740723
syc,1981,-0.319018989801407
syc,1982,-0.345298856496811
syc,1983,-0.305520504713058
syc,1984,-0.291827350854874
syc,1985,-0.353892177343369
syc,1986,-0.299882501363754
syc,1987,-0.239725962281227
syc,1988,-0.328222304582596
syc,1989,-0.279961705207825
syc,1990,-0.316680639982224
syc,1991,-0.254314184188843
syc,1992,-0.343239277601242
syc,1993,-0.373659253120422
syc,1994,-0.286103010177612
syc,1995,-0.3780437707901
syc,1996,-0.525960505008698
syc,1997,-0.479623943567276
syc,1998,-0.571025788784027
syc,1999,-0.593314409255981
syc,2000,-0.462587594985962
syc,2001,-0.726389348506928
syc,2002,-0.644189357757568
syc,2003,-0.528046846389771
syc,2004,-0.764844715595245
syc,2005,-0.762185871601105
syc,2006,-0.721050143241882
syc,2007,-0.637914061546326
syc,2008,-1.36570489406586
syc,2009,-0.824800789356232
syc,2010,-0.601722121238709
syc,2011,-0.488913953304291
syc,2012,-0.517752170562744
syc,2013,-0.58734792470932
syc,2014,-0.467818796634674
syc,2015,-0.761689126491547
syc,2016,-1.23112285137177
syc,2017,-0.970366656780243
syc,2018,-0.736986815929413
syc,2019,-0.902795374393463
syc,2020,-0.88346654176712
syc,2021,-1.49338269233704
syc,2022,-1.66067969799042
syc,2023,-1.33329665660858
syr,1960,-0.232995569705963
syr,1961,-0.175170749425888
syr,1962,-0.163070440292358
syr,1963,-0.171104148030281
syr,1964,-0.106817275285721
syr,1965,-0.111180655658245
syr,1966,-0.130395755171776
syr,1967,-0.102379158139229
syr,1968,-0.106762900948524
syr,1969,-0.123159065842628
syr,1970,-0.156869560480118
syr,1971,-0.168410658836365
syr,1972,-0.134428843855858
syr,1973,-0.184075921773911
syr,1974,-0.304631173610687
syr,1975,-0.307455092668533
syr,1976,-0.336231768131256
syr,1977,-0.683153450489044
syr,1978,-0.59654688835144
syr,1979,-0.778433918952942
syr,1980,-0.845366358757019
syr,1981,-0.809609711170197
syr,1982,-0.637784779071808
syr,1983,-0.652528464794159
syr,1984,-0.695784628391266
syr,1985,-0.277924478054047
syr,1986,-0.144427582621574
syr,1987,-0.102839067578316
syr,1988,-0.116359047591686
syr,1989,-0.149597883224487
syr,1990,-0.137570098042488
syr,1991,-0.127193167805672
syr,1992,-0.212344661355019
syr,1993,-0.198182836174965
syr,1994,-0.156770959496498
syr,1995,-0.168689131736755
syr,1996,-0.170179262757301
syr,1997,-0.113131336867809
syr,1998,-0.103953309357166
syr,1999,-0.0922368988394737
syr,2000,-0.0813789665699005
syr,2001,-0.088165782392025
syr,2002,-0.0675898268818855
syr,2003,-0.0541887357831001
syr,2004,-0.0503314658999443
syr,2005,-0.03415722027421
syr,2006,-0.052250437438488
syr,2007,-0.0607687421143055
syr,2008,-0.0718811228871346
syr,2009,-0.0616521313786507
syr,2010,-0.0589882880449295
syr,2011,-0.211189076304436
syr,2012,-0.12378865480423
syr,2013,-0.11909456551075
syr,2014,-0.12382460385561
syr,2015,-0.130388796329498
syr,2016,-0.0929949283599854
syr,2017,-0.127807974815369
syr,2018,-0.167433395981789
syr,2019,-0.10468528419733
syr,2020,-0.0990212634205818
syr,2021,-0.11347384750843
syr,2022,-0.121821075677872
syr,2023,-0.131357654929161
tca,1970,-0.364287883043289
tca,1971,-0.356924116611481
tca,1972,-0.348060309886932
tca,1973,-0.367657899856567
tca,1974,-0.458414435386658
tca,1975,-0.450069755315781
tca,1976,-0.442371487617493
tca,1977,-0.442117184400558
tca,1978,-0.436046093702316
tca,1979,-0.46434873342514
tca,1980,-0.51566207408905
tca,1981,-0.511652946472168
tca,1982,-0.483347773551941
tca,1983,-0.463103443384171
tca,1984,-0.457870781421661
tca,1985,-0.522144854068756
tca,1986,-0.484547019004822
tca,1987,-0.421115607023239
tca,1988,-0.383651852607727
tca,1989,-0.346664935350418
tca,1990,-0.351012021303177
tca,1991,-0.312330484390259
tca,1992,-0.409995079040527
tca,1993,-0.424098670482636
tca,1994,-0.483031004667282
tca,1995,-0.512310385704041
tca,1996,-0.658965408802033
tca,1997,-1.12096190452576
tca,1998,-1.3340744972229
tca,1999,-2.04625964164734
tca,2000,-2.0990788936615
tca,2001,-2.55267930030823
tca,2002,-2.34891748428345
tca,2003,-24.9110698699951
tca,2004,-1.77827370166779
tca,2005,-2.55907583236694
tca,2006,-4.57489204406738
tca,2007,-4.13377237319946
tca,2008,-2.32852625846863
tca,2009,-1.8651727437973
tca,2010,-1.74443912506104
tca,2011,-1.78114020824432
tca,2012,-1.64336133003235
tca,2013,-1.44699287414551
tca,2014,-2.7518310546875
tca,2015,-1.78525388240814
tca,2016,-1.81441187858582
tca,2017,-1.04447674751282
tca,2018,-0.991581797599793
tca,2019,-0.968946158885956
tca,2020,-0.873378694057465
tca,2021,-1.04415214061737
tca,2022,-1.26965975761414
tca,2023,-1.06499409675598
tcd,1960,-0.0481942929327488
tcd,1961,-0.0525583289563656
tcd,1962,-0.0472462698817253
tcd,1963,-0.0478140376508236
tcd,1964,-0.0541718862950802
tcd,1965,-0.0445864647626877
tcd,1966,-0.0405061393976212
tcd,1967,-0.048395186662674
tcd,1968,-0.040020864456892
tcd,1969,-0.0479986555874348
tcd,1970,-0.0520153567194939
tcd,1971,-0.0535215362906456
tcd,1972,-0.0502189509570599
tcd,1973,-0.0584574043750763
tcd,1974,-0.0589237622916698
tcd,1975,-0.0571613274514675
tcd,1976,-0.0392259247601032
tcd,1977,-0.0540854595601559
tcd,1978,-0.0521575435996056
tcd,1979,-0.0375853963196278
tcd,1980,-0.0236652344465256
tcd,1981,-0.0172999389469624
tcd,1982,-0.037001334130764
tcd,1983,-0.0201356913894415
tcd,1984,-0.0236146468669176
tcd,1985,-0.0325483381748199
tcd,1986,-0.0188559740781784
tcd,1987,-0.0209790505468845
tcd,1988,-0.0178155284374952
tcd,1989,-0.0273333191871643
tcd,1990,-0.0216949265450239
tcd,1991,-0.0223475806415081
tcd,1992,-0.0205874182283878
tcd,1993,-0.0154051426798105
tcd,1994,-0.0134420366957784
tcd,1995,-0.037267841398716
tcd,1996,-0.0207815896719694
tcd,1997,-0.0136984102427959
tcd,1998,-0.0167384371161461
tcd,1999,-0.0125750387087464
tcd,2000,-0.0160661265254021
tcd,2001,-0.0617552436888218
tcd,2002,-0.104178808629513
tcd,2003,-0.0606245622038841
tcd,2004,-0.042207133024931
tcd,2005,-0.0388342887163162
tcd,2006,-0.0404236726462841
tcd,2007,-0.042457789182663
tcd,2008,-0.0485633164644241
tcd,2009,-0.0722090303897858
tcd,2010,-0.0756290555000305
tcd,2011,-0.0387394800782204
tcd,2012,-0.0383215509355068
tcd,2013,-0.0499258115887642
tcd,2014,-0.0625515058636665
tcd,2015,-0.043439906090498
tcd,2016,-0.0279552191495895
tcd,2017,-0.0285139102488756
tcd,2018,-0.0290621891617775
tcd,2019,-0.0278592370450497
tcd,2020,-0.0252955295145512
tcd,2021,-0.0276204645633698
tcd,2022,-0.0268172919750214
tcd,2023,-0.0281848013401032
tgo,1960,-0.11881809681654
tgo,1961,-0.107346966862679
tgo,1962,-0.0913014188408852
tgo,1963,-0.086580902338028
tgo,1964,-0.107560873031616
tgo,1965,-0.0983058214187622
tgo,1966,-0.0895496755838394
tgo,1967,-0.0754687488079071
tgo,1968,-0.0725800767540932
tgo,1969,-0.0722467601299286
tgo,1970,-0.0803549885749817
tgo,1971,-0.0790429711341858
tgo,1972,-0.0757782757282257
tgo,1973,-0.0802790522575378
tgo,1974,-0.0857613682746887
tgo,1975,-0.0763778388500214
tgo,1976,-0.0981390774250031
tgo,1977,-0.13202328979969
tgo,1978,-0.144969999790192
tgo,1979,-0.144553065299988
tgo,1980,-0.176897495985031
tgo,1981,-0.173058941960335
tgo,1982,-0.228580102324486
tgo,1983,-0.165818721055985
tgo,1984,-0.143263414502144
tgo,1985,-0.159629672765732
tgo,1986,-0.146625116467476
tgo,1987,-0.180226981639862
tgo,1988,-0.173233702778816
tgo,1989,-0.164303064346313
tgo,1990,-0.18480084836483
tgo,1991,-0.138950973749161
tgo,1992,-0.18712554872036
tgo,1993,-0.125554591417313
tgo,1994,-0.0842677131295204
tgo,1995,-0.191654458642006
tgo,1996,-0.19396498799324
tgo,1997,-0.174809947609901
tgo,1998,-0.231899842619896
tgo,1999,-0.208609446883202
tgo,2000,-0.107810340821743
tgo,2001,-0.12462592124939
tgo,2002,-0.132346644997597
tgo,2003,-0.16233092546463
tgo,2004,-0.152379170060158
tgo,2005,-0.144480377435684
tgo,2006,-0.35936227440834
tgo,2007,-0.129083663225174
tgo,2008,-0.147704347968102
tgo,2009,-0.151301056146622
tgo,2010,-0.146778032183647
tgo,2011,-0.168032690882683
tgo,2012,-0.204788595438004
tgo,2013,-0.23834490776062
tgo,2014,-0.28634187579155
tgo,2015,-0.210473209619522
tgo,2016,-0.193747445940971
tgo,2017,-0.176026791334152
tgo,2018,-0.187739685177803
tgo,2019,-0.179004773497581
tgo,2020,-0.172815427184105
tgo,2021,-0.198939830064774
tgo,2022,-0.214537367224693
tgo,2023,-0.201410442590714
tha,1950,-0.0600567013025284
tha,1951,-0.0915321856737137
tha,1952,-0.121094830334187
tha,1953,-0.149793803691864
tha,1954,-0.136493429541588
tha,1955,-0.151644468307495
tha,1956,-0.14249449968338
tha,1957,-0.13802133500576
tha,1958,-0.125124275684357
tha,1959,-0.123675085604191
tha,1960,-0.131267011165619
tha,1961,-0.122497089207172
tha,1962,-0.13357213139534
tha,1963,-0.140530914068222
tha,1964,-0.138351872563362
tha,1965,-0.130190551280975
tha,1966,-0.160069495439529
tha,1967,-0.133256867527962
tha,1968,-0.132658153772354
tha,1969,-0.129266545176506
tha,1970,-0.114721700549126
tha,1971,-0.0917085930705071
tha,1972,-0.0992926359176636
tha,1973,-0.119564093649387
tha,1974,-0.130796521902084
tha,1975,-0.120271995663643
tha,1976,-0.113268718123436
tha,1977,-0.120640240609646
tha,1978,-0.115483529865742
tha,1979,-0.133869051933289
tha,1980,-0.149564623832703
tha,1981,-0.141175210475922
tha,1982,-0.109598435461521
tha,1983,-0.133751958608627
tha,1984,-0.137404873967171
tha,1985,-0.117882885038853
tha,1986,-0.0995441228151321
tha,1987,-0.117571614682674
tha,1988,-0.155872210860252
tha,1989,-0.173156246542931
tha,1990,-0.197598323225975
tha,1991,-0.194789215922356
tha,1992,-0.210871040821075
tha,1993,-0.225178927183151
tha,1994,-0.238868683576584
tha,1995,-0.252464801073074
tha,1996,-0.236966997385025
tha,1997,-0.229092955589294
tha,1998,-0.190878540277481
tha,1999,-0.224398329854012
tha,2000,-0.271732747554779
tha,2001,-0.267996102571487
tha,2002,-0.252470135688782
tha,2003,-0.259957730770111
tha,2004,-0.287534683942795
tha,2005,-0.330981075763702
tha,2006,-0.314468592405319
tha,2007,-0.305019021034241
tha,2008,-0.333969950675964
tha,2009,-0.275471806526184
tha,2010,-0.317591071128845
tha,2011,-0.358038634061813
tha,2012,-0.356321573257446
tha,2013,-0.342378944158554
tha,2014,-0.312561810016632
tha,2015,-0.299722075462341
tha,2016,-0.274170726537704
tha,2017,-0.271814286708832
tha,2018,-0.293976932764053
tha,2019,-0.243974521756172
tha,2020,-0.215701594948769
tha,2021,-0.258003979921341
tha,2022,-0.277784943580627
tha,2023,-0.231020972132683
tjk,1990,-0.119956143200397
tjk,1991,-0.0916030630469322
tjk,1992,-0.161110073328018
tjk,1993,-0.141243293881416
tjk,1994,-0.202105820178986
tjk,1995,-0.230401918292046
tjk,1996,-0.182115823030472
tjk,1997,-0.146401152014732
tjk,1998,-0.167644813656807
tjk,1999,-0.190489321947098
tjk,2000,-0.19035267829895
tjk,2001,-0.175339758396149
tjk,2002,-0.171320125460625
tjk,2003,-0.181582778692245
tjk,2004,-0.191362291574478
tjk,2005,-0.197879567742348
tjk,2006,-0.233226254582405
tjk,2007,-0.267846703529358
tjk,2008,-0.290022701025009
tjk,2009,-0.217575252056122
tjk,2010,-0.22296367585659
tjk,2011,-0.258846908807755
tjk,2012,-0.273704022169113
tjk,2013,-0.29251953959465
tjk,2014,-0.235494628548622
tjk,2015,-0.197195678949356
tjk,2016,-0.173764765262604
tjk,2017,-0.160365805029869
tjk,2018,-0.171518206596375
tjk,2019,-0.15576046705246
tjk,2020,-0.150765255093575
tjk,2021,-0.176257103681564
tjk,2022,-0.176945820450783
tjk,2023,-0.176710978150368
tkm,1990,-0.0107572171837091
tkm,1991,-0.00969052873551846
tkm,1992,-0.0106079494580626
tkm,1993,-0.00903207343071699
tkm,1994,-0.018653254956007
tkm,1995,-0.00907854828983545
tkm,1996,-0.0458728224039078
tkm,1997,-0.087695024907589
tkm,1998,-0.0742909461259842
tkm,1999,-0.104219302535057
tkm,2000,-0.122740603983402
tkm,2001,-0.0806495621800423
tkm,2002,-0.0767938494682312
tkm,2003,-0.0900333002209663
tkm,2004,-0.0986164808273315
tkm,2005,-0.0810699537396431
tkm,2006,-0.0576380863785744
tkm,2007,-0.0616182200610638
tkm,2008,-0.115921340882778
tkm,2009,-0.102571748197079
tkm,2010,-0.0844669044017792
tkm,2011,-0.109374605119228
tkm,2012,-0.126723200082779
tkm,2013,-0.119610749185085
tkm,2014,-0.0993885919451714
tkm,2015,-0.094223864376545
tkm,2016,-0.0778902694582939
tkm,2017,-0.0737737789750099
tkm,2018,-0.0714467763900757
tkm,2019,-0.0724917054176331
tkm,2020,-0.0719943270087242
tkm,2021,-0.0728179812431335
tkm,2022,-0.0767061188817024
tkm,2023,-0.0736440271139145
tto,1950,-0.184216156601906
tto,1951,-0.201081976294518
tto,1952,-0.190959125757217
tto,1953,-0.177895858883858
tto,1954,-0.179903522133827
tto,1955,-0.182331562042236
tto,1956,-0.165302440524101
tto,1957,-0.174468964338303
tto,1958,-0.175505891442299
tto,1959,-0.176315888762474
tto,1960,-0.192356064915657
tto,1961,-0.186179935932159
tto,1962,-0.180984124541283
tto,1963,-0.167280361056328
tto,1964,-0.170091852545738
tto,1965,-0.176345437765121
tto,1966,-0.146847054362297
tto,1967,-0.135520398616791
tto,1968,-0.127197816967964
tto,1969,-0.135255306959152
tto,1970,-0.156182289123535
tto,1971,-0.196234196424484
tto,1972,-0.162844151258469
tto,1973,-0.170058012008667
tto,1974,-0.21205860376358
tto,1975,-0.260336637496948
tto,1976,-0.291153073310852
tto,1977,-0.282158672809601
tto,1978,-0.272910714149475
tto,1979,-0.361081063747406
tto,1980,-0.395481109619141
tto,1981,-0.346984684467316
tto,1982,-0.373011261224747
tto,1983,-0.399804294109345
tto,1984,-0.396904587745667
tto,1985,-0.340181291103363
tto,1986,-0.317837834358215
tto,1987,-0.261089563369751
tto,1988,-0.265254765748978
tto,1989,-0.275510728359222
tto,1990,-0.262678772211075
tto,1991,-0.324321001768112
tto,1992,-0.282537788152695
tto,1993,-0.309332221746445
tto,1994,-0.285704761743546
tto,1995,-0.344876229763031
tto,1996,-0.391092419624329
tto,1997,-0.561333775520325
tto,1998,-0.588801741600037
tto,1999,-0.448374688625336
tto,2000,-0.448954343795776
tto,2001,-0.576191008090973
tto,2002,-0.535349905490875
tto,2003,-0.403284221887589
tto,2004,-0.428248286247253
tto,2005,-0.400197505950928
tto,2006,-0.359177708625793
tto,2007,-0.377153903245926
tto,2008,-0.426910787820816
tto,2009,-0.368517398834229
tto,2010,-0.315598845481873
tto,2011,-0.428414702415466
tto,2012,-0.441303700208664
tto,2013,-0.432623326778412
tto,2014,-0.393295019865036
tto,2015,-0.40686708688736
tto,2016,-0.445958197116852
tto,2017,-0.416412740945816
tto,2018,-0.42021831870079
tto,2019,-0.356338828802109
tto,2020,-0.347504913806915
tto,2021,-0.333514213562012
tto,2022,-0.385404825210571
tto,2023,-0.325351297855377
tun,1960,-0.218582943081856
tun,1961,-0.263194680213928
tun,1962,-0.23188054561615
tun,1963,-0.207079261541367
tun,1964,-0.212430134415627
tun,1965,-0.200717613101006
tun,1966,-0.192778497934341
tun,1967,-0.189607203006744
tun,1968,-0.146389871835709
tun,1969,-0.153371840715408
tun,1970,-0.159994885325432
tun,1971,-0.146499350667
tun,1972,-0.149755731225014
tun,1973,-0.15358267724514
tun,1974,-0.230882599949837
tun,1975,-0.236493602395058
tun,1976,-0.243530049920082
tun,1977,-0.26234245300293
tun,1978,-0.261076867580414
tun,1979,-0.296438217163086
tun,1980,-0.295385152101517
tun,1981,-0.32476818561554
tun,1982,-0.299660801887512
tun,1983,-0.262826383113861
tun,1984,-0.252792805433273
tun,1985,-0.201648473739624
tun,1986,-0.190967947244644
tun,1987,-0.16611921787262
tun,1988,-0.185276597738266
tun,1989,-0.205058336257935
tun,1990,-0.231291368603706
tun,1991,-0.20115815103054
tun,1992,-0.239427655935287
tun,1993,-0.223165407776833
tun,1994,-0.200882449746132
tun,1995,-0.210611507296562
tun,1996,-0.181337997317314
tun,1997,-0.193032503128052
tun,1998,-0.211962342262268
tun,1999,-0.216167747974396
tun,2000,-0.230130240321159
tun,2001,-0.260196030139923
tun,2002,-0.257024586200714
tun,2003,-0.269739627838135
tun,2004,-0.288543850183487
tun,2005,-0.278494715690613
tun,2006,-0.290816098451614
tun,2007,-0.319485753774643
tun,2008,-0.360652685165405
tun,2009,-0.283914685249329
tun,2010,-0.310918807983398
tun,2011,-0.322069436311722
tun,2012,-0.323585599660873
tun,2013,-0.323375463485718
tun,2014,-0.279350489377975
tun,2015,-0.287534981966019
tun,2016,-0.272317796945572
tun,2017,-0.277679026126862
tun,2018,-0.275782018899918
tun,2019,-0.244699686765671
tun,2020,-0.215792953968048
tun,2021,-0.253500729799271
tun,2022,-0.297443926334381
tun,2023,-0.315562814474106
tur,1950,-0.0483071021735668
tur,1951,-0.0474557094275951
tur,1952,-0.0534875057637692
tur,1953,-0.0449387766420841
tur,1954,-0.0395830422639847
tur,1955,-0.0313407070934773
tur,1956,-0.0254435390233994
tur,1957,-0.0258651096373796
tur,1958,-0.0262630246579647
tur,1959,-0.029485734179616
tur,1960,-0.0332109369337559
tur,1961,-0.03356022387743
tur,1962,-0.0342104621231556
tur,1963,-0.0326908007264137
tur,1964,-0.0235299021005631
tur,1965,-0.0230438895523548
tur,1966,-0.0383342355489731
tur,1967,-0.0218523237854242
tur,1968,-0.0218456853181124
tur,1969,-0.0196758732199669
tur,1970,-0.0235378835350275
tur,1971,-0.0251247957348824
tur,1972,-0.0270663294941187
tur,1973,-0.033342283219099
tur,1974,-0.0383883677423
tur,1975,-0.0386416539549828
tur,1976,-0.0386849865317345
tur,1977,-0.0395790711045265
tur,1978,-0.0276116412132978
tur,1979,-0.0238833054900169
tur,1980,-0.0528102852404118
tur,1981,-0.0561886243522167
tur,1982,-0.0551950000226498
tur,1983,-0.0550264790654182
tur,1984,-0.0662495046854019
tur,1985,-0.0663560628890991
tur,1986,-0.0541878864169121
tur,1987,-0.0559379756450653
tur,1988,-0.0540431067347527
tur,1989,-0.0575063452124596
tur,1990,-0.0739566162228584
tur,1991,-0.0689312964677811
tur,1992,-0.0772355645895004
tur,1993,-0.0905543565750122
tur,1994,-0.0758959427475929
tur,1995,-0.0961154103279114
tur,1996,-0.104644000530243
tur,1997,-0.117866210639477
tur,1998,-0.117761455476284
tur,1999,-0.112518183887005
tur,2000,-0.136672496795654
tur,2001,-0.115162648260593
tur,2002,-0.144731014966965
tur,2003,-0.187040105462074
tur,2004,-0.213257014751434
tur,2005,-0.221834033727646
tur,2006,-0.2291469424963
tur,2007,-0.237309664487839
tur,2008,-0.247718796133995
tur,2009,-0.18841065466404
tur,2010,-0.213795125484467
tur,2011,-0.228849217295647
tur,2012,-0.221104323863983
tur,2013,-0.216330230236053
tur,2014,-0.191042095422745
tur,2015,-0.168776169419289
tur,2016,-0.160146266222
tur,2017,-0.176530376076698
tur,2018,-0.165227115154266
tur,2019,-0.158999100327492
tur,2020,-0.16528807580471
tur,2021,-0.163529723882675
tur,2022,-0.169977620244026
tur,2023,-0.167527973651886
twn,1951,-0.159008100628853
twn,1952,-0.171186059713364
twn,1953,-0.154341951012611
twn,1954,-0.145126655697823
twn,1955,-0.114976726472378
twn,1956,-0.124480113387108
twn,1957,-0.114668346941471
twn,1958,-0.111409887671471
twn,1959,-0.116995565593243
twn,1960,-0.138819247484207
twn,1961,-0.141061842441559
twn,1962,-0.119233585894108
twn,1963,-0.119213670492172
twn,1964,-0.124378092586994
twn,1965,-0.130658179521561
twn,1966,-0.122302852571011
twn,1967,-0.134940713644028
twn,1968,-0.157310426235199
twn,1969,-0.164174929261208
twn,1970,-0.175188213586807
twn,1971,-0.18400140106678
twn,1972,-0.192048758268356
twn,1973,-0.217137634754181
twn,1974,-0.279235064983368
twn,1975,-0.256733506917954
twn,1976,-0.272697478532791
twn,1977,-0.264937818050385
twn,1978,-0.257499486207962
twn,1979,-0.28895828127861
twn,1980,-0.313840568065643
twn,1981,-0.297534883022308
twn,1982,-0.267842143774033
twn,1983,-0.268392890691757
twn,1984,-0.27869775891304
twn,1985,-0.261495560407639
twn,1986,-0.241607218980789
twn,1987,-0.271371603012085
twn,1988,-0.328539192676544
twn,1989,-0.321290075778961
twn,1990,-0.286219567060471
twn,1991,-0.300933986902237
twn,1992,-0.343054503202438
twn,1993,-0.36018231511116
twn,1994,-0.372736662626267
twn,1995,-0.397422343492508
twn,1996,-0.379950135946274
twn,1997,-0.398175120353699
twn,1998,-0.365094572305679
twn,1999,-0.363817453384399
twn,2000,-0.420970916748047
twn,2001,-0.369555473327637
twn,2002,-0.383900701999664
twn,2003,-0.386586904525757
twn,2004,-0.449157655239105
twn,2005,-0.452987551689148
twn,2006,-0.473376005887985
twn,2007,-0.465779960155487
twn,2008,-0.507870733737946
twn,2009,-0.426988154649735
twn,2010,-0.548289716243744
twn,2011,-0.547697842121124
twn,2012,-0.549588084220886
twn,2013,-0.529825925827026
twn,2014,-0.503094851970673
twn,2015,-0.484782576560974
twn,2016,-0.450768977403641
twn,2017,-0.454950004816055
twn,2018,-0.46654686331749
twn,2019,-0.448005884885788
twn,2020,-0.405707478523254
twn,2021,-0.469635665416718
twn,2022,-0.50773686170578
twn,2023,-0.443398624658585
tza,1960,-0.0835049748420715
tza,1961,-0.0815262496471405
tza,1962,-0.0730822235345841
tza,1963,-0.0739337876439095
tza,1964,-0.0628193840384483
tza,1965,-0.0601711831986904
tza,1966,-0.0687519237399101
tza,1967,-0.0608340129256249
tza,1968,-0.0695960149168968
tza,1969,-0.0590622872114182
tza,1970,-0.112036265432835
tza,1971,-0.127700313925743
tza,1972,-0.118605799973011
tza,1973,-0.146090984344482
tza,1974,-0.211921691894531
tza,1975,-0.164584875106812
tza,1976,-0.128306716680527
tza,1977,-0.125139400362968
tza,1978,-0.158674269914627
tza,1979,-0.151036828756332
tza,1980,-0.171402260661125
tza,1981,-0.119271650910378
tza,1982,-0.0879200100898743
tza,1983,-0.0511042103171349
tza,1984,-0.0449144504964352
tza,1985,-0.0416297651827335
tza,1986,-0.0553668513894081
tza,1987,-0.0271809529513121
tza,1988,-0.049821212887764
tza,1989,-0.0520438104867935
tza,1990,-0.0568027272820473
tza,1991,-0.0515406206250191
tza,1992,-0.0775581374764442
tza,1993,-0.0715893357992172
tza,1994,-0.0680065974593163
tza,1995,-0.11564252525568
tza,1996,-0.0845884829759598
tza,1997,-0.0819614976644516
tza,1998,-0.104596167802811
tza,1999,-0.0945530012249947
tza,2000,-0.0910642594099045
tza,2001,-0.093268021941185
tza,2002,-0.0858686789870262
tza,2003,-0.0950986370444298
tza,2004,-0.10075432062149
tza,2005,-0.107244543731213
tza,2006,-0.129986241459847
tza,2007,-0.142453476786613
tza,2008,-0.166848257184029
tza,2009,-0.135694697499275
tza,2010,-0.141477882862091
tza,2011,-0.161582842469215
tza,2012,-0.184298992156982
tza,2013,-0.183030635118485
tza,2014,-0.168387725949287
tza,2015,-0.199311584234238
tza,2016,-0.10883653908968
tza,2017,-0.104727037250996
tza,2018,-0.104679130017757
tza,2019,-0.0993575379252434
tza,2020,-0.0830358564853668
tza,2021,-0.0986910834908485
tza,2022,-0.12717230618
tza,2023,-0.108559221029282
uga,1950,-0.00619532261043787
uga,1951,-0.00718622701242566
uga,1952,-0.00713328644633293
uga,1953,-0.0096551813185215
uga,1954,-0.00975250080227852
uga,1955,-0.0119657963514328
uga,1956,-0.0111310184001923
uga,1957,-0.00987236201763153
uga,1958,-0.00952668953686953
uga,1959,-0.00833929423242807
uga,1960,-0.00910248793661594
uga,1961,-0.00939584616571665
uga,1962,-0.00884316954761744
uga,1963,-0.00871686823666096
uga,1964,-0.00953990593552589
uga,1965,-0.015685772523284
uga,1966,-0.0172910466790199
uga,1967,-0.0148600898683071
uga,1968,-0.0160281732678413
uga,1969,-0.0162055883556604
uga,1970,-0.0214129947125912
uga,1971,-0.0251027401536703
uga,1972,-0.0181128922849894
uga,1973,-0.0169432368129492
uga,1974,-0.0211268123239279
uga,1975,-0.018763305619359
uga,1976,-0.0231240373104811
uga,1977,-0.0256665926426649
uga,1978,-0.0224425867199898
uga,1979,-0.00830471329391003
uga,1980,-0.010093561373651
uga,1981,-0.0188801530748606
uga,1982,-0.0262315645813942
uga,1983,-0.0282369833439589
uga,1984,-0.0358497686684132
uga,1985,-0.0289537329226732
uga,1986,-0.031175822019577
uga,1987,-0.0480872541666031
uga,1988,-0.028640765696764
uga,1989,-0.0342924632132053
uga,1990,-0.0313406884670258
uga,1991,-0.0294621344655752
uga,1992,-0.0257129035890102
uga,1993,-0.0271056238561869
uga,1994,-0.0625092536211014
uga,1995,-0.0868216902017593
uga,1996,-0.0795381292700768
uga,1997,-0.0661796256899834
uga,1998,-0.0915795788168907
uga,1999,-0.0732678845524788
uga,2000,-0.0673566088080406
uga,2001,-0.0712010636925697
uga,2002,-0.0715168192982674
uga,2003,-0.0807954668998718
uga,2004,-0.088032029569149
uga,2005,-0.0951490476727486
uga,2006,-0.117007359862328
uga,2007,-0.135536879301071
uga,2008,-0.140122905373573
uga,2009,-0.125878974795342
uga,2010,-0.10682388395071
uga,2011,-0.109561413526535
uga,2012,-0.131349384784699
uga,2013,-0.169750854372978
uga,2014,-0.0399971045553684
uga,2015,-0.116434454917908
uga,2016,-0.0943281203508377
uga,2017,-0.120047301054001
uga,2018,-0.125192865729332
uga,2019,-0.121454499661922
uga,2020,-0.123600989580154
uga,2021,-0.138065293431282
uga,2022,-0.121523670852184
uga,2023,-0.112506434321404
ukr,1990,-0.062269039452076
ukr,1991,-0.045693151652813
ukr,1992,-0.0288645438849926
ukr,1993,-0.0327102802693844
ukr,1994,-0.0303861778229475
ukr,1995,-0.0450660921633244
ukr,1996,-0.126808062195778
ukr,1997,-0.140181928873062
ukr,1998,-0.129990234971046
ukr,1999,-0.110164061188698
ukr,2000,-0.133991122245789
ukr,2001,-0.141861885786057
ukr,2002,-0.146949872374535
ukr,2003,-0.164590492844582
ukr,2004,-0.178466022014618
ukr,2005,-0.1839699447155
ukr,2006,-0.197800517082214
ukr,2007,-0.217456206679344
ukr,2008,-0.264883428812027
ukr,2009,-0.177780091762543
ukr,2010,-0.226266205310822
ukr,2011,-0.265195429325104
ukr,2012,-0.269758284091949
ukr,2013,-0.220105648040771
ukr,2014,-0.170985817909241
ukr,2015,-0.136221453547478
ukr,2016,-0.133149310946465
ukr,2017,-0.159652397036552
ukr,2018,-0.17615407705307
ukr,2019,-0.173913180828094
ukr,2020,-0.155455201864243
ukr,2021,-0.173999279737473
ukr,2022,-0.190798565745354
ukr,2023,-0.17972956597805
ury,1950,-0.145333036780357
ury,1951,-0.16899861395359
ury,1952,-0.118067190051079
ury,1953,-0.111993670463562
ury,1954,-0.137773960828781
ury,1955,-0.101234570145607
ury,1956,-0.0913419649004936
ury,1957,-0.104505926370621
ury,1958,-0.0639254748821259
ury,1959,-0.074998676776886
ury,1960,-0.105153866112232
ury,1961,-0.0949002206325531
ury,1962,-0.0937488228082657
ury,1963,-0.0805597975850105
ury,1964,-0.0787118822336197
ury,1965,-0.0436705350875855
ury,1966,-0.0495601519942284
ury,1967,-0.0488839149475098
ury,1968,-0.0581745281815529
ury,1969,-0.0603700652718544
ury,1970,-0.0756193473935127
ury,1971,-0.0737656727433205
ury,1972,-0.0570093542337418
ury,1973,-0.0661355704069138
ury,1974,-0.0885083973407745
ury,1975,-0.0921525359153748
ury,1976,-0.104093506932259
ury,1977,-0.100151635706425
ury,1978,-0.0966566577553749
ury,1979,-0.126554816961288
ury,1980,-0.141840055584908
ury,1981,-0.138221919536591
ury,1982,-0.114846505224705
ury,1983,-0.0832813829183579
ury,1984,-0.0897656381130219
ury,1985,-0.087112195789814
ury,1986,-0.0832449197769165
ury,1987,-0.0890653058886528
ury,1988,-0.0849727019667625
ury,1989,-0.0863739475607872
ury,1990,-0.0984584093093872
ury,1991,-0.0978480875492096
ury,1992,-0.121085271239281
ury,1993,-0.13707135617733
ury,1994,-0.141285330057144
ury,1995,-0.14295557141304
ury,1996,-0.158664003014565
ury,1997,-0.182615578174591
ury,1998,-0.19003327190876
ury,1999,-0.181091651320457
ury,2000,-0.197772115468979
ury,2001,-0.188447967171669
ury,2002,-0.1335608959198
ury,2003,-0.140530183911324
ury,2004,-0.184985488653183
ury,2005,-0.210151016712189
ury,2006,-0.238914132118225
ury,2007,-0.235990509390831
ury,2008,-0.312163800001144
ury,2009,-0.24592787027359
ury,2010,-0.255421787500381
ury,2011,-0.277362555265427
ury,2012,-0.298867255449295
ury,2013,-0.285045832395554
ury,2014,-0.244935780763626
ury,2015,-0.22643780708313
ury,2016,-0.193349555134773
ury,2017,-0.192205235362053
ury,2018,-0.206057146191597
ury,2019,-0.192553743720055
ury,2020,-0.167544543743134
ury,2021,-0.208104729652405
ury,2022,-0.244309067726135
ury,2023,-0.245768845081329
usa,1950,-0.0395496338605881
usa,1951,-0.0427656583487988
usa,1952,-0.041953232139349
usa,1953,-0.0407429225742817
usa,1954,-0.0385523252189159
usa,1955,-0.0399867743253708
usa,1956,-0.0418141894042492
usa,1957,-0.0426190346479416
usa,1958,-0.0420873872935772
usa,1959,-0.0426256619393826
usa,1960,-0.0471039563417435
usa,1961,-0.0441727340221405
usa,1962,-0.0418459475040436
usa,1963,-0.0412299856543541
usa,1964,-0.0409988015890121
usa,1965,-0.0423949435353279
usa,1966,-0.0454978533089161
usa,1967,-0.0450611226260662
usa,1968,-0.0512051619589329
usa,1969,-0.0515554621815681
usa,1970,-0.0533190816640854
usa,1971,-0.0546343475580215
usa,1972,-0.0580557323992252
usa,1973,-0.0609952807426453
usa,1974,-0.0745123699307442
usa,1975,-0.0653100535273552
usa,1976,-0.0746966600418091
usa,1977,-0.0793743282556534
usa,1978,-0.0853488966822624
usa,1979,-0.0884828642010689
usa,1980,-0.0892799869179726
usa,1981,-0.0890988707542419
usa,1982,-0.0839960426092148
usa,1983,-0.0859796553850174
usa,1984,-0.10064235329628
usa,1985,-0.100707359611988
usa,1986,-0.0936288237571716
usa,1987,-0.0889191403985024
usa,1988,-0.0881366282701492
usa,1989,-0.0890061855316162
usa,1990,-0.0885773822665215
usa,1991,-0.0812354311347008
usa,1992,-0.0930708423256874
usa,1993,-0.100183360278606
usa,1994,-0.10427238792181
usa,1995,-0.106887131929398
usa,1996,-0.109731666743755
usa,1997,-0.120000340044498
usa,1998,-0.124402165412903
usa,1999,-0.132839009165764
usa,2000,-0.156957656145096
usa,2001,-0.151588603854179
usa,2002,-0.151925072073936
usa,2003,-0.149447530508041
usa,2004,-0.159271478652954
usa,2005,-0.184793189167976
usa,2006,-0.183884367346764
usa,2007,-0.17559140920639
usa,2008,-0.174141973257065
usa,2009,-0.140120714902878
usa,2010,-0.1596360206604
usa,2011,-0.176617532968521
usa,2012,-0.177774772047997
usa,2013,-0.167962998151779
usa,2014,-0.169435098767281
usa,2015,-0.171264514327049
usa,2016,-0.164229393005371
usa,2017,-0.170018687844276
usa,2018,-0.174404218792915
usa,2019,-0.170638605952263
usa,2020,-0.156366258859634
usa,2021,-0.17875562608242
usa,2022,-0.202835038304329
usa,2023,-0.182735309004784
uzb,1990,-0.0446248725056648
uzb,1991,-0.0318394415080547
uzb,1992,-0.0472519509494305
uzb,1993,-0.0399092100560665
uzb,1994,-0.0370858386158943
uzb,1995,-0.0394325889647007
uzb,1996,-0.0680326521396637
uzb,1997,-0.0718108415603638
uzb,1998,-0.0550060234963894
uzb,1999,-0.0420344434678555
uzb,2000,-0.0332160145044327
uzb,2001,-0.0696719437837601
uzb,2002,-0.0464547164738178
uzb,2003,-0.0484513863921166
uzb,2004,-0.0560997128486633
uzb,2005,-0.0610989481210709
uzb,2006,-0.069002777338028
uzb,2007,-0.0876176208257675
uzb,2008,-0.10427887737751
uzb,2009,-0.0904761329293251
uzb,2010,-0.0920434445142746
uzb,2011,-0.0968097150325775
uzb,2012,-0.101257383823395
uzb,2013,-0.104611061513424
uzb,2014,-0.0629295557737351
uzb,2015,-0.0828809887170792
uzb,2016,-0.0738296955823898
uzb,2017,-0.0870254784822464
uzb,2018,-0.112517893314362
uzb,2019,-0.139202654361725
uzb,2020,-0.117112815380096
uzb,2021,-0.139317780733109
uzb,2022,-0.154506772756577
uzb,2023,-0.154644310474396
vct,1970,-0.374846696853638
vct,1971,-0.367646247148514
vct,1972,-0.359867930412293
vct,1973,-0.376511007547379
vct,1974,-0.465076386928558
vct,1975,-0.466133296489716
vct,1976,-0.443968385457993
vct,1977,-0.452359706163406
vct,1978,-0.421574652194977
vct,1979,-0.510340213775635
vct,1980,-0.630395948886871
vct,1981,-0.524416923522949
vct,1982,-0.49726602435112
vct,1983,-0.459345310926437
vct,1984,-0.446785837411881
vct,1985,-0.501260757446289
vct,1986,-0.460813462734222
vct,1987,-0.432034432888031
vct,1988,-0.453410238027573
vct,1989,-0.496372044086456
vct,1990,-0.510297298431397
vct,1991,-0.377377808094025
vct,1992,-0.389653146266937
vct,1993,-0.444841474294663
vct,1994,-0.465232253074646
vct,1995,-0.41530179977417
vct,1996,-0.410814523696899
vct,1997,-0.54535585641861
vct,1998,-0.653883934020996
vct,1999,-0.683490812778473
vct,2000,-0.34072157740593
vct,2001,-0.697447657585144
vct,2002,-0.728822410106659
vct,2003,-0.703306913375855
vct,2004,-0.738832056522369
vct,2005,-0.706799566745758
vct,2006,-0.639960289001465
vct,2007,-0.781281411647797
vct,2008,-0.702323913574219
vct,2009,-0.631588220596314
vct,2010,-0.655495822429657
vct,2011,-0.582508325576782
vct,2012,-0.634795904159546
vct,2013,-0.660961031913757
vct,2014,-0.665055334568024
vct,2015,-0.686614692211151
vct,2016,-0.703172206878662
vct,2017,-0.705996334552765
vct,2018,-0.611986696720123
vct,2019,-0.550923943519592
vct,2020,-0.503415644168854
vct,2021,-0.597101151943207
vct,2022,-0.727539837360382
vct,2023,-0.695523381233215
ven,1950,-0.226092904806137
ven,1951,-0.235537156462669
ven,1952,-0.208528250455856
ven,1953,-0.21046456694603
ven,1954,-0.209150344133377
ven,1955,-0.216239303350449
ven,1956,-0.226819798350334
ven,1957,-0.290989309549332
ven,1958,-0.219742551445961
ven,1959,-0.198852106928825
ven,1960,-0.175220012664795
ven,1961,-0.147824287414551
ven,1962,-0.121433183550835
ven,1963,-0.0914247632026672
ven,1964,-0.155979409813881
ven,1965,-0.156342774629593
ven,1966,-0.13543027639389
ven,1967,-0.143541559576988
ven,1968,-0.12570159137249
ven,1969,-0.121164612472057
ven,1970,-0.10629091411829
ven,1971,-0.113007344305515
ven,1972,-0.122203506529331
ven,1973,-0.113975703716278
ven,1974,-0.0746884718537331
ven,1975,-0.108809158205986
ven,1976,-0.108262188732624
ven,1977,-0.156728774309158
ven,1978,-0.136872157454491
ven,1979,-0.0992680862545967
ven,1980,-0.10791403055191
ven,1981,-0.118158273398876
ven,1982,-0.138186901807785
ven,1983,-0.0570746436715126
ven,1984,-0.106149457395077
ven,1985,-0.117435611784458
ven,1986,-0.116649843752384
ven,1987,-0.115997940301895
ven,1988,-0.14013047516346
ven,1989,-0.091056801378727
ven,1990,-0.0817176923155785
ven,1991,-0.113768205046654
ven,1992,-0.140477776527405
ven,1993,-0.135073870420456
ven,1994,-0.0981831476092339
ven,1995,-0.118585236370564
ven,1996,-0.101601392030716
ven,1997,-0.152188032865524
ven,1998,-0.181251928210258
ven,1999,-0.165900707244873
ven,2000,-0.146391093730927
ven,2001,-0.177725329995155
ven,2002,-0.131023108959198
ven,2003,-0.0901087448000908
ven,2004,-0.113351732492447
ven,2005,-0.13236628472805
ven,2006,-0.150147646665573
ven,2007,-0.165619924664497
ven,2008,-0.145749270915985
ven,2009,-0.142783910036087
ven,2010,-0.0986306220293045
ven,2011,-0.128837019205093
ven,2012,-0.149466633796692
ven,2013,-0.11719436943531
ven,2014,-0.101561717689037
ven,2015,-0.0751508995890617
ven,2016,-0.0378570035099983
ven,2017,-0.211812645196915
ven,2018,-0.0744719877839088
ven,2019,-0.0949887856841087
ven,2020,-0.184727653861046
ven,2021,-0.239820256829262
ven,2022,-0.278498291969299
ven,2023,-0.301709741353989
vgb,1970,-0.692684173583984
vgb,1971,-0.720091640949249
vgb,1972,-0.610258340835571
vgb,1973,-0.69507223367691
vgb,1974,-0.871224403381348
vgb,1975,-0.875065803527832
vgb,1976,-0.839940547943115
vgb,1977,-0.792827963829041
vgb,1978,-0.784955322742462
vgb,1979,-0.938140511512756
vgb,1980,-1.07764375209808
vgb,1981,-1.25696921348572
vgb,1982,-1.23108947277069
vgb,1983,-1.24396693706512
vgb,1984,-1.20136761665344
vgb,1985,-1.36995089054108
vgb,1986,-1.33546984195709
vgb,1987,-1.17682838439941
vgb,1988,-1.66857945919037
vgb,1989,-1.24356472492218
vgb,1990,-1.43889462947845
vgb,1991,-1.24651205539703
vgb,1992,-1.19160938262939
vgb,1993,-1.40735697746277
vgb,1994,-1.11268532276154
vgb,1995,-1.0118613243103
vgb,1996,-1.13453686237335
vgb,1997,-1.08678805828094
vgb,1998,-1.57582926750183
vgb,1999,-1.6291321516037
vgb,2000,-1.05209231376648
vgb,2001,-1.08864772319794
vgb,2002,-1.13462281227112
vgb,2003,-1.04814016819
vgb,2004,-1.40984070301056
vgb,2005,-1.55565869808197
vgb,2006,-1.41619741916657
vgb,2007,-1.69093132019043
vgb,2008,-1.93796646595001
vgb,2009,-1.64798700809479
vgb,2010,-2.07836294174194
vgb,2011,-1.34684038162231
vgb,2012,-1.97271502017975
vgb,2013,-1.54080510139465
vgb,2014,-1.41118884086609
vgb,2015,-1.59707462787628
vgb,2016,-1.70808470249176
vgb,2017,-1.51869165897369
vgb,2018,-1.43278062343597
vgb,2019,-1.4260733127594
vgb,2020,-1.39705944061279
vgb,2021,-1.42290771007538
vgb,2022,-1.4671483039856
vgb,2023,-1.40315461158752
vnm,1970,-0.0174250230193138
vnm,1971,-0.0127015160396695
vnm,1972,-0.0288437623530626
vnm,1973,-0.0298896133899689
vnm,1974,-0.044020589441061
vnm,1975,-0.0208950992673636
vnm,1976,-0.0179340783506632
vnm,1977,-0.02156787738204
vnm,1978,-0.0183003973215818
vnm,1979,-0.020392345264554
vnm,1980,-0.0436047054827213
vnm,1981,-0.0395530685782433
vnm,1982,-0.0250518545508385
vnm,1983,-0.0164412278681994
vnm,1984,-0.01271085254848
vnm,1985,-0.00716255512088537
vnm,1986,-0.00162192736752331
vnm,1987,-0.00117746356409043
vnm,1988,-0.00266758142970502
vnm,1989,-0.0110762156546116
vnm,1990,-0.0120394760742784
vnm,1991,-0.020278587937355
vnm,1992,-0.0460708104074001
vnm,1993,-0.0685482025146484
vnm,1994,-0.0835608914494515
vnm,1995,-0.100302219390869
vnm,1996,-0.119981691241264
vnm,1997,-0.139685750007629
vnm,1998,-0.139319434762001
vnm,1999,-0.141908004879951
vnm,2000,-0.179585084319115
vnm,2001,-0.179710224270821
vnm,2002,-0.197674348950386
vnm,2003,-0.215388998389244
vnm,2004,-0.236440643668175
vnm,2005,-0.249022424221039
vnm,2006,-0.258677899837494
vnm,2007,-0.28393229842186
vnm,2008,-0.30466440320015
vnm,2009,-0.259014666080475
vnm,2010,-0.26042577624321
vnm,2011,-0.274972379207611
vnm,2012,-0.282156050205231
vnm,2013,-0.291617155075073
vnm,2014,-0.282605916261673
vnm,2015,-0.339157938957214
vnm,2016,-0.34271776676178
vnm,2017,-0.388130009174347
vnm,2018,-0.389642268419266
vnm,2019,-0.384271502494812
vnm,2020,-0.368387967348099
vnm,2021,-0.43265289068222
vnm,2022,-0.437812954187393
vnm,2023,-0.393275260925293
yem,1989,-0.096300944685936
yem,1990,-0.0916139632463455
yem,1991,-0.0478536076843739
yem,1992,-0.113894172012806
yem,1993,-0.0964276567101479
yem,1994,-0.0553450025618076
yem,1995,-0.134210646152496
yem,1996,-0.284154325723648
yem,1997,-0.269564270973206
yem,1998,-0.270358204841614
yem,1999,-0.221316322684288
yem,2000,-0.209513664245605
yem,2001,-0.216765955090523
yem,2002,-0.211127758026123
yem,2003,-0.211308091878891
yem,2004,-0.163129910826683
yem,2005,-0.142432034015656
yem,2006,-0.148354917764664
yem,2007,-0.179177850484848
yem,2008,-0.187535583972931
yem,2009,-0.169374540448189
yem,2010,-0.139388039708138
yem,2011,-0.16539303958416
yem,2012,-0.196526318788528
yem,2013,-0.219019681215286
yem,2014,-0.149140447378159
yem,2015,-0.179125398397446
yem,2016,-0.222491890192032
yem,2017,-0.29300731420517
yem,2018,-0.135308131575584
yem,2019,-0.446108520030975
yem,2020,-0.552592933177948
yem,2021,-0.55175131559372
yem,2022,-0.543997943401337
yem,2023,-0.529508769512177
zaf,1950,-0.139722898602486
zaf,1951,-0.190710783004761
zaf,1952,-0.163193270564079
zaf,1953,-0.14831006526947
zaf,1954,-0.143169224262238
zaf,1955,-0.149733275175095
zaf,1956,-0.138497292995453
zaf,1957,-0.141501769423485
zaf,1958,-0.135075658559799
zaf,1959,-0.118356503546238
zaf,1960,-0.144489243626595
zaf,1961,-0.121520318090916
zaf,1962,-0.103938423097134
zaf,1963,-0.126688197255135
zaf,1964,-0.145369231700897
zaf,1965,-0.145052790641785
zaf,1966,-0.123112142086029
zaf,1967,-0.123539604246616
zaf,1968,-0.11836726218462
zaf,1969,-0.121341951191425
zaf,1970,-0.130291998386383
zaf,1971,-0.138171434402466
zaf,1972,-0.113504067063332
zaf,1973,-0.118190631270409
zaf,1974,-0.161022961139679
zaf,1975,-0.147487834095955
zaf,1976,-0.126499190926552
zaf,1977,-0.10064072906971
zaf,1978,-0.0995396599173546
zaf,1979,-0.0922265127301216
zaf,1980,-0.155564337968826
zaf,1981,-0.166970446705818
zaf,1982,-0.129935398697853
zaf,1983,-0.103088535368443
zaf,1984,-0.123558677732944
zaf,1985,-0.088897317647934
zaf,1986,-0.0898483619093895
zaf,1987,-0.0908264368772507
zaf,1988,-0.100606463849545
zaf,1989,-0.089136153459549
zaf,1990,-0.0912260413169861
zaf,1991,-0.0862418040633202
zaf,1992,-0.102950111031532
zaf,1993,-0.100607573986053
zaf,1994,-0.110501706600189
zaf,1995,-0.125974282622337
zaf,1996,-0.118897177278996
zaf,1997,-0.138245150446892
zaf,1998,-0.121283665299416
zaf,1999,-0.109710477292538
zaf,2000,-0.119003519415855
zaf,2001,-0.112390033900738
zaf,2002,-0.107807874679565
zaf,2003,-0.126998618245125
zaf,2004,-0.150293990969658
zaf,2005,-0.157073453068733
zaf,2006,-0.178898110985756
zaf,2007,-0.182851046323776
zaf,2008,-0.189247280359268
zaf,2009,-0.149973511695862
zaf,2010,-0.182369962334633
zaf,2011,-0.209509298205376
zaf,2012,-0.219103813171387
zaf,2013,-0.213488355278969
zaf,2014,-0.201070800423622
zaf,2015,-0.180514946579933
zaf,2016,-0.163891702890396
zaf,2017,-0.174905270338058
zaf,2018,-0.196105152368546
zaf,2019,-0.200485154986382
zaf,2020,-0.177341148257256
zaf,2021,-0.202635571360588
zaf,2022,-0.244385570287704
zaf,2023,-0.239180326461792
zmb,1955,-0.643196225166321
zmb,1956,-0.666258692741394
zmb,1957,-0.578824996948242
zmb,1958,-0.456339031457901
zmb,1959,-0.49297097325325
zmb,1960,-0.569246649742127
zmb,1961,-0.50080269575119
zmb,1962,-0.464632511138916
zmb,1963,-0.450290590524673
zmb,1964,-0.374619036912918
zmb,1965,-0.185739323496819
zmb,1966,-0.412606328725815
zmb,1967,-0.403680354356766
zmb,1968,-0.219714164733887
zmb,1969,-0.370689749717712
zmb,1970,-0.415000528097153
zmb,1971,-0.445782244205475
zmb,1972,-0.377756834030151
zmb,1973,-0.300865411758423
zmb,1974,-0.435374021530151
zmb,1975,-0.370835065841675
zmb,1976,-0.240920811891556
zmb,1977,-0.278634756803513
zmb,1978,-0.23044416308403
zmb,1979,-0.227993860840797
zmb,1980,-0.229791820049286
zmb,1981,-0.12325506657362
zmb,1982,-0.103531390428543
zmb,1983,-0.0634255930781364
zmb,1984,-0.0610550716519356
zmb,1985,-0.0622531846165657
zmb,1986,-0.0619513541460037
zmb,1987,-0.0585369691252708
zmb,1988,-0.0683155655860901
zmb,1989,-0.0942184552550316
zmb,1990,-0.0878913030028343
zmb,1991,-0.0572263784706593
zmb,1992,-0.165626913309097
zmb,1993,-0.161744758486748
zmb,1994,-0.105902530252934
zmb,1995,-0.139636754989624
zmb,1996,-0.13397628068924
zmb,1997,-0.161669924855232
zmb,1998,-0.198865413665771
zmb,1999,-0.151886492967606
zmb,2000,-0.146213665604591
zmb,2001,-0.172574386000633
zmb,2002,-0.158683061599731
zmb,2003,-0.175417214632034
zmb,2004,-0.234289795160294
zmb,2005,-0.235036075115204
zmb,2006,-0.222372844815254
zmb,2007,-0.217051967978477
zmb,2008,-0.231708228588104
zmb,2009,-0.166501566767693
zmb,2010,-0.204144656658173
zmb,2011,-0.230193227529526
zmb,2012,-0.286003738641739
zmb,2013,-0.314382135868073
zmb,2014,-0.281878083944321
zmb,2015,-0.261549025774002
zmb,2016,-0.242587611079216
zmb,2017,-0.253251910209656
zmb,2018,-0.282091200351715
zmb,2019,-0.248115032911301
zmb,2020,-0.247342705726624
zmb,2021,-0.261386275291443
zmb,2022,-0.233156904578209
zmb,2023,-0.278725951910019
zwe,1954,-4.95861968374811e-06
zwe,1955,-5.61529850529041e-06
zwe,1956,-5.47715671928017e-06
zwe,1957,-5.10691597810364e-06
zwe,1958,-4.91222954224213e-06
zwe,1959,-3.97475287172711e-06
zwe,1960,-4.21374716097489e-06
zwe,1961,-3.93728896597168e-06
zwe,1962,-3.29960971612309e-06
zwe,1963,-3.03682122648752e-06
zwe,1964,-0.00678091775625944
zwe,1965,-0.109028927981853
zwe,1966,-0.0460717305541039
zwe,1967,-0.0341080538928509
zwe,1968,-0.0264723747968674
zwe,1969,-0.00611266307532787
zwe,1970,-0.00590282725170255
zwe,1971,-0.00540425442159176
zwe,1972,-0.00409252475947142
zwe,1973,-0.00338228465989232
zwe,1974,-0.00408462062478066
zwe,1975,-0.00387400179170072
zwe,1976,-0.00176756142172962
zwe,1977,-0.00167079037055373
zwe,1978,-0.000968478212598711
zwe,1979,-0.00100110005587339
zwe,1980,-0.0188541747629643
zwe,1981,-0.0388044156134129
zwe,1982,-0.0440312400460243
zwe,1983,-0.0373676829040051
zwe,1984,-0.0804971009492874
zwe,1985,-0.0722680166363716
zwe,1986,-0.0661641806364059
zwe,1987,-0.0248982254415751
zwe,1988,-0.0204067789018154
zwe,1989,-0.0243683401495218
zwe,1990,-0.0640124455094338
zwe,1991,-0.0585077777504921
zwe,1992,-0.0757009238004684
zwe,1993,-0.0622933022677898
zwe,1994,-0.0652551203966141
zwe,1995,-0.0780861675739288
zwe,1996,-0.07608412951231
zwe,1997,-0.108641393482685
zwe,1998,-0.0601499229669571
zwe,1999,-0.0798019468784332
zwe,2000,-0.0527250878512859
zwe,2001,-0.0760631710290909
zwe,2002,-0.104728944599628
zwe,2003,-0.0765971392393112
zwe,2004,-0.241875931620598
zwe,2005,-0.823242127895355
zwe,2006,-0.274067461490631
zwe,2007,-0.306920826435089
zwe,2008,-0.30766087770462
zwe,2009,-0.225942820310593
zwe,2010,-0.404615998268127
zwe,2011,-0.475073277950287
zwe,2012,-0.366461753845215
zwe,2013,-0.353314459323883
zwe,2014,-0.283691167831421
zwe,2015,-0.284008145332336
zwe,2016,-0.245243802666664
zwe,2017,-0.193362191319466
zwe,2018,-0.454174250364304
zwe,2019,-0.242234483361244
zwe,2020,-0.165573760867119
zwe,2021,-0.279769837856293
zwe,2022,-0.391468226909637
zwe,2023,-0.308382272720337
