country,year,pl_k
abw,1991,0.939143121242523
abw,1992,0.920253157615662
abw,1993,0.91424572467804
abw,1994,0.95439600944519
abw,1995,0.833237528800964
abw,1996,0.815915703773499
abw,1997,0.832205176353455
abw,1998,0.849213004112244
abw,1999,0.770250558853149
abw,2000,0.805302441120148
abw,2001,0.790280103683472
abw,2002,0.729105591773987
abw,2003,0.67153400182724
abw,2004,0.649214029312134
abw,2005,0.569167673587799
abw,2006,0.530857086181641
abw,2007,0.521313190460205
abw,2008,0.511043608188629
abw,2009,0.410238027572632
abw,2010,0.356775104999542
abw,2011,0.366294682025909
abw,2012,0.38777631521225
abw,2013,0.411419034004211
abw,2014,0.448418349027634
abw,2015,0.516112685203552
abw,2016,0.583402156829834
abw,2017,0.647590339183807
abw,2018,0.599174976348877
abw,2019,0.636345505714417
abw,2020,0.470744073390961
abw,2021,0.486503392457962
abw,2022,0.472379565238953
abw,2023,0.487848550081253
ago,1974,1.73360359668732
ago,1975,1.07778036594391
ago,1976,0.903590679168701
ago,1977,0.883016645908356
ago,1978,0.889973104000092
ago,1979,0.886385142803192
ago,1980,1.12037396430969
ago,1981,0.88845556974411
ago,1982,0.822746098041534
ago,1983,0.740252256393433
ago,1984,0.692782580852509
ago,1985,0.797741234302521
ago,1986,0.718218922615051
ago,1987,0.795350015163422
ago,1988,0.797211587429047
ago,1989,0.82346898317337
ago,1990,0.833722412586212
ago,1991,0.869509220123291
ago,1992,0.84561038017273
ago,1993,0.533309876918793
ago,1994,0.466267794370651
ago,1995,0.188572227954865
ago,1996,0.202781051397324
ago,1997,0.215298756957054
ago,1998,0.165960907936096
ago,1999,0.144652828574181
ago,2000,0.218554064631462
ago,2001,0.219108492136002
ago,2002,0.265525192022324
ago,2003,0.280919969081879
ago,2004,0.358827263116837
ago,2005,0.569901049137116
ago,2006,0.721248507499695
ago,2007,0.765835106372833
ago,2008,0.831433057785034
ago,2009,0.395741403102875
ago,2010,0.454282999038696
ago,2011,0.554932951927185
ago,2012,0.618209302425385
ago,2013,0.667617201805115
ago,2014,0.657768547534943
ago,2015,0.472122609615326
ago,2016,0.439943730831146
ago,2017,0.445799291133881
ago,2018,0.440950453281403
ago,2019,0.390982925891876
ago,2020,0.427518248558044
ago,2021,0.670190989971161
ago,2022,0.93820595741272
ago,2023,0.696238398551941
alb,1974,1.0177458524704
alb,1975,0.905863165855408
alb,1976,0.822558343410492
alb,1977,0.764776170253754
alb,1978,0.699594616889954
alb,1979,0.519323468208313
alb,1980,0.45463639497757
alb,1981,0.370325982570648
alb,1982,0.359275341033936
alb,1983,0.322750449180603
alb,1984,0.295824348926544
alb,1985,0.284509509801865
alb,1986,0.2611203789711
alb,1987,0.260708838701248
alb,1988,0.264036357402802
alb,1989,0.265143245458603
alb,1990,0.208507269620895
alb,1991,0.209221482276917
alb,1992,0.191936478018761
alb,1993,0.160309329628944
alb,1994,0.139575496315956
alb,1995,0.182437658309937
alb,1996,0.204480245709419
alb,1997,0.177472710609436
alb,1998,0.194327101111412
alb,1999,0.207356736063957
alb,2000,0.223596438765526
alb,2001,0.247318744659424
alb,2002,0.252384543418884
alb,2003,0.296302735805512
alb,2004,0.333516716957092
alb,2005,0.326154291629791
alb,2006,0.29001784324646
alb,2007,0.301676720380783
alb,2008,0.315195977687836
alb,2009,0.264556974172592
alb,2010,0.215791061520576
alb,2011,0.204402804374695
alb,2012,0.194563537836075
alb,2013,0.20294988155365
alb,2014,0.184007346630096
alb,2015,0.154665574431419
alb,2016,0.151669457554817
alb,2017,0.15983584523201
alb,2018,0.292501568794251
alb,2019,0.277410715818405
alb,2020,0.301654368638992
alb,2021,0.308737397193909
alb,2022,0.273188501596451
alb,2023,0.30082905292511
arg,1954,7.91628789901733
arg,1955,7.46448993682861
arg,1956,7.68066453933716
arg,1957,7.68534421920776
arg,1958,8.10673999786377
arg,1959,7.16812038421631
arg,1960,7.59666395187378
arg,1961,7.28390741348267
arg,1962,6.76128482818604
arg,1963,6.30878305435181
arg,1964,6.56479787826538
arg,1965,6.62879037857056
arg,1966,6.38345193862915
arg,1967,6.57970094680786
arg,1968,6.69744968414307
arg,1969,7.39800071716309
arg,1970,7.02060079574585
arg,1971,7.2919340133667
arg,1972,6.13529968261719
arg,1973,6.04486608505249
arg,1974,6.50032663345337
arg,1975,6.05126047134399
arg,1976,5.60272073745728
arg,1977,5.55186223983765
arg,1978,5.16797876358032
arg,1979,5.30674409866333
arg,1980,5.47196435928345
arg,1981,4.80537176132202
arg,1982,4.66689491271973
arg,1983,4.298583984375
arg,1984,3.95014405250549
arg,1985,3.40844035148621
arg,1986,3.71605086326599
arg,1987,3.44025492668152
arg,1988,3.44510173797607
arg,1989,1.70303475856781
arg,1990,2.66261601448059
arg,1991,2.96380519866943
arg,1992,2.83611249923706
arg,1993,2.25230884552002
arg,1994,1.95081746578217
arg,1995,1.7965179681778
arg,1996,1.79363560676575
arg,1997,1.88163185119629
arg,1998,1.88225471973419
arg,1999,1.6972861289978
arg,2000,1.78951001167297
arg,2001,1.73513305187225
arg,2002,0.779286205768585
arg,2003,0.980281531810761
arg,2004,1.05919754505157
arg,2005,1.12953794002533
arg,2006,1.19736886024475
arg,2007,1.30056774616241
arg,2008,1.38098299503326
arg,2009,1.08460199832916
arg,2010,1.1920040845871
arg,2011,1.26913189888
arg,2012,1.21532309055328
arg,2013,1.19470620155334
arg,2014,1.04434823989868
arg,2015,1.11957955360413
arg,2016,0.944122791290283
arg,2017,1.01542448997498
arg,2018,0.838718950748444
arg,2019,0.696055412292481
arg,2020,0.589841723442078
arg,2021,0.694795310497284
arg,2022,0.752418339252472
arg,2023,0.681307792663574
arm,1994,0.136756867170334
arm,1995,0.136962860822678
arm,1996,0.166505411267281
arm,1997,0.179152071475983
arm,1998,0.202535063028336
arm,1999,0.22208309173584
arm,2000,0.272519379854202
arm,2001,0.302626848220825
arm,2002,0.380710899829865
arm,2003,0.449837058782578
arm,2004,0.543216049671173
arm,2005,0.73216313123703
arm,2006,0.896472215652466
arm,2007,1.19216811656952
arm,2008,1.47615253925323
arm,2009,1.02615630626678
arm,2010,1.02073693275452
arm,2011,1.00718414783478
arm,2012,0.891806900501251
arm,2013,0.708731889724731
arm,2014,0.761252105236054
arm,2015,0.648826062679291
arm,2016,0.631745636463165
arm,2017,0.662381529808044
arm,2018,0.554057598114014
arm,2019,0.504802525043488
arm,2020,0.411188751459122
arm,2021,0.343714773654938
arm,2022,0.402347415685654
arm,2023,0.447105646133423
aus,1954,0.500126540660858
aus,1955,0.463500589132309
aus,1956,0.481814980506897
aus,1957,0.453731447458267
aus,1958,0.476158738136292
aus,1959,0.456414580345154
aus,1960,0.430331557989121
aus,1961,0.428974330425262
aus,1962,0.469712734222412
aus,1963,0.530352711677551
aus,1964,0.527305841445923
aus,1965,0.499623239040375
aus,1966,0.55762106180191
aus,1967,0.581204950809479
aus,1968,0.622921347618103
aus,1969,0.687242746353149
aus,1970,0.676241457462311
aus,1971,0.639960944652557
aus,1972,0.715369939804077
aus,1973,0.774415731430054
aus,1974,0.686878204345703
aus,1975,0.706102907657623
aus,1976,0.772319316864014
aus,1977,0.709146440029144
aus,1978,0.838916659355164
aus,1979,0.902674674987793
aus,1980,0.982204496860504
aus,1981,0.936888098716736
aus,1982,0.851264238357544
aus,1983,0.834415793418884
aus,1984,0.797577619552612
aus,1985,0.65557062625885
aus,1986,0.694389283657074
aus,1987,0.850517988204956
aus,1988,1.01105666160584
aus,1989,0.981913924217224
aus,1990,0.931496918201447
aus,1991,0.939191401004791
aus,1992,0.900174915790558
aus,1993,0.809389710426331
aus,1994,0.825367569923401
aus,1995,0.833317518234253
aus,1996,0.846215128898621
aus,1997,0.81461638212204
aus,1998,0.712737560272217
aus,1999,0.761007428169251
aus,2000,0.746007800102234
aus,2001,0.709810018539429
aus,2002,0.756912171840668
aus,2003,0.881685674190521
aus,2004,0.960924565792084
aus,2005,0.971295893192291
aus,2006,0.972039580345154
aus,2007,1.05743515491486
aus,2008,1.15432703495026
aus,2009,1.0460342168808
aus,2010,1.24505186080933
aus,2011,1.42257869243622
aus,2012,1.33379364013672
aus,2013,1.01740145683289
aus,2014,0.898072421550751
aus,2015,0.772111237049103
aus,2016,0.829759359359741
aus,2017,0.895809590816498
aus,2018,0.88382625579834
aus,2019,0.780185401439667
aus,2020,0.870091378688812
aus,2021,0.940984308719635
aus,2022,0.818891227245331
aus,2023,0.740235328674316
aut,1954,0.931342244148254
aut,1955,0.932527005672455
aut,1956,1.02193379402161
aut,1957,1.05994594097137
aut,1958,1.08133745193481
aut,1959,1.05754280090332
aut,1960,1.12932777404785
aut,1961,1.17090821266174
aut,1962,1.14008963108063
aut,1963,1.16637325286865
aut,1964,1.1962833404541
aut,1965,1.18438827991486
aut,1966,1.19483077526093
aut,1967,1.22791695594788
aut,1968,1.21884417533875
aut,1969,1.26886701583862
aut,1970,1.32835161685944
aut,1971,1.25464129447937
aut,1972,1.39999735355377
aut,1973,1.40607821941376
aut,1974,1.50602233409882
aut,1975,1.35214281082153
aut,1976,1.3498831987381
aut,1977,1.42710030078888
aut,1978,1.44692945480347
aut,1979,1.60558867454529
aut,1980,1.63083231449127
aut,1981,1.14512598514557
aut,1982,1.09365558624268
aut,1983,0.943376481533051
aut,1984,0.73055362701416
aut,1985,0.659590721130371
aut,1986,0.875995576381683
aut,1987,1.03553473949432
aut,1988,1.02833986282349
aut,1989,0.897329092025757
aut,1990,1.02577388286591
aut,1991,0.958658814430237
aut,1992,0.977408111095429
aut,1993,0.847167015075684
aut,1994,0.828728318214417
aut,1995,0.947589457035065
aut,1996,0.917808294296265
aut,1997,0.842247486114502
aut,1998,0.903065204620361
aut,1999,0.908541262149811
aut,2000,0.874805450439453
aut,2001,0.95877993106842
aut,2002,1.01599943637848
aut,2003,1.14678728580475
aut,2004,1.25513207912445
aut,2005,1.23293244838715
aut,2006,1.20237851142883
aut,2007,1.28381133079529
aut,2008,1.23928868770599
aut,2009,0.974717617034912
aut,2010,0.862494230270386
aut,2011,0.883497416973114
aut,2012,0.767151236534119
aut,2013,0.727668225765228
aut,2014,0.726583361625671
aut,2015,0.588868081569672
aut,2016,0.593006074428558
aut,2017,0.583954513072968
aut,2018,0.587375223636627
aut,2019,0.53914737701416
aut,2020,0.568677842617035
aut,2021,0.575148642063141
aut,2022,0.485440403223038
aut,2023,0.467211961746216
aze,1994,0.752859175205231
aze,1995,0.801938474178314
aze,1996,0.75038069486618
aze,1997,0.901852548122406
aze,1998,0.933472871780396
aze,1999,0.786203563213348
aze,2000,0.852318108081818
aze,2001,0.891722142696381
aze,2002,0.770138382911682
aze,2003,0.635348916053772
aze,2004,0.537729561328888
aze,2005,0.739166855812073
aze,2006,1.30158746242523
aze,2007,2.02685642242432
aze,2008,3.02465558052063
aze,2009,2.3515887260437
aze,2010,2.76488995552063
aze,2011,3.23696804046631
aze,2012,2.63911843299866
aze,2013,2.15237641334534
aze,2014,2.08123254776001
aze,2015,1.2121467590332
aze,2016,0.885942280292511
aze,2017,0.953800916671753
aze,2018,0.879110157489777
aze,2019,0.645469009876251
aze,2020,0.467280924320221
aze,2021,0.488011658191681
aze,2022,0.597727358341217
aze,2023,0.497927814722061
bdi,1980,0.992447555065155
bdi,1981,0.857015430927277
bdi,1982,0.822458386421204
bdi,1983,0.709371566772461
bdi,1984,0.542061388492584
bdi,1985,0.557976603507996
bdi,1986,0.600728213787079
bdi,1987,0.545786738395691
bdi,1988,0.522183001041412
bdi,1989,0.442610889673233
bdi,1990,0.669306457042694
bdi,1991,0.716146349906921
bdi,1992,0.644423842430115
bdi,1993,0.342852205038071
bdi,1994,0.357901364564896
bdi,1995,0.37715956568718
bdi,1996,0.307691663503647
bdi,1997,0.181878551840782
bdi,1998,0.146802514791489
bdi,1999,0.077038548886776
bdi,2000,0.147573664784431
bdi,2001,0.119389399886131
bdi,2002,0.131016984581947
bdi,2003,0.07503392547369
bdi,2004,0.067210964858532
bdi,2005,0.184211179614067
bdi,2006,0.195637658238411
bdi,2007,0.188406869769096
bdi,2008,0.244386166334152
bdi,2009,0.27877488732338
bdi,2010,0.311554163694382
bdi,2011,0.353699296712875
bdi,2012,0.413268595933914
bdi,2013,0.471811652183533
bdi,2014,0.499900043010712
bdi,2015,0.520718991756439
bdi,2016,0.495760887861252
bdi,2017,0.515447318553925
bdi,2018,0.47761470079422
bdi,2019,0.476941734552383
bdi,2020,0.549655318260193
bdi,2021,0.459916293621063
bdi,2022,0.459878385066986
bdi,2023,0.379218548536301
bel,1954,0.626174509525299
bel,1955,0.598455011844635
bel,1956,0.627017915248871
bel,1957,0.622803330421448
bel,1958,0.626758813858032
bel,1959,0.589794456958771
bel,1960,0.618488371372223
bel,1961,0.629400908946991
bel,1962,0.620540380477905
bel,1963,0.630172431468964
bel,1964,0.656958937644959
bel,1965,0.65682989358902
bel,1966,0.652742922306061
bel,1967,0.680581629276276
bel,1968,0.681870579719544
bel,1969,0.716673851013184
bel,1970,0.755696594715118
bel,1971,0.7266646027565
bel,1972,0.835609138011932
bel,1973,0.947153031826019
bel,1974,0.991786956787109
bel,1975,0.984835207462311
bel,1976,0.981073319911957
bel,1977,1.0169665813446
bel,1978,1.13173723220825
bel,1979,1.30168604850769
bel,1980,1.42580544948578
bel,1981,1.02396237850189
bel,1982,0.917016804218292
bel,1983,0.790688693523407
bel,1984,0.675007104873657
bel,1985,0.648877441883087
bel,1986,0.878446042537689
bel,1987,1.1359977722168
bel,1988,1.22252464294434
bel,1989,1.10521566867828
bel,1990,1.25915241241455
bel,1991,1.14610052108765
bel,1992,1.18811106681824
bel,1993,1.05025792121887
bel,1994,1.11384272575378
bel,1995,1.26322221755981
bel,1996,1.16052389144897
bel,1997,1.05134522914886
bel,1998,1.11256003379822
bel,1999,1.02890586853027
bel,2000,0.993339598178864
bel,2001,0.978789389133453
bel,2002,1.01510572433472
bel,2003,1.12303924560547
bel,2004,1.24092102050781
bel,2005,1.17286252975464
bel,2006,1.09663283824921
bel,2007,1.14929962158203
bel,2008,1.08053934574127
bel,2009,0.882189452648163
bel,2010,0.776758074760437
bel,2011,0.81301212310791
bel,2012,0.717762589454651
bel,2013,0.694629549980164
bel,2014,0.744875490665436
bel,2015,0.625568687915802
bel,2016,0.615332961082459
bel,2017,0.608265221118927
bel,2018,0.610331237316132
bel,2019,0.584273815155029
bel,2020,0.607938766479492
bel,2021,0.633759379386902
bel,2022,0.556284606456757
bel,2023,0.528254866600037
ben,1980,1.59003806114197
ben,1981,1.26279187202454
ben,1982,1.07774913311005
ben,1983,0.81867128610611
ben,1984,0.723781406879425
ben,1985,0.70915687084198
ben,1986,0.880304574966431
ben,1987,0.978418588638306
ben,1988,0.93171089887619
ben,1989,0.744376361370087
ben,1990,0.793565213680267
ben,1991,0.692422986030579
ben,1992,0.660456359386444
ben,1993,0.550891280174255
ben,1994,0.318384855985642
ben,1995,0.456942468881607
ben,1996,0.508549511432648
ben,1997,0.500201463699341
ben,1998,0.565172910690308
ben,1999,0.587455630302429
ben,2000,0.562659382820129
ben,2001,0.574893712997437
ben,2002,0.608461141586304
ben,2003,0.713497340679169
ben,2004,0.760357618331909
ben,2005,0.73384165763855
ben,2006,0.744669795036316
ben,2007,0.79896354675293
ben,2008,0.902050137519836
ben,2009,0.842626690864563
ben,2010,0.738887667655945
ben,2011,0.785077631473541
ben,2012,0.826585233211517
ben,2013,0.890897631645203
ben,2014,0.865972459316254
ben,2015,0.736427068710327
ben,2016,0.706575930118561
ben,2017,0.696182310581207
ben,2018,0.688926517963409
ben,2019,0.663278222084045
ben,2020,0.714886844158173
ben,2021,0.636911630630493
ben,2022,0.491767346858978
ben,2023,0.464116036891937
bfa,1963,6.28971147537231
bfa,1964,6.37680053710938
bfa,1965,6.04673528671265
bfa,1966,5.82604742050171
bfa,1967,5.95764970779419
bfa,1968,5.7025294303894
bfa,1969,5.59342002868652
bfa,1970,5.119056224823
bfa,1971,4.10995483398438
bfa,1972,4.65562677383423
bfa,1973,4.64059448242188
bfa,1974,4.56685781478882
bfa,1975,4.53180408477783
bfa,1976,3.75351190567017
bfa,1977,4.00422763824463
bfa,1978,4.56022071838379
bfa,1979,4.98939752578735
bfa,1980,4.75544881820679
bfa,1981,3.27245092391968
bfa,1982,2.63358855247498
bfa,1983,2.01053071022034
bfa,1984,1.53067195415497
bfa,1985,1.54032373428345
bfa,1986,1.84245777130127
bfa,1987,1.98649883270264
bfa,1988,1.96897387504578
bfa,1989,1.69284760951996
bfa,1990,1.81782805919647
bfa,1991,1.68281126022339
bfa,1992,1.64280533790588
bfa,1993,1.40887200832367
bfa,1994,0.748255491256714
bfa,1995,0.851135551929474
bfa,1996,0.83792108297348
bfa,1997,0.716393947601318
bfa,1998,0.78168523311615
bfa,1999,0.794641613960266
bfa,2000,0.728774070739746
bfa,2001,0.783485651016235
bfa,2002,0.79727703332901
bfa,2003,1.02703773975372
bfa,2004,1.10877907276154
bfa,2005,0.988488495349884
bfa,2006,1.01524889469147
bfa,2007,1.14267349243164
bfa,2008,1.12723410129547
bfa,2009,1.08952593803406
bfa,2010,0.966060400009155
bfa,2011,1.06856274604797
bfa,2012,1.03773045539856
bfa,2013,0.960900962352753
bfa,2014,0.990647971630096
bfa,2015,0.849984109401703
bfa,2016,0.848855137825012
bfa,2017,0.812539577484131
bfa,2018,0.833895146846771
bfa,2019,0.884328544139862
bfa,2020,1.10057055950165
bfa,2021,0.98617684841156
bfa,2022,0.780363857746124
bfa,2023,0.749321341514587
bgr,1974,14.6485042572021
bgr,1975,13.6401119232178
bgr,1976,12.4180221557617
bgr,1977,11.7067203521729
bgr,1978,11.1754856109619
bgr,1979,11.0775194168091
bgr,1980,11.2894763946533
bgr,1981,10.4529504776001
bgr,1982,10.1687269210815
bgr,1983,9.08971881866455
bgr,1984,8.49591445922852
bgr,1985,8.09976577758789
bgr,1986,7.97758436203003
bgr,1987,8.18583583831787
bgr,1988,8.5091495513916
bgr,1989,7.36297225952148
bgr,1990,6.81866359710693
bgr,1991,2.80430674552918
bgr,1992,3.10135579109192
bgr,1993,3.59454607963562
bgr,1994,2.66359806060791
bgr,1995,3.99952173233032
bgr,1996,2.88866066932678
bgr,1997,1.89410555362701
bgr,1998,2.15672636032105
bgr,1999,1.43658185005188
bgr,2000,1.37180745601654
bgr,2001,1.28898620605469
bgr,2002,1.3373841047287
bgr,2003,1.67244327068329
bgr,2004,1.73213684558868
bgr,2005,1.49300408363342
bgr,2006,1.38520741462708
bgr,2007,1.54799473285675
bgr,2008,1.48427534103394
bgr,2009,1.29016137123108
bgr,2010,0.998611807823181
bgr,2011,1.10473561286926
bgr,2012,0.954928934574127
bgr,2013,0.887283146381378
bgr,2014,0.835884213447571
bgr,2015,0.711875200271606
bgr,2016,0.728894889354706
bgr,2017,0.723122358322144
bgr,2018,0.765028357505798
bgr,2019,0.756429553031921
bgr,2020,0.796047270298004
bgr,2021,0.852220475673676
bgr,2022,0.775712966918945
bgr,2023,0.793051779270172
bhr,1974,0.704123735427856
bhr,1975,0.707256376743317
bhr,1976,0.697007775306702
bhr,1977,0.815306782722473
bhr,1978,0.825799226760864
bhr,1979,0.8061363697052
bhr,1980,0.873822629451752
bhr,1981,1.03673577308655
bhr,1982,1.28459692001343
bhr,1983,1.2570915222168
bhr,1984,1.23962187767029
bhr,1985,1.188551902771
bhr,1986,1.03465735912323
bhr,1987,1.1268275976181
bhr,1988,1.23975348472595
bhr,1989,1.23939990997314
bhr,1990,1.33201169967651
bhr,1991,1.35698401927948
bhr,1992,1.3367555141449
bhr,1993,1.36240530014038
bhr,1994,1.39204573631287
bhr,1995,1.43917000293732
bhr,1996,1.47455954551697
bhr,1997,1.44499409198761
bhr,1998,1.28076088428497
bhr,1999,1.23962163925171
bhr,2000,1.36585879325867
bhr,2001,1.08720195293427
bhr,2002,0.87304025888443
bhr,2003,0.771240890026093
bhr,2004,0.740163862705231
bhr,2005,0.749969899654388
bhr,2006,0.794590830802918
bhr,2007,0.808903157711029
bhr,2008,0.872096240520477
bhr,2009,0.684014856815338
bhr,2010,0.702613949775696
bhr,2011,0.775601506233215
bhr,2012,0.648885607719421
bhr,2013,0.774786829948425
bhr,2014,0.74574202299118
bhr,2015,0.686010897159576
bhr,2016,0.67177277803421
bhr,2017,0.615823149681091
bhr,2018,0.721325933933258
bhr,2019,0.65508496761322
bhr,2020,0.560147941112518
bhr,2021,0.613457202911377
bhr,2022,0.578392505645752
bhr,2023,0.519641160964966
bhs,1974,9.56521892547607
bhs,1975,7.78120994567871
bhs,1976,7.63207244873047
bhs,1977,7.17784261703491
bhs,1978,7.53370475769043
bhs,1979,8.04614162445068
bhs,1980,8.60002708435059
bhs,1981,7.13101863861084
bhs,1982,7.05361270904541
bhs,1983,6.37591218948364
bhs,1984,5.7971682548523
bhs,1985,5.50521183013916
bhs,1986,5.56494522094727
bhs,1987,6.06664276123047
bhs,1988,6.11283206939697
bhs,1989,6.04514646530151
bhs,1990,5.86250257492065
bhs,1991,5.52853536605835
bhs,1992,5.30586194992065
bhs,1993,5.126136302948
bhs,1994,4.95088863372803
bhs,1995,4.7639627456665
bhs,1996,5.02817535400391
bhs,1997,4.57705163955689
bhs,1998,4.29845714569092
bhs,1999,4.20316362380981
bhs,2000,4.13662052154541
bhs,2001,3.85345840454102
bhs,2002,3.51105952262878
bhs,2003,2.92418718338013
bhs,2004,2.54802298545837
bhs,2005,2.32004737854004
bhs,2006,1.84858644008636
bhs,2007,1.64481914043427
bhs,2008,1.4668060541153
bhs,2009,1.18852710723877
bhs,2010,1.07037305831909
bhs,2011,1.03069353103638
bhs,2012,1.13600301742554
bhs,2013,1.06112372875214
bhs,2014,1.07548081874847
bhs,2015,1.11323487758636
bhs,2016,1.09966003894806
bhs,2017,1.08925485610962
bhs,2018,1.08574402332306
bhs,2019,1.11923265457153
bhs,2020,0.932374119758606
bhs,2021,0.943650901317596
bhs,2022,0.946971714496613
bhs,2023,0.959398865699768
bih,1994,1.33929967880249
bih,1995,0.95300829410553
bih,1996,0.966240465641022
bih,1997,0.993495285511017
bih,1998,0.913136720657349
bih,1999,0.861832857131958
bih,2000,0.924046158790588
bih,2001,0.884657979011536
bih,2002,0.881658375263214
bih,2003,0.956400990486145
bih,2004,1.00020444393158
bih,2005,0.921286284923554
bih,2006,0.808682084083557
bih,2007,0.869111955165863
bih,2008,0.86853039264679
bih,2009,0.687014997005463
bih,2010,0.581811726093292
bih,2011,0.548346996307373
bih,2012,0.476964741945267
bih,2013,0.476387232542038
bih,2014,0.480287969112396
bih,2015,0.419655233621597
bih,2016,0.448508858680725
bih,2017,0.432161837816238
bih,2018,0.430635154247284
bih,2019,0.418075293302536
bih,2020,0.434314578771591
bih,2021,0.483517915010452
bih,2022,0.42382687330246
bih,2023,0.420541495084763
blr,1994,0.228085309267044
blr,1995,0.209461838006973
blr,1996,0.205742359161377
blr,1997,0.208516120910645
blr,1998,0.219191938638687
blr,1999,0.19022524356842
blr,2000,0.179663181304932
blr,2001,0.21985787153244
blr,2002,0.276535838842392
blr,2003,0.368430256843567
blr,2004,0.469326019287109
blr,2005,0.547728717327118
blr,2006,0.608179807662964
blr,2007,0.717542231082916
blr,2008,0.946285903453827
blr,2009,0.673951029777527
blr,2010,0.647723317146301
blr,2011,0.824287474155426
blr,2012,0.793815851211548
blr,2013,0.546434760093689
blr,2014,0.621046841144562
blr,2015,0.431823313236237
blr,2016,0.374261856079102
blr,2017,0.423005759716034
blr,2018,0.351199120283127
blr,2019,0.310910761356354
blr,2020,0.273860305547714
blr,2021,0.261974155902863
blr,2022,0.239943191409111
blr,2023,0.216921404004097
bmu,1986,5.94647884368897
bmu,1987,6.216064453125
bmu,1988,5.91083526611328
bmu,1989,5.5642032623291
bmu,1990,5.50314855575562
bmu,1991,5.68828916549683
bmu,1992,5.71829795837402
bmu,1993,5.92857837677002
bmu,1994,5.90388965606689
bmu,1995,6.3438081741333
bmu,1996,6.59662866592407
bmu,1997,6.95333290100098
bmu,1998,6.76624727249146
bmu,1999,6.69564342498779
bmu,2000,5.75514459609985
bmu,2001,5.16367435455322
bmu,2002,4.61454153060913
bmu,2003,4.38859844207764
bmu,2004,3.83264684677124
bmu,2005,3.06457877159119
bmu,2006,2.95306849479675
bmu,2007,2.68076276779175
bmu,2008,2.45564723014832
bmu,2009,1.96052610874176
bmu,2010,1.75630533695221
bmu,2011,1.65500366687775
bmu,2012,1.80426168441772
bmu,2013,2.00873780250549
bmu,2014,2.12897324562073
bmu,2015,2.28813433647156
bmu,2016,2.59871602058411
bmu,2017,2.70401334762573
bmu,2018,2.60896325111389
bmu,2019,2.58317399024963
bmu,2020,2.47260570526123
bmu,2021,1.53049051761627
bmu,2022,2.33215880393982
bmu,2023,2.28284955024719
bol,1954,1.71651768684387
bol,1955,1.63616251945496
bol,1956,1.55752265453339
bol,1957,1.45104241371155
bol,1958,1.38689529895782
bol,1959,1.21716475486755
bol,1960,1.38518178462982
bol,1961,1.51598453521729
bol,1962,1.45449900627136
bol,1963,1.4577784538269
bol,1964,1.51848220825195
bol,1965,1.51430869102478
bol,1966,1.49510502815247
bol,1967,1.60801351070404
bol,1968,1.25108444690704
bol,1969,1.281121134758
bol,1970,1.31253099441528
bol,1971,1.12749719619751
bol,1972,1.26027071475983
bol,1973,1.16835975646973
bol,1974,1.74743521213532
bol,1975,1.62673032283783
bol,1976,1.67289626598358
bol,1977,1.45229470729828
bol,1978,1.41593587398529
bol,1979,1.34694254398346
bol,1980,1.35718727111816
bol,1981,1.35181534290314
bol,1982,1.48784792423248
bol,1983,1.27076482772827
bol,1984,0.873196840286255
bol,1985,1.27727067470551
bol,1986,1.55491232872009
bol,1987,1.45175015926361
bol,1988,1.29350006580353
bol,1989,1.2154324054718
bol,1990,1.2244234085083
bol,1991,1.23782002925873
bol,1992,1.17909634113312
bol,1993,1.07762575149536
bol,1994,1.0464141368866
bol,1995,1.15555155277252
bol,1996,1.13210642337799
bol,1997,1.10621273517609
bol,1998,1.17420220375061
bol,1999,0.999714255332947
bol,2000,0.896321415901184
bol,2001,0.843415319919586
bol,2002,0.742396414279938
bol,2003,0.661479711532593
bol,2004,0.655553042888641
bol,2005,0.631116271018982
bol,2006,0.748808205127716
bol,2007,0.793219029903412
bol,2008,0.959850251674652
bol,2009,0.844654440879822
bol,2010,0.871376395225525
bol,2011,0.935393869876862
bol,2012,0.997450053691864
bol,2013,1.02672588825226
bol,2014,0.976026773452759
bol,2015,0.821122169494629
bol,2016,0.78533273935318
bol,2017,0.783060014247894
bol,2018,0.695693969726563
bol,2019,0.643319487571716
bol,2020,0.594014406204224
bol,2021,0.561464905738831
bol,2022,0.523977637290955
bol,2023,0.488471955060959
bra,1954,2.42209887504578
bra,1955,1.97087943553925
bra,1956,2.16687202453613
bra,1957,2.29310131072998
bra,1958,2.08938336372376
bra,1959,1.56402444839478
bra,1960,1.15091931819916
bra,1961,1.07087814807892
bra,1962,1.30657362937927
bra,1963,1.40369510650635
bra,1964,1.22565221786499
bra,1965,1.11851441860199
bra,1966,1.2869416475296
bra,1967,1.4488160610199
bra,1968,1.46048843860626
bra,1969,1.41354429721832
bra,1970,1.4906553030014
bra,1971,1.40536534786224
bra,1972,1.57300734519959
bra,1973,1.88375270366669
bra,1974,2.10718941688538
bra,1975,1.9844354391098
bra,1976,1.9692291021347
bra,1977,2.02941632270813
bra,1978,2.01416921615601
bra,1979,1.93436074256897
bra,1980,1.6246485710144
bra,1981,1.70240008831024
bra,1982,1.70604038238525
bra,1983,1.02503478527069
bra,1984,0.926202595233917
bra,1985,0.894406378269196
bra,1986,0.981978595256805
bra,1987,1.00176978111267
bra,1988,1.00994908809662
bra,1989,1.18710207939148
bra,1990,1.17029416561127
bra,1991,0.999674797058106
bra,1992,0.873828887939453
bra,1993,0.911935210227966
bra,1994,1.12288320064545
bra,1995,1.21501517295837
bra,1996,1.27035570144653
bra,1997,1.31332647800446
bra,1998,1.25509893894196
bra,1999,0.854128479957581
bra,2000,0.960650563240051
bra,2001,0.806459069252014
bra,2002,0.708455324172974
bra,2003,0.727067708969116
bra,2004,0.807105541229248
bra,2005,0.930797040462494
bra,2006,1.019282579422
bra,2007,1.08899021148682
bra,2008,1.07649707794189
bra,2009,0.849784195423126
bra,2010,0.921572327613831
bra,2011,0.965923488140106
bra,2012,0.87414938211441
bra,2013,0.838284552097321
bra,2014,0.819136321544647
bra,2015,0.579797267913818
bra,2016,0.587402880191803
bra,2017,0.66414487361908
bra,2018,0.586764633655548
bra,2019,0.553534626960754
bra,2020,0.493953406810761
bra,2021,0.53143435716629
bra,2022,0.529803454875946
bra,2023,0.547403395175934
brb,1964,1.19854998588562
brb,1965,1.14966130256653
brb,1966,1.14294648170471
brb,1967,1.22978591918945
brb,1968,1.08560025691986
brb,1969,1.13050007820129
brb,1970,1.20740115642548
brb,1971,1.17630362510681
brb,1972,1.22004568576813
brb,1973,1.33317732810974
brb,1974,1.50434195995331
brb,1975,1.41246223449707
brb,1976,1.28030800819397
brb,1977,1.29058051109314
brb,1978,1.26390850543976
brb,1979,1.34494042396545
brb,1980,1.61242341995239
brb,1981,1.46119487285614
brb,1982,1.43150162696838
brb,1983,1.33088576793671
brb,1984,1.3176292181015
brb,1985,1.30526542663574
brb,1986,1.41957569122314
brb,1987,1.61931920051575
brb,1988,1.73628032207489
brb,1989,1.84405028820038
brb,1990,1.86417555809021
brb,1991,1.88877248764038
brb,1992,1.89191424846649
brb,1993,1.97744119167328
brb,1994,1.99563992023468
brb,1995,1.96153175830841
brb,1996,1.96143913269043
brb,1997,1.84673368930817
brb,1998,1.83975231647491
brb,1999,1.70115983486176
brb,2000,1.64851713180542
brb,2001,1.52820599079132
brb,2002,1.2963570356369
brb,2003,1.11559641361237
brb,2004,1.04472029209137
brb,2005,0.972034752368927
brb,2006,0.871779799461365
brb,2007,0.880356729030609
brb,2008,0.820641934871674
brb,2009,0.716139853000641
brb,2010,0.674444735050201
brb,2011,0.666642725467682
brb,2012,0.658708393573761
brb,2013,0.630108773708344
brb,2014,0.622650623321533
brb,2015,0.601081371307373
brb,2016,0.586822152137756
brb,2017,0.613839030265808
brb,2018,0.620378732681274
brb,2019,0.655740797519684
brb,2020,0.623204648494721
brb,2021,0.586623430252075
brb,2022,0.596118271350861
brb,2023,0.587452828884125
bwa,1964,1.88518309593201
bwa,1965,1.96045517921448
bwa,1966,1.96216201782227
bwa,1967,1.91008508205414
bwa,1968,1.75869452953339
bwa,1969,1.87077176570892
bwa,1970,1.87948703765869
bwa,1971,1.66527426242828
bwa,1972,1.53657031059265
bwa,1973,1.73322224617004
bwa,1974,2.0325140953064
bwa,1975,1.96938979625702
bwa,1976,1.86764323711395
bwa,1977,2.18595361709595
bwa,1978,2.34425902366638
bwa,1979,2.65175914764404
bwa,1980,3.35400485992432
bwa,1981,3.06474995613098
bwa,1982,2.408775806427
bwa,1983,2.18365931510925
bwa,1984,1.97111177444458
bwa,1985,1.48806858062744
bwa,1986,1.79205250740051
bwa,1987,2.26442837715149
bwa,1988,2.2712459564209
bwa,1989,2.8919677734375
bwa,1990,2.85742020606995
bwa,1991,2.50050139427185
bwa,1992,2.2683699131012
bwa,1993,1.83298945426941
bwa,1994,1.7980123758316
bwa,1995,1.77416062355042
bwa,1996,1.70350635051727
bwa,1997,1.68519806861877
bwa,1998,1.44931769371033
bwa,1999,1.47997653484344
bwa,2000,1.51506507396698
bwa,2001,1.32054054737091
bwa,2002,1.12663900852203
bwa,2003,1.36903023719788
bwa,2004,1.47156035900116
bwa,2005,1.44941282272339
bwa,2006,1.35476136207581
bwa,2007,1.2601033449173
bwa,2008,1.11305713653564
bwa,2009,0.922972559928894
bwa,2010,0.991300821304321
bwa,2011,1.08172726631165
bwa,2012,0.993967175483704
bwa,2013,1.0224506855011
bwa,2014,1.0771472454071
bwa,2015,0.940174877643585
bwa,2016,1.0383403301239
bwa,2017,1.08767914772034
bwa,2018,1.0765597820282
bwa,2019,1.00579392910004
bwa,2020,0.966087341308594
bwa,2021,0.977461695671082
bwa,2022,0.891274631023407
bwa,2023,0.76780503988266
caf,1980,3.55273866653442
caf,1981,2.77946829795837
caf,1982,2.6022219657898
caf,1983,2.0376923084259
caf,1984,1.81090879440308
caf,1985,1.85323357582092
caf,1986,2.34159350395203
caf,1987,2.48435282707214
caf,1988,2.53184151649475
caf,1989,2.27439117431641
caf,1990,2.5290379524231
caf,1991,2.34265732765198
caf,1992,2.29818606376648
caf,1993,1.9725855588913
caf,1994,1.23556971549988
caf,1995,1.53762137889862
caf,1996,1.39283621311188
caf,1997,1.28872513771057
caf,1998,1.36982989311218
caf,1999,1.36495423316956
caf,2000,1.27742409706116
caf,2001,1.32040774822235
caf,2002,1.34310257434845
caf,2003,1.496906042099
caf,2004,1.59807598590851
caf,2005,1.55486822128296
caf,2006,1.71945524215698
caf,2007,1.71189844608307
caf,2008,1.69618487358093
caf,2009,1.41983449459076
caf,2010,1.13298428058624
caf,2011,1.09933125972748
caf,2012,1.08113348484039
caf,2013,0.688149213790894
caf,2014,0.692917227745056
caf,2015,0.582115709781647
caf,2016,0.591520071029663
caf,2017,0.568851113319397
caf,2018,0.562148928642273
caf,2019,0.527474820613861
caf,2020,0.556824684143066
caf,2021,0.50322961807251
caf,2022,0.410579383373261
caf,2023,0.40775802731514
can,1954,0.853489518165588
can,1955,0.831227779388428
can,1956,0.890906691551209
can,1957,0.880624949932098
can,1958,0.880216598510742
can,1959,0.854184746742249
can,1960,0.861132681369782
can,1961,0.822140336036682
can,1962,0.785947740077972
can,1963,0.801844000816345
can,1964,0.829427480697632
can,1965,0.788496315479279
can,1966,0.782576858997345
can,1967,0.755835711956024
can,1968,0.779059052467346
can,1969,0.778380155563355
can,1970,0.818525791168213
can,1971,0.787641823291779
can,1972,0.779129683971405
can,1973,0.850010275840759
can,1974,0.992863595485687
can,1975,0.96766197681427
can,1976,0.980565011501312
can,1977,0.917565107345581
can,1978,0.912518560886383
can,1979,0.989093005657196
can,1980,1.08063542842865
can,1981,0.915196895599365
can,1982,0.821470081806183
can,1983,0.878346741199493
can,1984,0.870183229446411
can,1985,0.827830910682678
can,1986,0.756156444549561
can,1987,0.854643046855927
can,1988,0.900824785232544
can,1989,0.851137280464172
can,1990,0.780778825283051
can,1991,0.693319618701935
can,1992,0.619308590888977
can,1993,0.603440165519714
can,1994,0.61762809753418
can,1995,0.640850782394409
can,1996,0.647233605384827
can,1997,0.657900989055634
can,1998,0.602708578109741
can,1999,0.665130615234375
can,2000,0.805208265781403
can,2001,0.808993279933929
can,2002,0.809067368507385
can,2003,0.914225220680237
can,2004,0.98342365026474
can,2005,1.03546166419983
can,2006,1.04733896255493
can,2007,1.05902683734894
can,2008,1.1014267206192
can,2009,0.793816924095154
can,2010,0.914914190769196
can,2011,0.997016072273254
can,2012,0.93101578950882
can,2013,0.816323101520538
can,2014,0.808810889720917
can,2015,0.635537445545197
can,2016,0.629884421825409
can,2017,0.686335265636444
can,2018,0.674943089485169
can,2019,0.638360500335693
can,2020,0.670853435993195
can,2021,0.730919361114502
can,2022,0.690225064754486
can,2023,0.569513857364655
che,1954,0.525072515010834
che,1955,0.512926518917084
che,1956,0.534079492092133
che,1957,0.517879605293274
che,1958,0.509939134120941
che,1959,0.501798808574677
che,1960,0.52922785282135
che,1961,0.537962555885315
che,1962,0.512533962726593
che,1963,0.524522721767426
che,1964,0.530620098114014
che,1965,0.528843641281128
che,1966,0.539275467395783
che,1967,0.573731005191803
che,1968,0.567517697811127
che,1969,0.586357831954956
che,1970,0.624217689037323
che,1971,0.638176202774048
che,1972,0.693976819515228
che,1973,0.85486114025116
che,1974,0.956953287124634
che,1975,0.988617777824402
che,1976,0.960231125354767
che,1977,0.957280814647675
che,1978,1.20229721069336
che,1979,1.35039734840393
che,1980,1.3895947933197
che,1981,1.05898451805115
che,1982,1.03074586391449
che,1983,0.94123113155365
che,1984,0.763861775398254
che,1985,0.633009910583496
che,1986,0.848898530006409
che,1987,1.02416443824768
che,1988,1.0228533744812
che,1989,0.860929250717163
che,1990,1.0521457195282
che,1991,0.990101933479309
che,1992,0.996271669864655
che,1993,0.927713811397553
che,1994,1.00266551971436
che,1995,1.10855495929718
che,1996,1.02455818653107
che,1997,0.842188477516174
che,1998,0.893274962902069
che,1999,0.841223180294037
che,2000,0.873931705951691
che,2001,0.877577185630798
che,2002,0.882985532283783
che,2003,0.984330654144287
che,2004,1.11017286777496
che,2005,0.941408038139343
che,2006,0.880893349647522
che,2007,0.892621159553528
che,2008,0.910212218761444
che,2009,0.688255250453949
che,2010,0.806897044181824
che,2011,0.807807147502899
che,2012,0.785978376865387
che,2013,0.841296136379242
che,2014,0.79861319065094
che,2015,0.679175555706024
che,2016,0.653429746627808
che,2017,0.598295152187347
che,2018,0.65416294336319
che,2019,0.588932752609253
che,2020,0.544396340847015
che,2021,0.624807000160217
che,2022,0.565668106079102
che,2023,0.538291692733765
chl,1955,3.35973477363586
chl,1956,2.62435030937195
chl,1957,2.25025296211243
chl,1958,2.18862366676331
chl,1959,2.04376411437988
chl,1960,2.2723982334137
chl,1961,2.76903128623962
chl,1962,3.08839440345764
chl,1963,2.88673949241638
chl,1964,2.76268076896668
chl,1965,2.55934500694275
chl,1966,2.70673179626465
chl,1967,2.57685804367065
chl,1968,2.39399671554565
chl,1969,2.60007929801941
chl,1970,2.64460372924805
chl,1971,2.81448245048523
chl,1972,2.83874821662903
chl,1973,3.56761860847473
chl,1974,3.06461405754089
chl,1975,1.1998245716095
chl,1976,1.48529279232025
chl,1977,1.74813985824585
chl,1978,1.83783411979675
chl,1979,2.36314988136292
chl,1980,2.79677581787109
chl,1981,2.63601613044739
chl,1982,1.74827086925507
chl,1983,1.33677995204926
chl,1984,1.18706691265106
chl,1985,1.06016278266907
chl,1986,1.12217605113983
chl,1987,1.3180056810379
chl,1988,1.40035259723663
chl,1989,1.34806036949158
chl,1990,1.28871333599091
chl,1991,1.30819261074066
chl,1992,1.35569751262665
chl,1993,1.23090636730194
chl,1994,1.24489212036133
chl,1995,1.45439529418945
chl,1996,1.32093691825867
chl,1997,1.34892857074738
chl,1998,1.23992896080017
chl,1999,1.12148475646973
chl,2000,1.2444179058075
chl,2001,1.19455778598785
chl,2002,1.14332294464111
chl,2003,1.12762808799744
chl,2004,1.44334876537323
chl,2005,1.62363409996033
chl,2006,2.01672983169556
chl,2007,1.99668323993683
chl,2008,1.68678724765778
chl,2009,1.47838532924652
chl,2010,1.60284888744354
chl,2011,1.69010066986084
chl,2012,1.67830562591553
chl,2013,1.5984582901001
chl,2014,1.47250044345856
chl,2015,1.30434858798981
chl,2016,1.31766068935394
chl,2017,1.34299552440643
chl,2018,1.43219923973084
chl,2019,1.37890446186066
chl,2020,1.48420310020447
chl,2021,1.60650038719177
chl,2022,1.28300523757935
chl,2023,1.31621181964874
chn,1956,3.12547707557678
chn,1957,2.96625733375549
chn,1958,3.26248860359192
chn,1959,2.87198543548584
chn,1960,2.62995147705078
chn,1961,2.24723529815674
chn,1962,2.12289047241211
chn,1963,2.18991017341614
chn,1964,2.49922251701355
chn,1965,2.63121247291565
chn,1966,2.56499004364014
chn,1967,2.42794322967529
chn,1968,2.20706248283386
chn,1969,2.33392548561096
chn,1970,2.46285557746887
chn,1971,2.1953661441803
chn,1972,2.13767433166504
chn,1973,2.18737530708313
chn,1974,1.97831833362579
chn,1975,1.76195228099823
chn,1976,1.3576238155365
chn,1977,1.29168426990509
chn,1978,1.33054113388062
chn,1979,1.3373464345932
chn,1980,1.36667335033417
chn,1981,1.05632174015045
chn,1982,0.938194632530212
chn,1983,0.843607783317566
chn,1984,0.753065586090088
chn,1985,0.662185847759247
chn,1986,0.596792578697205
chn,1987,0.611176609992981
chn,1988,0.68839567899704
chn,1989,0.690467357635498
chn,1990,0.565815806388855
chn,1991,0.557123839855194
chn,1992,0.601894617080689
chn,1993,0.689141035079956
chn,1994,0.548416793346405
chn,1995,0.628108441829681
chn,1996,0.623228371143341
chn,1997,0.623737871646881
chn,1998,0.606151521205902
chn,1999,0.554376482963562
chn,2000,0.59421181678772
chn,2001,0.607021868228912
chn,2002,0.542241632938385
chn,2003,0.517111241817474
chn,2004,0.534438908100128
chn,2005,0.512897789478302
chn,2006,0.529623150825501
chn,2007,0.571911215782166
chn,2008,0.620396673679352
chn,2009,0.567098259925842
chn,2010,0.550218641757965
chn,2011,0.592894554138184
chn,2012,0.597395598888397
chn,2013,0.595562279224396
chn,2014,0.606584250926971
chn,2015,0.606788992881775
chn,2016,0.577434360980988
chn,2017,0.592775106430054
chn,2018,0.591237306594849
chn,2019,0.550577402114868
chn,2020,0.588659584522247
chn,2021,0.591389298439026
chn,2022,0.483210891485214
chn,2023,0.421531111001968
civ,1964,3.81762790679932
civ,1965,3.05604982376099
civ,1966,2.86991262435913
civ,1967,2.76967549324036
civ,1968,2.93159317970276
civ,1969,2.76808190345764
civ,1970,2.5752592086792
civ,1971,2.25644516944885
civ,1972,2.31092977523804
civ,1973,2.64559268951416
civ,1974,2.88006210327148
civ,1975,2.99975085258484
civ,1976,3.00646686553955
civ,1977,3.29201889038086
civ,1978,3.31077885627747
civ,1979,3.20848321914673
civ,1980,3.27928495407105
civ,1981,2.30057239532471
civ,1982,1.91923069953918
civ,1983,1.44520282745361
civ,1984,1.23507392406464
civ,1985,1.12079644203186
civ,1986,1.38475632667542
civ,1987,1.45712888240814
civ,1988,1.36207365989685
civ,1989,1.23329210281372
civ,1990,1.3167359828949
civ,1991,1.4029324054718
civ,1992,1.29938447475433
civ,1993,1.1154682636261
civ,1994,1.01363348960876
civ,1995,1.25734877586365
civ,1996,1.24153196811676
civ,1997,1.29469811916351
civ,1998,1.56237053871155
civ,1999,1.70162737369537
civ,2000,1.63124489784241
civ,2001,2.02018761634827
civ,2002,2.37596726417542
civ,2003,3.07600235939026
civ,2004,3.35323882102966
civ,2005,3.28683257102966
civ,2006,3.14744806289673
civ,2007,3.00353264808655
civ,2008,3.06725263595581
civ,2009,2.31855416297913
civ,2010,1.64170682430267
civ,2011,1.5067492723465
civ,2012,1.51802670955658
civ,2013,1.83404135704041
civ,2014,1.89199495315552
civ,2015,1.65081560611725
civ,2016,1.64497709274292
civ,2017,1.59842753410339
civ,2018,1.54767644405365
civ,2019,1.39915609359741
civ,2020,1.63256323337555
civ,2021,1.55249655246735
civ,2022,1.18531560897827
civ,2023,1.14037108421326
cmr,1964,2.25920057296753
cmr,1965,2.04263687133789
cmr,1966,1.87674713134766
cmr,1967,1.90651500225067
cmr,1968,1.91137981414795
cmr,1969,1.90992200374603
cmr,1970,1.78521192073822
cmr,1971,1.68483769893646
cmr,1972,1.97451663017273
cmr,1973,2.40513634681702
cmr,1974,2.34221577644348
cmr,1975,2.55037474632263
cmr,1976,2.36045622825623
cmr,1977,2.36653161048889
cmr,1978,2.56443166732788
cmr,1979,2.84144759178162
cmr,1980,3.15090298652649
cmr,1981,2.56672167778015
cmr,1982,2.59320330619812
cmr,1983,2.46149349212647
cmr,1984,2.16788721084595
cmr,1985,1.91743111610413
cmr,1986,2.16158246994019
cmr,1987,2.21049165725708
cmr,1988,1.94768571853638
cmr,1989,1.64530098438263
cmr,1990,1.7426929473877
cmr,1991,1.58557724952698
cmr,1992,1.57477593421936
cmr,1993,1.53683495521545
cmr,1994,0.663264155387878
cmr,1995,0.749793648719788
cmr,1996,0.681318938732147
cmr,1997,0.620673716068268
cmr,1998,0.643220365047455
cmr,1999,0.643697261810303
cmr,2000,0.594596147537231
cmr,2001,0.606741309165955
cmr,2002,0.633960783481598
cmr,2003,0.758285224437714
cmr,2004,0.81922322511673
cmr,2005,0.750763118267059
cmr,2006,0.741166651248932
cmr,2007,0.76485401391983
cmr,2008,0.8008833527565
cmr,2009,0.738738834857941
cmr,2010,0.646615326404572
cmr,2011,0.664442241191864
cmr,2012,0.656103551387787
cmr,2013,0.723073303699493
cmr,2014,0.751944184303284
cmr,2015,0.647546052932739
cmr,2016,0.636993408203125
cmr,2017,0.621416211128235
cmr,2018,0.63876610994339
cmr,2019,0.612337291240692
cmr,2020,0.665224671363831
cmr,2021,0.618347585201263
cmr,2022,0.507733523845673
cmr,2023,0.506655395030975
col,1954,1.39858281612396
col,1955,1.25330674648285
col,1956,1.32748222351074
col,1957,0.982299327850342
col,1958,0.678627610206604
col,1959,0.714071750640869
col,1960,0.762261211872101
col,1961,0.833992063999176
col,1962,0.84787791967392
col,1963,0.780618190765381
col,1964,0.903482258319855
col,1965,0.797841846942902
col,1966,0.703541219234467
col,1967,0.716073036193848
col,1968,0.679391443729401
col,1969,0.691269338130951
col,1970,0.728164196014404
col,1971,0.683815062046051
col,1972,0.709243416786194
col,1973,0.782063722610474
col,1974,0.906935155391693
col,1975,0.837960660457611
col,1976,0.908722162246704
col,1977,1.09813940525055
col,1978,1.16213738918304
col,1979,1.2256418466568
col,1980,1.34120941162109
col,1981,1.17841362953186
col,1982,1.1500563621521
col,1983,0.961097419261932
col,1984,0.868934273719788
col,1985,0.770153284072876
col,1986,0.779760420322418
col,1987,0.784535765647888
col,1988,0.784674465656281
col,1989,0.706967949867249
col,1990,0.702157437801361
col,1991,0.710309505462647
col,1992,0.75845330953598
col,1993,0.789826154708862
col,1994,0.81433516740799
col,1995,0.876356184482575
col,1996,0.850539028644562
col,1997,0.886587619781494
col,1998,0.810939133167267
col,1999,0.708156287670136
col,2000,0.734415173530579
col,2001,0.716923296451569
col,2002,0.656479716300964
col,2003,0.601561427116394
col,2004,0.690713346004486
col,2005,0.759342074394226
col,2006,0.758085191249847
col,2007,0.857401847839356
col,2008,0.945929944515228
col,2009,0.825277030467987
col,2010,0.918922364711762
col,2011,1.05139100551605
col,2012,1.13670361042023
col,2013,1.1530122756958
col,2014,1.07926189899445
col,2015,0.796380341053009
col,2016,0.815510272979736
col,2017,0.830521106719971
col,2018,0.791273474693298
col,2019,0.684377908706665
col,2020,0.543493568897247
col,2021,0.614400327205658
col,2022,0.595771551132202
col,2023,0.571256935596466
cpv,1980,0.569575667381287
cpv,1981,0.482456237077713
cpv,1982,0.444764852523804
cpv,1983,0.36193311214447
cpv,1984,0.289939343929291
cpv,1985,0.286246597766876
cpv,1986,0.339473158121109
cpv,1987,0.395521014928818
cpv,1988,0.400678128004074
cpv,1989,0.353243470191956
cpv,1990,0.395305544137955
cpv,1991,0.383208304643631
cpv,1992,0.39313468337059
cpv,1993,0.3484026491642
cpv,1994,0.331446796655655
cpv,1995,0.386901348829269
cpv,1996,0.312744736671448
cpv,1997,0.337900251150131
cpv,1998,0.29745888710022
cpv,1999,0.326197177171707
cpv,2000,0.307224780321121
cpv,2001,0.302338510751724
cpv,2002,0.289846628904343
cpv,2003,0.331686913967133
cpv,2004,0.317117094993591
cpv,2005,0.302474081516266
cpv,2006,0.299695700407028
cpv,2007,0.30383437871933
cpv,2008,0.328326761722565
cpv,2009,0.297904282808304
cpv,2010,0.265202403068543
cpv,2011,0.288153767585754
cpv,2012,0.277679949998856
cpv,2013,0.288180083036423
cpv,2014,0.284652948379517
cpv,2015,0.235988363623619
cpv,2016,0.265526473522186
cpv,2017,0.272175222635269
cpv,2018,0.308175593614578
cpv,2019,0.307337701320648
cpv,2020,0.288782745599747
cpv,2021,0.291409075260162
cpv,2022,0.285218119621277
cpv,2023,0.307557225227356
cri,1954,2.15854096412659
cri,1955,2.00517678260803
cri,1956,1.98210215568542
cri,1957,2.00579452514648
cri,1958,2.07557320594788
cri,1959,1.94105517864227
cri,1960,2.02906799316406
cri,1961,1.83787906169891
cri,1962,1.62723875045776
cri,1963,1.62896156311035
cri,1964,1.67513036727905
cri,1965,1.63171970844269
cri,1966,1.60726499557495
cri,1967,1.65367650985718
cri,1968,1.69236052036285
cri,1969,1.722989320755
cri,1970,1.84867072105408
cri,1971,1.65716016292572
cri,1972,1.68550503253937
cri,1973,1.90908122062683
cri,1974,1.90032458305359
cri,1975,1.86696565151215
cri,1976,1.90165293216705
cri,1977,2.18330454826355
cri,1978,1.99091768264771
cri,1979,1.82030284404755
cri,1980,2.06375908851624
cri,1981,1.12156510353088
cri,1982,1.20395147800446
cri,1983,1.19240868091583
cri,1984,1.21816062927246
cri,1985,1.16679525375366
cri,1986,1.29578292369843
cri,1987,1.23455107212067
cri,1988,1.16206037998199
cri,1989,1.12226605415344
cri,1990,1.09209501743317
cri,1991,1.12608349323273
cri,1992,1.21244072914124
cri,1993,1.17470026016235
cri,1994,1.11758232116699
cri,1995,1.17426884174347
cri,1996,1.12088286876678
cri,1997,1.15292310714722
cri,1998,1.15968549251556
cri,1999,1.09379494190216
cri,2000,1.13247454166412
cri,2001,1.13415360450745
cri,2002,1.06492388248444
cri,2003,1.02517008781433
cri,2004,1.02973389625549
cri,2005,0.973137378692627
cri,2006,0.998662114143372
cri,2007,1.06221485137939
cri,2008,1.10217189788818
cri,2009,1.00147020816803
cri,2010,1.07953703403473
cri,2011,1.13044130802155
cri,2012,1.17976713180542
cri,2013,1.17125189304352
cri,2014,1.15159177780151
cri,2015,1.20287716388702
cri,2016,1.33438372612
cri,2017,1.34218275547028
cri,2018,1.10543572902679
cri,2019,0.945060908794403
cri,2020,0.869472682476044
cri,2021,0.843017041683197
cri,2022,0.80531919002533
cri,2023,0.888286173343658
cym,1991,4.43642139434814
cym,1992,4.22912406921387
cym,1993,4.0169792175293
cym,1994,3.95278930664063
cym,1995,3.86339831352234
cym,1996,3.81941390037537
cym,1997,3.81497263908386
cym,1998,4.45063352584839
cym,1999,4.31911134719849
cym,2000,4.29521083831787
cym,2001,4.14764881134033
cym,2002,3.8498272895813
cym,2003,3.5271430015564
cym,2004,3.29496383666992
cym,2005,3.25862216949463
cym,2006,3.11404895782471
cym,2007,2.99650049209595
cym,2008,2.76119327545166
cym,2009,2.42463874816895
cym,2010,2.14936661720276
cym,2011,2.04193162918091
cym,2012,2.01985549926758
cym,2013,2.00227427482605
cym,2014,2.05393362045288
cym,2015,2.06532669067383
cym,2016,2.15743565559387
cym,2017,2.23943638801575
cym,2018,2.20889353752136
cym,2019,2.25697636604309
cym,2020,2.0477180480957
cym,2021,1.79861485958099
cym,2022,1.61362683773041
cym,2023,1.55895209312439
cyp,1954,0.525636613368988
cyp,1955,0.462888687849045
cyp,1956,0.5181725025177
cyp,1957,0.491354376077652
cyp,1958,0.471295058727264
cyp,1959,0.469092339277267
cyp,1960,0.472982376813889
cyp,1961,0.511087775230408
cyp,1962,0.52083683013916
cyp,1963,0.517831683158875
cyp,1964,0.467492163181305
cyp,1965,0.539047300815582
cyp,1966,0.55357700586319
cyp,1967,0.603920042514801
cyp,1968,0.525842010974884
cyp,1969,0.567947268486023
cyp,1970,0.578255891799927
cyp,1971,0.597869217395783
cyp,1972,0.660064160823822
cyp,1973,0.733527302742004
cyp,1974,0.650849103927612
cyp,1975,0.509886503219605
cyp,1976,0.546542167663574
cyp,1977,0.616051435470581
cyp,1978,0.716937303543091
cyp,1979,0.821800231933594
cyp,1980,0.914531171321869
cyp,1981,0.736868977546692
cyp,1982,0.69731479883194
cyp,1983,0.595231592655182
cyp,1984,0.534903526306152
cyp,1985,0.522897064685822
cyp,1986,0.65225213766098
cyp,1987,0.761727154254913
cyp,1988,0.814728319644928
cyp,1989,0.753292798995972
cyp,1990,0.851847112178803
cyp,1991,0.838687896728516
cyp,1992,0.927564203739166
cyp,1993,0.826470494270325
cyp,1994,0.875526547431946
cyp,1995,1.00186240673065
cyp,1996,0.962826907634735
cyp,1997,0.891596555709839
cyp,1998,1.01856517791748
cyp,1999,1.01821506023407
cyp,2000,0.997946560382843
cyp,2001,1.05788993835449
cyp,2002,1.08383750915527
cyp,2003,1.33943843841553
cyp,2004,1.38659632205963
cyp,2005,1.22296214103699
cyp,2006,1.14281058311462
cyp,2007,1.15832674503326
cyp,2008,1.18687069416046
cyp,2009,0.923623621463776
cyp,2010,0.768342554569244
cyp,2011,0.815742552280426
cyp,2012,0.667288064956665
cyp,2013,0.661369979381561
cyp,2014,0.711892247200012
cyp,2015,0.593632519245148
cyp,2016,0.633573591709137
cyp,2017,0.632905244827271
cyp,2018,0.646369457244873
cyp,2019,0.606046617031097
cyp,2020,0.654117465019226
cyp,2021,0.738377928733826
cyp,2022,0.635870158672333
cyp,2023,0.626028537750244
cze,1994,0.507921040058136
cze,1995,0.577344954013825
cze,1996,0.481775313615799
cze,1997,0.385806977748871
cze,1998,0.413927346467972
cze,1999,0.399331539869308
cze,2000,0.395766913890839
cze,2001,0.457646578550339
cze,2002,0.519836127758026
cze,2003,0.555648148059845
cze,2004,0.614779114723206
cze,2005,0.63709157705307
cze,2006,0.654676914215088
cze,2007,0.725985169410706
cze,2008,0.824151515960693
cze,2009,0.675215065479279
cze,2010,0.658794045448303
cze,2011,0.649368226528168
cze,2012,0.568375587463379
cze,2013,0.549583911895752
cze,2014,0.550035953521729
cze,2015,0.47730416059494
cze,2016,0.463779509067535
cze,2017,0.469603270292282
cze,2018,0.469518214464188
cze,2019,0.449718445539475
cze,2020,0.455731242895126
cze,2021,0.488419771194458
cze,2022,0.442653268575668
cze,2023,0.471093714237213
deu,1954,0.606876730918884
deu,1955,0.578839719295502
deu,1956,0.597433924674988
deu,1957,0.588618397712708
deu,1958,0.598330199718475
deu,1959,0.574054300785065
deu,1960,0.600164532661438
deu,1961,0.627953827381134
deu,1962,0.610893845558167
deu,1963,0.596077680587769
deu,1964,0.601993501186371
deu,1965,0.583747327327728
deu,1966,0.567781567573547
deu,1967,0.562107443809509
deu,1968,0.561284065246582
deu,1969,0.594288110733032
deu,1970,0.673449516296387
deu,1971,0.687105417251587
deu,1972,0.774871706962585
deu,1973,0.962668538093567
deu,1974,1.05146777629852
deu,1975,1.02519142627716
deu,1976,0.963129818439484
deu,1977,0.993305742740631
deu,1978,1.08029103279114
deu,1979,1.13444268703461
deu,1980,1.14181923866272
deu,1981,0.827031433582306
deu,1982,0.804599463939667
deu,1983,0.757982909679413
deu,1984,0.681483566761017
deu,1985,0.65725302696228
deu,1986,0.909909784793854
deu,1987,1.05994272232056
deu,1988,1.08161699771881
deu,1989,0.968524038791657
deu,1990,1.13483679294586
deu,1991,1.0175096988678
deu,1992,1.04551839828491
deu,1993,0.928764581680298
deu,1994,0.955353677272797
deu,1995,1.09971714019775
deu,1996,1.03813362121582
deu,1997,0.949468016624451
deu,1998,1.01585626602173
deu,1999,0.985441625118256
deu,2000,0.876855731010437
deu,2001,0.952668249607086
deu,2002,1.01418972015381
deu,2003,1.13190150260925
deu,2004,1.22981250286102
deu,2005,1.1501806974411
deu,2006,1.13231086730957
deu,2007,1.20537424087524
deu,2008,1.17716193199158
deu,2009,0.951440989971161
deu,2010,0.893232464790344
deu,2011,0.939492762088776
deu,2012,0.839453160762787
deu,2013,0.862245917320252
deu,2014,0.878565788269043
deu,2015,0.737550973892212
deu,2016,0.738575398921967
deu,2017,0.745531857013702
deu,2018,0.736071586608887
deu,2019,0.671076118946075
deu,2020,0.714660346508026
deu,2021,0.752995550632477
deu,2022,0.62652713060379
deu,2023,0.635641098022461
dji,1980,6.28441715240479
dji,1981,5.64973068237305
dji,1982,5.02397441864014
dji,1983,4.023108959198
dji,1984,3.3849561214447
dji,1985,3.17836332321167
dji,1986,3.34395694732666
dji,1987,3.36315536499023
dji,1988,3.34173679351807
dji,1989,3.11543917655945
dji,1990,3.04216194152832
dji,1991,2.81469321250916
dji,1992,2.40909099578857
dji,1993,2.09005117416382
dji,1994,1.80912435054779
dji,1995,1.81725549697876
dji,1996,1.61570930480957
dji,1997,1.56032037734985
dji,1998,1.54136490821838
dji,1999,1.64523732662201
dji,2000,1.74027228355408
dji,2001,1.78356981277466
dji,2002,1.6493775844574
dji,2003,1.4366706609726
dji,2004,1.32027649879456
dji,2005,1.12088787555695
dji,2006,0.885399043560028
dji,2007,0.715606570243835
dji,2008,0.682570219039917
dji,2009,0.639954328536987
dji,2010,0.600102484226227
dji,2011,0.598150610923767
dji,2012,0.608823299407959
dji,2013,0.989937663078308
dji,2014,0.981928408145905
dji,2015,0.960738837718964
dji,2016,1.00124204158783
dji,2017,0.982258439064026
dji,2018,0.861337244510651
dji,2019,0.77529513835907
dji,2020,0.773127019405365
dji,2021,0.643833696842194
dji,2022,0.572181403636932
dji,2023,0.550213396549225
dnk,1954,0.730531871318817
dnk,1955,0.692939817905426
dnk,1956,0.74262809753418
dnk,1957,0.751831471920013
dnk,1958,0.780722439289093
dnk,1959,0.7931307554245
dnk,1960,0.824300706386566
dnk,1961,0.861793458461762
dnk,1962,0.874377012252808
dnk,1963,0.882105588912964
dnk,1964,0.93454909324646
dnk,1965,0.935322880744934
dnk,1966,0.946325302124023
dnk,1967,0.997843503952026
dnk,1968,0.946880757808685
dnk,1969,1.00506234169006
dnk,1970,1.04932284355164
dnk,1971,0.994384050369263
dnk,1972,1.16688871383667
dnk,1973,1.39936518669128
dnk,1974,1.37733662128448
dnk,1975,1.39321577548981
dnk,1976,1.37675082683563
dnk,1977,1.38154304027557
dnk,1978,1.51669001579285
dnk,1979,1.58419966697693
dnk,1980,1.48081922531128
dnk,1981,1.1628829240799
dnk,1982,1.14709842205048
dnk,1983,1.0416305065155
dnk,1984,0.971948742866516
dnk,1985,0.958609640598297
dnk,1986,1.2291933298111
dnk,1987,1.38332140445709
dnk,1988,1.32068955898285
dnk,1989,1.1768137216568
dnk,1990,1.35122954845428
dnk,1991,1.30752754211426
dnk,1992,1.37966096401215
dnk,1993,1.19886422157288
dnk,1994,1.26839435100555
dnk,1995,1.41021335124969
dnk,1996,1.34442520141602
dnk,1997,1.2235609292984
dnk,1998,1.19410669803619
dnk,1999,1.22322332859039
dnk,2000,1.26385998725891
dnk,2001,1.19082605838776
dnk,2002,1.22793686389923
dnk,2003,1.35211884975433
dnk,2004,1.4330906867981
dnk,2005,1.35447084903717
dnk,2006,1.2972252368927
dnk,2007,1.28849351406097
dnk,2008,1.28006076812744
dnk,2009,0.984803915023804
dnk,2010,0.932337641716003
dnk,2011,0.964756011962891
dnk,2012,0.909172654151917
dnk,2013,0.930192053318024
dnk,2014,0.976644814014435
dnk,2015,0.80718982219696
dnk,2016,0.778316199779511
dnk,2017,0.77799129486084
dnk,2018,0.751828074455261
dnk,2019,0.688079059123993
dnk,2020,0.755021214485169
dnk,2021,0.833554744720459
dnk,2022,0.745638489723206
dnk,2023,0.627273201942444
dom,1955,1.47897326946259
dom,1956,1.47963619232178
dom,1957,1.60678517818451
dom,1958,1.6110805273056
dom,1959,1.43021011352539
dom,1960,1.49123823642731
dom,1961,1.61310982704163
dom,1962,1.89525294303894
dom,1963,1.74998474121094
dom,1964,1.85794591903687
dom,1965,1.72130227088928
dom,1966,1.67495107650757
dom,1967,1.68103539943695
dom,1968,1.65361368656158
dom,1969,1.89024889469147
dom,1970,1.95663475990295
dom,1971,1.91821444034576
dom,1972,2.01488637924194
dom,1973,1.98034524917603
dom,1974,2.19864153862
dom,1975,2.19003105163574
dom,1976,1.98576712608337
dom,1977,2.0154185295105
dom,1978,1.86640620231628
dom,1979,1.86993062496185
dom,1980,1.99117863178253
dom,1981,1.78928768634796
dom,1982,1.86761808395386
dom,1983,2.39713644981384
dom,1984,1.95385348796844
dom,1985,0.90363073348999
dom,1986,0.936779379844666
dom,1987,0.770767092704773
dom,1988,0.719969093799591
dom,1989,0.839919865131378
dom,1990,0.869038283824921
dom,1991,0.872860193252564
dom,1992,2.00831031799316
dom,1993,1.99044001102448
dom,1994,1.5587500333786
dom,1995,1.05145013332367
dom,1996,1.03221952915192
dom,1997,0.993741095066071
dom,1998,0.956852614879608
dom,1999,0.941690504550934
dom,2000,0.947586059570313
dom,2001,0.965490281581879
dom,2002,0.937522649765015
dom,2003,0.682583689689636
dom,2004,0.665992796421051
dom,2005,0.941298246383667
dom,2006,0.903235673904419
dom,2007,0.977418005466461
dom,2008,0.933861494064331
dom,2009,0.833520412445068
dom,2010,0.870939671993256
dom,2011,0.891880512237549
dom,2012,0.887823104858398
dom,2013,0.890391409397125
dom,2014,0.900608956813812
dom,2015,0.850478231906891
dom,2016,0.817415416240692
dom,2017,0.778261005878449
dom,2018,0.737371802330017
dom,2019,0.676949262619019
dom,2020,0.606229424476624
dom,2021,0.58846527338028
dom,2022,0.583441317081451
dom,2023,0.554279685020447
ecu,1954,1.09146249294281
ecu,1955,0.986399650573731
ecu,1956,0.956766486167908
ecu,1957,0.947332501411438
ecu,1958,0.954079926013947
ecu,1959,0.893413186073303
ecu,1960,0.935097515583038
ecu,1961,0.945542097091675
ecu,1962,0.93490207195282
ecu,1963,0.964646339416504
ecu,1964,1.00992107391357
ecu,1965,0.995733559131622
ecu,1966,1.00923025608063
ecu,1967,1.0783725976944
ecu,1968,1.0737715959549
ecu,1969,1.12555706501007
ecu,1970,1.26978278160095
ecu,1971,1.05357098579407
ecu,1972,1.08520746231079
ecu,1973,1.22554838657379
ecu,1974,1.88021719455719
ecu,1975,1.8544420003891
ecu,1976,1.85587871074677
ecu,1977,1.94783544540405
ecu,1978,1.78598368167877
ecu,1979,1.8992954492569
ecu,1980,2.26206541061401
ecu,1981,2.28458452224731
ecu,1982,1.89407050609589
ecu,1983,1.4253203868866
ecu,1984,1.27848541736603
ecu,1985,1.21967470645905
ecu,1986,1.00417184829712
ecu,1987,0.888355791568756
ecu,1988,0.785267949104309
ecu,1989,0.79005891084671
ecu,1990,0.868321120738983
ecu,1991,0.936384916305542
ecu,1992,0.947207570075989
ecu,1993,0.930587768554688
ecu,1994,1.03264701366425
ecu,1995,1.06848955154419
ecu,1996,1.05853474140167
ecu,1997,1.12101149559021
ecu,1998,1.0437126159668
ecu,1999,0.665929973125458
ecu,2000,0.575325965881348
ecu,2001,0.667486310005188
ecu,2002,0.625973761081696
ecu,2003,0.575740098953247
ecu,2004,0.531199336051941
ecu,2005,0.498203754425049
ecu,2006,0.506375014781952
ecu,2007,0.506714224815369
ecu,2008,0.595726907253265
ecu,2009,0.480097979307175
ecu,2010,0.524202525615692
ecu,2011,0.572548568248749
ecu,2012,0.579248547554016
ecu,2013,0.579601883888245
ecu,2014,0.58004641532898
ecu,2015,0.49608650803566
ecu,2016,0.478725522756577
ecu,2017,0.492310643196106
ecu,2018,0.477922320365906
ecu,2019,0.446262776851654
ecu,2020,0.392012000083923
ecu,2021,0.422584712505341
ecu,2022,0.405685991048813
ecu,2023,0.381473869085312
egy,1954,33.7316589355469
egy,1955,31.2821750640869
egy,1956,32.7690353393555
egy,1957,33.3781547546387
egy,1958,34.7313194274902
egy,1959,34.751636505127
egy,1960,36.1695365905762
egy,1961,36.0827102661133
egy,1962,30.2759952545166
egy,1963,28.6560306549072
egy,1964,30.4253883361816
egy,1965,28.7849216461182
egy,1966,27.3907489776611
egy,1967,27.2819728851318
egy,1968,27.4847068786621
egy,1969,28.4979915618897
egy,1970,30.6080513000488
egy,1971,29.0309944152832
egy,1972,29.1004600524902
egy,1973,27.3594589233398
egy,1974,29.1159648895264
egy,1975,26.3998546600342
egy,1976,24.3024082183838
egy,1977,25.8800773620605
egy,1978,26.2348670959473
egy,1979,14.2023267745972
egy,1980,15.4558992385864
egy,1981,9.56540393829346
egy,1982,9.49911212921143
egy,1983,8.26922702789307
egy,1984,7.65658521652222
egy,1985,7.10070133209229
egy,1986,6.63937187194824
egy,1987,6.10104846954346
egy,1988,5.48819351196289
egy,1989,4.73083114624023
egy,1990,4.14147186279297
egy,1991,3.5353741645813
egy,1992,3.27998208999634
egy,1993,2.71909260749817
egy,1994,2.21734571456909
egy,1995,1.93958604335785
egy,1996,1.78269135951996
egy,1997,1.79204964637756
egy,1998,1.75977993011475
egy,1999,1.65506756305695
egy,2000,1.65250968933105
egy,2001,1.51498508453369
egy,2002,1.31147003173828
egy,2003,1.02210974693298
egy,2004,1.02935361862183
egy,2005,1.0405730009079
egy,2006,1.04772233963013
egy,2007,1.18390786647797
egy,2008,1.29848897457123
egy,2009,1.27132177352905
egy,2010,1.19276714324951
egy,2011,1.12135243415833
egy,2012,1.38400828838348
egy,2013,1.25928127765656
egy,2014,1.52206993103027
egy,2015,1.34040987491608
egy,2016,1.13304233551025
egy,2017,0.811035633087158
egy,2018,0.88439404964447
egy,2019,1.01006698608398
egy,2020,1.08591401576996
egy,2021,1.07894515991211
egy,2022,0.867531478404999
egy,2023,0.651094675064087
esp,1954,0.733675062656403
esp,1955,0.717821002006531
esp,1956,0.789016127586365
esp,1957,0.787759602069855
esp,1958,0.848583042621613
esp,1959,0.663044095039368
esp,1960,0.562790334224701
esp,1961,0.598140180110931
esp,1962,0.608153164386749
esp,1963,0.650034606456757
esp,1964,0.670610010623932
esp,1965,0.677621841430664
esp,1966,0.705145597457886
esp,1967,0.738468050956726
esp,1968,0.669228792190552
esp,1969,0.696106255054474
esp,1970,0.717362761497498
esp,1971,0.717834234237671
esp,1972,0.824752390384674
esp,1973,0.958620727062225
esp,1974,1.09882354736328
esp,1975,1.10800683498383
esp,1976,0.974985182285309
esp,1977,0.921864151954651
esp,1978,0.952021062374115
esp,1979,1.06084477901459
esp,1980,1.04897284507751
esp,1981,0.823243677616119
esp,1982,0.808609962463379
esp,1983,0.663076758384705
esp,1984,0.702503502368927
esp,1985,0.738581359386444
esp,1986,0.954060554504395
esp,1987,1.12881290912628
esp,1988,1.17905473709106
esp,1989,1.09729933738709
esp,1990,1.20808029174805
esp,1991,1.13323605060577
esp,1992,1.10263669490814
esp,1993,0.816279053688049
esp,1994,0.776286005973816
esp,1995,0.868422091007233
esp,1996,0.862887144088745
esp,1997,0.748403489589691
esp,1998,0.781488597393036
esp,1999,0.77980101108551
esp,2000,0.755716025829315
esp,2001,0.856868088245392
esp,2002,0.92034250497818
esp,2003,1.06208229064941
esp,2004,1.07849025726318
esp,2005,0.994290590286255
esp,2006,0.86682939529419
esp,2007,0.856968104839325
esp,2008,0.894064486026764
esp,2009,0.779466867446899
esp,2010,0.653424143791199
esp,2011,0.661668062210083
esp,2012,0.592561066150665
esp,2013,0.59885984659195
esp,2014,0.60830545425415
esp,2015,0.52668309211731
esp,2016,0.527544796466827
esp,2017,0.539656162261963
esp,2018,0.56459367275238
esp,2019,0.51097583770752
esp,2020,0.481847763061523
esp,2021,0.47872456908226
esp,2022,0.430160403251648
esp,2023,0.447509914636612
est,1994,0.407036274671555
est,1995,0.39091095328331
est,1996,0.396982759237289
est,1997,0.450283914804459
est,1998,0.547020077705383
est,1999,0.601618945598602
est,2000,0.614206254482269
est,2001,0.694661438465118
est,2002,0.83355313539505
est,2003,0.933204054832459
est,2004,0.971407175064087
est,2005,0.926539301872253
est,2006,0.905476093292236
est,2007,0.975134074687958
est,2008,0.836655914783478
est,2009,0.562077939510346
est,2010,0.586331844329834
est,2011,0.661382138729096
est,2012,0.640782475471497
est,2013,0.664237260818481
est,2014,0.684883534908295
est,2015,0.541500806808472
est,2016,0.552705883979797
est,2017,0.564949810504913
est,2018,0.554137647151947
est,2019,0.513570904731751
est,2020,0.515089690685272
est,2021,0.555688619613648
est,2022,0.506715953350067
est,2023,0.451761722564697
fin,1954,0.895942986011505
fin,1955,0.846207678318024
fin,1956,0.889222860336304
fin,1957,0.797707319259644
fin,1958,0.659826636314392
fin,1959,0.635954201221466
fin,1960,0.665881872177124
fin,1961,0.693942844867706
fin,1962,0.667851269245148
fin,1963,0.681974112987518
fin,1964,0.722069323062897
fin,1965,0.7199547290802
fin,1966,0.708064377307892
fin,1967,0.70669025182724
fin,1968,0.623889684677124
fin,1969,0.673616528511047
fin,1970,0.698783159255981
fin,1971,0.635130286216736
fin,1972,0.662330746650696
fin,1973,0.783784866333008
fin,1974,0.880189299583435
fin,1975,0.81754595041275
fin,1976,0.802091002464294
fin,1977,0.784852206707001
fin,1978,0.868617177009583
fin,1979,1.05642294883728
fin,1980,1.15959441661835
fin,1981,0.953170418739319
fin,1982,0.95442146062851
fin,1983,0.847628057003021
fin,1984,0.823355495929718
fin,1985,0.780954778194428
fin,1986,0.975805521011353
fin,1987,1.15404725074768
fin,1988,1.25362324714661
fin,1989,1.1742537021637
fin,1990,1.20065319538116
fin,1991,0.931655764579773
fin,1992,0.858109652996063
fin,1993,0.71872216463089
fin,1994,0.830489039421082
fin,1995,1.08904564380646
fin,1996,1.05885446071625
fin,1997,1.05448913574219
fin,1998,1.160236120224
fin,1999,1.14689218997955
fin,2000,1.10982596874237
fin,2001,1.21818315982819
fin,2002,1.28173863887787
fin,2003,1.41613662242889
fin,2004,1.47851169109344
fin,2005,1.30433034896851
fin,2006,1.24575781822205
fin,2007,1.41480028629303
fin,2008,1.34935486316681
fin,2009,0.966324210166931
fin,2010,0.888818144798279
fin,2011,0.933708667755127
fin,2012,0.811516523361206
fin,2013,0.834529101848602
fin,2014,0.880537569522858
fin,2015,0.771152436733246
fin,2016,0.773766040802002
fin,2017,0.843042135238648
fin,2018,0.821764767169952
fin,2019,0.747776627540588
fin,2020,0.792494237422943
fin,2021,0.728015542030335
fin,2022,0.5976282954216
fin,2023,0.57527095079422
fji,1980,1.88196408748627
fji,1981,1.56849157810211
fji,1982,1.34568178653717
fji,1983,1.09306287765503
fji,1984,1.06639277935028
fji,1985,1.0828959941864
fji,1986,1.23853623867035
fji,1987,1.14173495769501
fji,1988,1.20849943161011
fji,1989,1.21309125423431
fji,1990,1.34169638156891
fji,1991,1.37462639808655
fji,1992,1.52820599079132
fji,1993,1.52708566188812
fji,1994,1.60453414916992
fji,1995,1.71825730800629
fji,1996,1.76115417480469
fji,1997,1.50911390781403
fji,1998,1.07145166397095
fji,1999,1.27829253673553
fji,2000,1.18575155735016
fji,2001,1.34241914749146
fji,2002,1.35082256793976
fji,2003,1.50496244430542
fji,2004,1.61095821857452
fji,2005,1.67585301399231
fji,2006,1.62490749359131
fji,2007,1.65364468097687
fji,2008,1.48133289813995
fji,2009,1.04248189926147
fji,2010,0.959913671016693
fji,2011,1.04588079452515
fji,2012,1.07460522651672
fji,2013,0.99419105052948
fji,2014,1.01794505119324
fji,2015,0.843701720237732
fji,2016,0.888819754123688
fji,2017,0.893422722816467
fji,2018,0.894620060920715
fji,2019,0.86643785238266
fji,2020,0.762531697750092
fji,2021,0.670629382133484
fji,2022,0.67611289024353
fji,2023,0.684260904788971
fra,1954,0.683835387229919
fra,1955,0.670141339302063
fra,1956,0.717306554317474
fra,1957,0.753334522247315
fra,1958,0.736207008361816
fra,1959,0.631862461566925
fra,1960,0.703552722930908
fra,1961,0.706072926521301
fra,1962,0.699820399284363
fra,1963,0.717541754245758
fra,1964,0.746737539768219
fra,1965,0.741747975349426
fra,1966,0.743779480457306
fra,1967,0.776332139968872
fra,1968,0.754619836807251
fra,1969,0.78799843788147
fra,1970,0.771546542644501
fra,1971,0.750920534133911
fra,1972,0.828378438949585
fra,1973,0.96976912021637
fra,1974,0.968148291110992
fra,1975,0.951229453086853
fra,1976,0.845783114433289
fra,1977,0.832049608230591
fra,1978,0.88477486371994
fra,1979,0.953367292881012
fra,1980,1.00832271575928
fra,1981,0.778253376483917
fra,1982,0.728727996349335
fra,1983,0.658162355422974
fra,1984,0.615719258785248
fra,1985,0.629325091838837
fra,1986,0.91700029373169
fra,1987,1.09956073760986
fra,1988,1.17449760437012
fra,1989,1.07589912414551
fra,1990,1.22597169876099
fra,1991,1.1590336561203
fra,1992,1.22254288196564
fra,1993,1.07593441009521
fra,1994,1.0704607963562
fra,1995,1.18232560157776
fra,1996,1.12834787368774
fra,1997,1.04325747489929
fra,1998,1.14204037189484
fra,1999,1.10196447372437
fra,2000,1.04539692401886
fra,2001,1.08314454555511
fra,2002,1.11835968494415
fra,2003,1.29169917106628
fra,2004,1.25254738330841
fra,2005,1.09281504154205
fra,2006,1.02566480636597
fra,2007,1.06272232532501
fra,2008,1.08885252475739
fra,2009,0.891215622425079
fra,2010,0.783640801906586
fra,2011,0.796919465065002
fra,2012,0.702794075012207
fra,2013,0.711075186729431
fra,2014,0.718196034431458
fra,2015,0.609647810459137
fra,2016,0.589654803276062
fra,2017,0.560791850090027
fra,2018,0.545119345188141
fra,2019,0.477899193763733
fra,2020,0.502033412456513
fra,2021,0.526450753211975
fra,2022,0.413913697004318
fra,2023,0.431788802146912
gab,1964,1.35012304782867
gab,1965,1.31122624874115
gab,1966,1.2753199338913
gab,1967,1.25970566272736
gab,1968,1.44444072246552
gab,1969,1.48512601852417
gab,1970,1.64616596698761
gab,1971,1.57875645160675
gab,1972,1.47186648845673
gab,1973,2.45006632804871
gab,1974,5.30419540405273
gab,1975,4.67979145050049
gab,1976,5.18902540206909
gab,1977,3.20843410491943
gab,1978,2.00891518592834
gab,1979,2.31038570404053
gab,1980,3.22305750846863
gab,1981,2.51021313667297
gab,1982,2.28472447395325
gab,1983,1.89471387863159
gab,1984,1.81439018249512
gab,1985,1.74773800373077
gab,1986,1.62513601779938
gab,1987,1.62396550178528
gab,1988,1.51717472076416
gab,1989,1.49875342845917
gab,1990,1.86197531223297
gab,1991,1.77097606658936
gab,1992,1.76484906673431
gab,1993,1.58693778514862
gab,1994,1.1552277803421
gab,1995,1.32707297801971
gab,1996,1.4550359249115
gab,1997,1.23841631412506
gab,1998,0.927624881267548
gab,1999,0.825220048427582
gab,2000,0.790657937526703
gab,2001,0.590041518211365
gab,2002,0.43950679898262
gab,2003,0.371258437633514
gab,2004,0.360997051000595
gab,2005,0.409267872571945
gab,2006,0.416237533092499
gab,2007,0.483421057462692
gab,2008,0.600209891796112
gab,2009,0.464318305253983
gab,2010,0.523953974246979
gab,2011,0.677264392375946
gab,2012,0.709561288356781
gab,2013,0.653417944908142
gab,2014,0.6206995844841
gab,2015,0.505071640014648
gab,2016,0.542970180511475
gab,2017,0.718599021434784
gab,2018,1.24555730819702
gab,2019,1.17640352249146
gab,2020,1.1278589963913
gab,2021,1.22714781761169
gab,2022,1.06086719036102
gab,2023,0.914001405239105
gbr,1954,1.03508031368256
gbr,1955,0.970292866230011
gbr,1956,1.01134955883026
gbr,1957,0.984599769115448
gbr,1958,0.996576547622681
gbr,1959,0.944465041160584
gbr,1960,0.962583363056183
gbr,1961,0.957588136196137
gbr,1962,0.930211901664734
gbr,1963,0.931692361831665
gbr,1964,0.950931549072266
gbr,1965,0.924033939838409
gbr,1966,0.911295115947723
gbr,1967,0.913299083709717
gbr,1968,0.792433857917786
gbr,1969,0.806566953659058
gbr,1970,0.848094761371613
gbr,1971,0.904857695102692
gbr,1972,1.02066838741303
gbr,1973,1.12210726737976
gbr,1974,1.07945644855499
gbr,1975,1.03998672962189
gbr,1976,0.964428424835205
gbr,1977,1.07519149780273
gbr,1978,1.21660804748535
gbr,1979,1.3894282579422
gbr,1980,1.6514710187912
gbr,1981,1.44321441650391
gbr,1982,1.42751288414001
gbr,1983,1.26144349575043
gbr,1984,1.08177125453949
gbr,1985,1.09484648704529
gbr,1986,1.2679740190506
gbr,1987,1.54066836833954
gbr,1988,1.72923195362091
gbr,1989,1.46504712104797
gbr,1990,1.55792343616486
gbr,1991,1.54959607124329
gbr,1992,1.55420196056366
gbr,1993,1.40931868553162
gbr,1994,1.47206246852875
gbr,1995,1.58020508289337
gbr,1996,1.44896972179413
gbr,1997,1.42491400241852
gbr,1998,1.54017353057861
gbr,1999,1.485271692276
gbr,2000,1.48848581314087
gbr,2001,1.53525984287262
gbr,2002,1.64267063140869
gbr,2003,1.77319478988647
gbr,2004,1.85909616947174
gbr,2005,1.69493103027344
gbr,2006,1.61464393138886
gbr,2007,1.7172554731369
gbr,2008,1.50629556179047
gbr,2009,1.1043803691864
gbr,2010,0.966358661651611
gbr,2011,1.06420087814331
gbr,2012,1.00371527671814
gbr,2013,0.888225555419922
gbr,2014,1.00099670886993
gbr,2015,0.885264456272125
gbr,2016,0.832137405872345
gbr,2017,0.767976582050324
gbr,2018,0.773932695388794
gbr,2019,0.722215354442596
gbr,2020,0.755857110023499
gbr,2021,0.780769050121307
gbr,2022,0.6790811419487
gbr,2023,0.690812468528748
geo,1994,0.32533597946167
geo,1995,0.350814402103424
geo,1996,0.395980924367905
geo,1997,0.452118784189224
geo,1998,0.468228816986084
geo,1999,0.40152695775032
geo,2000,0.421975493431091
geo,2001,0.469249963760376
geo,2002,0.514816641807556
geo,2003,0.621441304683685
geo,2004,0.736388206481934
geo,2005,0.803949236869812
geo,2006,0.93239039182663
geo,2007,1.13447058200836
geo,2008,1.34112071990967
geo,2009,1.04068720340729
geo,2010,1.17021405696869
geo,2011,1.38025319576263
geo,2012,1.1339019536972
geo,2013,0.989294946193695
geo,2014,0.901995897293091
geo,2015,0.626665711402893
geo,2016,0.487907499074936
geo,2017,0.435452520847321
geo,2018,0.421178549528122
geo,2019,0.334074914455414
geo,2020,0.32212632894516
geo,2021,0.341272115707397
geo,2022,0.384463548660278
geo,2023,0.404458791017532
gin,1980,3.21584177017212
gin,1981,3.00634121894836
gin,1982,3.04722046852112
gin,1983,2.7641134262085
gin,1984,2.57694697380066
gin,1985,2.58537340164185
gin,1986,2.55343914031982
gin,1987,2.62727928161621
gin,1988,2.70078682899475
gin,1989,2.46952533721924
gin,1990,2.45449900627136
gin,1991,2.45882296562195
gin,1992,2.50715041160584
gin,1993,2.3053092956543
gin,1994,2.26365208625793
gin,1995,2.444993019104
gin,1996,2.42143559455872
gin,1997,2.27695655822754
gin,1998,2.12702679634094
gin,1999,2.06575965881348
gin,2000,1.93439340591431
gin,2001,1.92988109588623
gin,2002,1.84816682338715
gin,2003,2.04363465309143
gin,2004,1.97926712036133
gin,2005,1.37437546253204
gin,2006,1.18784952163696
gin,2007,1.55524969100952
gin,2008,1.60889756679535
gin,2009,1.37138044834137
gin,2010,1.25586223602295
gin,2011,1.16781401634216
gin,2012,1.15529179573059
gin,2013,1.2321982383728
gin,2014,1.2587548494339
gin,2015,1.14895725250244
gin,2016,0.958004295825958
gin,2017,0.933624088764191
gin,2018,1.05454099178314
gin,2019,1.01155865192413
gin,2020,1.15575778484344
gin,2021,1.19489681720734
gin,2022,1.21135151386261
gin,2023,1.32249891757965
grc,1955,0.584208965301514
grc,1956,0.691350221633911
grc,1957,0.728083789348602
grc,1958,0.769952356815338
grc,1959,0.749712824821472
grc,1960,0.78775018453598
grc,1961,0.871482670307159
grc,1962,0.858663737773895
grc,1963,0.901286005973816
grc,1964,0.9486483335495
grc,1965,0.971388936042786
grc,1966,0.976190030574799
grc,1967,0.994637787342072
grc,1968,0.986478269100189
grc,1969,1.02975499629974
grc,1970,1.05576395988464
grc,1971,1.00438058376312
grc,1972,1.0239372253418
grc,1973,1.15811502933502
grc,1974,1.22683346271515
grc,1975,1.19436323642731
grc,1976,1.14556097984314
grc,1977,1.18110525608063
grc,1978,1.2686892747879
grc,1979,1.37421238422394
grc,1980,1.32458913326263
grc,1981,1.04513096809387
grc,1982,1.06363582611084
grc,1983,0.872125148773193
grc,1984,0.792723596096039
grc,1985,0.755890905857086
grc,1986,0.863170504570007
grc,1987,0.970786571502686
grc,1988,1.02923488616943
grc,1989,0.919634103775024
grc,1990,1.01366710662842
grc,1991,0.963730692863464
grc,1992,0.949838519096375
grc,1993,0.786662936210632
grc,1994,0.762247800827026
grc,1995,0.84566330909729
grc,1996,0.857885897159576
grc,1997,0.801579654216766
grc,1998,0.812811553478241
grc,1999,0.795512437820435
grc,2000,0.723248422145844
grc,2001,0.808018326759338
grc,2002,0.814822137355804
grc,2003,0.956815242767334
grc,2004,1.04229152202606
grc,2005,0.979453802108765
grc,2006,0.920697629451752
grc,2007,0.953517735004425
grc,2008,0.998566389083862
grc,2009,0.86673504114151
grc,2010,0.756667494773865
grc,2011,0.767891049385071
grc,2012,0.597541809082031
grc,2013,0.508694708347321
grc,2014,0.48664402961731
grc,2015,0.4279845058918
grc,2016,0.431191980838776
grc,2017,0.436754912137985
grc,2018,0.458166122436523
grc,2019,0.419877916574478
grc,2020,0.434275209903717
grc,2021,0.450093597173691
grc,2022,0.422784119844437
grc,2023,0.432908058166504
gtm,1954,2.8762264251709
gtm,1955,2.58991694450378
gtm,1956,2.65878891944885
gtm,1957,2.46508646011353
gtm,1958,2.46153092384338
gtm,1959,2.41330623626709
gtm,1960,2.37902212142944
gtm,1961,2.37681937217712
gtm,1962,2.35987281799316
gtm,1963,2.43971157073975
gtm,1964,2.37484979629517
gtm,1965,2.19930267333984
gtm,1966,2.14060211181641
gtm,1967,2.13611435890198
gtm,1968,2.11250472068787
gtm,1969,2.12892842292786
gtm,1970,2.2366681098938
gtm,1971,2.02991914749146
gtm,1972,1.9546765089035
gtm,1973,2.12898921966553
gtm,1974,2.46832513809204
gtm,1975,2.4243471622467
gtm,1976,2.4555778503418
gtm,1977,2.68174958229065
gtm,1978,2.57832908630371
gtm,1979,2.53720450401306
gtm,1980,2.75063395500183
gtm,1981,2.53968548774719
gtm,1982,2.42255902290344
gtm,1983,2.23569202423096
gtm,1984,2.13839411735535
gtm,1985,2.38702607154846
gtm,1986,1.74929225444794
gtm,1987,1.41955590248108
gtm,1988,1.45937824249268
gtm,1989,1.38528072834015
gtm,1990,1.17148339748383
gtm,1991,1.36482572555542
gtm,1992,1.38149130344391
gtm,1993,1.33894324302673
gtm,1994,1.36514759063721
gtm,1995,1.38875508308411
gtm,1996,1.37766087055206
gtm,1997,1.41080868244171
gtm,1998,1.4194757938385
gtm,1999,1.18405258655548
gtm,2000,1.18156099319458
gtm,2001,1.20535480976105
gtm,2002,1.18964350223541
gtm,2003,1.10626673698425
gtm,2004,1.07667112350464
gtm,2005,1.05136287212372
gtm,2006,1.03737807273865
gtm,2007,1.06177055835724
gtm,2008,1.12784659862518
gtm,2009,0.996881425380707
gtm,2010,0.975803673267365
gtm,2011,1.06563460826874
gtm,2012,1.06956148147583
gtm,2013,0.958834826946259
gtm,2014,0.953293144702911
gtm,2015,0.923214733600617
gtm,2016,0.896047115325928
gtm,2017,0.884134411811829
gtm,2018,0.850375294685364
gtm,2019,0.84031069278717
gtm,2020,0.878612101078033
gtm,2021,0.768476843833923
gtm,2022,0.71988832950592
gtm,2023,0.715140998363495
hkg,1964,1.73209714889526
hkg,1965,1.7088987827301
hkg,1966,1.56932377815247
hkg,1967,1.63155162334442
hkg,1968,1.52594172954559
hkg,1969,1.65839886665344
hkg,1970,1.83530879020691
hkg,1971,1.83171999454498
hkg,1972,2.08551001548767
hkg,1973,2.57039999961853
hkg,1974,2.83528757095337
hkg,1975,2.58884859085083
hkg,1976,2.85484552383423
hkg,1977,3.00852155685425
hkg,1978,2.98547148704529
hkg,1979,3.06695914268494
hkg,1980,3.47891569137573
hkg,1981,2.97968435287476
hkg,1982,2.72600531578064
hkg,1983,2.08634734153748
hkg,1984,2.05573892593384
hkg,1985,1.84814143180847
hkg,1986,1.92769277095795
hkg,1987,2.17409610748291
hkg,1988,2.22573208808899
hkg,1989,2.09517168998718
hkg,1990,1.93229484558105
hkg,1991,1.97839224338532
hkg,1992,2.00728464126587
hkg,1993,1.97675478458405
hkg,1994,1.90279424190521
hkg,1995,1.63187384605408
hkg,1996,1.54565584659576
hkg,1997,1.53186106681824
hkg,1998,1.34827733039856
hkg,1999,1.26678514480591
hkg,2000,1.3159955739975
hkg,2001,1.25174975395203
hkg,2002,1.15955328941345
hkg,2003,1.04935085773468
hkg,2004,1.04455471038818
hkg,2005,1.01289129257202
hkg,2006,0.984208166599274
hkg,2007,0.969603002071381
hkg,2008,0.935517251491547
hkg,2009,0.807258486747742
hkg,2010,0.754536867141724
hkg,2011,0.757073283195496
hkg,2012,0.742569863796234
hkg,2013,0.700740873813629
hkg,2014,0.709802389144898
hkg,2015,0.740009844303131
hkg,2016,0.747524857521057
hkg,2017,0.770637273788452
hkg,2018,0.821196019649506
hkg,2019,0.84351259469986
hkg,2020,0.854713022708893
hkg,2021,0.867300033569336
hkg,2022,0.727842211723328
hkg,2023,0.722650170326233
hnd,1970,1.55881154537201
hnd,1971,1.45474994182587
hnd,1972,1.48542904853821
hnd,1973,1.50642418861389
hnd,1974,1.56697356700897
hnd,1975,1.44139111042023
hnd,1976,1.50418102741241
hnd,1977,1.64382612705231
hnd,1978,1.63536500930786
hnd,1979,1.66199350357056
hnd,1980,1.74714946746826
hnd,1981,1.65982174873352
hnd,1982,1.66117310523987
hnd,1983,1.57520878314972
hnd,1984,1.53368437290192
hnd,1985,1.57165455818176
hnd,1986,1.60670804977417
hnd,1987,1.71319890022278
hnd,1988,1.77231991291046
hnd,1989,1.73862087726593
hnd,1990,0.93409925699234
hnd,1991,0.883312404155731
hnd,1992,0.896503329277039
hnd,1993,0.846121311187744
hnd,1994,0.750818252563477
hnd,1995,0.849534869194031
hnd,1996,0.796136617660523
hnd,1997,0.827700853347778
hnd,1998,0.861013174057007
hnd,1999,0.771520078182221
hnd,2000,0.777280807495117
hnd,2001,0.768929123878479
hnd,2002,0.702950119972229
hnd,2003,0.650056123733521
hnd,2004,0.629058718681335
hnd,2005,0.608299732208252
hnd,2006,0.609051048755646
hnd,2007,0.583874583244324
hnd,2008,0.588083326816559
hnd,2009,0.570054054260254
hnd,2010,0.544099569320679
hnd,2011,0.558102309703827
hnd,2012,0.555751383304596
hnd,2013,0.512717008590698
hnd,2014,0.504646480083466
hnd,2015,0.504484593868256
hnd,2016,0.480768471956253
hnd,2017,0.479082226753235
hnd,2018,0.465317308902741
hnd,2019,0.476363629102707
hnd,2020,0.484781354665756
hnd,2021,0.536337375640869
hnd,2022,0.52273291349411
hnd,2023,0.499207764863968
hrv,1994,0.724524259567261
hrv,1995,0.92052561044693
hrv,1996,0.857121527194977
hrv,1997,0.798317074775696
hrv,1998,0.771027803421021
hrv,1999,0.617321252822876
hrv,2000,0.562152862548828
hrv,2001,0.633013308048248
hrv,2002,0.649289727210999
hrv,2003,0.764114260673523
hrv,2004,0.82592898607254
hrv,2005,0.816699743270874
hrv,2006,0.760655462741852
hrv,2007,0.757489323616028
hrv,2008,0.856442213058472
hrv,2009,0.680730938911438
hrv,2010,0.642618775367737
hrv,2011,0.627063691616058
hrv,2012,0.530296444892883
hrv,2013,0.519268095493317
hrv,2014,0.517436146736145
hrv,2015,0.432842195034027
hrv,2016,0.443391442298889
hrv,2017,0.424087971448898
hrv,2018,0.417178899049759
hrv,2019,0.39012998342514
hrv,2020,0.375408083200455
hrv,2021,0.4255590736866
hrv,2022,0.382678359746933
hrv,2023,0.399423778057098
hun,1974,0.871045351028442
hun,1975,0.820554852485657
hun,1976,0.798845052719116
hun,1977,0.749663233757019
hun,1978,0.729344964027405
hun,1979,0.711729347705841
hun,1980,0.749200105667114
hun,1981,0.644748151302338
hun,1982,0.614291548728943
hun,1983,0.484396189451218
hun,1984,0.424848794937134
hun,1985,0.407966047525406
hun,1986,0.457457512617111
hun,1987,0.49395164847374
hun,1988,0.50833386182785
hun,1989,0.470891296863556
hun,1990,0.517196655273438
hun,1991,0.476560086011887
hun,1992,0.517750859260559
hun,1993,0.507758378982544
hun,1994,0.512750327587128
hun,1995,0.536301910877228
hun,1996,0.53981751203537
hun,1997,0.587614119052887
hun,1998,0.633644461631775
hun,1999,0.634698927402496
hun,2000,0.570546388626099
hun,2001,0.580151498317719
hun,2002,0.756526648998261
hun,2003,0.792729020118713
hun,2004,0.89368212223053
hun,2005,0.868804574012756
hun,2006,0.807783961296082
hun,2007,0.852874457836151
hun,2008,0.842323422431946
hun,2009,0.624542593955994
hun,2010,0.578080773353577
hun,2011,0.585775077342987
hun,2012,0.472296595573425
hun,2013,0.474848330020905
hun,2014,0.517004787921906
hun,2015,0.435714066028595
hun,2016,0.41410306096077
hun,2017,0.439564794301987
hun,2018,0.460561096668243
hun,2019,0.432012856006622
hun,2020,0.444479197263718
hun,2021,0.468967825174332
hun,2022,0.387758135795593
hun,2023,0.434103935956955
idn,1964,0.802333652973175
idn,1965,0.766745567321777
idn,1966,0.516951560974121
idn,1967,0.733044266700745
idn,1968,0.832424700260162
idn,1969,1.01021587848663
idn,1970,1.04961574077606
idn,1971,0.935671210289002
idn,1972,0.958587825298309
idn,1973,1.19640612602234
idn,1974,1.6708562374115
idn,1975,1.6040186882019
idn,1976,1.63721871376038
idn,1977,1.6980197429657
idn,1978,1.61967515945435
idn,1979,1.38836491107941
idn,1980,1.76030731201172
idn,1981,1.79472267627716
idn,1982,1.6716845035553
idn,1983,1.28620254993439
idn,1984,1.19663751125336
idn,1985,1.12756323814392
idn,1986,1.00226211547852
idn,1987,0.931996583938599
idn,1988,1.01901233196259
idn,1989,1.02544832229614
idn,1990,1.05237376689911
idn,1991,1.08327233791351
idn,1992,1.07081389427185
idn,1993,1.10417819023132
idn,1994,1.09752595424652
idn,1995,1.13350796699524
idn,1996,1.12145829200745
idn,1997,0.967250108718872
idn,1998,0.426446408033371
idn,1999,0.623416244983673
idn,2000,0.676565945148468
idn,2001,0.640193521976471
idn,2002,0.696683406829834
idn,2003,0.740600824356079
idn,2004,0.708528757095337
idn,2005,0.645220220088959
idn,2006,0.682354629039764
idn,2007,0.639977157115936
idn,2008,0.572829306125641
idn,2009,0.453755676746368
idn,2010,0.428989470005035
idn,2011,0.426445573568344
idn,2012,0.417277783155441
idn,2013,0.390022873878479
idn,2014,0.360699117183685
idn,2015,0.332607448101044
idn,2016,0.342628806829453
idn,2017,0.336051017045975
idn,2018,0.341561615467072
idn,2019,0.343136042356491
idn,2020,0.337144404649735
idn,2021,0.326284170150757
idn,2022,0.300645112991333
idn,2023,0.274171262979507
ind,1954,0.751905143260956
ind,1955,0.679993093013763
ind,1956,0.731517434120178
ind,1957,0.691616833209992
ind,1958,0.736509084701538
ind,1959,0.672544181346893
ind,1960,0.653113067150116
ind,1961,0.646275997161865
ind,1962,0.619461834430695
ind,1963,0.655891537666321
ind,1964,0.701608538627625
ind,1965,0.662785947322846
ind,1966,0.510704040527344
ind,1967,0.486782163381577
ind,1968,0.481906831264496
ind,1969,0.498537242412567
ind,1970,0.503980219364166
ind,1971,0.473702847957611
ind,1972,0.476361185312271
ind,1973,0.523126780986786
ind,1974,0.564689695835114
ind,1975,0.519127070903778
ind,1976,0.516068279743195
ind,1977,0.495677530765533
ind,1978,0.578320026397705
ind,1979,0.65327125787735
ind,1980,0.66031014919281
ind,1981,0.68439507484436
ind,1982,0.732459604740143
ind,1983,0.697630286216736
ind,1984,0.651336550712585
ind,1985,0.670800864696503
ind,1986,0.700038850307465
ind,1987,0.729143083095551
ind,1988,0.748778760433197
ind,1989,0.679069757461548
ind,1990,0.671338379383087
ind,1991,0.55999892950058
ind,1992,0.527445256710053
ind,1993,0.487657219171524
ind,1994,0.520359396934509
ind,1995,0.567768573760986
ind,1996,0.550138831138611
ind,1997,0.536838591098785
ind,1998,0.528072655200958
ind,1999,0.513849437236786
ind,2000,0.503288924694061
ind,2001,0.484156399965286
ind,2002,0.462560087442398
ind,2003,0.470912605524063
ind,2004,0.50552374124527
ind,2005,0.492605715990067
ind,2006,0.496399849653244
ind,2007,0.528315007686615
ind,2008,0.468913495540619
ind,2009,0.411380797624588
ind,2010,0.433490991592407
ind,2011,0.429095357656479
ind,2012,0.395122110843658
ind,2013,0.376607805490494
ind,2014,0.384044140577316
ind,2015,0.390984565019608
ind,2016,0.384567052125931
ind,2017,0.405458301305771
ind,2018,0.394113302230835
ind,2019,0.368577986955643
ind,2020,0.350221335887909
ind,2021,0.356930017471314
ind,2022,0.315084606409073
ind,2023,0.287947982549667
irl,1954,1.25911557674408
irl,1955,1.13257920742035
irl,1956,1.13142919540405
irl,1957,1.12714540958405
irl,1958,1.17628967761993
irl,1959,1.11673629283905
irl,1960,1.16254234313965
irl,1961,1.18729054927826
irl,1962,1.16577684879303
irl,1963,1.15328979492188
irl,1964,1.18324553966522
irl,1965,1.11092150211334
irl,1966,1.09350204467773
irl,1967,1.14795470237732
irl,1968,1.02842080593109
irl,1969,1.07427358627319
irl,1970,1.12638866901398
irl,1971,1.09775030612946
irl,1972,1.30778408050537
irl,1973,1.37336099147797
irl,1974,1.21653306484222
irl,1975,1.19692897796631
irl,1976,1.03402054309845
irl,1977,1.19472002983093
irl,1978,1.28279840946198
irl,1979,1.19308769702911
irl,1980,1.10600757598877
irl,1981,0.912069499492645
irl,1982,0.957695126533508
irl,1983,0.861479640007019
irl,1984,0.814230680465698
irl,1985,0.853893160820007
irl,1986,1.10551524162292
irl,1987,1.31089723110199
irl,1988,1.44493985176086
irl,1989,1.39146971702576
irl,1990,1.55862069129944
irl,1991,1.40816426277161
irl,1992,1.41395843029022
irl,1993,1.20239114761353
irl,1994,1.16465556621552
irl,1995,1.40905869007111
irl,1996,1.47922778129578
irl,1997,1.67890655994415
irl,1998,1.86801421642303
irl,1999,2.04537653923035
irl,2000,2.11644196510315
irl,2001,2.27905368804932
irl,2002,2.52787184715271
irl,2003,2.86825037002563
irl,2004,2.86568069458008
irl,2005,2.61832618713379
irl,2006,2.1347804069519
irl,2007,1.90572607517242
irl,2008,1.73622703552246
irl,2009,1.50122439861298
irl,2010,1.20981693267822
irl,2011,1.23427605628967
irl,2012,1.08242869377136
irl,2013,1.06566262245178
irl,2014,1.16585278511047
irl,2015,1.45713293552399
irl,2016,1.0943638086319
irl,2017,1.08167290687561
irl,2018,1.15297150611877
irl,2019,0.830562591552734
irl,2020,0.92887544631958
irl,2021,1.10777902603149
irl,2022,1.02907431125641
irl,2023,0.887277960777283
irn,1959,1.28243958950043
irn,1960,1.31856846809387
irn,1961,1.28399181365967
irn,1962,1.224156498909
irn,1963,1.17537295818329
irn,1964,1.1089174747467
irn,1965,1.07042109966278
irn,1966,1.0168571472168
irn,1967,1.0207839012146
irn,1968,0.964999258518219
irn,1969,0.952949166297913
irn,1970,0.992311775684357
irn,1971,1.08777916431427
irn,1972,1.24078750610352
irn,1973,1.75170540809631
irn,1974,2.69110465049744
irn,1975,2.46094298362732
irn,1976,2.5924084186554
irn,1977,2.77853035926819
irn,1978,2.56381797790527
irn,1979,2.92960715293884
irn,1980,3.12269973754883
irn,1981,3.07633090019226
irn,1982,3.81348323822022
irn,1983,4.1718111038208
irn,1984,3.97586822509766
irn,1985,1.73096132278442
irn,1986,1.62792932987213
irn,1987,1.9213445186615
irn,1988,1.91544246673584
irn,1989,1.64552664756775
irn,1990,1.6004114151001
irn,1991,1.5067697763443
irn,1992,1.31987917423248
irn,1993,1.2383371591568
irn,1994,1.01413094997406
irn,1995,0.899304687976837
irn,1996,0.927891314029694
irn,1997,0.788747251033783
irn,1998,0.705864131450653
irn,1999,0.758492290973663
irn,2000,0.730588316917419
irn,2001,0.766795992851257
irn,2002,0.928248047828674
irn,2003,0.890840947628021
irn,2004,0.990548849105835
irn,2005,1.02677822113037
irn,2006,1.12063372135162
irn,2007,1.4126660823822
irn,2008,1.52406823635101
irn,2009,1.40938818454742
irn,2010,1.4882298707962
irn,2011,1.74328482151032
irn,2012,1.57409477233887
irn,2013,1.34508848190308
irn,2014,1.04289293289185
irn,2015,0.806225001811981
irn,2016,0.926034390926361
irn,2017,0.963827133178711
irn,2018,0.671707689762116
irn,2019,0.575327455997467
irn,2020,0.579319477081299
irn,2021,0.744682312011719
irn,2022,0.709490299224854
irn,2023,0.680155992507935
irq,1974,1.85288846492767
irq,1975,1.60645055770874
irq,1976,1.53334307670593
irq,1977,1.37248659133911
irq,1978,1.43900310993195
irq,1979,1.67149949073792
irq,1980,1.73976182937622
irq,1981,1.14066088199615
irq,1982,1.05598104000092
irq,1983,0.926113307476044
irq,1984,0.949227869510651
irq,1985,0.994015574455261
irq,1986,1.13202178478241
irq,1987,1.42459797859192
irq,1988,1.45343744754791
irq,1989,1.20454704761505
irq,1990,1.14833629131317
irq,1991,0.379877299070358
irq,1992,0.439094692468643
irq,1993,0.293261677026749
irq,1994,0.228447258472443
irq,1995,0.194697037339211
irq,1996,0.33940863609314
irq,1997,0.361091136932373
irq,1998,0.406205415725708
irq,1999,0.77365106344223
irq,2000,0.921222388744354
irq,2001,0.783589482307434
irq,2002,0.625152826309204
irq,2003,0.441815048456192
irq,2004,0.54744279384613
irq,2005,0.625028252601624
irq,2006,0.6133131980896
irq,2007,0.732103109359741
irq,2008,0.785581707954407
irq,2009,0.503223896026611
irq,2010,0.51824164390564
irq,2011,0.642826318740845
irq,2012,0.78262859582901
irq,2013,0.787377417087555
irq,2014,0.669155359268189
irq,2015,0.614367723464966
irq,2016,0.704558789730072
irq,2017,0.610963404178619
irq,2018,0.732956409454346
irq,2019,0.740442156791687
irq,2020,0.494683504104614
irq,2021,0.493283718824387
irq,2022,0.546896398067474
irq,2023,0.452937811613083
isl,1954,0.922289967536926
isl,1955,0.911469221115112
isl,1956,1.03477537631989
isl,1957,1.02245330810547
isl,1958,1.12994408607483
isl,1959,1.15640938282013
isl,1960,0.583005905151367
isl,1961,0.573424637317658
isl,1962,0.599558234214783
isl,1963,0.656375050544739
isl,1964,0.779161989688873
isl,1965,0.834842443466187
isl,1966,0.905211627483368
isl,1967,0.843112587928772
isl,1968,0.5931196808815
isl,1969,0.498534798622131
isl,1970,0.609769999980927
isl,1971,0.65666276216507
isl,1972,0.739501774311066
isl,1973,0.907982051372528
isl,1974,1.10256767272949
isl,1975,0.87924325466156
isl,1976,0.909794628620148
isl,1977,1.06571185588837
isl,1978,1.08711779117584
isl,1979,1.10877990722656
isl,1980,1.20665776729584
isl,1981,1.05583393573761
isl,1982,0.905871212482452
isl,1983,0.675489604473114
isl,1984,0.617055654525757
isl,1985,0.59172260761261
isl,1986,0.754189372062683
isl,1987,0.999764561653137
isl,1988,1.03076469898224
isl,1989,0.868817925453186
isl,1990,0.932926058769226
isl,1991,0.953658401966095
isl,1992,0.940257906913757
isl,1993,0.78340756893158
isl,1994,0.764697074890137
isl,1995,0.836082100868225
isl,1996,0.827087879180908
isl,1997,0.7268385887146
isl,1998,0.816142857074738
isl,1999,0.833035469055176
isl,2000,0.837210059165955
isl,2001,0.863719165325165
isl,2002,0.933781504631043
isl,2003,0.978027641773224
isl,2004,1.06883692741394
isl,2005,1.02329635620117
isl,2006,0.934033513069153
isl,2007,1.20681154727936
isl,2008,1.1835560798645
isl,2009,0.870499610900879
isl,2010,1.04297268390656
isl,2011,1.10093355178833
isl,2012,0.925632536411285
isl,2013,0.884498417377472
isl,2014,0.937760710716248
isl,2015,0.903526365756989
isl,2016,0.981310606002808
isl,2017,1.07704663276672
isl,2018,0.975546002388001
isl,2019,0.844999611377716
isl,2020,0.802315533161163
isl,2021,0.789405167102814
isl,2022,0.747580111026764
isl,2023,0.738776326179504
isr,1954,0.897539794445038
isr,1955,0.902872979640961
isr,1956,0.983617186546326
isr,1957,1.05431187152863
isr,1958,1.14369976520538
isr,1959,1.16638505458832
isr,1960,1.23685967922211
isr,1961,1.38500654697418
isr,1962,0.905523717403412
isr,1963,0.94689267873764
isr,1964,0.985984623432159
isr,1965,1.05924022197723
isr,1966,1.0527675151825
isr,1967,1.03154480457306
isr,1968,1.00677633285522
isr,1969,1.08797144889832
isr,1970,1.16337764263153
isr,1971,1.14363563060761
isr,1972,1.21376991271973
isr,1973,1.31674659252167
isr,1974,1.69385433197021
isr,1975,1.42977976799011
isr,1976,1.34217381477356
isr,1977,1.32822453975678
isr,1978,1.1767989397049
isr,1979,1.35686612129211
isr,1980,1.49567770957947
isr,1981,1.37435686588287
isr,1982,1.39344239234924
isr,1983,1.2975207567215
isr,1984,1.07145178318024
isr,1985,0.932146430015564
isr,1986,1.09180951118469
isr,1987,1.24799370765686
isr,1988,1.41455054283142
isr,1989,1.27065801620483
isr,1990,1.36620044708252
isr,1991,1.3929899930954
isr,1992,1.39308369159698
isr,1993,1.21467292308807
isr,1994,1.18070113658905
isr,1995,1.29404628276825
isr,1996,1.20045745372772
isr,1997,1.14311981201172
isr,1998,1.13441872596741
isr,1999,1.07860171794891
isr,2000,1.17741847038269
isr,2001,1.10584497451782
isr,2002,0.972769141197205
isr,2003,1.02565360069275
isr,2004,1.07522737979889
isr,2005,1.04400837421417
isr,2006,1.06432592868805
isr,2007,1.16814315319061
isr,2008,1.3144633769989
isr,2009,1.28030025959015
isr,2010,1.31951725482941
isr,2011,1.40880727767944
isr,2012,1.30611717700958
isr,2013,1.19377219676971
isr,2014,1.23915922641754
isr,2015,1.20514810085297
isr,2016,1.20678472518921
isr,2017,1.30408442020416
isr,2018,1.32401752471924
isr,2019,1.42372369766235
isr,2020,1.69833147525787
isr,2021,1.75309371948242
isr,2022,1.59943866729736
isr,2023,1.38670516014099
ita,1954,0.819879651069641
ita,1955,0.781859874725342
ita,1956,0.826429963111877
ita,1957,0.820746779441834
ita,1958,0.851016342639923
ita,1959,0.810698926448822
ita,1960,0.847022116184235
ita,1961,0.871395349502564
ita,1962,0.876134216785431
ita,1963,0.924430727958679
ita,1964,0.963162064552307
ita,1965,0.952908217906952
ita,1966,0.960327684879303
ita,1967,1.01871430873871
ita,1968,1.01790428161621
ita,1969,1.0483466386795
ita,1970,1.14819705486298
ita,1971,1.02682650089264
ita,1972,1.0593900680542
ita,1973,1.13381111621857
ita,1974,1.21635544300079
ita,1975,1.12632787227631
ita,1976,0.980222463607788
ita,1977,0.971100747585297
ita,1978,1.05908858776093
ita,1979,1.16581320762634
ita,1980,1.31941568851471
ita,1981,1.01450085639954
ita,1982,0.98078852891922
ita,1983,0.912497043609619
ita,1984,0.877228081226349
ita,1985,0.86288332939148
ita,1986,1.188361287117
ita,1987,1.40636777877808
ita,1988,1.41016900539398
ita,1989,1.24801445007324
ita,1990,1.37908685207367
ita,1991,1.29375636577606
ita,1992,1.24871623516083
ita,1993,0.934696674346924
ita,1994,0.92617928981781
ita,1995,0.979078352451325
ita,1996,1.04293382167816
ita,1997,0.969997942447662
ita,1998,1.0392382144928
ita,1999,1.0357438325882
ita,2000,1.00271642208099
ita,2001,1.08458411693573
ita,2002,1.1465665102005
ita,2003,1.31258630752563
ita,2004,1.3753969669342
ita,2005,1.21143019199371
ita,2006,1.11537134647369
ita,2007,1.14547276496887
ita,2008,1.13780117034912
ita,2009,0.908675372600555
ita,2010,0.87128096818924
ita,2011,0.840011715888977
ita,2012,0.715641617774963
ita,2013,0.698323786258698
ita,2014,0.722325384616852
ita,2015,0.590990841388702
ita,2016,0.573223948478699
ita,2017,0.581849873065949
ita,2018,0.595063209533691
ita,2019,0.561912834644318
ita,2020,0.573993682861328
ita,2021,0.580666244029999
ita,2022,0.492393761873245
ita,2023,0.499208331108093
jam,1957,0.740484654903412
jam,1958,0.751975119113922
jam,1959,0.713943243026733
jam,1960,0.774339616298676
jam,1961,0.818956673145294
jam,1962,0.812806963920593
jam,1963,0.841326177120209
jam,1964,0.886661112308502
jam,1965,0.887701034545898
jam,1966,0.938812673091888
jam,1967,0.955739796161652
jam,1968,0.828064978122711
jam,1969,0.846894145011902
jam,1970,0.94335287809372
jam,1971,0.892458975315094
jam,1972,0.95425009727478
jam,1973,0.842520534992218
jam,1974,1.01220655441284
jam,1975,1.01010847091675
jam,1976,0.909594058990479
jam,1977,0.959386587142944
jam,1978,0.854693531990051
jam,1979,0.802356779575348
jam,1980,0.876382172107697
jam,1981,0.890388071537018
jam,1982,0.932209134101868
jam,1983,1.01698565483093
jam,1984,0.71161687374115
jam,1985,0.653972744941711
jam,1986,0.845639884471893
jam,1987,1.05363667011261
jam,1988,1.22035896778107
jam,1989,1.31399500370026
jam,1990,1.33211410045624
jam,1991,1.18104326725006
jam,1992,1.00319254398346
jam,1993,1.19739198684692
jam,1994,1.1157009601593
jam,1995,1.26799154281616
jam,1996,1.31331884860992
jam,1997,1.37910008430481
jam,1998,1.38619875907898
jam,1999,1.35723805427551
jam,2000,1.34045946598053
jam,2001,1.30131411552429
jam,2002,1.20756578445435
jam,2003,0.983719348907471
jam,2004,0.916958749294281
jam,2005,0.849182069301605
jam,2006,0.743100762367249
jam,2007,0.660653173923492
jam,2008,0.589402139186859
jam,2009,0.460349917411804
jam,2010,0.447846710681915
jam,2011,0.460597008466721
jam,2012,0.481644153594971
jam,2013,0.46685403585434
jam,2014,0.462211698293686
jam,2015,0.470375806093216
jam,2016,0.466124832630157
jam,2017,0.474285483360291
jam,2018,0.47562050819397
jam,2019,0.447973877191544
jam,2020,0.490256875753403
jam,2021,0.481962591409683
jam,2022,0.494878172874451
jam,2023,0.523824751377106
jor,1958,1.89209008216858
jor,1959,1.79173016548157
jor,1960,2.00519442558289
jor,1961,1.9609078168869
jor,1962,1.89218604564667
jor,1963,1.75685572624207
jor,1964,1.89731013774872
jor,1965,1.81630682945251
jor,1966,1.6102579832077
jor,1967,1.99402332305908
jor,1968,2.10011458396912
jor,1969,1.67710196971893
jor,1970,1.55904233455658
jor,1971,1.38226997852325
jor,1972,1.36388742923737
jor,1973,1.43285000324249
jor,1974,1.38892340660095
jor,1975,1.51829755306244
jor,1976,1.54713499546051
jor,1977,1.55062580108643
jor,1978,1.73864197731018
jor,1979,1.72926604747772
jor,1980,1.82305455207825
jor,1981,1.44631278514862
jor,1982,1.2894983291626
jor,1983,1.09459805488586
jor,1984,0.983629286289215
jor,1985,1.01933836936951
jor,1986,1.16683125495911
jor,1987,1.09040665626526
jor,1988,0.917028367519379
jor,1989,0.583831608295441
jor,1990,0.553115248680115
jor,1991,0.564134657382965
jor,1992,0.657058596611023
jor,1993,0.638525366783142
jor,1994,0.670643270015717
jor,1995,0.692062795162201
jor,1996,0.693063855171204
jor,1997,0.699441194534302
jor,1998,0.742280125617981
jor,1999,0.700687408447266
jor,2000,0.705901682376862
jor,2001,0.718460917472839
jor,2002,0.6676886677742
jor,2003,0.607318818569183
jor,2004,0.587928831577301
jor,2005,0.521880149841309
jor,2006,0.552760422229767
jor,2007,0.557787358760834
jor,2008,0.659803032875061
jor,2009,0.612942397594452
jor,2010,0.604377150535584
jor,2011,0.593138933181763
jor,2012,0.575157701969147
jor,2013,0.61837375164032
jor,2014,0.643552958965302
jor,2015,0.597342908382416
jor,2016,0.599133849143982
jor,2017,0.555049359798431
jor,2018,0.592222154140472
jor,2019,0.655769884586334
jor,2020,0.568060278892517
jor,2021,0.499922782182694
jor,2022,0.446365654468536
jor,2023,0.430706769227982
jpn,1954,1.07617294788361
jpn,1955,1.04158878326416
jpn,1956,1.12696433067322
jpn,1957,1.17515242099762
jpn,1958,1.1900075674057
jpn,1959,1.19971179962158
jpn,1960,1.32831609249115
jpn,1961,1.38719606399536
jpn,1962,1.34261524677277
jpn,1963,1.35445725917816
jpn,1964,1.42919504642487
jpn,1965,1.38358867168427
jpn,1966,1.40810000896454
jpn,1967,1.49449038505554
jpn,1968,1.51107656955719
jpn,1969,1.53398311138153
jpn,1970,1.5537109375
jpn,1971,1.32043349742889
jpn,1972,1.46517944335938
jpn,1973,1.62618327140808
jpn,1974,1.46093428134918
jpn,1975,1.19545519351959
jpn,1976,1.14253270626068
jpn,1977,1.19604134559631
jpn,1978,1.43547654151917
jpn,1979,1.26660478115082
jpn,1980,1.20701348781586
jpn,1981,1.17002952098846
jpn,1982,1.1069895029068
jpn,1983,1.14819478988647
jpn,1984,1.20328068733215
jpn,1985,1.22912931442261
jpn,1986,1.72762835025787
jpn,1987,1.9908903837204
jpn,1988,2.17084145545959
jpn,1989,1.80592381954193
jpn,1990,1.61886978149414
jpn,1991,1.59822511672974
jpn,1992,1.50709009170532
jpn,1993,1.47778236865997
jpn,1994,1.40176951885223
jpn,1995,1.45754098892212
jpn,1996,1.22588920593262
jpn,1997,1.07288920879364
jpn,1998,1.0002201795578
jpn,1999,1.13028860092163
jpn,2000,1.27335906028748
jpn,2001,1.14541852474213
jpn,2002,1.0897057056427
jpn,2003,1.12311089038849
jpn,2004,1.1550886631012
jpn,2005,1.02503049373627
jpn,2006,0.887216985225678
jpn,2007,0.827397108078003
jpn,2008,0.852555751800537
jpn,2009,0.844879806041718
jpn,2010,0.918634593486786
jpn,2011,0.96400797367096
jpn,2012,0.956887423992157
jpn,2013,0.818600237369537
jpn,2014,0.755568146705627
jpn,2015,0.720149695873261
jpn,2016,0.779488503932953
jpn,2017,0.770948588848114
jpn,2018,0.739643752574921
jpn,2019,0.697685480117798
jpn,2020,0.71700930595398
jpn,2021,0.642686903476715
jpn,2022,0.471302926540375
jpn,2023,0.43371307849884
kaz,1994,0.271622985601425
kaz,1995,0.248635426163673
kaz,1996,0.242862209677696
kaz,1997,0.22950454056263
kaz,1998,0.235662087798119
kaz,1999,0.176256984472275
kaz,2000,0.183984085917473
kaz,2001,0.229765728116035
kaz,2002,0.236313819885254
kaz,2003,0.24187371134758
kaz,2004,0.308088928461075
kaz,2005,0.350074291229248
kaz,2006,0.49041822552681
kaz,2007,0.504303634166718
kaz,2008,0.685801267623901
kaz,2009,0.575299859046936
kaz,2010,0.683739364147186
kaz,2011,0.895632445812225
kaz,2012,0.920782387256622
kaz,2013,0.89485776424408
kaz,2014,0.918930232524872
kaz,2015,0.738982796669006
kaz,2016,0.588042616844177
kaz,2017,0.693771362304688
kaz,2018,0.609634637832642
kaz,2019,0.503823518753052
kaz,2020,0.439198732376099
kaz,2021,0.398281842470169
kaz,2022,0.382862418889999
kaz,2023,0.391083210706711
ken,1954,1.08819591999054
ken,1955,1.07123255729675
ken,1956,1.06328046321869
ken,1957,1.056556224823
ken,1958,1.05980694293976
ken,1959,0.970056116580963
ken,1960,1.04999685287476
ken,1961,1.06042504310608
ken,1962,1.12982368469238
ken,1963,1.17550992965698
ken,1964,1.26131224632263
ken,1965,1.20980763435364
ken,1966,1.30625879764557
ken,1967,1.35379207134247
ken,1968,1.34257555007935
ken,1969,1.35164940357208
ken,1970,1.33817160129547
ken,1971,1.24162673950195
ken,1972,1.76276683807373
ken,1973,1.8524751663208
ken,1974,2.04121994972229
ken,1975,1.89520084857941
ken,1976,1.81184494495392
ken,1977,2.1603627204895
ken,1978,2.34282231330872
ken,1979,2.40803337097168
ken,1980,2.63030648231506
ken,1981,2.16899085044861
ken,1982,2.00409126281738
ken,1983,1.8243807554245
ken,1984,1.85042130947113
ken,1985,1.72827064990997
ken,1986,1.94693839550018
ken,1987,2.05046892166138
ken,1988,1.93788278102875
ken,1989,1.60084819793701
ken,1990,1.50282204151154
ken,1991,1.30565309524536
ken,1992,1.06614279747009
ken,1993,0.642217516899109
ken,1994,0.663644134998322
ken,1995,0.735095262527466
ken,1996,0.79276180267334
ken,1997,0.818449318408966
ken,1998,0.877171397209168
ken,1999,0.791779398918152
ken,2000,0.825155436992645
ken,2001,0.894628763198853
ken,2002,0.852953791618347
ken,2003,0.95268702507019
ken,2004,0.98953115940094
ken,2005,1.02971744537354
ken,2006,1.07800734043121
ken,2007,1.18256866931915
ken,2008,1.20882976055145
ken,2009,1.03852760791779
ken,2010,0.827547311782837
ken,2011,0.778406083583832
ken,2012,0.880253434181213
ken,2013,0.850723266601563
ken,2014,0.85171765089035
ken,2015,0.784503996372223
ken,2016,0.778388798236847
ken,2017,0.735828459262848
ken,2018,0.793864011764526
ken,2019,0.839951395988464
ken,2020,0.915010094642639
ken,2021,0.885296106338501
ken,2022,0.768750429153442
ken,2023,0.652023613452911
kgz,1994,0.235827669501305
kgz,1995,0.148878186941147
kgz,1996,0.193118005990982
kgz,1997,0.207936629652977
kgz,1998,0.217825263738632
kgz,1999,0.190576821565628
kgz,2000,0.258649706840515
kgz,2001,0.361677139997482
kgz,2002,0.361227691173553
kgz,2003,0.442396968603134
kgz,2004,0.597036421298981
kgz,2005,0.607879817485809
kgz,2006,0.519931435585022
kgz,2007,0.709262490272522
kgz,2008,1.01711297035217
kgz,2009,0.89774876832962
kgz,2010,0.829443752765656
kgz,2011,1.03275191783905
kgz,2012,0.81568455696106
kgz,2013,0.691642880439758
kgz,2014,0.655350863933563
kgz,2015,0.577667415142059
kgz,2016,0.540670216083527
kgz,2017,0.615784764289856
kgz,2018,0.482620239257813
kgz,2019,0.437637031078339
kgz,2020,0.349837720394135
kgz,2021,0.303911119699478
kgz,2022,0.32101234793663
kgz,2023,0.334336370229721
kor,1957,1.01455295085907
kor,1958,1.06951951980591
kor,1959,1.10153365135193
kor,1960,0.991126239299774
kor,1961,0.610082983970642
kor,1962,0.672953188419342
kor,1963,0.877965033054352
kor,1964,0.75929582118988
kor,1965,0.639389932155609
kor,1966,0.724669814109802
kor,1967,0.845660209655762
kor,1968,0.942808985710144
kor,1969,1.07963359355927
kor,1970,1.20125663280487
kor,1971,1.14627635478973
kor,1972,1.12979781627655
kor,1973,1.21590673923492
kor,1974,1.54103720188141
kor,1975,1.38522398471832
kor,1976,1.60563325881958
kor,1977,1.77437949180603
kor,1978,1.9381822347641
kor,1979,2.02429866790772
kor,1980,1.75289273262024
kor,1981,1.65921032428741
kor,1982,1.62722265720367
kor,1983,1.49998986721039
kor,1984,1.45324957370758
kor,1985,1.3232090473175
kor,1986,1.3369996547699
kor,1987,1.43083596229553
kor,1988,1.53244805335999
kor,1989,1.39158713817596
kor,1990,1.23240780830383
kor,1991,1.13171923160553
kor,1992,1.00407814979553
kor,1993,0.896877825260162
kor,1994,0.838671386241913
kor,1995,0.856359601020813
kor,1996,0.766416549682617
kor,1997,0.778689801692963
kor,1998,0.669774830341339
kor,1999,0.932673454284668
kor,2000,1.04666292667389
kor,2001,0.939772665500641
kor,2002,0.973867952823639
kor,2003,0.929163992404938
kor,2004,0.917701244354248
kor,2005,0.879900753498077
kor,2006,0.867959380149841
kor,2007,0.889466106891632
kor,2008,0.735821723937988
kor,2009,0.662144422531128
kor,2010,0.778195202350617
kor,2011,0.825498819351196
kor,2012,0.772758603096008
kor,2013,0.748530924320221
kor,2014,0.745826601982117
kor,2015,0.725934147834778
kor,2016,0.712503850460053
kor,2017,0.721415281295776
kor,2018,0.685556709766388
kor,2019,0.585176706314087
kor,2020,0.596447169780731
kor,2021,0.597856640815735
kor,2022,0.457479566335678
kor,2023,0.422999441623688
kwt,1974,4.16349363327026
kwt,1975,2.5284104347229
kwt,1976,1.94143331050873
kwt,1977,1.50310778617859
kwt,1978,1.37007248401642
kwt,1979,2.06107878684998
kwt,1980,2.33955001831055
kwt,1981,1.84226286411285
kwt,1982,1.52480101585388
kwt,1983,1.30144655704498
kwt,1984,1.25326037406921
kwt,1985,1.20557057857513
kwt,1986,1.00264346599579
kwt,1987,1.28474950790405
kwt,1988,1.19274258613586
kwt,1989,1.33119094371796
kwt,1990,0.976298689842224
kwt,1991,0.525418996810913
kwt,1992,0.948567748069763
kwt,1993,1.06312644481659
kwt,1994,1.00940275192261
kwt,1995,1.01025831699371
kwt,1996,1.11997079849243
kwt,1997,1.03039920330048
kwt,1998,0.822787344455719
kwt,1999,0.900645554065704
kwt,2000,1.1333943605423
kwt,2001,1.02219820022583
kwt,2002,0.998792290687561
kwt,2003,1.09187078475952
kwt,2004,1.17429351806641
kwt,2005,1.34552204608917
kwt,2006,1.57272958755493
kwt,2007,1.56419134140015
kwt,2008,1.92505133152008
kwt,2009,1.25004541873932
kwt,2010,1.18050539493561
kwt,2011,1.46711719036102
kwt,2012,1.82736098766327
kwt,2013,1.6191554069519
kwt,2014,1.40203285217285
kwt,2015,0.887762427330017
kwt,2016,0.776374280452728
kwt,2017,0.745302200317383
kwt,2018,0.971072733402252
kwt,2019,1.01629745960236
kwt,2020,0.789229869842529
kwt,2021,1.19561064243317
kwt,2022,1.24903643131256
kwt,2023,1.00867247581482
lao,1980,0.964805245399475
lao,1981,1.03215277194977
lao,1982,1.088334441185
lao,1983,0.996493816375732
lao,1984,0.994781374931335
lao,1985,0.979030609130859
lao,1986,0.988919317722321
lao,1987,0.915762007236481
lao,1988,0.803927838802338
lao,1989,0.754358291625977
lao,1990,0.711919605731964
lao,1991,0.751785457134247
lao,1992,0.77135705947876
lao,1993,0.767831325531006
lao,1994,0.784729480743408
lao,1995,0.824209570884705
lao,1996,0.778728067874908
lao,1997,0.661775588989258
lao,1998,0.465461552143097
lao,1999,0.479773581027985
lao,2000,0.564886808395386
lao,2001,0.551370203495026
lao,2002,0.489473015069962
lao,2003,0.494530290365219
lao,2004,0.495678842067719
lao,2005,0.472208678722382
lao,2006,0.479925692081451
lao,2007,0.486106961965561
lao,2008,0.507271647453308
lao,2009,0.455339252948761
lao,2010,0.470429658889771
lao,2011,0.516565680503845
lao,2012,0.528911232948303
lao,2013,0.566748201847076
lao,2014,0.553365230560303
lao,2015,0.572281062602997
lao,2016,0.556469857692719
lao,2017,0.550284206867218
lao,2018,0.543389022350311
lao,2019,0.530775129795075
lao,2020,0.565276324748993
lao,2021,0.498183012008667
lao,2022,0.329219788312912
lao,2023,0.289118319749832
lbn,1974,2.8875002861023
lbn,1975,2.32195258140564
lbn,1976,0.898497641086578
lbn,1977,1.65786933898926
lbn,1978,1.73342418670654
lbn,1979,1.87008452415466
lbn,1980,2.18687391281128
lbn,1981,1.79436206817627
lbn,1982,1.21207666397095
lbn,1983,1.16448366641998
lbn,1984,0.71806538105011
lbn,1985,0.539571225643158
lbn,1986,0.62773209810257
lbn,1987,0.438496619462967
lbn,1988,0.636366903781891
lbn,1989,0.459979236125946
lbn,1990,0.476767957210541
lbn,1991,0.688683211803436
lbn,1992,0.880044639110565
lbn,1993,1.15351462364197
lbn,1994,1.28404629230499
lbn,1995,1.53034865856171
lbn,1996,1.72819411754608
lbn,1997,1.84166383743286
lbn,1998,1.89103078842163
lbn,1999,1.7190580368042
lbn,2000,1.51910364627838
lbn,2001,1.34103560447693
lbn,2002,1.13852083683014
lbn,2003,0.893698811531067
lbn,2004,0.703864753246307
lbn,2005,0.562885642051697
lbn,2006,0.519520044326782
lbn,2007,0.519353330135346
lbn,2008,0.541140198707581
lbn,2009,0.569844365119934
lbn,2010,0.528603732585907
lbn,2011,0.499548494815826
lbn,2012,0.509635329246521
lbn,2013,0.496208995580673
lbn,2014,0.474757760763168
lbn,2015,0.473558574914932
lbn,2016,0.462292462587357
lbn,2017,0.460876494646072
lbn,2018,0.543542921543121
lbn,2019,0.498525768518448
lbn,2020,0.501716256141663
lbn,2021,0.386638700962067
lbn,2022,0.359301060438156
lbn,2023,0.349483758211136
lka,1954,3.4142439365387
lka,1955,3.35337424278259
lka,1956,2.94782638549805
lka,1957,2.89462757110596
lka,1958,2.94269132614136
lka,1959,2.86639213562012
lka,1960,2.99183225631714
lka,1961,2.97745990753174
lka,1962,2.83016276359558
lka,1963,2.78368186950684
lka,1964,2.78186845779419
lka,1965,2.65262246131897
lka,1966,2.58659625053406
lka,1967,2.66408014297485
lka,1968,2.34013032913208
lka,1969,2.3966109752655
lka,1970,2.50150609016418
lka,1971,2.25842952728272
lka,1972,2.30526423454285
lka,1973,2.2589008808136
lka,1974,2.55795311927795
lka,1975,2.23800826072693
lka,1976,1.90254819393158
lka,1977,2.04405879974365
lka,1978,1.31293761730194
lka,1979,1.50785779953003
lka,1980,1.67820620536804
lka,1981,1.34211146831512
lka,1982,1.18489825725555
lka,1983,0.941641271114349
lka,1984,0.83906215429306
lka,1985,0.682318270206451
lka,1986,0.705653488636017
lka,1987,0.804354965686798
lka,1988,0.950101256370544
lka,1989,0.986124396324158
lka,1990,1.18789052963257
lka,1991,1.30016994476318
lka,1992,1.36282014846802
lka,1993,1.4160840511322
lka,1994,1.44056570529938
lka,1995,1.45822405815125
lka,1996,1.36415386199951
lka,1997,1.39385306835175
lka,1998,1.42157423496246
lka,1999,1.31974315643311
lka,2000,1.35572242736816
lka,2001,1.31883788108826
lka,2002,1.28531229496002
lka,2003,1.12944233417511
lka,2004,1.10248732566834
lka,2005,1.09934401512146
lka,2006,1.0879944562912
lka,2007,1.05045390129089
lka,2008,1.11890614032745
lka,2009,0.995568215847015
lka,2010,0.945512473583221
lka,2011,0.95290470123291
lka,2012,0.893692016601563
lka,2013,0.861404001712799
lka,2014,0.826441407203674
lka,2015,0.767001748085022
lka,2016,0.716692745685577
lka,2017,0.713411808013916
lka,2018,0.648352563381195
lka,2019,0.576952993869782
lka,2020,0.564209461212158
lka,2021,0.559070289134979
lka,2022,0.420393705368042
lka,2023,0.488984346389771
lso,1970,0.733841359615326
lso,1971,0.601639688014984
lso,1972,0.654804170131683
lso,1973,0.868371486663818
lso,1974,0.877702236175537
lso,1975,0.7001131772995
lso,1976,0.475186377763748
lso,1977,0.531527876853943
lso,1978,0.581946730613709
lso,1979,0.464202016592026
lso,1980,0.490059763193131
lso,1981,0.412408411502838
lso,1982,0.366562873125076
lso,1983,0.3630630671978
lso,1984,0.29108065366745
lso,1985,0.204590350389481
lso,1986,0.24826380610466
lso,1987,0.320965737104416
lso,1988,0.316589027643204
lso,1989,0.290026485919952
lso,1990,0.31979963183403
lso,1991,0.339282482862473
lso,1992,0.351397097110748
lso,1993,0.329237520694733
lso,1994,0.311284720897675
lso,1995,0.340477973222733
lso,1996,0.304098457098007
lso,1997,0.298353284597397
lso,1998,0.271169364452362
lso,1999,0.258754730224609
lso,2000,0.250826448202133
lso,2001,0.268660098314285
lso,2002,0.275653660297394
lso,2003,0.368397861719131
lso,2004,0.474472105503082
lso,2005,0.562516152858734
lso,2006,0.645433783531189
lso,2007,0.636757731437683
lso,2008,0.559980034828186
lso,2009,0.392481505870819
lso,2010,0.394413471221924
lso,2011,0.448853462934494
lso,2012,0.396720230579376
lso,2013,0.329255849123001
lso,2014,0.330734103918076
lso,2015,0.295408993959427
lso,2016,0.261756896972656
lso,2017,0.283331423997879
lso,2018,0.323376357555389
lso,2019,0.308774799108505
lso,2020,0.299787431955338
lso,2021,0.326898992061615
lso,2022,0.266586184501648
lso,2023,0.215500682592392
ltu,1994,0.520409762859345
ltu,1995,0.54897153377533
ltu,1996,0.654409348964691
ltu,1997,0.714977920055389
ltu,1998,0.696197390556335
ltu,1999,0.615277588367462
ltu,2000,0.742482960224152
ltu,2001,0.778654277324677
ltu,2002,0.901177644729614
ltu,2003,1.05373919010162
ltu,2004,1.14881503582001
ltu,2005,1.14884829521179
ltu,2006,1.06458139419556
ltu,2007,1.20326030254364
ltu,2008,1.27716517448425
ltu,2009,0.965796887874603
ltu,2010,0.795831322669983
ltu,2011,0.940845608711243
ltu,2012,0.90521901845932
ltu,2013,0.889107644557953
ltu,2014,0.907731652259827
ltu,2015,0.702679872512817
ltu,2016,0.661450386047363
ltu,2017,0.688294231891632
ltu,2018,0.711703300476074
ltu,2019,0.63319206237793
ltu,2020,0.670595824718475
ltu,2021,0.64459902048111
ltu,2022,0.585997462272644
ltu,2023,0.554691195487976
lux,1954,1.33158040046692
lux,1955,1.27550625801086
lux,1956,1.35117614269257
lux,1957,1.32472085952759
lux,1958,1.24019289016724
lux,1959,1.15474784374237
lux,1960,1.2332056760788
lux,1961,1.15317070484161
lux,1962,1.0822411775589
lux,1963,1.07863295078278
lux,1964,1.15709006786346
lux,1965,1.10398948192596
lux,1966,1.08584916591644
lux,1967,1.10621798038483
lux,1968,1.17252421379089
lux,1969,1.33215177059174
lux,1970,1.50811123847961
lux,1971,1.23313701152802
lux,1972,1.4360978603363
lux,1973,1.86820936203003
lux,1974,2.09282445907593
lux,1975,1.44723534584045
lux,1976,1.52882087230682
lux,1977,1.39738667011261
lux,1978,1.62122046947479
lux,1979,1.65194380283356
lux,1980,1.55421936511993
lux,1981,1.13418543338776
lux,1982,1.24283850193024
lux,1983,1.19335603713989
lux,1984,1.08219456672668
lux,1985,1.13057613372803
lux,1986,1.52607095241547
lux,1987,1.66323268413544
lux,1988,1.69585251808167
lux,1989,1.46718907356262
lux,1990,1.62985074520111
lux,1991,1.57162845134735
lux,1992,1.57636284828186
lux,1993,1.38000595569611
lux,1994,1.55860090255737
lux,1995,1.76068687438965
lux,1996,1.70862102508545
lux,1997,1.57761383056641
lux,1998,1.60405135154724
lux,1999,1.735684633255
lux,2000,1.6643146276474
lux,2001,1.75697612762451
lux,2002,1.88730430603027
lux,2003,2.12027406692505
lux,2004,2.32255721092224
lux,2005,2.02473020553589
lux,2006,2.41147637367249
lux,2007,2.75467967987061
lux,2008,2.77520608901978
lux,2009,2.32119917869568
lux,2010,2.16009712219238
lux,2011,1.96435129642487
lux,2012,1.92129302024841
lux,2013,2.02115917205811
lux,2014,1.97333908081055
lux,2015,1.56149852275848
lux,2016,1.572026014328
lux,2017,1.54537916183472
lux,2018,1.52203261852264
lux,2019,1.37138450145721
lux,2020,1.5784330368042
lux,2021,1.6375116109848
lux,2022,1.3159145116806
lux,2023,1.17361629009247
lva,1994,0.393204540014267
lva,1995,0.363558769226074
lva,1996,0.356290251016617
lva,1997,0.428229331970215
lva,1998,0.472416341304779
lva,1999,0.476192474365234
lva,2000,0.549602150917053
lva,2001,0.71187961101532
lva,2002,0.738988339900971
lva,2003,0.731026589870453
lva,2004,0.848807752132416
lva,2005,0.896260023117065
lva,2006,0.727359533309937
lva,2007,0.847727417945862
lva,2008,0.710100948810577
lva,2009,0.487872928380966
lva,2010,0.438762485980988
lva,2011,0.445588946342468
lva,2012,0.46445244550705
lva,2013,0.505800843238831
lva,2014,0.479576170444489
lva,2015,0.364737778902054
lva,2016,0.346519023180008
lva,2017,0.346353471279144
lva,2018,0.350831001996994
lva,2019,0.327140241861343
lva,2020,0.337114810943604
lva,2021,0.391675174236298
lva,2022,0.317702293395996
lva,2023,0.304332792758942
mac,1980,3.05482792854309
mac,1981,2.59306287765503
mac,1982,2.44338274002075
mac,1983,1.9912633895874
mac,1984,1.98086607456207
mac,1985,1.84870588779449
mac,1986,1.85759282112122
mac,1987,2.18237209320068
mac,1988,2.2562735080719
mac,1989,2.23324084281921
mac,1990,2.3638129234314
mac,1991,2.39885020256043
mac,1992,2.67346429824829
mac,1993,2.60977482795715
mac,1994,2.51245164871216
mac,1995,2.57376337051392
mac,1996,2.47488975524902
mac,1997,2.33578419685364
mac,1998,2.08098435401917
mac,1999,1.88224220275879
mac,2000,2.0232720375061
mac,2001,2.04694652557373
mac,2002,2.09376239776611
mac,2003,2.19563508033752
mac,2004,2.5878598690033
mac,2005,2.35627579689026
mac,2006,2.27777194976807
mac,2007,2.02648901939392
mac,2008,1.79873526096344
mac,2009,1.56058287620544
mac,2010,1.81519424915314
mac,2011,2.19695711135864
mac,2012,2.41476583480835
mac,2013,2.73149037361145
mac,2014,2.66022968292236
mac,2015,2.01841115951538
mac,2016,1.90445172786713
mac,2017,2.03988766670227
mac,2018,2.08840155601501
mac,2019,2.02775955200195
mac,2020,1.00804209709167
mac,2021,1.10878956317902
mac,2022,0.788640379905701
mac,2023,1.34942722320557
mar,1954,4.2526798248291
mar,1955,3.8628044128418
mar,1956,4.26729726791382
mar,1957,4.21916198730469
mar,1958,4.18793296813965
mar,1959,3.52374196052551
mar,1960,3.83955955505371
mar,1961,3.81790542602539
mar,1962,4.20931196212769
mar,1963,4.45001792907715
mar,1964,4.52882862091064
mar,1965,4.41771030426025
mar,1966,4.08981847763062
mar,1967,4.14901113510132
mar,1968,4.27499198913574
mar,1969,4.22145318984985
mar,1970,4.22950267791748
mar,1971,3.82911038398743
mar,1972,4.13102865219116
mar,1973,4.4824333190918
mar,1974,5.11811399459839
mar,1975,4.62937116622925
mar,1976,3.83060455322266
mar,1977,3.56140089035034
mar,1978,3.72932195663452
mar,1979,3.95994257926941
mar,1980,4.40308618545532
mar,1981,3.01100611686707
mar,1982,2.73798108100891
mar,1983,1.91256105899811
mar,1984,1.30522286891937
mar,1985,1.03672027587891
mar,1986,1.20224046707153
mar,1987,1.17110097408295
mar,1988,1.16118764877319
mar,1989,0.951352536678314
mar,1990,0.88754940032959
mar,1991,0.79279899597168
mar,1992,0.669858455657959
mar,1993,0.514972150325775
mar,1994,0.47862833738327
mar,1995,0.456970572471619
mar,1996,0.466500461101532
mar,1997,0.423761129379272
mar,1998,0.497356176376343
mar,1999,0.543196797370911
mar,2000,0.57215940952301
mar,2001,0.608867228031158
mar,2002,0.651857495307922
mar,2003,0.785894095897675
mar,2004,0.862833976745606
mar,2005,0.816749751567841
mar,2006,0.78456449508667
mar,2007,0.791704833507538
mar,2008,0.766952574253082
mar,2009,0.589988112449646
mar,2010,0.470424979925156
mar,2011,0.444755643606186
mar,2012,0.412766188383102
mar,2013,0.444707423448563
mar,2014,0.489666998386383
mar,2015,0.408161342144012
mar,2016,0.397536039352417
mar,2017,0.410041004419327
mar,2018,0.466449111700058
mar,2019,0.483786314725876
mar,2020,0.456712990999222
mar,2021,0.565915048122406
mar,2022,0.468017548322678
mar,2023,0.474582880735397
mda,1994,0.371539443731308
mda,1995,0.374338507652283
mda,1996,0.241097718477249
mda,1997,0.285048574209213
mda,1998,0.252097725868225
mda,1999,0.264096617698669
mda,2000,0.287570416927338
mda,2001,0.313641458749771
mda,2002,0.29467761516571
mda,2003,0.287520527839661
mda,2004,0.388664305210114
mda,2005,0.40082710981369
mda,2006,0.427417069673538
mda,2007,0.544416010379791
mda,2008,0.61938863992691
mda,2009,0.478012442588806
mda,2010,0.558545887470245
mda,2011,0.710345089435577
mda,2012,0.591386914253235
mda,2013,0.560198783874512
mda,2014,0.561921775341034
mda,2015,0.432200461626053
mda,2016,0.442830473184586
mda,2017,0.636149168014526
mda,2018,0.514941096305847
mda,2019,0.468029946088791
mda,2020,0.427950799465179
mda,2021,0.405392915010452
mda,2022,0.353228837251663
mda,2023,0.738327085971832
mex,1954,1.14282202720642
mex,1955,1.08951044082642
mex,1956,1.16838049888611
mex,1957,1.21678757667542
mex,1958,1.30126917362213
mex,1959,1.25784766674042
mex,1960,1.37307119369507
mex,1961,1.40828037261963
mex,1962,1.38850557804108
mex,1963,1.42423593997955
mex,1964,1.55205130577087
mex,1965,1.48690903186798
mex,1966,1.47591507434845
mex,1967,1.5111882686615
mex,1968,1.48323249816895
mex,1969,1.51448142528534
mex,1970,1.55179798603058
mex,1971,1.48809230327606
mex,1972,1.52876722812653
mex,1973,1.62328398227692
mex,1974,1.92033743858337
mex,1975,1.94187128543854
mex,1976,1.71252083778381
mex,1977,1.48845267295837
mex,1978,1.73456037044525
mex,1979,2.01440119743347
mex,1980,2.53585052490234
mex,1981,2.5866219997406
mex,1982,1.64862143993378
mex,1983,1.23723673820496
mex,1984,1.3224675655365
mex,1985,1.29622805118561
mex,1986,0.882778465747833
mex,1987,0.943965554237366
mex,1988,1.12361097335815
mex,1989,1.24129259586334
mex,1990,1.32250046730042
mex,1991,1.48818302154541
mex,1992,1.59815227985382
mex,1993,1.70467877388
mex,1994,1.60609114170074
mex,1995,1.16279745101929
mex,1996,1.32004344463348
mex,1997,1.47819077968597
mex,1998,1.47994697093964
mex,1999,1.53784465789795
mex,2000,1.82267093658447
mex,2001,1.94126868247986
mex,2002,1.90062189102173
mex,2003,1.63692677021027
mex,2004,1.60367262363434
mex,2005,1.54194796085358
mex,2006,1.61727118492126
mex,2007,1.62889778614044
mex,2008,1.633336186409
mex,2009,1.10414707660675
mex,2010,1.08232951164246
mex,2011,1.04357862472534
mex,2012,1.03587186336517
mex,2013,0.973258793354034
mex,2014,0.991395950317383
mex,2015,0.858935117721558
mex,2016,0.773501634597778
mex,2017,0.808407247066498
mex,2018,0.851268470287323
mex,2019,0.891265690326691
mex,2020,0.847766757011414
mex,2021,0.907443583011627
mex,2022,0.869888603687286
mex,2023,0.970360994338989
mkd,1994,0.458433270454407
mkd,1995,0.621982514858246
mkd,1996,0.588944613933563
mkd,1997,0.517834603786469
mkd,1998,0.472305506467819
mkd,1999,0.450253486633301
mkd,2000,0.479961395263672
mkd,2001,0.463281750679016
mkd,2002,0.419264703989029
mkd,2003,0.463621705770493
mkd,2004,0.501603603363037
mkd,2005,0.532588124275208
mkd,2006,0.512312233448029
mkd,2007,0.619314730167389
mkd,2008,0.592247128486633
mkd,2009,0.512539863586426
mkd,2010,0.451053857803345
mkd,2011,0.548630654811859
mkd,2012,0.501184463500977
mkd,2013,0.547422409057617
mkd,2014,0.52168333530426
mkd,2015,0.481887936592102
mkd,2016,0.4829321205616
mkd,2017,0.561678349971771
mkd,2018,0.476473838090897
mkd,2019,0.450067281723022
mkd,2020,0.469071507453918
mkd,2021,0.466278403997421
mkd,2022,0.392638891935349
mkd,2023,0.402866512537003
mlt,1958,2.72810339927673
mlt,1959,2.56151247024536
mlt,1960,2.65344309806824
mlt,1961,2.62777805328369
mlt,1962,2.3514997959137
mlt,1963,2.19384551048279
mlt,1964,2.06280398368835
mlt,1965,1.95569801330566
mlt,1966,1.98745787143707
mlt,1967,2.00787949562073
mlt,1968,1.74019193649292
mlt,1969,1.80459630489349
mlt,1970,1.96252655982971
mlt,1971,1.73373484611511
mlt,1972,1.90235769748688
mlt,1973,2.04220080375671
mlt,1974,2.00910353660584
mlt,1975,2.08513426780701
mlt,1976,2.05573892593384
mlt,1977,2.12002682685852
mlt,1978,2.30199670791626
mlt,1979,2.50143218040466
mlt,1980,2.85137724876404
mlt,1981,2.28032207489014
mlt,1982,1.892697930336
mlt,1983,1.47879028320313
mlt,1984,1.2507016658783
mlt,1985,1.13335371017456
mlt,1986,1.42467784881592
mlt,1987,1.55947315692902
mlt,1988,1.68099558353424
mlt,1989,1.57278788089752
mlt,1990,1.66199839115143
mlt,1991,1.6278315782547
mlt,1992,1.64473128318787
mlt,1993,1.26638627052307
mlt,1994,1.27892231941223
mlt,1995,1.28740644454956
mlt,1996,1.18576753139496
mlt,1997,1.1250776052475
mlt,1998,1.17417645454407
mlt,1999,1.08164370059967
mlt,2000,1.11767053604126
mlt,2001,1.14422965049744
mlt,2002,1.24082386493683
mlt,2003,1.36234998703003
mlt,2004,1.41621506214142
mlt,2005,1.39322888851166
mlt,2006,1.31718182563782
mlt,2007,1.40372514724731
mlt,2008,1.57163977622986
mlt,2009,1.33332300186157
mlt,2010,1.14811515808105
mlt,2011,1.10330080986023
mlt,2012,1.02529966831207
mlt,2013,1.05426287651062
mlt,2014,1.29979729652405
mlt,2015,1.19089150428772
mlt,2016,1.11266958713532
mlt,2017,1.31769728660584
mlt,2018,1.35536205768585
mlt,2019,1.19407546520233
mlt,2020,1.16261518001556
mlt,2021,1.26827442646027
mlt,2022,0.997167885303497
mlt,2023,1.08836007118225
mng,1980,1.19149100780487
mng,1981,1.14778196811676
mng,1982,1.18837833404541
mng,1983,1.09920382499695
mng,1984,1.05078661441803
mng,1985,1.03349184989929
mng,1986,1.06838369369507
mng,1987,1.06531643867493
mng,1988,1.0643562078476
mng,1989,1.00157153606415
mng,1990,1.30890309810638
mng,1991,0.908293187618256
mng,1992,0.814678728580475
mng,1993,0.736315369606018
mng,1994,0.727654159069061
mng,1995,0.776570022106171
mng,1996,0.736475169658661
mng,1997,0.68610018491745
mng,1998,0.472407013177872
mng,1999,0.389918088912964
mng,2000,0.329903125762939
mng,2001,0.322709113359451
mng,2002,0.262027084827423
mng,2003,0.211070254445076
mng,2004,0.206749305129051
mng,2005,0.191082343459129
mng,2006,0.247055992484093
mng,2007,0.252596408128738
mng,2008,0.251231402158737
mng,2009,0.168266877532005
mng,2010,0.245540574193001
mng,2011,0.301150470972061
mng,2012,0.319604396820068
mng,2013,0.307864993810654
mng,2014,0.316344529390335
mng,2015,0.302181303501129
mng,2016,0.31574559211731
mng,2017,0.331517696380615
mng,2018,0.356431901454926
mng,2019,0.368571996688843
mng,2020,0.324205815792084
mng,2021,0.353638023138046
mng,2022,0.326014310121536
mng,2023,0.338367342948914
moz,1964,11.6808347702026
moz,1965,11.3592443466187
moz,1966,11.4319219589233
moz,1967,12.8494472503662
moz,1968,13.4855184555054
moz,1969,13.8821897506714
moz,1970,13.728458404541
moz,1971,13.353006362915
moz,1972,13.5881223678589
moz,1973,14.3472375869751
moz,1974,14.1896286010742
moz,1975,12.5770950317383
moz,1976,10.0716104507446
moz,1977,9.23160362243652
moz,1978,8.72612571716309
moz,1979,8.24540233612061
moz,1980,7.74919986724854
moz,1981,6.33686780929565
moz,1982,6.24163866043091
moz,1983,5.35652923583984
moz,1984,5.73487758636475
moz,1985,7.51072072982788
moz,1986,8.95825290679932
moz,1987,3.07336783409119
moz,1988,2.43757224082947
moz,1989,2.38379168510437
moz,1990,2.33249592781067
moz,1991,1.98684406280518
moz,1992,1.31193280220032
moz,1993,1.2096221446991
moz,1994,1.1422404050827
moz,1995,1.07960438728333
moz,1996,1.35547864437103
moz,1997,1.50563883781433
moz,1998,1.75935626029968
moz,1999,1.61446940898895
moz,2000,1.53889787197113
moz,2001,1.18090689182282
moz,2002,0.991202533245087
moz,2003,0.947407722473145
moz,2004,1.00277292728424
moz,2005,0.958716094493866
moz,2006,0.91394168138504
moz,2007,0.939640462398529
moz,2008,1.01657390594482
moz,2009,0.870669782161713
moz,2010,0.690708696842194
moz,2011,0.777101755142212
moz,2012,0.700148582458496
moz,2013,0.583670914173126
moz,2014,0.520529270172119
moz,2015,0.427130281925201
moz,2016,0.271481871604919
moz,2017,0.296584993600845
moz,2018,0.320646196603775
moz,2019,0.291364192962647
moz,2020,0.280951291322708
moz,2021,0.25720226764679
moz,2022,0.241116061806679
moz,2023,0.245921328663826
mrt,1977,0.721446454524994
mrt,1978,0.667498052120209
mrt,1979,0.752397358417511
mrt,1980,0.875827074050903
mrt,1981,0.79462331533432
mrt,1982,0.683757841587067
mrt,1983,0.597846269607544
mrt,1984,0.463071823120117
mrt,1985,0.407331347465515
mrt,1986,0.47427025437355
mrt,1987,0.545744776725769
mrt,1988,0.571011304855347
mrt,1989,0.556061863899231
mrt,1990,0.581928908824921
mrt,1991,0.626163840293884
mrt,1992,0.619052886962891
mrt,1993,0.504415273666382
mrt,1994,0.514725089073181
mrt,1995,0.524167537689209
mrt,1996,0.514374554157257
mrt,1997,0.493488818407059
mrt,1998,0.42957204580307
mrt,1999,0.397964060306549
mrt,2000,0.342491209506989
mrt,2001,0.31547474861145
mrt,2002,0.283765256404877
mrt,2003,0.283452928066254
mrt,2004,0.290694862604141
mrt,2005,0.291870892047882
mrt,2006,0.392723649740219
mrt,2007,0.374696403741837
mrt,2008,0.407008767127991
mrt,2009,0.342086464166641
mrt,2010,0.360079824924469
mrt,2011,0.411122798919678
mrt,2012,0.391337007284164
mrt,2013,0.408513754606247
mrt,2014,0.366906136274338
mrt,2015,0.350850850343704
mrt,2016,0.363190174102783
mrt,2017,0.375976234674454
mrt,2018,0.43492802977562
mrt,2019,0.474837154150009
mrt,2020,0.589436590671539
mrt,2021,0.579137027263641
mrt,2022,0.505520403385162
mrt,2023,0.52173787355423
mus,1954,2.36202096939087
mus,1955,1.99186670780182
mus,1956,2.34581613540649
mus,1957,2.2854642868042
mus,1958,1.97840893268585
mus,1959,1.95132482051849
mus,1960,1.6403626203537
mus,1961,1.85208261013031
mus,1962,1.76162981987
mus,1963,2.21123790740967
mus,1964,1.86055910587311
mus,1965,1.83644986152649
mus,1966,1.73820269107819
mus,1967,1.82930827140808
mus,1968,1.51221632957459
mus,1969,1.60477089881897
mus,1970,1.60648453235626
mus,1971,1.66040134429932
mus,1972,1.95776426792145
mus,1973,2.15808272361755
mus,1974,3.36941504478455
mus,1975,2.76050329208374
mus,1976,2.90828585624695
mus,1977,2.97211647033691
mus,1978,3.88148832321167
mus,1979,4.07948589324951
mus,1980,3.58914804458618
mus,1981,3.13538146018982
mus,1982,2.8655059337616
mus,1983,2.56847286224365
mus,1984,2.21393489837647
mus,1985,2.15809082984924
mus,1986,2.7557065486908
mus,1987,3.13172626495361
mus,1988,2.9298083782196
mus,1989,2.37110233306885
mus,1990,2.29889702796936
mus,1991,1.94462966918945
mus,1992,1.75650465488434
mus,1993,1.32703411579132
mus,1994,1.05634844303131
mus,1995,1.00372433662415
mus,1996,0.992480516433716
mus,1997,0.947616934776306
mus,1998,1.03224086761475
mus,1999,1.15627324581146
mus,2000,1.38596856594086
mus,2001,1.51715672016144
mus,2002,1.63970696926117
mus,2003,1.9627171754837
mus,2004,2.14959859848022
mus,2005,1.97556972503662
mus,2006,1.88327789306641
mus,2007,1.91530203819275
mus,2008,2.03236865997314
mus,2009,1.61260616779327
mus,2010,1.45603728294373
mus,2011,1.51955604553223
mus,2012,1.53779113292694
mus,2013,1.62329339981079
mus,2014,1.80406653881073
mus,2015,1.64330780506134
mus,2016,1.7016966342926
mus,2017,1.80829298496246
mus,2018,1.94737648963928
mus,2019,1.84002315998077
mus,2020,1.11018478870392
mus,2021,0.915881872177124
mus,2022,0.888129591941834
mus,2023,0.892714738845825
mys,1959,1.06690502166748
mys,1960,1.16523945331573
mys,1961,1.12946498394012
mys,1962,1.07087790966034
mys,1963,1.05951714515686
mys,1964,1.04922568798065
mys,1965,1.03439545631409
mys,1966,1.00155508518219
mys,1967,0.991147756576538
mys,1968,0.943072080612183
mys,1969,0.977784395217896
mys,1970,0.952702939510346
mys,1971,0.860499799251556
mys,1972,0.903329610824585
mys,1973,1.195880651474
mys,1974,1.31983006000519
mys,1975,1.0825332403183
mys,1976,1.07261037826538
mys,1977,1.08589577674866
mys,1978,1.15872168540955
mys,1979,1.27174484729767
mys,1980,1.28675222396851
mys,1981,1.03687357902527
mys,1982,0.980430066585541
mys,1983,0.913239538669586
mys,1984,0.877265572547913
mys,1985,0.739197134971619
mys,1986,0.645063400268555
mys,1987,0.756703734397888
mys,1988,0.794232666492462
mys,1989,0.780132055282593
mys,1990,0.811641752719879
mys,1991,0.829385578632355
mys,1992,0.912895500659943
mys,1993,0.915083885192871
mys,1994,0.891038119792938
mys,1995,0.950334370136261
mys,1996,0.964733898639679
mys,1997,0.865827977657318
mys,1998,0.637508928775787
mys,1999,0.696373760700226
mys,2000,0.821294367313385
mys,2001,0.794037878513336
mys,2002,0.787059783935547
mys,2003,0.779508113861084
mys,2004,0.802126824855804
mys,2005,0.801679968833923
mys,2006,0.825712203979492
mys,2007,0.8642897605896
mys,2008,0.901955902576447
mys,2009,0.70773184299469
mys,2010,0.804493844509125
mys,2011,0.876640021800995
mys,2012,0.853349804878235
mys,2013,0.808064699172974
mys,2014,0.786514163017273
mys,2015,0.63365238904953
mys,2016,0.597830474376679
mys,2017,0.590038239955902
mys,2018,0.619248747825623
mys,2019,0.60350513458252
mys,2020,0.59437108039856
mys,2021,0.58408123254776
mys,2022,0.539980292320252
mys,2023,0.481124728918076
nam,1964,2.42888140678406
nam,1965,2.32702016830444
nam,1966,2.20759558677673
nam,1967,1.98531949520111
nam,1968,1.81785428524017
nam,1969,1.77215301990509
nam,1970,1.69050800800323
nam,1971,1.57265913486481
nam,1972,1.37945735454559
nam,1973,1.5224175453186
nam,1974,1.69526886940002
nam,1975,1.51241624355316
nam,1976,1.25349283218384
nam,1977,1.2383326292038
nam,1978,1.26646792888641
nam,1979,1.39030635356903
nam,1980,1.81386733055115
nam,1981,1.36321914196014
nam,1982,1.18083906173706
nam,1983,1.10219526290894
nam,1984,0.844697654247284
nam,1985,0.654975354671478
nam,1986,0.713059544563294
nam,1987,0.874005317687988
nam,1988,0.889020919799805
nam,1989,0.823895871639252
nam,1990,0.705065131187439
nam,1991,0.674820840358734
nam,1992,0.820437967777252
nam,1993,0.754596948623657
nam,1994,0.865504086017609
nam,1995,0.846056401729584
nam,1996,0.831875145435333
nam,1997,0.876308560371399
nam,1998,0.795639932155609
nam,1999,0.763405799865723
nam,2000,0.776103675365448
nam,2001,0.734264492988586
nam,2002,0.629378855228424
nam,2003,0.791987895965576
nam,2004,1.02150416374207
nam,2005,0.988823235034943
nam,2006,1.09360158443451
nam,2007,1.10230183601379
nam,2008,0.904882192611694
nam,2009,0.706042110919952
nam,2010,0.70987856388092
nam,2011,0.712361335754395
nam,2012,0.729907333850861
nam,2013,0.582904517650604
nam,2014,0.582926213741303
nam,2015,0.570313692092896
nam,2016,0.549208581447601
nam,2017,0.677303671836853
nam,2018,0.65013462305069
nam,2019,0.580318331718445
nam,2020,0.491444081068039
nam,2021,0.490157961845398
nam,2022,0.460803478956223
nam,2023,0.413376271724701
ner,1964,0.507005512714386
ner,1965,0.561526596546173
ner,1966,0.577030122280121
ner,1967,0.548214018344879
ner,1968,0.512817203998566
ner,1969,0.502227067947388
ner,1970,0.519396483898163
ner,1971,0.524340510368347
ner,1972,0.621709942817688
ner,1973,0.615624248981476
ner,1974,0.687277317047119
ner,1975,0.814880847930908
ner,1976,0.869711399078369
ner,1977,0.950443625450134
ner,1978,1.15858340263367
ner,1979,1.33893013000488
ner,1980,1.48572087287903
ner,1981,1.10933721065521
ner,1982,0.984428226947784
ner,1983,0.764117658138275
ner,1984,0.565991222858429
ner,1985,0.557807266712189
ner,1986,0.70272034406662
ner,1987,0.825627505779266
ner,1988,0.837477743625641
ner,1989,0.719628751277924
ner,1990,0.829428732395172
ner,1991,0.772467911243439
ner,1992,0.777954399585724
ner,1993,0.681735038757324
ner,1994,0.400064945220947
ner,1995,0.47216984629631
ner,1996,0.520904183387756
ner,1997,0.481627017259598
ner,1998,0.493880718946457
ner,1999,0.468271762132645
ner,2000,0.423768073320389
ner,2001,0.473539441823959
ner,2002,0.494409650564194
ner,2003,0.564597487449646
ner,2004,0.530494153499603
ner,2005,0.542986571788788
ner,2006,0.53052681684494
ner,2007,0.642315924167633
ner,2008,0.754427850246429
ner,2009,0.669497132301331
ner,2010,0.623956143856049
ner,2011,0.595368385314941
ner,2012,0.615347504615784
ner,2013,0.700725018978119
ner,2014,0.679038405418396
ner,2015,0.563251852989197
ner,2016,0.581435978412628
ner,2017,0.565241396427155
ner,2018,0.599196374416351
ner,2019,0.573102116584778
ner,2020,0.647236227989197
ner,2021,0.62433797121048
ner,2022,0.54184228181839
ner,2023,0.538959383964539
nga,1954,1.4468195438385
nga,1955,1.36149501800537
nga,1956,1.35505843162537
nga,1957,1.30947434902191
nga,1958,1.27563738822937
nga,1959,1.23563969135284
nga,1960,1.34048175811768
nga,1961,1.34404110908508
nga,1962,1.31770777702332
nga,1963,1.29166042804718
nga,1964,1.30215287208557
nga,1965,1.22374367713928
nga,1966,1.14895629882813
nga,1967,0.892750859260559
nga,1968,0.827041268348694
nga,1969,1.03749251365662
nga,1970,1.72064709663391
nga,1971,1.56301295757294
nga,1972,1.55890846252441
nga,1973,1.43366765975952
nga,1974,1.99621772766113
nga,1975,1.93158185482025
nga,1976,1.79482924938202
nga,1977,1.64454364776611
nga,1978,1.51778995990753
nga,1979,1.60283541679382
nga,1980,1.93168449401855
nga,1981,1.47888505458832
nga,1982,1.33130323886871
nga,1983,1.15075767040253
nga,1984,1.04116404056549
nga,1985,0.943128705024719
nga,1986,0.657098293304443
nga,1987,0.47547659277916
nga,1988,0.677999794483185
nga,1989,0.734625458717346
nga,1990,0.95291930437088
nga,1991,1.04177486896515
nga,1992,1.06036865711212
nga,1993,1.07615351676941
nga,1994,0.868875563144684
nga,1995,1.01266062259674
nga,1996,1.07919383049011
nga,1997,1.03012704849243
nga,1998,0.975486516952515
nga,1999,0.901974081993103
nga,2000,0.990948736667633
nga,2001,0.796367883682251
nga,2002,0.581671416759491
nga,2003,0.468209862709045
nga,2004,0.418177247047424
nga,2005,0.472302466630936
nga,2006,0.537198781967163
nga,2007,0.611796319484711
nga,2008,0.713092088699341
nga,2009,0.561725974082947
nga,2010,0.642447054386139
nga,2011,0.715467572212219
nga,2012,0.923493206501007
nga,2013,1.09546387195587
nga,2014,1.24753057956696
nga,2015,1.17046868801117
nga,2016,1.00097000598907
nga,2017,0.92297351360321
nga,2018,0.854616165161133
nga,2019,0.723770618438721
nga,2020,0.575848877429962
nga,2021,0.416467398405075
nga,2022,0.379478842020035
nga,2023,0.268806576728821
nic,1980,0.982903957366943
nic,1981,0.936588227748871
nic,1982,0.924372732639313
nic,1983,0.870932877063751
nic,1984,0.795017719268799
nic,1985,0.736006617546082
nic,1986,0.71135401725769
nic,1987,0.70636397600174
nic,1988,0.620750248432159
nic,1989,0.585023581981659
nic,1990,0.578545570373535
nic,1991,0.584061801433563
nic,1992,0.595150768756867
nic,1993,0.603513419628143
nic,1994,0.539139747619629
nic,1995,0.563796699047089
nic,1996,0.569834530353546
nic,1997,0.561715602874756
nic,1998,0.585668861865997
nic,1999,0.577246367931366
nic,2000,0.605030179023743
nic,2001,0.62928968667984
nic,2002,0.569700002670288
nic,2003,0.534489452838898
nic,2004,0.533024191856384
nic,2005,0.515110611915588
nic,2006,0.512337148189545
nic,2007,0.512959778308868
nic,2008,0.541453301906586
nic,2009,0.520572364330292
nic,2010,0.499739080667496
nic,2011,0.517044961452484
nic,2012,0.524838447570801
nic,2013,0.505781829357147
nic,2014,0.520930051803589
nic,2015,0.541660666465759
nic,2016,0.534135401248932
nic,2017,0.526564002037048
nic,2018,0.433709412813187
nic,2019,0.378566414117813
nic,2020,0.371792823076248
nic,2021,0.331992566585541
nic,2022,0.313486218452454
nic,2023,0.324938863515854
nld,1954,0.430124849081039
nld,1955,0.414276570081711
nld,1956,0.423177927732468
nld,1957,0.417633295059204
nld,1958,0.404347121715546
nld,1959,0.377507925033569
nld,1960,0.40397509932518
nld,1961,0.419196724891663
nld,1962,0.417351931333542
nld,1963,0.423873662948608
nld,1964,0.44167485833168
nld,1965,0.44769498705864
nld,1966,0.445021390914917
nld,1967,0.465762734413147
nld,1968,0.470298737287521
nld,1969,0.556428492069244
nld,1970,0.592952489852905
nld,1971,0.584513008594513
nld,1972,0.687675416469574
nld,1973,0.80895984172821
nld,1974,0.864466190338135
nld,1975,0.817774713039398
nld,1976,0.845977425575256
nld,1977,0.88075053691864
nld,1978,0.957734763622284
nld,1979,0.999108135700226
nld,1980,1.04749643802643
nld,1981,0.862332105636597
nld,1982,0.871374726295471
nld,1983,0.81650972366333
nld,1984,0.758898437023163
nld,1985,0.721269845962524
nld,1986,0.942235231399536
nld,1987,1.04425144195557
nld,1988,1.05756521224976
nld,1989,0.982479870319367
nld,1990,1.17015969753265
nld,1991,1.11035335063934
nld,1992,1.10391211509705
nld,1993,0.990547001361847
nld,1994,1.03942477703094
nld,1995,1.3126494884491
nld,1996,1.25149953365326
nld,1997,1.15792393684387
nld,1998,1.23197174072266
nld,1999,1.19401168823242
nld,2000,1.12171876430511
nld,2001,1.22249960899353
nld,2002,1.26560175418854
nld,2003,1.38963389396667
nld,2004,1.47483038902283
nld,2005,1.40487575531006
nld,2006,1.36874628067017
nld,2007,1.4030784368515
nld,2008,1.44248855113983
nld,2009,1.15566766262054
nld,2010,0.955342590808868
nld,2011,0.95845365524292
nld,2012,0.815093219280243
nld,2013,0.787002265453339
nld,2014,0.833315849304199
nld,2015,0.714707374572754
nld,2016,0.712292373180389
nld,2017,0.744169354438782
nld,2018,0.775606453418732
nld,2019,0.75430029630661
nld,2020,0.740280330181122
nld,2021,0.78481251001358
nld,2022,0.716050326824188
nld,2023,0.727595508098602
nor,1954,0.866594076156616
nor,1955,0.806404769420624
nor,1956,0.883651494979858
nor,1957,0.883755087852478
nor,1958,0.850932538509369
nor,1959,0.828432023525238
nor,1960,0.880260944366455
nor,1961,0.916302144527435
nor,1962,0.917670130729675
nor,1963,0.940202355384827
nor,1964,1.00719571113586
nor,1965,1.01981127262115
nor,1966,1.02658677101135
nor,1967,1.09954798221588
nor,1968,1.10912728309631
nor,1969,1.16984140872955
nor,1970,1.28695726394653
nor,1971,1.20595717430115
nor,1972,1.25388860702515
nor,1973,1.4671756029129
nor,1974,1.64713478088379
nor,1975,1.54718387126923
nor,1976,1.39782559871674
nor,1977,1.36803030967712
nor,1978,1.43666982650757
nor,1979,1.58356356620789
nor,1980,1.96882605552673
nor,1981,1.62674951553345
nor,1982,1.46084320545197
nor,1983,1.23882675170898
nor,1984,1.14461243152618
nor,1985,1.06432580947876
nor,1986,1.03817284107208
nor,1987,1.16167151927948
nor,1988,1.2022956609726
nor,1989,1.23583221435547
nor,1990,1.48086214065552
nor,1991,1.49418890476227
nor,1992,1.55501413345337
nor,1993,1.39721095561981
nor,1994,1.35811972618103
nor,1995,1.57435965538025
nor,1996,1.60833537578583
nor,1997,1.48950660228729
nor,1998,1.24823582172394
nor,1999,1.32816112041473
nor,2000,1.71831548213959
nor,2001,1.65959072113037
nor,2002,1.6817969083786
nor,2003,1.83311951160431
nor,2004,1.96166098117828
nor,2005,2.07973837852478
nor,2006,2.13557267189026
nor,2007,2.1381139755249
nor,2008,2.31481146812439
nor,2009,1.52151238918304
nor,2010,1.56142330169678
nor,2011,1.76399230957031
nor,2012,1.66602790355682
nor,2013,1.52081143856049
nor,2014,1.39771664142609
nor,2015,0.995917856693268
nor,2016,0.895374417304993
nor,2017,0.984638571739197
nor,2018,1.03041136264801
nor,2019,0.865667939186096
nor,2020,0.77017468214035
nor,2021,1.14524435997009
nor,2022,1.42481374740601
nor,2023,1.07558059692383
nzl,1954,1.44562196731567
nzl,1955,1.33467400074005
nzl,1956,1.35370552539825
nzl,1957,1.33314692974091
nzl,1958,1.35310459136963
nzl,1959,1.3238513469696
nzl,1960,1.38541615009308
nzl,1961,1.34606492519379
nzl,1962,1.34423208236694
nzl,1963,1.36884784698486
nzl,1964,1.42941904067993
nzl,1965,1.38008856773376
nzl,1966,1.29669094085693
nzl,1967,1.28475773334503
nzl,1968,1.06479454040527
nzl,1969,1.13162636756897
nzl,1970,1.2138055562973
nzl,1971,1.28882956504822
nzl,1972,1.39486908912659
nzl,1973,1.65501761436462
nzl,1974,1.69772481918335
nzl,1975,1.3485871553421
nzl,1976,1.24723601341248
nzl,1977,1.20659399032593
nzl,1978,1.31108450889587
nzl,1979,1.36231529712677
nzl,1980,1.46894586086273
nzl,1981,1.29467046260834
nzl,1982,1.22031569480896
nzl,1983,1.12893557548523
nzl,1984,0.962196826934815
nzl,1985,0.862289309501648
nzl,1986,1.04110479354858
nzl,1987,1.22542297840118
nzl,1988,1.41603922843933
nzl,1989,1.22213220596313
nzl,1990,1.21850621700287
nzl,1991,1.11688923835754
nzl,1992,1.04920613765717
nzl,1993,1.07363045215607
nzl,1994,1.17956149578094
nzl,1995,1.31902754306793
nzl,1996,1.34923827648163
nzl,1997,1.35555326938629
nzl,1998,1.16643118858337
nzl,1999,1.26905417442322
nzl,2000,1.12699639797211
nzl,2001,1.09952509403229
nzl,2002,1.20140039920807
nzl,2003,1.49631917476654
nzl,2004,1.68045246601105
nzl,2005,1.68146681785584
nzl,2006,1.46364057064056
nzl,2007,1.62839031219482
nzl,2008,1.48797059059143
nzl,2009,1.29329419136047
nzl,2010,1.39630532264709
nzl,2011,1.5249799489975
nzl,2012,1.53199994564056
nzl,2013,1.37349057197571
nzl,2014,1.44757318496704
nzl,2015,1.32014906406403
nzl,2016,1.31274712085724
nzl,2017,1.44744825363159
nzl,2018,1.41290831565857
nzl,2019,1.3440375328064
nzl,2020,1.49001049995422
nzl,2021,1.51990163326263
nzl,2022,1.24929189682007
nzl,2023,1.16435492038727
omn,1974,1.19471395015717
omn,1975,1.2387535572052
omn,1976,1.39790689945221
omn,1977,1.01205277442932
omn,1978,0.76663464307785
omn,1979,0.846884727478027
omn,1980,1.3625715970993
omn,1981,1.49185049533844
omn,1982,1.52561616897583
omn,1983,1.47079694271088
omn,1984,1.48318827152252
omn,1985,1.5256255865097
omn,1986,1.15477907657623
omn,1987,1.2650454044342
omn,1988,1.20674049854279
omn,1989,1.30120396614075
omn,1990,1.62305951118469
omn,1991,1.54449939727783
omn,1992,1.59226405620575
omn,1993,1.38350510597229
omn,1994,1.35779690742493
omn,1995,1.4914698600769
omn,1996,1.753293633461
omn,1997,1.70087039470673
omn,1998,1.09960985183716
omn,1999,1.24642646312714
omn,2000,1.65489387512207
omn,2001,1.34992825984955
omn,2002,1.03297066688538
omn,2003,0.805644273757935
omn,2004,0.711646914482117
omn,2005,0.797320008277893
omn,2006,0.831519603729248
omn,2007,0.729514241218567
omn,2008,1.02209949493408
omn,2009,0.566019356250763
omn,2010,0.575905025005341
omn,2011,0.664844691753388
omn,2012,0.780569076538086
omn,2013,0.776075541973114
omn,2014,0.811799228191376
omn,2015,0.669232547283173
omn,2016,0.628183901309967
omn,2017,0.665632724761963
omn,2018,0.813365340232849
omn,2019,0.762777805328369
omn,2020,0.719229578971863
omn,2021,0.597764015197754
omn,2022,0.630312383174896
omn,2023,0.557770788669586
pan,1969,3.20577096939087
pan,1970,2.97002267837524
pan,1971,2.68563938140869
pan,1972,2.42560148239136
pan,1973,2.30178809165955
pan,1974,2.372483253479
pan,1975,2.18268036842346
pan,1976,1.96948909759521
pan,1977,1.91642665863037
pan,1978,2.03291177749634
pan,1979,2.07737612724304
pan,1980,2.47567296028137
pan,1981,2.26701521873474
pan,1982,2.18019318580627
pan,1983,2.00718593597412
pan,1984,1.94113349914551
pan,1985,1.96154117584229
pan,1986,1.99116110801697
pan,1987,1.98297500610352
pan,1988,1.75504493713379
pan,1989,1.68435406684875
pan,1990,1.90767550468445
pan,1991,2.04004335403442
pan,1992,2.25815987586975
pan,1993,2.20631694793701
pan,1994,2.09319400787354
pan,1995,1.93609368801117
pan,1996,1.7383359670639
pan,1997,1.72285354137421
pan,1998,1.71149301528931
pan,1999,1.64448773860931
pan,2000,1.57660889625549
pan,2001,1.62754964828491
pan,2002,1.59908962249756
pan,2003,1.54677975177765
pan,2004,1.53530931472778
pan,2005,1.49095773696899
pan,2006,1.48179650306702
pan,2007,1.56838250160217
pan,2008,1.69401919841766
pan,2009,1.67049360275269
pan,2010,1.52053737640381
pan,2011,1.61320602893829
pan,2012,1.63435995578766
pan,2013,1.58257114887238
pan,2014,1.49156546592712
pan,2015,1.35830998420715
pan,2016,1.22383344173431
pan,2017,1.089723944664
pan,2018,0.987381815910339
pan,2019,0.879387497901917
pan,2020,0.755516111850739
pan,2021,0.710170745849609
pan,2022,0.673927664756775
pan,2023,0.644254744052887
per,1954,1.15534174442291
per,1955,1.09338116645813
per,1956,1.14160990715027
per,1957,1.15159153938293
per,1958,0.944138407707214
per,1959,0.868559718132019
per,1960,1.05607843399048
per,1961,1.13323652744293
per,1962,1.18058907985687
per,1963,1.21006298065186
per,1964,1.37611377239227
per,1965,1.5096173286438
per,1966,1.68672585487366
per,1967,1.65937423706055
per,1968,1.47261786460876
per,1969,1.61669182777405
per,1970,1.81855571269989
per,1971,1.70386016368866
per,1972,1.66934096813202
per,1973,1.69843852519989
per,1974,1.98168444633484
per,1975,1.93325567245483
per,1976,1.60737919807434
per,1977,1.27140617370605
per,1978,1.18434309959412
per,1979,1.52786767482758
per,1980,1.72111642360687
per,1981,1.59876012802124
per,1982,1.39678382873535
per,1983,0.890810549259186
per,1984,0.915428519248962
per,1985,0.798258185386658
per,1986,1.01100623607636
per,1987,1.41803634166718
per,1988,1.29478025436401
per,1989,1.26519119739532
per,1990,1.00092959403992
per,1991,1.17813408374786
per,1992,1.17479658126831
per,1993,1.02086567878723
per,1994,1.06963348388672
per,1995,1.12052738666534
per,1996,1.0724081993103
per,1997,1.0648740530014
per,1998,0.98084306716919
per,1999,0.845433413982391
per,2000,0.883740305900574
per,2001,0.870782315731049
per,2002,0.848924577236176
per,2003,0.835840225219727
per,2004,0.880134403705597
per,2005,0.893272757530212
per,2006,0.97044837474823
per,2007,1.02259063720703
per,2008,1.09250354766846
per,2009,0.992140352725983
per,2010,1.11413145065308
per,2011,1.22624504566193
per,2012,1.18720459938049
per,2013,1.12054395675659
per,2014,1.00488257408142
per,2015,0.873270392417908
per,2016,0.827620983123779
per,2017,0.840594828128815
per,2018,0.816222488880158
per,2019,0.752413809299469
per,2020,0.717044830322266
per,2021,0.716759741306305
per,2022,0.6397944688797
per,2023,0.62880265712738
phl,1954,2.48077511787415
phl,1955,2.26781892776489
phl,1956,2.38054943084717
phl,1957,2.37860560417175
phl,1958,2.40881681442261
phl,1959,2.32715821266174
phl,1960,2.40528225898743
phl,1961,2.46894574165344
phl,1962,1.36753690242767
phl,1963,1.3990763425827
phl,1964,1.39477813243866
phl,1965,1.37035846710205
phl,1966,1.37920963764191
phl,1967,1.40309369564056
phl,1968,1.43775296211243
phl,1969,1.49254465103149
phl,1970,1.12876355648041
phl,1971,1.16436791419983
phl,1972,1.29111313819885
phl,1973,1.59795033931732
phl,1974,2.20117902755737
phl,1975,2.08774828910828
phl,1976,2.007404088974
phl,1977,2.0250518321991
phl,1978,2.07860994338989
phl,1979,2.12460422515869
phl,1980,2.32670331001282
phl,1981,2.11016774177551
phl,1982,2.01092314720154
phl,1983,1.506392121315
phl,1984,1.25803709030151
phl,1985,1.16608011722565
phl,1986,1.08964335918427
phl,1987,1.17061901092529
phl,1988,1.18948304653168
phl,1989,1.13357722759247
phl,1990,1.05785274505615
phl,1991,0.98855197429657
phl,1992,1.01771438121796
phl,1993,0.902476489543915
phl,1994,0.885056495666504
phl,1995,0.93049019575119
phl,1996,0.950242877006531
phl,1997,0.893570303916931
phl,1998,0.726603507995606
phl,1999,0.845161497592926
phl,2000,0.898066520690918
phl,2001,0.892132997512817
phl,2002,0.917217195034027
phl,2003,0.889372408390045
phl,2004,0.837693631649017
phl,2005,0.853127300739288
phl,2006,0.914701759815216
phl,2007,0.97678017616272
phl,2008,0.979639887809753
phl,2009,0.841455519199371
phl,2010,0.779485285282135
phl,2011,0.782126545906067
phl,2012,0.873322606086731
phl,2013,0.943720519542694
phl,2014,0.965457201004028
phl,2015,0.937893748283386
phl,2016,0.875346183776856
phl,2017,0.839401662349701
phl,2018,0.760889887809753
phl,2019,0.741263866424561
phl,2020,0.702131688594818
phl,2021,0.617782711982727
phl,2022,0.53269761800766
phl,2023,0.522588968276978
pol,1974,2.64171075820923
pol,1975,2.3298773765564
pol,1976,2.25214958190918
pol,1977,2.23418068885803
pol,1978,2.27027559280396
pol,1979,2.27108311653137
pol,1980,1.605015873909
pol,1981,1.24887192249298
pol,1982,1.32231247425079
pol,1983,1.19339120388031
pol,1984,0.969254195690155
pol,1985,0.793444156646729
pol,1986,0.779366552829742
pol,1987,0.648893415927887
pol,1988,0.655450522899628
pol,1989,0.730898320674896
pol,1990,0.555254399776459
pol,1991,0.717157542705536
pol,1992,0.662811934947968
pol,1993,0.654917538166046
pol,1994,0.643340706825256
pol,1995,0.79488217830658
pol,1996,0.791769146919251
pol,1997,0.748629570007324
pol,1998,0.775738954544067
pol,1999,0.733926177024841
pol,2000,0.766723453998566
pol,2001,0.787494778633118
pol,2002,0.859254598617554
pol,2003,0.9262415766716
pol,2004,1.04409730434418
pol,2005,1.08831632137299
pol,2006,1.18664443492889
pol,2007,1.39581525325775
pol,2008,1.51570153236389
pol,2009,1.21879148483276
pol,2010,1.03151333332062
pol,2011,1.11885297298431
pol,2012,0.987886071205139
pol,2013,0.959708034992218
pol,2014,0.963976144790649
pol,2015,0.804403305053711
pol,2016,0.724561274051666
pol,2017,0.746088564395905
pol,2018,0.779355704784393
pol,2019,0.746383488178253
pol,2020,0.804626941680908
pol,2021,0.850430369377136
pol,2022,0.779189884662628
pol,2023,0.812818348407745
prt,1954,0.87339985370636
prt,1955,0.820541143417358
prt,1956,0.863414585590363
prt,1957,0.837768912315369
prt,1958,0.825338184833527
prt,1959,0.796333014965057
prt,1960,0.830633938312531
prt,1961,0.816557228565216
prt,1962,0.781192302703857
prt,1963,0.763489484786987
prt,1964,0.75311291217804
prt,1965,0.737780690193176
prt,1966,0.724581599235535
prt,1967,0.772424936294556
prt,1968,0.779463529586792
prt,1969,0.802569329738617
prt,1970,0.803302884101868
prt,1971,0.773566365242004
prt,1972,0.834604918956757
prt,1973,0.961799740791321
prt,1974,1.02247214317322
prt,1975,0.972246527671814
prt,1976,0.89273464679718
prt,1977,0.830622673034668
prt,1978,0.889141619205475
prt,1979,0.940533459186554
prt,1980,1.07808423042297
prt,1981,0.845565617084503
prt,1982,0.767512023448944
prt,1983,0.592667877674103
prt,1984,0.504676282405853
prt,1985,0.517249226570129
prt,1986,0.660064578056335
prt,1987,0.761001467704773
prt,1988,0.810081601142883
prt,1989,0.742523014545441
prt,1990,0.831546068191528
prt,1991,0.793598830699921
prt,1992,0.816886007785797
prt,1993,0.649466753005981
prt,1994,0.630637407302856
prt,1995,0.709531664848328
prt,1996,0.672488510608673
prt,1997,0.632269024848938
prt,1998,0.666464388370514
prt,1999,0.666675627231598
prt,2000,0.619104385375977
prt,2001,0.678187906742096
prt,2002,0.691336095333099
prt,2003,0.774771392345429
prt,2004,0.803991198539734
prt,2005,0.716907799243927
prt,2006,0.682746291160584
prt,2007,0.733183741569519
prt,2008,0.7266566157341
prt,2009,0.629371404647827
prt,2010,0.529517710208893
prt,2011,0.544480919837952
prt,2012,0.471738934516907
prt,2013,0.469144850969315
prt,2014,0.46814826130867
prt,2015,0.412489831447601
prt,2016,0.406489700078964
prt,2017,0.422064393758774
prt,2018,0.447453856468201
prt,2019,0.424019426107407
prt,2020,0.408079564571381
prt,2021,0.421461522579193
prt,2022,0.376518756151199
prt,2023,0.384899854660034
pry,1955,3.43333983421326
pry,1956,2.70839405059814
pry,1957,2.42089438438416
pry,1958,2.1274311542511
pry,1959,1.89594256877899
pry,1960,2.03038430213928
pry,1961,2.14720606803894
pry,1962,2.22539854049683
pry,1963,2.27587795257568
pry,1964,2.45050454139709
pry,1965,2.46813607215881
pry,1966,2.34581542015076
pry,1967,2.30827307701111
pry,1968,2.20292067527771
pry,1969,2.22198176383972
pry,1970,2.29923462867737
pry,1971,2.25413966178894
pry,1972,2.35006070137024
pry,1973,2.60752773284912
pry,1974,3.14047741889954
pry,1975,2.96524310112
pry,1976,2.75321865081787
pry,1977,2.81579995155334
pry,1978,2.83994317054749
pry,1979,3.07782220840454
pry,1980,3.4353449344635
pry,1981,3.25007295608521
pry,1982,2.98181867599487
pry,1983,2.77470278739929
pry,1984,1.9646760225296
pry,1985,1.51298880577087
pry,1986,1.67293882369995
pry,1987,1.3095828294754
pry,1988,1.58630168437958
pry,1989,0.98292338848114
pry,1990,1.05138623714447
pry,1991,1.13010370731354
pry,1992,1.06137323379517
pry,1993,1.0074211359024
pry,1994,1.02133464813232
pry,1995,1.07294380664825
pry,1996,1.04733288288116
pry,1997,0.93308037519455
pry,1998,0.844542562961578
pry,1999,0.749705135822296
pry,2000,0.705628514289856
pry,2001,0.686792016029358
pry,2002,0.637886345386505
pry,2003,0.61722993850708
pry,2004,0.679161250591278
pry,2005,0.641640961170197
pry,2006,0.693869173526764
pry,2007,0.780727863311768
pry,2008,0.961405038833618
pry,2009,0.80368709564209
pry,2010,0.787287712097168
pry,2011,0.877435147762299
pry,2012,0.895603716373444
pry,2013,0.985555112361908
pry,2014,1.02969264984131
pry,2015,0.930603742599487
pry,2016,0.902766942977905
pry,2017,0.937061011791229
pry,2018,0.839469134807587
pry,2019,0.709539830684662
pry,2020,0.64570951461792
pry,2021,0.607456505298615
pry,2022,0.541987836360931
pry,2023,0.502456665039063
qat,1974,0.570876061916351
qat,1975,0.529751121997833
qat,1976,0.580565273761749
qat,1977,0.644490242004395
qat,1978,0.616450905799866
qat,1979,0.782264232635498
qat,1980,1.19108402729034
qat,1981,1.40078890323639
qat,1982,1.25814914703369
qat,1983,1.10503053665161
qat,1984,1.30455553531647
qat,1985,1.220574259758
qat,1986,1.07329773902893
qat,1987,1.29441380500793
qat,1988,1.44557952880859
qat,1989,1.46239304542542
qat,1990,1.5823837518692
qat,1991,1.41555106639862
qat,1992,1.46592509746552
qat,1993,1.24208354949951
qat,1994,1.15625107288361
qat,1995,1.12582147121429
qat,1996,1.05103325843811
qat,1997,1.15200555324554
qat,1998,0.947175920009613
qat,1999,1.09719026088715
qat,2000,1.72574591636658
qat,2001,1.25780189037323
qat,2002,1.02199685573578
qat,2003,0.935245931148529
qat,2004,0.952801108360291
qat,2005,1.09636414051056
qat,2006,1.10358166694641
qat,2007,1.06640124320984
qat,2008,1.30596899986267
qat,2009,0.84261953830719
qat,2010,0.908911645412445
qat,2011,1.10640299320221
qat,2012,1.08093690872192
qat,2013,0.938605129718781
qat,2014,0.966895163059235
qat,2015,0.726318776607513
qat,2016,0.578502297401428
qat,2017,0.573221802711487
qat,2018,0.702047109603882
qat,2019,0.572109460830689
qat,2020,0.543477535247803
qat,2021,0.612925291061401
qat,2022,0.679188251495361
qat,2023,0.528122365474701
rou,1964,2.60950183868408
rou,1965,2.52009701728821
rou,1966,2.39223027229309
rou,1967,2.51968455314636
rou,1968,2.40331506729126
rou,1969,2.3459734916687
rou,1970,2.41436791419983
rou,1971,2.4308295249939
rou,1972,2.45118975639343
rou,1973,2.50017952919006
rou,1974,2.35122752189636
rou,1975,2.01511979103088
rou,1976,1.90257811546326
rou,1977,1.70887577533722
rou,1978,1.64645659923553
rou,1979,1.48562216758728
rou,1980,1.35350954532623
rou,1981,1.33942806720734
rou,1982,1.44576871395111
rou,1983,1.13697838783264
rou,1984,0.864374458789825
rou,1985,0.980670273303986
rou,1986,1.00796508789063
rou,1987,1.08189284801483
rou,1988,1.0599821805954
rou,1989,0.857667684555054
rou,1990,0.537398099899292
rou,1991,0.577129423618317
rou,1992,0.452779233455658
rou,1993,0.652631282806397
rou,1994,0.762182533740997
rou,1995,0.891362965106964
rou,1996,0.842094719409943
rou,1997,0.798400163650513
rou,1998,0.727356374263763
rou,1999,0.602804005146027
rou,2000,0.603264093399048
rou,2001,0.665404915809631
rou,2002,0.811480522155762
rou,2003,0.92108815908432
rou,2004,1.07222187519073
rou,2005,1.03284454345703
rou,2006,1.05095815658569
rou,2007,1.36206567287445
rou,2008,1.26086127758026
rou,2009,0.994110703468323
rou,2010,0.829107999801636
rou,2011,0.835016191005707
rou,2012,0.768370151519775
rou,2013,0.764692842960358
rou,2014,0.813580095767975
rou,2015,0.684184491634369
rou,2016,0.677749633789063
rou,2017,0.636248052120209
rou,2018,0.69623202085495
rou,2019,0.67495858669281
rou,2020,0.714354693889618
rou,2021,0.720908164978027
rou,2022,0.648723900318146
rou,2023,0.657570779323578
rus,1994,0.23087976872921
rus,1995,0.231102138757706
rus,1996,0.261577695608139
rus,1997,0.278270393610001
rus,1998,0.196309208869934
rus,1999,0.148715868592262
rus,2000,0.202085465192795
rus,2001,0.228078857064247
rus,2002,0.229605689644814
rus,2003,0.275879770517349
rus,2004,0.346803367137909
rus,2005,0.402508139610291
rus,2006,0.447687327861786
rus,2007,0.494111925363541
rus,2008,0.553903818130493
rus,2009,0.33656308054924
rus,2010,0.446014881134033
rus,2011,0.558061122894287
rus,2012,0.556324779987335
rus,2013,0.440356642007828
rus,2014,0.42029669880867
rus,2015,0.281907290220261
rus,2016,0.256174504756928
rus,2017,0.310991317033768
rus,2018,0.302966386079788
rus,2019,0.27394512295723
rus,2020,0.231864809989929
rus,2021,0.219967231154442
rus,2022,0.233298450708389
rus,2023,0.189698562026024
rwa,1964,2.18627500534058
rwa,1965,2.24336767196655
rwa,1966,1.74869203567505
rwa,1967,2.19907569885254
rwa,1968,2.22517919540405
rwa,1969,2.34605097770691
rwa,1970,2.63876867294312
rwa,1971,2.69237542152405
rwa,1972,2.60610365867615
rwa,1973,2.72985601425171
rwa,1974,3.18081140518188
rwa,1975,3.00896191596985
rwa,1976,2.78599214553833
rwa,1977,3.49463534355164
rwa,1978,5.49002838134766
rwa,1979,3.42691493034363
rwa,1980,3.86033797264099
rwa,1981,3.45864987373352
rwa,1982,4.76343393325806
rwa,1983,4.90273237228394
rwa,1984,4.35942697525024
rwa,1985,3.03338837623596
rwa,1986,3.60009026527405
rwa,1987,2.44295454025269
rwa,1988,3.32498168945313
rwa,1989,2.70658445358276
rwa,1990,2.3811399936676
rwa,1991,1.61369431018829
rwa,1992,1.49031484127045
rwa,1993,1.23071146011353
rwa,1994,0.72932356595993
rwa,1995,0.696738958358765
rwa,1996,0.720449328422546
rwa,1997,0.933449268341065
rwa,1998,0.99870640039444
rwa,1999,0.905677974224091
rwa,2000,0.823343575000763
rwa,2001,0.740103781223297
rwa,2002,0.650304555892944
rwa,2003,0.618279457092285
rwa,2004,0.601108372211456
rwa,2005,0.625992298126221
rwa,2006,0.620996356010437
rwa,2007,0.650895059108734
rwa,2008,0.69565486907959
rwa,2009,0.665946960449219
rwa,2010,0.615336239337921
rwa,2011,0.632011353969574
rwa,2012,0.656845331192017
rwa,2013,0.611123085021973
rwa,2014,0.61582738161087
rwa,2015,0.619901895523071
rwa,2016,0.535668015480042
rwa,2017,0.533177971839905
rwa,2018,0.493798136711121
rwa,2019,0.475732892751694
rwa,2020,0.491754055023193
rwa,2021,0.406818747520447
rwa,2022,0.3982193171978
rwa,2023,0.370758175849915
sau,1974,1.21517157554626
sau,1975,0.757045924663544
sau,1976,0.616295039653778
sau,1977,0.46271550655365
sau,1978,0.356654047966003
sau,1979,0.413077294826508
sau,1980,0.660033047199249
sau,1981,0.782450735569
sau,1982,0.688242435455322
sau,1983,0.55195164680481
sau,1984,0.529010117053986
sau,1985,0.500112235546112
sau,1986,0.448925316333771
sau,1987,0.469940572977066
sau,1988,0.495809495449066
sau,1989,0.51358038187027
sau,1990,0.633149385452271
sau,1991,0.690506756305695
sau,1992,0.675752699375153
sau,1993,0.598487615585327
sau,1994,0.583467483520508
sau,1995,0.598546624183655
sau,1996,0.688649654388428
sau,1997,0.680317640304565
sau,1998,0.521207392215729
sau,1999,0.583444237709045
sau,2000,0.736122965812683
sau,2001,0.617981016635895
sau,2002,0.553128302097321
sau,2003,0.565043747425079
sau,2004,0.613957822322846
sau,2005,0.720797121524811
sau,2006,0.711987614631653
sau,2007,0.660476207733154
sau,2008,0.771607100963593
sau,2009,0.399652868509293
sau,2010,0.420335352420807
sau,2011,0.494303584098816
sau,2012,0.549848139286041
sau,2013,0.54225617647171
sau,2014,0.56647402048111
sau,2015,0.449721544981003
sau,2016,0.440918177366257
sau,2017,0.481678634881973
sau,2018,0.693799912929535
sau,2019,0.689306199550629
sau,2020,0.614627122879028
sau,2021,0.606884479522705
sau,2022,0.638488113880158
sau,2023,0.539085566997528
sdn,1974,0.94668459892273
sdn,1975,0.945183396339417
sdn,1976,1.02008986473084
sdn,1977,1.08468103408813
sdn,1978,1.02301836013794
sdn,1979,0.986566722393036
sdn,1980,1.03844571113586
sdn,1981,1.03380990028381
sdn,1982,0.706504583358765
sdn,1983,0.580812871456146
sdn,1984,0.741268217563629
sdn,1985,0.657741725444794
sdn,1986,0.84626030921936
sdn,1987,1.06310319900513
sdn,1988,0.996175646781921
sdn,1989,0.906022369861603
sdn,1990,0.916217565536499
sdn,1991,0.766699552536011
sdn,1992,0.752799868583679
sdn,1993,0.697983324527741
sdn,1994,0.59989595413208
sdn,1995,0.591298818588257
sdn,1996,0.245818629860878
sdn,1997,0.178673163056374
sdn,1998,0.287188947200775
sdn,1999,0.413024842739105
sdn,2000,0.528121650218964
sdn,2001,0.584982633590698
sdn,2002,0.448370754718781
sdn,2003,0.510846674442291
sdn,2004,0.634309887886047
sdn,2005,0.688447058200836
sdn,2006,0.778095066547394
sdn,2007,0.735939919948578
sdn,2008,0.550315976142883
sdn,2009,0.364728152751923
sdn,2010,0.243787795305252
sdn,2011,0.234930083155632
sdn,2012,0.276264518499374
sdn,2013,0.415223687887192
sdn,2014,0.429612576961517
sdn,2015,0.523603141307831
sdn,2016,0.557995080947876
sdn,2017,0.434621214866638
sdn,2018,0.217280730605125
sdn,2019,0.246881172060967
sdn,2020,0.21898989379406
sdn,2021,0.310060352087021
sdn,2022,0.284594088792801
sdn,2023,0.244885370135307
sen,1964,2.5063693523407
sen,1965,2.42505788803101
sen,1966,2.43505048751831
sen,1967,2.40955567359924
sen,1968,2.53101992607117
sen,1969,2.33151841163635
sen,1970,2.32056641578674
sen,1971,2.16776013374329
sen,1972,2.42949485778809
sen,1973,2.55602622032166
sen,1974,2.72281885147095
sen,1975,3.20683526992798
sen,1976,2.91392016410828
sen,1977,2.77652406692505
sen,1978,2.87393689155579
sen,1979,3.27506566047668
sen,1980,3.41406083106995
sen,1981,2.53983116149902
sen,1982,2.73268246650696
sen,1983,2.48921656608582
sen,1984,2.24088048934937
sen,1985,2.37056279182434
sen,1986,3.26359009742737
sen,1987,3.71139550209045
sen,1988,3.52998113632202
sen,1989,2.69507575035095
sen,1990,2.79885005950928
sen,1991,2.26775884628296
sen,1992,2.03494167327881
sen,1993,1.46286761760712
sen,1994,0.791962265968323
sen,1995,0.826030135154724
sen,1996,0.769791007041931
sen,1997,0.674519956111908
sen,1998,0.72068202495575
sen,1999,0.752298414707184
sen,2000,0.717598021030426
sen,2001,0.79419881105423
sen,2002,0.820119321346283
sen,2003,0.978099167346954
sen,2004,1.05372083187103
sen,2005,1.0254340171814
sen,2006,0.993381083011627
sen,2007,1.07016277313232
sen,2008,1.15804326534271
sen,2009,1.00265216827393
sen,2010,0.875579476356506
sen,2011,0.901344299316406
sen,2012,0.866552293300629
sen,2013,0.942471385002136
sen,2014,0.976270437240601
sen,2015,0.821738421916962
sen,2016,0.869065284729004
sen,2017,0.841504037380219
sen,2018,0.789434373378754
sen,2019,0.675539374351502
sen,2020,0.670564532279968
sen,2021,0.548844754695892
sen,2022,0.430009096860886
sen,2023,0.402089625597
sgp,1964,2.2946150302887
sgp,1965,2.28429126739502
sgp,1966,2.31800508499146
sgp,1967,2.52268266677856
sgp,1968,2.50443816184998
sgp,1969,2.48110795021057
sgp,1970,2.38679075241089
sgp,1971,2.17722153663635
sgp,1972,2.34375882148743
sgp,1973,2.79111218452454
sgp,1974,3.03260111808777
sgp,1975,2.73660850524902
sgp,1976,2.40929698944092
sgp,1977,2.30314540863037
sgp,1978,2.34737181663513
sgp,1979,2.36632037162781
sgp,1980,2.55583024024963
sgp,1981,2.3759388923645
sgp,1982,2.08197951316834
sgp,1983,1.84977328777313
sgp,1984,1.64633071422577
sgp,1985,1.34842908382416
sgp,1986,1.37883007526398
sgp,1987,1.58098268508911
sgp,1988,1.76820302009583
sgp,1989,1.74407339096069
sgp,1990,1.90147531032562
sgp,1991,1.9830414056778
sgp,1992,2.00987482070923
sgp,1993,2.12499332427979
sgp,1994,2.27605605125427
sgp,1995,2.44871926307678
sgp,1996,2.34544849395752
sgp,1997,2.20206618309021
sgp,1998,1.66519618034363
sgp,1999,1.54781723022461
sgp,2000,1.57470703125
sgp,2001,1.21450555324554
sgp,2002,1.07952487468719
sgp,2003,0.971683263778687
sgp,2004,1.03032052516937
sgp,2005,0.972671210765839
sgp,2006,1.00995969772339
sgp,2007,1.08042061328888
sgp,2008,0.989181995391846
sgp,2009,0.882350385189056
sgp,2010,0.97032642364502
sgp,2011,1.0326315164566
sgp,2012,1.04419612884521
sgp,2013,1.02345681190491
sgp,2014,0.985235691070557
sgp,2015,0.914435803890228
sgp,2016,0.917637526988983
sgp,2017,0.929314732551575
sgp,2018,0.952739775180817
sgp,2019,0.914399147033691
sgp,2020,0.893074095249176
sgp,2021,0.974727869033814
sgp,2022,0.949598252773285
sgp,2023,0.860190987586975
sle,1980,16.1396503448486
sle,1981,14.1901607513428
sle,1982,14.6822891235352
sle,1983,10.7964973449707
sle,1984,11.8160171508789
sle,1985,8.74924945831299
sle,1986,5.57195901870728
sle,1987,4.2361044883728
sle,1988,5.53630018234253
sle,1989,3.95347499847412
sle,1990,2.24005484580994
sle,1991,2.06075382232666
sle,1992,1.28582739830017
sle,1993,0.995262145996094
sle,1994,0.74823784828186
sle,1995,0.448488622903824
sle,1996,0.366594105958939
sle,1997,0.348113715648651
sle,1998,0.312999665737152
sle,1999,0.35191735625267
sle,2000,0.389775931835175
sle,2001,0.557681381702423
sle,2002,0.650544285774231
sle,2003,0.727353930473328
sle,2004,0.755351066589356
sle,2005,0.785551190376282
sle,2006,0.844769775867462
sle,2007,0.91093772649765
sle,2008,0.992908120155335
sle,2009,0.888536632061005
sle,2010,0.700458228588104
sle,2011,0.620051503181458
sle,2012,0.793746709823608
sle,2013,1.35055208206177
sle,2014,1.4450101852417
sle,2015,1.12626075744629
sle,2016,1.13356530666351
sle,2017,1.33582639694214
sle,2018,1.2344286441803
sle,2019,1.1067430973053
sle,2020,1.09198379516602
sle,2021,0.560356199741364
sle,2022,0.682517886161804
sle,2023,0.539244771003723
slv,1975,3.05946779251099
slv,1976,3.29209280014038
slv,1977,3.48756527900696
slv,1978,3.14315962791443
slv,1979,3.13022136688232
slv,1980,3.22437453269959
slv,1981,2.75199151039124
slv,1982,2.80205988883972
slv,1983,2.86215090751648
slv,1984,3.04056811332703
slv,1985,3.54067063331604
slv,1986,2.40523052215576
slv,1987,2.60341238975525
slv,1988,2.84802889823914
slv,1989,2.93757843971252
slv,1990,2.25844311714172
slv,1991,2.32460451126099
slv,1992,2.33576941490173
slv,1993,2.35164284706116
slv,1994,2.37624979019165
slv,1995,2.45922231674194
slv,1996,2.40861296653748
slv,1997,2.34502506256104
slv,1998,2.34557485580444
slv,1999,2.204185962677
slv,2000,2.17403507232666
slv,2001,2.13059186935425
slv,2002,1.92039680480957
slv,2003,1.74115431308746
slv,2004,1.56552374362946
slv,2005,1.41705012321472
slv,2006,1.34641313552856
slv,2007,1.23873341083527
slv,2008,1.1696183681488
slv,2009,1.03967416286469
slv,2010,0.95247095823288
slv,2011,0.952990591526032
slv,2012,0.921410501003265
slv,2013,0.848792195320129
slv,2014,0.77916145324707
slv,2015,0.74932724237442
slv,2016,0.69827276468277
slv,2017,0.640142619609833
slv,2018,0.597619116306305
slv,2019,0.566858530044556
slv,2020,0.51140958070755
slv,2021,0.482945024967194
slv,2022,0.44591349363327
slv,2023,0.426702976226807
srb,1994,0.301148861646652
srb,1995,0.320889741182327
srb,1996,0.295776635408402
srb,1997,0.273138552904129
srb,1998,0.389938294887543
srb,1999,0.273981630802155
srb,2000,0.248629316687584
srb,2001,0.303372502326965
srb,2002,0.337115198373795
srb,2003,0.381541609764099
srb,2004,0.451274394989014
srb,2005,0.450080543756485
srb,2006,0.397462725639343
srb,2007,0.571021258831024
srb,2008,0.606321930885315
srb,2009,0.529784262180328
srb,2010,0.409777909517288
srb,2011,0.49915423989296
srb,2012,0.46861058473587
srb,2013,0.46269753575325
srb,2014,0.437545001506805
srb,2015,0.386362552642822
srb,2016,0.405997306108475
srb,2017,0.411025643348694
srb,2018,0.405637383460999
srb,2019,0.366796135902405
srb,2020,0.37290558218956
srb,2021,0.338029593229294
srb,2022,0.269898653030396
srb,2023,0.284921914339066
stp,1980,3.02818202972412
stp,1981,2.55778217315674
stp,1982,2.25237512588501
stp,1983,1.77990329265594
stp,1984,1.63659954071045
stp,1985,1.60315644741058
stp,1986,1.63660836219788
stp,1987,1.60230815410614
stp,1988,1.5542905330658
stp,1989,1.39382386207581
stp,1990,1.44418084621429
stp,1991,1.10874700546265
stp,1992,0.835560500621796
stp,1993,0.97423779964447
stp,1994,0.876861691474915
stp,1995,0.671770095825195
stp,1996,0.851458668708801
stp,1997,0.567936897277832
stp,1998,0.444969803094864
stp,1999,0.470278233289719
stp,2000,0.481465250253677
stp,2001,0.379252821207047
stp,2002,0.393302410840988
stp,2003,0.432886898517609
stp,2004,0.44076019525528
stp,2005,0.470214664936066
stp,2006,0.446502685546875
stp,2007,0.385720551013947
stp,2008,0.375238507986069
stp,2009,0.270163744688034
stp,2010,0.222578123211861
stp,2011,0.213995516300201
stp,2012,0.215145334601402
stp,2013,0.278940111398697
stp,2014,0.341178297996521
stp,2015,0.237246543169022
stp,2016,0.25055131316185
stp,2017,0.268775939941406
stp,2018,0.357889086008072
stp,2019,0.412457317113876
stp,2020,0.495485484600067
stp,2021,0.359398782253265
stp,2022,0.28327339887619
stp,2023,0.330358743667603
sur,1974,2.24170732498169
sur,1975,2.10153889656067
sur,1976,1.92020773887634
sur,1977,2.19383192062378
sur,1978,2.26693391799927
sur,1979,2.25003671646118
sur,1980,2.25787687301636
sur,1981,2.15337181091309
sur,1982,2.08237409591675
sur,1983,1.81611740589142
sur,1984,1.66523826122284
sur,1985,1.6065628528595
sur,1986,1.57449209690094
sur,1987,1.69081854820251
sur,1988,1.89631605148315
sur,1989,0.784817457199097
sur,1990,0.721327185630798
sur,1991,0.724964737892151
sur,1992,0.701009154319763
sur,1993,0.631270587444305
sur,1994,0.579181015491486
sur,1995,0.509622514247894
sur,1996,0.585140764713287
sur,1997,0.598181962966919
sur,1998,0.706874907016754
sur,1999,0.4334716796875
sur,2000,0.405421137809753
sur,2001,0.30612713098526
sur,2002,0.332833528518677
sur,2003,0.343914598226547
sur,2004,0.339195758104324
sur,2005,0.333697289228439
sur,2006,0.353089183568954
sur,2007,0.330912530422211
sur,2008,0.409253269433975
sur,2009,0.347767978906631
sur,2010,0.346949845552444
sur,2011,0.319017261266708
sur,2012,0.343240410089493
sur,2013,0.343172401189804
sur,2014,0.339513868093491
sur,2015,0.312122851610184
sur,2016,0.294126629829407
sur,2017,0.252084732055664
sur,2018,0.28723156452179
sur,2019,0.301035612821579
sur,2020,0.446829259395599
sur,2021,0.20348596572876
sur,2022,0.188161745667458
sur,2023,0.178626894950867
svk,1994,0.395354956388474
svk,1995,0.48196929693222
svk,1996,0.465957313776016
svk,1997,0.480629920959473
svk,1998,0.524746537208557
svk,1999,0.515040636062622
svk,2000,0.53149688243866
svk,2001,0.572259187698364
svk,2002,0.642133474349976
svk,2003,0.806282043457031
svk,2004,0.961606979370117
svk,2005,0.898624241352081
svk,2006,0.968649685382843
svk,2007,1.14479899406433
svk,2008,1.28857159614563
svk,2009,1.02928519248962
svk,2010,1.01784336566925
svk,2011,1.059934258461
svk,2012,0.965526342391968
svk,2013,0.926867961883545
svk,2014,0.857851386070252
svk,2015,0.71641355752945
svk,2016,0.668530762195587
svk,2017,0.631389856338501
svk,2018,0.640105366706848
svk,2019,0.600819230079651
svk,2020,0.648706555366516
svk,2021,0.677488446235657
svk,2022,0.546266436576843
svk,2023,0.62389749288559
svn,1994,0.414803624153137
svn,1995,0.553682446479797
svn,1996,0.549045264720917
svn,1997,0.537403225898743
svn,1998,0.573449015617371
svn,1999,0.583726227283478
svn,2000,0.498191773891449
svn,2001,0.525778651237488
svn,2002,0.593604564666748
svn,2003,0.718170344829559
svn,2004,0.688862204551697
svn,2005,0.591727137565613
svn,2006,0.630997002124786
svn,2007,0.762499213218689
svn,2008,0.804598093032837
svn,2009,0.650209784507752
svn,2010,0.53655606508255
svn,2011,0.555087804794312
svn,2012,0.463930994272232
svn,2013,0.443231761455536
svn,2014,0.475892901420593
svn,2015,0.402352958917618
svn,2016,0.389526844024658
svn,2017,0.404753506183624
svn,2018,0.413652569055557
svn,2019,0.386308073997498
svn,2020,0.401887238025665
svn,2021,0.405398219823837
svn,2022,0.333026230335236
svn,2023,0.380271285772324
swe,1954,0.891670942306519
swe,1955,0.822709918022156
swe,1956,0.879229605197907
swe,1957,0.869863033294678
swe,1958,0.891580700874329
swe,1959,0.890422165393829
swe,1960,0.873454332351685
swe,1961,0.873706519603729
swe,1962,0.8181511759758
swe,1963,0.804806292057037
swe,1964,0.822912395000458
swe,1965,0.800485610961914
swe,1966,0.753259897232056
swe,1967,0.822438180446625
swe,1968,0.794466376304627
swe,1969,0.851637840270996
swe,1970,0.933569133281708
swe,1971,0.835111200809479
swe,1972,0.930553495883942
swe,1973,1.14091908931732
swe,1974,1.23821043968201
swe,1975,1.27503061294556
swe,1976,1.05503356456757
swe,1977,0.908380568027496
swe,1978,0.953423261642456
swe,1979,1.12461686134338
swe,1980,1.2988452911377
swe,1981,1.05254304409027
swe,1982,1.01212441921234
swe,1983,0.897988617420197
swe,1984,0.866232097148895
swe,1985,0.823977172374725
swe,1986,1.02164304256439
swe,1987,1.12920880317688
swe,1988,1.18045616149902
swe,1989,1.01973235607147
swe,1990,1.0243456363678
swe,1991,1.01013207435608
swe,1992,1.13057720661163
swe,1993,0.898418128490448
swe,1994,0.927808225154877
swe,1995,1.11180770397186
swe,1996,1.11025249958038
swe,1997,1.00592219829559
swe,1998,1.06427204608917
swe,1999,1.07283222675323
swe,2000,1.01969790458679
swe,2001,0.941978693008423
swe,2002,1.02816426753998
swe,2003,1.1553647518158
swe,2004,1.32844877243042
swe,2005,1.30552899837494
swe,2006,1.2667635679245
swe,2007,1.230508685112
swe,2008,1.14949822425842
swe,2009,0.883214831352234
swe,2010,0.94592422246933
swe,2011,1.02790248394012
swe,2012,0.858608365058899
swe,2013,0.817840456962585
swe,2014,0.852966666221619
swe,2015,0.7588831782341
swe,2016,0.728003263473511
swe,2017,0.684973835945129
swe,2018,0.618522942066193
swe,2019,0.589444160461426
swe,2020,0.634955227375031
swe,2021,0.699963629245758
swe,2022,0.546923220157623
swe,2023,0.502956092357636
swz,1980,1.6088981628418
swz,1981,1.22517228126526
swz,1982,1.15682578086853
swz,1983,0.659476101398468
swz,1984,0.836414277553558
swz,1985,0.569917619228363
swz,1986,0.991700887680054
swz,1987,1.2700629234314
swz,1988,1.21033418178558
swz,1989,1.05978381633759
swz,1990,1.04987895488739
swz,1991,0.905062973499298
swz,1992,0.82326203584671
swz,1993,0.666340112686157
swz,1994,0.555769503116608
swz,1995,0.558496713638306
swz,1996,0.477098554372788
swz,1997,0.490758508443832
swz,1998,0.440997093915939
swz,1999,0.417104363441467
swz,2000,0.440234392881393
swz,2001,0.398841679096222
swz,2002,0.353197664022446
swz,2003,0.530011355876923
swz,2004,0.641369044780731
swz,2005,0.688390672206879
swz,2006,0.666571199893951
swz,2007,0.633598208427429
swz,2008,0.524513125419617
swz,2009,0.470785647630692
swz,2010,0.45741268992424
swz,2011,0.450376182794571
swz,2012,0.483980447053909
swz,2013,0.455193340778351
swz,2014,0.44744074344635
swz,2015,0.444481164216995
swz,2016,0.453520059585571
swz,2017,0.540763139724731
swz,2018,0.702638328075409
swz,2019,0.642716825008392
swz,2020,0.642070114612579
swz,2021,0.598448276519775
swz,2022,0.508771896362305
swz,2023,0.467577993869782
tcd,1964,2.89273476600647
tcd,1965,2.91912984848022
tcd,1966,2.7909791469574
tcd,1967,2.75027132034302
tcd,1968,2.5704870223999
tcd,1969,2.49099850654602
tcd,1970,2.33823752403259
tcd,1971,2.18323922157288
tcd,1972,2.02388834953308
tcd,1973,1.97310316562653
tcd,1974,2.02602553367615
tcd,1975,2.2834210395813
tcd,1976,1.76896524429321
tcd,1977,1.54911172389984
tcd,1978,1.63473987579346
tcd,1979,1.36767911911011
tcd,1980,1.38475787639618
tcd,1981,1.44142353534698
tcd,1982,1.31952822208405
tcd,1983,1.29380476474762
tcd,1984,1.3132221698761
tcd,1985,1.26063811779022
tcd,1986,1.54723882675171
tcd,1987,1.74107778072357
tcd,1988,1.94293165206909
tcd,1989,1.68905782699585
tcd,1990,1.93108868598938
tcd,1991,1.85111165046692
tcd,1992,1.83846700191498
tcd,1993,1.49764633178711
tcd,1994,1.14657306671143
tcd,1995,1.32754516601563
tcd,1996,1.25993585586548
tcd,1997,1.10669028759003
tcd,1998,1.19099390506744
tcd,1999,0.968205392360687
tcd,2000,0.747444748878479
tcd,2001,0.594789624214172
tcd,2002,0.535059034824371
tcd,2003,0.663391411304474
tcd,2004,1.05797576904297
tcd,2005,1.32971847057343
tcd,2006,1.17381143569946
tcd,2007,1.19038057327271
tcd,2008,1.35015416145325
tcd,2009,0.91596394777298
tcd,2010,0.836275279521942
tcd,2011,0.901885747909546
tcd,2012,1.08485078811646
tcd,2013,1.12511324882507
tcd,2014,1.02539074420929
tcd,2015,0.836878001689911
tcd,2016,0.623573243618012
tcd,2017,0.597147583961487
tcd,2018,0.652186632156372
tcd,2019,0.578354239463806
tcd,2020,0.710858643054962
tcd,2021,0.627327561378479
tcd,2022,0.55647999048233
tcd,2023,0.526603698730469
tgo,1980,0.432301640510559
tgo,1981,0.365347295999527
tgo,1982,0.307844877243042
tgo,1983,0.272968322038651
tgo,1984,0.296163529157639
tgo,1985,0.281922817230225
tgo,1986,0.424587279558182
tgo,1987,0.523483276367188
tgo,1988,0.638653039932251
tgo,1989,0.57556676864624
tgo,1990,0.669419348239899
tgo,1991,0.670370876789093
tgo,1992,0.712340176105499
tgo,1993,0.553001463413239
tgo,1994,0.426557451486588
tgo,1995,0.563059329986572
tgo,1996,0.613125681877136
tgo,1997,0.633944451808929
tgo,1998,0.616275131702423
tgo,1999,0.625836253166199
tgo,2000,0.55461460351944
tgo,2001,0.5634685754776
tgo,2002,0.613175690174103
tgo,2003,0.715795755386353
tgo,2004,0.719278752803803
tgo,2005,0.731256186962128
tgo,2006,0.768755912780762
tgo,2007,0.848531544208527
tgo,2008,0.865693747997284
tgo,2009,0.728120982646942
tgo,2010,0.581368565559387
tgo,2011,0.590171158313751
tgo,2012,0.606920838356018
tgo,2013,0.671435594558716
tgo,2014,0.699552178382874
tgo,2015,0.597970962524414
tgo,2016,0.627244591712952
tgo,2017,0.639305174350739
tgo,2018,0.668487310409546
tgo,2019,0.600960731506348
tgo,2020,0.660653591156006
tgo,2021,0.625982463359833
tgo,2022,0.509638130664825
tgo,2023,0.504276394844055
tha,1954,1.51472938060761
tha,1955,1.35469329357147
tha,1956,1.54529714584351
tha,1957,1.68498730659485
tha,1958,1.68975806236267
tha,1959,1.60997986793518
tha,1960,1.70591747760773
tha,1961,1.76369833946228
tha,1962,1.70283675193787
tha,1963,1.61501848697662
tha,1964,1.61139309406281
tha,1965,1.57928800582886
tha,1966,1.62951707839966
tha,1967,1.56626212596893
tha,1968,1.46057462692261
tha,1969,1.40629708766937
tha,1970,1.40680158138275
tha,1971,1.20878028869629
tha,1972,1.16535556316376
tha,1973,1.31994807720184
tha,1974,1.53276765346527
tha,1975,1.39733254909515
tha,1976,1.38338243961334
tha,1977,1.43165254592896
tha,1978,1.55302345752716
tha,1979,1.58928966522217
tha,1980,1.80299317836761
tha,1981,1.68750834465027
tha,1982,1.6341712474823
tha,1983,1.54276669025421
tha,1984,1.44314587116241
tha,1985,1.23476934432983
tha,1986,1.28233170509338
tha,1987,1.38804233074188
tha,1988,1.46029412746429
tha,1989,1.34447348117828
tha,1990,1.23640120029449
tha,1991,1.10317945480347
tha,1992,0.956814348697662
tha,1993,0.798727452754974
tha,1994,0.69165313243866
tha,1995,0.623600840568543
tha,1996,0.576700210571289
tha,1997,0.440731883049011
tha,1998,0.360062956809998
tha,1999,0.413143485784531
tha,2000,0.441320300102234
tha,2001,0.443342834711075
tha,2002,0.493171125650406
tha,2003,0.53688383102417
tha,2004,0.562257289886475
tha,2005,0.54418683052063
tha,2006,0.593051791191101
tha,2007,0.617431104183197
tha,2008,0.60422819852829
tha,2009,0.515590190887451
tha,2010,0.549005627632141
tha,2011,0.543666779994965
tha,2012,0.555671989917755
tha,2013,0.569113552570343
tha,2014,0.525569975376129
tha,2015,0.505702555179596
tha,2016,0.516305327415466
tha,2017,0.55416214466095
tha,2018,0.586306691169739
tha,2019,0.591859102249146
tha,2020,0.555871784687042
tha,2021,0.516654491424561
tha,2022,0.436024039983749
tha,2023,0.415623605251312
tjk,1994,0.346961498260498
tjk,1995,0.275542765855789
tjk,1996,0.215102449059486
tjk,1997,0.186953768134117
tjk,1998,0.278112709522247
tjk,1999,0.222163483500481
tjk,2000,0.234053447842598
tjk,2001,0.203995808959007
tjk,2002,0.184872597455978
tjk,2003,0.207743912935257
tjk,2004,0.271022588014603
tjk,2005,0.241989269852638
tjk,2006,0.301581174135208
tjk,2007,0.443895161151886
tjk,2008,0.518034279346466
tjk,2009,0.494353115558624
tjk,2010,0.385170459747314
tjk,2011,0.394442290067673
tjk,2012,0.406087338924408
tjk,2013,0.307074666023254
tjk,2014,0.296055167913437
tjk,2015,0.230686023831368
tjk,2016,0.195062190294266
tjk,2017,0.183069139719009
tjk,2018,0.14959417283535
tjk,2019,0.119423031806946
tjk,2020,0.111034132540226
tjk,2021,0.0983864665031433
tjk,2022,0.0998174771666527
tjk,2023,0.104388922452927
tto,1954,1.3848534822464
tto,1955,1.36854636669159
tto,1956,1.52455985546112
tto,1957,1.5505188703537
tto,1958,1.53356564044952
tto,1959,1.45064806938171
tto,1960,1.41236019134521
tto,1961,1.42494714260101
tto,1962,1.328817486763
tto,1963,1.38258826732636
tto,1964,1.44011306762695
tto,1965,1.31684410572052
tto,1966,1.26195788383484
tto,1967,1.34124457836151
tto,1968,1.27606081962585
tto,1969,1.28631925582886
tto,1970,1.30220770835876
tto,1971,0.941931188106537
tto,1972,0.889668345451355
tto,1973,1.09311199188232
tto,1974,2.36538171768188
tto,1975,2.13657188415527
tto,1976,1.53472113609314
tto,1977,1.61182415485382
tto,1978,1.26866376399994
tto,1979,1.49030220508575
tto,1980,2.09876179695129
tto,1981,1.54550099372864
tto,1982,1.16899871826172
tto,1983,0.915663957595825
tto,1984,0.873280465602875
tto,1985,0.747222483158112
tto,1986,0.439844161272049
tto,1987,0.523515284061432
tto,1988,0.577321350574493
tto,1989,0.702821910381317
tto,1990,0.900732636451721
tto,1991,0.939314007759094
tto,1992,1.01211547851563
tto,1993,0.856275856494904
tto,1994,1.12632501125336
tto,1995,1.21845984458923
tto,1996,1.21409201622009
tto,1997,1.15690040588379
tto,1998,1.11499452590942
tto,1999,1.28115391731262
tto,2000,1.81041431427002
tto,2001,1.73309659957886
tto,2002,1.57533347606659
tto,2003,1.91051506996155
tto,2004,1.94721007347107
tto,2005,1.86636686325073
tto,2006,1.85379242897034
tto,2007,1.78151047229767
tto,2008,1.9765841960907
tto,2009,0.98018079996109
tto,2010,0.940706849098206
tto,2011,1.01823782920837
tto,2012,1.26973247528076
tto,2013,1.23554396629334
tto,2014,1.39760625362396
tto,2015,1.2992000579834
tto,2016,1.06703758239746
tto,2017,0.968684136867523
tto,2018,0.899159848690033
tto,2019,0.844177961349487
tto,2020,0.789111971855164
tto,2021,0.688361167907715
tto,2022,0.788085162639618
tto,2023,0.621335029602051
tun,1964,2.45158457756043
tun,1965,2.14431762695313
tun,1966,2.08828091621399
tun,1967,2.11271619796753
tun,1968,2.13966512680054
tun,1969,2.19558358192444
tun,1970,2.29550099372864
tun,1971,2.2680230140686
tun,1972,2.59814620018005
tun,1973,2.71221256256104
tun,1974,3.06121277809143
tun,1975,2.95748209953308
tun,1976,2.49127554893494
tun,1977,2.37432312965393
tun,1978,2.34249949455261
tun,1979,2.38847208023071
tun,1980,2.61291289329529
tun,1981,2.06091904640198
tun,1982,1.81022548675537
tun,1983,1.50864052772522
tun,1984,1.26769995689392
tun,1985,1.18657314777374
tun,1986,1.18309497833252
tun,1987,1.18240404129028
tun,1988,1.07510221004486
tun,1989,0.872985243797302
tun,1990,0.880622148513794
tun,1991,0.762920737266541
tun,1992,0.725489437580109
tun,1993,0.541021943092346
tun,1994,0.474930465221405
tun,1995,0.464095801115036
tun,1996,0.450653940439224
tun,1997,0.422294080257416
tun,1998,0.470116227865219
tun,1999,0.504568994045258
tun,2000,0.510659515857697
tun,2001,0.548167943954468
tun,2002,0.563973307609558
tun,2003,0.631943762302399
tun,2004,0.682835400104523
tun,2005,0.656923472881317
tun,2006,0.641999661922455
tun,2007,0.637953579425812
tun,2008,0.654554605484009
tun,2009,0.525491237640381
tun,2010,0.450877368450165
tun,2011,0.420769989490509
tun,2012,0.442975282669067
tun,2013,0.498236417770386
tun,2014,0.574496328830719
tun,2015,0.57195383310318
tun,2016,0.631393432617188
tun,2017,0.62343841791153
tun,2018,0.556534349918366
tun,2019,0.510342419147492
tun,2020,0.480988889932632
tun,2021,0.487525910139084
tun,2022,0.407900512218475
tun,2023,0.420295685529709
tur,1954,1.8374856710434
tur,1955,1.89626049995422
tur,1956,2.09326267242432
tur,1957,2.55130314826965
tur,1958,2.76774501800537
tur,1959,3.03683543205261
tur,1960,1.7930212020874
tur,1961,0.964821755886078
tur,1962,1.01209771633148
tur,1963,1.09081220626831
tur,1964,1.11338245868683
tur,1965,1.07870841026306
tur,1966,1.14283716678619
tur,1967,1.19863533973694
tur,1968,1.18652510643005
tur,1969,1.21957099437714
tur,1970,1.46162128448486
tur,1971,1.18148851394653
tur,1972,1.31126058101654
tur,1973,1.41365385055542
tur,1974,1.67968440055847
tur,1975,1.67704451084137
tur,1976,1.52054989337921
tur,1977,1.49881410598755
tur,1978,1.53965938091278
tur,1979,1.88327646255493
tur,1980,1.36762428283691
tur,1981,1.19021821022034
tur,1982,1.00466024875641
tur,1983,0.821372091770172
tur,1984,0.706706702709198
tur,1985,0.71939754486084
tur,1986,0.781084418296814
tur,1987,0.873473286628723
tur,1988,0.879939496517181
tur,1989,0.996958911418915
tur,1990,1.37529718875885
tur,1991,1.37368226051331
tur,1992,1.43319666385651
tur,1993,1.50541460514069
tur,1994,1.05850529670715
tur,1995,1.32551729679108
tur,1996,1.32043409347534
tur,1997,1.26141119003296
tur,1998,1.28624868392944
tur,1999,1.14615631103516
tur,2000,1.21709680557251
tur,2001,1.06340873241425
tur,2002,1.52248680591583
tur,2003,1.75895321369171
tur,2004,1.8425350189209
tur,2005,1.85786426067352
tur,2006,1.47914016246796
tur,2007,1.34582793712616
tur,2008,1.42456805706024
tur,2009,1.1960996389389
tur,2010,1.08954429626465
tur,2011,1.12499928474426
tur,2012,0.982358574867249
tur,2013,0.913357079029083
tur,2014,0.779842138290405
tur,2015,0.653677761554718
tur,2016,0.595634162425995
tur,2017,0.592839002609253
tur,2018,0.545982956886292
tur,2019,0.547250270843506
tur,2020,0.569698512554169
tur,2021,0.617227137088776
tur,2022,0.605318963527679
tur,2023,0.580517053604126
twn,1955,1.09519982337952
twn,1956,0.772312700748444
twn,1957,0.854588449001312
twn,1958,0.91673880815506
twn,1959,0.632665872573853
twn,1960,0.716284453868866
twn,1961,0.665872037410736
twn,1962,0.65658438205719
twn,1963,0.674910426139832
twn,1964,0.71948766708374
twn,1965,0.683051526546478
twn,1966,0.649756073951721
twn,1967,0.662526428699493
twn,1968,0.651842296123505
twn,1969,0.650380790233612
twn,1970,0.643774151802063
twn,1971,0.597553968429565
twn,1972,0.591399073600769
twn,1973,0.658876955509186
twn,1974,0.7599778175354
twn,1975,0.64193719625473
twn,1976,0.632410526275635
twn,1977,0.638573050498962
twn,1978,0.660335183143616
twn,1979,0.677599132061005
twn,1980,0.727428913116455
twn,1981,0.674092888832092
twn,1982,0.604885280132294
twn,1983,0.547068655490875
twn,1984,0.532522678375244
twn,1985,0.50281286239624
twn,1986,0.574835240840912
twn,1987,0.705883741378784
twn,1988,0.745541393756867
twn,1989,0.752652227878571
twn,1990,0.72249048948288
twn,1991,0.719783842563629
twn,1992,0.751849472522736
twn,1993,0.696938037872315
twn,1994,0.651495575904846
twn,1995,0.642259001731873
twn,1996,0.6195507645607
twn,1997,0.582057178020477
twn,1998,0.500500679016113
twn,1999,0.494229316711426
twn,2000,0.503982841968536
twn,2001,0.446859776973724
twn,2002,0.414211958646774
twn,2003,0.39958918094635
twn,2004,0.419676035642624
twn,2005,0.41601774096489
twn,2006,0.400152057409287
twn,2007,0.391732215881348
twn,2008,0.373489111661911
twn,2009,0.320843428373337
twn,2010,0.32742765545845
twn,2011,0.350526064634323
twn,2012,0.37533313035965
twn,2013,0.385937094688416
twn,2014,0.402500003576279
twn,2015,0.400544404983521
twn,2016,0.403223514556885
twn,2017,0.428489416837692
twn,2018,0.412234038114548
twn,2019,0.387713819742203
twn,2020,0.430704921483994
twn,2021,0.408989369869232
twn,2022,0.331566154956818
twn,2023,0.297856539487839
tza,1964,2.17842984199524
tza,1965,1.95540142059326
tza,1966,1.98557007312775
tza,1967,1.89344823360443
tza,1968,1.79149985313416
tza,1969,1.73326349258423
tza,1970,1.66110718250275
tza,1971,1.43777251243591
tza,1972,1.42179441452026
tza,1973,1.48058140277863
tza,1974,1.62882161140442
tza,1975,1.57482671737671
tza,1976,1.45890462398529
tza,1977,1.51659226417542
tza,1978,1.58166587352753
tza,1979,1.45126605033875
tza,1980,1.59040999412537
tza,1981,1.51699578762054
tza,1982,1.36669671535492
tza,1983,1.05094146728516
tza,1984,0.75443971157074
tza,1985,0.744080066680908
tza,1986,0.53280770778656
tza,1987,0.383025377988815
tza,1988,0.449086427688599
tza,1989,0.45359268784523
tza,1990,0.416213184595108
tza,1991,0.455577254295349
tza,1992,0.397262811660767
tza,1993,0.352743327617645
tza,1994,0.354066789150238
tza,1995,0.389765352010727
tza,1996,0.473157674074173
tza,1997,0.572090089321137
tza,1998,0.660078465938568
tza,1999,0.700305044651032
tza,2000,0.765320956707001
tza,2001,0.805532038211823
tza,2002,0.801810503005981
tza,2003,0.80695503950119
tza,2004,0.810861825942993
tza,2005,0.794446468353272
tza,2006,0.728511691093445
tza,2007,0.733148336410523
tza,2008,0.731183290481567
tza,2009,0.582212686538696
tza,2010,0.49079105257988
tza,2011,0.441103965044022
tza,2012,0.533808827400208
tza,2013,0.665663778781891
tza,2014,0.768994748592377
tza,2015,0.664940416812897
tza,2016,0.691296756267548
tza,2017,0.68553763628006
tza,2018,0.719231724739075
tza,2019,0.643034756183624
tza,2020,0.584374725818634
tza,2021,0.44257652759552
tza,2022,0.379537403583527
tza,2023,0.358072429895401
ukr,1994,0.212062567472458
ukr,1995,0.26305878162384
ukr,1996,0.268731713294983
ukr,1997,0.279218703508377
ukr,1998,0.228525727987289
ukr,1999,0.166328817605972
ukr,2000,0.154095485806465
ukr,2001,0.179727554321289
ukr,2002,0.18021422624588
ukr,2003,0.187040641903877
ukr,2004,0.227578237652779
ukr,2005,0.2695332467556
ukr,2006,0.319813787937164
ukr,2007,0.398331016302109
ukr,2008,0.482933282852173
ukr,2009,0.316156655550003
ukr,2010,0.330437630414963
ukr,2011,0.391447424888611
ukr,2012,0.334949493408203
ukr,2013,0.279336899518967
ukr,2014,0.234348088502884
ukr,2015,0.12494583427906
ukr,2016,0.115639165043831
ukr,2017,0.122104048728943
ukr,2018,0.12740883231163
ukr,2019,0.125582054257393
ukr,2020,0.127767905592918
ukr,2021,0.133884117007256
ukr,2022,0.0983571857213974
ukr,2023,0.0988778471946716
ury,1954,5.13143444061279
ury,1955,3.43943071365356
ury,1956,3.05946850776672
ury,1957,3.52134323120117
ury,1958,1.7289731502533
ury,1959,1.66204226016998
ury,1960,2.6250958442688
ury,1961,3.19672679901123
ury,1962,2.89252853393555
ury,1963,2.75152349472046
ury,1964,3.08415007591248
ury,1965,2.56880640983582
ury,1966,2.55561208724976
ury,1967,2.41217303276062
ury,1968,1.99752962589264
ury,1969,2.50670742988586
ury,1970,1.71195352077484
ury,1971,1.87248039245605
ury,1972,1.43992865085602
ury,1973,1.73661136627197
ury,1974,2.14423632621765
ury,1975,1.76019787788391
ury,1976,1.59309160709381
ury,1977,1.49835705757141
ury,1978,1.47541189193726
ury,1979,1.70122849941254
ury,1980,2.06691884994507
ury,1981,1.9007853269577
ury,1982,1.45167124271393
ury,1983,0.751283466815949
ury,1984,0.67016339302063
ury,1985,0.630247354507446
ury,1986,0.775727331638336
ury,1987,0.968838393688202
ury,1988,0.957136452198029
ury,1989,0.893311202526093
ury,1990,0.92489892244339
ury,1991,1.05545544624329
ury,1992,1.24463665485382
ury,1993,1.31761145591736
ury,1994,1.41252708435059
ury,1995,1.47603511810303
ury,1996,1.48165607452393
ury,1997,1.49824047088623
ury,1998,1.50314962863922
ury,1999,1.32973968982697
ury,2000,1.31455659866333
ury,2001,1.2515287399292
ury,2002,0.872112214565277
ury,2003,0.827400267124176
ury,2004,0.886666119098663
ury,2005,0.957173347473145
ury,2006,0.972428977489471
ury,2007,1.01488935947418
ury,2008,1.12002146244049
ury,2009,1.00870108604431
ury,2010,1.05299413204193
ury,2011,1.13216590881348
ury,2012,1.15879952907562
ury,2013,1.23893988132477
ury,2014,1.19192028045654
ury,2015,1.06282806396484
ury,2016,1.0289922952652
ury,2017,1.14426457881928
ury,2018,1.10439312458038
ury,2019,1.0152839422226
ury,2020,0.923232972621918
ury,2021,0.931578636169434
ury,2022,0.912321090698242
ury,2023,0.922492802143097
usa,1954,1.0
usa,1955,1.0
usa,1956,1.0
usa,1957,1.0
usa,1958,1.0
usa,1959,1.0
usa,1960,1.0
usa,1961,1.0
usa,1962,1.0
usa,1963,1.0
usa,1964,1.0
usa,1965,1.0
usa,1966,1.0
usa,1967,1.0
usa,1968,1.0
usa,1969,1.0
usa,1970,1.0
usa,1971,1.0
usa,1972,1.0
usa,1973,1.0
usa,1974,1.0
usa,1975,1.0
usa,1976,1.0
usa,1977,1.0
usa,1978,1.0
usa,1979,1.0
usa,1980,1.0
usa,1981,1.0
usa,1982,1.0
usa,1983,1.0
usa,1984,1.0
usa,1985,1.0
usa,1986,1.0
usa,1987,1.0
usa,1988,1.0
usa,1989,1.0
usa,1990,1.0
usa,1991,1.0
usa,1992,1.0
usa,1993,1.0
usa,1994,1.0
usa,1995,1.0
usa,1996,1.0
usa,1997,1.0
usa,1998,1.0
usa,1999,1.0
usa,2000,1.0
usa,2001,1.0
usa,2002,1.0
usa,2003,1.0
usa,2004,1.0
usa,2005,1.0
usa,2006,1.0
usa,2007,1.0
usa,2008,1.0
usa,2009,1.0
usa,2010,1.0
usa,2011,1.0
usa,2012,1.0
usa,2013,1.0
usa,2014,1.0
usa,2015,1.0
usa,2016,1.0
usa,2017,1.0
usa,2018,1.0
usa,2019,1.0
usa,2020,1.0
usa,2021,1.0
usa,2022,1.0
usa,2023,1.0
uzb,1994,1.10785806179047
uzb,1995,0.994908511638641
uzb,1996,0.904401421546936
uzb,1997,0.897726118564606
uzb,1998,0.80586177110672
uzb,1999,0.826526820659638
uzb,2000,0.624409258365631
uzb,2001,0.372695177793503
uzb,2002,0.340146869421005
uzb,2003,0.304110795259476
uzb,2004,0.314210474491119
uzb,2005,0.318495631217957
uzb,2006,0.350902795791626
uzb,2007,0.411971986293793
uzb,2008,0.498799741268158
uzb,2009,0.522044479846954
uzb,2010,0.528648197650909
uzb,2011,0.547439217567444
uzb,2012,0.536435008049011
uzb,2013,0.531863033771515
uzb,2014,0.57284688949585
uzb,2015,0.560088574886322
uzb,2016,0.498054355382919
uzb,2017,0.354819566011429
uzb,2018,0.269107222557068
uzb,2019,0.252010494470596
uzb,2020,0.24916498363018
uzb,2021,0.23032508790493
uzb,2022,0.216233924031258
uzb,2023,0.204711884260178
ven,1954,1.67335104942322
ven,1955,1.70489251613617
ven,1956,1.82507836818695
ven,1957,1.86691415309906
ven,1958,1.87689733505249
ven,1959,1.20950543880463
ven,1960,1.64942359924316
ven,1961,1.66718733310699
ven,1962,1.74203288555145
ven,1963,1.82573306560516
ven,1964,1.51437783241272
ven,1965,1.4386078119278
ven,1966,1.43373787403107
ven,1967,1.48885416984558
ven,1968,1.52026736736298
ven,1969,1.48274731636047
ven,1970,1.52044296264648
ven,1971,1.41288089752197
ven,1972,1.321857213974
ven,1973,1.50634562969208
ven,1974,2.43992257118225
ven,1975,1.80514276027679
ven,1976,1.6177339553833
ven,1977,1.37159383296967
ven,1978,1.03873693943024
ven,1979,1.36571407318115
ven,1980,1.6604288816452
ven,1981,1.61357748508453
ven,1982,1.54800343513489
ven,1983,1.49162495136261
ven,1984,1.15100479125977
ven,1985,1.10266947746277
ven,1986,1.02733945846558
ven,1987,0.831637799739838
ven,1988,0.966820180416107
ven,1989,0.675490915775299
ven,1990,0.841294169425964
ven,1991,0.872592270374298
ven,1992,0.909990072250366
ven,1993,0.853983759880066
ven,1994,0.845787644386292
ven,1995,1.08498764038086
ven,1996,1.09424340724945
ven,1997,1.23516249656677
ven,1998,1.19671511650085
ven,1999,1.28346562385559
ven,2000,1.6984726190567
ven,2001,1.65768897533417
ven,2002,1.23471212387085
ven,2003,1.12392723560333
ven,2004,1.3790146112442
ven,2005,1.60315322875977
ven,2006,1.71422266960144
ven,2007,1.71376037597656
ven,2008,2.02534174919128
ven,2009,1.55068290233612
ven,2010,1.64849984645844
ven,2011,1.19662725925446
ven,2012,1.32985603809357
ven,2013,1.37761545181274
ven,2014,1.59925484657288
ven,2015,3.55760383605957
ven,2016,8.41105461120606
ven,2017,21.1915512084961
ven,2018,19.6268100738525
ven,2019,18.4004154205322
ven,2020,25.2801246643066
ven,2021,23.4143180847168
ven,2022,15.3920030593872
ven,2023,15.1081390380859
vgb,1991,3.76958537101746
vgb,1992,4.26755380630493
vgb,1993,4.93926191329956
vgb,1994,5.53052663803101
vgb,1995,6.16171836853027
vgb,1996,6.11286020278931
vgb,1997,5.69680786132813
vgb,1998,5.81913614273071
vgb,1999,5.90053987503052
vgb,2000,5.899582862854
vgb,2001,5.84644937515259
vgb,2002,4.96536445617676
vgb,2003,3.86068153381348
vgb,2004,3.47139835357666
vgb,2005,3.40277743339539
vgb,2006,3.26041316986084
vgb,2007,3.28988790512085
vgb,2008,3.08237218856812
vgb,2009,2.59157538414001
vgb,2010,2.4012885093689
vgb,2011,2.16974306106567
vgb,2012,2.11802124977112
vgb,2013,2.12037944793701
vgb,2014,2.10552954673767
vgb,2015,2.03636360168457
vgb,2016,2.07998657226563
vgb,2017,1.98903477191925
vgb,2018,2.0054235458374
vgb,2019,2.10703945159912
vgb,2020,2.12387132644653
vgb,2021,1.91547572612762
vgb,2022,1.64885783195496
vgb,2023,1.54603183269501
zaf,1954,1.08335149288178
zaf,1955,0.976083397865295
zaf,1956,1.0060476064682
zaf,1957,0.966253519058228
zaf,1958,0.947968363761902
zaf,1959,0.929898500442505
zaf,1960,0.97324401140213
zaf,1961,0.979824244976044
zaf,1962,0.974281966686249
zaf,1963,0.998041212558746
zaf,1964,1.02664947509766
zaf,1965,0.995045244693756
zaf,1966,0.997601807117462
zaf,1967,1.04737198352814
zaf,1968,1.04521560668945
zaf,1969,1.09973204135895
zaf,1970,1.11400067806244
zaf,1971,1.03198575973511
zaf,1972,0.949283480644226
zaf,1973,1.11900901794434
zaf,1974,1.26227295398712
zaf,1975,1.06051301956177
zaf,1976,0.861191391944885
zaf,1977,0.833732306957245
zaf,1978,0.841522693634033
zaf,1979,0.930383026599884
zaf,1980,1.38790285587311
zaf,1981,1.00690925121307
zaf,1982,0.847059965133667
zaf,1983,0.805847942829132
zaf,1984,0.643941044807434
zaf,1985,0.471361130475998
zaf,1986,0.531334042549133
zaf,1987,0.706691026687622
zaf,1988,0.743640244007111
zaf,1989,0.713941335678101
zaf,1990,0.808900058269501
zaf,1991,0.897626280784607
zaf,1992,1.00666666030884
zaf,1993,1.0159877538681
zaf,1994,1.01743900775909
zaf,1995,1.12907409667969
zaf,1996,1.03157567977905
zaf,1997,1.02580523490906
zaf,1998,0.893048107624054
zaf,1999,0.869275689125061
zaf,2000,0.941989064216614
zaf,2001,0.86908769607544
zaf,2002,0.820565223693848
zaf,2003,1.14565718173981
zaf,2004,1.35621416568756
zaf,2005,1.37329995632172
zaf,2006,1.29400992393494
zaf,2007,1.2228090763092
zaf,2008,0.97163313627243
zaf,2009,0.873074531555176
zaf,2010,0.907364070415497
zaf,2011,0.876605272293091
zaf,2012,0.78595632314682
zaf,2013,0.688683390617371
zaf,2014,0.620904743671417
zaf,2015,0.534608602523804
zaf,2016,0.489452928304672
zaf,2017,0.553629159927368
zaf,2018,0.588128983974457
zaf,2019,0.572530686855316
zaf,2020,0.551421046257019
zaf,2021,0.65359091758728
zaf,2022,0.5491743683815
zaf,2023,0.474750071763992
zmb,1959,0.739806175231934
zmb,1960,0.829578995704651
zmb,1961,0.812564730644226
zmb,1962,0.777649223804474
zmb,1963,0.800272166728973
zmb,1964,0.922825276851654
zmb,1965,1.07013213634491
zmb,1966,1.14665246009827
zmb,1967,1.17617726325989
zmb,1968,1.25584447383881
zmb,1969,1.46568632125855
zmb,1970,1.24023294448853
zmb,1971,1.2092809677124
zmb,1972,1.39212501049042
zmb,1973,1.70652687549591
zmb,1974,2.12090563774109
zmb,1975,1.79387605190277
zmb,1976,1.81911277770996
zmb,1977,1.68961143493652
zmb,1978,1.72127187252045
zmb,1979,1.90568363666534
zmb,1980,2.09887933731079
zmb,1981,1.85331892967224
zmb,1982,2.11791181564331
zmb,1983,1.93245446681976
zmb,1984,1.51519274711609
zmb,1985,1.29083144664764
zmb,1986,0.960898041725159
zmb,1987,0.93094128370285
zmb,1988,1.38649201393127
zmb,1989,1.34606349468231
zmb,1990,1.41592347621918
zmb,1991,1.23623085021973
zmb,1992,0.88698011636734
zmb,1993,0.549669504165649
zmb,1994,0.463730603456497
zmb,1995,0.339143693447113
zmb,1996,0.276001513004303
zmb,1997,0.341470867395401
zmb,1998,0.303756684064865
zmb,1999,0.309481263160706
zmb,2000,0.359454363584518
zmb,2001,0.4354068338871
zmb,2002,0.43865567445755
zmb,2003,0.488005846738815
zmb,2004,0.577191531658173
zmb,2005,0.689027965068817
zmb,2006,0.821025490760803
zmb,2007,0.720636367797852
zmb,2008,0.711110711097717
zmb,2009,0.463451147079468
zmb,2010,0.452233403921127
zmb,2011,0.499767899513245
zmb,2012,0.494060158729553
zmb,2013,0.598698854446411
zmb,2014,0.566978573799133
zmb,2015,0.467915564775467
zmb,2016,0.453806132078171
zmb,2017,0.571248769760132
zmb,2018,0.502273678779602
zmb,2019,0.429433286190033
zmb,2020,0.446484684944153
zmb,2021,0.489937126636505
zmb,2022,0.554877161979675
zmb,2023,0.477888613939285
zwe,1958,2.00089526176453
zwe,1959,2.25337433815002
zwe,1960,2.57409691810608
zwe,1961,2.8264844417572
zwe,1962,2.88061904907227
zwe,1963,3.0182900428772
zwe,1964,3.15021157264709
zwe,1965,3.26524448394775
zwe,1966,2.99266624450684
zwe,1967,3.1966495513916
zwe,1968,3.13738250732422
zwe,1969,3.8732213973999
zwe,1970,4.07763290405273
zwe,1971,4.23124694824219
zwe,1972,5.03252077102661
zwe,1973,5.69931650161743
zwe,1974,6.54218769073486
zwe,1975,5.51978540420532
zwe,1976,4.74099493026733
zwe,1977,3.9198100566864
zwe,1978,4.04826831817627
zwe,1979,4.95385503768921
zwe,1980,5.84495830535889
zwe,1981,6.02484941482544
zwe,1982,5.69571542739868
zwe,1983,5.21681499481201
zwe,1984,2.98333191871643
zwe,1985,3.68215155601501
zwe,1986,4.12672138214111
zwe,1987,4.19639301300049
zwe,1988,4.36639785766602
zwe,1989,3.99345302581787
zwe,1990,3.46934199333191
zwe,1991,2.64436340332031
zwe,1992,1.78174841403961
zwe,1993,1.38520693778992
zwe,1994,1.20365250110626
zwe,1995,1.09290421009064
zwe,1996,1.25655424594879
zwe,1997,1.27998316287994
zwe,1998,0.905108690261841
zwe,1999,0.856431663036346
zwe,2000,0.800255656242371
zwe,2001,0.785472631454468
zwe,2002,0.708064317703247
zwe,2003,0.625539541244507
zwe,2004,0.598922848701477
zwe,2005,0.576102793216705
zwe,2006,0.585737407207489
zwe,2007,0.594773709774017
zwe,2008,0.579337239265442
zwe,2009,0.879607498645783
zwe,2010,0.994222342967987
zwe,2011,1.15075874328613
zwe,2012,1.71543443202972
zwe,2013,1.72926664352417
zwe,2014,1.80440878868103
zwe,2015,1.7054488658905
zwe,2016,1.64860188961029
zwe,2017,1.3883810043335
zwe,2018,2.33619165420532
zwe,2019,1.34671580791473
zwe,2020,1.35376870632172
zwe,2021,1.06460654735565
zwe,2022,1.00679576396942
zwe,2023,1.0301867723465
