country,year,xr
abw,1970,1.79
abw,1971,1.79
abw,1972,1.79
abw,1973,1.79
abw,1974,1.79
abw,1975,1.79
abw,1976,1.79
abw,1977,1.79
abw,1978,1.79
abw,1979,1.79
abw,1980,1.79
abw,1981,1.79
abw,1982,1.79
abw,1983,1.79
abw,1984,1.79
abw,1985,1.79
abw,1986,1.79
abw,1987,1.79
abw,1988,1.79
abw,1989,1.79
abw,1990,1.79
abw,1991,1.79
abw,1992,1.79
abw,1993,1.79
abw,1994,1.79
abw,1995,1.79
abw,1996,1.79
abw,1997,1.79
abw,1998,1.79
abw,1999,1.79
abw,2000,1.79
abw,2001,1.79
abw,2002,1.79
abw,2003,1.79
abw,2004,1.79
abw,2005,1.79
abw,2006,1.79
abw,2007,1.79
abw,2008,1.79
abw,2009,1.79
abw,2010,1.79
abw,2011,1.79
abw,2012,1.79
abw,2013,1.79
abw,2014,1.79
abw,2015,1.79
abw,2016,1.79
abw,2017,1.79
abw,2018,1.79
abw,2019,1.79
abw,2020,1.79
abw,2021,1.79
abw,2022,1.79
abw,2023,1.79
ago,1970,2.862511e-08
ago,1971,2.819112e-08
ago,1972,2.7052815e-08
ago,1973,2.451462e-08
ago,1974,2.54076008333333e-08
ago,1975,2.55521808333333e-08
ago,1976,2.93836233333333e-08
ago,1977,2.9918e-08
ago,1978,2.9918e-08
ago,1979,2.9918e-08
ago,1980,2.9918e-08
ago,1981,2.9918e-08
ago,1982,2.9918e-08
ago,1983,2.9918e-08
ago,1984,2.9918e-08
ago,1985,2.9918e-08
ago,1986,2.9918e-08
ago,1987,2.9918e-08
ago,1988,2.9918e-08
ago,1989,2.9918e-08
ago,1990,2.9918e-08
ago,1991,5.50983333333333e-08
ago,1992,2.51416666666667e-07
ago,1993,2.66016666666667e-06
ago,1994,5.9515e-05
ago,1995,0.00275022958333333
ago,1996,0.128029166666667
ago,1997,0.229040083333333
ago,1998,0.3928235175
ago,1999,2.79070616666667
ago,2000,10.0405441666667
ago,2001,22.0578616666667
ago,2002,43.5302066666667
ago,2003,74.6063008333333
ago,2004,83.5413625
ago,2005,87.1591416666667
ago,2006,80.3680720555556
ago,2007,76.70614275
ago,2008,75.0333541666667
ago,2009,79.3281666666667
ago,2010,91.9057203405018
ago,2011,93.93475
ago,2012,95.467955421311
ago,2013,96.5182794791526
ago,2014,98.3024168556335
ago,2015,120.060701665019
ago,2016,163.656434116579
ago,2017,165.915950691498
ago,2018,252.855747731297
ago,2019,364.825804980887
ago,2020,578.25878028011
ago,2021,631.441955506727
ago,2022,460.567511631462
ago,2023,685.020237761449
aia,1970,2.00337610955604
aia,1971,1.96436639521809
aia,1972,1.92187214711948
aia,1973,1.95921923213959
aia,1974,2.05323240904611
aia,1975,2.16979583333333
aia,1976,2.61467083333333
aia,1977,2.7
aia,1978,2.7
aia,1979,2.7
aia,1980,2.7
aia,1981,2.7
aia,1982,2.7
aia,1983,2.7
aia,1984,2.7
aia,1985,2.7
aia,1986,2.7
aia,1987,2.7
aia,1988,2.7
aia,1989,2.7
aia,1990,2.7
aia,1991,2.7
aia,1992,2.7
aia,1993,2.7
aia,1994,2.7
aia,1995,2.7
aia,1996,2.7
aia,1997,2.7
aia,1998,2.7
aia,1999,2.7
aia,2000,2.7
aia,2001,2.7
aia,2002,2.7
aia,2003,2.7
aia,2004,2.7
aia,2005,2.7
aia,2006,2.7
aia,2007,2.7
aia,2008,2.7
aia,2009,2.7
aia,2010,2.7
aia,2011,2.7
aia,2012,2.7
aia,2013,2.7
aia,2014,2.7
aia,2015,2.7
aia,2016,2.7
aia,2017,2.7
aia,2018,2.7
aia,2019,2.7
aia,2020,2.7
aia,2021,2.7
aia,2022,2.7
aia,2023,2.7
alb,1970,5.0
alb,1971,5.0
alb,1972,5.0
alb,1973,5.0
alb,1974,5.0
alb,1975,5.0
alb,1976,5.0
alb,1977,5.0
alb,1978,5.0
alb,1979,6.16712328767123
alb,1980,7.0
alb,1981,7.0
alb,1982,7.0
alb,1983,7.0
alb,1984,7.0
alb,1985,7.0
alb,1986,7.0
alb,1987,7.0
alb,1988,6.670000076
alb,1989,6.130000114
alb,1990,7.56303397637218
alb,1991,9.91372530803873
alb,1992,32.275668299271
alb,1993,71.1439717473102
alb,1994,94.6233333333333
alb,1995,92.6975
alb,1996,104.498916666667
alb,1997,148.932916666667
alb,1998,150.633333333333
alb,1999,137.690583333333
alb,2000,143.709416666667
alb,2001,143.484833333333
alb,2002,140.154515875
alb,2003,121.86325
alb,2004,102.780051196172
alb,2005,99.8702544808992
alb,2006,98.1033770912698
alb,2007,90.4278938310708
alb,2008,83.8946041005291
alb,2009,94.9781198203843
alb,2010,103.936666666667
alb,2011,100.895833333333
alb,2012,108.184166666667
alb,2013,105.669166666667
alb,2014,105.48
alb,2015,125.961666666667
alb,2016,124.1425
alb,2017,119.1
alb,2018,107.989166666667
alb,2019,109.850833333333
alb,2020,108.65
alb,2021,103.52
alb,2022,113.041666666667
alb,2023,100.645
are,1970,4.7619000037619
are,1971,4.74796288486442
are,1972,4.38597784250488
are,1973,3.99627131386443
are,1974,3.95904515568157
are,1975,3.961284999
are,1976,3.953072499
are,1977,3.903247499
are,1978,3.87121083233333
are,1979,3.81567583233333
are,1980,3.707364999
are,1981,3.670999999
are,1982,3.670999999
are,1983,3.670999999
are,1984,3.67099999958333
are,1985,3.671
are,1986,3.671
are,1987,3.671
are,1988,3.671
are,1989,3.671
are,1990,3.671
are,1991,3.671
are,1992,3.671
are,1993,3.671
are,1994,3.671
are,1995,3.671
are,1996,3.671
are,1997,3.671125
are,1998,3.6725
are,1999,3.6725
are,2000,3.6725
are,2001,3.6725
are,2002,3.6725
are,2003,3.6725
are,2004,3.6725
are,2005,3.6725
are,2006,3.6725
are,2007,3.6725
are,2008,3.6725
are,2009,3.6725
are,2010,3.6725
are,2011,3.6725
are,2012,3.6725
are,2013,3.6725
are,2014,3.6725
are,2015,3.6725
are,2016,3.6725
are,2017,3.6725
are,2018,3.6725
are,2019,3.6725
are,2020,3.6725
are,2021,3.6725
are,2022,3.6725
are,2023,3.6725
arg,1950,9.16046963658909e-13
arg,1951,1.15547257808428e-12
arg,1952,1.38805739101999e-12
arg,1953,1.49782643876365e-12
arg,1954,1.6031080777127e-12
arg,1955,1.75251349547968e-12
arg,1956,2.17526043704227e-12
arg,1957,2.51701321789566e-12
arg,1958,3.27570597753081e-12
arg,1959,6.51740885831358e-12
arg,1960,7.60807271936398e-12
arg,1961,9.09709445807927e-12
arg,1962,1.15084338248253e-11
arg,1963,1.40998058914782e-11
arg,1964,1.77685437821881e-11
arg,1965,2.15266043653893e-11
arg,1966,2.63918288971801e-11
arg,1967,3.32999714579017e-11
arg,1968,3.49999676982538e-11
arg,1969,3.49999676982538e-11
arg,1970,3.79166666566667e-11
arg,1971,4.52166666566667e-11
arg,1972,8.0328042074258e-11
arg,1973,1.25897868029594e-10
arg,1974,1.50225336266391e-10
arg,1975,4.06620213091519e-10
arg,1976,2.04487475072186e-09
arg,1977,4.98621268592075e-09
arg,1978,1.20574938995477e-08
arg,1979,2.83159638134685e-08
arg,1980,5.08903963257486e-08
arg,1981,9.56854251400675e-08
arg,1982,2.72066715818796e-07
arg,1983,1.26012381947245e-06
arg,1984,8.61223221602552e-06
arg,1985,6.01809e-05
arg,1986,9.43031666666667e-05
arg,1987,0.000214429833333333
arg,1988,0.000875260416666667
arg,1989,0.0423339608333333
arg,1990,0.487589083333333
arg,1991,0.953554416666667
arg,1992,0.990641666666667
arg,1993,0.998945833333333
arg,1994,0.999008333333333
arg,1995,0.99975
arg,1996,0.9996625
arg,1997,0.9995
arg,1998,0.9995
arg,1999,0.9995
arg,2000,0.9995
arg,2001,0.9995
arg,2002,3.06325666666667
arg,2003,2.90062916666667
arg,2004,2.92330081890332
arg,2005,2.9036575
arg,2006,3.05431333333333
arg,2007,3.09564884920635
arg,2008,3.14416455988456
arg,2009,3.71010683052328
arg,2010,3.8962951544705
arg,2011,4.11013957621326
arg,2012,4.53693436018746
arg,2013,5.45935266465704
arg,2014,8.07527599281334
arg,2015,9.23318552472429
arg,2016,14.7581750873396
arg,2017,16.5627069251411
arg,2018,28.0949916666667
arg,2019,48.1478916666667
arg,2020,70.5391666666667
arg,2021,94.9907416666667
arg,2022,130.61655
arg,2023,296.258041666667
arm,1990,0.0228958000377699
arm,1991,0.0401688609797047
arm,1992,0.260813964710149
arm,1993,3.75364295208925
arm,1994,160.665676430435
arm,1995,405.908333333333
arm,1996,414.0415
arm,1997,490.84678575
arm,1998,504.915
arm,1999,535.061833333333
arm,2000,539.525833333333
arm,2001,555.078258333333
arm,2002,573.353333333333
arm,2003,578.762954545455
arm,2004,533.450833333333
arm,2005,457.686940629159
arm,2006,416.040369724542
arm,2007,342.079116208671
arm,2008,305.969400261936
arm,2009,363.283285606061
arm,2010,373.660466738817
arm,2011,372.500882448711
arm,2012,401.763975626916
arm,2013,409.625749270293
arm,2014,415.919789204938
arm,2015,477.918306576099
arm,2016,480.488150777966
arm,2017,482.716393849129
arm,2018,482.987946590235
arm,2019,480.445128767119
arm,2020,489.008858590915
arm,2021,503.769674961652
arm,2022,435.6661796523
arm,2023,392.476302158971
atg,1970,2.000000001
atg,1971,1.97487273321145
atg,1972,1.92127814947601
atg,1973,1.95921923598161
atg,1974,2.05323240851763
atg,1975,2.16979583233333
atg,1976,2.61467083283333
atg,1977,2.7
atg,1978,2.7
atg,1979,2.7
atg,1980,2.7
atg,1981,2.7
atg,1982,2.7
atg,1983,2.7
atg,1984,2.7
atg,1985,2.7
atg,1986,2.7
atg,1987,2.7
atg,1988,2.7
atg,1989,2.7
atg,1990,2.7
atg,1991,2.7
atg,1992,2.7
atg,1993,2.7
atg,1994,2.7
atg,1995,2.7
atg,1996,2.7
atg,1997,2.7
atg,1998,2.7
atg,1999,2.7
atg,2000,2.7
atg,2001,2.7
atg,2002,2.7
atg,2003,2.7
atg,2004,2.7
atg,2005,2.7
atg,2006,2.7
atg,2007,2.7
atg,2008,2.7
atg,2009,2.7
atg,2010,2.7
atg,2011,2.7
atg,2012,2.7
atg,2013,2.7
atg,2014,2.7
atg,2015,2.7
atg,2016,2.7
atg,2017,2.7
atg,2018,2.7
atg,2019,2.7
atg,2020,2.7
atg,2021,2.7
atg,2022,2.7
atg,2023,2.7
aus,1950,0.893199965013041
aus,1951,0.893099948420815
aus,1952,0.892899974841007
aus,1953,0.892999931828589
aus,1954,0.893099948420815
aus,1955,0.892999931828589
aus,1956,0.892999931828589
aus,1957,0.893099948420815
aus,1958,0.893099948420815
aus,1959,0.892999931828589
aus,1960,0.892899974841007
aus,1961,0.892899974841007
aus,1962,0.892899974841007
aus,1963,0.892899974841007
aus,1964,0.892899974841007
aus,1965,0.892899974841007
aus,1966,0.892899974841007
aus,1967,0.892899974841007
aus,1968,0.892899974841007
aus,1969,0.892899974841007
aus,1970,0.892856999892857
aus,1971,0.882670259295548
aus,1972,0.838697807262207
aus,1973,0.704113907966658
aus,1974,0.696665868638096
aus,1975,0.763871249
aus,1976,0.818284082333333
aus,1977,0.901824999
aus,1978,0.873659249
aus,1979,0.894640915666667
aus,1980,0.878244332333333
aus,1981,0.870214582333333
aus,1982,0.985862832333333
aus,1983,1.11001499916667
aus,1984,1.13951916591667
aus,1985,1.4318949995
aus,1986,1.49597416641667
aus,1987,1.42818
aus,1988,1.27990833333333
aus,1989,1.26459666666667
aus,1990,1.28105666666667
aus,1991,1.28375583333333
aus,1992,1.36164833333333
aus,1993,1.47056
aus,1994,1.36775083333333
aus,1995,1.3490325
aus,1996,1.27786333333333
aus,1997,1.34738
aus,1998,1.59182833333333
aus,1999,1.54995
aus,2000,1.72482666666667
aus,2001,1.9334425
aus,2002,1.8405625
aus,2003,1.54191416666667
aus,2004,1.3597525
aus,2005,1.30947333333333
aus,2006,1.3279734405
aus,2007,1.1950725
aus,2008,1.19217833333333
aus,2009,1.28218881008452
aus,2010,1.09015948638677
aus,2011,0.969463201496735
aus,2012,0.965801030658708
aus,2013,1.03584309652054
aus,2014,1.10936329281692
aus,2015,1.33109026245502
aus,2016,1.34521397601947
aus,2017,1.30475807671592
aus,2018,1.33841214646451
aus,2019,1.43850654421382
aus,2020,1.45308511847016
aus,2021,1.33122425957081
aus,2022,1.44166445896522
aus,2023,1.50519106560508
aut,1950,1.44764279272572
aut,1951,1.55301820109014
aut,1952,1.55301820109014
aut,1953,1.77394400744573
aut,1954,1.88949369018117
aut,1955,1.88949369018117
aut,1956,1.88949369018117
aut,1957,1.88949369018117
aut,1958,1.88949369018117
aut,1959,1.88949369018117
aut,1960,1.88949369018117
aut,1961,1.88949369018117
aut,1962,1.88949369018117
aut,1963,1.88949369018117
aut,1964,1.88949369018117
aut,1965,1.88949369018117
aut,1966,1.88949369018117
aut,1967,1.88949369018117
aut,1968,1.88949369018117
aut,1969,1.88949369018117
aut,1970,1.88949369018117
aut,1971,1.81577319507131
aut,1972,1.67985678599546
aut,1973,1.42293409294007
aut,1974,1.35843695261004
aut,1975,1.26572458443251
aut,1976,1.30372642063278
aut,1977,1.20105787417426
aut,1978,1.05533067344099
aut,1979,0.971454110696475
aut,1980,0.94024112839715
aut,1981,1.1574481175798
aut,1982,1.2397440462175
aut,1983,1.30544634437476
aut,1984,1.45411679488577
aut,1985,1.50356460250382
aut,1986,1.10950584895193
aut,1987,0.918766305967166
aut,1988,0.897339932026678
aut,1989,0.961510044596898
aut,1990,0.826278012349535
aut,1991,0.848521955674418
aut,1992,0.798625998948664
aut,1993,0.84534366983278
aut,1994,0.830056388063247
aut,1995,0.7326508748598
aut,1996,0.769355137606011
aut,1997,0.886917012468238
aut,1998,0.899621737898156
aut,1999,0.938283072395283
aut,2000,1.08270508132602
aut,2001,1.11653308564463
aut,2002,1.05755899623965
aut,2003,0.88404792718493
aut,2004,0.803921647747618
aut,2005,0.803800192161442
aut,2006,0.796432730949102
aut,2007,0.729672399984083
aut,2008,0.679922680042729
aut,2009,0.716957702016136
aut,2010,0.754308990105961
aut,2011,0.718413898653317
aut,2012,0.778338120416812
aut,2013,0.752945122701996
aut,2014,0.752728196932603
aut,2015,0.901296423367096
aut,2016,0.903421436257263
aut,2017,0.885205508269372
aut,2018,0.846772667108111
aut,2019,0.893276257067409
aut,2020,0.875506396987998
aut,2021,0.84549413889045
aut,2022,0.949623753156941
aut,2023,0.924839558470698
aze,1990,4.49815951048636e-05
aze,1991,7.98626930139525e-05
aze,1992,0.000909927382542289
aze,1993,0.00753371070667138
aze,1994,0.109490124461544
aze,1995,0.692591194423534
aze,1996,0.860252833333333
aze,1997,0.797075
aze,1998,0.773799686666667
aze,1999,0.824033333333333
aze,2000,0.89483075
aze,2001,0.931316666666667
aze,2002,0.972164166666667
aze,2003,0.982146
aze,2004,0.9826955
aze,2005,0.945421
aze,2006,0.893445
aze,2007,0.858123808243728
aze,2008,0.821619578853046
aze,2009,0.803783333333333
aze,2010,0.80265
aze,2011,0.789686388888889
aze,2012,0.785645349462366
aze,2013,0.784541075268817
aze,2014,0.7843475
aze,2015,1.02456381855059
aze,2016,1.59572157270424
aze,2017,1.72115480222734
aze,2018,1.70001666666667
aze,2019,1.7
aze,2020,1.7
aze,2021,1.7
aze,2022,1.7
aze,2023,1.7
bdi,1960,50.00000005
bdi,1961,50.00000005
bdi,1962,50.00000005
bdi,1963,50.00000005
bdi,1964,50.00000005
bdi,1965,84.375000084375
bdi,1966,87.5000000875
bdi,1967,87.5000000875
bdi,1968,87.5000000875
bdi,1969,87.5000000875
bdi,1970,87.5000000875
bdi,1971,87.5000000802083
bdi,1972,87.5
bdi,1973,80.0260833333333
bdi,1974,78.75
bdi,1975,78.75
bdi,1976,86.25
bdi,1977,90.0
bdi,1978,90.0
bdi,1979,90.0
bdi,1980,90.0
bdi,1981,90.0
bdi,1982,90.0
bdi,1983,92.9483333331667
bdi,1984,119.709166666167
bdi,1985,120.690749999417
bdi,1986,114.171083333167
bdi,1987,123.563833333333
bdi,1988,140.395
bdi,1989,158.666666666667
bdi,1990,171.255416666667
bdi,1991,181.512583333333
bdi,1992,208.302666666667
bdi,1993,242.78
bdi,1994,252.6625
bdi,1995,249.7575
bdi,1996,302.746666666667
bdi,1997,352.350833333333
bdi,1998,447.765833333333
bdi,1999,563.5625
bdi,2000,720.673333333333
bdi,2001,830.353333333333
bdi,2002,930.749166666667
bdi,2003,1082.62
bdi,2004,1100.9
bdi,2005,1081.57716666667
bdi,2006,1028.683553
bdi,2007,1081.8696825
bdi,2008,1185.69083333333
bdi,2009,1230.17916666667
bdi,2010,1230.74833333333
bdi,2011,1261.07333333333
bdi,2012,1442.505625
bdi,2013,1555.09083333333
bdi,2014,1546.68666666667
bdi,2015,1571.89833333333
bdi,2016,1654.62666666667
bdi,2017,1729.055
bdi,2018,1782.876875
bdi,2019,1845.62289069697
bdi,2020,1915.04617583333
bdi,2021,1975.95088138768
bdi,2022,2034.30663430472
bdi,2023,2574.05174879329
bel,1950,1.23946762508088
bel,1951,1.23922002738563
bel,1952,1.23922002738563
bel,1953,1.23922002738563
bel,1954,1.23922002738563
bel,1955,1.23922002738563
bel,1956,1.23946762508088
bel,1957,1.23946762508088
bel,1958,1.23922002738563
bel,1959,1.23922002738563
bel,1960,1.23946762508088
bel,1961,1.23946762508088
bel,1962,1.23946762508088
bel,1963,1.23946762508088
bel,1964,1.23946762508088
bel,1965,1.23946762508088
bel,1966,1.23946762508088
bel,1967,1.23946762508088
bel,1968,1.23946762508088
bel,1969,1.23946762508088
bel,1970,1.23946762508088
bel,1971,1.21609070477839
bel,1972,1.09109302036776
bel,1973,0.966202196807627
bel,1974,0.965582462995694
bel,1975,0.911725528959336
bel,1976,0.956997083921048
bel,1977,0.888518563481813
bel,1978,0.780668353970469
bel,1979,0.72679076214038
bel,1980,0.724881982001691
bel,1981,0.920410065448023
bel,1982,1.13263997511975
bel,1983,1.26752090773238
bel,1984,1.43242587776412
bel,1985,1.47194217139854
bel,1986,1.10738788808764
bel,1987,0.925487751167784
bel,1988,0.911463175003738
bel,1989,0.976799645016473
bel,1990,0.828408515307839
bel,1991,0.846513005733777
bel,1992,0.796965287469726
bel,1993,0.85762534942658
bel,1994,0.829364909184207
bel,1995,0.730790524187385
bel,1996,0.767515867251364
bel,1997,0.886811589352807
bel,1998,0.899819802065283
bel,1999,0.938283072395283
bel,2000,1.08270508132602
bel,2001,1.11653308564463
bel,2002,1.05755899623965
bel,2003,0.88404792718493
bel,2004,0.803921647747618
bel,2005,0.803800192161442
bel,2006,0.796432730949102
bel,2007,0.729672399984083
bel,2008,0.679922680042729
bel,2009,0.716957702016136
bel,2010,0.754308990105961
bel,2011,0.718413898653317
bel,2012,0.778338120416812
bel,2013,0.752945122701996
bel,2014,0.752728196932603
bel,2015,0.901296423367096
bel,2016,0.903421436257263
bel,2017,0.885205508269372
bel,2018,0.846772667108111
bel,2019,0.893276257067409
bel,2020,0.875506396987998
bel,2021,0.84549413889045
bel,2022,0.949623753156941
bel,2023,0.924839558470698
ben,1959,245.294448692632
ben,1960,245.195098717111
ben,1961,245.260101158475
ben,1962,245.013900597112
ben,1963,245.016403038517
ben,1964,245.027206261166
ben,1965,245.060897667394
ben,1966,245.678405601562
ben,1967,246.000900108188
ben,1968,247.564697104238
ben,1969,259.960601637173
ben,1970,276.403137026845
ben,1971,275.356456685332
ben,1972,252.027627462649
ben,1973,222.889183053227
ben,1974,240.704667637823
ben,1975,214.312900341219
ben,1976,238.950494267059
ben,1977,245.679686566576
ben,1978,225.655860233957
ben,1979,212.721644262377
ben,1980,211.279555414705
ben,1981,271.731452550327
ben,1982,328.60625269899
ben,1983,381.066036024628
ben,1984,436.956665788008
ben,1985,449.262962711607
ben,1986,346.305903554493
ben,1987,300.536562401478
ben,1988,297.848218819378
ben,1989,319.008299487903
ben,1990,272.264787954393
ben,1991,282.10690880882
ben,1992,264.691800750579
ben,1993,283.162579500018
ben,1994,555.204695655697
ben,1995,499.14842590131
ben,1996,511.552430272516
ben,1997,583.669372353396
ben,1998,589.951774567332
ben,1999,615.473349319193
ben,2000,710.207977031373
ben,2001,732.397693260192
ben,2002,693.713226496371
ben,2003,579.897426172445
ben,2004,527.338032291584
ben,2005,527.258362649643
ben,2006,522.42562489518
ben,2007,478.633718476359
ben,2008,446.000041432788
ben,2009,470.293423341398
ben,2010,494.794262222936
ben,2011,471.248625718934
ben,2012,510.556338454251
ben,2013,493.899623852233
ben,2014,493.757329875319
ben,2015,591.21169798261
ben,2016,592.605615063006
ben,2017,580.656749587853
ben,2018,555.446458398235
ben,2019,585.950813757166
ben,2020,574.294549649056
ben,2021,554.607798864163
ben,2022,622.912348249567
ben,2023,606.654982255763
bfa,1959,245.195098717111
bfa,1960,245.195098717111
bfa,1961,245.260101158475
bfa,1962,245.013900597112
bfa,1963,245.016403038517
bfa,1964,245.027206261166
bfa,1965,245.060897667394
bfa,1966,245.678405601562
bfa,1967,246.000900108188
bfa,1968,247.564697104238
bfa,1969,259.960601637173
bfa,1970,276.403137026845
bfa,1971,275.356456685332
bfa,1972,252.027627462649
bfa,1973,222.889183053227
bfa,1974,240.704667637823
bfa,1975,214.312900341219
bfa,1976,238.950494267059
bfa,1977,245.679686566576
bfa,1978,225.655860233957
bfa,1979,212.721644262377
bfa,1980,211.279555414705
bfa,1981,271.731452550327
bfa,1982,328.60625269899
bfa,1983,381.066036024628
bfa,1984,436.956665788008
bfa,1985,449.262962711607
bfa,1986,346.305903554493
bfa,1987,300.536562401478
bfa,1988,297.848218819378
bfa,1989,319.008299487903
bfa,1990,272.264787954393
bfa,1991,282.10690880882
bfa,1992,264.691800750579
bfa,1993,283.162579500018
bfa,1994,555.204695655697
bfa,1995,499.14842590131
bfa,1996,511.552430272516
bfa,1997,583.669372353396
bfa,1998,589.951774567332
bfa,1999,615.473349319164
bfa,2000,710.207977031367
bfa,2001,732.397693260228
bfa,2002,693.713226496374
bfa,2003,579.897426172466
bfa,2004,527.338032291576
bfa,2005,527.258362649626
bfa,2006,522.425624895176
bfa,2007,478.633718476363
bfa,2008,446.000041432788
bfa,2009,470.293423341398
bfa,2010,494.794262222947
bfa,2011,471.248625718937
bfa,2012,510.556338454251
bfa,2013,493.899623852237
bfa,2014,493.757329875312
bfa,2015,591.21169798261
bfa,2016,592.605615063022
bfa,2017,580.656749587858
bfa,2018,555.446458398226
bfa,2019,585.911013180369
bfa,2020,575.586004510945
bfa,2021,554.530675033104
bfa,2022,623.759700911182
bfa,2023,606.569750165917
bgd,1959,6.82542580727406
bgd,1960,6.82542580727406
bgd,1961,6.82542580727406
bgd,1962,6.82542580727406
bgd,1963,6.82542580727406
bgd,1964,6.82542580727406
bgd,1965,6.82542580727406
bgd,1966,6.82542580727406
bgd,1967,6.82542580727406
bgd,1968,6.82542580727406
bgd,1969,6.82542580727406
bgd,1970,7.279
bgd,1971,7.86884258502912
bgd,1972,6.34617880764845
bgd,1973,9.71094714328374
bgd,1974,12.352772011552
bgd,1975,19.3525500108651
bgd,1976,15.3991686037548
bgd,1977,15.3750999994167
bgd,1978,15.01611666575
bgd,1979,15.5519249993333
bgd,1980,15.4540583325
bgd,1981,17.9866916658333
bgd,1982,22.1178833323333
bgd,1983,24.6154249995
bgd,1984,25.3539333850833
bgd,1985,27.9945916666667
bgd,1986,30.4069
bgd,1987,30.9498333333333
bgd,1988,31.7332485981559
bgd,1989,32.27
bgd,1990,34.5688083333333
bgd,1991,36.5961833333333
bgd,1992,38.9507583333333
bgd,1993,39.5672575
bgd,1994,40.2117391666667
bgd,1995,40.2783183333333
bgd,1996,41.7941683333333
bgd,1997,43.8921158333333
bgd,1998,46.9056516666667
bgd,1999,49.0854
bgd,2000,52.1416666666667
bgd,2001,55.8066666666667
bgd,2002,57.888
bgd,2003,58.15004
bgd,2004,59.5126583333333
bgd,2005,64.327475
bgd,2006,68.9332333333333
bgd,2007,68.874875
bgd,2008,68.598275
bgd,2009,69.0390666666667
bgd,2010,69.6492916666667
bgd,2011,74.1524
bgd,2012,81.8626583333333
bgd,2013,78.103235
bgd,2014,77.6414083333333
bgd,2015,77.9469083333333
bgd,2016,78.4680916666667
bgd,2017,80.4375416666667
bgd,2018,83.4662019166667
bgd,2019,84.4535225
bgd,2020,84.8713916666667
bgd,2021,85.08376325
bgd,2022,91.7454544396961
bgd,2023,106.309484297483
bgr,1970,0.00372168618630678
bgr,1971,0.00327582340670044
bgr,1972,0.00314907798910604
bgr,1973,0.00298357943174381
bgr,1974,0.00274205025361583
bgr,1975,0.00251756377610394
bgr,1976,0.00237524424827054
bgr,1977,0.00215142173553298
bgr,1978,0.00230240427876558
bgr,1979,0.00233912836873416
bgr,1980,0.0023812175686168
bgr,1981,0.00223674570021454
bgr,1982,0.00214696419833883
bgr,1983,0.00205270775484799
bgr,1984,0.0020354550989245
bgr,1985,0.00197755403240862
bgr,1986,0.00196460931997238
bgr,1987,0.0019183443715949
bgr,1988,0.00175310958584858
bgr,1989,0.00180048613762761
bgr,1990,0.00219
bgr,1991,0.01778825
bgr,1992,0.0233411666666667
bgr,1993,0.0275935833333333
bgr,1994,0.0541336666666667
bgr,1995,0.0671708333333333
bgr,1996,0.177888666666667
bgr,1997,1.68187916666667
bgr,1998,1.76035833333333
bgr,1999,1.83638333333333
bgr,2000,2.123275
bgr,2001,2.18470833333333
bgr,2002,2.076975
bgr,2003,1.73270166666667
bgr,2004,1.57510891666667
bgr,2005,1.57413333333333
bgr,2006,1.55926666666667
bgr,2007,1.42905
bgr,2008,1.33711666666667
bgr,2009,1.40669166666667
bgr,2010,1.47739166666667
bgr,2011,1.40645833333333
bgr,2012,1.52205
bgr,2013,1.47356666666667
bgr,2014,1.47418333333333
bgr,2015,1.7644
bgr,2016,1.76804166666667
bgr,2017,1.73545833333333
bgr,2018,1.65704166666667
bgr,2019,1.74704166666667
bgr,2020,1.71633333333333
bgr,2021,1.653775
bgr,2022,1.86014166666667
bgr,2023,1.80896666666667
bhr,1970,0.47618999947619
bhr,1971,0.474796287589076
bhr,1972,0.438597783421538
bhr,1973,0.399630307154623
bhr,1974,0.394739999
bhr,1975,0.395499999
bhr,1976,0.395599165666667
bhr,1977,0.395649999
bhr,1978,0.387453332333333
bhr,1979,0.38161749925
bhr,1980,0.3770002347101
bhr,1981,0.375999999
bhr,1982,0.375999999
bhr,1983,0.375999999
bhr,1984,0.375999999583333
bhr,1985,0.376
bhr,1986,0.376
bhr,1987,0.376
bhr,1988,0.376
bhr,1989,0.376
bhr,1990,0.376
bhr,1991,0.376
bhr,1992,0.376
bhr,1993,0.375999989166667
bhr,1994,0.375999965
bhr,1995,0.375999970833333
bhr,1996,0.3759999675
bhr,1997,0.375999965
bhr,1998,0.3759999625
bhr,1999,0.375999979166667
bhr,2000,0.376
bhr,2001,0.376
bhr,2002,0.376
bhr,2003,0.376
bhr,2004,0.376
bhr,2005,0.376
bhr,2006,0.376
bhr,2007,0.376
bhr,2008,0.376
bhr,2009,0.376
bhr,2010,0.376
bhr,2011,0.376
bhr,2012,0.376
bhr,2013,0.376
bhr,2014,0.376
bhr,2015,0.376
bhr,2016,0.376
bhr,2017,0.376
bhr,2018,0.376
bhr,2019,0.376
bhr,2020,0.376
bhr,2021,0.376
bhr,2022,0.376
bhr,2023,0.376
bhs,1970,1.0
bhs,1971,1.0
bhs,1972,1.0
bhs,1973,1.0
bhs,1974,1.0
bhs,1975,1.0
bhs,1976,1.0
bhs,1977,1.0
bhs,1978,1.0
bhs,1979,1.0
bhs,1980,1.0
bhs,1981,1.0
bhs,1982,1.0
bhs,1983,1.0
bhs,1984,1.0
bhs,1985,1.0
bhs,1986,1.0
bhs,1987,1.0
bhs,1988,1.0
bhs,1989,1.0
bhs,1990,1.0
bhs,1991,1.0
bhs,1992,1.0
bhs,1993,1.0
bhs,1994,1.0
bhs,1995,1.0
bhs,1996,1.0
bhs,1997,1.0
bhs,1998,1.0
bhs,1999,1.0
bhs,2000,1.0
bhs,2001,1.0
bhs,2002,1.0
bhs,2003,1.0
bhs,2004,1.0
bhs,2005,1.0
bhs,2006,1.0
bhs,2007,1.0
bhs,2008,1.0
bhs,2009,1.0
bhs,2010,1.0
bhs,2011,1.0
bhs,2012,1.0
bhs,2013,1.0
bhs,2014,1.0
bhs,2015,1.0
bhs,2016,1.0
bhs,2017,1.0
bhs,2018,1.0
bhs,2019,1.0
bhs,2020,1.0
bhs,2021,1.0
bhs,2022,1.0
bhs,2023,1.0
bih,1990,0.000114981
bih,1991,0.000196236
bih,1992,0.0034673
bih,1993,0.3381268
bih,1994,0.791222222222222
bih,1995,1.44166666666667
bih,1996,1.49666666666667
bih,1997,1.73405583333333
bih,1998,1.75966758333333
bih,1999,1.83579538489311
bih,2000,2.12285951185833
bih,2001,2.1856595833
bih,2002,2.07817042621667
bih,2003,1.73293220419167
bih,2004,1.57515702795
bih,2005,1.5727220196
bih,2006,1.55907195605833
bih,2007,1.429002741625
bih,2008,1.33519568048428
bih,2009,1.4078912383695
bih,2010,1.47673956845028
bih,2011,1.40693658566639
bih,2012,1.5222099744513
bih,2013,1.47305132263235
bih,2014,1.474169186794
bih,2015,1.76349164694686
bih,2016,1.76813902429915
bih,2017,1.73535271327691
bih,2018,1.65698544113543
bih,2019,1.74708646136073
bih,2020,1.71697049519219
bih,2021,1.65360615435868
bih,2022,1.85932587706093
bih,2023,1.80920280030082
blr,1990,2.29976405002443e-08
blr,1991,4.53172617828291e-08
blr,1992,5.20769744889105e-07
blr,1993,5.86507613539588e-06
blr,1994,0.000117417580689713
blr,1995,0.000876232009115001
blr,1996,0.00132298766666667
blr,1997,0.00260205495833333
blr,1998,0.004612762
blr,1999,0.0249295329166667
blr,2000,0.087675
blr,2001,0.139
blr,2002,0.179091666666667
blr,2003,0.205127083333333
blr,2004,0.21602575
blr,2005,0.215382
blr,2006,0.214456416666667
blr,2007,0.214607833333333
blr,2008,0.21363975
blr,2009,0.279304921788469
blr,2010,0.297851
blr,2011,0.497463333333333
blr,2012,0.833689833333333
blr,2013,0.88800525
blr,2014,1.02241025
blr,2015,1.59259883333333
blr,2016,1.98956283333333
blr,2017,1.93234166666667
blr,2018,2.03760833333333
blr,2019,2.09178333333333
blr,2020,2.439575
blr,2021,2.538675
blr,2022,2.6261
blr,2023,3.00735
blz,1970,1.66667000066667
blz,1971,1.64368211813437
blz,1972,1.60156184612003
blz,1973,1.63268378119723
blz,1974,1.71092678407905
blz,1975,1.80804370464356
blz,1976,2.22567313165156
blz,1977,2.0
blz,1978,2.0
blz,1979,2.0
blz,1980,2.0
blz,1981,2.0
blz,1982,2.0
blz,1983,2.0
blz,1984,2.0
blz,1985,2.0
blz,1986,2.0
blz,1987,2.0
blz,1988,2.0
blz,1989,2.0
blz,1990,2.0
blz,1991,2.0
blz,1992,2.0
blz,1993,2.0
blz,1994,2.0
blz,1995,2.0
blz,1996,2.0
blz,1997,2.0
blz,1998,2.0
blz,1999,2.0
blz,2000,2.0
blz,2001,2.0
blz,2002,2.0
blz,2003,2.0
blz,2004,2.0
blz,2005,2.0
blz,2006,2.0
blz,2007,2.0
blz,2008,2.0
blz,2009,2.0
blz,2010,2.0
blz,2011,2.0
blz,2012,2.0
blz,2013,2.0
blz,2014,2.0
blz,2015,2.0
blz,2016,2.0
blz,2017,2.0
blz,2018,2.0
blz,2019,2.0
blz,2020,2.0
blz,2021,2.0
blz,2022,2.0
blz,2023,2.0
bmu,1970,1.0
bmu,1971,1.0
bmu,1972,1.0
bmu,1973,1.0
bmu,1974,1.0
bmu,1975,1.0
bmu,1976,1.0
bmu,1977,1.0
bmu,1978,1.0
bmu,1979,1.0
bmu,1980,1.0
bmu,1981,1.0
bmu,1982,1.0
bmu,1983,1.0
bmu,1984,1.0
bmu,1985,1.0
bmu,1986,1.0
bmu,1987,1.0
bmu,1988,1.0
bmu,1989,1.0
bmu,1990,1.0
bmu,1991,1.0
bmu,1992,1.0
bmu,1993,1.0
bmu,1994,1.0
bmu,1995,1.0
bmu,1996,1.0
bmu,1997,1.0
bmu,1998,1.0
bmu,1999,1.0
bmu,2000,1.0
bmu,2001,1.0
bmu,2002,1.0
bmu,2003,1.0
bmu,2004,1.0
bmu,2005,1.0
bmu,2006,1.0
bmu,2007,1.0
bmu,2008,1.0
bmu,2009,1.0
bmu,2010,1.0
bmu,2011,1.0
bmu,2012,1.0
bmu,2013,1.0
bmu,2014,1.0
bmu,2015,1.0
bmu,2016,1.0
bmu,2017,1.0
bmu,2018,1.0
bmu,2019,1.0
bmu,2020,1.0
bmu,2021,1.0
bmu,2022,1.0
bmu,2023,1.0
bol,1950,1.48756864628104e-07
bol,1951,2.21188120633092e-07
bol,1952,2.92334287850383e-07
bol,1953,1.05935535826647e-06
bol,1954,1.96736395357347e-06
bol,1955,4.17561402202498e-06
bol,1956,7.75999987138459e-06
bol,1957,8.33000021589016e-06
bol,1958,9.71000018832971e-06
bol,1959,1.18999997887032e-05
bol,1960,1.18999997887032e-05
bol,1961,1.18999997887032e-05
bol,1962,1.18999997887032e-05
bol,1963,1.18999997887032e-05
bol,1964,1.18999997887032e-05
bol,1965,1.18999997887032e-05
bol,1966,1.18999997887032e-05
bol,1967,1.18999997887032e-05
bol,1968,1.18999997887032e-05
bol,1969,1.18999997887032e-05
bol,1970,1.188e-05
bol,1971,1.188e-05
bol,1972,1.3295e-05
bol,1973,2.001e-05
bol,1974,2.001e-05
bol,1975,2.001e-05
bol,1976,2.001e-05
bol,1977,2.35270863734003e-05
bol,1978,2.48525011706792e-05
bol,1979,2.75015592533636e-05
bol,1980,3.15033532892534e-05
bol,1981,3.72662664129484e-05
bol,1982,9.06517251406529e-05
bol,1983,0.00031857951718867
bol,1984,0.00474572704132022
bol,1985,0.57220861591447
bol,1986,1.85160126384325
bol,1987,2.07035172611672
bol,1988,2.35024166666667
bol,1989,2.69168333333333
bol,1990,3.17265
bol,1991,3.58060833333333
bol,1992,3.90051666666667
bol,1993,4.26508333333333
bol,1994,4.62051666666667
bol,1995,4.80034166666667
bol,1996,5.0746125
bol,1997,5.25425833333333
bol,1998,5.51013333333333
bol,1999,5.81240833333333
bol,2000,6.18354166666667
bol,2001,6.60691666666667
bol,2002,7.17
bol,2003,7.65916666666667
bol,2004,7.93626666666667
bol,2005,8.0660625
bol,2006,8.01161666666667
bol,2007,7.85124516125
bol,2008,7.23832069891667
bol,2009,7.02
bol,2010,7.01666666666667
bol,2011,6.9369625
bol,2012,6.91
bol,2013,6.91
bol,2014,6.91
bol,2015,6.91
bol,2016,6.91
bol,2017,6.91
bol,2018,6.91
bol,2019,6.91
bol,2020,6.91
bol,2021,6.91
bol,2022,6.91
bol,2023,6.91
bra,1950,7.89407279338927e-15
bra,1951,7.9297923287936e-15
bra,1952,7.9297923287936e-15
bra,1953,8.56084232882142e-15
bra,1954,1.30972550937989e-14
bra,1955,1.78598927596197e-14
bra,1956,2.05984109806849e-14
bra,1957,2.17890688843483e-14
bra,1958,2.75042348901555e-14
bra,1959,4.34590750039138e-14
bra,1960,8.09648504042319e-14
bra,1961,1.1668463188936e-13
bra,1962,1.67883000412059e-13
bra,1963,2.48847842748068e-13
bra,1964,5.4175011869919e-13
bra,1965,8.21555054840173e-13
bra,1966,9.60862217154973e-13
bra,1967,1.15255841598142e-12
bra,1968,1.46451128293693e-12
bra,1969,1.76217616629804e-12
bra,1970,1.98785378344809e-12
bra,1971,2.28822086312487e-12
bra,1972,2.56796001993275e-12
bra,1973,2.65094052783721e-12
bra,1974,2.9383610615176e-12
bra,1975,3.5168444719385e-12
bra,1976,4.61870733099062e-12
bra,1977,6.12086729455843e-12
bra,1978,7.81974984419137e-12
bra,1979,1.1660690720063e-11
bra,1980,2.28123189244443e-11
bra,1981,4.03001093531326e-11
bra,1982,7.76854427171099e-11
bra,1983,2.49718172221135e-10
bra,1984,7.99741323974138e-10
bra,1985,2.68324234084592e-09
bra,1986,5.90968226749251e-09
bra,1987,1.6976307824584e-08
bra,1988,1.1354767374037e-07
bra,1989,1.22638743473744e-06
bra,1990,2.95572678942699e-05
bra,1991,0.000175961443086024
bra,1992,0.00195302352248811
bra,1993,0.038276610926673
bra,1994,0.664683514070577
bra,1995,0.917666666666667
bra,1996,1.0051
bra,1997,1.07799166666667
bra,1998,1.16051666666667
bra,1999,1.81393284657213
bra,2000,1.82942312207561
bra,2001,2.34963170932244
bra,2002,2.92036301775519
bra,2003,3.07747511847801
bra,2004,2.92511944951586
bra,2005,2.43439003623188
bra,2006,2.17532666666667
bra,2007,1.94705833333333
bra,2008,1.83376666666667
bra,2009,1.99942817314426
bra,2010,1.75922671058718
bra,2011,1.67282875525659
bra,2012,1.95306861112487
bra,2013,2.15608915126311
bra,2014,2.35295196276669
bra,2015,3.32690438276879
bra,2016,3.49131342157271
bra,2017,3.19138944630048
bra,2018,3.65382536145755
bra,2019,3.9444710972507
bra,2020,5.15517878751281
bra,2021,5.39440078962503
bra,2022,5.16397029102111
bra,2023,4.99437976287199
brb,1960,1.71429002370718
brb,1961,1.71429002370718
brb,1962,1.71429002370718
brb,1963,1.71429002370718
brb,1964,1.71429002370718
brb,1965,1.71429002370718
brb,1966,1.71429002370718
brb,1967,1.73809897986533
brb,1968,2.000000001
brb,1969,2.000000001
brb,1970,2.000000001
brb,1971,1.97487615196877
brb,1972,1.92128071035726
brb,1973,1.95922053743668
brb,1974,2.05323091078878
brb,1975,2.0188665976
brb,1976,2.0
brb,1977,2.0
brb,1978,2.0
brb,1979,2.0
brb,1980,2.0
brb,1981,2.0
brb,1982,2.0
brb,1983,2.0
brb,1984,2.0
brb,1985,2.0
brb,1986,2.0
brb,1987,2.0
brb,1988,2.0
brb,1989,2.0
brb,1990,2.0
brb,1991,2.0
brb,1992,2.0
brb,1993,2.0
brb,1994,2.0
brb,1995,2.0
brb,1996,2.0
brb,1997,2.0
brb,1998,2.0
brb,1999,2.0
brb,2000,2.0
brb,2001,2.0
brb,2002,2.0
brb,2003,2.0
brb,2004,2.0
brb,2005,2.0
brb,2006,2.0
brb,2007,2.0
brb,2008,2.0
brb,2009,2.0
brb,2010,2.0
brb,2011,2.0
brb,2012,2.0
brb,2013,2.0
brb,2014,2.0
brb,2015,2.0
brb,2016,2.0
brb,2017,2.0
brb,2018,2.0
brb,2019,2.0
brb,2020,2.0
brb,2021,2.0
brb,2022,2.0
brb,2023,2.0
brn,1970,3.06122000206122
brn,1971,3.05226042980931
brn,1972,2.81955586834381
brn,1973,2.45857965494532
brn,1974,2.43686666583333
brn,1975,2.37129999908333
brn,1976,2.47084166591667
brn,1977,2.43939999925
brn,1978,2.27402499916667
brn,1979,2.1745583325
brn,1980,2.14120833258333
brn,1981,2.112691666
brn,1982,2.14002499916667
brn,1983,2.113049999
brn,1984,2.133083333
brn,1985,2.20014999966667
brn,1986,2.1774166665
brn,1987,2.10598333333333
brn,1988,2.012425
brn,1989,1.95025833333333
brn,1990,1.81253333333333
brn,1991,1.72755
brn,1992,1.62896666666667
brn,1993,1.61579083333333
brn,1994,1.52744416666667
brn,1995,1.417375
brn,1996,1.41004083333333
brn,1997,1.48480583333333
brn,1998,1.67360166666667
brn,1999,1.69495666666667
brn,2000,1.72396333333333
brn,2001,1.7917225
brn,2002,1.79058833333333
brn,2003,1.74218333333333
brn,2004,1.69022833333333
brn,2005,1.6643975
brn,2006,1.58893333333333
brn,2007,1.50710166666667
brn,2008,1.41716666666667
brn,2009,1.4545692733233
brn,2010,1.36350947368421
brn,2011,1.25791302014692
brn,2012,1.24956701649958
brn,2013,1.25116566976059
brn,2014,1.2670401230814
brn,2015,1.37491084459887
brn,2016,1.38134687688286
brn,2017,1.38089116405281
brn,2018,1.34891856542537
brn,2019,1.36421851405475
brn,2020,1.37970342971399
brn,2021,1.34380696297339
brn,2022,1.37895639652216
brn,2023,1.34307960114934
btn,1970,7.5000000065
btn,1971,7.49193523096824
btn,1972,7.59446837394936
btn,1973,7.74203856214968
btn,1974,8.1016032272183
btn,1975,8.37589194565386
btn,1976,8.96041272812392
btn,1977,8.73857617131457
btn,1978,8.19284034840393
btn,1979,8.12579094635689
btn,1980,7.86294470113798
btn,1981,8.65852281709317
btn,1982,9.45513193348639
btn,1983,10.0988982440461
btn,1984,11.3625833326667
btn,1985,12.3687499995833
btn,1986,12.61083333325
btn,1987,12.9615
btn,1988,13.9170833333333
btn,1989,16.2255
btn,1990,17.5035
btn,1991,22.7424333333333
btn,1992,25.9180833333333
btn,1993,30.4932916666667
btn,1994,31.3737425
btn,1995,32.4270766666667
btn,1996,35.4331733333333
btn,1997,36.3132858333333
btn,1998,41.259365
btn,1999,43.0554283333333
btn,2000,44.941605
btn,2001,47.1864141666667
btn,2002,48.6103191666667
btn,2003,46.5832841666667
btn,2004,45.3164666666667
btn,2005,44.099975
btn,2006,45.3070083333333
btn,2007,41.3485333333333
btn,2008,43.5051833333333
btn,2009,48.4052666666667
btn,2010,45.7258121212121
btn,2011,46.6704666666667
btn,2012,53.4372333333333
btn,2013,58.5978454166667
btn,2014,61.0295144607843
btn,2015,64.1519444632786
btn,2016,67.1953128073894
btn,2017,65.121568645066
btn,2018,68.3894670935421
btn,2019,70.4203405359551
btn,2020,74.0995668836052
btn,2021,73.9180128154351
btn,2022,78.6044905829916
btn,2023,82.6009964460784
bwa,1960,0.714286051385305
bwa,1961,0.714286051385305
bwa,1962,0.714286051385305
bwa,1963,0.714286051385305
bwa,1964,0.714286051385305
bwa,1965,0.714286051385305
bwa,1966,0.714286051385305
bwa,1967,0.714286051385305
bwa,1968,0.714286051385305
bwa,1969,0.714286051385305
bwa,1970,0.716413520036937
bwa,1971,0.712443761749149
bwa,1972,0.772828411038462
bwa,1973,0.694114137583751
bwa,1974,0.679477003570251
bwa,1975,0.739507700509474
bwa,1976,0.869564999
bwa,1977,0.841959665666667
bwa,1978,0.828156999
bwa,1979,0.815006665666667
bwa,1980,0.777224999
bwa,1981,0.836738332333333
bwa,1982,1.0296608325
bwa,1983,1.0969258325
bwa,1984,1.29837333291667
bwa,1985,1.90256666641667
bwa,1986,1.8791441665
bwa,1987,1.67894083333333
bwa,1988,1.8285875
bwa,1989,2.01488583333333
bwa,1990,1.86046583333333
bwa,1991,2.02155666666667
bwa,1992,2.109725
bwa,1993,2.423075
bwa,1994,2.6846455
bwa,1995,2.77220666666667
bwa,1996,3.32419666666667
bwa,1997,3.65076333333333
bwa,1998,4.22588
bwa,1999,4.62439525
bwa,2000,5.10224166666667
bwa,2001,5.84141666666667
bwa,2002,6.32779166666667
bwa,2003,4.94966666666667
bwa,2004,4.69383333333333
bwa,2005,5.11675
bwa,2006,5.8303
bwa,2007,6.13940833333333
bwa,2008,6.82685833333333
bwa,2009,7.15514166666667
bwa,2010,6.793625
bwa,2011,6.83823333333333
bwa,2012,7.640525
bwa,2013,8.39890833333333
bwa,2014,8.97608333333334
bwa,2015,10.1289916666667
bwa,2016,10.9011583333333
bwa,2017,10.3474166666667
bwa,2018,10.199975
bwa,2019,10.7558666666667
bwa,2020,11.4562416666667
bwa,2021,11.0872583333333
bwa,2022,12.3688083333333
bwa,2023,13.5963833333333
caf,1960,245.195098717111
caf,1961,245.260101158475
caf,1962,245.013900597112
caf,1963,245.016403038517
caf,1964,245.027206261166
caf,1965,245.060897667394
caf,1966,245.678405601562
caf,1967,246.000900108188
caf,1968,247.564697104238
caf,1969,259.960601637173
caf,1970,276.403137026845
caf,1971,275.356456685332
caf,1972,252.027627462649
caf,1973,222.889183053227
caf,1974,240.704667637823
caf,1975,214.312900341219
caf,1976,238.950494267059
caf,1977,245.679686566576
caf,1978,225.655860233957
caf,1979,212.721644262377
caf,1980,211.279555414705
caf,1981,271.731452550327
caf,1982,328.60625269899
caf,1983,381.066036024628
caf,1984,436.956665788008
caf,1985,449.262962711607
caf,1986,346.305903554493
caf,1987,300.536562401478
caf,1988,297.848218819378
caf,1989,319.008299487903
caf,1990,272.264787954393
caf,1991,282.10690880882
caf,1992,264.691800750579
caf,1993,283.162579500018
caf,1994,555.204695655697
caf,1995,499.14842590131
caf,1996,511.552430272516
caf,1997,583.669372353396
caf,1998,589.951774567332
caf,1999,615.473349319164
caf,2000,710.207977031367
caf,2001,732.397693260228
caf,2002,693.713226496374
caf,2003,579.897426172466
caf,2004,527.338032291576
caf,2005,527.258362649626
caf,2006,522.425624895176
caf,2007,478.633718476363
caf,2008,446.000041432788
caf,2009,470.293423341398
caf,2010,494.794262222947
caf,2011,471.248625718937
caf,2012,510.556338454251
caf,2013,493.899623852237
caf,2014,493.757329875312
caf,2015,591.21169798261
caf,2016,592.605615063022
caf,2017,580.656749587858
caf,2018,555.446458398226
caf,2019,585.911013180369
caf,2020,575.586004510945
caf,2021,554.530675033104
caf,2022,623.759700911182
caf,2023,606.569750165917
can,1950,1.09182053511832
can,1951,1.05576064080376
can,1952,0.981035779927
can,1953,0.985142603209434
can,1954,0.975426490830591
can,1955,0.988247723050954
can,1956,0.986144247085417
can,1957,0.961002306758028
can,1958,0.973022509789273
can,1959,0.961503307390812
can,1960,0.971720241707647
can,1961,1.01509042084688
can,1962,1.07090156968839
can,1963,1.08066211750559
can,1964,1.08076230571916
can,1965,1.08013604003695
can,1966,1.0794686745525
can,1967,1.08086249393273
can,1968,1.07962699813851
can,1969,1.07892556151365
can,1970,1.04421874416667
can,1971,1.00981054416667
can,1972,0.990662555833333
can,1973,1.00009014
can,1974,0.978017525583333
can,1975,1.01715926333333
can,1976,0.986028304083333
can,1977,1.06344161083333
can,1978,1.14065917075
can,1979,1.17142449583333
can,1980,1.16922686666667
can,1981,1.19890312083333
can,1982,1.23373491166667
can,1983,1.23241182741667
can,1984,1.29506561083333
can,1985,1.36550739166667
can,1986,1.38947105916667
can,1987,1.32598258166667
can,1988,1.23070084666667
can,1989,1.18397208416667
can,1990,1.16677362666667
can,1991,1.14572584416667
can,1992,1.20872292
can,1993,1.29008788166667
can,1994,1.3656734475
can,1995,1.37244541833333
can,1996,1.36352163583333
can,1997,1.38459802833333
can,1998,1.48350530166667
can,1999,1.48570481916667
can,2000,1.485394095
can,2001,1.548839955
can,2002,1.57034283416667
can,2003,1.4010145475
can,2004,1.301281595
can,2005,1.21140513416667
can,2006,1.13434472583333
can,2007,1.07404562166667
can,2008,1.06708691833333
can,2009,1.1415354059127
can,2010,1.03011273517598
can,2011,0.989258158636364
can,2012,0.999364743593074
can,2013,1.03013736373016
can,2014,1.10474713237886
can,2015,1.27878620362554
can,2016,1.3256151637482
can,2017,1.29793584646039
can,2018,1.29581792813534
can,2019,1.32679336266012
can,2020,1.34115267222386
can,2021,1.2538769021268
can,2022,1.30155477474355
can,2023,1.3499086407939
che,1950,4.37300007127372
che,1951,4.37200014376982
che,1952,4.37300007127372
che,1953,4.37300007127372
che,1954,4.37300007127372
che,1955,4.37300007127372
che,1956,4.37300007127372
che,1957,4.37300007127372
che,1958,4.37300007127372
che,1959,4.37300007127372
che,1960,4.37300007127372
che,1961,4.37300007127372
che,1962,4.37300007127372
che,1963,4.37300007127372
che,1964,4.37300007127372
che,1965,4.37300007127372
che,1966,4.37300007127372
che,1967,4.37300007127372
che,1968,4.37300007127372
che,1969,4.37300007127372
che,1970,4.37295000337295
che,1971,4.13385416831202
che,1972,3.819249999
che,1973,3.16483333241667
che,1974,2.979249999
che,1975,2.58128333241667
che,1976,2.49964166575
che,1977,2.40352499933333
che,1978,1.78802499925
che,1979,1.66272499908333
che,1980,1.67570833258333
che,1981,1.96424166591667
che,1982,2.03027499908333
che,1983,2.09914166575
che,1984,2.34968333283333
che,1985,2.457125
che,1986,1.7989166665
che,1987,1.49119166666667
che,1988,1.4633
che,1989,1.635925
che,1990,1.38915833333333
che,1991,1.43399166666667
che,1992,1.40621833333333
che,1993,1.47761666666667
che,1994,1.3676925
che,1995,1.18246916666667
che,1996,1.23601
che,1997,1.4513125
che,1998,1.44981330833333
che,1999,1.502155
che,2000,1.6888425
che,2001,1.687615
che,2002,1.5586075
che,2003,1.34665083333333
che,2004,1.24349583333333
che,2005,1.24517666666667
che,2006,1.25384333333333
che,2007,1.20036583333333
che,2008,1.08309
che,2009,1.08814169630268
che,2010,1.04290564573352
che,2011,0.888042028223281
che,2012,0.937684480709349
che,2013,0.926903547758285
che,2014,0.916151047283613
che,2015,0.962381328004354
che,2016,0.985394394244834
che,2017,0.984691666666667
che,2018,0.977891666666667
che,2019,0.993709166666667
che,2020,0.938965
che,2021,0.913845833333333
che,2022,0.9548325
che,2023,0.89849
chl,1951,5.52999982260556e-05
chl,1952,5.99999975621537e-05
chl,1953,6.92999954744375e-05
chl,1954,8.98999992212969e-05
chl,1955,0.000158499996652305
chl,1956,0.000329222001197927
chl,1957,0.000512744001148939
chl,1958,0.000684908988138344
chl,1959,0.000976791939587351
chl,1960,0.0010489689723495
chl,1961,0.00105013603593288
chl,1962,0.00105763597651099
chl,1963,0.00162178601439796
chl,1964,0.00230743290104236
chl,1965,0.00315665798067018
chl,1966,0.00385113799613777
chl,1967,0.00506826901469718
chl,1968,0.00687646575879757
chl,1969,0.00861758166718578
chl,1970,0.0112775040919884
chl,1971,0.0122086435743848
chl,1972,0.0208352250595966
chl,1973,0.0716419084529154
chl,1974,0.592826261289235
chl,1975,4.91041666666667
chl,1976,13.0541666666667
chl,1977,21.5358333333333
chl,1978,31.6558333333333
chl,1979,37.2458333333333
chl,1980,39.0
chl,1981,39.0
chl,1982,50.9083333333333
chl,1983,78.7883333333333
chl,1984,98.4775
chl,1985,160.859999999917
chl,1986,192.929999999667
chl,1987,219.406666666667
chl,1988,245.011666666667
chl,1989,266.954166666667
chl,1990,304.903333333333
chl,1991,349.215833333333
chl,1992,362.575833333333
chl,1993,404.165833333333
chl,1994,420.176666666667
chl,1995,396.773333333333
chl,1996,412.266666666667
chl,1997,419.295
chl,1998,460.2875
chl,1999,508.776666666667
chl,2000,539.5875
chl,2001,634.938333333333
chl,2002,688.936666666667
chl,2003,691.3975
chl,2004,609.529166666667
chl,2005,559.7675
chl,2006,530.275
chl,2007,522.464166666667
chl,2008,522.461035833333
chl,2009,560.85989484127
chl,2010,510.249166666667
chl,2011,483.6675
chl,2012,486.471303391053
chl,2013,495.272877645503
chl,2014,570.34821612744
chl,2015,654.124084254196
chl,2016,676.957736044657
chl,2017,648.833792598261
chl,2018,641.276813066395
chl,2019,702.897422561529
chl,2020,792.727206103168
chl,2021,758.955378658977
chl,2022,873.314189543014
chl,2023,840.066526651499
chn,1952,2.46180842198822
chn,1953,2.46180842198822
chn,1954,2.46180842198822
chn,1955,2.46180842198822
chn,1956,2.46180842198822
chn,1957,2.46180842198822
chn,1958,2.46180842198822
chn,1959,2.46180842198822
chn,1960,2.46180842198822
chn,1961,2.46180842198822
chn,1962,2.46180842198822
chn,1963,2.46180842198822
chn,1964,2.46180842198822
chn,1965,2.46180842198822
chn,1966,2.46180842198822
chn,1967,2.46180842198822
chn,1968,2.46180842198822
chn,1969,2.46180842198822
chn,1970,2.46180889882528
chn,1971,2.46180889882528
chn,1972,2.24506644860066
chn,1973,1.98941552463247
chn,1974,1.96110708887637
chn,1975,1.85982338938658
chn,1976,1.94141535102099
chn,1977,1.85782338223957
chn,1978,1.68358941885647
chn,1979,1.55493895401486
chn,1980,1.49838605814132
chn,1981,1.70454166583333
chn,1982,1.89254166583333
chn,1983,1.97567499916667
chn,1984,2.32004166625
chn,1985,2.93665833325
chn,1986,3.45279166658333
chn,1987,3.7221
chn,1988,3.7221
chn,1989,3.76510833333333
chn,1990,4.78320833333333
chn,1991,5.32339166666667
chn,1992,5.51459166666667
chn,1993,5.76195833333333
chn,1994,8.61874266666667
chn,1995,8.35141666666667
chn,1996,8.314175
chn,1997,8.28981666666667
chn,1998,8.27895833333333
chn,1999,8.27825
chn,2000,8.27850416666667
chn,2001,8.27706833333333
chn,2002,8.2769575
chn,2003,8.27703666666667
chn,2004,8.27680083333333
chn,2005,8.19431666666667
chn,2006,7.97343833333333
chn,2007,7.6075325
chn,2008,6.948655
chn,2009,6.83141605176666
chn,2010,6.7702690287094
chn,2011,6.46146132655007
chn,2012,6.31233282683186
chn,2013,6.19575834608231
chn,2014,6.14343409448867
chn,2015,6.22748867298455
chn,2016,6.6444778294468
chn,2017,6.75875508633597
chn,2018,6.61595717735439
chn,2019,6.90838500992901
chn,2020,6.90076726944925
chn,2021,6.44897518024316
chn,2022,6.73715811237119
chn,2023,7.08399842343631
civ,1960,245.195098717111
civ,1961,245.260101158475
civ,1962,245.013900597112
civ,1963,245.016403038517
civ,1964,245.027206261166
civ,1965,245.060897667394
civ,1966,245.678405601562
civ,1967,246.000900108188
civ,1968,247.564697104238
civ,1969,259.960601637173
civ,1970,276.403137026845
civ,1971,275.356456685332
civ,1972,252.027627462649
civ,1973,222.889183053227
civ,1974,240.704667637823
civ,1975,214.312900341219
civ,1976,238.950494267059
civ,1977,245.679686566576
civ,1978,225.655860233957
civ,1979,212.721644262377
civ,1980,211.279555414705
civ,1981,271.731452550327
civ,1982,328.60625269899
civ,1983,381.066036024628
civ,1984,436.956665788008
civ,1985,449.262962711607
civ,1986,346.305903554493
civ,1987,300.536562401478
civ,1988,297.848218819378
civ,1989,319.008299487903
civ,1990,272.264787954393
civ,1991,282.10690880882
civ,1992,264.691800750579
civ,1993,283.162579500018
civ,1994,555.204695655697
civ,1995,499.14842590131
civ,1996,511.552430272516
civ,1997,583.669372353396
civ,1998,589.951774567332
civ,1999,615.473349319164
civ,2000,710.207977031367
civ,2001,732.397693260228
civ,2002,693.713226496374
civ,2003,579.897426172466
civ,2004,527.338032291576
civ,2005,527.258362649626
civ,2006,522.425624895176
civ,2007,478.633718476363
civ,2008,446.000041432788
civ,2009,470.293423341398
civ,2010,494.794262222947
civ,2011,471.248625718937
civ,2012,510.556338454251
civ,2013,493.899623852237
civ,2014,493.757329875312
civ,2015,591.21169798261
civ,2016,592.605615063022
civ,2017,580.656749587858
civ,2018,555.446458398226
civ,2019,585.911013180369
civ,2020,575.586004510945
civ,2021,554.530675033104
civ,2022,623.759700911182
civ,2023,606.569750165917
cmr,1960,245.195098717111
cmr,1961,245.260101158475
cmr,1962,245.013900597112
cmr,1963,245.016403038517
cmr,1964,245.027206261166
cmr,1965,245.060897667394
cmr,1966,245.678405601562
cmr,1967,246.000900108188
cmr,1968,247.564697104238
cmr,1969,259.960601637173
cmr,1970,276.403137026845
cmr,1971,275.356456685332
cmr,1972,252.027627462649
cmr,1973,222.889183053227
cmr,1974,240.704667637823
cmr,1975,214.312900341219
cmr,1976,238.950494267059
cmr,1977,245.679686566576
cmr,1978,225.655860233957
cmr,1979,212.721644262377
cmr,1980,211.279555414705
cmr,1981,271.731452550327
cmr,1982,328.60625269899
cmr,1983,381.066036024628
cmr,1984,436.956665788008
cmr,1985,449.262962711607
cmr,1986,346.305903554493
cmr,1987,300.536562401478
cmr,1988,297.848218819378
cmr,1989,319.008299487903
cmr,1990,272.264787954393
cmr,1991,282.10690880882
cmr,1992,264.691800750579
cmr,1993,283.162579500018
cmr,1994,555.204695655697
cmr,1995,499.14842590131
cmr,1996,511.552430272516
cmr,1997,583.669372353396
cmr,1998,589.951774567332
cmr,1999,615.473349319164
cmr,2000,710.207977031367
cmr,2001,732.397693260228
cmr,2002,693.713226496374
cmr,2003,579.897426172466
cmr,2004,527.338032291576
cmr,2005,527.258362649626
cmr,2006,522.425624895176
cmr,2007,478.633718476363
cmr,2008,446.000041432788
cmr,2009,470.293423341398
cmr,2010,494.794262222947
cmr,2011,471.248625718937
cmr,2012,510.556338454251
cmr,2013,493.899623852237
cmr,2014,493.757329875312
cmr,2015,591.21169798261
cmr,2016,592.605615063022
cmr,2017,580.656749587858
cmr,2018,555.446458398226
cmr,2019,585.911013180369
cmr,2020,575.586004510945
cmr,2021,554.530675033104
cmr,2022,623.759700911182
cmr,2023,606.569750165917
cod,1950,1.67000002710505e-13
cod,1951,1.67000002710505e-13
cod,1952,1.67000002710505e-13
cod,1953,1.67000002710505e-13
cod,1954,1.67000002710505e-13
cod,1955,1.67000002710505e-13
cod,1956,1.67000002710505e-13
cod,1957,1.67000002710505e-13
cod,1958,1.67000002710505e-13
cod,1959,1.67000002710505e-13
cod,1960,1.67000002710505e-13
cod,1961,1.72000004414716e-13
cod,1962,2.1300000483671e-13
cod,1963,4.56709113754951e-13
cod,1964,4.53790154801945e-13
cod,1965,6.28820798516654e-13
cod,1966,6.8344395930413e-13
cod,1967,9.79212144963439e-13
cod,1968,1.46278718408638e-12
cod,1969,1.67e-12
cod,1970,1.67e-12
cod,1971,1.67e-12
cod,1972,2.44605836013101e-12
cod,1973,2.73350012321211e-12
cod,1974,2.96539544621244e-12
cod,1975,3.04696194860094e-12
cod,1976,4.5449738671446e-12
cod,1977,5.87452184599281e-12
cod,1978,8.03321223294303e-12
cod,1979,1.49640149491305e-11
cod,1980,2.07786599949189e-11
cod,1981,2.5668026166912e-11
cod,1982,3.17702764129964e-11
cod,1983,5.7304633654181e-11
cod,1984,8.83756824488759e-11
cod,1985,1.25915284250353e-10
cod,1986,1.62815245016981e-10
cod,1987,2.4870737651572e-10
cod,1988,4.5549509146626e-10
cod,1989,1.5107894308474e-09
cod,1990,3.11730712609809e-09
cod,1991,6.74069742939342e-08
cod,1992,2.79640691195507e-06
cod,1993,4.81428496135148e-05
cod,1994,0.0126323190823584
cod,1995,0.0702447166666667
cod,1996,0.501849175
cod,1997,1.3134476
cod,1998,1.60723243633824
cod,1999,9.37271450964563
cod,2000,56.4362785993633
cod,2001,267.126771351029
cod,2002,346.484999904984
cod,2003,405.17818323067
cod,2004,399.475791666667
cod,2005,473.908008333333
cod,2006,468.278825
cod,2007,516.749891666667
cod,2008,559.292508333333
cod,2009,809.785833333333
cod,2010,905.913458333333
cod,2011,919.4913
cod,2012,919.755016666667
cod,2013,919.565907354881
cod,2014,925.226282531997
cod,2015,925.984961280393
cod,2016,1010.30275716866
cod,2017,1464.41793163743
cod,2018,1622.52350162292
cod,2019,1647.76012727639
cod,2020,1851.12216183261
cod,2021,1989.39147122828
cod,2022,2006.70821944055
cod,2023,2340.03570436145
cog,1960,245.195098717111
cog,1961,245.260101158475
cog,1962,245.013900597112
cog,1963,245.016403038517
cog,1964,245.027206261166
cog,1965,245.060897667394
cog,1966,245.678405601562
cog,1967,246.000900108188
cog,1968,247.564697104238
cog,1969,259.960601637173
cog,1970,276.403137026845
cog,1971,275.356456685332
cog,1972,252.027627462649
cog,1973,222.889183053227
cog,1974,240.704667637823
cog,1975,214.312900341219
cog,1976,238.950494267059
cog,1977,245.679686566576
cog,1978,225.655860233957
cog,1979,212.721644262377
cog,1980,211.279555414705
cog,1981,271.731452550327
cog,1982,328.60625269899
cog,1983,381.066036024628
cog,1984,436.956665788008
cog,1985,449.262962711607
cog,1986,346.305903554493
cog,1987,300.536562401478
cog,1988,297.848218819378
cog,1989,319.008299487903
cog,1990,272.264787954393
cog,1991,282.10690880882
cog,1992,264.691800750579
cog,1993,283.162579500018
cog,1994,555.204695655697
cog,1995,499.14842590131
cog,1996,511.552430272516
cog,1997,583.669372353396
cog,1998,589.951774567332
cog,1999,615.473349319164
cog,2000,710.207977031367
cog,2001,732.397693260228
cog,2002,693.713226496374
cog,2003,579.897426172466
cog,2004,527.338032291576
cog,2005,527.258362649626
cog,2006,522.425624895176
cog,2007,478.633718476363
cog,2008,446.000041432788
cog,2009,470.293423341398
cog,2010,494.794262222947
cog,2011,471.248625718937
cog,2012,510.556338454251
cog,2013,493.899623852237
cog,2014,493.757329875312
cog,2015,591.21169798261
cog,2016,592.605615063022
cog,2017,580.656749587858
cog,2018,555.446458398226
cog,2019,585.911013180369
cog,2020,575.586004510945
cog,2021,554.530675033104
cog,2022,623.759700911182
cog,2023,606.569750165917
col,1950,1.949936866485
col,1951,2.40069159007874
col,1952,2.5106315630252
col,1953,2.5106315630252
col,1954,2.5106315630252
col,1955,2.5106315630252
col,1956,2.5106315630252
col,1957,3.79793054323015
col,1958,6.40151138862358
col,1959,6.40151138862358
col,1960,6.63538397649338
col,1961,6.70038731624862
col,1962,6.90160706811918
col,1963,9.00052053178368
col,1964,9.00052053178368
col,1965,10.4756062226511
col,1966,13.5007807976755
col,1967,14.5072286220158
col,1968,16.2916125961995
col,1969,17.321142581268
col,1970,18.4441666666667
col,1971,19.9333333333333
col,1972,21.8666666666667
col,1973,23.5716666666667
col,1974,26.0616666666667
col,1975,30.9275
col,1976,34.695
col,1977,36.7741666666667
col,1978,39.095
col,1979,42.5483333333333
col,1980,47.2783333333333
col,1981,54.4891666666667
col,1982,64.0858333333333
col,1983,78.8575
col,1984,100.8175
col,1985,142.311666666667
col,1986,194.260833333333
col,1987,242.606666666667
col,1988,299.173333333333
col,1989,382.566666666667
col,1990,502.26
col,1991,627.1525
col,1992,680.385833333333
col,1993,786.346666666667
col,1994,826.54
col,1995,912.895
col,1996,1036.6225
col,1997,1141.11666666667
col,1998,1426.42416666667
col,1999,1756.68583333333
col,2000,2087.91833333333
col,2001,2299.89333333333
col,2002,2504.68083333333
col,2003,2877.54333333333
col,2004,2628.36833333333
col,2005,2321.13166666667
col,2006,2358.59460526316
col,2007,2077.81095833333
col,2008,1965.1375
col,2009,2157.59833333333
col,2010,1898.9975
col,2011,1848.01666666667
col,2012,1798.01166666667
col,2013,1868.895
col,2014,2001.105
col,2015,2741.78166666667
col,2016,3055.255
col,2017,2951.48691120161
col,2018,2955.70396997842
col,2019,3281.62219381788
col,2020,3693.27583333333
col,2021,3744.24416666667
col,2022,4256.19416666667
col,2023,4325.955
com,1960,245.189859471165
com,1961,245.254861081807
com,1962,245.008663666854
com,1963,245.011166076277
com,1964,245.021969160863
com,1965,245.055766946678
com,1966,245.673266989178
com,1967,245.995757374368
com,1968,247.559442833742
com,1969,259.955082138547
com,1970,276.400794802734
com,1971,275.354312550959
com,1972,252.025491795188
com,1973,222.887294303251
com,1974,240.702627920466
com,1975,214.311084266163
com,1976,238.948469414465
com,1977,245.677604691197
com,1978,225.653948039319
com,1979,212.719841671533
com,1980,211.277765044038
com,1981,271.729149913798
com,1982,328.603468108712
com,1983,381.062806893197
com,1984,436.95296304263
com,1985,449.259155683385
com,1986,346.302968978403
com,1987,300.534015672123
com,1988,297.845694870891
com,1989,319.005596230123
com,1990,272.262480798412
com,1991,282.104518251279
com,1992,264.689557767651
com,1993,283.160179996784
com,1994,416.398820951824
com,1995,374.357093251525
com,1996,383.659991508088
com,1997,437.747087471253
com,1998,442.458835940057
com,1999,461.792998463164
com,2000,532.65598277353
com,2001,549.298269945144
com,2002,520.284919872278
com,2003,434.923069629334
com,2004,395.503524218688
com,2005,395.443771987232
com,2006,391.819218671385
com,2007,358.975288857269
com,2008,334.500031074591
com,2009,352.720067506049
com,2010,371.095696667202
com,2011,353.4364692892
com,2012,382.917253840688
com,2013,370.424717889175
com,2014,370.317997406489
com,2015,443.408773486957
com,2016,444.454211297254
com,2017,435.492562190889
com,2018,416.584843798676
com,2019,439.463110317875
com,2020,430.720912236792
com,2021,415.955849148122
com,2022,467.184261187176
com,2023,454.991236691823
cpv,1960,28.75000002875
cpv,1961,28.75000002875
cpv,1962,28.75000002875
cpv,1963,28.75000002875
cpv,1964,28.75000002875
cpv,1965,28.75000002875
cpv,1966,28.75000002875
cpv,1967,28.75000002875
cpv,1968,28.75000002875
cpv,1969,28.75000002875
cpv,1970,28.75000002875
cpv,1971,28.3601702878227
cpv,1972,27.0534166666667
cpv,1973,24.5151666665833
cpv,1974,25.4081666665833
cpv,1975,25.5432499999167
cpv,1976,30.2290833333333
cpv,1977,34.0464916658333
cpv,1978,35.500749999
cpv,1979,37.432999999
cpv,1980,40.1749166656667
cpv,1981,48.6946666656667
cpv,1982,58.2933333324167
cpv,1983,71.6858333325
cpv,1984,84.8779166661667
cpv,1985,91.6316666663333
cpv,1986,80.1449166666667
cpv,1987,72.4658333333333
cpv,1988,72.0675
cpv,1989,77.9780833333333
cpv,1990,70.0313333333333
cpv,1991,71.4083333333333
cpv,1992,68.0175833333333
cpv,1993,80.4265973625
cpv,1994,81.8908333333333
cpv,1995,76.8533333333333
cpv,1996,82.5914666666667
cpv,1997,93.1766666666667
cpv,1998,98.1575
cpv,1999,102.7
cpv,2000,115.876551583333
cpv,2001,123.213333333333
cpv,2002,117.255833333333
cpv,2003,97.7875
cpv,2004,88.7479249022727
cpv,2005,88.6461685261408
cpv,2006,87.9260649113314
cpv,2007,80.6150271575266
cpv,2008,75.3360038388544
cpv,2009,80.0354177277845
cpv,2010,83.2786893759019
cpv,2011,79.2768814761183
cpv,2012,86.3189541847042
cpv,2013,83.0725
cpv,2014,83.0345
cpv,2015,99.3856935425685
cpv,2016,99.6881136363636
cpv,2017,97.8069377715121
cpv,2018,93.4135789085279
cpv,2019,98.4951785878976
cpv,2020,96.7957427869885
cpv,2021,93.2180924116109
cpv,2022,104.863065846367
cpv,2023,101.804812544702
cri,1950,5.61499977588562
cri,1951,5.61499977588562
cri,1952,5.61399984836402
cri,1953,5.61599970340722
cri,1954,5.61499977588562
cri,1955,5.61499977588562
cri,1956,5.61499977588562
cri,1957,5.61499977588562
cri,1958,5.61499977588562
cri,1959,5.61499977588562
cri,1960,5.61499977588562
cri,1961,5.95166683702352
cri,1962,6.625000005625
cri,1963,6.625000005625
cri,1964,6.625000005625
cri,1965,6.625000005625
cri,1966,6.625000005625
cri,1967,6.625000005625
cri,1968,6.625000005625
cri,1969,6.625000005625
cri,1970,6.625000005625
cri,1971,6.62583333840625
cri,1972,6.634999999
cri,1973,6.64675833233333
cri,1974,7.929999999
cri,1975,8.569999999
cri,1976,8.569999999
cri,1977,8.569999999
cri,1978,8.569999999
cri,1979,8.569999999
cri,1980,8.56999999908333
cri,1981,21.7633333325
cri,1982,37.40666666575
cri,1983,41.0941666656667
cri,1984,44.532683333
cri,1985,50.45335
cri,1986,55.9858916666667
cri,1987,62.7762
cri,1988,75.8047333333333
cri,1989,81.5042083333333
cri,1990,91.5792916666667
cri,1991,122.432416666667
cri,1992,134.506333333333
cri,1993,142.171666666667
cri,1994,157.066666666667
cri,1995,179.729166666667
cri,1996,207.689166666667
cri,1997,232.5975
cri,1998,257.229166666667
cri,1999,285.684694833333
cri,2000,308.186666666667
cri,2001,328.870833333333
cri,2002,359.81752688172
cri,2003,398.662222222222
cri,2004,437.935
cri,2005,477.786741487455
cri,2006,511.301817940348
cri,2007,516.617390232975
cri,2008,526.23551344086
cri,2009,573.287956733231
cri,2010,525.829200716846
cri,2011,505.664239919355
cri,2012,502.901461981567
cri,2013,499.766832565284
cri,2014,538.317200279058
cri,2015,534.565769969278
cri,2016,544.73936722902
cri,2017,567.51309030978
cri,2018,576.97250124808
cri,2019,587.294595686124
cri,2020,584.900854962304
cri,2021,620.784720014081
cri,2022,647.135817631363
cri,2023,544.050775505632
cuw,2005,1.79
cuw,2006,1.79
cuw,2007,1.79
cuw,2008,1.79
cuw,2009,1.79
cuw,2010,1.79
cuw,2011,1.79
cuw,2012,1.79
cuw,2013,1.79
cuw,2014,1.79
cuw,2015,1.79
cuw,2016,1.79
cuw,2017,1.79
cuw,2018,1.79
cuw,2019,1.79
cuw,2020,1.79
cuw,2021,1.79
cuw,2022,1.79
cuw,2023,1.79
cym,1970,0.827843865271655
cym,1971,0.832759412941441
cym,1972,0.80049730397871
cym,1973,0.816341890598615
cym,1974,0.83882588132866
cym,1975,0.83333
cym,1976,0.83333
cym,1977,0.83333
cym,1978,0.83333
cym,1979,0.83333
cym,1980,0.83333
cym,1981,0.83333
cym,1982,0.83333
cym,1983,0.83333
cym,1984,0.83333
cym,1985,0.83333
cym,1986,0.83333
cym,1987,0.83333
cym,1988,0.83333
cym,1989,0.83333
cym,1990,0.83333
cym,1991,0.83333
cym,1992,0.83333
cym,1993,0.83333
cym,1994,0.83333
cym,1995,0.83333
cym,1996,0.83333
cym,1997,0.83333
cym,1998,0.83333
cym,1999,0.83333
cym,2000,0.83333
cym,2001,0.83333
cym,2002,0.83333
cym,2003,0.83333
cym,2004,0.83333
cym,2005,0.83333
cym,2006,0.83333
cym,2007,0.83333
cym,2008,0.83333
cym,2009,0.83333
cym,2010,0.83333
cym,2011,0.83333
cym,2012,0.83333
cym,2013,0.83333
cym,2014,0.83333
cym,2015,0.83333
cym,2016,0.83333
cym,2017,0.83333
cym,2018,0.83333
cym,2019,0.83333
cym,2020,0.83333
cym,2021,0.83333
cym,2022,0.83333
cym,2023,0.83333
cyp,1950,0.610215083450244
cyp,1951,0.610215083450244
cyp,1952,0.610385612343302
cyp,1953,0.610215083450244
cyp,1954,0.610215083450244
cyp,1955,0.610385612343303
cyp,1956,0.610215083450244
cyp,1957,0.610385612343303
cyp,1958,0.610215083450244
cyp,1959,0.610215083450244
cyp,1960,0.610215083450244
cyp,1961,0.610215083450244
cyp,1962,0.610215083450244
cyp,1963,0.610215083450244
cyp,1964,0.610215083450244
cyp,1965,0.610215083450244
cyp,1966,0.610215083450244
cyp,1967,0.61869026810734
cyp,1968,0.71191789538185
cyp,1969,0.71191789538185
cyp,1970,0.711917835777204
cyp,1971,0.701774892492332
cyp,1972,0.655372302836232
cyp,1973,0.597925933525747
cyp,1974,0.623114491204345
cyp,1975,0.63031544730693
cyp,1976,0.701373530978721
cyp,1977,0.697317115172632
cyp,1978,0.638184138138178
cyp,1979,0.605603296828795
cyp,1980,0.603224620766005
cyp,1981,0.720057202319973
cyp,1982,0.812245026660041
cyp,1983,0.899819180692298
cyp,1984,1.00531692863993
cyp,1985,1.04660777031569
cyp,1986,0.885300019022429
cyp,1987,0.822002315724486
cyp,1988,0.797282697221016
cyp,1989,0.845116845557238
cyp,1990,0.782676005882146
cyp,1991,0.793523204516175
cyp,1992,0.768099357451951
cyp,1993,0.849867184714624
cyp,1994,0.840958252032382
cyp,1995,0.773005748874317
cyp,1996,0.796740073879926
cyp,1997,0.878045724452706
cyp,1998,0.884757538064792
cyp,1999,0.927681308241952
cyp,2000,1.06344911386234
cyp,2001,1.09881359185327
cyp,2002,1.04337453853523
cyp,2003,0.884104302714057
cyp,2004,0.800651579004022
cyp,2005,0.792911537436597
cyp,2006,0.78410444837233
cyp,2007,0.728077789206423
cyp,2008,0.679922680042729
cyp,2009,0.716957702016136
cyp,2010,0.754308990105961
cyp,2011,0.718413898653317
cyp,2012,0.778338120416812
cyp,2013,0.752945122701996
cyp,2014,0.752728196932603
cyp,2015,0.901296423367096
cyp,2016,0.903421436257263
cyp,2017,0.885205508269372
cyp,2018,0.846772667108111
cyp,2019,0.893276257067409
cyp,2020,0.875506396987998
cyp,2021,0.84549413889045
cyp,2022,0.949623753156941
cyp,2023,0.924839558470698
cze,1990,17.95333333
cze,1991,29.4775
cze,1992,28.18083333
cze,1993,29.1528333333333
cze,1994,28.7850833333333
cze,1995,26.5406666666667
cze,1996,27.1449166666667
cze,1997,31.6984166666667
cze,1998,32.2811666666667
cze,1999,34.56925
cze,2000,38.5984166666667
cze,2001,38.0353283333333
cze,2002,32.7385183333333
cze,2003,28.209
cze,2004,25.69975
cze,2005,23.9574166666667
cze,2006,22.5955833333333
cze,2007,20.2936666666667
cze,2008,17.0716666666667
cze,2009,19.063
cze,2010,19.09825
cze,2011,17.6959166666667
cze,2012,19.5775
cze,2013,19.5705833333333
cze,2014,20.7575
cze,2015,24.59875
cze,2016,24.4399166666667
cze,2017,23.3763333333333
cze,2018,21.7299166666667
cze,2019,22.93225
cze,2020,23.21025
cze,2021,21.6781666666667
cze,2022,23.357
cze,2023,22.1980833333333
deu,1950,2.14486070374006
deu,1951,2.14486070374006
deu,1952,2.14486070374006
deu,1953,2.14742575470433
deu,1954,2.14742575470433
deu,1955,2.14742575470433
deu,1956,2.14742575470433
deu,1957,2.14742575470433
deu,1958,2.14742575470433
deu,1959,2.14742575470433
deu,1960,2.14742575470433
deu,1961,2.06221052437573
deu,1962,2.04516747831001
deu,1963,2.04516747831001
deu,1964,2.04516747831001
deu,1965,2.04516747831001
deu,1966,2.04516747831001
deu,1967,2.04516747831001
deu,1968,2.04516747831001
deu,1969,2.01619429999829
deu,1970,1.8713282865382
deu,1971,1.79330182586747
deu,1972,1.63032659569936
deu,1973,1.36647868121633
deu,1974,1.32309556505422
deu,1975,1.25792715424312
deu,1976,1.28743295638339
deu,1977,1.18731348451382
deu,1978,1.02699365444168
deu,1979,0.937138367087119
deu,1980,0.929358208961582
deu,1981,1.15551965103477
deu,1982,1.24069661767638
deu,1983,1.30546025596124
deu,1984,1.45510686826906
deu,1985,1.50522625509375
deu,1986,1.11026179835841
deu,1987,0.918991766496408
deu,1988,0.897943584053829
deu,1989,0.961250040477276
deu,1990,0.826111335511435
deu,1991,0.84851018067351
deu,1992,0.798458966270075
deu,1993,0.845329519095898
deu,1994,0.829721482269252
deu,1995,0.73274901192844
deu,1996,0.769378814450474
deu,1997,0.886608669124275
deu,1998,0.899703757484035
deu,1999,0.938283072395283
deu,2000,1.08270508132602
deu,2001,1.11653308564463
deu,2002,1.05755899623965
deu,2003,0.88404792718493
deu,2004,0.803921647747618
deu,2005,0.803800192161442
deu,2006,0.796432730949102
deu,2007,0.729672399984083
deu,2008,0.679922680042729
deu,2009,0.716957702016136
deu,2010,0.754308990105961
deu,2011,0.718413898653317
deu,2012,0.778338120416812
deu,2013,0.752945122701996
deu,2014,0.752728196932603
deu,2015,0.901296423367096
deu,2016,0.903421436257263
deu,2017,0.885205508269372
deu,2018,0.846772667108111
deu,2019,0.893276257067409
deu,2020,0.875506396987998
deu,2021,0.84549413889045
deu,2022,0.949623753156941
deu,2023,0.924839558470698
dji,1970,214.392000213392
dji,1971,213.778750195526
dji,1972,197.465999999
dji,1973,179.942333333167
dji,1974,177.721
dji,1975,177.721
dji,1976,177.721
dji,1977,177.721
dji,1978,177.721
dji,1979,177.721
dji,1980,177.721
dji,1981,177.721
dji,1982,177.721
dji,1983,177.721
dji,1984,177.721
dji,1985,177.721
dji,1986,177.721
dji,1987,177.721
dji,1988,177.721
dji,1989,177.721
dji,1990,177.721
dji,1991,177.721
dji,1992,177.721
dji,1993,177.721
dji,1994,177.721
dji,1995,177.721
dji,1996,177.721
dji,1997,177.721
dji,1998,177.721
dji,1999,177.721
dji,2000,177.721
dji,2001,177.721
dji,2002,177.721
dji,2003,177.721
dji,2004,177.721
dji,2005,177.721
dji,2006,177.721
dji,2007,177.721
dji,2008,177.721
dji,2009,177.721
dji,2010,177.721
dji,2011,177.721
dji,2012,177.721
dji,2013,177.721
dji,2014,177.721
dji,2015,177.721
dji,2016,177.721
dji,2017,177.721
dji,2018,177.721
dji,2019,177.721
dji,2020,177.721
dji,2021,177.721
dji,2022,177.721
dji,2023,177.721
dma,1970,2.000000001
dma,1971,1.97487273321145
dma,1972,1.92127814947601
dma,1973,1.95921923598161
dma,1974,2.05323240851763
dma,1975,2.16979583233333
dma,1976,2.61467083283333
dma,1977,2.7
dma,1978,2.7
dma,1979,2.7
dma,1980,2.7
dma,1981,2.7
dma,1982,2.7
dma,1983,2.7
dma,1984,2.7
dma,1985,2.7
dma,1986,2.7
dma,1987,2.7
dma,1988,2.7
dma,1989,2.7
dma,1990,2.7
dma,1991,2.7
dma,1992,2.7
dma,1993,2.7
dma,1994,2.7
dma,1995,2.7
dma,1996,2.7
dma,1997,2.7
dma,1998,2.7
dma,1999,2.7
dma,2000,2.7
dma,2001,2.7
dma,2002,2.7
dma,2003,2.7
dma,2004,2.7
dma,2005,2.7
dma,2006,2.7
dma,2007,2.7
dma,2008,2.7
dma,2009,2.7
dma,2010,2.7
dma,2011,2.7
dma,2012,2.7
dma,2013,2.7
dma,2014,2.7
dma,2015,2.7
dma,2016,2.7
dma,2017,2.7
dma,2018,2.7
dma,2019,2.7
dma,2020,2.7
dma,2021,2.7
dma,2022,2.7
dma,2023,2.7
dnk,1950,6.90513992908016
dnk,1951,6.90513992908016
dnk,1952,6.90613985660177
dnk,1953,6.90613985660177
dnk,1954,6.90713978412339
dnk,1955,6.90613985660178
dnk,1956,6.90513992908016
dnk,1957,6.90513992908016
dnk,1958,6.90613985660178
dnk,1959,6.90613985660178
dnk,1960,6.9071397841234
dnk,1961,6.9071397841234
dnk,1962,6.9071397841234
dnk,1963,6.9071397841234
dnk,1964,6.9071397841234
dnk,1965,6.9071397841234
dnk,1966,6.9071397841234
dnk,1967,6.95654202110469
dnk,1968,7.5000000065
dnk,1969,7.5000000065
dnk,1970,7.5000000065
dnk,1971,7.42633796871194
dnk,1972,6.94929166566667
dnk,1973,6.049499999
dnk,1974,6.094899999
dnk,1975,5.746149999
dnk,1976,6.045024999
dnk,1977,6.00319166566667
dnk,1978,5.514624999
dnk,1979,5.26095833233333
dnk,1980,5.63594166566667
dnk,1981,7.12336666566667
dnk,1982,8.33244166616667
dnk,1983,9.14499166575
dnk,1984,10.35659166625
dnk,1985,10.5963916664167
dnk,1986,8.09099166658334
dnk,1987,6.84031666666667
dnk,1988,6.731525
dnk,1989,7.310175
dnk,1990,6.18855833333333
dnk,1991,6.39645833333333
dnk,1992,6.03613333333333
dnk,1993,6.48393916666667
dnk,1994,6.36055166666667
dnk,1995,5.60236666666667
dnk,1996,5.79867166666667
dnk,1997,6.60445916666667
dnk,1998,6.70082666666667
dnk,1999,6.97624
dnk,2000,8.08314416666667
dnk,2001,8.3228175
dnk,2002,7.89471416666667
dnk,2003,6.58767333333333
dnk,2004,5.99105666666667
dnk,2005,5.99691
dnk,2006,5.94677833333333
dnk,2007,5.44370083333333
dnk,2008,5.09813083333333
dnk,2009,5.36086666666667
dnk,2010,5.624075
dnk,2011,5.36871153508772
dnk,2012,5.79247553703916
dnk,2013,5.61631168617622
dnk,2014,5.61246666666667
dnk,2015,6.7279068312963
dnk,2016,6.73171825724638
dnk,2017,6.60289346561404
dnk,2018,6.31461878666667
dnk,2019,6.669446615
dnk,2020,6.54215220416667
dnk,2021,6.2871130825
dnk,2022,7.0761518625
dnk,2023,6.88970258583333
dom,1951,1.0
dom,1952,1.0
dom,1953,1.0
dom,1954,1.0
dom,1955,1.0
dom,1956,1.0
dom,1957,1.0
dom,1958,1.0
dom,1959,1.0
dom,1960,1.0
dom,1961,1.0
dom,1962,1.0
dom,1963,1.0
dom,1964,1.0
dom,1965,1.0
dom,1966,1.0
dom,1967,1.0
dom,1968,1.0
dom,1969,1.0
dom,1970,1.0
dom,1971,0.999999999916667
dom,1972,1.0
dom,1973,0.999999999916667
dom,1974,0.9999999995
dom,1975,0.999999999
dom,1976,0.999999999
dom,1977,0.999999999
dom,1978,0.999999999
dom,1979,0.999999999
dom,1980,0.999999999
dom,1981,0.999999999
dom,1982,0.999999999
dom,1983,0.999999999
dom,1984,0.999999999583333
dom,1985,3.11260833333333
dom,1986,2.90433333325
dom,1987,3.84475833333333
dom,1988,6.11251666666667
dom,1989,6.34
dom,1990,8.5253
dom,1991,12.5759189640769
dom,1992,12.5
dom,1993,12.5
dom,1994,12.6167803030303
dom,1995,12.87
dom,1996,12.8963492063492
dom,1997,14.0059210526316
dom,1998,14.7031108444695
dom,1999,15.834429906597
dom,2000,16.1814576782866
dom,2001,16.690961523126
dom,2002,17.5930436887674
dom,2003,29.3699996161352
dom,2004,41.9303145729387
dom,2005,30.2828081770082
dom,2006,33.300035201723
dom,2007,33.1718705755495
dom,2008,34.5293609573506
dom,2009,35.97186554526
dom,2010,36.8212918670815
dom,2011,38.0875848668099
dom,2012,39.3203008432258
dom,2013,41.7945034252297
dom,2014,43.5496726190476
dom,2015,45.0454990740741
dom,2016,46.0644439393939
dom,2017,47.5343581962482
dom,2018,49.5099928571429
dom,2019,51.2948583333333
dom,2020,56.5245333333333
dom,2021,57.2211166666667
dom,2022,55.1409916666667
dom,2023,56.1576
dza,1960,4.93706000393706
dza,1961,4.93706000393706
dza,1962,4.93706000393706
dza,1963,4.93706000393706
dza,1964,4.93706000393706
dza,1965,4.93706000393706
dza,1966,4.93706000393706
dza,1967,4.93706000393706
dza,1968,4.93706000393706
dza,1969,4.93706000393706
dza,1970,4.93706000393706
dza,1971,4.91263833685897
dza,1972,4.48051495321132
dza,1973,3.96249541224223
dza,1974,4.180749999
dza,1975,3.94940833233333
dza,1976,4.163824999
dza,1977,4.14675833233333
dza,1978,3.965899999
dza,1979,3.85326666566667
dza,1980,3.837449999
dza,1981,4.31580833233333
dza,1982,4.59219166566667
dza,1983,4.788799999
dza,1984,4.98337499958333
dza,1985,5.0278
dza,1986,4.70231666666667
dza,1987,4.84974166666667
dza,1988,5.91476666666667
dza,1989,7.60855833333333
dza,1990,8.95750833333333
dza,1991,18.472875
dza,1992,21.836075
dza,1993,23.3454066666667
dza,1994,35.0585008333333
dza,1995,47.6627266666667
dza,1996,54.7489333333333
dza,1997,57.70735
dza,1998,58.7389583333333
dza,1999,66.573875
dza,2000,75.2597916666667
dza,2001,77.2150208333333
dza,2002,79.6819
dza,2003,77.394975
dza,2004,72.06065
dza,2005,73.2763083333333
dza,2006,72.6466166666667
dza,2007,69.2924
dza,2008,64.5828
dza,2009,72.6474166666667
dza,2010,74.3859833333333
dza,2011,72.9378833333333
dza,2012,77.5359666666667
dza,2013,79.3684
dza,2014,80.5790166666667
dza,2015,100.691433333333
dza,2016,109.443066666667
dza,2017,110.973016666667
dza,2018,116.593791666667
dza,2019,119.353558333333
dza,2020,126.7768
dza,2021,135.064058333333
dza,2022,141.994975
dza,2023,135.842933333333
ecu,1950,1.0
ecu,1951,1.0
ecu,1952,1.0
ecu,1953,1.0
ecu,1954,1.0
ecu,1955,1.0
ecu,1956,1.0
ecu,1957,1.0
ecu,1958,1.0
ecu,1959,1.0
ecu,1960,1.0
ecu,1961,1.0
ecu,1962,1.0
ecu,1963,1.0
ecu,1964,1.0
ecu,1965,1.0
ecu,1966,1.0
ecu,1967,1.0
ecu,1968,1.0
ecu,1969,1.0
ecu,1970,1.0
ecu,1971,1.0
ecu,1972,1.0
ecu,1973,1.0
ecu,1974,1.0
ecu,1975,1.0
ecu,1976,1.0
ecu,1977,1.0
ecu,1978,1.0
ecu,1979,1.0
ecu,1980,1.0
ecu,1981,1.0
ecu,1982,1.0
ecu,1983,1.0
ecu,1984,1.0
ecu,1985,1.0
ecu,1986,1.0
ecu,1987,1.0
ecu,1988,1.0
ecu,1989,1.0
ecu,1990,1.0
ecu,1991,1.0
ecu,1992,1.0
ecu,1993,1.0
ecu,1994,1.0
ecu,1995,1.0
ecu,1996,1.0
ecu,1997,1.0
ecu,1998,1.0
ecu,1999,1.0
ecu,2000,1.0
ecu,2001,1.0
ecu,2002,1.0
ecu,2003,1.0
ecu,2004,1.0
ecu,2005,1.0
ecu,2006,1.0
ecu,2007,1.0
ecu,2008,1.0
ecu,2009,1.0
ecu,2010,1.0
ecu,2011,1.0
ecu,2012,1.0
ecu,2013,1.0
ecu,2014,1.0
ecu,2015,1.0
ecu,2016,1.0
ecu,2017,1.0
ecu,2018,1.0
ecu,2019,1.0
ecu,2020,1.0
ecu,2021,1.0
ecu,2022,1.0
ecu,2023,1.0
egy,1950,0.348140668512396
egy,1951,0.348242026214203
egy,1952,0.348242026214203
egy,1953,0.348140668512396
egy,1954,0.348140668512396
egy,1955,0.348242026214203
egy,1956,0.348242026214203
egy,1957,0.348140668512396
egy,1958,0.348140668512396
egy,1959,0.348140668512396
egy,1960,0.348242026214203
egy,1961,0.348242026214203
egy,1962,0.404489113415452
egy,1963,0.434782608884688
egy,1964,0.434782608884688
egy,1965,0.434782608884688
egy,1966,0.434782608884688
egy,1967,0.434782608884688
egy,1968,0.434782608884688
egy,1969,0.434782608884688
egy,1970,0.434782608884688
egy,1971,0.434782641394297
egy,1972,0.434782608884688
egy,1973,0.397956243179606
egy,1974,0.391303667451088
egy,1975,0.391303667451088
egy,1976,0.391303667451088
egy,1977,0.391303667451088
egy,1978,0.391303667451088
egy,1979,0.700000700490701
egy,1980,0.700000700490701
egy,1981,1.19511655171186
egy,1982,1.20759861445833
egy,1983,1.41204390165895
egy,1984,1.50561253816973
egy,1985,1.61671168977501
egy,1986,1.68662628684101
egy,1987,2.02394442338828
egy,1988,2.18227263156558
egy,1989,2.34684989426273
egy,1990,2.61400753145574
egy,1991,3.13800833333333
egy,1992,3.32174833333333
egy,1993,3.3525175
egy,1994,3.38513333333333
egy,1995,3.39220833333333
egy,1996,3.39148333333333
egy,1997,3.38875
egy,1998,3.388
egy,1999,3.39525
egy,2000,3.47205
egy,2001,3.973
egy,2002,4.49966666666667
egy,2003,5.850875
egy,2004,6.19624166666667
egy,2005,5.77883333333333
egy,2006,5.73316666666667
egy,2007,5.63543333333333
egy,2008,5.4325
egy,2009,5.54455330862978
egy,2010,5.62194291761051
egy,2011,5.93282765151515
egy,2012,6.05605833333333
egy,2013,6.870325
egy,2014,7.07760856060606
egy,2015,7.69125833333333
egy,2016,10.0254007885465
egy,2017,17.7825335150636
egy,2018,17.7672904218107
egy,2019,16.7705818428763
egy,2020,15.7591729166667
egy,2021,15.6445272777113
egy,2022,19.1604397412204
egy,2023,30.6264136980311
esp,1950,0.239142713652822
esp,1951,0.238241193409182
esp,1952,0.238301349396349
esp,1953,0.238241193409182
esp,1954,0.234094215189601
esp,1955,0.234034118807078
esp,1956,0.234094215189601
esp,1957,0.249059406530537
esp,1958,0.252365020493646
esp,1959,0.306456115902742
esp,1960,0.360607262990877
esp,1961,0.360607262990877
esp,1962,0.360607262990877
esp,1963,0.360607262990877
esp,1964,0.360607262990877
esp,1965,0.360607262990877
esp,1966,0.360607262990877
esp,1967,0.370624151275505
esp,1968,0.420708473489356
esp,1969,0.420708473489356
esp,1970,0.420708473489356
esp,1971,0.417515095664099
esp,1972,0.386278993821095
esp,1973,0.350150152851402
esp,1974,0.34670284758934
esp,1975,0.345022517914168
esp,1976,0.402094627348955
esp,1977,0.456539813039659
esp,1978,0.460782958499112
esp,1979,0.403429375065109
esp,1980,0.430937198237332
esp,1981,0.554865393317346
esp,1982,0.66026688943681
esp,1983,0.862031160472233
esp,1984,0.966193069126411
esp,1985,1.02198552362078
esp,1986,0.841707688400274
esp,1987,0.742119729624686
esp,1988,0.700099968346694
esp,1989,0.711464105553755
esp,1990,0.612635177639146
esp,1991,0.624521193690172
esp,1992,0.615310683190491
esp,1993,0.764850508255905
esp,1994,0.80510352433498
esp,1995,0.749395982835094
esp,1996,0.761251447437483
esp,1997,0.879963628750815
esp,1998,0.897884026700967
esp,1999,0.938283072395283
esp,2000,1.08270508132602
esp,2001,1.11653308564463
esp,2002,1.05755899623965
esp,2003,0.88404792718493
esp,2004,0.803921647747618
esp,2005,0.803800192161442
esp,2006,0.796432730949102
esp,2007,0.729672399984083
esp,2008,0.679922680042729
esp,2009,0.716957702016136
esp,2010,0.754308990105961
esp,2011,0.718413898653317
esp,2012,0.778338120416812
esp,2013,0.752945122701996
esp,2014,0.752728196932603
esp,2015,0.901296423367096
esp,2016,0.903421436257263
esp,2017,0.885205508269372
esp,2018,0.846772667108111
esp,2019,0.893276257067409
esp,2020,0.875506396987998
esp,2021,0.84549413889045
esp,2022,0.949623753156941
esp,2023,0.924839558470698
est,1990,0.00898150971931057
est,1991,0.021467971244718
est,1992,0.207180068662907
est,1993,0.363593715894138
est,1994,0.49703846197395
est,1995,0.639347991689806
est,1996,0.769368425089157
est,1997,0.887205527079366
est,1998,0.899535149276309
est,1999,0.938068547373442
est,2000,1.08449354279311
est,2001,1.11705236494403
est,2002,1.0616869905709
est,2003,0.885586095670018
est,2004,0.805003233161473
est,2005,0.804250545545965
est,2006,0.796689616771196
est,2007,0.730756394115169
est,2008,0.683499488313199
est,2009,0.719480966157293
est,2010,0.754595134719025
est,2011,0.718413898653317
est,2012,0.778338120416812
est,2013,0.752945122701996
est,2014,0.752728196932603
est,2015,0.901296423367096
est,2016,0.903421436257263
est,2017,0.885205508269372
est,2018,0.846772667108111
est,2019,0.893276257067409
est,2020,0.875506396987998
est,2021,0.84549413889045
est,2022,0.949623753156941
est,2023,0.924839558470698
eth,1950,2.49448800236644
eth,1951,2.48446989208516
eth,1952,2.49448800236644
eth,1953,2.49448800236644
eth,1954,2.48446989208516
eth,1955,2.48446989208516
eth,1956,2.48446989208516
eth,1957,2.48446989208516
eth,1958,2.48446989208516
eth,1959,2.49448800236644
eth,1960,2.48446989208516
eth,1961,2.48446989208516
eth,1962,2.48446989208516
eth,1963,2.48446989208516
eth,1964,2.5000000015
eth,1965,2.5000000015
eth,1966,2.5000000015
eth,1967,2.5000000015
eth,1968,2.5000000015
eth,1969,2.5000000015
eth,1970,2.5000000015
eth,1971,2.49347500129167
eth,1972,2.299999999
eth,1973,2.098749999
eth,1974,2.069999999
eth,1975,2.069999999
eth,1976,2.069999999
eth,1977,2.069999999
eth,1978,2.069999999
eth,1979,2.069999999
eth,1980,2.069999999
eth,1981,2.069999999
eth,1982,2.069999999
eth,1983,2.069999999
eth,1984,2.06999999958333
eth,1985,2.07
eth,1986,2.07
eth,1987,2.07
eth,1988,2.07
eth,1989,2.07
eth,1990,2.07
eth,1991,2.07
eth,1992,2.8025
eth,1993,5.0
eth,1994,5.465
eth,1995,6.15833333333333
eth,1996,6.351675
eth,1997,6.70934166666667
eth,1998,7.11590833333333
eth,1999,7.94225
eth,2000,8.21725833333333
eth,2001,8.45749166666667
eth,2002,8.56775
eth,2003,8.59968333333333
eth,2004,8.63558333333333
eth,2005,8.66644166666667
eth,2006,8.69861583333333
eth,2007,8.96595
eth,2008,9.59974166666667
eth,2009,11.7775996725
eth,2010,14.4095898080066
eth,2011,16.8992257595275
eth,2012,17.7047613782674
eth,2013,18.6266289575478
eth,2014,19.585789907695
eth,2015,20.57684875
eth,2016,21.7315472222222
eth,2017,23.8661044574125
eth,2018,27.4293865941667
eth,2019,29.06975
eth,2020,34.9271654040404
eth,2021,43.73377831884
eth,2022,51.7562150334169
eth,2023,54.6009480676569
fin,1950,0.3885636354172
fin,1951,0.386714192685116
fin,1952,0.386882307586765
fin,1953,0.386882307586765
fin,1954,0.386882307586765
fin,1955,0.386882307586765
fin,1956,0.387050452290738
fin,1957,0.431606504064609
fin,1958,0.538205269395297
fin,1959,0.538205269395297
fin,1960,0.538205269395297
fin,1961,0.538205269395297
fin,1962,0.538205269395297
fin,1963,0.538205269395297
fin,1964,0.538205269395297
fin,1965,0.538205269395297
fin,1966,0.538205269395297
fin,1967,0.580251339759515
fin,1968,0.706389312433587
fin,1969,0.706389312433587
fin,1970,0.706384246038749
fin,1971,0.70376855166428
fin,1972,0.697363205623325
fin,1973,0.642674098199124
fin,1974,0.634699187352285
fin,1975,0.618707318676987
fin,1976,0.649948226019002
fin,1977,0.677699233886741
fin,1978,0.692485755755662
fin,1979,0.655148036079069
fin,1980,0.627354981229711
fin,1981,0.725772949536408
fin,1982,0.810735883725413
fin,1983,0.936820765936613
fin,1984,1.01080943799609
fin,1985,1.04241124860474
fin,1986,0.852632056955159
fin,1987,0.739280962976792
fin,1988,0.703502065067423
fin,1989,0.721730693007138
fin,1990,0.64306737776522
fin,1991,0.680148470695217
fin,1992,0.753387725308751
fin,1993,0.960738490760036
fin,1994,0.878531736220784
fin,1995,0.734420612215265
fin,1996,0.772579649597274
fin,1997,0.873136688009715
fin,1998,0.89880735138214
fin,1999,0.938283072395283
fin,2000,1.08270508132602
fin,2001,1.11653308564463
fin,2002,1.05755899623965
fin,2003,0.88404792718493
fin,2004,0.803921647747618
fin,2005,0.803800192161442
fin,2006,0.796432730949102
fin,2007,0.729672399984083
fin,2008,0.679922680042729
fin,2009,0.716957702016136
fin,2010,0.754308990105961
fin,2011,0.718413898653317
fin,2012,0.778338120416812
fin,2013,0.752945122701996
fin,2014,0.752728196932603
fin,2015,0.901296423367096
fin,2016,0.903421436257263
fin,2017,0.885205508269372
fin,2018,0.846772667108111
fin,2019,0.893276257067409
fin,2020,0.875506396987998
fin,2021,0.84549413889045
fin,2022,0.949623753156941
fin,2023,0.924839558470698
fji,1960,0.792858010863792
fji,1961,0.792858010863792
fji,1962,0.792858010863792
fji,1963,0.792858010863792
fji,1964,0.792858010863792
fji,1965,0.792858010863792
fji,1966,0.792858010863792
fji,1967,0.805854028899847
fji,1968,0.870833999870834
fji,1969,0.870833999870834
fji,1970,0.870833999870834
fji,1971,0.858823231057721
fji,1972,0.825183711570471
fji,1973,0.794223825213969
fji,1974,0.805603828108739
fji,1975,0.821883064219201
fji,1976,0.897715403021328
fji,1977,0.917440332333333
fji,1978,0.846770749
fji,1979,0.835743249
fji,1980,0.817964665666667
fji,1981,0.854626582333333
fji,1982,0.932448665666667
fji,1983,1.01702033233333
fji,1984,1.08259666608333
fji,1985,1.15355416625
fji,1986,1.13286583325
fji,1987,1.24385833333333
fji,1988,1.43025833333333
fji,1989,1.48333333333333
fji,1990,1.48090833333333
fji,1991,1.4755575
fji,1992,1.50299083333333
fji,1993,1.541775
fji,1994,1.464125
fji,1995,1.40633333333333
fji,1996,1.4033
fji,1997,1.443675
fji,1998,1.98681666666667
fji,1999,1.969625
fji,2000,2.128625
fji,2001,2.27660294602613
fji,2002,2.1867833500115
fji,2003,1.89576838179997
fji,2004,1.73310167837133
fji,2005,1.69104621571552
fji,2006,1.73126493278745
fji,2007,1.61041379610359
fji,2008,1.59403441077344
fji,2009,1.95809503538886
fji,2010,1.91850867822547
fji,2011,1.79088383126012
fji,2012,1.78989281741094
fji,2013,1.84147661706532
fji,2014,1.88734535831922
fji,2015,2.09762981633101
fji,2016,2.09469593918508
fji,2017,2.06687530381454
fji,2018,2.08737978924997
fji,2019,2.16039311531464
fji,2020,2.16880492424242
fji,2021,2.07063333333333
fji,2022,2.2014069869585
fji,2023,2.250125
fra,1950,0.533426689082003
fra,1951,0.533579098154996
fra,1952,0.533579098154996
fra,1953,0.533579098154996
fra,1954,0.533579098154996
fra,1955,0.533579098154996
fra,1956,0.533579098154996
fra,1957,0.55126331899369
fra,1958,0.639837547515872
fra,1959,0.752651255945474
fra,1960,0.752651255945474
fra,1961,0.752651255945474
fra,1962,0.752651255945474
fra,1963,0.752651255945474
fra,1964,0.752651255945474
fra,1965,0.752651255945474
fra,1966,0.752651255945474
fra,1967,0.752651255945474
fra,1968,0.752651255945474
fra,1969,0.791851799351796
fra,1970,0.846730807744134
fra,1971,0.84465923143147
fra,1972,0.769035853819781
fra,1973,0.678821885274619
fra,1974,0.733221609473766
fra,1975,0.653670822230203
fra,1976,0.732194086382659
fra,1977,0.747788852399192
fra,1978,0.688017659592524
fra,1979,0.648581639662864
fra,1980,0.644184755873225
fra,1981,0.82850069937257
fra,1982,1.00191018604624
fra,1983,1.16185842452325
fra,1984,1.33226720647593
fra,1985,1.3697887208689
fra,1986,1.05587586787955
fra,1987,0.916326578317379
fra,1988,0.908129902823915
fra,1989,0.972646326918787
fra,1990,0.83012682233744
fra,1991,0.860135140972148
fra,1992,0.807037021227509
fra,1993,0.86335384788942
fra,1994,0.846403803907878
fra,1995,0.760946601682732
fra,1996,0.779856377780861
fra,1997,0.889797908501117
fra,1998,0.89937536556004
fra,1999,0.938283072395283
fra,2000,1.08270508132602
fra,2001,1.11653308564463
fra,2002,1.05755899623965
fra,2003,0.88404792718493
fra,2004,0.803921647747618
fra,2005,0.803800192161442
fra,2006,0.796432730949102
fra,2007,0.729672399984083
fra,2008,0.679922680042729
fra,2009,0.716957702016136
fra,2010,0.754308990105961
fra,2011,0.718413898653317
fra,2012,0.778338120416812
fra,2013,0.752945122701996
fra,2014,0.752728196932603
fra,2015,0.901296423367096
fra,2016,0.903421436257263
fra,2017,0.885205508269372
fra,2018,0.846772667108111
fra,2019,0.893276257067409
fra,2020,0.875506396987998
fra,2021,0.84549413889045
fra,2022,0.949623753156941
fra,2023,0.924839558470698
gab,1960,245.195098717111
gab,1961,245.260101158475
gab,1962,245.013900597112
gab,1963,245.016403038517
gab,1964,245.027206261166
gab,1965,245.060897667394
gab,1966,245.678405601562
gab,1967,246.000900108188
gab,1968,247.564697104238
gab,1969,259.960601637173
gab,1970,276.403137026845
gab,1971,275.356456685332
gab,1972,252.027627462649
gab,1973,222.889183053227
gab,1974,240.704667637823
gab,1975,214.312900341219
gab,1976,238.950494267059
gab,1977,245.679686566576
gab,1978,225.655860233957
gab,1979,212.721644262377
gab,1980,211.279555414705
gab,1981,271.731452550327
gab,1982,328.60625269899
gab,1983,381.066036024628
gab,1984,436.956665788008
gab,1985,449.262962711607
gab,1986,346.305903554493
gab,1987,300.536562401478
gab,1988,297.848218819378
gab,1989,319.008299487903
gab,1990,272.264787954393
gab,1991,282.10690880882
gab,1992,264.691800750579
gab,1993,283.162579500018
gab,1994,555.204695655697
gab,1995,499.14842590131
gab,1996,511.552430272516
gab,1997,583.669372353396
gab,1998,589.951774567332
gab,1999,615.473349319164
gab,2000,710.207977031367
gab,2001,732.397693260228
gab,2002,693.713226496374
gab,2003,579.897426172466
gab,2004,527.338032291576
gab,2005,527.258362649626
gab,2006,522.425624895176
gab,2007,478.633718476363
gab,2008,446.000041432788
gab,2009,470.293423341398
gab,2010,494.794262222947
gab,2011,471.248625718937
gab,2012,510.556338454251
gab,2013,493.899623852237
gab,2014,493.757329875312
gab,2015,591.21169798261
gab,2016,592.605615063022
gab,2017,580.656749587858
gab,2018,555.446458398226
gab,2019,585.911013180369
gab,2020,575.586004510945
gab,2021,554.530675033104
gab,2022,623.759700911182
gab,2023,606.569750165917
gbr,1950,0.357371402609925
gbr,1951,0.357271356210102
gbr,1952,0.357271356210102
gbr,1953,0.357371402609925
gbr,1954,0.357271356210102
gbr,1955,0.357271356210102
gbr,1956,0.357371402609925
gbr,1957,0.357371402609925
gbr,1958,0.357171309810279
gbr,1959,0.357271356210102
gbr,1960,0.357171309810279
gbr,1961,0.357171309810279
gbr,1962,0.357171309810279
gbr,1963,0.357171309810279
gbr,1964,0.357171309810279
gbr,1965,0.357171309810279
gbr,1966,0.357171309810279
gbr,1967,0.362131995955578
gbr,1968,0.41670002039105
gbr,1969,0.41670002039105
gbr,1970,0.416666999416667
gbr,1971,0.410920237429425
gbr,1972,0.400390461530008
gbr,1973,0.408170945299308
gbr,1974,0.427756439747663
gbr,1975,0.452041165666667
gbr,1976,0.556509832333333
gbr,1977,0.573271999
gbr,1978,0.521504582333333
gbr,1979,0.472181165666667
gbr,1980,0.430294999
gbr,1981,0.497641332333333
gbr,1982,0.572446832333333
gbr,1983,0.659724582333333
gbr,1984,0.75180666625
gbr,1985,0.77924599975
gbr,1986,0.682197333333333
gbr,1987,0.6119265
gbr,1988,0.562170166666667
gbr,1989,0.61117275
gbr,1990,0.563177166666667
gbr,1991,0.567015333333333
gbr,1992,0.569774166666667
gbr,1993,0.666756553333333
gbr,1994,0.653426604166667
gbr,1995,0.63366812
gbr,1996,0.640958255
gbr,1997,0.610836114166667
gbr,1998,0.603823594166667
gbr,1999,0.618056845
gbr,2000,0.660930833333333
gbr,2001,0.694655
gbr,2002,0.667223333333333
gbr,2003,0.6124725
gbr,2004,0.54618
gbr,2005,0.549998333333333
gbr,2006,0.543486666666667
gbr,2007,0.499771666666667
gbr,2008,0.54396625
gbr,2009,0.641919263495996
gbr,2010,0.647179345560165
gbr,2011,0.624140835740495
gbr,2012,0.633046988857327
gbr,2013,0.639660577613477
gbr,2014,0.607729626878255
gbr,2015,0.654545478931426
gbr,2016,0.740634463697084
gbr,2017,0.776976682344123
gbr,2018,0.749531540259847
gbr,2019,0.783445110011929
gbr,2020,0.779999576697153
gbr,2021,0.727064944688322
gbr,2022,0.811301715827773
gbr,2023,0.804538906734353
geo,1990,1.68564810543121e-06
geo,1991,2.65175480739326e-06
geo,1992,3.3744534085323e-05
geo,1993,0.00929998243413477
geo,1994,0.66533633495872
geo,1995,1.36631923386959
geo,1996,1.2628
geo,1997,1.2975
geo,1998,1.38981666666667
geo,1999,2.02451666666667
geo,2000,1.97616666666667
geo,2001,2.07301666666667
geo,2002,2.195675
geo,2003,2.14565
geo,2004,1.91665
geo,2005,1.812675
geo,2006,1.78043333333333
geo,2007,1.67049166666667
geo,2008,1.49079166666667
geo,2009,1.67048709677419
geo,2010,1.78234166666667
geo,2011,1.68649543010753
geo,2012,1.65125833333333
geo,2013,1.66335
geo,2014,1.76566666666667
geo,2015,2.26934166666667
geo,2016,2.366725
geo,2017,2.50954166666667
geo,2018,2.53411083333333
geo,2019,2.818145
geo,2020,3.10901666666667
geo,2021,3.22155833333333
geo,2022,2.9162
geo,2023,2.62795833333333
gha,1955,7.14290960961733e-05
gha,1956,7.14290960961733e-05
gha,1957,7.14290960961733e-05
gha,1958,7.14290960961733e-05
gha,1959,7.14290960961733e-05
gha,1960,7.14290960961733e-05
gha,1961,7.14290960961733e-05
gha,1962,7.14290960961733e-05
gha,1963,7.14290960961733e-05
gha,1964,7.14290960961733e-05
gha,1965,7.14290960961733e-05
gha,1966,7.14290960961733e-05
gha,1967,8.67351194511579e-05
gha,1968,0.000102041135530175
gha,1969,0.000102041135530175
gha,1970,0.000101985139685
gha,1971,0.00010342936280328
gha,1972,0.000133267478842706
gha,1973,0.000177447429330872
gha,1974,0.000202787802005799
gha,1975,0.000240274621480021
gha,1976,0.000291628082760705
gha,1977,0.00045921993186433
gha,1978,0.0007435342571119
gha,1979,0.000947086592521211
gha,1980,0.00131292313959777
gha,1981,0.00210634250812123
gha,1982,0.00253700328268075
gha,1983,0.00544589835631658
gha,1984,0.00711234553697942
gha,1985,0.00831881060601108
gha,1986,0.0115541966282041
gha,1987,0.0156945789447415
gha,1988,0.0202237045250896
gha,1989,0.0269854838709677
gha,1990,0.032615621953405
gha,1991,0.0367633074820789
gha,1992,0.0436851673835125
gha,1993,0.0648711875896057
gha,1994,0.0955682388545159
gha,1995,0.119913872960145
gha,1996,0.163547167575201
gha,1997,0.204796277898216
gha,1998,0.231165900582341
gha,1999,0.266642972407191
gha,2000,0.544919175868766
gha,2001,0.716305157808995
gha,2002,0.792417084313167
gha,2003,0.866764326525345
gha,2004,0.899494854007063
gha,2005,0.905209485833333
gha,2006,0.915106799166667
gha,2007,0.932619195
gha,2008,1.052275
gha,2009,1.40496666666667
gha,2010,1.42998333333333
gha,2011,1.520625
gha,2012,1.82486666666667
gha,2013,1.98135
gha,2014,2.896575
gha,2015,3.71464166666667
gha,2016,3.90981666666667
gha,2017,4.35053333333333
gha,2018,4.585325
gha,2019,5.21736666666667
gha,2020,5.59570833333333
gha,2021,5.8057
gha,2022,8.2724
gha,2023,11.0204083333333
gin,1959,104.322440306446
gin,1960,104.322440306446
gin,1961,104.322440306446
gin,1962,104.322440306446
gin,1963,104.322440306446
gin,1964,104.322440306446
gin,1965,104.322440306446
gin,1966,104.322440306446
gin,1967,104.322440306446
gin,1968,104.322440306446
gin,1969,104.322440306446
gin,1970,104.322440306446
gin,1971,104.871048501835
gin,1972,106.128841549303
gin,1973,110.640571553152
gin,1974,105.71692676059
gin,1975,101.420428942784
gin,1976,102.08922409528
gin,1977,100.551919847274
gin,1978,95.9734700867792
gin,1979,95.3868211572228
gin,1980,92.9404777251531
gin,1981,92.2403963163218
gin,1982,112.644489726064
gin,1983,140.180197871703
gin,1984,169.456916956564
gin,1985,195.471960250116
gin,1986,325.093020703522
gin,1987,403.711842080015
gin,1988,474.395833333333
gin,1989,591.645833333333
gin,1990,660.166666666667
gin,1991,753.858083333333
gin,1992,902.001333333333
gin,1993,955.490333333333
gin,1994,976.636416666667
gin,1995,991.4115
gin,1996,1004.01658333333
gin,1997,1095.3255
gin,1998,1236.83175
gin,1999,1387.40133333333
gin,2000,1746.86991666667
gin,2001,1950.55833333333
gin,2002,1975.84375
gin,2003,1984.93125
gin,2004,2243.93125
gin,2005,3644.33333333333
gin,2006,5148.75
gin,2007,4197.75200416667
gin,2008,4601.69100416667
gin,2009,4801.0832375
gin,2010,5726.07102083333
gin,2011,6658.03125833333
gin,2012,6985.82902633333
gin,2013,6907.8780695
gin,2014,7014.11877725
gin,2015,7485.51674166667
gin,2016,8967.92707958333
gin,2017,9088.31949623166
gin,2018,9011.13417725194
gin,2019,9183.87586390984
gin,2020,9565.08218343833
gin,2021,9795.70583333333
gin,2022,8715.24041935484
gin,2023,8510.27083602151
gmb,1960,1.78571112296181
gmb,1961,1.78571112296181
gmb,1962,1.78571112296181
gmb,1963,1.78571112296181
gmb,1964,1.78571112296181
gmb,1965,1.78571112296181
gmb,1966,1.78571112296181
gmb,1967,1.83531411036967
gmb,1968,2.08333000108333
gmb,1969,2.08333000108333
gmb,1970,2.08333000108333
gmb,1971,2.05459827381462
gmb,1972,2.30130321957217
gmb,1973,2.89471247815914
gmb,1974,3.3000656994557
gmb,1975,3.60704870159985
gmb,1976,3.92168112138182
gmb,1977,3.95688533565473
gmb,1978,3.80704520353125
gmb,1979,3.60524331778847
gmb,1980,3.40146448925524
gmb,1981,3.22462933695305
gmb,1982,3.27679973515538
gmb,1983,3.72349149592689
gmb,1984,4.6467741112411
gmb,1985,5.97216204670672
gmb,1986,6.92497108826107
gmb,1987,7.07440010539122
gmb,1988,6.70842323781853
gmb,1989,7.58358294004149
gmb,1990,7.87899218084406
gmb,1991,8.73314083987557
gmb,1992,8.89571491305405
gmb,1993,9.11441947156805
gmb,1994,9.58177096011339
gmb,1995,9.54426481930989
gmb,1996,9.7971734695093
gmb,1997,10.2001666666667
gmb,1998,10.6431
gmb,1999,11.3950916666667
gmb,2000,12.7876250950944
gmb,2001,15.6871583333333
gmb,2002,19.917825
gmb,2003,28.5305083333333
gmb,2004,30.0300833333333
gmb,2005,28.5754333333333
gmb,2006,28.065725
gmb,2007,24.8734333333333
gmb,2008,22.19235
gmb,2009,26.6443612042313
gmb,2010,28.0119536626841
gmb,2011,29.4615200601576
gmb,2012,32.0771338886217
gmb,2013,35.9575868341651
gmb,2014,41.7329616505126
gmb,2015,42.5062080923725
gmb,2016,43.3725276731819
gmb,2017,46.6089094621101
gmb,2018,48.1517806379073
gmb,2019,50.0624613684222
gmb,2020,51.5016603661723
gmb,2021,51.4844438783833
gmb,2022,54.9234673586679
gmb,2023,61.0963330077956
gnb,1960,0.442307722552323
gnb,1961,0.442307722552323
gnb,1962,0.442307722552323
gnb,1963,0.442307722552323
gnb,1964,0.442307722552323
gnb,1965,0.442307722552323
gnb,1966,0.442307722552323
gnb,1967,0.442307722552323
gnb,1968,0.442307722552323
gnb,1969,0.442307722552323
gnb,1970,0.44230769275
gnb,1971,0.436310312117786
gnb,1972,0.416206410253848
gnb,1973,0.377156410252565
gnb,1974,0.390894871792309
gnb,1975,0.392973076917949
gnb,1976,0.465062820508974
gnb,1977,0.517599046446156
gnb,1978,0.539058981010257
gnb,1979,0.523954670914103
gnb,1980,0.520167121138463
gnb,1981,0.574441626687179
gnb,1982,0.851994403089213
gnb,1983,1.01098844235584
gnb,1984,1.6086282051282
gnb,1985,2.45025641025641
gnb,1986,4.65758945701457
gnb,1987,8.6001282051282
gnb,1988,17.0724102564102
gnb,1989,30.006058668355
gnb,1990,38.6928570067053
gnb,1991,64.1191074177472
gnb,1992,101.425727112112
gnb,1993,147.429325571833
gnb,1994,153.760474378657
gnb,1995,278.039102564103
gnb,1996,405.745
gnb,1997,583.669372353396
gnb,1998,589.951774567332
gnb,1999,615.473349319164
gnb,2000,710.207977031367
gnb,2001,732.397693260228
gnb,2002,693.713226496374
gnb,2003,579.897426172466
gnb,2004,527.338032291576
gnb,2005,527.258362649626
gnb,2006,522.425624895176
gnb,2007,478.633718476363
gnb,2008,446.000041432788
gnb,2009,470.293423341398
gnb,2010,494.794262222947
gnb,2011,471.248625718937
gnb,2012,510.556338454251
gnb,2013,493.899623852237
gnb,2014,493.757329875312
gnb,2015,591.21169798261
gnb,2016,592.605615063022
gnb,2017,580.656749587858
gnb,2018,555.446458398226
gnb,2019,585.911013180369
gnb,2020,575.586004510945
gnb,2021,554.530675033104
gnb,2022,623.759700911182
gnb,2023,606.569750165917
gnq,1960,245.195098717111
gnq,1961,245.260101158475
gnq,1962,245.013900597112
gnq,1963,245.016403038517
gnq,1964,245.027206261166
gnq,1965,245.060897667394
gnq,1966,245.678405601562
gnq,1967,246.000900108188
gnq,1968,247.564697104238
gnq,1969,259.960601637173
gnq,1970,276.403137026845
gnq,1971,275.356456685332
gnq,1972,252.027627462649
gnq,1973,222.889183053227
gnq,1974,240.704667637823
gnq,1975,214.312900341219
gnq,1976,238.950494267059
gnq,1977,245.679686566576
gnq,1978,225.655860233957
gnq,1979,212.721644262377
gnq,1980,211.279555414705
gnq,1981,271.731452550327
gnq,1982,328.60625269899
gnq,1983,381.066036024628
gnq,1984,436.956665788008
gnq,1985,449.262962711607
gnq,1986,346.305903554493
gnq,1987,300.536562401478
gnq,1988,297.848218819378
gnq,1989,319.008299487903
gnq,1990,272.264787954393
gnq,1991,282.10690880882
gnq,1992,264.691800750579
gnq,1993,283.162579500018
gnq,1994,555.204695655697
gnq,1995,499.14842590131
gnq,1996,511.552430272516
gnq,1997,583.669372353396
gnq,1998,589.951774567332
gnq,1999,615.473349319164
gnq,2000,710.207977031367
gnq,2001,732.397693260228
gnq,2002,693.713226496374
gnq,2003,579.897426172466
gnq,2004,527.338032291576
gnq,2005,527.258362649626
gnq,2006,522.425624895176
gnq,2007,478.633718476363
gnq,2008,446.000041432788
gnq,2009,470.293423341398
gnq,2010,494.794262222947
gnq,2011,471.248625718937
gnq,2012,510.556338454251
gnq,2013,493.899623852237
gnq,2014,493.757329875312
gnq,2015,591.21169798261
gnq,2016,592.605615063022
gnq,2017,580.656749587858
gnq,2018,555.446458398226
gnq,2019,585.911013180369
gnq,2020,575.586004510945
gnq,2021,554.530675033104
gnq,2022,623.759700911182
gnq,2023,606.569750165917
grc,1951,0.0439911765003439
grc,1952,0.0439911765003439
grc,1953,0.0762142135764253
grc,1954,0.0880410859251651
grc,1955,0.0880410859251651
grc,1956,0.0880410859251651
grc,1957,0.0880410859251651
grc,1958,0.0880410859251651
grc,1959,0.0880410859251651
grc,1960,0.0880410859251651
grc,1961,0.0880410859251651
grc,1962,0.0880410859251651
grc,1963,0.0880410859251651
grc,1964,0.0880410859251651
grc,1965,0.0880410859251651
grc,1966,0.0880410859251651
grc,1967,0.0880410859251651
grc,1968,0.0880410859251651
grc,1969,0.0880410859251651
grc,1970,0.0880410859251651
grc,1971,0.0880410859249159
grc,1972,0.0880419662597212
grc,1973,0.0869412325810712
grc,1974,0.0880419662597212
grc,1975,0.0940611151870873
grc,1976,0.107168256294448
grc,1977,0.108109806795794
grc,1978,0.10783687942969
grc,1979,0.108696747368061
grc,1980,0.125067009045732
grc,1981,0.16260723893079
grc,1982,0.196047444360235
grc,1983,0.258442406454879
grc,1984,0.330789679627293
grc,1985,0.405338469062362
grc,1986,0.410803130349473
grc,1987,0.397445341159208
grc,1988,0.416318415260455
grc,1989,0.476644411836634
grc,1990,0.465191244803131
grc,1991,0.534897774516998
grc,1992,0.559425531914894
grc,1993,0.672780171190999
grc,1994,0.711967182685253
grc,1995,0.679861293714844
grc,1996,0.706416852531181
grc,1997,0.801343663487404
grc,1998,0.867290110051357
grc,1999,0.896981963805332
grc,2000,1.07233620200538
grc,2001,1.11653308564463
grc,2002,1.05755899623965
grc,2003,0.88404792718493
grc,2004,0.803921647747618
grc,2005,0.803800192161442
grc,2006,0.796432730949102
grc,2007,0.729672399984083
grc,2008,0.679922680042729
grc,2009,0.716957702016136
grc,2010,0.754308990105961
grc,2011,0.718413898653317
grc,2012,0.778338120416812
grc,2013,0.752945122701996
grc,2014,0.752728196932603
grc,2015,0.901296423367096
grc,2016,0.903421436257263
grc,2017,0.885205508269372
grc,2018,0.846772667108111
grc,2019,0.893276257067409
grc,2020,0.875506396987998
grc,2021,0.84549413889045
grc,2022,0.949623753156941
grc,2023,0.924839558470698
grd,1970,2.000000001
grd,1971,1.97487273321145
grd,1972,1.92127814947601
grd,1973,1.95921923598161
grd,1974,2.05323240851763
grd,1975,2.16979583233333
grd,1976,2.61467083283333
grd,1977,2.7
grd,1978,2.7
grd,1979,2.7
grd,1980,2.7
grd,1981,2.7
grd,1982,2.7
grd,1983,2.7
grd,1984,2.7
grd,1985,2.7
grd,1986,2.7
grd,1987,2.7
grd,1988,2.7
grd,1989,2.7
grd,1990,2.7
grd,1991,2.7
grd,1992,2.7
grd,1993,2.7
grd,1994,2.7
grd,1995,2.7
grd,1996,2.7
grd,1997,2.7
grd,1998,2.7
grd,1999,2.7
grd,2000,2.7
grd,2001,2.7
grd,2002,2.7
grd,2003,2.7
grd,2004,2.7
grd,2005,2.7
grd,2006,2.7
grd,2007,2.7
grd,2008,2.7
grd,2009,2.7
grd,2010,2.7
grd,2011,2.7
grd,2012,2.7
grd,2013,2.7
grd,2014,2.7
grd,2015,2.7
grd,2016,2.7
grd,2017,2.7
grd,2018,2.7
grd,2019,2.7
grd,2020,2.7
grd,2021,2.7
grd,2022,2.7
grd,2023,2.7
gtm,1950,1.0
gtm,1951,1.0
gtm,1952,1.0
gtm,1953,1.0
gtm,1954,1.0
gtm,1955,1.0
gtm,1956,1.0
gtm,1957,1.0
gtm,1958,1.0
gtm,1959,1.0
gtm,1960,1.0
gtm,1961,1.0
gtm,1962,1.0
gtm,1963,1.0
gtm,1964,1.0
gtm,1965,1.0
gtm,1966,1.0
gtm,1967,1.0
gtm,1968,1.0
gtm,1969,1.0
gtm,1970,1.0
gtm,1971,0.999999999916667
gtm,1972,1.0
gtm,1973,0.999999999916667
gtm,1974,0.9999999995
gtm,1975,0.999999999
gtm,1976,0.999999999
gtm,1977,0.999999999
gtm,1978,0.999999999
gtm,1979,0.999999999
gtm,1980,0.999999999
gtm,1981,0.999999999
gtm,1982,0.999999999
gtm,1983,0.999999999
gtm,1984,0.999999999583333
gtm,1985,1.0
gtm,1986,1.875
gtm,1987,2.5
gtm,1988,2.61958333333333
gtm,1989,2.81611666666667
gtm,1990,4.48575833333333
gtm,1991,5.02888
gtm,1992,5.17063
gtm,1993,5.6353625
gtm,1994,5.75120083333333
gtm,1995,5.8103425
gtm,1996,6.0495125
gtm,1997,6.06526916666667
gtm,1998,6.39465333333333
gtm,1999,7.38561
gtm,2000,7.76315916666667
gtm,2001,7.8585925
gtm,2002,7.821645
gtm,2003,7.94084666666667
gtm,2004,7.94649583333333
gtm,2005,7.63394416666667
gtm,2006,7.60263083333333
gtm,2007,7.67330416666667
gtm,2008,7.56002833333333
gtm,2009,8.16155541666667
gtm,2010,8.05777083333333
gtm,2011,7.78541833333333
gtm,2012,7.83360541666667
gtm,2013,7.85681375
gtm,2014,7.73223333333333
gtm,2015,7.654815
gtm,2016,7.59993708333333
gtm,2017,7.34793875
gtm,2018,7.51916458333333
gtm,2019,7.69669833333333
gtm,2020,7.72165
gtm,2021,7.73438833333333
gtm,2022,7.74824375
gtm,2023,7.83197416666667
guy,1970,2.000000001
guy,1971,1.98866024493248
guy,1972,2.08727296315173
guy,1973,2.1061762107568
guy,1974,2.2268552932326
guy,1975,2.35538415437848
guy,1976,2.549999999
guy,1977,2.549999999
guy,1978,2.549999999
guy,1979,2.549999999
guy,1980,2.549999999
guy,1981,2.812499999
guy,1982,2.999999999
guy,1983,2.999999999
guy,1984,3.83157166625
guy,1985,4.25185499991667
guy,1986,4.27241666666667
guy,1987,9.75583333333333
guy,1988,10.0
guy,1989,27.15875
guy,1990,39.5333333333333
guy,1991,111.810666666667
guy,1992,125.0025
guy,1993,126.730441666667
guy,1994,138.290240833333
guy,1995,141.989166666667
guy,1996,140.375
guy,1997,142.400833333333
guy,1998,150.519166666667
guy,1999,177.995
guy,2000,182.43
guy,2001,187.320833333333
guy,2002,190.665
guy,2003,193.878333333333
guy,2004,198.3075
guy,2005,199.875
guy,2006,200.188333333333
guy,2007,202.346666666667
guy,2008,203.633333333333
guy,2009,203.95
guy,2010,203.635833333333
guy,2011,204.0175
guy,2012,204.358333333333
guy,2013,205.394166666667
guy,2014,206.449166666667
guy,2015,206.5
guy,2016,206.5
guy,2017,206.5
guy,2018,207.716666666667
guy,2019,208.5
guy,2020,208.5
guy,2021,208.5
guy,2022,208.5
guy,2023,208.5
hkg,1960,5.71430034528288
hkg,1961,5.71430034528288
hkg,1962,5.71430034528288
hkg,1963,5.71430034528288
hkg,1964,5.71430034528288
hkg,1965,5.71430034528288
hkg,1966,5.71430034528288
hkg,1967,5.74315805421789
hkg,1968,6.0606000050606
hkg,1969,6.0606000050606
hkg,1970,6.0606000050606
hkg,1971,5.98041047018348
hkg,1972,5.64141666658333
hkg,1973,5.1465
hkg,1974,5.03158333333333
hkg,1975,4.93516666658333
hkg,1976,4.90474999983333
hkg,1977,4.66199999991667
hkg,1978,4.68366666658333
hkg,1979,5.00266666641667
hkg,1980,4.97608333333333
hkg,1981,5.58933333333333
hkg,1982,6.06991666666667
hkg,1983,7.26516666658333
hkg,1984,7.818
hkg,1985,7.79075
hkg,1986,7.80333333333333
hkg,1987,7.79825
hkg,1988,7.806
hkg,1989,7.79991666666667
hkg,1990,7.78975
hkg,1991,7.77116666666667
hkg,1992,7.74058333333333
hkg,1993,7.73558333333333
hkg,1994,7.72841666666667
hkg,1995,7.73583333333333
hkg,1996,7.73425416666667
hkg,1997,7.74208333333333
hkg,1998,7.74533333333333
hkg,1999,7.7575
hkg,2000,7.79116666666667
hkg,2001,7.79875
hkg,2002,7.79891666666667
hkg,2003,7.78675
hkg,2004,7.788
hkg,2005,7.77733333333333
hkg,2006,7.76783333333333
hkg,2007,7.80141666666667
hkg,2008,7.78683333333333
hkg,2009,7.75175
hkg,2010,7.76916666666667
hkg,2011,7.784
hkg,2012,7.75641666666667
hkg,2013,7.756
hkg,2014,7.75408333333333
hkg,2015,7.75175
hkg,2016,7.76225
hkg,2017,7.79325
hkg,2018,7.8385
hkg,2019,7.83591666666667
hkg,2020,7.75725
hkg,2021,7.77325
hkg,2022,7.83141666666667
hkg,2023,7.82958333333333
hnd,1950,2.000000001
hnd,1951,2.000000001
hnd,1952,2.000000001
hnd,1953,2.000000001
hnd,1954,2.000000001
hnd,1955,2.000000001
hnd,1956,2.000000001
hnd,1957,2.000000001
hnd,1958,2.000000001
hnd,1959,2.000000001
hnd,1960,2.000000001
hnd,1961,2.000000001
hnd,1962,2.000000001
hnd,1963,2.000000001
hnd,1964,2.000000001
hnd,1965,2.000000001
hnd,1966,2.000000001
hnd,1967,2.000000001
hnd,1968,2.000000001
hnd,1969,2.000000001
hnd,1970,2.000000001
hnd,1971,2.00000000091667
hnd,1972,2.00000921148374
hnd,1973,2.00000076831444
hnd,1974,2.00000000041447
hnd,1975,2.0
hnd,1976,2.0
hnd,1977,2.0
hnd,1978,2.0
hnd,1979,2.0
hnd,1980,2.0
hnd,1981,2.0
hnd,1982,2.0
hnd,1983,2.0
hnd,1984,2.0
hnd,1985,2.0
hnd,1986,2.0
hnd,1987,2.0
hnd,1988,2.0
hnd,1989,2.0
hnd,1990,4.11198333333333
hnd,1991,5.31666666666667
hnd,1992,5.49791666666667
hnd,1993,6.47158333333333
hnd,1994,8.4087575
hnd,1995,9.47098666666667
hnd,1996,11.7053025
hnd,1997,13.0034741666667
hnd,1998,13.385015
hnd,1999,14.2131683333333
hnd,2000,14.840625
hnd,2001,15.476825
hnd,2002,16.4370583333333
hnd,2003,17.3524916666667
hnd,2004,18.209725
hnd,2005,18.8323416666667
hnd,2006,18.8952083333333
hnd,2007,18.8951
hnd,2008,18.9037583333333
hnd,2009,18.8951
hnd,2010,18.8951
hnd,2011,18.9171416666667
hnd,2012,19.5022495121615
hnd,2013,20.3537791666667
hnd,2014,20.9871583333333
hnd,2015,21.945175
hnd,2016,22.835018390426
hnd,2017,23.4870839434552
hnd,2018,23.9027282925432
hnd,2019,24.5085389148926
hnd,2020,24.5818805172846
hnd,2021,24.0166553242681
hnd,2022,24.4858737291131
hnd,2023,24.6016468236818
hrv,1990,0.0026678872620441
hrv,1991,0.00514382948995774
hrv,1992,0.0349456831906563
hrv,1993,0.475034695954167
hrv,1994,0.79607292012299
hrv,1995,0.694240637511889
hrv,1996,0.721237131417701
hrv,1997,0.817649821930232
hrv,1998,0.844553144424536
hrv,1999,0.943890481562589
hrv,2000,1.09863513393943
hrv,2001,1.10711274802575
hrv,2002,1.04475180834826
hrv,2003,0.889902293892538
hrv,2004,0.800894640210587
hrv,2005,0.789599431503971
hrv,2006,0.774808315083947
hrv,2007,0.711996239520429
hrv,2008,0.654992335257814
hrv,2009,0.7013002079324
hrv,2010,0.729711405313336
hrv,2011,0.709253401021966
hrv,2012,0.776467162165151
hrv,2013,0.7571677173889
hrv,2014,0.76291265733183
hrv,2015,0.910253334660561
hrv,2016,0.903310128962329
hrv,2017,0.879133452783861
hrv,2018,0.833369865286349
hrv,2019,0.878962793372708
hrv,2020,0.877836020970204
hrv,2021,0.844128099630589
hrv,2022,0.950260999402747
hrv,2023,0.924839558470698
hti,1960,5.000000004
hti,1961,5.000000004
hti,1962,5.000000004
hti,1963,5.000000004
hti,1964,5.000000004
hti,1965,5.000000004
hti,1966,5.000000004
hti,1967,5.000000004
hti,1968,5.000000004
hti,1969,5.000000004
hti,1970,5.000000004
hti,1971,5.00000000358333
hti,1972,5.00001842480959
hti,1973,5.00000844597082
hti,1974,5.00000414589201
hti,1975,4.999999999
hti,1976,4.999999999
hti,1977,4.999999999
hti,1978,4.999999999
hti,1979,4.999999999
hti,1980,4.999999999
hti,1981,4.999999999
hti,1982,4.999999999
hti,1983,4.999999999
hti,1984,4.99999999958333
hti,1985,5.0
hti,1986,5.0
hti,1987,5.0
hti,1988,5.0
hti,1989,5.0
hti,1990,5.0
hti,1991,6.03416666666667
hti,1992,9.80166666666667
hti,1993,12.8225
hti,1994,15.04
hti,1995,15.1097333333333
hti,1996,15.70115
hti,1997,16.6545
hti,1998,16.7656666666667
hti,1999,16.9378916666667
hti,2000,21.1706666666667
hti,2001,24.4290833333333
hti,2002,29.2504833333333
hti,2003,42.3667583333333
hti,2004,38.3520333333333
hti,2005,40.44855
hti,2006,40.4085166666667
hti,2007,36.8614166666667
hti,2008,39.1075916666667
hti,2009,41.1976083333333
hti,2010,39.7974
hti,2011,40.5228219393744
hti,2012,41.9497229523156
hti,2013,43.4627833333333
hti,2014,45.2159808923792
hti,2015,50.7064266739439
hti,2016,63.3358183698924
hti,2017,64.7696802849928
hti,2018,68.0317539812812
hti,2019,88.8149661769193
hti,2020,93.5098072136213
hti,2021,89.2266365116304
hti,2022,115.630715521746
hti,2023,141.035912702189
hun,1970,59.999999999
hun,1971,59.8216166656667
hun,1972,55.259999999
hun,1973,48.966224999
hun,1974,46.752399999
hun,1975,43.9713833323333
hun,1976,41.5752666656667
hun,1977,40.960749999
hun,1978,37.911349999
hun,1979,35.577999999
hun,1980,32.5322833323333
hun,1981,34.3142916656667
hun,1982,36.630549999
hun,1983,42.671149999
hun,1984,48.0422083329167
hun,1985,50.1194
hun,1986,45.83215
hun,1987,46.9705416666667
hun,1988,50.4132083333333
hun,1989,59.0663416666667
hun,1990,63.2058666666667
hun,1991,74.7353833333333
hun,1992,78.9883916666667
hun,1993,91.9331833333333
hun,1994,105.160458333333
hun,1995,125.681425
hun,1996,152.646666666667
hun,1997,186.789166666667
hun,1998,214.401666666667
hun,1999,237.145833333333
hun,2000,282.179166666667
hun,2001,286.49
hun,2002,257.886666666667
hun,2003,224.306666666667
hun,2004,202.745833333333
hun,2005,199.5825
hun,2006,210.39
hun,2007,183.625833333333
hun,2008,172.113333333333
hun,2009,202.341666666667
hun,2010,207.944166666667
hun,2011,201.055
hun,2012,225.104166666667
hun,2013,223.695
hun,2014,232.601666666667
hun,2015,279.3325
hun,2016,281.523333333333
hun,2017,274.433333333333
hun,2018,270.211666666667
hun,2019,290.66
hun,2020,307.996666666667
hun,2021,303.140833333333
hun,2022,372.595833333333
hun,2023,353.088333333333
idn,1960,0.0754436903901931
idn,1961,0.0884750162591828
idn,1962,0.243303888175287
idn,1963,0.575851722308125
idn,1964,1.22722515003369
idn,1965,4.00575578902985
idn,1966,75.9010904013065
idn,1967,149.583293535721
idn,1968,296.291678704778
idn,1969,325.999990860147
idn,1970,362.833333333333
idn,1971,391.875
idn,1972,415.0
idn,1973,415.0
idn,1974,415.0
idn,1975,414.999999999
idn,1976,414.999999999
idn,1977,414.999999999
idn,1978,442.045416665917
idn,1979,623.055499999083
idn,1980,626.993999998583
idn,1981,631.756666664167
idn,1982,661.42074999925
idn,1983,909.264833332
idn,1984,1025.9448333315
idn,1985,1110.57999999967
idn,1986,1282.55999999975
idn,1987,1643.84833333333
idn,1988,1685.70416666667
idn,1989,1770.05916666667
idn,1990,1842.81333333333
idn,1991,1950.3175
idn,1992,2029.92083333333
idn,1993,2087.10386666667
idn,1994,2160.753675
idn,1995,2248.607975
idn,1996,2342.29629166667
idn,1997,2909.38
idn,1998,10013.6225
idn,1999,7855.15
idn,2000,8421.775
idn,2001,10260.85
idn,2002,9311.19166666667
idn,2003,8577.13333333333
idn,2004,8938.85
idn,2005,9704.74166666667
idn,2006,9159.31666666667
idn,2007,9141.0
idn,2008,9698.9625
idn,2009,10389.9375
idn,2010,9090.43333333333
idn,2011,8770.43333333333
idn,2012,9386.62916666667
idn,2013,10461.24
idn,2014,11865.2112962963
idn,2015,13389.4129365079
idn,2016,13308.3268020542
idn,2017,13380.8338788891
idn,2018,14236.9387734818
idn,2019,14147.6713605454
idn,2020,14582.2034678177
idn,2021,14308.1439011897
idn,2022,14849.8539362105
idn,2023,15236.8846620506
ind,1950,4.76289987976872
ind,1951,4.76289987976872
ind,1952,4.76289987976872
ind,1953,4.76289987976872
ind,1954,4.76289987976872
ind,1955,4.76389980729033
ind,1956,4.7618999522471
ind,1957,4.76389980729033
ind,1958,4.76289987976872
ind,1959,4.76289987976872
ind,1960,4.7618999522471
ind,1961,4.7618999522471
ind,1962,4.7618999522471
ind,1963,4.7618999522471
ind,1964,4.7618999522471
ind,1965,4.7618999522471
ind,1966,6.35912514284034
ind,1967,7.5000000065
ind,1968,7.5000000065
ind,1969,7.5000000065
ind,1970,7.5000000065
ind,1971,7.49193523096824
ind,1972,7.59446837394936
ind,1973,7.74203856214968
ind,1974,8.1016032272183
ind,1975,8.37589194565386
ind,1976,8.96041272812392
ind,1977,8.73857617131457
ind,1978,8.19284034840393
ind,1979,8.12579094635689
ind,1980,7.86294470113798
ind,1981,8.65852281709317
ind,1982,9.45513193348639
ind,1983,10.0988982440461
ind,1984,11.3625833326667
ind,1985,12.3687499995833
ind,1986,12.61083333325
ind,1987,12.9615
ind,1988,13.9170833333333
ind,1989,16.2255
ind,1990,17.5035
ind,1991,22.7424333333333
ind,1992,25.9180833333333
ind,1993,30.4932916666667
ind,1994,31.3737425
ind,1995,32.4270766666667
ind,1996,35.4331733333333
ind,1997,36.3132858333333
ind,1998,41.259365
ind,1999,43.0554283333333
ind,2000,44.941605
ind,2001,47.1864141666667
ind,2002,48.6103191666667
ind,2003,46.5832841666667
ind,2004,45.3164666666667
ind,2005,44.099975
ind,2006,45.3070083333333
ind,2007,41.3485333333333
ind,2008,43.5051833333333
ind,2009,48.4052666666667
ind,2010,45.7258121212121
ind,2011,46.6704666666667
ind,2012,53.4372333333333
ind,2013,58.5978454166667
ind,2014,61.0295144607843
ind,2015,64.1519444632786
ind,2016,67.1953128073894
ind,2017,65.121568645066
ind,2018,68.3894670935421
ind,2019,70.4203405359551
ind,2020,74.0995668836052
ind,2021,73.9180128154351
ind,2022,78.6044905829916
ind,2023,82.5992764460784
irl,1950,0.4536409764884
irl,1951,0.453513958996241
irl,1952,0.4536409764884
irl,1953,0.453513958996241
irl,1954,0.453513958996241
irl,1955,0.453513958996241
irl,1956,0.4536409764884
irl,1957,0.453513958996241
irl,1958,0.4536409764884
irl,1959,0.4536409764884
irl,1960,0.453513958996241
irl,1961,0.453513958996241
irl,1962,0.453513958996241
irl,1963,0.453513958996241
irl,1964,0.453513958996241
irl,1965,0.453513958996241
irl,1966,0.453513958996241
irl,1967,0.459812739147033
irl,1968,0.529099857247516
irl,1969,0.529099857247516
irl,1970,0.529057955184172
irl,1971,0.521761050575095
irl,1972,0.508391015244486
irl,1973,0.518270191754966
irl,1974,0.543138639840906
irl,1975,0.573973881064481
irl,1976,0.706621725133872
irl,1977,0.727905286427516
irl,1978,0.662174226263939
irl,1979,0.620387516550313
irl,1980,0.617912038678237
irl,1981,0.788885813566393
irl,1982,0.894608737892998
irl,1983,1.02173019934605
irl,1984,1.17140130780906
irl,1985,1.200683372928
irl,1986,0.943578341781325
irl,1987,0.854427915276304
irl,1988,0.833541782001209
irl,1989,0.895855236315186
irl,1990,0.767668828607368
irl,1991,0.788885093782854
irl,1992,0.746251521569464
irl,1993,0.859929233264429
irl,1994,0.848982560993985
irl,1995,0.791977636103225
irl,1996,0.793622319371293
irl,1997,0.837573996102751
irl,1998,0.891700227960309
irl,1999,0.938283072395283
irl,2000,1.08270508132602
irl,2001,1.11653308564463
irl,2002,1.05755899623965
irl,2003,0.88404792718493
irl,2004,0.803921647747618
irl,2005,0.803800192161442
irl,2006,0.796432730949102
irl,2007,0.729672399984083
irl,2008,0.679922680042729
irl,2009,0.716957702016136
irl,2010,0.754308990105961
irl,2011,0.718413898653317
irl,2012,0.778338120416812
irl,2013,0.752945122701996
irl,2014,0.752728196932603
irl,2015,0.901296423367096
irl,2016,0.903421436257263
irl,2017,0.885205508269372
irl,2018,0.846772667108111
irl,2019,0.893276257067409
irl,2020,0.875506396987998
irl,2021,0.84549413889045
irl,2022,0.949623753156941
irl,2023,0.924839558470698
irn,1955,32.2457428300973
irn,1956,32.2557411516405
irn,1957,32.2557411516405
irn,1958,52.3630867528025
irn,1959,75.7600022119905
irn,1960,75.75000007575
irn,1961,75.75000007575
irn,1962,75.75000007575
irn,1963,75.75000007575
irn,1964,75.75000007575
irn,1965,75.75000007575
irn,1966,75.75000007575
irn,1967,75.75000007575
irn,1968,75.75000007575
irn,1969,75.75000007575
irn,1970,75.75000007575
irn,1971,75.7500000694375
irn,1972,75.7499701345202
irn,1973,68.8860419482585
irn,1974,67.641342246617
irn,1975,67.6549455324406
irn,1976,70.2390698610516
irn,1977,70.6337318788855
irn,1978,70.4920309761581
irn,1979,70.4920309761581
irn,1980,70.631848089676
irn,1981,78.3468453777361
irn,1982,83.6226700245569
irn,1983,86.3787358940775
irn,1984,90.0514398915356
irn,1985,207.3
irn,1986,217.5
irn,1987,221.6
irn,1988,237.1
irn,1989,299.1
irn,1990,394.2
irn,1991,511.7
irn,1992,655.1
irn,1993,890.083
irn,1994,1221.7
irn,1995,1725.8
irn,1996,2194.0
irn,1997,2779.5
irn,1998,3206.0
irn,1999,4172.0
irn,2000,5731.0
irn,2001,6163.4
irn,2002,6907.03445561653
irn,2003,8193.88751916667
irn,2004,8613.98942075
irn,2005,8963.95890666667
irn,2006,9170.9428775
irn,2007,9281.15182833333
irn,2008,9428.52826083333
irn,2009,9864.3024562682
irn,2010,10254.176470289
irn,2011,10616.3066439076
irn,2012,12175.5472222222
irn,2013,18414.4480100374
irn,2014,25941.6641445972
irn,2015,29011.491377053
irn,2016,30914.8524362967
irn,2017,33226.2981524127
irn,2018,68236.4515640728
irn,2019,87626.1711544483
irn,2020,124756.132966046
irn,2021,186502.281753897
irn,2022,262154.551971326
irn,2023,356176.761021505
irq,1970,1.60343104629665
irq,1971,1.65337645672538
irq,1972,1.64539074356245
irq,1973,1.47032893235982
irq,1974,2.6249440074427
irq,1975,2.50421885593302
irq,1976,2.5808017556261
irq,1977,2.68659963572076
irq,1978,2.53852740736145
irq,1979,2.98201715043391
irq,1980,3.81360812499696
irq,1981,2.96789072804029
irq,1982,3.23981571943037
irq,1983,3.52678018863414
irq,1984,3.82516869278993
irq,1985,3.85053329024407
irq,1986,3.39346123743853
irq,1987,3.296452421264
irq,1988,3.45780690204387
irq,1989,3.8322717050462
irq,1990,4.09228877177924
irq,1991,10.0
irq,1992,21.0
irq,1993,74.0
irq,1994,458.0
irq,1995,1674.0
irq,1996,1170.0
irq,1997,1471.0
irq,1998,1620.0
irq,1999,1972.0
irq,2000,2394.31808726807
irq,2001,1929.0
irq,2002,1957.0
irq,2003,1242.73111469794
irq,2004,1453.0
irq,2005,1472.0
irq,2006,1475.0
irq,2007,1254.56721858704
irq,2008,1269.90620303232
irq,2009,1015.74037606879
irq,2010,1170.0
irq,2011,1170.0
irq,2012,1166.16666666667
irq,2013,1166.0
irq,2014,1166.0
irq,2015,1167.33333333333
irq,2016,1182.0
irq,2017,1184.0
irq,2018,1182.75
irq,2019,1182.0
irq,2020,1192.0
irq,2021,1450.0
irq,2022,1450.0
irq,2023,1312.5
isl,1950,0.150880084253834
isl,1951,0.168923438504584
isl,1952,0.168923438504584
isl,1953,0.168923438504584
isl,1954,0.168923438504584
isl,1955,0.168923438504584
isl,1956,0.168923438504584
isl,1957,0.168923438504584
isl,1958,0.168923438504584
isl,1959,0.168923438504584
isl,1960,0.361904712479158
isl,1961,0.4008333108542
isl,1962,0.430000009466998
isl,1963,0.430000009466998
isl,1964,0.430000009466998
isl,1965,0.430000009466998
isl,1966,0.430000009466998
isl,1967,0.441666694872582
isl,1968,0.621666732796297
isl,1969,0.879999999968158
isl,1970,0.879999999968158
isl,1971,0.879999999887478
isl,1972,0.882603545953388
isl,1973,0.901341666520921
isl,1974,0.999516666500499
isl,1975,1.53694999974941
isl,1976,1.82171666637135
isl,1977,1.98869999967762
isl,1978,2.71110833289748
isl,1979,3.52599999943281
isl,1980,4.7976416658989
isl,1981,7.22418333233333
isl,1982,12.35153333275
isl,1983,24.84276666575
isl,1984,31.69374166625
isl,1985,41.5076666666667
isl,1986,41.1041583333333
isl,1987,38.6771833333333
isl,1988,43.0139833333333
isl,1989,57.0417916666667
isl,1990,58.283775
isl,1991,58.9963416666667
isl,1992,57.5459333333333
isl,1993,67.6031816666667
isl,1994,69.9443783333333
isl,1995,64.6916666666667
isl,1996,66.5
isl,1997,70.9042908333333
isl,1998,70.9583333333333
isl,1999,72.3352933333333
isl,2000,78.6159466666667
isl,2001,97.4246033333333
isl,2002,91.6616666666667
isl,2003,76.7089825
isl,2004,70.1916666666667
isl,2005,62.9816666666667
isl,2006,70.18
isl,2007,64.055
isl,2008,87.9479166666667
isl,2009,123.638381413044
isl,2010,122.241811205165
isl,2011,115.954039762284
isl,2012,125.082787013769
isl,2013,122.179121320458
isl,2014,116.767352506899
isl,2015,131.918708431432
isl,2016,120.811548065239
isl,2017,106.839572014
isl,2018,108.300176306626
isl,2019,122.606773601907
isl,2020,135.421711629205
isl,2021,126.988860204557
isl,2022,135.27990200138
isl,2023,137.942952429967
isr,1950,7.33933995290237e-05
isr,1951,8.07060737463137e-05
isr,1952,0.000115035100569496
isr,1953,0.000145985582597377
isr,1954,0.000159765497454795
isr,1955,0.000169319497849524
isr,1956,0.000180000123479732
isr,1957,0.000180000123479732
isr,1958,0.000180000123479732
isr,1959,0.000180000123479732
isr,1960,0.000180000123479732
isr,1961,0.000180000123479732
isr,1962,0.000289999201324267
isr,1963,0.000299999196866088
isr,1964,0.000299999196866088
isr,1965,0.000299999196866088
isr,1966,0.000299999196866088
isr,1967,0.000308333200723463
isr,1968,0.000349999232782894
isr,1969,0.000349999232782894
isr,1970,0.000349999232782894
isr,1971,0.000379165835522199
isr,1972,0.000417979671411471
isr,1973,0.00041946923065526
isr,1974,0.000445153398230699
isr,1975,0.000633614931146527
isr,1976,0.000792557149185273
isr,1977,0.0010445457989628
isr,1978,0.00174353717363552
isr,1979,0.00254063690827576
isr,1980,0.00512429166568394
isr,1981,0.0114305749992885
isr,1982,0.0242669999990818
isr,1983,0.0562144916660229
isr,1984,0.293209666667072
isr,1985,1.17884933333439
isr,1986,1.48784166658333
isr,1987,1.59464166666667
isr,1988,1.59893333333333
isr,1989,1.91641666666667
isr,1990,2.016175
isr,1991,2.27910833333333
isr,1992,2.45908333333333
isr,1993,2.83008333333333
isr,1994,3.01105520833333
isr,1995,3.01129166666667
isr,1996,3.19165
isr,1997,3.44935
isr,1998,3.800075
isr,1999,4.13971666666667
isr,2000,4.07733333333333
isr,2001,4.20565
isr,2002,4.737825
isr,2003,4.55413333333333
isr,2004,4.48198333333333
isr,2005,4.4877
isr,2006,4.45580833333333
isr,2007,4.10808294905578
isr,2008,3.58802119408369
isr,2009,3.93233547791667
isr,2010,3.738975
isr,2011,3.5781293062201
isr,2012,3.85592182539682
isr,2013,3.61075833333333
isr,2014,3.577925
isr,2015,3.88683333333333
isr,2016,3.84056666666667
isr,2017,3.59955554812834
isr,2018,3.59055812689938
isr,2019,3.56452734661093
isr,2020,3.44240585198792
isr,2021,3.23019832251082
isr,2022,3.35961440158189
isr,2023,3.6673747160226
ita,1950,0.322622960779777
ita,1951,0.322262054649023
ita,1952,0.322210496630344
ita,1953,0.322210496630344
ita,1954,0.322210496630344
ita,1955,0.322210496630344
ita,1956,0.322210496630344
ita,1957,0.322210496630344
ita,1958,0.322158998216311
ita,1959,0.322210496630344
ita,1960,0.322262054649023
ita,1961,0.322785562253715
ita,1962,0.322785562253715
ita,1963,0.322785562253715
ita,1964,0.322785562253715
ita,1965,0.322785562253715
ita,1966,0.322785562253715
ita,1967,0.322785562253715
ita,1968,0.322785562253715
ita,1969,0.322785562253715
ita,1970,0.322785562253715
ita,1971,0.320388834871977
ita,1972,0.301206701544422
ita,1973,0.301092220264693
ita,1974,0.335874301276079
ita,1975,0.337168456189478
ita,1976,0.429865153103476
ita,1977,0.455715542424998
ita,1978,0.438298033503033
ita,1979,0.429104239938602
ita,1980,0.442318220081609
ita,1981,0.587090126893243
ita,1982,0.69851312058653
ita,1983,0.784419700420308
ita,1984,0.907394543804237
ita,1985,0.986143031015303
ita,1986,0.769939109730952
ita,1987,0.669364293202911
ita,1988,0.672234502419601
ita,1989,0.708627068194689
ita,1990,0.618767871560614
ita,1991,0.640723315102403
ita,1992,0.636484495103126
ita,1993,0.812730593701638
ita,1994,0.83275833604473
ita,1995,0.841273767776875
ita,1996,0.796865605864198
ita,1997,0.879576148126723
ita,1998,0.896676281372603
ita,1999,0.938283072395283
ita,2000,1.08270508132602
ita,2001,1.11653308564463
ita,2002,1.05755899623965
ita,2003,0.88404792718493
ita,2004,0.803921647747618
ita,2005,0.803800192161442
ita,2006,0.796432730949102
ita,2007,0.729672399984083
ita,2008,0.679922680042729
ita,2009,0.716957702016136
ita,2010,0.754308990105961
ita,2011,0.718413898653317
ita,2012,0.778338120416812
ita,2013,0.752945122701996
ita,2014,0.752728196932603
ita,2015,0.901296423367096
ita,2016,0.903421436257263
ita,2017,0.885205508269372
ita,2018,0.846772667108111
ita,2019,0.893276257067409
ita,2020,0.875506396987998
ita,2021,0.84549413889045
ita,2022,0.949623753156941
ita,2023,0.924839558470698
jam,1953,0.714487360446339
jam,1954,0.714487360446339
jam,1955,0.714386688203199
jam,1956,0.714487360446339
jam,1957,0.714487360446339
jam,1958,0.714286015960059
jam,1959,0.714386688203199
jam,1960,0.714286015960059
jam,1961,0.714286015960059
jam,1962,0.714286015960059
jam,1963,0.714286015960059
jam,1964,0.714286015960059
jam,1965,0.714286015960059
jam,1966,0.714286015960059
jam,1967,0.724206970478521
jam,1968,0.833334013112275
jam,1969,0.833333655484413
jam,1970,0.833332999833333
jam,1971,0.832801749902778
jam,1972,0.76746
jam,1973,0.90909
jam,1974,0.90909
jam,1975,0.90909
jam,1976,0.90909
jam,1977,0.90909
jam,1978,1.41325833308333
jam,1979,1.76477833266667
jam,1980,1.781419999
jam,1981,1.781419999
jam,1982,1.781419999
jam,1983,1.932217499
jam,1984,3.94280416641667
jam,1985,5.55855833316667
jam,1986,5.47783333325
jam,1987,5.48666666666667
jam,1988,5.48855416666667
jam,1989,5.74464166666667
jam,1990,7.184025
jam,1991,12.115875
jam,1992,22.96035
jam,1993,24.94855
jam,1994,33.0859333333333
jam,1995,35.1421166666667
jam,1996,37.1195583333333
jam,1997,35.4044666666667
jam,1998,36.55
jam,1999,39.0435166666667
jam,2000,42.9857
jam,2001,45.99625
jam,2002,48.4159416666667
jam,2003,57.74087375
jam,2004,61.1972
jam,2005,62.2807149440837
jam,2006,65.7438575396825
jam,2007,69.1921618494152
jam,2008,72.7562034061521
jam,2009,87.8941198106535
jam,2010,87.1961463300915
jam,2011,85.8934632022765
jam,2012,88.7498023876452
jam,2013,100.39788320358
jam,2014,110.934527811188
jam,2015,116.969776646049
jam,2016,125.095034603174
jam,2017,127.964544179198
jam,2018,128.87151906466
jam,2019,133.31211833796
jam,2020,142.402832756013
jam,2021,150.790105943026
jam,2022,153.426816475659
jam,2023,154.158779031723
jor,1954,0.357043072166123
jor,1955,0.357143029159467
jor,1956,0.357143029159467
jor,1957,0.357043072166123
jor,1958,0.357043072166123
jor,1959,0.357043072166123
jor,1960,0.357143029159467
jor,1961,0.357143029159467
jor,1962,0.357143029159467
jor,1963,0.357143029159467
jor,1964,0.357143029159467
jor,1965,0.357143029159467
jor,1966,0.357143029159467
jor,1967,0.357143029159467
jor,1968,0.357143029159467
jor,1969,0.357143029159467
jor,1970,0.357142999357143
jor,1971,0.357142999327381
jor,1972,0.35714325128915
jor,1973,0.32857086795213
jor,1974,0.322091665666667
jor,1975,0.319791665666667
jor,1976,0.331983332333333
jor,1977,0.329266665666667
jor,1978,0.305624999
jor,1979,0.300333332333333
jor,1980,0.297924999
jor,1981,0.330433332333333
jor,1982,0.352491665666667
jor,1983,0.363079165666667
jor,1984,0.384464999416667
jor,1985,0.39462499975
jor,1986,0.349965833166667
jor,1987,0.33845875
jor,1988,0.3742925
jor,1989,0.574575833333333
jor,1990,0.663711666666667
jor,1991,0.680865833333333
jor,1992,0.679818333333333
jor,1993,0.692850833333333
jor,1994,0.698764166666667
jor,1995,0.7003775
jor,1996,0.709
jor,1997,0.709
jor,1998,0.709
jor,1999,0.709
jor,2000,0.709
jor,2001,0.708983174066667
jor,2002,0.708999833333333
jor,2003,0.709
jor,2004,0.709
jor,2005,0.709
jor,2006,0.709
jor,2007,0.708999766666667
jor,2008,0.70966655
jor,2009,0.71
jor,2010,0.71
jor,2011,0.71
jor,2012,0.71
jor,2013,0.71
jor,2014,0.71
jor,2015,0.71
jor,2016,0.71
jor,2017,0.71
jor,2018,0.71
jor,2019,0.71
jor,2020,0.71
jor,2021,0.71
jor,2022,0.71
jor,2023,0.71
jpn,1950,361.100006463613
jpn,1951,361.200012567228
jpn,1952,361.100006463613
jpn,1953,360.000000359
jpn,1954,360.000000359
jpn,1955,360.000000359
jpn,1956,360.000000359
jpn,1957,360.000000359
jpn,1958,360.100006462615
jpn,1959,359.899994255385
jpn,1960,360.000000359
jpn,1961,360.000000359
jpn,1962,360.000000359
jpn,1963,360.000000359
jpn,1964,360.000000359
jpn,1965,360.000000359
jpn,1966,360.000000359
jpn,1967,360.000000359
jpn,1968,360.000000359
jpn,1969,360.000000359
jpn,1970,360.000000359
jpn,1971,350.677693533362
jpn,1972,303.172499999
jpn,1973,271.701666666083
jpn,1974,292.08249999925
jpn,1975,296.787499999167
jpn,1976,296.552499999167
jpn,1977,268.509999999333
jpn,1978,210.441666666
jpn,1979,219.139999999333
jpn,1980,226.740833332833
jpn,1981,220.53583333275
jpn,1982,249.076666665833
jpn,1983,237.511666666083
jpn,1984,237.522499999333
jpn,1985,238.53583333275
jpn,1986,168.519833333083
jpn,1987,144.6375
jpn,1988,128.151666666667
jpn,1989,137.964416666667
jpn,1990,144.7925
jpn,1991,134.706666666667
jpn,1992,126.651333333333
jpn,1993,111.197785833333
jpn,1994,102.207805833333
jpn,1995,94.0595791666667
jpn,1996,108.779056666667
jpn,1997,120.9908625
jpn,1998,130.905300666667
jpn,1999,113.906805
jpn,2000,107.765498333333
jpn,2001,121.5289475
jpn,2002,125.388019166667
jpn,2003,115.933464166667
jpn,2004,108.192569166667
jpn,2005,110.218211666667
jpn,2006,116.299311666667
jpn,2007,117.753529166667
jpn,2008,103.359493968254
jpn,2009,93.5700890870457
jpn,2010,87.779875
jpn,2011,79.8070198321892
jpn,2012,79.7904554170065
jpn,2013,97.5956582776385
jpn,2014,105.944781034025
jpn,2015,121.044025684011
jpn,2016,108.792900046834
jpn,2017,112.166141081871
jpn,2018,110.42317934106
jpn,2019,109.009665900863
jpn,2020,106.774582262437
jpn,2021,109.754323839417
jpn,2022,131.498140443764
jpn,2023,140.49110006234
kaz,1990,0.00322633980813883
kaz,1991,0.00628629701449007
kaz,1992,0.0920611336507458
kaz,1993,1.19706710398952
kaz,1994,19.2935644717144
kaz,1995,49.3244777205569
kaz,1996,67.3033333333333
kaz,1997,75.4375
kaz,1998,78.3033333333333
kaz,1999,119.523333333333
kaz,2000,142.133333333333
kaz,2001,146.735833333333
kaz,2002,153.279166666667
kaz,2003,149.575833333333
kaz,2004,136.035
kaz,2005,132.88
kaz,2006,126.089430555555
kaz,2007,122.554166666667
kaz,2008,120.299166666667
kaz,2009,147.496666666667
kaz,2010,147.355
kaz,2011,146.620833333333
kaz,2012,149.1125
kaz,2013,152.129166666667
kaz,2014,179.191666666667
kaz,2015,221.728333333333
kaz,2016,342.16
kaz,2017,326.001022727273
kaz,2018,344.705833333333
kaz,2019,382.747310606061
kaz,2020,412.953333333333
kaz,2021,425.9075
kaz,2022,460.165
kaz,2023,456.165
ken,1950,7.14086062791882
ken,1951,7.14086062791882
ken,1952,7.14086062791882
ken,1953,7.14086062791882
ken,1954,7.14086062791882
ken,1955,7.14286000614286
ken,1956,7.14286000614286
ken,1957,7.14286000614286
ken,1958,7.14086062791881
ken,1959,7.14286000614286
ken,1960,7.14286000614286
ken,1961,7.14286000614286
ken,1962,7.14286000614286
ken,1963,7.14286000614286
ken,1964,7.14286000614286
ken,1965,7.14286000614286
ken,1966,7.14286000614286
ken,1967,7.14286000614286
ken,1968,7.14286000614286
ken,1969,7.14286000614286
ken,1970,7.14286000614286
ken,1971,7.1428599977626
ken,1972,7.142859999
ken,1973,7.00119166566667
ken,1974,7.142859999
ken,1975,7.34319333233333
ken,1976,8.36714499916667
ken,1977,8.27656083241667
ken,1978,7.72938333233333
ken,1979,7.47530916566667
ken,1980,7.420187499
ken,1981,9.04749833258333
ken,1982,10.9223249994167
ken,1983,13.3115166659167
ken,1984,14.4138749994167
ken,1985,16.4321166665
ken,1986,16.2257416665
ken,1987,16.4544916666667
ken,1988,17.7471
ken,1989,20.5724666666667
ken,1990,22.9147666666667
ken,1991,27.5078666666667
ken,1992,32.2168333333333
ken,1993,58.0013333333333
ken,1994,56.050575
ken,1995,51.4298333333333
ken,1996,57.1148666666667
ken,1997,58.7318416666667
ken,1998,60.3667
ken,1999,70.3262166666667
ken,2000,76.1755416666667
ken,2001,78.563195
ken,2002,78.7491416666667
ken,2003,75.9355694444444
ken,2004,79.1738760642136
ken,2005,75.5541094514311
ken,2006,72.1008350178621
ken,2007,67.3176381242857
ken,2008,69.175319816226
ken,2009,77.352012297579
ken,2010,79.2331517045455
ken,2011,88.8107699710456
ken,2012,84.5296017573529
ken,2013,86.1228788982654
ken,2014,87.9221638089727
ken,2015,98.1784533265271
ken,2016,101.504369498594
ken,2017,103.410004519014
ken,2018,101.301574049018
ken,2019,101.99129838935
ken,2020,106.450780158517
ken,2021,109.637746592367
ken,2022,117.865989201683
ken,2023,139.846383759617
kgz,1990,0.01641122425451
kgz,1991,0.0372685377967741
kgz,1992,0.338916082533436
kgz,1993,2.82874335033792
kgz,1994,7.77913101942564
kgz,1995,10.8218833333333
kgz,1996,12.8095583333333
kgz,1997,17.3624916666667
kgz,1998,20.8375666666667
kgz,1999,39.0077333333333
kgz,2000,47.7038333333333
kgz,2001,48.3779583333333
kgz,2002,46.9370666666667
kgz,2003,43.648375
kgz,2004,42.6499416666667
kgz,2005,41.0118205059349
kgz,2006,40.1528999454205
kgz,2007,37.3162568055556
kgz,2008,36.5745916666667
kgz,2009,42.9041083333333
kgz,2010,45.9642614008139
kgz,2011,46.1439013172043
kgz,2012,47.0044791422568
kgz,2013,48.4380590087726
kgz,2014,53.654058312852
kgz,2015,64.4621082725294
kgz,2016,69.9140658252997
kgz,2017,68.866667859063
kgz,2018,68.840320327701
kgz,2019,69.7893491807476
kgz,2020,77.3461127039303
kgz,2021,84.6408220065285
kgz,2022,84.1162225704045
kgz,2023,87.8561255862775
khm,1970,16.8623759064383
khm,1971,22.8226304304503
khm,1972,12.0676062902963
khm,1973,19.2193545039955
khm,1974,15.8798273145387
khm,1975,14.8324210597429
khm,1976,13.8902077564689
khm,1977,15.1179558451304
khm,1978,13.903700603823
khm,1979,14.5975668836699
khm,1980,14.1926966345426
khm,1981,13.1238890859015
khm,1982,11.9242829396077
khm,1983,13.805507542716
khm,1984,22.0307816878102
khm,1985,19.3609328378556
khm,1986,48.8304265776285
khm,1987,85.5753342964252
khm,1988,140.682585088847
khm,1989,167.2
khm,1990,426.25
khm,1991,718.333333333333
khm,1992,1266.58333333333
khm,1993,2689.0
khm,1994,2545.25
khm,1995,2450.83333333333
khm,1996,2624.08333333333
khm,1997,2946.25
khm,1998,3744.41666666667
khm,1999,3807.83333333333
khm,2000,3840.75
khm,2001,3916.33333333333
khm,2002,3912.08333333333
khm,2003,3973.33333333333
khm,2004,4016.25
khm,2005,4092.5
khm,2006,4103.25
khm,2007,4056.16666666667
khm,2008,4054.16666666667
khm,2009,4139.33333333333
khm,2010,4184.91666666667
khm,2011,4058.5
khm,2012,4033.0
khm,2013,4027.25
khm,2014,4037.5
khm,2015,4067.75
khm,2016,4058.69457885305
khm,2017,4050.5799859191
khm,2018,4051.16690028162
khm,2019,4061.14896313364
khm,2020,4092.78321900878
khm,2021,4098.72279505889
khm,2022,4102.03786482335
khm,2023,4110.65274641577
kna,1970,2.000000001
kna,1971,1.97487273321145
kna,1972,1.92127814947601
kna,1973,1.95921923598161
kna,1974,2.05323240851763
kna,1975,2.16979583233333
kna,1976,2.61467083283333
kna,1977,2.7
kna,1978,2.7
kna,1979,2.7
kna,1980,2.7
kna,1981,2.7
kna,1982,2.7
kna,1983,2.7
kna,1984,2.7
kna,1985,2.7
kna,1986,2.7
kna,1987,2.7
kna,1988,2.7
kna,1989,2.7
kna,1990,2.7
kna,1991,2.7
kna,1992,2.7
kna,1993,2.7
kna,1994,2.7
kna,1995,2.7
kna,1996,2.7
kna,1997,2.7
kna,1998,2.7
kna,1999,2.7
kna,2000,2.7
kna,2001,2.7
kna,2002,2.7
kna,2003,2.7
kna,2004,2.7
kna,2005,2.7
kna,2006,2.7
kna,2007,2.7
kna,2008,2.7
kna,2009,2.7
kna,2010,2.7
kna,2011,2.7
kna,2012,2.7
kna,2013,2.7
kna,2014,2.7
kna,2015,2.7
kna,2016,2.7
kna,2017,2.7
kna,2018,2.7
kna,2019,2.7
kna,2020,2.7
kna,2021,2.7
kna,2022,2.7
kna,2023,2.7
kor,1953,17.8248206781082
kor,1954,17.8248206781082
kor,1955,49.4968582991652
kor,1956,49.5067803263111
kor,1957,49.5067803263111
kor,1958,49.5067803263111
kor,1959,49.5067803263111
kor,1960,63.1258554947553
kor,1961,124.7933904368
kor,1962,130.001764228215
kor,1963,130.001764228215
kor,1964,213.849584589644
kor,1965,266.404376559957
kor,1966,271.341174435736
kor,1967,270.520343173474
kor,1968,276.648730351639
kor,1969,288.164690531985
kor,1970,310.555833333333
kor,1971,347.1475
kor,1972,392.894166666667
kor,1973,398.321666666667
kor,1974,404.4725
kor,1975,484.0
kor,1976,484.0
kor,1977,484.0
kor,1978,484.0
kor,1979,484.0
kor,1980,607.716666666667
kor,1981,681.028333333333
kor,1982,731.1675
kor,1983,775.748333333333
kor,1984,805.970833333333
kor,1985,870.02
kor,1986,881.455833333333
kor,1987,822.564166666667
kor,1988,731.463333333333
kor,1989,671.455833333333
kor,1990,707.765833333333
kor,1991,733.329166666667
kor,1992,780.670833333333
kor,1993,802.538333333333
kor,1994,803.771666666667
kor,1995,771.254166666667
kor,1996,804.4575
kor,1997,949.89
kor,1998,1403.18333333333
kor,1999,1189.43916666667
kor,2000,1130.3625
kor,2001,1290.79
kor,2002,1251.6025
kor,2003,1191.64583333333
kor,2004,1146.24916666667
kor,2005,1024.32833333333
kor,2006,955.340833333333
kor,2007,929.375833333333
kor,2008,1100.12583333333
kor,2009,1277.24583333333
kor,2010,1156.46
kor,2011,1108.23333333333
kor,2012,1126.80666666667
kor,2013,1094.9825
kor,2014,1052.84
kor,2015,1130.9525
kor,2016,1160.7675
kor,2017,1131.00083333333
kor,2018,1100.16333333333
kor,2019,1165.3575
kor,2020,1180.26583333333
kor,2021,1143.95166666667
kor,2022,1291.44666666667
kor,2023,1305.6625
kwt,1970,0.357142999357143
kwt,1971,0.356097713860093
kwt,1972,0.328948797864023
kwt,1973,0.296572315572002
kwt,1974,0.293151415666667
kwt,1975,0.290032332333333
kwt,1976,0.292387415666667
kwt,1977,0.286565999
kwt,1978,0.275052749
kwt,1979,0.276366082333333
kwt,1980,0.270297415666667
kwt,1981,0.278785332333333
kwt,1982,0.287910999
kwt,1983,0.291476665666667
kwt,1984,0.296061916166667
kwt,1985,0.300753249916667
kwt,1986,0.290594666583333
kwt,1987,0.27866325
kwt,1988,0.27902925
kwt,1989,0.293779416666667
kwt,1990,0.288455
kwt,1991,0.284268576951504
kwt,1992,0.293222666666667
kwt,1993,0.3018386
kwt,1994,0.296870315
kwt,1995,0.298447720833333
kwt,1996,0.299408563333333
kwt,1997,0.303348835
kwt,1998,0.30475564
kwt,1999,0.304414666666667
kwt,2000,0.306751583333333
kwt,2001,0.306681666666667
kwt,2002,0.303914251666667
kwt,2003,0.298011521083333
kwt,2004,0.2947
kwt,2005,0.292
kwt,2006,0.290176225
kwt,2007,0.284213958333333
kwt,2008,0.268828366666667
kwt,2009,0.287785416666667
kwt,2010,0.286606591666667
kwt,2011,0.275978944444444
kwt,2012,0.279935558333333
kwt,2013,0.283589441666667
kwt,2014,0.284567141666667
kwt,2015,0.300852025
kwt,2016,0.302137441178496
kwt,2017,0.303349758333333
kwt,2018,0.301956493524177
kwt,2019,0.303611163035755
kwt,2020,0.306233121756716
kwt,2021,0.301643110769949
kwt,2022,0.306250154417754
kwt,2023,0.30718535125088
lao,1970,1.47042728586199
lao,1971,1.41815263966367
lao,1972,1.70069003856797
lao,1973,2.10906582054181
lao,1974,2.90243394831448
lao,1975,3.4466219716833
lao,1976,3.62289397024583
lao,1977,6.48004919438349
lao,1978,6.59315839069023
lao,1979,6.28066720517102
lao,1980,16.6280916651191
lao,1981,15.0669995329302
lao,1982,23.6885528945744
lao,1983,40.3989805572612
lao,1984,52.4989382149071
lao,1985,140.441676680377
lao,1986,193.30119403907
lao,1987,247.659360482389
lao,1988,346.900815689901
lao,1989,551.556871958945
lao,1990,707.749981094527
lao,1991,702.083314579229
lao,1992,716.08331420526
lao,1993,716.249980867475
lao,1994,717.666647496299
lao,1995,804.690820071722
lao,1996,921.021666666667
lao,1997,1259.97916666667
lao,1998,3298.33333333333
lao,1999,7102.025
lao,2000,7887.64333333333
lao,2001,8954.58333333333
lao,2002,10056.3333333333
lao,2003,10569.0375
lao,2004,10585.375
lao,2005,10655.1666666667
lao,2006,10153.6240754273
lao,2007,9602.72881820273
lao,2008,8740.18140302543
lao,2009,8511.35116305693
lao,2010,8254.16302973342
lao,2011,8029.2625550619
lao,2012,8006.58203188053
lao,2013,7833.22998982965
lao,2014,8042.42157002354
lao,2015,8127.61059846586
lao,2016,8124.36675616228
lao,2017,8244.84318921019
lao,2018,8401.33476613966
lao,2019,8679.40909309671
lao,2020,9045.78783382479
lao,2021,9697.91578947368
lao,2022,14035.2266926512
lao,2023,17688.8735909054
lbn,1970,3.26898333233333
lbn,1971,3.22773333233333
lbn,1972,3.05071666566667
lbn,1973,2.61039999908333
lbn,1974,2.32775833241667
lbn,1975,2.30198333241667
lbn,1976,2.87159166591667
lbn,1977,3.06895833233333
lbn,1978,2.955374999
lbn,1979,3.242749999
lbn,1980,3.43610833233333
lbn,1981,4.313874999
lbn,1982,4.74353333233333
lbn,1983,4.52816666566667
lbn,1984,6.51109166625
lbn,1985,16.4170249996667
lbn,1986,38.3699166665833
lbn,1987,224.596333333333
lbn,1988,409.23
lbn,1989,496.689166666667
lbn,1990,695.089166666667
lbn,1991,928.2275
lbn,1992,1712.79083333333
lbn,1993,1741.36333333333
lbn,1994,1680.07333333333
lbn,1995,1621.41333333333
lbn,1996,1571.44416666667
lbn,1997,1539.45
lbn,1998,1516.13166666667
lbn,1999,1507.5
lbn,2000,1507.5
lbn,2001,1507.5
lbn,2002,1507.5
lbn,2003,1507.5
lbn,2004,1507.5
lbn,2005,1507.5
lbn,2006,1507.5
lbn,2007,1507.5
lbn,2008,1507.5
lbn,2009,1507.5
lbn,2010,1507.5
lbn,2011,1507.5
lbn,2012,1507.5
lbn,2013,1507.5
lbn,2014,1507.5
lbn,2015,1507.5
lbn,2016,1507.5
lbn,2017,1507.5
lbn,2018,1507.5
lbn,2019,1507.5
lbn,2020,4189.71421440521
lbn,2021,9953.02399941722
lbn,2022,24542.8789985044
lbn,2023,76127.5448028674
lbr,1964,1.0
lbr,1965,1.0
lbr,1966,1.0
lbr,1967,1.0
lbr,1968,1.0
lbr,1969,1.0
lbr,1970,1.0
lbr,1971,1.0
lbr,1972,1.0
lbr,1973,1.0
lbr,1974,1.0
lbr,1975,1.0
lbr,1976,1.0
lbr,1977,1.0
lbr,1978,1.0
lbr,1979,1.0
lbr,1980,1.0
lbr,1981,1.0
lbr,1982,1.0
lbr,1983,1.0
lbr,1984,1.0
lbr,1985,1.0
lbr,1986,1.0
lbr,1987,1.0
lbr,1988,1.0
lbr,1989,1.0
lbr,1990,1.0
lbr,1991,1.0
lbr,1992,1.0
lbr,1993,1.0
lbr,1994,1.0
lbr,1995,1.0
lbr,1996,1.0
lbr,1997,1.0
lbr,1998,1.0
lbr,1999,1.0
lbr,2000,1.0
lbr,2001,1.0
lbr,2002,1.0
lbr,2003,1.0
lbr,2004,1.0
lbr,2005,1.0
lbr,2006,1.0
lbr,2007,1.0
lbr,2008,1.0
lbr,2009,1.0
lbr,2010,1.0
lbr,2011,1.0
lbr,2012,1.0
lbr,2013,1.0
lbr,2014,1.0
lbr,2015,1.0
lbr,2016,1.0
lbr,2017,1.0
lbr,2018,1.0
lbr,2019,1.0
lbr,2020,1.0
lbr,2021,1.0
lbr,2022,1.0
lbr,2023,1.0
lca,1970,2.000000001
lca,1971,1.97487273321145
lca,1972,1.92127814947601
lca,1973,1.95921923598161
lca,1974,2.05323240851763
lca,1975,2.16979583233333
lca,1976,2.61467083283333
lca,1977,2.7
lca,1978,2.7
lca,1979,2.7
lca,1980,2.7
lca,1981,2.7
lca,1982,2.7
lca,1983,2.7
lca,1984,2.7
lca,1985,2.7
lca,1986,2.7
lca,1987,2.7
lca,1988,2.7
lca,1989,2.7
lca,1990,2.7
lca,1991,2.7
lca,1992,2.7
lca,1993,2.7
lca,1994,2.7
lca,1995,2.7
lca,1996,2.7
lca,1997,2.7
lca,1998,2.7
lca,1999,2.7
lca,2000,2.7
lca,2001,2.7
lca,2002,2.7
lca,2003,2.7
lca,2004,2.7
lca,2005,2.7
lca,2006,2.7
lca,2007,2.7
lca,2008,2.7
lca,2009,2.7
lca,2010,2.7
lca,2011,2.7
lca,2012,2.7
lca,2013,2.7
lca,2014,2.7
lca,2015,2.7
lca,2016,2.7
lca,2017,2.7
lca,2018,2.7
lca,2019,2.7
lca,2020,2.7
lca,2021,2.7
lca,2022,2.7
lca,2023,2.7
lka,1950,4.76289879247833
lka,1951,4.76189981865906
lka,1952,4.76289879247833
lka,1953,4.76289879247833
lka,1954,4.76189981865906
lka,1955,4.76189981865906
lka,1956,4.76189981865906
lka,1957,4.76389919680905
lka,1958,4.76289879247833
lka,1959,4.76289879247833
lka,1960,4.76189981865906
lka,1961,4.76189981865906
lka,1962,4.76189981865906
lka,1963,4.76189981865906
lka,1964,4.76189981865906
lka,1965,4.76189981865906
lka,1966,4.76189981865906
lka,1967,4.86110578672612
lka,1968,5.95237000495237
lka,1969,5.95237000495237
lka,1970,5.95237000495237
lka,1971,5.93494862096378
lka,1972,5.97031718187335
lka,1973,6.402499999
lka,1974,6.650749999
lka,1975,7.00716666566667
lka,1976,8.41199999908333
lka,1977,8.87283333266667
lka,1978,15.61066666575
lka,1979,15.5718333325833
lka,1980,16.5344166661667
lka,1981,19.2457499991667
lka,1982,20.812249999
lka,1983,23.5285833324167
lka,1984,25.4381666660833
lka,1985,27.162583333
lka,1986,28.01733333325
lka,1987,29.44475
lka,1988,31.80675
lka,1989,36.0470833333333
lka,1990,40.0629166666667
lka,1991,41.3715
lka,1992,43.829625
lka,1993,48.3221675
lka,1994,49.4151416666667
lka,1995,51.2515891666667
lka,1996,55.2714441666667
lka,1997,58.994605
lka,1998,64.4501183333333
lka,1999,70.63545
lka,2000,77.0051166666667
lka,2001,89.3830133333333
lka,2002,95.662065
lka,2003,96.5209508333333
lka,2004,101.1944575
lka,2005,100.498051666667
lka,2006,103.914445833333
lka,2007,110.623233333333
lka,2008,108.333762719298
lka,2009,114.944783333333
lka,2010,113.064480448821
lka,2011,110.565207851396
lka,2012,127.60335350681
lka,2013,129.069030932888
lka,2014,130.564685218829
lka,2015,135.856912797089
lka,2016,145.581667492026
lka,2017,152.446413948767
lka,2018,162.464858736778
lka,2019,178.744925045848
lka,2020,185.592557772213
lka,2021,198.764316844656
lka,2022,322.632674256475
lka,2023,327.506533333333
lso,1960,0.714285999714286
lso,1961,0.714285999714286
lso,1962,0.714285999714286
lso,1963,0.714285999714286
lso,1964,0.714285999714286
lso,1965,0.714285999714286
lso,1966,0.714285999714286
lso,1967,0.714285999714286
lso,1968,0.714285999714286
lso,1969,0.714285999714286
lso,1970,0.714285999714286
lso,1971,0.715216916321429
lso,1972,0.768725237196027
lso,1973,0.693959098021092
lso,1974,0.679477003570251
lso,1975,0.739507755296336
lso,1976,0.869565218147448
lso,1977,0.869565218147448
lso,1978,0.869565218147448
lso,1979,0.842022601934943
lso,1980,0.778833737276041
lso,1981,0.877578942758154
lso,1982,1.08581583308333
lso,1983,1.11409999975
lso,1984,1.47527749975
lso,1985,2.22867499941667
lso,1986,2.28503166641667
lso,1987,2.03603333333333
lso,1988,2.2734675
lso,1989,2.6226775
lso,1990,2.58732083333333
lso,1991,2.761315
lso,1992,2.85201416666667
lso,1993,3.26774158333333
lso,1994,3.55079833333333
lso,1995,3.627085
lso,1996,4.29934916666667
lso,1997,4.60796166666667
lso,1998,5.52828416666667
lso,1999,6.10948416666667
lso,2000,6.93982833333333
lso,2001,8.60918083333333
lso,2002,10.5407466666667
lso,2003,7.56474916666667
lso,2004,6.4596925
lso,2005,6.35932833333333
lso,2006,6.77154916666667
lso,2007,7.045365
lso,2008,8.26122333333333
lso,2009,8.47367415824888
lso,2010,7.32122196115288
lso,2011,7.26113213232735
lso,2012,8.20996862659331
lso,2013,9.65505606913526
lso,2014,10.8526555687831
lso,2015,12.7589308811644
lso,2016,14.7096108855267
lso,2017,13.3238014244992
lso,2018,13.2339264715833
lso,2019,14.4484270548333
lso,2020,16.4591053903333
lso,2021,14.7786782139167
lso,2022,16.3558534845
lso,2023,18.4502441785
ltu,1990,0.00395182783686097
ltu,1991,0.0125324323863857
ltu,1992,0.12780078893511
ltu,1993,0.50711210502646
ltu,1994,0.802573390684163
ltu,1995,1.15848007414272
ltu,1996,1.15848007414272
ltu,1997,1.15848007414272
ltu,1998,1.15848007414272
ltu,1999,1.15848007414272
ltu,2000,1.15848007414272
ltu,2001,1.15848007414272
ltu,2002,1.06492074065493
ltu,2003,0.88648826073525
ltu,2004,0.805315010040162
ltu,2005,0.803413171918443
ltu,2006,0.797099455514365
ltu,2007,0.730921281278962
ltu,2008,0.682656105189991
ltu,2009,0.719425780043249
ltu,2010,0.754846308310163
ltu,2011,0.718576227988879
ltu,2012,0.778003842292247
ltu,2013,0.75330408171146
ltu,2014,0.753096520698178
ltu,2015,0.901296423367096
ltu,2016,0.903421436257263
ltu,2017,0.885205508269372
ltu,2018,0.846772667108111
ltu,2019,0.893276257067409
ltu,2020,0.875506396987998
ltu,2021,0.84549413889045
ltu,2022,0.949623753156941
ltu,2023,0.924839558470698
lux,1950,1.23921978896705
lux,1951,1.23921978896705
lux,1952,1.23946762508088
lux,1953,1.23946762508088
lux,1954,1.23971522277612
lux,1955,1.23921978896705
lux,1956,1.23946762508088
lux,1957,1.23946762508088
lux,1958,1.23946762508088
lux,1959,1.23946762508088
lux,1960,1.23946762508088
lux,1961,1.23946762508088
lux,1962,1.23946762508088
lux,1963,1.23946762508088
lux,1964,1.23946762508088
lux,1965,1.23946762508088
lux,1966,1.23946762508088
lux,1967,1.23946762508088
lux,1968,1.23946762508088
lux,1969,1.23946762508088
lux,1970,1.23946762508088
lux,1971,1.21609070477839
lux,1972,1.09109302036776
lux,1973,0.966202196807627
lux,1974,0.965582462995694
lux,1975,0.911725528959336
lux,1976,0.956997083921048
lux,1977,0.888518563481813
lux,1978,0.780668353970469
lux,1979,0.72679076214038
lux,1980,0.724881982001691
lux,1981,0.920410065448023
lux,1982,1.13263997511975
lux,1983,1.26752090773238
lux,1984,1.43242587776412
lux,1985,1.47194217139854
lux,1986,1.10738788808764
lux,1987,0.925487751167784
lux,1988,0.911463175003738
lux,1989,0.976799645016473
lux,1990,0.828408515307839
lux,1991,0.846513005733777
lux,1992,0.796965287469726
lux,1993,0.85762534942658
lux,1994,0.829364909184207
lux,1995,0.730790524187385
lux,1996,0.767515867251364
lux,1997,0.886811589352807
lux,1998,0.899819802065283
lux,1999,0.938283072395283
lux,2000,1.08270508132602
lux,2001,1.11653308564463
lux,2002,1.05755899623965
lux,2003,0.88404792718493
lux,2004,0.803921647747618
lux,2005,0.803800192161442
lux,2006,0.796432730949102
lux,2007,0.729672399984083
lux,2008,0.679922680042729
lux,2009,0.716957702016136
lux,2010,0.754308990105961
lux,2011,0.718413898653317
lux,2012,0.778338120416812
lux,2013,0.752945122701996
lux,2014,0.752728196932603
lux,2015,0.901296423367096
lux,2016,0.903421436257263
lux,2017,0.885205508269372
lux,2018,0.846772667108111
lux,2019,0.893276257067409
lux,2020,0.875506396987998
lux,2021,0.84549413889045
lux,2022,0.949623753156941
lux,2023,0.924839558470698
lva,1990,0.0104549499715396
lva,1991,0.0259113245417973
lva,1992,0.272596008799839
lva,1993,0.456765164195665
lva,1994,0.61869205434277
lva,1995,0.750683452759707
lva,1996,0.783646649706035
lva,1997,0.826569949326792
lva,1998,0.839257222971601
lva,1999,0.832617154521982
lva,2000,0.862971753148815
lva,2001,0.893444924426536
lva,2002,0.879607496068131
lva,2003,0.8131356679814
lva,2004,0.768682781164212
lva,2005,0.80351942599454
lva,2006,0.79738921994373
lva,2007,0.731059679038063
lva,2008,0.684140481082446
lva,2009,0.719332843865431
lva,2010,0.754797923745454
lva,2011,0.713190780549532
lva,2012,0.778133021439832
lva,2013,0.753256479283936
lva,2014,0.752728196932603
lva,2015,0.901296423367096
lva,2016,0.903421436257263
lva,2017,0.885205508269372
lva,2018,0.846772667108111
lva,2019,0.893276257067409
lva,2020,0.875506396987998
lva,2021,0.84549413889045
lva,2022,0.949623753156941
lva,2023,0.924839558470698
mac,1970,6.05140350825
mac,1971,5.94736842066667
mac,1972,5.714561403
mac,1973,4.92875475283333
mac,1974,5.03976404083333
mac,1975,5.12643735416667
mac,1976,6.061448986
mac,1977,5.57378531
mac,1978,5.02916666575
mac,1979,5.17666666566667
mac,1980,5.09499999908333
mac,1981,5.75166666583333
mac,1982,6.2258333325
mac,1983,7.464166666
mac,1984,8.03535
mac,1985,7.99884166666667
mac,1986,8.01315833333333
mac,1987,8.00980833333333
mac,1988,8.04059166666667
mac,1989,8.03388333333333
mac,1990,8.02099166666667
mac,1991,8.00425
mac,1992,7.97234166666667
mac,1993,7.96755
mac,1994,7.96028333333333
mac,1995,7.96775833333333
mac,1996,7.9664
mac,1997,7.97529166666667
mac,1998,7.97876666666667
mac,1999,7.99185
mac,2000,8.0259
mac,2001,8.0335
mac,2002,8.03343333333333
mac,2003,8.02124116666667
mac,2004,8.02217108333333
mac,2005,8.01106458333333
mac,2006,8.00142616666667
mac,2007,8.03585391666667
mac,2008,8.02010991666667
mac,2009,7.98428333333333
mac,2010,8.00221666666667
mac,2011,8.01820833333333
mac,2012,7.9898635
mac,2013,7.98925533333333
mac,2014,7.987129
mac,2015,7.98496041666667
mac,2016,7.99506425
mac,2017,8.026001
mac,2018,8.07250741666667
mac,2019,8.07047033333333
mac,2020,7.98906191666667
mac,2021,8.00553175
mac,2022,8.06520608333333
mac,2023,8.06339008333333
mar,1950,3.49933949249544
mar,1951,3.50033870473532
mar,1952,3.50033870473532
mar,1953,3.49933949249544
mar,1954,3.50133887064949
mar,1955,3.50033870473532
mar,1956,3.50033870473532
mar,1957,3.61634984454729
mar,1958,4.1974066631956
mar,1959,4.87147175930431
mar,1960,5.06049000406049
mar,1961,5.06049000406049
mar,1962,5.06049000406049
mar,1963,5.06049000406049
mar,1964,5.06049000406049
mar,1965,5.06049000406049
mar,1966,5.06049000406049
mar,1967,5.06049000406049
mar,1968,5.06049000406049
mar,1969,5.06049000406049
mar,1970,5.06049000406049
mar,1971,5.04995885361157
mar,1972,4.59248032014095
mar,1973,4.10692083233333
mar,1974,4.36976666566667
mar,1975,4.052487499
mar,1976,4.419312499
mar,1977,4.50334583233333
mar,1978,4.16667083233333
mar,1979,3.89913416566667
mar,1980,3.93664583233333
mar,1981,5.17229583233333
mar,1982,6.023022499
mar,1983,7.11132333233333
mar,1984,8.81053583275
mar,1985,10.0624941664167
mar,1986,9.10444166641667
mar,1987,8.359225
mar,1988,8.20915
mar,1989,8.48817
mar,1990,8.24234166666667
mar,1991,8.70655
mar,1992,8.537875
mar,1993,9.29870916666667
mar,1994,9.202715
mar,1995,8.54023583333333
mar,1996,8.71587583333333
mar,1997,9.52710666666667
mar,1998,9.60441583333333
mar,1999,9.80441916666667
mar,2000,10.6256361666667
mar,2001,11.302975
mar,2002,11.0205833333333
mar,2003,9.57438333333333
mar,2004,8.86801666666667
mar,2005,8.86500833333333
mar,2006,8.79558333333333
mar,2007,8.19233333333333
mar,2008,7.750325
mar,2009,8.0571
mar,2010,8.41715833333333
mar,2011,8.089875
mar,2012,8.62844458333333
mar,2013,8.4055039167443
mar,2014,8.40633668826152
mar,2015,9.76434827950111
mar,2016,9.8074760315025
mar,2017,9.6919978888289
mar,2018,9.38610242091972
mar,2019,9.61707609950744
mar,2020,9.49684732221969
mar,2021,8.98848402414138
mar,2022,10.1606602430359
mar,2023,10.1314260970897
mda,1990,0.00334959468369379
mda,1991,0.00764468877952569
mda,1992,0.0780851450327794
mda,1993,0.732246367002757
mda,1994,2.69946760977174
mda,1995,3.66735070710988
mda,1996,4.60448333333333
mda,1997,4.62358333333333
mda,1998,5.3707
mda,1999,10.5158083333333
mda,2000,12.4342166666667
mda,2001,12.8651416666667
mda,2002,13.5704975
mda,2003,13.9448833333333
mda,2004,12.3297166666667
mda,2005,12.599625
mda,2006,13.1310583333333
mda,2007,12.1399449731183
mda,2008,10.3920436827957
mda,2009,11.1095754339478
mda,2010,12.3692609613415
mda,2011,11.7386124865591
mda,2012,12.1114368159066
mda,2013,12.5867562314388
mda,2014,14.0356300499232
mda,2015,18.8184751452893
mda,2016,19.923827563342
mda,2017,18.4990348873528
mda,2018,16.8020517223502
mda,2019,17.5734688664875
mda,2020,17.3218352091831
mda,2021,17.6804661418331
mda,2022,18.8971896198157
mda,2023,18.1639377592166
mdg,1960,49.3705973244897
mdg,1961,49.3705973244897
mdg,1962,49.3705973244897
mdg,1963,49.3705973244897
mdg,1964,49.3705973244897
mdg,1965,49.3705973244897
mdg,1966,49.3705973244897
mdg,1967,49.3705973244897
mdg,1968,49.3705973244897
mdg,1969,51.9419779129082
mdg,1970,55.5419000555419
mdg,1971,55.4263250500801
mdg,1972,50.4053333316667
mdg,1973,44.5776666666667
mdg,1974,48.14075
mdg,1975,42.8624166633333
mdg,1976,47.7899166633333
mdg,1977,49.1357499925
mdg,1978,45.1309999933333
mdg,1979,42.5441666608333
mdg,1980,42.2557499908333
mdg,1981,54.3460833258333
mdg,1982,69.9471666641667
mdg,1983,86.0898333333333
mdg,1984,115.3285
mdg,1985,132.4955
mdg,1986,135.268166666667
mdg,1987,213.842666666667
mdg,1988,281.421333333333
mdg,1989,320.6875
mdg,1990,298.829333333333
mdg,1991,367.072
mdg,1992,372.793333333333
mdg,1993,382.7565
mdg,1994,613.467166666667
mdg,1995,853.126333333333
mdg,1996,812.250333333333
mdg,1997,1018.17716666667
mdg,1998,1088.27966666667
mdg,1999,1256.755
mdg,2000,1353.49616666667
mdg,2001,1317.69883333333
mdg,2002,1366.39116666667
mdg,2003,1238.32766666667
mdg,2004,1868.85783333333
mdg,2005,2003.02583333333
mdg,2006,2142.30166666667
mdg,2007,1873.87666666667
mdg,2008,1708.37083333333
mdg,2009,1956.20583333333
mdg,2010,2089.95
mdg,2011,2025.1175
mdg,2012,2194.96666666667
mdg,2013,2206.91416666667
mdg,2014,2414.81166666667
mdg,2015,2933.50833333333
mdg,2016,3176.53916666667
mdg,2017,3116.11
mdg,2018,3334.75225490196
mdg,2019,3618.32185816072
mdg,2020,3787.75405817574
mdg,2021,3829.97784932976
mdg,2022,4096.11618374535
mdg,2023,4429.57921419022
mdv,1970,4.749999999
mdv,1971,4.73441666566667
mdv,1972,4.374999999
mdv,1973,3.98566666566667
mdv,1974,3.929999999
mdv,1975,5.76483333233333
mdv,1976,8.36466666633333
mdv,1977,8.7667499995
mdv,1978,8.96874999941667
mdv,1979,7.48858333233333
mdv,1980,7.549999999
mdv,1981,7.549999999
mdv,1982,7.17366666566667
mdv,1983,7.049999999
mdv,1984,7.04999999958333
mdv,1985,7.09808333333333
mdv,1986,7.15073333333333
mdv,1987,9.223
mdv,1988,8.78458333333333
mdv,1989,9.04083333333334
mdv,1990,9.55174166666667
mdv,1991,10.2526666666667
mdv,1992,10.5691666666667
mdv,1993,10.9569916666667
mdv,1994,11.58575
mdv,1995,11.77
mdv,1996,11.77
mdv,1997,11.77
mdv,1998,11.77
mdv,1999,11.77
mdv,2000,11.77
mdv,2001,12.2420833333333
mdv,2002,12.8
mdv,2003,12.8
mdv,2004,12.8
mdv,2005,12.8
mdv,2006,12.8
mdv,2007,12.8
mdv,2008,12.8
mdv,2009,12.8
mdv,2010,12.8
mdv,2011,14.6020084036964
mdv,2012,15.3648353163596
mdv,2013,15.3667100302841
mdv,2014,15.3803935180893
mdv,2015,15.3663312211982
mdv,2016,15.3684076818158
mdv,2017,15.3869685099846
mdv,2018,15.3908372695852
mdv,2019,15.3820419226831
mdv,2020,15.3812695278705
mdv,2021,15.3726984126984
mdv,2022,15.386625
mdv,2023,15.3867943548387
mex,1950,0.00865000008688109
mex,1951,0.00865100032731233
mex,1952,0.008651999636421
mex,1953,0.00865100032731233
mex,1954,0.0113500001193834
mex,1955,0.0125000000125
mex,1956,0.0125000000125
mex,1957,0.0125000000125
mex,1958,0.0125000000125
mex,1959,0.0125000000125
mex,1960,0.0125000000125
mex,1961,0.0125000000125
mex,1962,0.0125000000125
mex,1963,0.0125000000125
mex,1964,0.0125000000125
mex,1965,0.0125000000125
mex,1966,0.0125000000125
mex,1967,0.0125000000125
mex,1968,0.0125000000125
mex,1969,0.0125000000125
mex,1970,0.0125000000125
mex,1971,0.0125000000114583
mex,1972,0.0125000230379199
mex,1973,0.0124999519112712
mex,1974,0.0124999689192606
mex,1975,0.0125
mex,1976,0.0154258499996667
mex,1977,0.02257286666575
mex,1978,0.0227672833323333
mex,1979,0.0228053833323333
mex,1980,0.0229510083323333
mex,1981,0.0245145999990833
mex,1982,0.05640169999925
mex,1983,0.1200935833325
mex,1984,0.167827583332667
mex,1985,0.256871583333167
mex,1986,0.611772583333
mex,1987,1.3781825
mex,1988,2.273105
mex,1989,2.4614725
mex,1990,2.81259916666667
mex,1991,3.01843
mex,1992,3.09489833333333
mex,1993,3.11561666666667
mex,1994,3.37511666666667
mex,1995,6.419425
mex,1996,7.59944841666667
mex,1997,7.91846
mex,1998,9.13604175
mex,1999,9.5603975
mex,2000,9.45555833333333
mex,2001,9.34234166666667
mex,2002,9.65595833333333
mex,2003,10.7890191666667
mex,2004,11.2859666666667
mex,2005,10.8978916666667
mex,2006,10.8992416666667
mex,2007,10.9281916666667
mex,2008,11.1297166666667
mex,2009,13.513475
mex,2010,12.6360083333333
mex,2011,12.423325
mex,2012,13.1694583333333
mex,2013,12.7719916666667
mex,2014,13.29245
mex,2015,15.8482666666667
mex,2016,18.6640583333333
mex,2017,18.9265166666667
mex,2018,19.2443416666667
mex,2019,19.2636333333333
mex,2020,21.4856083333333
mex,2021,20.2724083333333
mex,2022,20.12735
mex,2023,17.7587166666667
mkd,1990,0.174524126398179
mkd,1991,0.365648928490514
mkd,1992,5.09
mkd,1993,23.26
mkd,1994,43.2631833333333
mkd,1995,37.8817583333333
mkd,1996,39.981075
mkd,1997,50.00355
mkd,1998,54.4617333333333
mkd,1999,56.9018283333333
mkd,2000,65.9038666666667
mkd,2001,68.0371333333333
mkd,2002,64.3497916666667
mkd,2003,54.3222583333333
mkd,2004,49.4099333333333
mkd,2005,49.2836833333333
mkd,2006,48.8017666666667
mkd,2007,44.7298166666667
mkd,2008,41.8676833333333
mkd,2009,44.100575
mkd,2010,46.4853916666667
mkd,2011,44.230825
mkd,2012,47.89025
mkd,2013,46.3953416666667
mkd,2014,46.4371308333333
mkd,2015,55.537075
mkd,2016,55.731725
mkd,2017,54.6654583333333
mkd,2018,52.1071083333333
mkd,2019,54.9472
mkd,2020,54.144325
mkd,2021,52.1021583333333
mkd,2022,58.5743916666667
mkd,2023,56.9471916666667
mli,1960,245.195098717111
mli,1961,245.260101158475
mli,1962,245.013900597112
mli,1963,245.016403038517
mli,1964,245.027206261166
mli,1965,245.060897667394
mli,1966,245.678405601562
mli,1967,246.000900108188
mli,1968,247.564697104238
mli,1969,259.960601637173
mli,1970,276.403137026845
mli,1971,275.356456685332
mli,1972,252.027627462649
mli,1973,222.889183053227
mli,1974,240.704667637823
mli,1975,214.312900341219
mli,1976,238.950494267059
mli,1977,245.679686566576
mli,1978,225.655860233957
mli,1979,212.721644262377
mli,1980,211.279555414705
mli,1981,271.731452550327
mli,1982,328.60625269899
mli,1983,381.066036024628
mli,1984,436.956665788008
mli,1985,449.262962711607
mli,1986,346.305903554493
mli,1987,300.536562401478
mli,1988,297.848218819378
mli,1989,319.008299487903
mli,1990,272.264787954393
mli,1991,282.10690880882
mli,1992,264.691800750579
mli,1993,283.162579500018
mli,1994,555.204695655697
mli,1995,499.14842590131
mli,1996,511.552430272516
mli,1997,583.669372353396
mli,1998,589.951774567332
mli,1999,615.473349319164
mli,2000,710.207977031367
mli,2001,732.397693260228
mli,2002,693.713226496374
mli,2003,579.897426172466
mli,2004,527.338032291576
mli,2005,527.258362649626
mli,2006,522.425624895176
mli,2007,478.633718476363
mli,2008,446.000041432788
mli,2009,470.293423341398
mli,2010,494.794262222947
mli,2011,471.248625718937
mli,2012,510.556338454251
mli,2013,493.899623852237
mli,2014,493.757329875312
mli,2015,591.21169798261
mli,2016,592.605615063022
mli,2017,580.656749587858
mli,2018,555.446458398226
mli,2019,585.911013180369
mli,2020,575.586004510945
mli,2021,554.530675033104
mli,2022,623.759700911182
mli,2023,606.569750165917
mlt,1954,0.831919398096904
mlt,1955,0.831919398096904
mlt,1956,0.831919398096904
mlt,1957,0.831919398096904
mlt,1958,0.831919398096904
mlt,1959,0.831919398096904
mlt,1960,0.831919398096904
mlt,1961,0.831919398096904
mlt,1962,0.831919398096904
mlt,1963,0.831919398096904
mlt,1964,0.831919398096904
mlt,1965,0.831919398096904
mlt,1966,0.831919398096904
mlt,1967,0.843473924814215
mlt,1968,0.970573024497244
mlt,1969,0.970573024497244
mlt,1970,0.970573024497244
mlt,1971,0.948305441278693
mlt,1972,0.88883453451355
mlt,1973,0.859065142480007
mlt,1974,0.89793073763491
mlt,1975,0.896304058544917
mlt,1976,0.99030009861014
mlt,1977,0.983715736470224
mlt,1978,0.897701682584051
mlt,1979,0.83501047985092
mlt,1980,0.804627686155758
mlt,1981,0.900770632036648
mlt,1982,0.960033773584906
mlt,1983,1.00733558273158
mlt,1984,1.07392072191164
mlt,1985,1.09283717641121
mlt,1986,0.915426274943706
mlt,1987,0.804779097756038
mlt,1988,0.770688718068174
mlt,1989,0.811769159096203
mlt,1990,0.740251572327044
mlt,1991,0.752952480782669
mlt,1992,0.742891528845406
mlt,1993,0.890494603618293
mlt,1994,0.880319318270051
mlt,1995,0.822405660377358
mlt,1996,0.839636311048994
mlt,1997,0.899059224318658
mlt,1998,0.90486725095116
mlt,1999,0.929183310039599
mlt,2000,1.02061493516577
mlt,2001,1.04831485363771
mlt,2002,1.01006368099231
mlt,2003,0.878717291715194
mlt,2004,0.802849242919837
mlt,2005,0.80544465932914
mlt,2006,0.794069148808137
mlt,2007,0.726007453994875
mlt,2008,0.679922680042729
mlt,2009,0.716957702016136
mlt,2010,0.754308990105961
mlt,2011,0.718413898653317
mlt,2012,0.778338120416812
mlt,2013,0.752945122701996
mlt,2014,0.752728196932603
mlt,2015,0.901296423367096
mlt,2016,0.903421436257263
mlt,2017,0.885205508269372
mlt,2018,0.846772667108111
mlt,2019,0.893276257067409
mlt,2020,0.875506396987998
mlt,2021,0.84549413889045
mlt,2022,0.949623753156941
mlt,2023,0.924839558470698
mmr,1962,4.7619000037619
mmr,1963,4.7619000037619
mmr,1964,4.7619000037619
mmr,1965,4.7619000037619
mmr,1966,4.7619000037619
mmr,1967,4.7619000037619
mmr,1968,4.7619000037619
mmr,1969,4.7619000037619
mmr,1970,4.7619000037619
mmr,1971,4.7648426288663
mmr,1972,5.45949394997596
mmr,1973,4.93105531492483
mmr,1974,4.86252447287798
mmr,1975,6.37939932447487
mmr,1976,6.7067493564076
mmr,1977,7.06759975909211
mmr,1978,6.79826043109986
mmr,1979,6.58576139284986
mmr,1980,6.53814232241653
mmr,1981,7.2203372662332
mmr,1982,7.7090637830332
mmr,1983,7.96039689644153
mmr,1984,8.30326697052076
mmr,1985,8.47484999941667
mmr,1986,11.827395648383
mmr,1987,13.992694340389
mmr,1988,16.9213384824701
mmr,1989,25.6756465854623
mmr,1990,29.337528946383
mmr,1991,35.1172710868569
mmr,1992,41.8012375226429
mmr,1993,55.63519122091
mmr,1994,66.499558624354
mmr,1995,77.9007157737146
mmr,1996,94.1238969008689
mmr,1997,122.696666666667
mmr,1998,271.653609831029
mmr,1999,333.096953405018
mmr,2000,350.875
mmr,2001,464.829749103943
mmr,2002,542.5
mmr,2003,777.5
mmr,2004,885.416666666667
mmr,2005,1029.83333333333
mmr,2006,1216.66666666667
mmr,2007,1279.91666666667
mmr,2008,1130.25
mmr,2009,1029.125
mmr,2010,959.75
mmr,2011,799.95
mmr,2012,840.126388888889
mmr,2013,933.570456356879
mmr,2014,984.345747560046
mmr,2015,1162.61532862554
mmr,2016,1234.86951666667
mmr,2017,1360.35870704085
mmr,2018,1429.80797520107
mmr,2019,1518.25511666667
mmr,2020,1381.61916666667
mmr,2021,1162.81666666667
mmr,2022,1923.48100358423
mmr,2023,2192.39247311828
mne,1990,0.826111335511435
mne,1991,0.84851018067351
mne,1992,0.798458966270075
mne,1993,0.845329519095898
mne,1994,0.829721482269252
mne,1995,0.73274901192844
mne,1996,0.769378814450474
mne,1997,0.886608669124275
mne,1998,0.899703757484035
mne,1999,0.938283072395283
mne,2000,1.08270508132602
mne,2001,1.11653308564463
mne,2002,1.05755899623965
mne,2003,0.88404792718493
mne,2004,0.803921647747618
mne,2005,0.803800192161442
mne,2006,0.796432730949102
mne,2007,0.729672399984083
mne,2008,0.679922680042729
mne,2009,0.716957702016136
mne,2010,0.754308990105961
mne,2011,0.718413898653317
mne,2012,0.778338120416812
mne,2013,0.752945122701996
mne,2014,0.752728196932603
mne,2015,0.901296423367096
mne,2016,0.903421436257263
mne,2017,0.885205508269372
mne,2018,0.846772667108111
mne,2019,0.893276257067409
mne,2020,0.875506396987998
mne,2021,0.84549413889045
mne,2022,0.949623753156941
mne,2023,0.924839558470698
mng,1970,35.2912301496281
mng,1971,33.5907141394668
mng,1972,32.2002201511798
mng,1973,30.5236418994209
mng,1974,28.0082695663741
mng,1975,25.6329737217722
mng,1976,24.2938905010948
mng,1977,22.8725606807536
mng,1978,21.3700593584629
mng,1979,19.7339464185435
mng,1980,18.0908107631005
mng,1981,17.8051999477957
mng,1982,17.3699747398489
mng,1983,15.4326234828337
mng,1984,14.6732275068877
mng,1985,14.1763797236228
mng,1986,12.6913507163211
mng,1987,11.8961277730009
mng,1988,11.5985849790086
mng,1989,11.1602425567006
mng,1990,10.7618019085152
mng,1991,20.6007239897505
mng,1992,55.5189665227754
mng,1993,196.829336370199
mng,1994,321.552290946839
mng,1995,448.612633333333
mng,1996,548.403333333333
mng,1997,789.9925
mng,1998,840.828333333333
mng,1999,1021.8675
mng,2000,1076.66666666667
mng,2001,1097.6975
mng,2002,1110.31
mng,2003,1146.5425
mng,2004,1185.2975
mng,2005,1205.24666666667
mng,2006,1179.69916666667
mng,2007,1170.40083333333
mng,2008,1165.80416666667
mng,2009,1437.795
mng,2010,1357.06416666667
mng,2011,1265.51583333333
mng,2012,1357.58
mng,2013,1523.9275
mng,2014,1817.93870833333
mng,2015,1970.30916666667
mng,2016,2140.29086406116
mng,2017,2439.77720111244
mng,2018,2472.48405114235
mng,2019,2663.54139820163
mng,2020,2813.2898353264
mng,2021,2849.2886145414
mng,2022,3140.67788364809
mng,2023,3465.73653626198
moz,1960,0.02875000002875
moz,1961,0.02875000002875
moz,1962,0.02875000002875
moz,1963,0.02875000002875
moz,1964,0.02875000002875
moz,1965,0.02875000002875
moz,1966,0.02875000002875
moz,1967,0.02875000002875
moz,1968,0.02875000002875
moz,1969,0.02875000002875
moz,1970,0.02875000002875
moz,1971,0.0283120833498542
moz,1972,0.0270534166665
moz,1973,0.0245151666664167
moz,1974,0.0254081666656667
moz,1975,0.025552749999
moz,1976,0.0302290833325833
moz,1977,0.0304072499998333
moz,1978,0.03
moz,1979,0.03
moz,1980,0.03240025
moz,1981,0.0353495
moz,1982,0.03776975
moz,1983,0.0401833333333333
moz,1984,0.04244275
moz,1985,0.0431806666666667
moz,1986,0.0404289166666667
moz,1987,0.29073125
moz,1988,0.524644666666667
moz,1989,0.744918083333333
moz,1990,0.929088833333333
moz,1991,1.4344675
moz,1992,2.51655416666667
moz,1993,3.87423666666667
moz,1994,6.03858833333333
moz,1995,9.02433333333333
moz,1996,11.29375
moz,1997,11.5435833333333
moz,1998,11.8745833333333
moz,1999,12.7751116666667
moz,2000,15.22725
moz,2001,20.7036408333333
moz,2002,23.6779566666667
moz,2003,23.7822675
moz,2004,22.5813425
moz,2005,23.060965
moz,2006,25.4007791666667
moz,2007,25.8403414502165
moz,2008,24.3006424728653
moz,2009,27.518299963925
moz,2010,33.9600988006908
moz,2011,29.0675999319775
moz,2012,28.3729844798921
moz,2013,30.1041110929498
moz,2014,31.3526877009443
moz,2015,39.9824741465406
moz,2016,63.0562327310371
moz,2017,63.584322913399
moz,2018,60.3262076432022
moz,2019,62.5483333333333
moz,2020,69.465
moz,2021,65.465
moz,2022,63.8508333333333
moz,2023,63.8858333333333
mrt,1960,4.93699106781002
mrt,1961,4.93699106781002
mrt,1962,4.93699106781002
mrt,1963,4.93699106781002
mrt,1964,4.93699106781002
mrt,1965,4.93699106781002
mrt,1966,4.93699106781002
mrt,1967,4.93699106781002
mrt,1968,4.93699106781002
mrt,1969,5.19415697393699
mrt,1970,5.55419000545419
mrt,1971,5.54263250491634
mrt,1972,5.04053333316667
mrt,1973,4.45776666666667
mrt,1974,4.53333333323333
mrt,1975,4.3104249999
mrt,1976,4.5022249999
mrt,1977,4.558708333325
mrt,1978,4.61625
mrt,1979,4.58925
mrt,1980,4.59140833325
mrt,1981,4.82958333333333
mrt,1982,5.17691666666667
mrt,1983,5.48116666656667
mrt,1984,6.38033333328333
mrt,1985,7.70849999995833
mrt,1986,7.43749999998333
mrt,1987,7.38783333333333
mrt,1988,7.52608333333333
mrt,1989,8.3051
mrt,1990,8.0609
mrt,1991,8.19458333333333
mrt,1992,8.702675
mrt,1993,12.0805833333333
mrt,1994,12.3575
mrt,1995,12.9768333333333
mrt,1996,13.7221666666667
mrt,1997,15.1853333333333
mrt,1998,18.8475833333333
mrt,1999,20.9514166666667
mrt,2000,23.8923333333333
mrt,2001,25.5629166666667
mrt,2002,27.1739166666667
mrt,2003,26.303
mrt,2004,25.719
mrt,2005,26.5528333333333
mrt,2006,26.86
mrt,2007,25.8586666666667
mrt,2008,23.8203333333333
mrt,2009,26.2365833333333
mrt,2010,27.5894166666667
mrt,2011,28.1118333333333
mrt,2012,29.662
mrt,2013,30.0681666666667
mrt,2014,30.2725
mrt,2015,32.4671666666667
mrt,2016,35.2370833333333
mrt,2017,35.7944166666667
mrt,2018,35.6775
mrt,2019,36.6908333333333
mrt,2020,37.1891666666667
mrt,2021,36.0633333333333
mrt,2022,36.935
mrt,2023,36.4891666666666
msr,1970,2.00337610955604
msr,1971,1.96436639521809
msr,1972,1.92187214711948
msr,1973,1.95921923213959
msr,1974,2.05323240904611
msr,1975,2.16979583333333
msr,1976,2.61467083333333
msr,1977,2.7
msr,1978,2.7
msr,1979,2.7
msr,1980,2.7
msr,1981,2.7
msr,1982,2.7
msr,1983,2.7
msr,1984,2.7
msr,1985,2.7
msr,1986,2.7
msr,1987,2.7
msr,1988,2.7
msr,1989,2.7
msr,1990,2.7
msr,1991,2.7
msr,1992,2.7
msr,1993,2.7
msr,1994,2.7
msr,1995,2.7
msr,1996,2.7
msr,1997,2.7
msr,1998,2.7
msr,1999,2.7
msr,2000,2.7
msr,2001,2.7
msr,2002,2.7
msr,2003,2.7
msr,2004,2.7
msr,2005,2.7
msr,2006,2.7
msr,2007,2.7
msr,2008,2.7
msr,2009,2.7
msr,2010,2.7
msr,2011,2.7
msr,2012,2.7
msr,2013,2.7
msr,2014,2.7
msr,2015,2.7
msr,2016,2.7
msr,2017,2.7
msr,2018,2.7
msr,2019,2.7
msr,2020,2.7
msr,2021,2.7
msr,2022,2.7
msr,2023,2.7
mus,1950,4.76089994016171
mus,1951,4.75990048949501
mus,1952,4.76189986766557
mus,1953,4.76089994016171
mus,1954,4.75890056199115
mus,1955,4.75990048949501
mus,1956,4.76189986766557
mus,1957,4.76089994016171
mus,1958,4.76089994016171
mus,1959,4.76189986766557
mus,1960,4.76189986766557
mus,1961,4.76189986766557
mus,1962,4.76189986766557
mus,1963,4.76189986766557
mus,1964,4.76189986766557
mus,1965,4.76189986766557
mus,1966,4.76189986766557
mus,1967,4.82803813406522
mus,1968,5.55555000455555
mus,1969,5.55555000455555
mus,1970,5.55555000455555
mus,1971,5.4857589225245
mus,1972,5.33852618760598
mus,1973,5.44226571275832
mus,1974,5.70307507263003
mus,1975,6.02679733471396
mus,1976,6.681524999
mus,1977,6.60730833233333
mus,1978,6.163274999
mus,1979,6.30810833233333
mus,1980,7.68429166566667
mus,1981,8.93654166608333
mus,1982,10.8725499995833
mus,1983,11.7061999994167
mus,1984,13.8003333328333
mus,1985,15.4424833331667
mus,1986,13.4663583333333
mus,1987,12.8782166666667
mus,1988,13.437725
mus,1989,15.2497666666667
mus,1990,14.8634666666667
mus,1991,15.6523083333333
mus,1992,15.5632083333333
mus,1993,17.648025
mus,1994,17.9603666666667
mus,1995,17.3863166666667
mus,1996,17.9480666666667
mus,1997,21.0572583333333
mus,1998,23.99265
mus,1999,25.1858083333333
mus,2000,26.2495583333333
mus,2001,29.1292583333333
mus,2002,29.962
mus,2003,27.901475
mus,2004,27.4985166666667
mus,2005,29.4962333333333
mus,2006,31.7080666666667
mus,2007,31.31365625
mus,2008,28.4528375
mus,2009,31.9598
mus,2010,30.7844
mus,2011,28.70595
mus,2012,30.0499716666667
mus,2013,30.7013583333333
mus,2014,30.6216166666667
mus,2015,35.0567
mus,2016,35.5418833333333
mus,2017,34.4814083333333
mus,2018,33.93445
mus,2019,35.4735166666667
mus,2020,39.3469333333333
mus,2021,41.6921333333333
mus,2022,44.182775
mus,2023,45.267225
mwi,1954,0.71428506228576
mwi,1955,0.71428506228576
mwi,1956,0.7141850456937
mwi,1957,0.7141850456937
mwi,1958,0.7141850456937
mwi,1959,0.71428506228576
mwi,1960,0.71428506228576
mwi,1961,0.71428506228576
mwi,1962,0.71428506228576
mwi,1963,0.71428506228576
mwi,1964,0.71428506228576
mwi,1965,0.71428506228576
mwi,1966,0.71428506228576
mwi,1967,0.724205897594935
mwi,1968,0.833332999833333
mwi,1969,0.833332999833333
mwi,1970,0.833332999833333
mwi,1971,0.83089400256529
mwi,1972,0.801557908669424
mwi,1973,0.819262165666667
mwi,1974,0.841203415666667
mwi,1975,0.863833499
mwi,1976,0.913011415666667
mwi,1977,0.902928082333333
mwi,1978,0.843745082333333
mwi,1979,0.816877915666667
mwi,1980,0.812095665666667
mwi,1981,0.895299082333333
mwi,1982,1.05550908241667
mwi,1983,1.17476333241667
mwi,1984,1.4133799995
mwi,1985,1.71909666625
mwi,1986,1.86107333308333
mwi,1987,2.2087425
mwi,1988,2.56130083333333
mwi,1989,2.75952416666667
mwi,1990,2.72888166666667
mwi,1991,2.8033125
mwi,1992,3.60327541666667
mwi,1993,4.40277833333333
mwi,1994,8.736405
mwi,1995,15.2837416666667
mwi,1996,20.601409646506
mwi,1997,25.1942271963793
mwi,1998,31.0726833333333
mwi,1999,44.0881416666667
mwi,2000,59.5438083333333
mwi,2001,72.1973333333333
mwi,2002,76.6866083333333
mwi,2003,97.432475
mwi,2004,108.897508333333
mwi,2005,118.42
mwi,2006,136.0125
mwi,2007,139.9575
mwi,2008,140.521666666667
mwi,2009,141.168333333333
mwi,2010,150.485833333333
mwi,2011,156.515833333333
mwi,2012,249.106666666667
mwi,2013,364.405833333333
mwi,2014,424.896666666667
mwi,2015,499.605833333333
mwi,2016,718.005
mwi,2017,730.2725
mwi,2018,732.333333333333
mwi,2019,745.540667877372
mwi,2020,749.527493882201
mwi,2021,805.899650132837
mwi,2022,949.039016666667
mwi,2023,1161.09436666667
mys,1955,3.06122000206122
mys,1956,3.0622199296053
mys,1957,3.06122000206122
mys,1958,3.06022007451714
mys,1959,3.06122000206122
mys,1960,3.06122000206122
mys,1961,3.06122000206122
mys,1962,3.06122000206122
mys,1963,3.06122000206122
mys,1964,3.06122000206122
mys,1965,3.06122000206122
mys,1966,3.06122000206122
mys,1967,3.06122000206122
mys,1968,3.06122000206122
mys,1969,3.06122000206122
mys,1970,3.06122000206122
mys,1971,3.05226042980931
mys,1972,2.81955586834381
mys,1973,2.44332965486198
mys,1974,2.40706666591667
mys,1975,2.39378333316667
mys,1976,2.54157499916667
mys,1977,2.46128333241667
mys,1978,2.31604166575
mys,1979,2.18844166591667
mys,1980,2.17688333241667
mys,1981,2.30412499916667
mys,1982,2.33539166583333
mys,1983,2.32124999916667
mys,1984,2.34364166616667
mys,1985,2.48304166666667
mys,1986,2.58144166666667
mys,1987,2.51963833333333
mys,1988,2.61878333333333
mys,1989,2.70884166666667
mys,1990,2.704875
mys,1991,2.75006666666667
mys,1992,2.54738333333333
mys,1993,2.574095
mys,1994,2.62425666666667
mys,1995,2.50440416666667
mys,1996,2.5159425
mys,1997,2.81319166666667
mys,1998,3.924375
mys,1999,3.8
mys,2000,3.8
mys,2001,3.8
mys,2002,3.8
mys,2003,3.8
mys,2004,3.8
mys,2005,3.78709166666667
mys,2006,3.66817695833333
mys,2007,3.43756938226247
mys,2008,3.33583333333333
mys,2009,3.52450291070644
mys,2010,3.22108691472175
mys,2011,3.06000301052058
mys,2012,3.08880086662188
mys,2013,3.15090855009725
mys,2014,3.27285974643047
mys,2015,3.90550026302768
mys,2016,4.14830066287879
mys,2017,4.30044087761124
mys,2018,4.03513013706806
mys,2019,4.14246973569731
mys,2020,4.20348194851884
mys,2021,4.14329759817721
mys,2022,4.40107634540072
mys,2023,4.56062343240898
nam,1960,0.713265500625961
nam,1961,0.713265500625961
nam,1962,0.713265500625961
nam,1963,0.715287230634499
nam,1964,0.717258594716646
nam,1965,0.716334424670879
nam,1966,0.716983400063224
nam,1967,0.717049620825613
nam,1968,0.716998241620231
nam,1969,0.718057118167348
nam,1970,0.716413520036937
nam,1971,0.713047571920987
nam,1972,0.772828411038462
nam,1973,0.694114137583751
nam,1974,0.679477003570251
nam,1975,0.739507755296336
nam,1976,0.869565218147448
nam,1977,0.869565218147448
nam,1978,0.869565218147448
nam,1979,0.842022601934943
nam,1980,0.778833737276041
nam,1981,0.877578942758154
nam,1982,1.08581583308333
nam,1983,1.11409999975
nam,1984,1.47527749975
nam,1985,2.22867499941667
nam,1986,2.28503166641667
nam,1987,2.03603333333333
nam,1988,2.2734675
nam,1989,2.6226775
nam,1990,2.58732083333333
nam,1991,2.761315
nam,1992,2.85201416666667
nam,1993,3.26774158333333
nam,1994,3.55079833333333
nam,1995,3.627085
nam,1996,4.29934916666667
nam,1997,4.60796166666667
nam,1998,5.52828416666667
nam,1999,6.10948416666667
nam,2000,6.93982833333333
nam,2001,8.60918083333333
nam,2002,10.5407466666667
nam,2003,7.56474916666667
nam,2004,6.4596925
nam,2005,6.37711666666667
nam,2006,6.76715
nam,2007,7.05439166666667
nam,2008,8.25174166666667
nam,2009,8.52281983333333
nam,2010,7.33025
nam,2011,7.300025
nam,2012,8.19377083333333
nam,2013,9.750075
nam,2014,10.8428875
nam,2015,12.8819208333333
nam,2016,14.7087666666667
nam,2017,13.3129
nam,2018,13.2339416666667
nam,2019,14.4486904166667
nam,2020,16.4632666666667
nam,2021,14.778675
nam,2022,16.3558583333333
nam,2023,18.4463083333333
ner,1960,245.195098717111
ner,1961,245.260101158475
ner,1962,245.013900597112
ner,1963,245.016403038517
ner,1964,245.027206261166
ner,1965,245.060897667394
ner,1966,245.678405601562
ner,1967,246.000900108188
ner,1968,247.564697104238
ner,1969,259.960601637173
ner,1970,276.403137026845
ner,1971,275.356456685332
ner,1972,252.027627462649
ner,1973,222.889183053227
ner,1974,240.704667637823
ner,1975,214.312900341219
ner,1976,238.950494267059
ner,1977,245.679686566576
ner,1978,225.655860233957
ner,1979,212.721644262377
ner,1980,211.279555414705
ner,1981,271.731452550327
ner,1982,328.60625269899
ner,1983,381.066036024628
ner,1984,436.956665788008
ner,1985,449.262962711607
ner,1986,346.305903554493
ner,1987,300.536562401478
ner,1988,297.848218819378
ner,1989,319.008299487903
ner,1990,272.264787954393
ner,1991,282.10690880882
ner,1992,264.691800750579
ner,1993,283.162579500018
ner,1994,555.204695655697
ner,1995,499.14842590131
ner,1996,511.552430272516
ner,1997,583.669372353396
ner,1998,589.951774567332
ner,1999,615.473349319164
ner,2000,710.207977031367
ner,2001,732.397693260228
ner,2002,693.713226496374
ner,2003,579.897426172466
ner,2004,527.338032291576
ner,2005,527.258362649626
ner,2006,522.425624895176
ner,2007,478.633718476363
ner,2008,446.000041432788
ner,2009,470.293423341398
ner,2010,494.794262222947
ner,2011,471.248625718937
ner,2012,510.556338454251
ner,2013,493.899623852237
ner,2014,493.757329875312
ner,2015,591.21169798261
ner,2016,592.605615063022
ner,2017,580.656749587858
ner,2018,555.446458398226
ner,2019,585.911013180369
ner,2020,575.586004510945
ner,2021,554.530675033104
ner,2022,623.759700911182
ner,2023,606.569750165917
nga,1950,0.714386016304071
nga,1951,0.714386016304071
nga,1952,0.714386016304071
nga,1953,0.714386016304071
nga,1954,0.714386016304071
nga,1955,0.714386016304071
nga,1956,0.714285999714286
nga,1957,0.714386016304071
nga,1958,0.714386016304071
nga,1959,0.714386016304071
nga,1960,0.714285999714286
nga,1961,0.714285999714286
nga,1962,0.714285999714286
nga,1963,0.714285999714286
nga,1964,0.714285999714286
nga,1965,0.714285999714286
nga,1966,0.714285999714286
nga,1967,0.714285999714286
nga,1968,0.714285999714286
nga,1969,0.714285999714286
nga,1970,0.714285999714286
nga,1971,0.712855832988096
nga,1972,0.657894999
nga,1973,0.657894999
nga,1974,0.630282046248239
nga,1975,0.615501553350787
nga,1976,0.626601003665369
nga,1977,0.644701062141186
nga,1978,0.635271994265801
nga,1979,0.604007374017144
nga,1980,0.546780891916083
nga,1981,0.617708175028805
nga,1982,0.673461261528524
nga,1983,0.724409851151573
nga,1984,0.766527449112392
nga,1985,0.893774083333333
nga,1986,1.75452300407481
nga,1987,4.0160373443363
nga,1988,4.53696666666667
nga,1989,7.364735
nga,1990,8.038285
nga,1991,9.90949166666667
nga,1992,17.298425
nga,1993,22.0654
nga,1994,35.7328100858885
nga,1995,61.3888075607236
nga,1996,76.2553164307845
nga,1997,78.7522449877304
nga,1998,82.5569098072371
nga,1999,92.3381
nga,2000,101.697333333333
nga,2001,111.23125
nga,2002,120.578158333333
nga,2003,129.22235
nga,2004,132.888025
nga,2005,131.274333333333
nga,2006,128.651666666667
nga,2007,125.808108333333
nga,2008,118.566666666667
nga,2009,148.88
nga,2010,150.2975
nga,2011,153.8625
nga,2012,157.5
nga,2013,157.311666666667
nga,2014,158.552641666667
nga,2015,192.440333333333
nga,2016,253.492
nga,2017,305.790109160005
nga,2018,306.083688245234
nga,2019,306.920951495223
nga,2020,358.810797258297
nga,2021,401.152029220779
nga,2022,425.979158066857
nga,2023,625.16267562724
nic,1950,1.47000292590804e-09
nic,1951,1.47000292590804e-09
nic,1952,1.47000292590804e-09
nic,1953,1.47000292590804e-09
nic,1954,1.47000292590804e-09
nic,1955,2.06000403378962e-09
nic,1956,2.06000403378962e-09
nic,1957,2.06000403378962e-09
nic,1958,2.06000403378962e-09
nic,1959,2.06000403378962e-09
nic,1960,2.06000403378962e-09
nic,1961,2.06000403378962e-09
nic,1962,2.06000403378962e-09
nic,1963,2.06000403378962e-09
nic,1964,2.06000403378962e-09
nic,1965,2.06000403378962e-09
nic,1966,2.06000403378962e-09
nic,1967,2.06000403378962e-09
nic,1968,2.06000403378962e-09
nic,1969,2.06000403378962e-09
nic,1970,2.06064418965517e-09
nic,1971,2.06064418965517e-09
nic,1972,2.06064418965517e-09
nic,1973,2.06061975e-09
nic,1974,2.06064418965517e-09
nic,1975,2.06064418965517e-09
nic,1976,2.06064418965517e-09
nic,1977,2.06064418965517e-09
nic,1978,2.06064418965517e-09
nic,1979,2.78825671551724e-09
nic,1980,3.49730847589983e-09
nic,1981,3.3912426635985e-09
nic,1982,3.72883183712503e-09
nic,1983,3.98296229660149e-09
nic,1984,5.342092192209e-09
nic,1985,1.38358773181516e-08
nic,1986,5.16421994335306e-08
nic,1987,3.1450191534182e-07
nic,1988,4.16626522067285e-05
nic,1989,0.00192559853588329
nic,1990,0.140922416666667
nic,1991,4.27082828333333
nic,1992,5.0
nic,1993,5.62040833333333
nic,1994,6.722875
nic,1995,7.54559166666667
nic,1996,8.4355
nic,1997,9.44808333333333
nic,1998,10.5819166666667
nic,1999,11.80925
nic,2000,12.6843916666667
nic,2001,13.3719416666667
nic,2002,14.25132525
nic,2003,15.1046433333333
nic,2004,15.9372473164627
nic,2005,16.7333295340502
nic,2006,17.5699984318996
nic,2007,18.4485061597542
nic,2008,19.3718964065011
nic,2009,20.3394818701997
nic,2010,21.3564486834358
nic,2011,22.4242706163594
nic,2012,23.5466635310839
nic,2013,24.7227641666667
nic,2014,25.9589003667435
nic,2015,27.2568449404762
nic,2016,28.6209624101587
nic,2017,30.0509413442878
nic,2018,31.5532123338754
nic,2019,33.121745265284
nic,2020,34.3421221197024
nic,2021,35.1710166666667
nic,2022,35.874421141967
nic,2023,36.4411942796586
nld,1950,1.72391109206421
nld,1951,1.7243649218414
nld,1952,1.72481863240929
nld,1953,1.7243649218414
nld,1954,1.7243649218414
nld,1955,1.7243649218414
nld,1956,1.7243649218414
nld,1957,1.72391109206421
nld,1958,1.7243649218414
nld,1959,1.7243649218414
nld,1960,1.7243649218414
nld,1961,1.65629796544863
nld,1962,1.64268438343521
nld,1963,1.64268438343521
nld,1964,1.64268438343521
nld,1965,1.64268438343521
nld,1966,1.64268438343521
nld,1967,1.64268438343521
nld,1968,1.64268438343521
nld,1969,1.64268438343521
nld,1970,1.64268438343521
nld,1971,1.59598156694376
nld,1972,1.45640760308752
nld,1973,1.26856528267482
nld,1974,1.21993516947935
nld,1975,1.1476063845742
nld,1976,1.19976842037594
nld,1977,1.11369009492326
nld,1978,0.981791312188686
nld,1979,0.910279331559053
nld,1980,0.902168010272073
nld,1981,1.13227239477215
nld,1982,1.21168771408973
nld,1983,1.29514545879449
nld,1984,1.45603701617575
nld,1985,1.50718560972179
nld,1986,1.11177287388843
nld,1987,0.919222583733794
nld,1988,0.896934412120166
nld,1989,0.962348721020461
nld,1990,0.826307302987539
nld,1991,0.848417744016531
nld,1992,0.797957232727233
nld,1993,0.842808339875333
nld,1994,0.825877762197989
nld,1995,0.728623661915588
nld,1996,0.765026591520663
nld,1997,0.885447684435189
nld,1998,0.90017878940514
nld,1999,0.938283072395283
nld,2000,1.08270508132602
nld,2001,1.11653308564463
nld,2002,1.05755899623965
nld,2003,0.88404792718493
nld,2004,0.803921647747618
nld,2005,0.803800192161442
nld,2006,0.796432730949102
nld,2007,0.729672399984083
nld,2008,0.679922680042729
nld,2009,0.716957702016136
nld,2010,0.754308990105961
nld,2011,0.718413898653317
nld,2012,0.778338120416812
nld,2013,0.752945122701996
nld,2014,0.752728196932603
nld,2015,0.901296423367096
nld,2016,0.903421436257263
nld,2017,0.885205508269372
nld,2018,0.846772667108111
nld,2019,0.893276257067409
nld,2020,0.875506396987998
nld,2021,0.84549413889045
nld,2022,0.949623753156941
nld,2023,0.924839558470698
nor,1950,7.14389998799515
nor,1951,7.14290006046454
nor,1952,7.14190013293394
nor,1953,7.14290006046454
nor,1954,7.14290006046454
nor,1955,7.14389998799515
nor,1956,7.14290006046454
nor,1957,7.14190013293394
nor,1958,7.14290006046454
nor,1959,7.14290006046454
nor,1960,7.14290006046454
nor,1961,7.14290006046454
nor,1962,7.14290006046454
nor,1963,7.14290006046454
nor,1964,7.14290006046454
nor,1965,7.14290006046454
nor,1966,7.14290006046454
nor,1967,7.14290006046454
nor,1968,7.14290006046454
nor,1969,7.14290006046454
nor,1970,7.14286000614286
nor,1971,7.05590547080103
nor,1972,6.58824917226787
nor,1973,5.76583333233333
nor,1974,5.53970833233333
nor,1975,5.22694166566667
nor,1976,5.45651666566667
nor,1977,5.323499999
nor,1978,5.242249999
nor,1979,5.06406666566667
nor,1980,4.939224999
nor,1981,5.73950833233333
nor,1982,6.45403333233333
nor,1983,7.29636666566667
nor,1984,8.16145833258333
nor,1985,8.59723333308333
nor,1986,7.39474166666667
nor,1987,6.73745
nor,1988,6.51698333333333
nor,1989,6.9045
nor,1990,6.25974166666667
nor,1991,6.4829425
nor,1992,6.21450083333333
nor,1993,7.09412916666667
nor,1994,7.05758416666667
nor,1995,6.33515666666667
nor,1996,6.44980833333333
nor,1997,7.07340083333333
nor,1998,7.5450975
nor,1999,7.79917166666667
nor,2000,8.80184166666667
nor,2001,8.99165416666667
nor,2002,7.98377883333333
nor,2003,7.08021666666667
nor,2004,6.74083333333333
nor,2005,6.4425
nor,2006,6.41333333333333
nor,2007,5.86166666666667
nor,2008,5.64
nor,2009,6.28833333333333
nor,2010,6.04416666666667
nor,2011,5.60460730676329
nor,2012,5.8175
nor,2013,5.875
nor,2014,6.30166666666667
nor,2015,8.06416666666667
nor,2016,8.4
nor,2017,8.27166666666667
nor,2018,8.1325
nor,2019,8.8
nor,2020,9.41583333333333
nor,2021,8.59
nor,2022,9.61416666666667
nor,2023,10.5633333333333
npl,1960,7.5000000075
npl,1961,7.61899996565733
npl,1962,7.61899996565733
npl,1963,7.61899996565733
npl,1964,7.61899996565733
npl,1965,7.61899996565733
npl,1966,7.61724997328497
npl,1967,8.03416729776805
npl,1968,10.125000010125
npl,1969,10.125000010125
npl,1970,10.125000010125
npl,1971,10.1250040303417
npl,1972,10.125
npl,1973,10.5001666658333
npl,1974,10.559999999
npl,1975,11.0028333325
npl,1976,12.5
npl,1977,12.5
npl,1978,12.1105
npl,1979,12.0
npl,1980,12.0
npl,1981,12.336333333
npl,1982,13.2438333324167
npl,1983,14.5452499994167
npl,1984,16.4594166663333
npl,1985,18.2464166665
npl,1986,21.2298333331667
npl,1987,21.8191666666667
npl,1988,23.28925
npl,1989,27.1888333333333
npl,1990,29.3691666666667
npl,1991,37.255
npl,1992,42.7175
npl,1993,48.607165
npl,1994,49.3975183333333
npl,1995,51.8903333333333
npl,1996,56.6919525
npl,1997,58.0095491666667
npl,1998,65.9757875
npl,1999,68.2393708333333
npl,2000,71.0937958333333
npl,2001,74.94925
npl,2002,77.8766191666667
npl,2003,76.1414475
npl,2004,73.6735966666667
npl,2005,71.3675
npl,2006,72.7556058333333
npl,2007,66.4150275
npl,2008,69.761695
npl,2009,77.5734307390156
npl,2010,73.2623590158046
npl,2011,74.02
npl,2012,85.2257559923835
npl,2013,93.0843938075485
npl,2014,97.5548421567946
npl,2015,102.405134331356
npl,2016,107.383815174654
npl,2017,104.511885242863
npl,2018,108.930134109273
npl,2019,112.609482758621
npl,2020,118.345187275986
npl,2021,118.134081604947
npl,2022,125.199457792609
npl,2023,132.115460088756
nzl,1950,0.714222359387259
nzl,1951,0.714322375979484
nzl,1952,0.71442239257171
nzl,1953,0.714122342795033
nzl,1954,0.714322375979484
nzl,1955,0.71442239257171
nzl,1956,0.714322375979484
nzl,1957,0.714322375979484
nzl,1958,0.714322375979484
nzl,1959,0.714322375979484
nzl,1960,0.714322375979484
nzl,1961,0.715548622315518
nzl,1962,0.719228613021137
nzl,1963,0.719228613021137
nzl,1964,0.719228613021137
nzl,1965,0.719228613021137
nzl,1966,0.719228613021137
nzl,1967,0.7337009185488
nzl,1968,0.892899974841007
nzl,1969,0.892899974841007
nzl,1970,0.892856999892857
nzl,1971,0.880607194603159
nzl,1972,0.836680053547523
nzl,1973,0.736812125513138
nzl,1974,0.715402588665367
nzl,1975,0.832307219423307
nzl,1976,1.00488878965051
nzl,1977,1.03031165084621
nzl,1978,0.964424999
nzl,1979,0.978502499
nzl,1980,1.02667999916667
nzl,1981,1.15279499925
nzl,1982,1.33260833233333
nzl,1983,1.49677333233333
nzl,1984,1.76399249916667
nzl,1985,2.02337249966667
nzl,1986,1.91316083308333
nzl,1987,1.69456083333333
nzl,1988,1.52640083333333
nzl,1989,1.67214833333333
nzl,1990,1.67620333333333
nzl,1991,1.73351416666667
nzl,1992,1.86179166666667
nzl,1993,1.85051333333333
nzl,1994,1.68652166666667
nzl,1995,1.52387666666667
nzl,1996,1.4548475
nzl,1997,1.51242083333333
nzl,1998,1.86824916666667
nzl,1999,1.88961389919167
nzl,2000,2.20114916666667
nzl,2001,2.37875083333333
nzl,2002,2.16219083333333
nzl,2003,1.72209914639778
nzl,2004,1.50868127077323
nzl,2005,1.42027345661433
nzl,2006,1.54205575669681
nzl,2007,1.36067522852426
nzl,2008,1.4227268095265
nzl,2009,1.60087729521947
nzl,2010,1.38783382768108
nzl,2011,1.26581069673447
nzl,2012,1.23428365501329
nzl,2013,1.21940797394829
nzl,2014,1.20543333333333
nzl,2015,1.433975
nzl,2016,1.436525
nzl,2017,1.40740833333333
nzl,2018,1.44525833333333
nzl,2019,1.517875
nzl,2020,1.54205833333333
nzl,2021,1.4138
nzl,2022,1.57718333333333
nzl,2023,1.62843333333333
omn,1970,0.416666999416667
omn,1971,0.41544749932071
omn,1972,0.383772999
omn,1973,0.350676165666667
omn,1974,0.345399999
omn,1975,0.345399999
omn,1976,0.345399999
omn,1977,0.345399999
omn,1978,0.345399999
omn,1979,0.345399999
omn,1980,0.345399999
omn,1981,0.345399999
omn,1982,0.345399999
omn,1983,0.345399999
omn,1984,0.345397499583333
omn,1985,0.345395
omn,1986,0.381981916666667
omn,1987,0.3845
omn,1988,0.3845
omn,1989,0.3845
omn,1990,0.3845
omn,1991,0.3845
omn,1992,0.3845
omn,1993,0.3845
omn,1994,0.3845
omn,1995,0.3845
omn,1996,0.3845
omn,1997,0.3845
omn,1998,0.3845
omn,1999,0.3845
omn,2000,0.3845
omn,2001,0.3845
omn,2002,0.3845
omn,2003,0.3845
omn,2004,0.3845
omn,2005,0.3845
omn,2006,0.3845
omn,2007,0.3845
omn,2008,0.3845
omn,2009,0.3845
omn,2010,0.3845
omn,2011,0.3845
omn,2012,0.3845
omn,2013,0.3845
omn,2014,0.3845
omn,2015,0.3845
omn,2016,0.3845
omn,2017,0.3845
omn,2018,0.3845
omn,2019,0.3845
omn,2020,0.3845
omn,2021,0.3845
omn,2022,0.3845
omn,2023,0.3845
pak,1950,3.30962518744545
pak,1951,3.30962518744545
pak,1952,3.31062535339647
pak,1953,3.30862502149444
pak,1954,3.30962518744545
pak,1955,3.91473917767038
pak,1956,4.76389938198961
pak,1957,4.76289897762001
pak,1958,4.7619000037619
pak,1959,4.76289897762001
pak,1960,4.7619000037619
pak,1961,4.7619000037619
pak,1962,4.7619000037619
pak,1963,4.7619000037619
pak,1964,4.7619000037619
pak,1965,4.7619000037619
pak,1966,4.7619000037619
pak,1967,4.7619000037619
pak,1968,4.7619000037619
pak,1969,4.7619000037619
pak,1970,4.7619000037619
pak,1971,4.76190000336508
pak,1972,8.68138258259937
pak,1973,9.99424999991667
pak,1974,9.9
pak,1975,9.9
pak,1976,9.9
pak,1977,9.9
pak,1978,9.9
pak,1979,9.9
pak,1980,9.9
pak,1981,9.9
pak,1982,11.8474666658333
pak,1983,13.1169749993333
pak,1984,14.0463333330833
pak,1985,15.92839166625
pak,1986,16.6475083330833
pak,1987,17.3988
pak,1988,18.0032916666667
pak,1989,20.5414916666667
pak,1990,21.707375
pak,1991,23.8007666666667
pak,1992,25.0827916666667
pak,1993,28.1071833333333
pak,1994,30.5665916666667
pak,1995,31.6426833333333
pak,1996,36.0786833333333
pak,1997,41.111525
pak,1998,45.0466666666667
pak,1999,49.5006915833333
pak,2000,53.6481865
pak,2001,61.9271616666667
pak,2002,59.7237816666667
pak,2003,57.7519966666667
pak,2004,58.2578633333333
pak,2005,59.514475
pak,2006,60.271335
pak,2007,60.7385158333333
pak,2008,70.4080333333333
pak,2009,81.7128916666667
pak,2010,85.1938163257576
pak,2011,86.3433833333333
pak,2012,93.3951972222222
pak,2013,101.628899206349
pak,2014,101.100088423521
pak,2015,102.769271604675
pak,2016,104.769117033301
pak,2017,105.455162087938
pak,2018,121.824068875756
pak,2019,150.036253839864
pak,2020,161.838479684718
pak,2021,162.906253747418
pak,2022,204.867187469982
pak,2023,280.356111655149
pan,1950,1.0
pan,1951,1.0
pan,1952,1.0
pan,1953,1.0
pan,1954,1.0
pan,1955,1.0
pan,1956,1.0
pan,1957,1.0
pan,1958,1.0
pan,1959,1.0
pan,1960,1.0
pan,1961,1.0
pan,1962,1.0
pan,1963,1.0
pan,1964,1.0
pan,1965,1.0
pan,1966,1.0
pan,1967,1.0
pan,1968,1.0
pan,1969,1.0
pan,1970,1.0
pan,1971,1.0
pan,1972,1.0
pan,1973,1.0
pan,1974,1.0
pan,1975,1.0
pan,1976,1.0
pan,1977,1.0
pan,1978,1.0
pan,1979,1.0
pan,1980,1.0
pan,1981,1.0
pan,1982,1.0
pan,1983,1.0
pan,1984,1.0
pan,1985,1.0
pan,1986,1.0
pan,1987,1.0
pan,1988,1.0
pan,1989,1.0
pan,1990,1.0
pan,1991,1.0
pan,1992,1.0
pan,1993,1.0
pan,1994,1.0
pan,1995,1.0
pan,1996,1.0
pan,1997,1.0
pan,1998,1.0
pan,1999,1.0
pan,2000,1.0
pan,2001,1.0
pan,2002,1.0
pan,2003,1.0
pan,2004,1.0
pan,2005,1.0
pan,2006,1.0
pan,2007,1.0
pan,2008,1.0
pan,2009,1.0
pan,2010,1.0
pan,2011,1.0
pan,2012,1.0
pan,2013,1.0
pan,2014,1.0
pan,2015,1.0
pan,2016,1.0
pan,2017,1.0
pan,2018,1.0
pan,2019,1.0
pan,2020,1.0
pan,2021,1.0
pan,2022,1.0
pan,2023,1.0
per,1950,1.47999997907694e-08
per,1951,1.5199998920941e-08
per,1952,1.54999989347034e-08
per,1953,1.97999991319653e-08
per,1954,1.88999990906779e-08
per,1955,1.88999990906779e-08
per,1956,1.88999990906779e-08
per,1957,1.90999990998529e-08
per,1958,2.39999993246397e-08
per,1959,2.77999994989641e-08
per,1960,2.72999994760267e-08
per,1961,2.67999994530893e-08
per,1962,2.67999994530893e-08
per,1963,2.67999994530893e-08
per,1964,2.67999994530893e-08
per,1965,2.67999994530893e-08
per,1966,2.67999994530893e-08
per,1967,3.0199997832707e-08
per,1968,3.8699999999e-08
per,1969,3.8699999999e-08
per,1970,3.8699999999e-08
per,1971,3.8699999999e-08
per,1972,3.8699999999e-08
per,1973,3.8699999999e-08
per,1974,3.8699999999e-08
per,1975,4.03708333325833e-08
per,1976,5.57558333329167e-08
per,1977,8.42348333325833e-08
per,1978,1.5634883333275e-07
per,1979,2.24718916665667e-07
per,1980,2.88855249998667e-07
per,1981,4.223179999985e-07
per,1982,6.97566749997667e-07
per,1983,1.62863416666367e-06
per,1984,3.46685416666492e-06
per,1985,1.09749424999999e-05
per,1986,1.39475e-05
per,1987,1.68358333333333e-05
per,1988,0.000128831666666667
per,1989,0.0026661875
per,1990,0.187885579166667
per,1991,0.7725
per,1992,1.24583333333333
per,1993,1.98831891666667
per,1994,2.195
per,1995,2.25333333333333
per,1996,2.45333333333333
per,1997,2.66416666666667
per,1998,2.93
per,1999,3.38333333333333
per,2000,3.49
per,2001,3.50683333333333
per,2002,3.5165
per,2003,3.478467
per,2004,3.413175
per,2005,3.29584166666667
per,2006,3.27403250265816
per,2007,3.12804457735247
per,2008,2.92440833333333
per,2009,3.01150833333333
per,2010,2.825125
per,2011,2.7541
per,2012,2.63758641774892
per,2013,2.70189902597403
per,2014,2.83904413780664
per,2015,3.18443924152237
per,2016,3.37506158720665
per,2017,3.2604884908321
per,2018,3.28660269803296
per,2019,3.3372655465368
per,2020,3.4949411976912
per,2021,3.88055413137587
per,2022,3.83518137473542
per,2023,3.74382620959376
phl,1950,1.9994307226029
phl,1951,1.9994307226029
phl,1952,2.00040370885642
phl,1953,1.9994307226029
phl,1954,1.99845773634939
phl,1955,1.99845773634939
phl,1956,1.9994307226029
phl,1957,2.00040370885642
phl,1958,2.00040370885642
phl,1959,1.99553889679814
phl,1960,2.01499802582195
phl,1961,2.01999814042834
phl,1962,3.72785222946509
phl,1963,3.9104231698028
phl,1964,3.9100071293685
phl,1965,3.90917314115121
phl,1966,3.90000022443528
phl,1967,3.90000022443528
phl,1968,3.90000022443528
phl,1969,3.90000022443528
phl,1970,5.904349999325
phl,1971,6.43170833233333
phl,1972,6.67484166575
phl,1973,6.75628333233333
phl,1974,6.78787499941667
phl,1975,7.247899999
phl,1976,7.44025833233333
phl,1977,7.402824999
phl,1978,7.3657583325
phl,1979,7.377549999
phl,1980,7.51143333233333
phl,1981,7.89964999908333
phl,1982,8.53999999941667
phl,1983,11.1127166658333
phl,1984,16.6987083329167
phl,1985,18.6073416665
phl,1986,20.3856833333333
phl,1987,20.567675
phl,1988,21.094675
phl,1989,21.7366833333333
phl,1990,24.3105
phl,1991,27.4786333333333
phl,1992,25.5124916666667
phl,1993,27.1198416666667
phl,1994,26.4171666666667
phl,1995,25.7144666666667
phl,1996,26.2161
phl,1997,29.4706583333333
phl,1998,40.89305
phl,1999,39.0889833333333
phl,2000,44.19225
phl,2001,50.99265
phl,2002,51.6035666666667
phl,2003,54.2033333333333
phl,2004,56.0399166666667
phl,2005,55.0854916666667
phl,2006,51.3142725
phl,2007,46.148391177755
phl,2008,44.32328760941
phl,2009,47.6796884535091
phl,2010,45.1096641800896
phl,2011,43.3131369237488
phl,2012,42.2287947349434
phl,2013,42.4461848306739
phl,2014,44.3951543042097
phl,2015,45.5028399421431
phl,2016,47.4924638585099
phl,2017,50.4037197937177
phl,2018,52.6614299539683
phl,2019,51.7957826517333
phl,2020,49.6240960026328
phl,2021,49.2545977288412
phl,2022,54.477785837205
phl,2023,55.630363223193
pol,1970,0.004
pol,1971,0.0038933333323333
pol,1972,0.003679999999
pol,1973,0.003349999999
pol,1974,0.003319999999
pol,1975,0.00332
pol,1976,0.00332
pol,1977,0.00332
pol,1978,0.0033
pol,1979,0.00332
pol,1980,0.00442166666666667
pol,1981,0.00511525
pol,1982,0.00848241666664167
pol,1983,0.00915499999996667
pol,1984,0.01132399999995
pol,1985,0.0147141666666333
pol,1986,0.0175286666666667
pol,1987,0.02650825
pol,1988,0.0430545833333333
pol,1989,0.143918416666667
pol,1990,0.95
pol,1991,1.05760583333333
pol,1992,1.36264333333333
pol,1993,1.81149666666667
pol,1994,2.27227666666667
pol,1995,2.42498333333333
pol,1996,2.6961
pol,1997,3.27929166666667
pol,1998,3.4754
pol,1999,3.96710833333333
pol,2000,4.346075
pol,2001,4.0939
pol,2002,4.08003333333333
pol,2003,3.889075
pol,2004,3.65764166666667
pol,2005,3.23548333333333
pol,2006,3.10315833333333
pol,2007,2.76795
pol,2008,2.40924166666667
pol,2009,3.12014166666667
pol,2010,3.0153
pol,2011,2.96284777777778
pol,2012,3.25654166666667
pol,2013,3.16061666666667
pol,2014,3.15454166666667
pol,2015,3.7695
pol,2016,3.94278333333333
pol,2017,3.77933333333333
pol,2018,3.61171666666667
pol,2019,3.839375
pol,2020,3.89974166666667
pol,2021,3.86191666666667
pol,2022,4.45775833333333
pol,2023,4.20366666666667
prt,1950,0.143454269737393
prt,1951,0.143404395550473
prt,1952,0.143454269737393
prt,1953,0.143404395550473
prt,1954,0.143404395550473
prt,1955,0.143404395550473
prt,1956,0.143404395550473
prt,1957,0.143404395550473
prt,1958,0.143404395550473
prt,1959,0.143404395550473
prt,1960,0.143404395550473
prt,1961,0.143404395550473
prt,1962,0.143404395550473
prt,1963,0.143404395550473
prt,1964,0.143404395550473
prt,1965,0.143404395550473
prt,1966,0.143404395550473
prt,1967,0.143404395550473
prt,1968,0.143404395550473
prt,1969,0.143404395550473
prt,1970,0.143404395550473
prt,1971,0.141459932999751
prt,1972,0.134941873417564
prt,1973,0.122281135794818
prt,1974,0.126735401011895
prt,1975,0.127456579638072
prt,1976,0.150782031965879
prt,1977,0.190924621656807
prt,1978,0.219158494690712
prt,1979,0.244029222901142
prt,1980,0.24970886828909
prt,1981,0.306992024217885
prt,1982,0.396411315394067
prt,1983,0.552567479038432
prt,1984,0.730191904175522
prt,1985,0.849925014048643
prt,1986,0.746135563292465
prt,1987,0.702718531672006
prt,1988,0.718039109080451
prt,1989,0.785398439760178
prt,1990,0.711060095170639
prt,1991,0.720673177641883
prt,1992,0.673366353754118
prt,1993,0.802067945418207
prt,1994,0.827968479298226
prt,1995,0.753711197680256
prt,1996,0.769364140754118
prt,1997,0.87445478895861
prt,1998,0.898357358765376
prt,1999,0.938283072395283
prt,2000,1.08270508132602
prt,2001,1.11653308564463
prt,2002,1.05755899623965
prt,2003,0.88404792718493
prt,2004,0.803921647747618
prt,2005,0.803800192161442
prt,2006,0.796432730949102
prt,2007,0.729672399984083
prt,2008,0.679922680042729
prt,2009,0.716957702016136
prt,2010,0.754308990105961
prt,2011,0.718413898653317
prt,2012,0.778338120416812
prt,2013,0.752945122701996
prt,2014,0.752728196932603
prt,2015,0.901296423367096
prt,2016,0.903421436257263
prt,2017,0.885205508269372
prt,2018,0.846772667108111
prt,2019,0.893276257067409
prt,2020,0.875506396987998
prt,2021,0.84549413889045
prt,2022,0.949623753156941
prt,2023,0.924839558470698
pry,1951,6.30342388153076
pry,1952,9.86074924468994
pry,1953,24.2838554382324
pry,1954,28.6259326934814
pry,1955,37.8184242248535
pry,1956,61.2126846313477
pry,1957,77.6702117919922
pry,1958,97.4213638305664
pry,1959,114.90616607666
pry,1960,123.166702270508
pry,1961,126.0
pry,1962,126.0
pry,1963,126.0
pry,1964,126.0
pry,1965,126.0
pry,1966,126.0
pry,1967,126.0
pry,1968,126.0
pry,1969,126.0
pry,1970,126.0
pry,1971,126.0
pry,1972,126.0
pry,1973,126.0
pry,1974,126.0
pry,1975,126.0
pry,1976,126.0
pry,1977,126.0
pry,1978,126.0
pry,1979,126.0
pry,1980,126.0
pry,1981,126.0
pry,1982,126.0
pry,1983,126.0
pry,1984,201.0
pry,1985,306.666666666667
pry,1986,339.166666666667
pry,1987,550.0
pry,1988,550.0
pry,1989,1056.21666666667
pry,1990,1229.80833333333
pry,1991,1325.18333333333
pry,1992,1500.25833333333
pry,1993,1744.34583333333
pry,1994,1904.76083333333
pry,1995,1963.01916666667
pry,1996,2056.81166666667
pry,1997,2177.8625
pry,1998,2726.49
pry,1999,3119.07333333333
pry,2000,3486.35333333333
pry,2001,4105.925
pry,2002,5716.25833333333
pry,2003,6424.33916666667
pry,2004,5974.5775
pry,2005,6177.9349469697
pry,2006,5635.09393939394
pry,2007,5032.71157647908
pry,2008,4363.29160824492
pry,2009,4966.68229650212
pry,2010,4758.43012878788
pry,2011,4193.8023075919
pry,2012,4421.65928640414
pry,2013,4303.88256599819
pry,2014,4462.18528829093
pry,2015,5204.92080811087
pry,2016,5670.54089799784
pry,2017,5618.9334516428
pry,2018,5732.10455572912
pry,2019,6240.72207844257
pry,2020,6771.09742519651
pry,2021,6774.16273484849
pry,2022,6982.75237776692
pry,2023,7288.87205374128
pse,1970,1.0
pse,1971,1.0
pse,1972,1.0
pse,1973,1.0
pse,1974,1.0
pse,1975,1.0
pse,1976,1.0
pse,1977,1.0
pse,1978,1.0
pse,1979,1.0
pse,1980,1.0
pse,1981,1.0
pse,1982,1.0
pse,1983,1.0
pse,1984,1.0
pse,1985,1.0
pse,1986,1.0
pse,1987,1.0
pse,1988,1.0
pse,1989,1.0
pse,1990,1.0
pse,1991,1.0
pse,1992,1.0
pse,1993,1.0
pse,1994,1.0
pse,1995,1.0
pse,1996,1.0
pse,1997,1.0
pse,1998,1.0
pse,1999,1.0
pse,2000,1.0
pse,2001,1.0
pse,2002,1.0
pse,2003,1.0
pse,2004,1.0
pse,2005,1.0
pse,2006,1.0
pse,2007,1.0
pse,2008,1.0
pse,2009,1.0
pse,2010,1.0
pse,2011,1.0
pse,2012,1.0
pse,2013,1.0
pse,2014,1.0
pse,2015,1.0
pse,2016,1.0
pse,2017,1.0
pse,2018,1.0
pse,2019,1.0
pse,2020,1.0
pse,2021,1.0
pse,2022,1.0
pse,2023,1.0
qat,1970,4.7619000037619
qat,1971,4.74796288486442
qat,1972,4.38597784250488
qat,1973,3.99629355042679
qat,1974,3.947399999
qat,1975,3.93071666566667
qat,1976,3.96343333233333
qat,1977,3.95901666566667
qat,1978,3.876899999
qat,1979,3.773324999
qat,1980,3.65696666566667
qat,1981,3.639999999
qat,1982,3.639999999
qat,1983,3.639999999
qat,1984,3.63999999958333
qat,1985,3.64
qat,1986,3.64
qat,1987,3.64
qat,1988,3.64
qat,1989,3.64
qat,1990,3.64
qat,1991,3.64
qat,1992,3.64
qat,1993,3.64
qat,1994,3.64
qat,1995,3.64
qat,1996,3.64
qat,1997,3.64
qat,1998,3.64
qat,1999,3.64
qat,2000,3.64
qat,2001,3.64
qat,2002,3.64
qat,2003,3.64
qat,2004,3.64
qat,2005,3.64
qat,2006,3.64
qat,2007,3.64
qat,2008,3.64
qat,2009,3.64
qat,2010,3.64
qat,2011,3.64
qat,2012,3.64
qat,2013,3.64
qat,2014,3.64
qat,2015,3.64
qat,2016,3.64
qat,2017,3.64
qat,2018,3.64
qat,2019,3.64
qat,2020,3.64
qat,2021,3.64
qat,2022,3.64
qat,2023,3.64
rou,1960,0.00218978464002924
rou,1961,0.00218978464002924
rou,1962,0.00218978464002924
rou,1963,0.00218978464002924
rou,1964,0.00218978464002924
rou,1965,0.00218978464002924
rou,1966,0.00218978464002924
rou,1967,0.00218978464002924
rou,1968,0.00218978464002924
rou,1969,0.00218978464002924
rou,1970,0.00218978464002924
rou,1971,0.00211521269285505
rou,1972,0.00198028136718507
rou,1973,0.00187941666665833
rou,1974,0.002
rou,1975,0.002
rou,1976,0.002
rou,1977,0.002
rou,1978,0.00183602499999167
rou,1979,0.0018
rou,1980,0.0018
rou,1981,0.0015
rou,1982,0.0015
rou,1983,0.00171784999995
rou,1984,0.002128016666625
rou,1985,0.001714141666625
rou,1986,0.00161534166665
rou,1987,0.0014557
rou,1988,0.00142769166666667
rou,1989,0.00149215833333333
rou,1990,0.00224320833333333
rou,1991,0.007638725
rou,1992,0.0307953333333333
rou,1993,0.0760050833333333
rou,1994,0.165508583333333
rou,1995,0.203327583333333
rou,1996,0.30842175
rou,1997,0.716794333333333
rou,1998,0.887557583333333
rou,1999,1.53328375
rou,2000,2.17087208333333
rou,2001,2.90607916666667
rou,2002,3.305543
rou,2003,3.32000708333333
rou,2004,3.26365683333333
rou,2005,2.91365316666667
rou,2006,2.80898333333333
rou,2007,2.43825
rou,2008,2.51885833333333
rou,2009,3.049325
rou,2010,3.1779
rou,2011,3.04860833333333
rou,2012,3.4682
rou,2013,3.32791666666667
rou,2014,3.349175
rou,2015,4.00566666666667
rou,2016,4.05918333333333
rou,2017,4.05249166666667
rou,2018,3.94161666666667
rou,2019,4.237925
rou,2020,4.24399166666667
rou,2021,4.16041666666667
rou,2022,4.688475
rou,2023,4.57429166666667
rus,1990,0.0010480163547518
rus,1991,0.00231654895322321
rus,1992,0.0360003912890064
rus,1993,0.347594191799612
rus,1994,1.38820445971583
rus,1995,3.57620813456533
rus,1996,5.12083333333333
rus,1997,5.78483333333333
rus,1998,9.70508333333333
rus,1999,24.6199
rus,2000,28.1291666666667
rus,2001,29.168525
rus,2002,31.3484833333333
rus,2003,30.692025
rus,2004,28.8137416666667
rus,2005,28.2844416666667
rus,2006,27.1909583333333
rus,2007,25.5808453675404
rus,2008,24.852875
rus,2009,31.7403583333333
rus,2010,30.3679153383059
rus,2011,29.3823413709302
rus,2012,30.8398313519917
rus,2013,31.8371436402813
rus,2014,38.3782071444168
rus,2015,60.9376501088952
rus,2016,67.0559333333333
rus,2017,58.3428011851719
rus,2018,62.6681333333333
rus,2019,64.7376583333333
rus,2020,72.1049083333333
rus,2021,73.65435
rus,2022,68.4849416666667
rus,2023,85.1620083333333
rwa,1960,49.99999995
rwa,1961,49.99999995
rwa,1962,49.99999995
rwa,1963,49.99999995
rwa,1964,49.99999995
rwa,1965,49.99999995
rwa,1966,87.4999999125
rwa,1967,99.9999999
rwa,1968,99.9999999
rwa,1969,99.9999999
rwa,1970,99.9999999
rwa,1971,99.7073332333333
rwa,1972,92.1049999
rwa,1973,83.9219999
rwa,1974,92.3017565556667
rwa,1975,92.2772665546667
rwa,1976,97.0123465546667
rwa,1977,95.9350932213333
rwa,1978,89.4879065546667
rwa,1979,86.6907065546667
rwa,1980,86.063879888
rwa,1981,87.1603050389567
rwa,1982,93.0599674389567
rwa,1983,96.09393524729
rwa,1984,100.232891523645
rwa,1985,101.244670649548
rwa,1986,87.5909168166667
rwa,1987,79.4606499916667
rwa,1988,76.4477377333333
rwa,1989,80.148978175
rwa,1990,83.7040975583333
rwa,1991,125.1642483
rwa,1992,133.938583325
rwa,1993,144.237020537225
rwa,1994,140.703847467575
rwa,1995,262.1822632586
rwa,1996,306.82
rwa,1997,301.529816666667
rwa,1998,312.314091666667
rwa,1999,333.941925
rwa,2000,389.696216666667
rwa,2001,442.991891666667
rwa,2002,475.365241666667
rwa,2003,537.65498475
rwa,2004,577.448974583333
rwa,2005,557.82264075
rwa,2006,551.710333333333
rwa,2007,546.955
rwa,2008,546.848653166667
rwa,2009,568.281326833333
rwa,2010,583.130906583333
rwa,2011,600.30651975
rwa,2012,614.295142416667
rwa,2013,646.6359745
rwa,2014,682.4377953875
rwa,2015,719.8595555
rwa,2016,787.25152175
rwa,2017,831.55433975
rwa,2018,861.093412166667
rwa,2019,899.350509
rwa,2020,943.278048166667
rwa,2021,988.624806551768
rwa,2022,1030.30829974206
rwa,2023,1160.09869425
sau,1970,4.5000000035
sau,1971,4.48682941297145
sau,1972,4.14475320586966
sau,1973,3.70658904010294
sau,1974,3.549999999
sau,1975,3.517612499
sau,1976,3.529999999
sau,1977,3.525064999
sau,1978,3.39956166566667
sau,1979,3.36083666566667
sau,1980,3.32674166566667
sau,1981,3.38250833258333
sau,1982,3.42817083241667
sau,1983,3.45475916575
sau,1984,3.523810833
sau,1985,3.62213583316667
sau,1986,3.70625
sau,1987,3.75
sau,1988,3.75
sau,1989,3.75
sau,1990,3.75
sau,1991,3.75
sau,1992,3.75
sau,1993,3.75
sau,1994,3.75
sau,1995,3.75
sau,1996,3.75
sau,1997,3.75
sau,1998,3.75
sau,1999,3.75
sau,2000,3.75
sau,2001,3.75
sau,2002,3.75
sau,2003,3.75
sau,2004,3.75
sau,2005,3.75
sau,2006,3.75
sau,2007,3.75
sau,2008,3.75
sau,2009,3.75
sau,2010,3.75
sau,2011,3.75
sau,2012,3.75
sau,2013,3.75
sau,2014,3.75
sau,2015,3.75
sau,2016,3.75
sau,2017,3.75
sau,2018,3.75
sau,2019,3.75
sau,2020,3.75
sau,2021,3.75
sau,2022,3.75
sau,2023,3.75
sdn,1970,0.000348199999
sdn,1971,0.000348199999
sdn,1972,0.000348199999
sdn,1973,0.000348199999
sdn,1974,0.000348199999
sdn,1975,0.000348199999
sdn,1976,0.000348199999
sdn,1977,0.000348206165666667
sdn,1978,0.000377451832333333
sdn,1979,0.000429166665666667
sdn,1980,0.000499999999
sdn,1981,0.000558858332333333
sdn,1982,0.000952299999166667
sdn,1983,0.0013
sdn,1984,0.0013
sdn,1985,0.00230402499991667
sdn,1986,0.0025
sdn,1987,0.003
sdn,1988,0.0045
sdn,1989,0.00719837029233534
sdn,1990,0.013098278707605
sdn,1991,0.0326058126528783
sdn,1992,0.0629576008188781
sdn,1993,0.159313916666667
sdn,1994,0.289608916666667
sdn,1995,0.58087375
sdn,1996,1.25079166666667
sdn,1997,1.5757425
sdn,1998,2.00801916666667
sdn,1999,2.52550416666667
sdn,2000,2.571225
sdn,2001,2.58702104166667
sdn,2002,2.63305833333333
sdn,2003,2.60983433333333
sdn,2004,2.57905
sdn,2005,2.43605833333333
sdn,2006,2.17153333333333
sdn,2007,2.0161
sdn,2008,2.09016282876984
sdn,2009,2.30153333333333
sdn,2010,2.30600092016667
sdn,2011,2.66661962177469
sdn,2012,3.57295833333333
sdn,2013,4.75676054708821
sdn,2014,5.73686666666667
sdn,2015,6.02573259791667
sdn,2016,6.21171364583333
sdn,2017,6.68336
sdn,2018,24.3289109018116
sdn,2019,45.7670454545455
sdn,2020,75.4473895960924
sdn,2021,242.083608355197
sdn,2022,490.076465198445
sdn,2023,1451.87576044213
sen,1960,245.195098717111
sen,1961,245.260101158475
sen,1962,245.013900597112
sen,1963,245.016403038517
sen,1964,245.027206261166
sen,1965,245.060897667394
sen,1966,245.678405601562
sen,1967,246.000900108188
sen,1968,247.564697104238
sen,1969,259.960601637173
sen,1970,276.403137026845
sen,1971,275.356456685332
sen,1972,252.027627462649
sen,1973,222.889183053227
sen,1974,240.704667637823
sen,1975,214.312900341219
sen,1976,238.950494267059
sen,1977,245.679686566576
sen,1978,225.655860233957
sen,1979,212.721644262377
sen,1980,211.279555414705
sen,1981,271.731452550327
sen,1982,328.60625269899
sen,1983,381.066036024628
sen,1984,436.956665788008
sen,1985,449.262962711607
sen,1986,346.305903554493
sen,1987,300.536562401478
sen,1988,297.848218819378
sen,1989,319.008299487903
sen,1990,272.264787954393
sen,1991,282.10690880882
sen,1992,264.691800750579
sen,1993,283.162579500018
sen,1994,555.204695655697
sen,1995,499.14842590131
sen,1996,511.552430272516
sen,1997,583.669372353396
sen,1998,589.951774567332
sen,1999,615.473349319164
sen,2000,710.207977031367
sen,2001,732.397693260228
sen,2002,693.713226496374
sen,2003,579.897426172466
sen,2004,527.338032291576
sen,2005,527.258362649626
sen,2006,522.425624895176
sen,2007,478.633718476363
sen,2008,446.000041432788
sen,2009,470.293423341398
sen,2010,494.794262222947
sen,2011,471.248625718937
sen,2012,510.556338454251
sen,2013,493.899623852237
sen,2014,493.757329875312
sen,2015,591.21169798261
sen,2016,592.605615063022
sen,2017,580.656749587858
sen,2018,555.446458398226
sen,2019,585.911013180369
sen,2020,575.586004510945
sen,2021,554.530675033104
sen,2022,623.759700911182
sen,2023,606.569750165917
sgp,1960,3.06122000206122
sgp,1961,3.06122000206122
sgp,1962,3.06122000206122
sgp,1963,3.06122000206122
sgp,1964,3.06122000206122
sgp,1965,3.06122000206122
sgp,1966,3.06122000206122
sgp,1967,3.06122000206122
sgp,1968,3.06122000206122
sgp,1969,3.06122000206122
sgp,1970,3.06122000206122
sgp,1971,3.05070166847279
sgp,1972,2.812499999
sgp,1973,2.45736666583333
sgp,1974,2.43686666583333
sgp,1975,2.37129999908333
sgp,1976,2.47084166591667
sgp,1977,2.43939999925
sgp,1978,2.27402499916667
sgp,1979,2.1745583325
sgp,1980,2.14120833258333
sgp,1981,2.112691666
sgp,1982,2.14002499916667
sgp,1983,2.113049999
sgp,1984,2.133083333
sgp,1985,2.20014999966667
sgp,1986,2.1774166665
sgp,1987,2.10598333333333
sgp,1988,2.012425
sgp,1989,1.95025833333333
sgp,1990,1.81253333333333
sgp,1991,1.72755
sgp,1992,1.62896666666667
sgp,1993,1.61579083333333
sgp,1994,1.52744416666667
sgp,1995,1.417375
sgp,1996,1.41004083333333
sgp,1997,1.48480583333333
sgp,1998,1.67360166666667
sgp,1999,1.69495666666667
sgp,2000,1.72396333333333
sgp,2001,1.7917225
sgp,2002,1.79058833333333
sgp,2003,1.74218333333333
sgp,2004,1.69022833333333
sgp,2005,1.6643975
sgp,2006,1.58893333333333
sgp,2007,1.50710166666667
sgp,2008,1.41486083333333
sgp,2009,1.45451471343873
sgp,2010,1.36350833333333
sgp,2011,1.25777587719298
sgp,2012,1.2496762037037
sgp,2013,1.2513
sgp,2014,1.26705
sgp,2015,1.374825
sgp,2016,1.38154636363636
sgp,2017,1.380925
sgp,2018,1.34884166666667
sgp,2019,1.36415833333333
sgp,2020,1.37974166666667
sgp,2021,1.34348333333333
sgp,2022,1.37866666666667
sgp,2023,1.34276666666667
sle,1961,0.000714286015960059
sle,1962,0.000714286015960059
sle,1963,0.000714286015960059
sle,1964,0.000714286015960059
sle,1965,0.000714286015960059
sle,1966,0.000714286015960059
sle,1967,0.000724206910873877
sle,1968,0.000833332999833333
sle,1969,0.000833332999833333
sle,1970,0.000833332999833333
sle,1971,0.00083089400256529
sle,1972,0.000800781665666667
sle,1973,0.000816341665666667
sle,1974,0.000855460832333333
sle,1975,0.000904021665666667
sle,1976,0.0011128408325
sle,1977,0.00114649666575
sle,1978,0.0010470433325
sle,1979,0.00105697254446629
sle,1980,0.00104979764914154
sle,1981,0.00115909847113534
sle,1982,0.0012386504266874
sle,1983,0.00188533016350482
sle,1984,0.00250994999958333
sle,1985,0.0050941625
sle,1986,0.01609213333325
sle,1987,0.034042525
sle,1988,0.0325140833333333
sle,1989,0.0598127583333333
sle,1990,0.151445833333333
sle,1991,0.295344166666667
sle,1992,0.499441833333333
sle,1993,0.567458583333333
sle,1994,0.586739708333333
sle,1995,0.755215833333333
sle,1996,0.9207325
sle,1997,0.9814825
sle,1998,1.563618
sle,1999,1.804195
sle,2000,2.092125
sle,2001,1.98615416666667
sle,2002,2.09903386575
sle,2003,2.34794166666667
sle,2004,2.70129666666667
sle,2005,2.8895875
sle,2006,2.96190916666667
sle,2007,2.98518583333333
sle,2008,2.981515
sle,2009,3.38565
sle,2010,3.97808666666667
sle,2011,4.34916166666667
sle,2012,4.34403666666667
sle,2013,4.33250083333333
sle,2014,4.52415916666667
sle,2015,5.0807475
sle,2016,6.29029741495228
sle,2017,7.38443222248692
sle,2018,7.93163174973728
sle,2019,9.01022114400915
sle,2020,9.82992676332375
sle,2021,10.4394253194587
sle,2022,14.0476497942157
sle,2023,21.3048751103818
slv,1950,1.0
slv,1951,1.0
slv,1952,1.0
slv,1953,1.0
slv,1954,1.0
slv,1955,1.0
slv,1956,1.0
slv,1957,1.0
slv,1958,1.0
slv,1959,1.0
slv,1960,1.0
slv,1961,1.0
slv,1962,1.0
slv,1963,1.0
slv,1964,1.0
slv,1965,1.0
slv,1966,1.0
slv,1967,1.0
slv,1968,1.0
slv,1969,1.0
slv,1970,1.0
slv,1971,1.0
slv,1972,1.0
slv,1973,1.0
slv,1974,1.0
slv,1975,1.0
slv,1976,1.0
slv,1977,1.0
slv,1978,1.0
slv,1979,1.0
slv,1980,1.0
slv,1981,1.0
slv,1982,1.0
slv,1983,1.0
slv,1984,1.0
slv,1985,1.0
slv,1986,1.0
slv,1987,1.0
slv,1988,1.0
slv,1989,1.0
slv,1990,1.0
slv,1991,1.0
slv,1992,1.0
slv,1993,1.0
slv,1994,1.0
slv,1995,1.0
slv,1996,1.0
slv,1997,1.0
slv,1998,1.0
slv,1999,1.0
slv,2000,1.0
slv,2001,1.0
slv,2002,1.0
slv,2003,1.0
slv,2004,1.0
slv,2005,1.0
slv,2006,1.0
slv,2007,1.0
slv,2008,1.0
slv,2009,1.0
slv,2010,1.0
slv,2011,1.0
slv,2012,1.0
slv,2013,1.0
slv,2014,1.0
slv,2015,1.0
slv,2016,1.0
slv,2017,1.0
slv,2018,1.0
slv,2019,1.0
slv,2020,1.0
slv,2021,1.0
slv,2022,1.0
slv,2023,1.0
som,1970,7.14286000614286
som,1971,7.12855833888096
som,1972,6.980124999
som,1973,6.281499999
som,1974,6.294999999
som,1975,6.294999999
som,1976,6.294999999
som,1977,15.4950472788606
som,1978,16.2587619760662
som,1979,17.3667765639141
som,1980,30.1994627968553
som,1981,33.0218048765405
som,1982,39.9430537266086
som,1983,52.4560908020445
som,1984,86.8843755428695
som,1985,107.817977100096
som,1986,146.972275355747
som,1987,186.023516490429
som,1988,294.56198743513
som,1989,574.563072198218
som,1990,1749.166667
som,1991,3800.0
som,1992,4400.0
som,1993,3983.333333
som,1994,4337.90322580645
som,1995,5725.0
som,1996,6882.5
som,1997,7608.33333333333
som,1998,7318.0
som,1999,8736.61111111111
som,2000,9571.5
som,2001,16810.9166666667
som,2002,20025.3333333333
som,2003,17706.0833333333
som,2004,14886.1666666667
som,2005,15251.25
som,2006,14091.5833333333
som,2007,14406.0
som,2008,14406.0
som,2009,31558.9054783951
som,2010,31269.6625712251
som,2011,29966.8354404084
som,2012,22516.0002967711
som,2013,19283.7999504521
som,2014,20230.9291310541
som,2015,22254.2356837607
som,2016,23061.7843138651
som,2017,23097.9873219373
som,2018,24300.0
som,2019,24300.0
som,2020,24300.0
som,2021,24300.0
som,2022,24300.0
som,2023,24300.0
srb,1990,3.86124077236218e-12
srb,1991,8.29140019526965e-12
srb,1992,7.31703662888075e-10
srb,1993,1.5867708675677
srb,1994,1.60020641155083
srb,1995,2.7200522376683
srb,1996,4.9425
srb,1997,6.66
srb,1998,9.58
srb,1999,18.94
srb,2000,44.02
srb,2001,66.91366
srb,2002,64.405225
srb,2003,57.5900416666667
srb,2004,58.3757083333333
srb,2005,66.717825
srb,2006,67.155125
srb,2007,58.4495666666667
srb,2008,55.72925
srb,2009,67.6049333333333
srb,2010,77.7228416666667
srb,2011,73.3554333333334
srb,2012,87.9588083333333
srb,2013,85.1588416666667
srb,2014,88.4053083333333
srb,2015,108.811425
srb,2016,111.27785
srb,2017,107.75885
srb,2018,100.175075
srb,2019,105.249558333333
srb,2020,103.163291666667
srb,2021,99.3959416666667
srb,2022,111.662183333333
srb,2023,108.402691666667
ssd,2008,2.09016282876984
ssd,2009,2.30153333333333
ssd,2010,2.30600092016667
ssd,2011,2.98895
ssd,2012,2.95
ssd,2013,2.95
ssd,2014,2.95
ssd,2015,3.60416666666667
ssd,2016,46.7291666666667
ssd,2017,113.6475
ssd,2018,301.643730381084
ssd,2019,604.861494497526
ssd,2020,715.156973103008
ssd,2021,989.436136453319
ssd,2022,2281.94847261038
ssd,2023,3337.02870506188
stp,1970,0.0513216475136921
stp,1971,0.0458197575269946
stp,1972,0.0455065611079082
stp,1973,0.0520251964472758
stp,1974,0.0483178543180375
stp,1975,0.0438545481894408
stp,1976,0.0419063878357508
stp,1977,0.0375580709605856
stp,1978,0.0361547244398969
stp,1979,0.0350245835666349
stp,1980,0.0347713987737202
stp,1981,0.0383994644452316
stp,1982,0.0409986020334229
stp,1983,0.0423351984738253
stp,1984,0.0441586673955886
stp,1985,0.0446043888483533
stp,1986,0.051108472873577
stp,1987,0.0721931135461118
stp,1988,0.0929697719683274
stp,1989,0.12467225
stp,1990,0.143330916666667
stp,1991,0.201815916666667
stp,1992,0.321337083333333
stp,1993,0.429854166666667
stp,1994,0.732628166666667
stp,1995,1.42034183333333
stp,1996,2.20316358333333
stp,1997,4.55250591666667
stp,1998,6.88324283333333
stp,1999,7.11895833333333
stp,2000,7.97817166666667
stp,2001,8.84210916666667
stp,2002,9.088325
stp,2003,9.34758333333333
stp,2004,9.90232416666667
stp,2005,10.5579703333333
stp,2006,12.4486425
stp,2007,13.536755
stp,2008,14.6952016666667
stp,2009,16.2084512541667
stp,2010,18.498601323751
stp,2011,17.6229350058197
stp,2012,19.0684168084154
stp,2013,18.4499526248781
stp,2014,18.4664030495763
stp,2015,22.0906445602113
stp,2016,22.1488606347838
stp,2017,21.7411383607116
stp,2018,20.7508592370914
stp,2019,21.8847418164689
stp,2020,21.5070590993582
stp,2021,20.7104015163031
stp,2022,23.2904039548641
stp,2023,22.6584247888496
sur,1970,0.001885
sur,1971,0.00188358333333333
sur,1972,0.001785
sur,1973,0.001785
sur,1974,0.001785
sur,1975,0.001785
sur,1976,0.001785
sur,1977,0.001785
sur,1978,0.001785
sur,1979,0.001785
sur,1980,0.001785
sur,1981,0.001785
sur,1982,0.001785
sur,1983,0.001785
sur,1984,0.001785
sur,1985,0.001785
sur,1986,0.001785
sur,1987,0.001785
sur,1988,0.001785
sur,1989,0.00439785294672174
sur,1990,0.00631770480819711
sur,1991,0.00686164156692402
sur,1992,0.00905200108422764
sur,1993,0.0227675645300751
sur,1994,0.119997679750649
sur,1995,0.442771989138674
sur,1996,0.401018353709048
sur,1997,0.401566152294698
sur,1998,0.401606425702811
sur,1999,0.834084264222251
sur,2000,1.32249051547874
sur,2001,2.17818225423409
sur,2002,2.34675
sur,2003,2.60133333333333
sur,2004,2.7335829756752
sur,2005,2.73166666547869
sur,2006,2.74375
sur,2007,2.745
sur,2008,2.745
sur,2009,2.745
sur,2010,2.74541666666667
sur,2011,3.268
sur,2012,3.3
sur,2013,3.3
sur,2014,3.3
sur,2015,3.41666666666667
sur,2016,6.22863027848979
sur,2017,7.487661125
sur,2018,7.4625111984127
sur,2019,7.458
sur,2020,9.30954545454546
sur,2021,18.2386666666667
sur,2022,24.7091747565789
sur,2023,36.7758691666667
svk,1990,0.595941490075018
svk,1991,0.978473743610167
svk,1992,0.935432295359487
svk,1993,1.02136305295536
svk,1994,1.06369359799951
svk,1995,0.986304742304544
svk,1996,1.01751809068579
svk,1997,1.11585230919029
svk,1998,1.16953517448937
svk,1999,1.37299453406802
svk,2000,1.52808758768727
svk,2001,1.60508641483547
svk,2002,1.5045724623249
svk,2003,1.22063721259599
svk,2004,1.07073347496072
svk,2005,1.02961727411538
svk,2006,0.985768107282746
svk,2007,0.819701697315717
svk,2008,0.709069131868376
svk,2009,0.716957702016136
svk,2010,0.754308990105961
svk,2011,0.718413898653317
svk,2012,0.778338120416812
svk,2013,0.752945122701996
svk,2014,0.752728196932603
svk,2015,0.901296423367096
svk,2016,0.903421436257263
svk,2017,0.885205508269372
svk,2018,0.846772667108111
svk,2019,0.893276257067409
svk,2020,0.875506396987998
svk,2021,0.84549413889045
svk,2022,0.949623753156941
svk,2023,0.924839558470698
svn,1990,0.0472375229510933
svn,1991,0.115052578868302
svn,1992,0.33920460551939
svn,1993,0.4725500055639
svn,1994,0.537508589272797
svn,1995,0.494568797640907
svn,1996,0.564865249262782
svn,1997,0.666367606966003
svn,1998,0.693265592833696
svn,1999,0.758509402993378
svn,2000,0.929127382045289
svn,2001,1.01297293857453
svn,2002,1.002538036221
svn,2003,0.864270220733521
svn,2004,0.802792206365102
svn,2005,0.804145668502754
svn,2006,0.7971467944973
svn,2007,0.729672399984083
svn,2008,0.679922680042729
svn,2009,0.716957702016136
svn,2010,0.754308990105961
svn,2011,0.718413898653317
svn,2012,0.778338120416812
svn,2013,0.752945122701996
svn,2014,0.752728196932603
svn,2015,0.901296423367096
svn,2016,0.903421436257263
svn,2017,0.885205508269372
svn,2018,0.846772667108111
svn,2019,0.893276257067409
svn,2020,0.875506396987998
svn,2021,0.84549413889045
svn,2022,0.949623753156941
svn,2023,0.924839558470698
swe,1950,5.16999993651098
swe,1951,5.17319999059316
swe,1952,5.17220006309944
swe,1953,5.17419991808688
swe,1954,5.17220006309944
swe,1955,5.17319999059316
swe,1956,5.17319999059316
swe,1957,5.17220006309944
swe,1958,5.17319999059316
swe,1959,5.17319999059316
swe,1960,5.17319999059316
swe,1961,5.17319999059316
swe,1962,5.17319999059316
swe,1963,5.17319999059316
swe,1964,5.17319999059316
swe,1965,5.17319999059316
swe,1966,5.17319999059316
swe,1967,5.17319999059316
swe,1968,5.17319999059316
swe,1969,5.17319999059316
swe,1970,5.17321000417321
swe,1971,5.12590524750268
swe,1972,4.76241666566667
swe,1973,4.367249999
swe,1974,4.439424999
swe,1975,4.15219166566667
swe,1976,4.35589166566667
swe,1977,4.48164166566667
swe,1978,4.518474999
swe,1979,4.28708333233333
swe,1980,4.229574999
swe,1981,5.06344166566667
swe,1982,6.28260833233333
swe,1983,7.66710833233333
swe,1984,8.27179999941667
swe,1985,8.60392499966667
swe,1986,7.12358333333333
swe,1987,6.34044166666667
swe,1988,6.12715
swe,1989,6.44687583333333
swe,1990,5.91879
swe,1991,6.04746666666667
swe,1992,5.82383333333333
swe,1993,7.78342666666667
swe,1994,7.71597
swe,1995,7.13326833333333
swe,1996,6.70595583333333
swe,1997,7.63489416666667
swe,1998,7.94986816666667
swe,1999,8.26242833333333
swe,2000,9.16224416666667
swe,2001,10.3291358333333
swe,2002,9.73712333333333
swe,2003,8.08630416666667
swe,2004,7.34888666666667
swe,2005,7.47308833333333
swe,2006,7.37824916666667
swe,2007,6.75877
swe,2008,6.59109916666667
swe,2009,7.65381916666667
swe,2010,7.20752416666667
swe,2011,6.49354333333333
swe,2012,6.77501583333333
swe,2013,6.51397166666667
swe,2014,6.860785
swe,2015,8.43484083333333
swe,2016,8.56199166666667
swe,2017,8.54886083333333
swe,2018,8.69251833333333
swe,2019,9.45834916666666
swe,2020,9.21030902842085
swe,2021,8.57656671607378
swe,2022,10.114251277564
swe,2023,10.6101612965536
swz,1970,0.714285999714286
swz,1971,0.715216916321429
swz,1972,0.768725237196027
swz,1973,0.693959098021092
swz,1974,0.679477003570251
swz,1975,0.739507755296336
swz,1976,0.869565218147448
swz,1977,0.869565218147448
swz,1978,0.869565218147448
swz,1979,0.842022601934943
swz,1980,0.778833737276041
swz,1981,0.877578942758154
swz,1982,1.08581583308333
swz,1983,1.11409999975
swz,1984,1.47527749975
swz,1985,2.22867499941667
swz,1986,2.28503166641667
swz,1987,2.03603333333333
swz,1988,2.2734675
swz,1989,2.6226775
swz,1990,2.58732083333333
swz,1991,2.761315
swz,1992,2.85201416666667
swz,1993,3.26774158333333
swz,1994,3.55079833333333
swz,1995,3.627085
swz,1996,4.29934916666667
swz,1997,4.60796166666667
swz,1998,5.52828416666667
swz,1999,6.10948416666667
swz,2000,6.93982833333333
swz,2001,8.60918083333333
swz,2002,10.5407466666667
swz,2003,7.56474916666667
swz,2004,6.4596925
swz,2005,6.35932833333333
swz,2006,6.77154916666667
swz,2007,7.045365
swz,2008,8.26122333333333
swz,2009,8.47367415824888
swz,2010,7.32122196115288
swz,2011,7.26113213232735
swz,2012,8.20996862659331
swz,2013,9.65505606913526
swz,2014,10.8526555687831
swz,2015,12.7589308811644
swz,2016,14.7096108855267
swz,2017,13.3238014244992
swz,2018,13.2339264715833
swz,2019,14.4517892288824
swz,2020,16.4702558654325
swz,2021,14.7834351395784
swz,2022,16.3622830559282
swz,2023,18.4535924917449
sxm,2005,1.79
sxm,2006,1.79
sxm,2007,1.79
sxm,2008,1.79
sxm,2009,1.79
sxm,2010,1.79
sxm,2011,1.79
sxm,2012,1.79
sxm,2013,1.79
sxm,2014,1.79
sxm,2015,1.79
sxm,2016,1.79
sxm,2017,1.79
sxm,2018,1.79
sxm,2019,1.79
sxm,2020,1.79
sxm,2021,1.79
sxm,2022,1.79
sxm,2023,1.79
syc,1960,4.76189502476315
syc,1961,4.76189502476315
syc,1962,4.76189502476315
syc,1963,4.76189502476315
syc,1964,4.76189502476315
syc,1965,4.76189502476315
syc,1966,4.76189502476315
syc,1967,4.8280328132905
syc,1968,5.55554562606844
syc,1969,5.55554562606844
syc,1970,5.55554610290558
syc,1971,5.48576275469367
syc,1972,5.33853333233333
syc,1973,5.44228333233333
syc,1974,5.70309166566667
syc,1975,6.026799999
syc,1976,7.41888333241667
syc,1977,7.64338333233333
syc,1978,6.95246666566667
syc,1979,6.332649999
syc,1980,6.391949999
syc,1981,6.314924999
syc,1982,6.55254166566667
syc,1983,6.76764166566667
syc,1984,7.05886666625
syc,1985,7.13433333333333
syc,1986,6.17679166666667
syc,1987,5.60000833333333
syc,1988,5.38356666666667
syc,1989,5.64571666666667
syc,1990,5.3369
syc,1991,5.28930833333333
syc,1992,5.12198333333333
syc,1993,5.18153333333333
syc,1994,5.05585833333333
syc,1995,4.761975
syc,1996,4.96998333333333
syc,1997,5.02634166666667
syc,1998,5.26219166666667
syc,1999,5.34258333333333
syc,2000,5.71381666666667
syc,2001,5.85754166666667
syc,2002,5.48003333333333
syc,2003,5.40071666666667
syc,2004,5.5
syc,2005,5.5
syc,2006,5.51969166666667
syc,2007,6.7010595376306
syc,2008,9.45724328344921
syc,2009,13.60994045249
syc,2010,12.06775664095
syc,2011,12.3810319073844
syc,2012,13.7040312149325
syc,2013,12.0583166666667
syc,2014,12.7470333333333
syc,2015,13.313925
syc,2016,13.3191166666667
syc,2017,13.6478416666667
syc,2018,13.9111166666667
syc,2019,14.03325
syc,2020,17.6165187554113
syc,2021,16.9205225709613
syc,2022,14.2727945255291
syc,2023,14.0181106992979
syr,1960,3.65497380797106
syr,1961,3.65497380797106
syr,1962,3.76727761116563
syr,1963,3.9
syr,1964,3.9
syr,1965,3.9
syr,1966,3.9
syr,1967,3.9
syr,1968,3.9
syr,1969,3.9
syr,1970,3.9
syr,1971,3.9
syr,1972,3.9
syr,1973,3.9
syr,1974,3.9
syr,1975,3.9
syr,1976,3.9
syr,1977,3.9
syr,1978,3.9
syr,1979,3.9
syr,1980,3.9
syr,1981,3.9
syr,1982,3.9
syr,1983,3.9
syr,1984,3.9
syr,1985,8.2862665176766
syr,1986,10.260832755148
syr,1987,12.5565755915046
syr,1988,15.5993270397811
syr,1989,20.3114394651484
syr,1990,24.046192752033
syr,1991,25.0297726601452
syr,1992,25.7248121711205
syr,1993,26.6
syr,1994,40.8459538103899
syr,1995,42.1721955429076
syr,1996,45.626198951437
syr,1997,46.08933146118
syr,1998,45.25
syr,1999,46.0
syr,2000,46.0
syr,2001,46.0
syr,2002,46.9333333333333
syr,2003,51.5
syr,2004,51.6133333333333
syr,2005,53.0491666666667
syr,2006,52.1433333333333
syr,2007,50.18
syr,2008,46.5783333333333
syr,2009,46.5833333333333
syr,2010,46.1716666666667
syr,2011,48.3366666666667
syr,2012,64.5808333333333
syr,2013,108.733333333333
syr,2014,154.13
syr,2015,237.029166666667
syr,2016,460.275833333333
syr,2017,492.610833333333
syr,2018,436.5
syr,2019,436.5
syr,2020,877.945250896057
syr,2021,1256.0
syr,2022,2505.74691085873
syr,2023,7411.64874551971
tca,1970,1.0
tca,1971,1.0
tca,1972,1.0
tca,1973,1.0
tca,1974,1.0
tca,1975,1.0
tca,1976,1.0
tca,1977,1.0
tca,1978,1.0
tca,1979,1.0
tca,1980,1.0
tca,1981,1.0
tca,1982,1.0
tca,1983,1.0
tca,1984,1.0
tca,1985,1.0
tca,1986,1.0
tca,1987,1.0
tca,1988,1.0
tca,1989,1.0
tca,1990,1.0
tca,1991,1.0
tca,1992,1.0
tca,1993,1.0
tca,1994,1.0
tca,1995,1.0
tca,1996,1.0
tca,1997,1.0
tca,1998,1.0
tca,1999,1.0
tca,2000,1.0
tca,2001,1.0
tca,2002,1.0
tca,2003,1.0
tca,2004,1.0
tca,2005,1.0
tca,2006,1.0
tca,2007,1.0
tca,2008,1.0
tca,2009,1.0
tca,2010,1.0
tca,2011,1.0
tca,2012,1.0
tca,2013,1.0
tca,2014,1.0
tca,2015,1.0
tca,2016,1.0
tca,2017,1.0
tca,2018,1.0
tca,2019,1.0
tca,2020,1.0
tca,2021,1.0
tca,2022,1.0
tca,2023,1.0
tcd,1960,245.195098717111
tcd,1961,245.260101158475
tcd,1962,245.013900597112
tcd,1963,245.016403038517
tcd,1964,245.027206261166
tcd,1965,245.060897667394
tcd,1966,245.678405601562
tcd,1967,246.000900108188
tcd,1968,247.564697104238
tcd,1969,259.960601637173
tcd,1970,276.403137026845
tcd,1971,275.356456685332
tcd,1972,252.027627462649
tcd,1973,222.889183053227
tcd,1974,240.704667637823
tcd,1975,214.312900341219
tcd,1976,238.950494267059
tcd,1977,245.679686566576
tcd,1978,225.655860233957
tcd,1979,212.721644262377
tcd,1980,211.279555414705
tcd,1981,271.731452550327
tcd,1982,328.60625269899
tcd,1983,381.066036024628
tcd,1984,436.956665788008
tcd,1985,449.262962711607
tcd,1986,346.305903554493
tcd,1987,300.536562401478
tcd,1988,297.848218819378
tcd,1989,319.008299487903
tcd,1990,272.264787954393
tcd,1991,282.10690880882
tcd,1992,264.691800750579
tcd,1993,283.162579500018
tcd,1994,555.204695655697
tcd,1995,499.14842590131
tcd,1996,511.552430272516
tcd,1997,583.669372353396
tcd,1998,589.951774567332
tcd,1999,615.473349319164
tcd,2000,710.207977031367
tcd,2001,732.397693260228
tcd,2002,693.713226496374
tcd,2003,579.897426172466
tcd,2004,527.338032291576
tcd,2005,527.258362649626
tcd,2006,522.425624895176
tcd,2007,478.633718476363
tcd,2008,446.000041432788
tcd,2009,470.293423341398
tcd,2010,494.794262222947
tcd,2011,471.248625718937
tcd,2012,510.556338454251
tcd,2013,493.899623852237
tcd,2014,493.757329875312
tcd,2015,591.21169798261
tcd,2016,592.605615063022
tcd,2017,580.656749587858
tcd,2018,555.446458398226
tcd,2019,585.911013180369
tcd,2020,575.586004510945
tcd,2021,554.530675033104
tcd,2022,623.759700911182
tcd,2023,606.569750165917
tgo,1960,245.195098717111
tgo,1961,245.260101158475
tgo,1962,245.013900597112
tgo,1963,245.016403038517
tgo,1964,245.027206261166
tgo,1965,245.060897667394
tgo,1966,245.678405601562
tgo,1967,246.000900108188
tgo,1968,247.564697104238
tgo,1969,259.960601637173
tgo,1970,276.403137026845
tgo,1971,275.356456685332
tgo,1972,252.027627462649
tgo,1973,222.889183053227
tgo,1974,240.704667637823
tgo,1975,214.312900341219
tgo,1976,238.950494267059
tgo,1977,245.679686566576
tgo,1978,225.655860233957
tgo,1979,212.721644262377
tgo,1980,211.279555414705
tgo,1981,271.731452550327
tgo,1982,328.60625269899
tgo,1983,381.066036024628
tgo,1984,436.956665788008
tgo,1985,449.262962711607
tgo,1986,346.305903554493
tgo,1987,300.536562401478
tgo,1988,297.848218819378
tgo,1989,319.008299487903
tgo,1990,272.264787954393
tgo,1991,282.10690880882
tgo,1992,264.691800750579
tgo,1993,283.162579500018
tgo,1994,555.204695655697
tgo,1995,499.14842590131
tgo,1996,511.552430272516
tgo,1997,583.669372353396
tgo,1998,589.951774567332
tgo,1999,615.473349319164
tgo,2000,710.207977031367
tgo,2001,732.397693260228
tgo,2002,693.713226496374
tgo,2003,579.897426172466
tgo,2004,527.338032291576
tgo,2005,527.258362649626
tgo,2006,522.425624895176
tgo,2007,478.633718476363
tgo,2008,446.000041432788
tgo,2009,470.293423341398
tgo,2010,494.794262222947
tgo,2011,471.248625718937
tgo,2012,510.556338454251
tgo,2013,493.899623852237
tgo,2014,493.757329875312
tgo,2015,591.21169798261
tgo,2016,592.605615063022
tgo,2017,580.656749587858
tgo,2018,555.446458398226
tgo,2019,585.911013180369
tgo,2020,575.586004510945
tgo,2021,554.530675033104
tgo,2022,623.759700911182
tgo,2023,606.569750165917
tha,1950,21.8818348536021
tha,1951,21.5618008144591
tha,1952,18.8715846487685
tha,1953,18.2315299219234
tha,1954,21.1317642534763
tha,1955,21.6418121852679
tha,1956,20.7817371559536
tha,1957,20.7517345608304
tha,1958,20.9917553218159
tha,1959,21.1717689852063
tha,1960,21.1817711218132
tha,1961,21.0584400472257
tha,1962,20.8801105727415
tha,1963,20.8300808162201
tha,1964,20.8000000198
tha,1965,20.8000000198
tha,1966,20.8000000198
tha,1967,20.8000000198
tha,1968,20.8000000198
tha,1969,20.8000000198
tha,1970,20.8000000198
tha,1971,20.8000000180667
tha,1972,20.8000294920375
tha,1973,20.6195816363913
tha,1974,20.3751027981272
tha,1975,20.3792694856493
tha,1976,20.4001029232598
tha,1977,20.4001029232598
tha,1978,20.3361026003602
tha,1979,20.4189363516965
tha,1980,20.4763533080478
tha,1981,21.8204434231107
tha,1982,23.0001160420577
tha,1983,23.0001160420577
tha,1984,23.6393692671034
tha,1985,27.1588870239775
tha,1986,26.2988826852636
tha,1987,25.7227964454131
tha,1988,25.2938776147303
tha,1989,25.702046340723
tha,1990,25.585462419191
tha,1991,25.5167954060799
tha,1992,25.4001281507941
tha,1993,25.3196110778962
tha,1994,25.1499518885845
tha,1995,24.9151757040726
tha,1996,25.3426828609665
tha,1997,31.3643344542954
tha,1998,41.3593875
tha,1999,37.8136558333333
tha,2000,40.1118033333333
tha,2001,44.4319
tha,2002,42.9600833333333
tha,2003,41.4846166666667
tha,2004,40.2224149175021
tha,2005,40.2201302083333
tha,2006,37.8819832215363
tha,2007,34.5181805917013
tha,2008,33.3133006412338
tha,2009,34.2857741234241
tha,2010,31.685705
tha,2011,30.4917333333333
tha,2012,31.0830916666667
tha,2013,30.7259666666667
tha,2014,32.4798333333333
tha,2015,34.2477166666667
tha,2016,35.2963833333333
tha,2017,33.9398110566858
tha,2018,32.3102257431458
tha,2019,31.0476057805499
tha,2020,31.2936732130832
tha,2021,31.9770934417717
tha,2022,35.0613502144776
tha,2023,34.8021885808364
tjk,1990,2.54316834938835e-05
tjk,1991,4.86069990489125e-05
tjk,1992,0.000322187174305191
tjk,1993,0.00412713642459408
tjk,1994,0.0129724146295168
tjk,1995,0.0566705536225246
tjk,1996,0.2955
tjk,1997,0.562333333333333
tjk,1998,0.776625
tjk,1999,1.23779166666667
tjk,2000,2.07625
tjk,2001,2.37219166666667
tjk,2002,2.76413333333333
tjk,2003,3.06136666666667
tjk,2004,2.97050833333333
tjk,2005,3.11656666666667
tjk,2006,3.29840833333333
tjk,2007,3.44248333333333
tjk,2008,3.430725
tjk,2009,4.14270833333333
tjk,2010,4.37896666666667
tjk,2011,4.61018333333333
tjk,2012,4.73770833333333
tjk,2013,4.76423333333333
tjk,2014,4.93756666666667
tjk,2015,6.16311666666667
tjk,2016,7.835675
tjk,2017,8.54974166666667
tjk,2018,9.15121666666667
tjk,2019,9.53036666666667
tjk,2020,10.3219416666667
tjk,2021,11.30885
tjk,2022,11.031075
tjk,2023,10.844525
tkm,1990,9.90038231028146e-07
tkm,1991,1.94172247204799e-06
tkm,1992,6.07506992986619e-05
tkm,1993,0.000732153593394835
tkm,1994,0.00753951812164464
tkm,1995,0.0595465980068137
tkm,1996,0.651533333333334
tkm,1997,0.828683333333334
tkm,1998,0.978033333333334
tkm,1999,1.04
tkm,2000,1.04
tkm,2001,1.04
tkm,2002,1.04
tkm,2003,1.05380889742072
tkm,2004,1.21447984435854
tkm,2005,1.26028141929798
tkm,2006,1.37236139843409
tkm,2007,1.46006002885802
tkm,2008,2.28725806451613
tkm,2009,2.85
tkm,2010,2.85
tkm,2011,2.85
tkm,2012,2.85
tkm,2013,2.85
tkm,2014,2.85
tkm,2015,3.4755376344086
tkm,2016,3.5
tkm,2017,3.5
tkm,2018,3.5
tkm,2019,3.5
tkm,2020,3.5
tkm,2021,3.5
tkm,2022,3.5
tkm,2023,3.5
tto,1950,1.71429002370718
tto,1951,1.71429002370718
tto,1952,1.71529007043772
tto,1953,1.71429002370718
tto,1954,1.71529007043772
tto,1955,1.71529007043772
tto,1956,1.71429002370718
tto,1957,1.71529007043772
tto,1958,1.71429002370718
tto,1959,1.71429002370718
tto,1960,1.71429002370718
tto,1961,1.71429002370718
tto,1962,1.71429002370718
tto,1963,1.71429002370718
tto,1964,1.71429002370718
tto,1965,1.71429002370718
tto,1966,1.71429002370718
tto,1967,1.73809897986533
tto,1968,2.000000001
tto,1969,2.000000001
tto,1970,2.000000001
tto,1971,1.97487615196877
tto,1972,1.92128071035726
tto,1973,1.95922053743668
tto,1974,2.05323091078878
tto,1975,2.1697975952
tto,1976,2.4357864317
tto,1977,2.399999999
tto,1978,2.399999999
tto,1979,2.399999999
tto,1980,2.399999999
tto,1981,2.399999999
tto,1982,2.399999999
tto,1983,2.399999999
tto,1984,2.39999999958333
tto,1985,2.45
tto,1986,3.6
tto,1987,3.6
tto,1988,3.84375
tto,1989,4.25
tto,1990,4.25
tto,1991,4.25
tto,1992,4.25
tto,1993,5.35109666666667
tto,1994,5.92492916666667
tto,1995,5.94779583333333
tto,1996,6.00506583333333
tto,1997,6.25167833333333
tto,1998,6.2983075
tto,1999,6.2989
tto,2000,6.29979666666667
tto,2001,6.23321666666667
tto,2002,6.24868333333333
tto,2003,6.2951
tto,2004,6.29899166666667
tto,2005,6.29955833333333
tto,2006,6.31228333333333
tto,2007,6.32803333333333
tto,2008,6.28943333333333
tto,2009,6.32490833333333
tto,2010,6.37550833333333
tto,2011,6.40930070568578
tto,2012,6.42960265594542
tto,2013,6.44262939764659
tto,2014,6.40909457829793
tto,2015,6.37744166666667
tto,2016,6.66896666666667
tto,2017,6.779525
tto,2018,6.77075089824606
tto,2019,6.7543266828632
tto,2020,6.75105268711505
tto,2021,6.75853004916294
tto,2022,6.75412896099475
tto,2023,6.75026237934501
tun,1960,0.420000005580465
tun,1961,0.420000005580465
tun,1962,0.420000005580465
tun,1963,0.420000005580465
tun,1964,0.446250011517179
tun,1965,0.524999999525
tun,1966,0.524999999525
tun,1967,0.524999999525
tun,1968,0.524999999525
tun,1969,0.524999999525
tun,1970,0.524999999525
tun,1971,0.52291666623125
tun,1972,0.477083333
tun,1973,0.421595832833333
tun,1974,0.436508332333333
tun,1975,0.402266665666667
tun,1976,0.428774999
tun,1977,0.428949999
tun,1978,0.416170832333333
tun,1979,0.406462499
tun,1980,0.404954165666667
tun,1981,0.493804165666667
tun,1982,0.590687499
tun,1983,0.67876666575
tun,1984,0.776833332916667
tun,1985,0.83449583325
tun,1986,0.794029166666667
tun,1987,0.8286625
tun,1988,0.857804166666667
tun,1989,0.949320833333333
tun,1990,0.878333333333333
tun,1991,0.924620833333333
tun,1992,0.884433333333333
tun,1993,1.00374166666667
tun,1994,1.01155416666667
tun,1995,0.94575
tun,1996,0.973408333333333
tun,1997,1.10590833333333
tun,1998,1.138725
tun,1999,1.186225
tun,2000,1.37068333333333
tun,2001,1.4387125
tun,2002,1.42173333333333
tun,2003,1.28845833333333
tun,2004,1.24546666666667
tun,2005,1.29743333333333
tun,2006,1.331025
tun,2007,1.28135833333333
tun,2008,1.23214166666667
tun,2009,1.350275
tun,2010,1.4314
tun,2011,1.40778333333333
tun,2012,1.56189166666667
tun,2013,1.62465833333333
tun,2014,1.697675
tun,2015,1.961625
tun,2016,2.14803333333333
tun,2017,2.419425
tun,2018,2.64686666666667
tun,2019,2.93443333333333
tun,2020,2.81235833333333
tun,2021,2.79446666666667
tun,2022,3.1036
tun,2023,3.10616666666667
tur,1950,2.79996003627634e-06
tur,1951,2.79996003627634e-06
tur,1952,2.79996003627634e-06
tur,1953,2.79996003627634e-06
tur,1954,2.79996003627634e-06
tur,1955,2.79897005125577e-06
tur,1956,2.79996003627634e-06
tur,1957,2.79996003627634e-06
tur,1958,2.79996003627634e-06
tur,1959,2.79996003627634e-06
tur,1960,4.87026018513238e-06
tur,1961,9.00000066094455e-06
tur,1962,9.00000066094455e-06
tur,1963,9.00000066094455e-06
tur,1964,9.00000066094455e-06
tur,1965,8.99901022117662e-06
tur,1966,8.99901022117662e-06
tur,1967,9.00099019121775e-06
tur,1968,9.00000066094455e-06
tur,1969,9.00000066094455e-06
tur,1970,1.1328499999e-05
tur,1971,1.48666666670833e-05
tur,1972,1.415e-05
tur,1973,1.415e-05
tur,1974,1.39270833330833e-05
tur,1975,1.44420833326667e-05
tur,1976,1.60530833323333e-05
tur,1977,1.8002249999e-05
tur,1978,2.42821666656667e-05
tur,1979,3.1077499999e-05
tur,1980,7.60380833328333e-05
tur,1981,0.000111218583332667
tur,1982,0.000162553416665667
tur,1983,0.00022545708333225
tur,1984,0.000366677833333167
tur,1985,0.000521983083333167
tur,1986,0.00067451175000025
tur,1987,0.000857214166666667
tur,1988,0.00142234583333333
tur,1989,0.00212167916666667
tur,1990,0.00260864166666667
tur,1991,0.00417181583333333
tur,1992,0.00687242333333333
tur,1993,0.0109846283333333
tur,1994,0.0296086758333333
tur,1995,0.0458450608333333
tur,1996,0.0814048916666667
tur,1997,0.151865
tur,1998,0.26072425
tur,1999,0.418782916666667
tur,2000,0.6252185
tur,2001,1.22558808333333
tur,2002,1.50722641666667
tur,2003,1.50088520858333
tur,2004,1.42553725
tur,2005,1.34358310833333
tur,2006,1.42845341333845
tur,2007,1.30293090533794
tur,2008,1.30152170281795
tur,2009,1.54995977566564
tur,2010,1.5028486296723
tur,2011,1.67495455197133
tur,2012,1.79600094441355
tur,2013,1.90376824244752
tur,2014,2.18854241775473
tur,2015,2.72000852790579
tur,2016,3.02013474808043
tur,2017,3.64813263536866
tur,2018,4.82837014720942
tur,2019,5.67381930843574
tur,2020,7.00860541558522
tur,2021,8.85040754928315
tur,2022,16.5488604173067
tur,2023,23.7385661219918
twn,1951,10.3
twn,1952,10.3
twn,1953,15.55
twn,1954,15.55
twn,1955,15.55
twn,1956,24.78
twn,1957,24.78
twn,1958,24.78
twn,1959,36.38
twn,1960,36.38
twn,1961,40.0
twn,1962,40.0
twn,1963,40.0
twn,1964,40.0
twn,1965,40.0
twn,1966,40.0
twn,1967,40.0
twn,1968,40.0
twn,1969,40.0
twn,1970,40.0
twn,1971,40.0
twn,1972,40.0
twn,1973,38.25
twn,1974,38.0
twn,1975,38.0
twn,1976,38.0
twn,1977,38.0
twn,1978,36.95
twn,1979,36.0
twn,1980,36.0
twn,1981,36.79
twn,1982,39.12
twn,1983,40.06
twn,1984,39.62
twn,1985,39.86
twn,1986,37.85
twn,1987,31.87
twn,1988,28.61
twn,1989,26.41
twn,1990,26.89
twn,1991,26.82
twn,1992,25.16
twn,1993,26.39
twn,1994,26.46
twn,1995,26.49
twn,1996,27.46
twn,1997,28.7
twn,1998,33.46
twn,1999,32.27
twn,2000,31.23
twn,2001,33.81
twn,2002,34.58
twn,2003,34.42
twn,2004,33.43
twn,2005,32.18
twn,2006,32.53
twn,2007,32.84
twn,2008,31.54
twn,2009,33.06
twn,2010,31.65
twn,2011,29.47
twn,2012,29.62
twn,2013,29.77
twn,2014,30.37
twn,2015,31.91
twn,2016,32.33
twn,2017,30.44
twn,2018,30.16
twn,2019,30.93
twn,2020,29.58
twn,2021,28.02
twn,2022,29.81
twn,2023,31.16
tza,1960,7.02614981898821
tza,1961,7.02614981898821
tza,1962,7.02614981898821
tza,1963,7.02614981898821
tza,1964,7.02614981898821
tza,1965,7.02614981898821
tza,1966,7.02614981898821
tza,1967,7.02614981898821
tza,1968,7.02714974651882
tza,1969,7.02714974651882
tza,1970,7.14286000614286
tza,1971,7.14286000554762
tza,1972,7.142899999
tza,1973,7.02144666566667
tza,1974,7.13498333233333
tza,1975,7.36679166566667
tza,1976,8.37677499941667
tza,1977,8.2892083325
tza,1978,7.712049999
tza,1979,8.216624999
tza,1980,8.19659166583333
tza,1981,8.28350833258333
tza,1982,9.28259166583333
tza,1983,11.1427833323333
tza,1984,15.2922499995
tza,1985,17.4723333330833
tza,1986,32.6980166664167
tza,1987,64.26035
tza,1988,99.2921083333333
tza,1989,143.376916666667
tza,1990,195.055916666667
tza,1991,219.157416666667
tza,1992,297.708083333333
tza,1993,405.274016666667
tza,1994,509.630875
tza,1995,574.761741666667
tza,1996,579.976666666667
tza,1997,612.1225
tza,1998,664.671208333333
tza,1999,744.759075
tza,2000,800.408516666667
tza,2001,876.411666666667
tza,2002,966.582784259259
tza,2003,1038.41900659604
tza,2004,1089.33477148982
tza,2005,1128.93417916192
tza,2006,1251.89997292515
tza,2007,1245.03546404783
tza,2008,1196.31070921046
tza,2009,1320.31206074041
tza,2010,1395.625
tza,2011,1557.43333333333
tza,2012,1571.69833333333
tza,2013,1597.55583333333
tza,2014,1653.23083333333
tza,2015,1991.39083333333
tza,2016,2177.08666666667
tza,2017,2228.85666666667
tza,2018,2263.78166666667
tza,2019,2288.20666666667
tza,2020,2294.14615050509
tza,2021,2297.76422623792
tza,2022,2315.29074731183
tza,2023,2406.91669802867
uga,1950,0.07143000007143
uga,1951,0.07143000007143
uga,1952,0.07143000007143
uga,1953,0.07143000007143
uga,1954,0.07143000007143
uga,1955,0.07143000007143
uga,1956,0.07143000007143
uga,1957,0.07143000007143
uga,1958,0.07143000007143
uga,1959,0.07143000007143
uga,1960,0.07143000007143
uga,1961,0.07143000007143
uga,1962,0.07143000007143
uga,1963,0.07143000007143
uga,1964,0.07143000007143
uga,1965,0.07143000007143
uga,1966,0.07143000007143
uga,1967,0.07143000007143
uga,1968,0.07143000007143
uga,1969,0.07143000007143
uga,1970,0.07143000007143
uga,1971,0.0714299958900811
uga,1972,0.07142999999
uga,1973,0.07021449999
uga,1974,0.07135949999
uga,1975,0.0873540424031475
uga,1976,0.0975168195769863
uga,1977,0.166135079671016
uga,1978,0.213916034941432
uga,1979,0.335712128667352
uga,1980,0.594790811801145
uga,1981,0.93839698058785
uga,1982,1.18305016746805
uga,1983,1.65148799477071
uga,1984,2.66726999913087
uga,1985,6.72020000000583
uga,1986,14.0
uga,1987,42.8412666666667
uga,1988,106.135833333333
uga,1989,223.09160630809
uga,1990,428.854666666667
uga,1991,734.009916666667
uga,1992,1133.83433333333
uga,1993,1195.01675
uga,1994,979.445416666667
uga,1995,968.916666666667
uga,1996,1046.08475
uga,1997,1083.00866666667
uga,1998,1240.30583333333
uga,1999,1454.82716666667
uga,2000,1644.47533333333
uga,2001,1755.65875
uga,2002,1797.5505
uga,2003,1963.72008333333
uga,2004,1810.30471365151
uga,2005,1780.54026086523
uga,2006,1831.45185089088
uga,2007,1723.49158714041
uga,2008,1720.4438791511
uga,2009,2030.48807433418
uga,2010,2177.55750683358
uga,2011,2522.80203252264
uga,2012,2504.56307758328
uga,2013,2586.88956856561
uga,2014,2599.78820061067
uga,2015,3240.64542033826
uga,2016,3420.09800724736
uga,2017,3611.22445804461
uga,2018,3727.06899484612
uga,2019,3704.04907169681
uga,2020,3718.24892270924
uga,2021,3587.05170733908
uga,2022,3689.81738566862
uga,2023,3726.14045997086
ukr,1990,1.85172455007277e-05
ukr,1991,3.51523041346166e-05
ukr,1992,0.000641389346067234
ukr,1993,0.0215192773226247
ukr,1994,0.221957985420723
ukr,1995,1.12073885382864
ukr,1996,1.82946855833333
ukr,1997,1.86165833333333
ukr,1998,2.44954166666667
ukr,1999,4.13044166666667
ukr,2000,5.44023333333333
ukr,2001,5.37215833333333
ukr,2002,5.326625
ukr,2003,5.33268833333333
ukr,2004,5.31918066666667
ukr,2005,5.124729
ukr,2006,5.05
ukr,2007,5.05
ukr,2008,5.26722141666667
ukr,2009,7.79124033333333
ukr,2010,7.93563941666667
ukr,2011,7.96756283333333
ukr,2012,7.99102933333333
ukr,2013,7.993
ukr,2014,11.8866594166667
ukr,2015,21.8446977666667
ukr,2016,25.5513341166667
ukr,2017,26.5966063
ukr,2018,27.2004923333333
ukr,2019,25.8455893333333
ukr,2020,26.9575243833333
ukr,2021,27.2861893833333
ukr,2022,32.3423016
ukr,2023,36.5738081166667
ury,1950,2.6299999618599e-06
ury,1951,2.32000005280937e-06
ury,1952,2.75000005867708e-06
ury,1953,3.01999993545521e-06
ury,1954,3.31000005574322e-06
ury,1955,3.52000011148645e-06
ury,1956,4.17000006747864e-06
ury,1957,4.28000026991456e-06
ury,1958,7.60000022003904e-06
ury,1959,1.04000002053698e-05
ury,1960,1.12999997946302e-05
ury,1961,1.10000002347083e-05
ury,1962,1.10000002347083e-05
ury,1963,1.46000004107395e-05
ury,1964,1.63999995892604e-05
ury,1965,2.90000011148645e-05
ury,1966,5.39000000586771e-05
ury,1967,0.000104961998259638
ury,1968,0.000231854009551455
ury,1969,0.000248
ury,1970,0.000248
ury,1971,0.000248
ury,1972,0.000530825833333333
ury,1973,0.000857150833333333
ury,1974,0.0011821325
ury,1975,0.00223583333333333
ury,1976,0.0033025
ury,1977,0.00464666666666667
ury,1978,0.00602333333333333
ury,1979,0.00783833333333333
ury,1980,0.0090725
ury,1981,0.0107933333333333
ury,1982,0.0138533333333333
ury,1983,0.0343758333333333
ury,1984,0.0558933333333333
ury,1985,0.101155833333333
ury,1986,0.151434166666667
ury,1987,0.225521666666667
ury,1988,0.3585075
ury,1989,0.621178333333333
ury,1990,1.16948416666667
ury,1991,2.01766333333333
ury,1992,3.02481166666667
ury,1993,3.94109166666667
ury,1994,5.04391666666667
ury,1995,6.349
ury,1996,7.97183333333333
ury,1997,9.44183333333333
ury,1998,10.4719166666667
ury,1999,11.3393
ury,2000,12.0995916666667
ury,2001,13.3191166666667
ury,2002,21.2569666666667
ury,2003,28.2086833333333
ury,2004,28.7037333333333
ury,2005,24.4786
ury,2006,24.0733583333333
ury,2007,23.471025
ury,2008,20.9493166666667
ury,2009,22.5679833333333
ury,2010,20.059275
ury,2011,19.3142083333333
ury,2012,20.310575
ury,2013,20.4816083333333
ury,2014,23.246025
ury,2015,27.3273666666667
ury,2016,30.1626
ury,2017,28.6764
ury,2018,30.7252583333333
ury,2019,35.255375
ury,2020,42.0132916666667
ury,2021,43.554575
ury,2022,41.1710833333333
ury,2023,38.8239166666667
usa,1950,1.0
usa,1951,1.0
usa,1952,1.0
usa,1953,1.0
usa,1954,1.0
usa,1955,1.0
usa,1956,1.0
usa,1957,1.0
usa,1958,1.0
usa,1959,1.0
usa,1960,1.0
usa,1961,1.0
usa,1962,1.0
usa,1963,1.0
usa,1964,1.0
usa,1965,1.0
usa,1966,1.0
usa,1967,1.0
usa,1968,1.0
usa,1969,1.0
usa,1970,1.0
usa,1971,1.0
usa,1972,1.0
usa,1973,1.0
usa,1974,1.0
usa,1975,1.0
usa,1976,1.0
usa,1977,1.0
usa,1978,1.0
usa,1979,1.0
usa,1980,1.0
usa,1981,1.0
usa,1982,1.0
usa,1983,1.0
usa,1984,1.0
usa,1985,1.0
usa,1986,1.0
usa,1987,1.0
usa,1988,1.0
usa,1989,1.0
usa,1990,1.0
usa,1991,1.0
usa,1992,1.0
usa,1993,1.0
usa,1994,1.0
usa,1995,1.0
usa,1996,1.0
usa,1997,1.0
usa,1998,1.0
usa,1999,1.0
usa,2000,1.0
usa,2001,1.0
usa,2002,1.0
usa,2003,1.0
usa,2004,1.0
usa,2005,1.0
usa,2006,1.0
usa,2007,1.0
usa,2008,1.0
usa,2009,1.0
usa,2010,1.0
usa,2011,1.0
usa,2012,1.0
usa,2013,1.0
usa,2014,1.0
usa,2015,1.0
usa,2016,1.0
usa,2017,1.0
usa,2018,1.0
usa,2019,1.0
usa,2020,1.0
usa,2021,1.0
usa,2022,1.0
usa,2023,1.0
uzb,1990,0.0022036094504676
uzb,1991,0.00406538041239688
uzb,1992,0.0322814340187384
uzb,1993,0.371725741765821
uzb,1994,4.87187163465496
uzb,1995,22.472604923537
uzb,1996,40.0666666666667
uzb,1997,62.9166666666667
uzb,1998,94.4916666666667
uzb,1999,124.625
uzb,2000,236.608333333333
uzb,2001,527.684949508267
uzb,2002,754.31
uzb,2003,968.9875
uzb,2004,1014.425
uzb,2005,1106.10333333333
uzb,2006,1215.595
uzb,2007,1260.83333333333
uzb,2008,1314.16666666667
uzb,2009,1458.75
uzb,2010,1578.41666666667
uzb,2011,1706.61111111111
uzb,2012,1878.68444444444
uzb,2013,2094.98846505376
uzb,2014,2310.94815880696
uzb,2015,2567.98721339827
uzb,2016,2965.25349937684
uzb,2017,5113.87894595717
uzb,2018,8069.60623655914
uzb,2019,8836.7875
uzb,2020,10054.2613341653
uzb,2021,10609.464390809
uzb,2022,11050.145422363
uzb,2023,11734.8334198669
vct,1970,2.000000001
vct,1971,1.97487273321145
vct,1972,1.92127814947601
vct,1973,1.95921923598161
vct,1974,2.05323240851763
vct,1975,2.16979583233333
vct,1976,2.61467083283333
vct,1977,2.7
vct,1978,2.7
vct,1979,2.7
vct,1980,2.7
vct,1981,2.7
vct,1982,2.7
vct,1983,2.7
vct,1984,2.7
vct,1985,2.7
vct,1986,2.7
vct,1987,2.7
vct,1988,2.7
vct,1989,2.7
vct,1990,2.7
vct,1991,2.7
vct,1992,2.7
vct,1993,2.7
vct,1994,2.7
vct,1995,2.7
vct,1996,2.7
vct,1997,2.7
vct,1998,2.7
vct,1999,2.7
vct,2000,2.7
vct,2001,2.7
vct,2002,2.7
vct,2003,2.7
vct,2004,2.7
vct,2005,2.7
vct,2006,2.7
vct,2007,2.7
vct,2008,2.7
vct,2009,2.7
vct,2010,2.7
vct,2011,2.7
vct,2012,2.7
vct,2013,2.7
vct,2014,2.7
vct,2015,2.7
vct,2016,2.7
vct,2017,2.7
vct,2018,2.7
vct,2019,2.7
vct,2020,2.7
vct,2021,2.7
vct,2022,2.7
vct,2023,2.7
ven,1950,3.71120420848985e-14
ven,1951,3.30303054466048e-14
ven,1952,3.2634009473539e-14
ven,1953,3.16730408896663e-14
ven,1954,3.62600248506169e-14
ven,1955,3.19008911606184e-14
ven,1956,3.20395954418351e-14
ven,1957,3.31293805909441e-14
ven,1958,3.31194721556519e-14
ven,1959,4.74055227639311e-14
ven,1960,3.31194721556519e-14
ven,1961,3.31219446601834e-14
ven,1962,3.31203032302663e-14
ven,1963,3.31203032302663e-14
ven,1964,4.34932608868996e-14
ven,1965,4.4e-14
ven,1966,4.4e-14
ven,1967,4.4e-14
ven,1968,4.4e-14
ven,1969,4.4e-14
ven,1970,4.4e-14
ven,1971,4.4e-14
ven,1972,4.3e-14
ven,1973,4.3e-14
ven,1974,4.3e-14
ven,1975,4.3e-14
ven,1976,4.3e-14
ven,1977,4.3e-14
ven,1978,4.3e-14
ven,1979,4.3e-14
ven,1980,4.3e-14
ven,1981,4.3e-14
ven,1982,4.3e-14
ven,1983,4.3e-14
ven,1984,7.01666666666667e-14
ven,1985,7.5e-14
ven,1986,8.08333333333333e-14
ven,1987,1.45e-13
ven,1988,1.45e-13
ven,1989,3.46916666666667e-13
ven,1990,4.68916666666667e-13
ven,1991,5.6825e-13
ven,1992,6.83833333333333e-13
ven,1993,9.08416666666667e-13
ven,1994,1.46858333333333e-12
ven,1995,1.76841666666667e-12
ven,1996,4.1735e-12
ven,1997,4.88633333333333e-12
ven,1998,5.47566666666667e-12
ven,1999,6.05725e-12
ven,2000,6.79966666666667e-12
ven,2001,7.23658333333333e-12
ven,2002,1.16095e-11
ven,2003,1.60695833333333e-11
ven,2004,1.89133333333333e-11
ven,2005,2.08975e-11
ven,2006,2.147e-11
ven,2007,2.147e-11
ven,2008,2.147e-11
ven,2009,2.147e-11
ven,2010,2.58206031746032e-11
ven,2011,4.2893e-11
ven,2012,4.2893e-11
ven,2013,6.04796184166667e-11
ven,2014,8.34844952813176e-11
ven,2015,2.33866575240486e-10
ven,2016,9.76023742724876e-10
ven,2017,8.13159212330383e-09
ven,2018,1.34182472439974e-05
ven,2019,0.00280387821504668
ven,2020,0.0563010269874169
ven,2021,0.70178674414694
ven,2022,2.06971532605158
ven,2023,8.67714612014831
vgb,1970,1.0
vgb,1971,1.0
vgb,1972,1.0
vgb,1973,1.0
vgb,1974,1.0
vgb,1975,1.0
vgb,1976,1.0
vgb,1977,1.0
vgb,1978,1.0
vgb,1979,1.0
vgb,1980,1.0
vgb,1981,1.0
vgb,1982,1.0
vgb,1983,1.0
vgb,1984,1.0
vgb,1985,1.0
vgb,1986,1.0
vgb,1987,1.0
vgb,1988,1.0
vgb,1989,1.0
vgb,1990,1.0
vgb,1991,1.0
vgb,1992,1.0
vgb,1993,1.0
vgb,1994,1.0
vgb,1995,1.0
vgb,1996,1.0
vgb,1997,1.0
vgb,1998,1.0
vgb,1999,1.0
vgb,2000,1.0
vgb,2001,1.0
vgb,2002,1.0
vgb,2003,1.0
vgb,2004,1.0
vgb,2005,1.0
vgb,2006,1.0
vgb,2007,1.0
vgb,2008,1.0
vgb,2009,1.0
vgb,2010,1.0
vgb,2011,1.0
vgb,2012,1.0
vgb,2013,1.0
vgb,2014,1.0
vgb,2015,1.0
vgb,2016,1.0
vgb,2017,1.0
vgb,2018,1.0
vgb,2019,1.0
vgb,2020,1.0
vgb,2021,1.0
vgb,2022,1.0
vgb,2023,1.0
vnm,1970,3.28663404705979
vnm,1971,3.28365011874863
vnm,1972,3.30432762971026
vnm,1973,3.28913386629525
vnm,1974,3.16811580494398
vnm,1975,3.04332949005799
vnm,1976,3.02849723645802
vnm,1977,2.99324910173343
vnm,1978,3.31574974354275
vnm,1979,3.13622447391271
vnm,1980,3.297499895
vnm,1981,5.884166718
vnm,1982,10.9512328767123
vnm,1983,11.6772328767123
vnm,1984,13.5408767123288
vnm,1985,29.1959081372473
vnm,1986,168.047543901459
vnm,1987,683.245936250987
vnm,1988,2688.19232071085
vnm,1989,4501.68652908967
vnm,1990,6537.60468568839
vnm,1991,10121.8932306763
vnm,1992,11202.1916666667
vnm,1993,10640.9583333333
vnm,1994,10965.6666666667
vnm,1995,11038.25
vnm,1996,11032.5833333333
vnm,1997,11683.3333333333
vnm,1998,13268.0
vnm,1999,13943.1666666667
vnm,2000,14167.75
vnm,2001,14725.1666666667
vnm,2002,15279.5
vnm,2003,15509.5833333333
vnm,2004,15746.0
vnm,2005,15858.9166666667
vnm,2006,15994.25
vnm,2007,16105.125
vnm,2008,16302.25
vnm,2009,17065.0833333333
vnm,2010,18612.9166666667
vnm,2011,20509.75
vnm,2012,20828.0
vnm,2013,20933.4166666667
vnm,2014,21148.0
vnm,2015,21697.5675
vnm,2016,21935.0008333333
vnm,2017,22370.0866666667
vnm,2018,22602.05
vnm,2019,23050.2416666667
vnm,2020,23208.3683333333
vnm,2021,23159.7825925926
vnm,2022,23271.2125
vnm,2023,23787.3191666667
yem,1989,36.2263924123829
yem,1990,36.7748328415077
yem,1991,41.9041446792197
yem,1992,48.84254352237
yem,1993,56.8958083178852
yem,1994,70.1003360169878
yem,1995,99.0964108360052
yem,1996,116.082028947353
yem,1997,129.280833333333
yem,1998,135.881666666667
yem,1999,155.718333333333
yem,2000,161.718333333333
yem,2001,168.671666666667
yem,2002,175.625
yem,2003,183.448333333333
yem,2004,184.775833333333
yem,2005,191.509166666667
yem,2006,197.049166666667
yem,2007,198.953333333333
yem,2008,199.764166666667
yem,2009,202.846666666667
yem,2010,219.59
yem,2011,213.8
yem,2012,214.349166666667
yem,2013,214.89
yem,2014,214.89
yem,2015,230.833333333333
yem,2016,283.895833333333
yem,2017,282.195
yem,2018,214.89
yem,2019,486.730922939068
yem,2020,743.005964356531
yem,2021,1028.107754329
yem,2022,1115.00238710662
yem,2023,1355.11637864823
zaf,1950,0.714185923519859
zaf,1951,0.714285999714286
zaf,1952,0.714185923519859
zaf,1953,0.714185923519859
zaf,1954,0.714085966534716
zaf,1955,0.714185923519859
zaf,1956,0.714185923519859
zaf,1957,0.714185923519859
zaf,1958,0.714185923519859
zaf,1959,0.714185923519859
zaf,1960,0.714285999714286
zaf,1961,0.714285999714286
zaf,1962,0.714285999714286
zaf,1963,0.714285999714286
zaf,1964,0.714285999714286
zaf,1965,0.714285999714286
zaf,1966,0.714285999714286
zaf,1967,0.714285999714286
zaf,1968,0.714285999714286
zaf,1969,0.714285999714286
zaf,1970,0.714285999714286
zaf,1971,0.715216916321429
zaf,1972,0.768725237196027
zaf,1973,0.693959098021092
zaf,1974,0.679477003570251
zaf,1975,0.739507755296336
zaf,1976,0.869565218147448
zaf,1977,0.869565218147448
zaf,1978,0.869565218147448
zaf,1979,0.842022601934943
zaf,1980,0.778833737276041
zaf,1981,0.877578942758154
zaf,1982,1.08581583308333
zaf,1983,1.11409999975
zaf,1984,1.47527749975
zaf,1985,2.22867499941667
zaf,1986,2.28503166641667
zaf,1987,2.03603333333333
zaf,1988,2.2734675
zaf,1989,2.6226775
zaf,1990,2.58732083333333
zaf,1991,2.761315
zaf,1992,2.85201416666667
zaf,1993,3.26774158333333
zaf,1994,3.55079833333333
zaf,1995,3.627085
zaf,1996,4.29934916666667
zaf,1997,4.60796166666667
zaf,1998,5.52828416666667
zaf,1999,6.10948416666667
zaf,2000,6.93982833333333
zaf,2001,8.60918083333333
zaf,2002,10.5407466666667
zaf,2003,7.56474916666667
zaf,2004,6.4596925
zaf,2005,6.35932833333333
zaf,2006,6.77154916666667
zaf,2007,7.045365
zaf,2008,8.26122333333333
zaf,2009,8.47367415824888
zaf,2010,7.32122196115288
zaf,2011,7.26113213232735
zaf,2012,8.20996862659331
zaf,2013,9.65505606913526
zaf,2014,10.8526555687831
zaf,2015,12.7589308811644
zaf,2016,14.7096108855267
zaf,2017,13.3238014244992
zaf,2018,13.2339264715833
zaf,2019,14.4484270548333
zaf,2020,16.4591053903333
zaf,2021,14.7786782139167
zaf,2022,16.3558534845
zaf,2023,18.4502441785
zmb,1955,0.000714285999714286
zmb,1956,0.000714185983124501
zmb,1957,0.000714285999714286
zmb,1958,0.000714185983124501
zmb,1959,0.000714185983124501
zmb,1960,0.000714285999714286
zmb,1961,0.000714285999714286
zmb,1962,0.000714285999714286
zmb,1963,0.000714285999714286
zmb,1964,0.000714285999714286
zmb,1965,0.000714285999714286
zmb,1966,0.000714285999714286
zmb,1967,0.000714285999714286
zmb,1968,0.000714285999714286
zmb,1969,0.000714285999714286
zmb,1970,0.000714285999714286
zmb,1971,0.000714285998878894
zmb,1972,0.000714317499
zmb,1973,0.000652396665666667
zmb,1974,0.000643459999
zmb,1975,0.0006432299995
zmb,1976,0.000700983833166667
zmb,1977,0.000789727832416667
zmb,1978,0.000800666666666667
zmb,1979,0.000793333333333333
zmb,1980,0.000788666666666667
zmb,1981,0.000869583333333333
zmb,1982,0.00092875
zmb,1983,0.001259
zmb,1984,0.00181318833275
zmb,1985,0.00313964166625
zmb,1986,0.00778844916658333
zmb,1987,0.009519475
zmb,1988,0.008266025
zmb,1989,0.0138136958333333
zmb,1990,0.0302891083333333
zmb,1991,0.0646397083333333
zmb,1992,0.172213783333333
zmb,1993,0.452762666666667
zmb,1994,0.669370621666667
zmb,1995,0.864119166666667
zmb,1996,1.2079
zmb,1997,1.3144975
zmb,1998,1.86206916666667
zmb,1999,2.38801916666667
zmb,2000,3.11084416666667
zmb,2001,3.610935
zmb,2002,4.398595
zmb,2003,4.73327104649872
zmb,2004,4.77887538643579
zmb,2005,4.465
zmb,2006,3.60166666666667
zmb,2007,4.00166666666667
zmb,2008,3.745
zmb,2009,5.045
zmb,2010,4.7975
zmb,2011,4.86166666666667
zmb,2012,5.1475
zmb,2013,5.39648333333333
zmb,2014,6.15416666666667
zmb,2015,8.63166666666667
zmb,2016,10.3075
zmb,2017,9.5175
zmb,2018,10.4583333333333
zmb,2019,12.89
zmb,2020,18.3440926453379
zmb,2021,20.0184865859688
zmb,2022,16.9375943252989
zmb,2023,20.212017866195
zwe,1954,1.0
zwe,1955,0.999719997979031
zwe,1956,0.999859998989515
zwe,1957,0.999859998989515
zwe,1958,0.999859998989515
zwe,1959,0.999859998989515
zwe,1960,1.0
zwe,1961,1.0
zwe,1962,1.0
zwe,1963,1.0
zwe,1964,1.0
zwe,1965,1.0
zwe,1966,1.0
zwe,1967,1.0
zwe,1968,1.0
zwe,1969,1.0
zwe,1970,1.0
zwe,1971,1.0
zwe,1972,1.0
zwe,1973,1.0
zwe,1974,1.0
zwe,1975,1.0
zwe,1976,1.0
zwe,1977,1.0
zwe,1978,1.0
zwe,1979,1.0
zwe,1980,1.0
zwe,1981,1.0
zwe,1982,1.0
zwe,1983,1.0
zwe,1984,1.0
zwe,1985,1.0
zwe,1986,1.0
zwe,1987,1.0
zwe,1988,1.0
zwe,1989,1.0
zwe,1990,1.0
zwe,1991,1.0
zwe,1992,1.0
zwe,1993,1.0
zwe,1994,1.0
zwe,1995,1.0
zwe,1996,1.0
zwe,1997,1.0
zwe,1998,1.0
zwe,1999,1.0
zwe,2000,1.0
zwe,2001,1.0
zwe,2002,1.0
zwe,2003,1.0
zwe,2004,1.0
zwe,2005,1.0
zwe,2006,1.0
zwe,2007,1.0
zwe,2008,1.0
zwe,2009,1.0
zwe,2010,1.0
zwe,2011,1.0
zwe,2012,1.0
zwe,2013,1.0
zwe,2014,1.0
zwe,2015,1.0
zwe,2016,1.0
zwe,2017,1.0
zwe,2018,1.0
zwe,2019,1.0
zwe,2020,1.0
zwe,2021,1.0
zwe,2022,1.0
zwe,2023,1.0
