country,year,rconna
abw,1970,281.187469482422
abw,1971,306.743103027344
abw,1972,334.621398925781
abw,1973,365.033416748047
abw,1974,398.209411621094
abw,1975,434.400451660156
abw,1976,473.881225585938
abw,1977,516.949401855469
abw,1978,563.931762695313
abw,1979,615.187194824219
abw,1980,671.094421386719
abw,1981,732.085815429688
abw,1982,798.63720703125
abw,1983,871.189697265625
abw,1984,950.379577636719
abw,1985,1036.8408203125
abw,1986,1130.84301757813
abw,1987,1312.87341308594
abw,1988,1558.16528320313
abw,1989,1745.30590820313
abw,1990,1816.70739746094
abw,1991,1962.73461914063
abw,1992,2067.50634765625
abw,1993,2236.74145507813
abw,1994,2417.50561523438
abw,1995,2422.05078125
abw,1996,2571.16918945313
abw,1997,2704.4501953125
abw,1998,2827.96826171875
abw,1999,2916.56274414063
abw,2000,2922.98876953125
abw,2001,3010.55615234375
abw,2002,3147.26293945313
abw,2003,3251.7978515625
abw,2004,3312.24462890625
abw,2005,3415.23461914063
abw,2006,3503.6875
abw,2007,3672.20434570313
abw,2008,3498.63427734375
abw,2009,3450.9140625
abw,2010,3404.97900390625
abw,2011,3528.10864257813
abw,2012,3451.62133789063
abw,2013,3595.06298828125
abw,2014,3567.4951171875
abw,2015,3542.0283203125
abw,2016,3525.9619140625
abw,2017,3615.1259765625
abw,2018,3577.88671875
abw,2019,3512.50366210938
abw,2020,3090.12670898438
abw,2021,3276.2470703125
abw,2022,3338.09912109375
abw,2023,3576.68994140625
ago,1970,47814.37109375
ago,1971,50652.234375
ago,1972,50774.2421875
ago,1973,54969.57421875
ago,1974,56724.4453125
ago,1975,53624.57421875
ago,1976,50783.0546875
ago,1977,51472.84765625
ago,1978,49083.609375
ago,1979,49121.65625
ago,1980,48634.2265625
ago,1981,50030.48046875
ago,1982,52619.6015625
ago,1983,55264.64453125
ago,1984,60470.54296875
ago,1985,64822.01171875
ago,1986,62838.015625
ago,1987,62882.6796875
ago,1988,64301.5625
ago,1989,66195.703125
ago,1990,65212.671875
ago,1991,54587.08984375
ago,1992,48863.99609375
ago,1993,31232.837890625
ago,1994,37465.9921875
ago,1995,45183.984375
ago,1996,29554.037109375
ago,1997,59466.26171875
ago,1998,53072.2265625
ago,1999,68572.703125
ago,2000,51905.93359375
ago,2001,66731.8125
ago,2002,68749.546875
ago,2003,73435.3046875
ago,2004,75937.046875
ago,2005,80474.4375
ago,2006,86555.8203125
ago,2007,92467.3828125
ago,2008,101359.7421875
ago,2009,104555.0390625
ago,2010,109031.4296875
ago,2011,126131.234375
ago,2012,134452.53125
ago,2013,151513.34375
ago,2014,156252.859375
ago,2015,155849.171875
ago,2016,159093.109375
ago,2017,162898.4375
ago,2018,157809.203125
ago,2019,155285.171875
ago,2020,144771.421875
ago,2021,145819.140625
ago,2022,164834.65625
ago,2023,168370.65625
aia,1970,31.3317699432373
aia,1971,30.5451145172119
aia,1972,34.0390701293945
aia,1973,35.4427909851074
aia,1974,35.4384880065918
aia,1975,36.7243118286133
aia,1976,37.1786575317383
aia,1977,37.0719718933106
aia,1978,39.8848648071289
aia,1979,44.2938995361328
aia,1980,46.5670509338379
aia,1981,46.9368362426758
aia,1982,45.7997131347656
aia,1983,47.3223190307617
aia,1984,53.2610969543457
aia,1985,57.043628692627
aia,1986,52.7719650268555
aia,1987,62.8982467651367
aia,1988,93.0296096801758
aia,1989,88.9608459472656
aia,1990,120.439834594727
aia,1991,102.363380432129
aia,1992,159.218841552734
aia,1993,170.339797973633
aia,1994,168.488128662109
aia,1995,210.549713134766
aia,1996,234.39241027832
aia,1997,250.251541137695
aia,1998,252.726669311523
aia,1999,297.330932617188
aia,2000,317.206909179688
aia,2001,302.047576904297
aia,2002,304.89892578125
aia,2003,320.225128173828
aia,2004,359.078887939453
aia,2005,385.468109130859
aia,2006,578.239685058594
aia,2007,560.419128417969
aia,2008,543.795166015625
aia,2009,468.403503417969
aia,2010,436.238739013672
aia,2011,464.070220947266
aia,2012,434.372283935547
aia,2013,412.616912841797
aia,2014,428.569213867188
aia,2015,456.610961914063
aia,2016,455.629028320313
aia,2017,345.203002929688
aia,2018,521.010864257813
aia,2019,542.438415527344
aia,2020,349.573364257813
aia,2021,390.107940673828
aia,2022,487.688934326172
aia,2023,519.75341796875
alb,1970,7277.97216796875
alb,1971,7570.4248046875
alb,1972,7874.36767578125
alb,1973,8186.46484375
alb,1974,8520.1982421875
alb,1975,8861.3955078125
alb,1976,9198.9443359375
alb,1977,9605.220703125
alb,1978,9969.220703125
alb,1979,10290.494140625
alb,1980,10933.158203125
alb,1981,11146.1962890625
alb,1982,11316.8486328125
alb,1983,11935.9814453125
alb,1984,12366.6015625
alb,1985,12435.142578125
alb,1986,12992.5166015625
alb,1987,13526.0390625
alb,1988,13443.45703125
alb,1989,14166.0478515625
alb,1990,15149.423828125
alb,1991,14350.0986328125
alb,1992,16815.171875
alb,1993,16649.5390625
alb,1994,16706.873046875
alb,1995,17662.50390625
alb,1996,20592.423828125
alb,1997,16998.4921875
alb,1998,16027.287109375
alb,1999,16455.78515625
alb,2000,17177.212890625
alb,2001,17971.158203125
alb,2002,19218.8203125
alb,2003,20939.76171875
alb,2004,21729.095703125
alb,2005,22895.75
alb,2006,24205.88671875
alb,2007,27013.87109375
alb,2008,29570.947265625
alb,2009,29884.482421875
alb,2010,30467.072265625
alb,2011,30964.310546875
alb,2012,31003.13671875
alb,2013,31612.6953125
alb,2014,32639.109375
alb,2015,32933.8203125
alb,2016,33736.64453125
alb,2017,34588.98828125
alb,2018,35592.65234375
alb,2019,36751.1171875
alb,2020,35721.06640625
alb,2021,37530.3828125
alb,2022,39617.265625
alb,2023,41115.21875
are,1970,8882.421875
are,1971,10645.01171875
are,1972,13226.1318359375
are,1973,14326.4052734375
are,1974,9662.7470703125
are,1975,18030.755859375
are,1976,23932.453125
are,1977,30557.626953125
are,1978,32521.9140625
are,1979,35145.94921875
are,1980,38792.16796875
are,1981,52094.1171875
are,1982,55546.5078125
are,1983,55052.07421875
are,1984,56926.68359375
are,1985,59952.5390625
are,1986,64149.6484375
are,1987,63913.54296875
are,1988,70844.546875
are,1989,76194.515625
are,1990,82550.984375
are,1991,87582.640625
are,1992,96734.265625
are,1993,89147.1328125
are,1994,92903.109375
are,1995,103126.5234375
are,1996,106831.0625
are,1997,119339.6953125
are,1998,121976.875
are,1999,130351.984375
are,2000,149277.65625
are,2001,160449.03125
are,2002,170053.265625
are,2003,174128.203125
are,2004,190414.578125
are,2005,193226.140625
are,2006,217615.671875
are,2007,240816.9375
are,2008,271893.5625
are,2009,211491.609375
are,2010,206561.796875
are,2011,229804.71875
are,2012,209204.71875
are,2013,230415.65625
are,2014,253189.796875
are,2015,257413.484375
are,2016,264706.21875
are,2017,282405.625
are,2018,285402.03125
are,2019,304670.0
are,2020,300064.53125
are,2021,314354.875
are,2022,359434.34375
are,2023,401418.0625
arg,1950,181478.4375
arg,1951,186048.453125
arg,1952,175929.75
arg,1953,175238.515625
arg,1954,188575.46875
arg,1955,207336.453125
arg,1956,207023.859375
arg,1957,218621.109375
arg,1958,234570.9375
arg,1959,217670.71875
arg,1960,224570.484375
arg,1961,236776.6875
arg,1962,238823.578125
arg,1963,232031.1875
arg,1964,248876.40625
arg,1965,281891.0625
arg,1966,278677.3125
arg,1967,287503.625
arg,1968,299979.09375
arg,1969,320800.9375
arg,1970,326156.59375
arg,1971,340408.90625
arg,1972,345862.75
arg,1973,361430.875
arg,1974,387133.40625
arg,1975,387053.125
arg,1976,359983.75
arg,1977,367833.875
arg,1978,363047.3125
arg,1979,413178.875
arg,1980,444685.0625
arg,1981,429305.25
arg,1982,410388.9375
arg,1983,428621.84375
arg,1984,445628.78125
arg,1985,402206.53125
arg,1986,450222.34375
arg,1987,459320.125
arg,1988,441113.6875
arg,1989,405633.40625
arg,1990,412501.0
arg,1991,470305.3125
arg,1992,534226.375
arg,1993,564676.8125
arg,1994,593821.0625
arg,1995,572523.5
arg,1996,601178.25
arg,1997,649901.3125
arg,1998,672372.5625
arg,1999,663660.1875
arg,2000,660599.25
arg,2001,626601.5
arg,2002,545812.5
arg,2003,584542.6875
arg,2004,634016.125
arg,2005,683273.75
arg,2006,749851.5
arg,2007,817965.4375
arg,2008,874007.0
arg,2009,844291.5
arg,2010,929044.6875
arg,2011,1007280.875
arg,2012,1022265.75
arg,2013,1062947.125
arg,2014,1032034.3125
arg,2015,1076830.875
arg,2016,1069016.625
arg,2017,1110025.0
arg,2018,1085872.625
arg,2019,1018771.1875
arg,2020,914742.9375
arg,2021,996947.25
arg,2022,1077272.625
arg,2023,1089535.375
arm,1990,16669.939453125
arm,1991,16079.48046875
arm,1992,13964.0625
arm,1993,12498.7587890625
arm,1994,12099.8388671875
arm,1995,14336.560546875
arm,1996,14801.2177734375
arm,1997,15749.751953125
arm,1998,16479.37890625
arm,1999,16710.953125
arm,2000,18012.318359375
arm,2001,19307.125
arm,2002,20906.64453125
arm,2003,22481.6640625
arm,2004,24527.697265625
arm,2005,26923.1640625
arm,2006,29306.7109375
arm,2007,32922.6328125
arm,2008,34422.4296875
arm,2009,33032.8203125
arm,2010,34313.46484375
arm,2011,35199.19140625
arm,2012,37953.80859375
arm,2013,38842.19140625
arm,2014,39321.80078125
arm,2015,36979.7421875
arm,2016,36199.109375
arm,2017,40392.84765625
arm,2018,41903.1640625
arm,2019,46806.8828125
arm,2020,41715.9921875
arm,2021,42222.90625
arm,2022,44072.9375
arm,2023,48370.34765625
atg,1970,315.531005859375
atg,1971,340.052886962891
atg,1972,369.969451904297
atg,1973,404.943786621094
atg,1974,393.980499267578
atg,1975,383.2353515625
atg,1976,357.384368896484
atg,1977,407.963409423828
atg,1978,417.623931884766
atg,1979,286.009033203125
atg,1980,523.021667480469
atg,1981,550.694396972656
atg,1982,672.628967285156
atg,1983,600.029357910156
atg,1984,618.241882324219
atg,1985,696.581726074219
atg,1986,876.049621582031
atg,1987,825.027526855469
atg,1988,680.183532714844
atg,1989,758.652465820313
atg,1990,707.055114746094
atg,1991,698.955139160156
atg,1992,711.935852050781
atg,1993,743.825073242188
atg,1994,858.623901367188
atg,1995,890.880004882813
atg,1996,981.873840332031
atg,1997,965.615478515625
atg,1998,965.941955566406
atg,1999,1038.67102050781
atg,2000,1058.84692382813
atg,2001,1136.45654296875
atg,2002,1133.64819335938
atg,2003,1225.79113769531
atg,2004,1260.02478027344
atg,2005,1400.39196777344
atg,2006,1590.31921386719
atg,2007,1812.66833496094
atg,2008,1808.64270019531
atg,2009,1397.28259277344
atg,2010,1522.75305175781
atg,2011,1579.23547363281
atg,2012,1645.80139160156
atg,2013,1667.82458496094
atg,2014,1240.04968261719
atg,2015,1192.21496582031
atg,2016,1284.740234375
atg,2017,1454.22924804688
atg,2018,1428.88696289063
atg,2019,1388.12243652344
atg,2020,1418.61157226563
atg,2021,1467.1591796875
atg,2022,1506.44567871094
atg,2023,1517.94543457031
aus,1950,95620.8984375
aus,1951,99407.4453125
aus,1952,95502.1171875
aus,1953,103915.78125
aus,1954,112016.2734375
aus,1955,114466.34375
aus,1956,114720.5703125
aus,1957,119356.21875
aus,1958,123281.7734375
aus,1959,132234.59375
aus,1960,134896.53125
aus,1961,138573.796875
aus,1962,146084.359375
aus,1963,156189.5625
aus,1964,165065.609375
aus,1965,171636.84375
aus,1966,179816.09375
aus,1967,190296.03125
aus,1968,199793.046875
aus,1969,212843.5625
aus,1970,221459.859375
aus,1971,229749.3125
aus,1972,239808.0625
aus,1973,252947.0625
aus,1974,267424.375
aus,1975,274077.90625
aus,1976,285513.5625
aus,1977,291795.84375
aus,1978,297412.625
aus,1979,303065.84375
aus,1980,313862.53125
aus,1981,328225.0625
aus,1982,336231.46875
aus,1983,342753.75
aus,1984,351166.1875
aus,1985,368000.8125
aus,1986,376728.75
aus,1987,389329.53125
aus,1988,405743.3125
aus,1989,421619.125
aus,1990,428086.28125
aus,1991,438417.96875
aus,1992,447468.65625
aus,1993,455914.09375
aus,1994,475893.125
aus,1995,492954.0625
aus,1996,506142.65625
aus,1997,530670.375
aus,1998,559303.3125
aus,1999,581479.0625
aus,2000,598726.25
aus,2001,617040.5625
aus,2002,641201.0
aus,2003,673991.125
aus,2004,702140.625
aus,2005,724972.8125
aus,2006,759308.75
aus,2007,792570.4375
aus,2008,802461.4375
aus,2009,826801.6875
aus,2010,858331.5
aus,2011,885099.875
aus,2012,898978.8125
aus,2013,918063.875
aus,2014,941337.25
aus,2015,971628.5
aus,2016,1001615.625
aus,2017,1031835.9375
aus,2018,1058136.5
aus,2019,1054360.375
aus,2020,1081549.25
aus,2021,1136464.375
aus,2022,1192137.25
aus,2023,1214502.75
aut,1950,55087.953125
aut,1951,57087.63671875
aut,1952,58222.83984375
aut,1953,62201.55078125
aut,1954,65930.953125
aut,1955,72155.1640625
aut,1956,75975.6484375
aut,1957,79216.9765625
aut,1958,83689.09375
aut,1959,87519.3515625
aut,1960,92544.6875
aut,1961,96915.59375
aut,1962,100026.4140625
aut,1963,105450.078125
aut,1964,109069.15625
aut,1965,113887.9140625
aut,1966,118843.3515625
aut,1967,123043.453125
aut,1968,127728.75
aut,1969,130906.828125
aut,1970,136308.953125
aut,1971,144466.296875
aut,1972,152647.4375
aut,1973,160059.265625
aut,1974,165800.484375
aut,1975,171461.96875
aut,1976,179139.0
aut,1977,189518.328125
aut,1978,187424.4375
aut,1979,195823.203125
aut,1980,200510.546875
aut,1981,203365.59375
aut,1982,207930.671875
aut,1983,217378.546875
aut,1984,214199.15625
aut,1985,217865.375
aut,1986,222367.84375
aut,1987,226412.21875
aut,1988,231480.734375
aut,1989,238655.640625
aut,1990,247489.09375
aut,1991,254895.4375
aut,1992,263483.21875
aut,1993,266247.03125
aut,1994,272315.1875
aut,1995,275909.71875
aut,1996,282960.78125
aut,1997,285816.03125
aut,1998,294222.03125
aut,1999,302136.5625
aut,2000,309251.4375
aut,2001,312433.0
aut,2002,313975.9375
aut,2003,320041.84375
aut,2004,326175.875
aut,2005,333186.3125
aut,2006,340986.15625
aut,2007,345247.5625
aut,2008,351240.25
aut,2009,355303.90625
aut,2010,358572.78125
aut,2011,361465.8125
aut,2012,363116.0625
aut,2013,362995.75
aut,2014,363754.71875
aut,2015,367660.03125
aut,2016,373931.15625
aut,2017,379643.0
aut,2018,383004.46875
aut,2019,386246.3125
aut,2020,364351.5
aut,2021,384819.125
aut,2022,397344.4375
aut,2023,397345.1875
aze,1990,49112.8046875
aze,1991,48780.54296875
aze,1992,43878.0390625
aze,1993,34206.875
aze,1994,29899.095703125
aze,1995,26566.46875
aze,1996,28117.255859375
aze,1997,29476.083984375
aze,1998,30969.509765625
aze,1999,32574.298828125
aze,2000,34411.15625
aze,2001,36693.828125
aze,2002,39537.53125
aze,2003,43760.3828125
aze,2004,47753.3046875
aze,2005,52853.73046875
aze,2006,59310.5078125
aze,2007,67609.4921875
aze,2008,77487.2734375
aze,2009,85146.0703125
aze,2010,89497.28125
aze,2011,96184.3671875
aze,2012,104295.2109375
aze,2013,113292.9375
aze,2014,121758.5234375
aze,2015,132196.15625
aze,2016,135659.9375
aze,2017,136946.671875
aze,2018,141279.671875
aze,2019,148709.046875
aze,2020,138940.65625
aze,2021,144118.359375
aze,2022,149510.5
aze,2023,153046.484375
bdi,1960,2257.21655273438
bdi,1961,1954.56921386719
bdi,1962,2151.66259765625
bdi,1963,2345.4287109375
bdi,1964,2235.90771484375
bdi,1965,2414.59252929688
bdi,1966,2422.41528320313
bdi,1967,2689.96313476563
bdi,1968,2725.84912109375
bdi,1969,2575.76513671875
bdi,1970,3347.24389648438
bdi,1971,3413.0078125
bdi,1972,3272.94897460938
bdi,1973,3434.08227539063
bdi,1974,3333.38745117188
bdi,1975,3517.64306640625
bdi,1976,3749.04345703125
bdi,1977,4186.01904296875
bdi,1978,4213.173828125
bdi,1979,4350.0029296875
bdi,1980,4403.0322265625
bdi,1981,4603.4013671875
bdi,1982,4686.77880859375
bdi,1983,4772.369140625
bdi,1984,4778.56982421875
bdi,1985,5232.04443359375
bdi,1986,5442.83154296875
bdi,1987,5600.88330078125
bdi,1988,6359.84765625
bdi,1989,6174.740234375
bdi,1990,7167.265625
bdi,1991,7508.67919921875
bdi,1992,7360.84130859375
bdi,1993,6813.08740234375
bdi,1994,7027.349609375
bdi,1995,6365.8779296875
bdi,1996,5654.779296875
bdi,1997,5433.93310546875
bdi,1998,6133.47900390625
bdi,1999,5697.28125
bdi,2000,5976.05078125
bdi,2001,6013.85498046875
bdi,2002,6329.0966796875
bdi,2003,6289.57421875
bdi,2004,6464.75
bdi,2005,6830.419921875
bdi,2006,7579.041015625
bdi,2007,7759.63134765625
bdi,2008,8331.404296875
bdi,2009,8155.078125
bdi,2010,8411.76171875
bdi,2011,9178.8603515625
bdi,2012,9533.98046875
bdi,2013,10626.44921875
bdi,2014,11037.4013671875
bdi,2015,10695.0546875
bdi,2016,10711.662109375
bdi,2017,11250.6083984375
bdi,2018,11805.1162109375
bdi,2019,12286.462890625
bdi,2020,12765.63671875
bdi,2021,13151.052734375
bdi,2022,13565.8369140625
bdi,2023,14014.212890625
bel,1950,88403.765625
bel,1951,90218.4609375
bel,1952,92207.484375
bel,1953,92941.0390625
bel,1954,96003.875
bel,1955,100084.3515625
bel,1956,102093.46875
bel,1957,105024.953125
bel,1958,106038.2109375
bel,1959,108290.765625
bel,1960,114557.9765625
bel,1961,116561.1640625
bel,1962,122396.6484375
bel,1963,129653.0234375
bel,1964,133538.796875
bel,1965,139652.875
bel,1966,144112.171875
bel,1967,149207.75
bel,1968,156751.203125
bel,1969,165398.671875
bel,1970,172010.1875
bel,1971,180736.5
bel,1972,191420.65625
bel,1973,205594.75
bel,1974,211691.0625
bel,1975,215622.21875
bel,1976,225711.1875
bel,1977,231416.359375
bel,1978,239581.5
bel,1979,249964.515625
bel,1980,249861.203125
bel,1981,252917.90625
bel,1982,256725.015625
bel,1983,256918.109375
bel,1984,257752.40625
bel,1985,264927.125
bel,1986,271036.5
bel,1987,276538.40625
bel,1988,282563.53125
bel,1989,290218.78125
bel,1990,296598.96875
bel,1991,306067.0625
bel,1992,311558.59375
bel,1993,310353.875
bel,1994,316876.53125
bel,1995,321786.3125
bel,1996,327683.0625
bel,1997,332411.5625
bel,1998,341485.28125
bel,1999,348988.21875
bel,2000,358366.1875
bel,2001,362954.96875
bel,2002,368040.1875
bel,2003,371964.25
bel,2004,377451.15625
bel,2005,381655.09375
bel,2006,387233.71875
bel,2007,395137.15625
bel,2008,402653.28125
bel,2009,409007.40625
bel,2010,419918.53125
bel,2011,422242.8125
bel,2012,427749.34375
bel,2013,431943.5625
bel,2014,436690.5
bel,2015,441998.6875
bel,2016,446753.78125
bel,2017,453164.84375
bel,2018,460201.28125
bel,2019,467681.59375
bel,2020,444097.5
bel,2021,466783.25
bel,2022,483228.40625
bel,2023,490086.0625
ben,1959,3132.83349609375
ben,1960,3422.7626953125
ben,1961,3495.87377929688
ben,1962,3499.4765625
ben,1963,3734.2158203125
ben,1964,3868.61450195313
ben,1965,4085.6904296875
ben,1966,4361.58056640625
ben,1967,4605.76220703125
ben,1968,4729.34130859375
ben,1969,4704.875
ben,1970,4882.650390625
ben,1971,4921.8525390625
ben,1972,5185.50390625
ben,1973,5407.23681640625
ben,1974,5328.15283203125
ben,1975,5194.5
ben,1976,5072.44140625
ben,1977,5385.67724609375
ben,1978,5502.96435546875
ben,1979,5818.43310546875
ben,1980,6269.8828125
ben,1981,6841.291015625
ben,1982,5906.50341796875
ben,1983,6121.138671875
ben,1984,6539.7109375
ben,1985,7305.87646484375
ben,1986,7178.3251953125
ben,1987,7034.82763671875
ben,1988,7380.80029296875
ben,1989,6912.92822265625
ben,1990,7202.3544921875
ben,1991,7700.3173828125
ben,1992,8063.95703125
ben,1993,8420.05078125
ben,1994,8431.869140625
ben,1995,9141.498046875
ben,1996,10338.2626953125
ben,1997,11733.6943359375
ben,1998,13372.4248046875
ben,1999,15192.5673828125
ben,2000,16306.2197265625
ben,2001,17105.962890625
ben,2002,17829.146484375
ben,2003,18502.51953125
ben,2004,19289.80078125
ben,2005,19732.94140625
ben,2006,20691.044921875
ben,2007,21476.146484375
ben,2008,22643.54296875
ben,2009,23467.802734375
ben,2010,23923.8359375
ben,2011,24808.04296875
ben,2012,25370.5546875
ben,2013,26520.87109375
ben,2014,27293.361328125
ben,2015,29005.5625
ben,2016,29252.703125
ben,2017,30401.228515625
ben,2018,31561.107421875
ben,2019,32760.25
ben,2020,34300.49609375
ben,2021,36118.9296875
ben,2022,37834.60546875
ben,2023,39155.20703125
bfa,1959,5530.74609375
bfa,1960,4858.05712890625
bfa,1961,4663.224609375
bfa,1962,5011.18359375
bfa,1963,4853.96826171875
bfa,1964,5061.08935546875
bfa,1965,4745.029296875
bfa,1966,4763.5673828125
bfa,1967,5380.2275390625
bfa,1968,5620.58984375
bfa,1969,5737.98681640625
bfa,1970,5523.81787109375
bfa,1971,4912.072265625
bfa,1972,6435.44091796875
bfa,1973,6096.92724609375
bfa,1974,6224.97119140625
bfa,1975,6964.3623046875
bfa,1976,6701.275390625
bfa,1977,7736.3564453125
bfa,1978,8432.125
bfa,1979,8280.93359375
bfa,1980,8533.642578125
bfa,1981,9121.9814453125
bfa,1982,9402.2607421875
bfa,1983,8837.6494140625
bfa,1984,8367.6220703125
bfa,1985,8721.2529296875
bfa,1986,9856.009765625
bfa,1987,9577.00390625
bfa,1988,10084.4365234375
bfa,1989,9917.78515625
bfa,1990,9769.5654296875
bfa,1991,10301.3759765625
bfa,1992,10315.400390625
bfa,1993,10785.537109375
bfa,1994,9520.521484375
bfa,1995,10770.17578125
bfa,1996,12460.7001953125
bfa,1997,12734.212890625
bfa,1998,14273.6865234375
bfa,1999,16260.826171875
bfa,2000,16650.6328125
bfa,2001,17136.111328125
bfa,2002,18081.939453125
bfa,2003,18882.154296875
bfa,2004,20202.154296875
bfa,2005,21410.623046875
bfa,2006,22623.853515625
bfa,2007,23187.345703125
bfa,2008,24474.515625
bfa,2009,24935.07421875
bfa,2010,26241.935546875
bfa,2011,27819.576171875
bfa,2012,30331.046875
bfa,2013,32237.5625
bfa,2014,32932.8125
bfa,2015,34620.2109375
bfa,2016,36497.1640625
bfa,2017,38485.8984375
bfa,2018,39852.48828125
bfa,2019,42042.82421875
bfa,2020,41652.890625
bfa,2021,44650.234375
bfa,2022,46902.2421875
bfa,2023,49881.19140625
bgd,1959,131203.9375
bgd,1960,142007.34375
bgd,1961,141371.21875
bgd,1962,145797.375
bgd,1963,158803.71875
bgd,1964,158889.578125
bgd,1965,154997.15625
bgd,1966,157711.921875
bgd,1967,152285.46875
bgd,1968,152963.328125
bgd,1969,161439.671875
bgd,1970,178398.46875
bgd,1971,172167.28125
bgd,1972,161586.25
bgd,1973,138967.46875
bgd,1974,134679.5
bgd,1975,128863.703125
bgd,1976,139962.796875
bgd,1977,128023.359375
bgd,1978,143033.75
bgd,1979,149055.421875
bgd,1980,153628.265625
bgd,1981,156544.65625
bgd,1982,162649.234375
bgd,1983,162835.765625
bgd,1984,174005.359375
bgd,1985,181565.609375
bgd,1986,172245.65625
bgd,1987,185754.484375
bgd,1988,194129.125
bgd,1989,213375.015625
bgd,1990,223729.640625
bgd,1991,229071.234375
bgd,1992,230251.15625
bgd,1993,238432.765625
bgd,1994,247797.890625
bgd,1995,256300.90625
bgd,1996,255996.90625
bgd,1997,267829.6875
bgd,1998,272377.21875
bgd,1999,275735.875
bgd,2000,286570.6875
bgd,2001,300117.40625
bgd,2002,317102.8125
bgd,2003,330136.84375
bgd,2004,342250.3125
bgd,2005,356416.90625
bgd,2006,372190.375
bgd,2007,404715.34375
bgd,2008,426931.9375
bgd,2009,444323.21875
bgd,2010,472403.84375
bgd,2011,510705.1875
bgd,2012,539356.1875
bgd,2013,575770.75
bgd,2014,609361.6875
bgd,2015,655771.875
bgd,2016,688273.9375
bgd,2017,731945.0
bgd,2018,798324.4375
bgd,2019,842557.4375
bgd,2020,867067.5
bgd,2021,935770.3125
bgd,2022,1004832.875
bgd,2023,1029657.4375
bgr,1970,50654.5390625
bgr,1971,54149.19921875
bgr,1972,58297.19921875
bgr,1973,63053.81640625
bgr,1974,67822.234375
bgr,1975,73797.4453125
bgr,1976,78586.84375
bgr,1977,83576.59375
bgr,1978,88179.2734375
bgr,1979,93991.9609375
bgr,1980,99679.3125
bgr,1981,104889.3046875
bgr,1982,110319.5703125
bgr,1983,113777.9453125
bgr,1984,118686.9140625
bgr,1985,120198.546875
bgr,1986,123152.6171875
bgr,1987,130172.5234375
bgr,1988,137674.65625
bgr,1989,132961.765625
bgr,1990,140548.359375
bgr,1991,108978.34375
bgr,1992,105088.4765625
bgr,1993,101135.1015625
bgr,1994,96400.59375
bgr,1995,94329.359375
bgr,1996,92303.5625
bgr,1997,62824.6015625
bgr,1998,66043.953125
bgr,1999,68499.203125
bgr,2000,73566.65625
bgr,2001,78080.9453125
bgr,2002,81619.4453125
bgr,2003,87196.5703125
bgr,2004,94526.7890625
bgr,2005,100085.3515625
bgr,2006,108012.96875
bgr,2007,117533.1875
bgr,2008,121260.2578125
bgr,2009,115685.8515625
bgr,2010,118327.6875
bgr,2011,120778.453125
bgr,2012,123902.5
bgr,2013,120233.4375
bgr,2014,121597.5078125
bgr,2015,124655.34375
bgr,2016,127258.9609375
bgr,2017,130839.03125
bgr,2018,136057.78125
bgr,2019,142992.984375
bgr,2020,145266.015625
bgr,2021,154700.953125
bgr,2022,162289.59375
bgr,2023,164472.359375
bhr,1970,4520.09033203125
bhr,1971,4570.9072265625
bhr,1972,5130.482421875
bhr,1973,5805.80322265625
bhr,1974,6183.55419921875
bhr,1975,5960.5576171875
bhr,1976,7340.158203125
bhr,1977,7834.56689453125
bhr,1978,6787.0888671875
bhr,1979,7193.53564453125
bhr,1980,8282.0869140625
bhr,1981,8404.4140625
bhr,1982,9082.06640625
bhr,1983,9156.4130859375
bhr,1984,9458.1015625
bhr,1985,7670.552734375
bhr,1986,7493.033203125
bhr,1987,7527.04541015625
bhr,1988,8419.525390625
bhr,1989,9905.640625
bhr,1990,10227.6943359375
bhr,1991,10620.150390625
bhr,1992,11739.40625
bhr,1993,11839.9482421875
bhr,1994,11839.6181640625
bhr,1995,12175.90625
bhr,1996,12348.4091796875
bhr,1997,12470.8642578125
bhr,1998,12599.359375
bhr,1999,12980.462890625
bhr,2000,14323.3896484375
bhr,2001,15271.5751953125
bhr,2002,15684.0751953125
bhr,2003,16595.630859375
bhr,2004,16940.3046875
bhr,2005,17600.7890625
bhr,2006,17925.59375
bhr,2007,18982.54296875
bhr,2008,22921.767578125
bhr,2009,25591.91015625
bhr,2010,28520.134765625
bhr,2011,31194.890625
bhr,2012,32689.54296875
bhr,2013,35376.0703125
bhr,2014,35658.3828125
bhr,2015,36692.55859375
bhr,2016,36434.56640625
bhr,2017,37862.33203125
bhr,2018,38426.0
bhr,2019,38401.6015625
bhr,2020,36915.8828125
bhr,2021,42525.90234375
bhr,2022,45410.23828125
bhr,2023,45240.98046875
bhs,1970,2861.02172851563
bhs,1971,2906.3486328125
bhs,1972,2801.5888671875
bhs,1973,3023.97485351563
bhs,1974,2508.4052734375
bhs,1975,2130.1865234375
bhs,1976,2279.53540039063
bhs,1977,2427.33740234375
bhs,1978,2766.95629882813
bhs,1979,3726.36206054688
bhs,1980,3699.57055664063
bhs,1981,3641.72875976563
bhs,1982,3623.83374023438
bhs,1983,3762.04956054688
bhs,1984,4687.8701171875
bhs,1985,4931.3994140625
bhs,1986,5051.15576171875
bhs,1987,5170.3525390625
bhs,1988,4714.99072265625
bhs,1989,6795.23876953125
bhs,1990,6651.400390625
bhs,1991,6453.7998046875
bhs,1992,6123.15234375
bhs,1993,6094.7353515625
bhs,1994,6315.36181640625
bhs,1995,6653.88232421875
bhs,1996,7079.7919921875
bhs,1997,7713.6875
bhs,1998,8455.0546875
bhs,1999,9039.208984375
bhs,2000,9263.53515625
bhs,2001,9358.494140625
bhs,2002,9628.16796875
bhs,2003,9408.3310546875
bhs,2004,9237.4560546875
bhs,2005,9916.3193359375
bhs,2006,10191.2529296875
bhs,2007,10294.66796875
bhs,2008,10090.7470703125
bhs,2009,9303.931640625
bhs,2010,9377.50390625
bhs,2011,9330.1826171875
bhs,2012,9524.7646484375
bhs,2013,9294.38671875
bhs,2014,9634.0595703125
bhs,2015,9904.6484375
bhs,2016,9964.541015625
bhs,2017,10746.7958984375
bhs,2018,10774.5986328125
bhs,2019,10015.357421875
bhs,2020,8666.5732421875
bhs,2021,10119.5693359375
bhs,2022,10533.0986328125
bhs,2023,11312.27734375
bih,1990,11525.0498046875
bih,1991,10343.455078125
bih,1992,9871.1923828125
bih,1993,9563.4169921875
bih,1994,10202.333984375
bih,1995,13176.2255859375
bih,1996,22595.134765625
bih,1997,26676.001953125
bih,1998,29805.189453125
bih,1999,34273.2890625
bih,2000,32974.2265625
bih,2001,33948.28515625
bih,2002,35479.2265625
bih,2003,37104.484375
bih,2004,38087.546875
bih,2005,39694.51171875
bih,2006,41110.86328125
bih,2007,43171.59375
bih,2008,45187.68359375
bih,2009,43761.4921875
bih,2010,43951.3359375
bih,2011,43811.4921875
bih,2012,43701.59765625
bih,2013,43699.09375
bih,2014,44497.640625
bih,2015,45202.0234375
bih,2016,45968.984375
bih,2017,46619.28125
bih,2018,47544.921875
bih,2019,48511.015625
bih,2020,47334.578125
bih,2021,49174.69921875
bih,2022,50036.30859375
bih,2023,50701.1640625
blr,1990,66577.578125
blr,1991,62245.82421875
blr,1992,56315.3125
blr,1993,52745.83984375
blr,1994,46789.890625
blr,1995,42350.50390625
blr,1996,43902.109375
blr,1997,48260.02734375
blr,1998,53897.46484375
blr,1999,58391.578125
blr,2000,62658.67578125
blr,2001,71028.0859375
blr,2002,76731.65625
blr,2003,80787.671875
blr,2004,86186.875
blr,2005,95271.6484375
blr,2006,103893.4296875
blr,2007,113862.6796875
blr,2008,128223.59375
blr,2009,128173.4375
blr,2010,138234.109375
blr,2011,139734.421875
blr,2012,150922.5
blr,2013,162692.84375
blr,2014,167476.53125
blr,2015,164228.171875
blr,2016,160368.796875
blr,2017,165859.265625
blr,2018,175875.5
blr,2019,182876.46875
blr,2020,180573.546875
blr,2021,186813.96875
blr,2022,186390.796875
blr,2023,198288.09375
blz,1970,568.917602539063
blz,1971,607.34033203125
blz,1972,569.20751953125
blz,1973,630.326416015625
blz,1974,690.170471191406
blz,1975,696.91357421875
blz,1976,684.162841796875
blz,1977,722.19287109375
blz,1978,783.951416015625
blz,1979,774.872314453125
blz,1980,883.48486328125
blz,1981,725.197082519531
blz,1982,798.887390136719
blz,1983,745.414794921875
blz,1984,664.127868652344
blz,1985,659.143615722656
blz,1986,799.987426757813
blz,1987,830.992614746094
blz,1988,856.607116699219
blz,1989,915.726501464844
blz,1990,914.550415039063
blz,1991,995.006591796875
blz,1992,1600.9384765625
blz,1993,1655.51904296875
blz,1994,1740.46362304688
blz,1995,1793.23718261719
blz,1996,1811.50183105469
blz,1997,1858.9169921875
blz,1998,1975.4716796875
blz,1999,2118.24658203125
blz,2000,2286.77392578125
blz,2001,2496.48901367188
blz,2002,2686.97485351563
blz,2003,2792.84350585938
blz,2004,2783.33349609375
blz,2005,2744.0751953125
blz,2006,2685.80834960938
blz,2007,2782.04541015625
blz,2008,2832.18408203125
blz,2009,2794.23779296875
blz,2010,2907.505859375
blz,2011,2943.12426757813
blz,2012,3066.28125
blz,2013,3235.44653320313
blz,2014,3324.85375976563
blz,2015,3458.71704101563
blz,2016,3522.41430664063
blz,2017,3527.26806640625
blz,2018,3621.173828125
blz,2019,3741.36401367188
blz,2020,3182.6748046875
blz,2021,3686.91943359375
blz,2022,3974.81665039063
blz,2023,4074.9130859375
bmu,1970,1710.23962402344
bmu,1971,1765.76904296875
bmu,1972,1798.44958496094
bmu,1973,1830.93054199219
bmu,1974,1847.07263183594
bmu,1975,1913.06921386719
bmu,1976,2061.30712890625
bmu,1977,2139.52392578125
bmu,1978,2207.859375
bmu,1979,2268.99194335938
bmu,1980,2345.15234375
bmu,1981,2356.64038085938
bmu,1982,2369.25341796875
bmu,1983,2435.6845703125
bmu,1984,2525.92749023438
bmu,1985,2629.72998046875
bmu,1986,2695.24975585938
bmu,1987,2825.70849609375
bmu,1988,2952.8125
bmu,1989,3028.93896484375
bmu,1990,3026.35717773438
bmu,1991,2986.23828125
bmu,1992,2978.08862304688
bmu,1993,2987.10571289063
bmu,1994,3058.822265625
bmu,1995,3112.43139648438
bmu,1996,3180.50390625
bmu,1997,3264.47314453125
bmu,1998,3297.51000976563
bmu,1999,3406.69653320313
bmu,2000,3160.43627929688
bmu,2001,3227.25341796875
bmu,2002,3711.3310546875
bmu,2003,3980.38916015625
bmu,2004,3713.32250976563
bmu,2005,3701.53784179688
bmu,2006,3690.46435546875
bmu,2007,3820.44140625
bmu,2008,3966.23217773438
bmu,2009,3926.1171875
bmu,2010,3939.40747070313
bmu,2011,3769.26000976563
bmu,2012,3690.01147460938
bmu,2013,3636.96264648438
bmu,2014,3512.00122070313
bmu,2015,3553.83154296875
bmu,2016,3619.41162109375
bmu,2017,3674.82666015625
bmu,2018,3631.50903320313
bmu,2019,3659.13134765625
bmu,2020,3359.19702148438
bmu,2021,3429.60571289063
bmu,2022,3547.09008789063
bmu,2023,3553.36547851563
bol,1950,13360.388671875
bol,1951,14733.9326171875
bol,1952,15181.2109375
bol,1953,14493.1953125
bol,1954,14243.708984375
bol,1955,14253.6572265625
bol,1956,13396.3125
bol,1957,13506.8310546875
bol,1958,14100.376953125
bol,1959,14543.6416015625
bol,1960,14751.7275390625
bol,1961,15973.9609375
bol,1962,15180.1484375
bol,1963,16657.689453125
bol,1964,17098.091796875
bol,1965,19888.076171875
bol,1966,20947.599609375
bol,1967,22092.775390625
bol,1968,19885.275390625
bol,1969,20672.630859375
bol,1970,21044.8046875
bol,1971,21900.8671875
bol,1972,22360.80859375
bol,1973,24322.0
bol,1974,25280.27734375
bol,1975,26531.775390625
bol,1976,28545.384765625
bol,1977,29934.439453125
bol,1978,29349.1328125
bol,1979,30317.794921875
bol,1980,31122.708984375
bol,1981,31647.36328125
bol,1982,30430.921875
bol,1983,28756.23046875
bol,1984,28896.72265625
bol,1985,29553.384765625
bol,1986,30319.6953125
bol,1987,31016.58984375
bol,1988,31402.068359375
bol,1989,31925.453125
bol,1990,32853.890625
bol,1991,33946.515625
bol,1992,35159.85546875
bol,1993,36289.265625
bol,1994,37364.4140625
bol,1995,38669.375
bol,1996,39893.54296875
bol,1997,41931.3515625
bol,1998,44037.25390625
bol,1999,45285.3125
bol,2000,46311.9375
bol,2001,47021.6875
bol,2002,48098.88671875
bol,2003,49152.90625
bol,2004,50605.59765625
bol,2005,52293.046875
bol,2006,54342.44921875
bol,2007,56568.13671875
bol,2008,59509.6875
bol,2009,61711.2578125
bol,2010,64063.14453125
bol,2011,67634.2734375
bol,2012,70784.09375
bol,2013,75415.859375
bol,2014,79686.9453125
bol,2015,84442.2890625
bol,2016,86995.3671875
bol,2017,91147.15625
bol,2018,95224.6484375
bol,2019,98741.3359375
bol,2020,92044.8359375
bol,2021,96971.1328125
bol,2022,100315.328125
bol,2023,103327.40625
bra,1950,125009.765625
bra,1951,130652.546875
bra,1952,142111.859375
bra,1953,149709.578125
bra,1954,165144.984375
bra,1955,175527.421875
bra,1956,182951.40625
bra,1957,195191.8125
bra,1958,212096.0
bra,1959,220131.953125
bra,1960,245030.3125
bra,1961,282945.96875
bra,1962,300162.625
bra,1963,328369.5
bra,1964,341578.9375
bra,1965,366326.125
bra,1966,382094.6875
bra,1967,416565.25
bra,1968,460947.78125
bra,1969,447280.1875
bra,1970,524959.625
bra,1971,589937.5625
bra,1972,653967.375
bra,1973,732779.0625
bra,1974,804076.6875
bra,1975,811520.625
bra,1976,913784.875
bra,1977,958285.1875
bra,1978,1003483.1875
bra,1979,1090313.375
bra,1980,1152029.75
bra,1981,1086878.375
bra,1982,1133160.75
bra,1983,1111348.875
bra,1984,1136262.0
bra,1985,1169319.0
bra,1986,1318066.0
bra,1987,1343423.375
bra,1988,1328454.125
bra,1989,1348854.0
bra,1990,1350002.625
bra,1991,1422337.625
bra,1992,1422968.875
bra,1993,1483541.75
bra,1994,1573088.625
bra,1995,1715347.0
bra,1996,1749634.75
bra,1997,1795418.0
bra,1998,1798824.125
bra,1999,1811168.375
bra,2000,1866527.5
bra,2001,1888734.875
bra,2002,1924724.75
bra,2003,1923997.0
bra,2004,1999270.0
bra,2005,2076181.25
bra,2006,2177302.5
bra,2007,2303978.5
bra,2008,2428073.75
bra,2009,2527412.25
bra,2010,2670709.25
bra,2011,2782603.25
bra,2012,2871978.25
bra,2013,2958442.0
bra,2014,3015020.75
bra,2015,2930551.0
bra,2016,2845949.5
bra,2017,2884008.5
bra,2018,2941394.25
bra,2019,2996175.25
bra,2020,2865650.25
bra,2021,2958618.5
bra,2022,3067572.0
bra,2023,3170686.25
brb,1960,1978.71105957031
brb,1961,1921.65234375
brb,1962,1997.69812011719
brb,1963,2014.33801269531
brb,1964,2003.82067871094
brb,1965,2056.55688476563
brb,1966,2176.03198242188
brb,1967,2377.74169921875
brb,1968,2462.953125
brb,1969,2891.05932617188
brb,1970,3213.54443359375
brb,1971,3211.3359375
brb,1972,3232.4228515625
brb,1973,3327.54248046875
brb,1974,2907.7587890625
brb,1975,3098.13671875
brb,1976,2436.67724609375
brb,1977,2380.51196289063
brb,1978,2243.03369140625
brb,1979,2414.71362304688
brb,1980,2226.33715820313
brb,1981,2294.64135742188
brb,1982,2135.26318359375
brb,1983,2116.400390625
brb,1984,2190.00927734375
brb,1985,2129.11572265625
brb,1986,2401.52783203125
brb,1987,2452.98388671875
brb,1988,2515.37109375
brb,1989,2611.79272460938
brb,1990,2434.607421875
brb,1991,2572.75244140625
brb,1992,1961.57568359375
brb,1993,2024.46545410156
brb,1994,2885.40112304688
brb,1995,3173.43481445313
brb,1996,3270.16284179688
brb,1997,3261.1494140625
brb,1998,3622.59130859375
brb,1999,3786.29125976563
brb,2000,3840.26293945313
brb,2001,3816.11547851563
brb,2002,3818.935546875
brb,2003,3789.07104492188
brb,2004,4150.3486328125
brb,2005,4376.7236328125
brb,2006,4402.55419921875
brb,2007,4672.8369140625
brb,2008,4696.060546875
brb,2009,4393.5068359375
brb,2010,4269.5068359375
brb,2011,4245.77197265625
brb,2012,4286.71142578125
brb,2013,4204.74365234375
brb,2014,4243.5693359375
brb,2015,4161.7490234375
brb,2016,4286.90771484375
brb,2017,4172.68017578125
brb,2018,4019.83203125
brb,2019,3914.16235351563
brb,2020,3654.61645507813
brb,2021,3612.73999023438
brb,2022,4130.4658203125
brb,2023,4188.0146484375
brn,1970,3329.0458984375
brn,1971,3650.58154296875
brn,1972,4164.6455078125
brn,1973,4288.82958984375
brn,1974,4869.349609375
brn,1975,5637.0107421875
brn,1976,4660.94189453125
brn,1977,4619.98291015625
brn,1978,4297.92919921875
brn,1979,5024.46435546875
brn,1980,5186.92041015625
brn,1981,5344.3857421875
brn,1982,5493.2451171875
brn,1983,5667.13134765625
brn,1984,5873.32080078125
brn,1985,6086.376953125
brn,1986,6202.876953125
brn,1987,6287.25927734375
brn,1988,6628.40234375
brn,1989,7046.8837890625
brn,1990,7284.7421875
brn,1991,7221.62890625
brn,1992,8166.68994140625
brn,1993,9000.5830078125
brn,1994,8769.896484375
brn,1995,8672.8359375
brn,1996,9212.1201171875
brn,1997,9866.5576171875
brn,1998,9197.396484375
brn,1999,9178.6015625
brn,2000,9310.064453125
brn,2001,9995.111328125
brn,2002,9895.72265625
brn,2003,10328.7275390625
brn,2004,11109.5048828125
brn,2005,11016.630859375
brn,2006,11992.2802734375
brn,2007,13217.048828125
brn,2008,13242.4052734375
brn,2009,13924.466796875
brn,2010,14314.478515625
brn,2011,15076.2021484375
brn,2012,15647.4990234375
brn,2013,16374.8544921875
brn,2014,16284.6435546875
brn,2015,16303.5849609375
brn,2016,15618.291015625
brn,2017,16588.95703125
brn,2018,16895.892578125
brn,2019,17518.62890625
brn,2020,18187.234375
brn,2021,18927.234375
brn,2022,20372.845703125
brn,2023,21330.669921875
btn,1970,716.085693359375
btn,1971,735.109497070313
btn,1972,743.554870605469
btn,1973,755.129699707031
btn,1974,793.018798828125
btn,1975,766.813842773438
btn,1976,838.787414550781
btn,1977,897.841491699219
btn,1978,965.829772949219
btn,1979,1028.02746582031
btn,1980,1032.73547363281
btn,1981,1199.49682617188
btn,1982,1287.95837402344
btn,1983,1360.11254882813
btn,1984,1381.92602539063
btn,1985,1361.33837890625
btn,1986,1528.35412597656
btn,1987,1649.35424804688
btn,1988,1582.63696289063
btn,1989,1734.13989257813
btn,1990,1656.31652832031
btn,1991,1792.15405273438
btn,1992,1811.21130371094
btn,1993,1862.85876464844
btn,1994,1465.69921875
btn,1995,1653.81091308594
btn,1996,1858.62561035156
btn,1997,2274.37817382813
btn,1998,2480.27563476563
btn,1999,2665.021484375
btn,2000,2546.40454101563
btn,2001,2545.43115234375
btn,2002,2631.06860351563
btn,2003,3047.67529296875
btn,2004,3483.89013671875
btn,2005,3797.51342773438
btn,2006,3129.91162109375
btn,2007,4375.8623046875
btn,2008,4495.83056640625
btn,2009,4852.0283203125
btn,2010,5054.841796875
btn,2011,5313.2236328125
btn,2012,5209.57421875
btn,2013,5999.73583984375
btn,2014,7199.1357421875
btn,2015,8106.48681640625
btn,2016,7925.0302734375
btn,2017,8168.94287109375
btn,2018,8717.5537109375
btn,2019,8823.12890625
btn,2020,9133.4423828125
btn,2021,9144.48046875
btn,2022,9472.365234375
btn,2023,10036.4755859375
bwa,1960,538.240234375
bwa,1961,571.116149902344
bwa,1962,605.482238769531
bwa,1963,633.028686523438
bwa,1964,659.588806152344
bwa,1965,684.228393554688
bwa,1966,641.934265136719
bwa,1967,788.947814941406
bwa,1968,909.917541503906
bwa,1969,1080.70861816406
bwa,1970,1023.38519287109
bwa,1971,1103.66845703125
bwa,1972,1295.7451171875
bwa,1973,1568.84167480469
bwa,1974,1614.25402832031
bwa,1975,1795.46704101563
bwa,1976,2062.01220703125
bwa,1977,2325.36376953125
bwa,1978,2546.09301757813
bwa,1979,2803.77075195313
bwa,1980,3114.40966796875
bwa,1981,3281.04541015625
bwa,1982,3352.9609375
bwa,1983,3351.58129882813
bwa,1984,3317.24365234375
bwa,1985,3645.28198242188
bwa,1986,4222.029296875
bwa,1987,4666.8798828125
bwa,1988,5229.17431640625
bwa,1989,6742.720703125
bwa,1990,7825.35400390625
bwa,1991,8391.28125
bwa,1992,8659.087890625
bwa,1993,8864.9072265625
bwa,1994,9167.197265625
bwa,1995,10193.728515625
bwa,1996,10552.015625
bwa,1997,11814.228515625
bwa,1998,12305.8916015625
bwa,1999,12417.2177734375
bwa,2000,12351.1044921875
bwa,2001,11953.224609375
bwa,2002,12517.990234375
bwa,2003,12898.142578125
bwa,2004,14205.93359375
bwa,2005,14538.384765625
bwa,2006,16324.5
bwa,2007,17745.009765625
bwa,2008,19590.029296875
bwa,2009,20929.896484375
bwa,2010,21640.89453125
bwa,2011,23007.0
bwa,2012,24810.728515625
bwa,2013,26617.30859375
bwa,2014,27291.5234375
bwa,2015,27803.263671875
bwa,2016,28696.263671875
bwa,2017,28539.259765625
bwa,2018,29701.302734375
bwa,2019,31483.9453125
bwa,2020,32440.49609375
bwa,2021,33453.50390625
bwa,2022,34404.73828125
bwa,2023,36103.640625
caf,1960,2885.1064453125
caf,1961,2999.16357421875
caf,1962,3121.19848632813
caf,1963,2899.6591796875
caf,1964,2878.90747070313
caf,1965,2877.0703125
caf,1966,3028.701171875
caf,1967,3272.63037109375
caf,1968,3331.95727539063
caf,1969,3551.24975585938
caf,1970,3628.43383789063
caf,1971,3412.14331054688
caf,1972,3403.91528320313
caf,1973,3423.427734375
caf,1974,3820.3046875
caf,1975,4079.89697265625
caf,1976,3862.705078125
caf,1977,4278.2529296875
caf,1978,4419.27880859375
caf,1979,4454.37841796875
caf,1980,4500.73291015625
caf,1981,4930.7001953125
caf,1982,5353.611328125
caf,1983,4831.796875
caf,1984,5438.9443359375
caf,1985,5659.47705078125
caf,1986,5810.66015625
caf,1987,5477.5986328125
caf,1988,5606.15869140625
caf,1989,5714.80419921875
caf,1990,5772.54052734375
caf,1991,5750.0068359375
caf,1992,5609.5107421875
caf,1993,5289.654296875
caf,1994,6084.388671875
caf,1995,6156.44677734375
caf,1996,5584.72314453125
caf,1997,5612.4111328125
caf,1998,6015.34326171875
caf,1999,6410.17333984375
caf,2000,6633.98291015625
caf,2001,6667.18798828125
caf,2002,6580.47412109375
caf,2003,5913.47021484375
caf,2004,6385.34130859375
caf,2005,6538.16796875
caf,2006,6753.01171875
caf,2007,6936.66650390625
caf,2008,7201.75341796875
caf,2009,7528.4658203125
caf,2010,7359.9951171875
caf,2011,7326.8037109375
caf,2012,7923.95751953125
caf,2013,4598.97119140625
caf,2014,4589.13671875
caf,2015,4674.5947265625
caf,2016,5046.9609375
caf,2017,5095.13134765625
caf,2018,5699.2177734375
caf,2019,6041.25244140625
caf,2020,6004.40234375
caf,2021,6095.36181640625
caf,2022,6288.65771484375
caf,2023,6001.5380859375
can,1950,158901.640625
can,1951,166956.84375
can,1952,183533.9375
can,1953,194552.59375
can,1954,198555.125
can,1955,213109.875
can,1956,227269.28125
can,1957,233141.828125
can,1958,241339.15625
can,1959,251799.453125
can,1960,260103.265625
can,1961,269666.5
can,1962,281947.34375
can,1963,293600.375
can,1964,309780.875
can,1965,327231.15625
can,1966,346234.0625
can,1967,362671.625
can,1968,379393.1875
can,1969,397472.875
can,1970,411013.71875
can,1971,431546.1875
can,1972,457429.5625
can,1973,485970.78125
can,1974,511974.8125
can,1975,535828.625
can,1976,558297.6875
can,1977,576203.4375
can,1978,590240.5625
can,1979,601765.0625
can,1980,613854.8125
can,1981,621851.5625
can,1982,612732.875
can,1983,625500.8125
can,1984,646763.25
can,1985,676618.625
can,1986,696313.3125
can,1987,718614.0625
can,1988,745708.1875
can,1989,769054.3125
can,1990,783508.3125
can,1991,782487.375
can,1992,792823.1875
can,1993,802708.75
can,1994,816471.75
can,1995,827207.125
can,1996,840489.8125
can,1997,869364.6875
can,1998,891275.25
can,1999,922436.9375
can,2000,958454.875
can,2001,984046.8125
can,2002,1019058.125
can,2003,1047229.1875
can,2004,1075862.0
can,2005,1110019.75
can,2006,1152404.875
can,2007,1197054.125
can,2008,1235272.375
can,2009,1244972.25
can,2010,1285025.0
can,2011,1310881.5
can,2012,1331418.75
can,2013,1353888.375
can,2014,1381371.25
can,2015,1409904.375
can,2016,1438363.375
can,2017,1485309.625
can,2018,1526509.125
can,2019,1548649.5
can,2020,1482800.25
can,2021,1559850.125
can,2022,1630697.625
can,2023,1658216.375
che,1950,76479.9765625
che,1951,77758.21875
che,1952,79108.8515625
che,1953,80762.546875
che,1954,83600.5859375
che,1955,86734.296875
che,1956,90776.1328125
che,1957,93907.671875
che,1958,95791.640625
che,1959,99486.8125
che,1960,103720.828125
che,1961,111877.265625
che,1962,119258.9765625
che,1963,125560.96875
che,1964,131165.234375
che,1965,135887.484375
che,1966,139782.671875
che,1967,143643.75
che,1968,149205.9375
che,1969,157250.328125
che,1970,165586.46875
che,1971,173693.421875
che,1972,182561.890625
che,1973,187519.828125
che,1974,187146.53125
che,1975,182574.421875
che,1976,184953.0
che,1977,189870.6875
che,1978,194030.671875
che,1979,196443.171875
che,1980,201150.65625
che,1981,203611.3125
che,1982,204390.015625
che,1983,207194.640625
che,1984,209963.25
che,1985,214444.0
che,1986,219713.625
che,1987,224562.953125
che,1988,229384.125
che,1989,237040.78125
che,1990,241265.578125
che,1991,246234.171875
che,1992,247342.28125
che,1993,246792.0625
che,1994,250329.625
che,1995,252555.359375
che,1996,255845.484375
che,1997,260286.296875
che,1998,265730.09375
che,1999,271405.71875
che,2000,277297.78125
che,2001,283149.53125
che,2002,284988.5625
che,2003,286907.625
che,2004,292000.46875
che,2005,295727.78125
che,2006,299674.4375
che,2007,305826.09375
che,2008,311075.75
che,2009,316980.53125
che,2010,322336.0625
che,2011,326860.96875
che,2012,332744.21875
che,2013,339991.34375
che,2014,344022.3125
che,2015,351381.8125
che,2016,356279.71875
che,2017,360260.96875
che,2018,362734.90625
che,2019,366888.5625
che,2020,359260.1875
che,2021,367827.78125
che,2022,379676.0625
che,2023,385484.84375
chl,1951,28224.982421875
chl,1952,30294.2578125
chl,1953,31684.1640625
chl,1954,33010.0703125
chl,1955,32156.708984375
chl,1956,32148.728515625
chl,1957,36383.1875
chl,1958,37469.75390625
chl,1959,37219.91015625
chl,1960,40472.87109375
chl,1961,42355.79296875
chl,1962,44285.3984375
chl,1963,45760.3359375
chl,1964,45735.21484375
chl,1965,46253.53125
chl,1966,51477.25
chl,1967,52950.16015625
chl,1968,55093.2265625
chl,1969,58130.546875
chl,1970,58463.6953125
chl,1971,66077.890625
chl,1972,70912.8125
chl,1973,67259.53125
chl,1974,57093.34765625
chl,1975,50578.0703125
chl,1976,50698.48046875
chl,1977,57751.27734375
chl,1978,62071.89453125
chl,1979,66462.8359375
chl,1980,70261.640625
chl,1981,77618.609375
chl,1982,67847.5078125
chl,1983,64526.35546875
chl,1984,64762.15234375
chl,1985,64528.82421875
chl,1986,60011.859375
chl,1987,64792.4921875
chl,1988,69486.3359375
chl,1989,76764.1328125
chl,1990,78497.421875
chl,1991,85665.21875
chl,1992,97755.6875
chl,1993,105099.515625
chl,1994,113791.6796875
chl,1995,124971.3125
chl,1996,138217.296875
chl,1997,147932.828125
chl,1998,154902.5625
chl,1999,154034.046875
chl,2000,159772.015625
chl,2001,162998.78125
chl,2002,167145.78125
chl,2003,172844.96875
chl,2004,186748.390625
chl,2005,200317.75
chl,2006,214368.015625
chl,2007,228361.109375
chl,2008,234372.796875
chl,2009,237094.421875
chl,2010,260643.234375
chl,2011,281506.625
chl,2012,297974.65625
chl,2013,312655.53125
chl,2014,321029.03125
chl,2015,330176.28125
chl,2016,343643.1875
chl,2017,356573.59375
chl,2018,369571.28125
chl,2019,372183.65625
chl,2020,347548.0625
chl,2021,415529.25
chl,2022,426116.09375
chl,2023,409514.21875
chn,1952,160563.90625
chn,1953,165820.15625
chn,1954,165239.59375
chn,1955,180173.1875
chn,1956,192865.203125
chn,1957,200202.359375
chn,1958,204432.578125
chn,1959,179868.890625
chn,1960,184589.734375
chn,1961,189466.34375
chn,1962,205055.75
chn,1963,209228.84375
chn,1964,227532.96875
chn,1965,246124.9375
chn,1966,257951.171875
chn,1967,273237.09375
chn,1968,263366.0
chn,1969,286448.21875
chn,1970,289807.90625
chn,1971,308425.25
chn,1972,324770.4375
chn,1973,344882.125
chn,1974,355262.90625
chn,1975,369831.0
chn,1976,385378.6875
chn,1977,399265.65625
chn,1978,430369.3125
chn,1979,461147.65625
chn,1980,490175.1875
chn,1981,517482.1875
chn,1982,551668.125
chn,1983,618863.3125
chn,1984,716304.4375
chn,1985,818000.4375
chn,1986,870882.3125
chn,1987,934715.75
chn,1988,1007503.0625
chn,1989,1063665.125
chn,1990,1125507.375
chn,1991,1225642.625
chn,1992,1381996.625
chn,1993,1560552.625
chn,1994,1674951.375
chn,1995,1820329.75
chn,1996,2014697.5
chn,1997,2151267.75
chn,1998,2346290.0
chn,1999,2622480.5
chn,2000,2916863.0
chn,2001,3113655.75
chn,2002,3378772.0
chn,2003,3581252.75
chn,2004,3851344.25
chn,2005,4280280.0
chn,2006,4694161.5
chn,2007,5253750.5
chn,2008,5676637.5
chn,2009,6249070.0
chn,2010,6816181.0
chn,2011,7648231.0
chn,2012,8310997.5
chn,2013,8910588.0
chn,2014,9542312.0
chn,2015,10338762.0
chn,2016,11208317.0
chn,2017,12011744.0
chn,2018,12962209.0
chn,2019,13779956.0
chn,2020,13734834.0
chn,2021,14976981.0
chn,2022,15324135.0
chn,2023,16553765.0
civ,1960,7612.48095703125
civ,1961,7937.2041015625
civ,1962,8551.9912109375
civ,1963,9569.568359375
civ,1964,11087.8505859375
civ,1965,10503.5947265625
civ,1966,11691.5224609375
civ,1967,12553.39453125
civ,1968,13743.2255859375
civ,1969,15994.068359375
civ,1970,18332.841796875
civ,1971,19111.21484375
civ,1972,19779.97265625
civ,1973,21877.046875
civ,1974,23421.111328125
civ,1975,24234.712890625
civ,1976,26878.734375
civ,1977,29398.650390625
civ,1978,32940.74609375
civ,1979,33896.02734375
civ,1980,26879.71484375
civ,1981,27309.8203125
civ,1982,26252.490234375
civ,1983,25872.390625
civ,1984,25707.529296875
civ,1985,29143.34765625
civ,1986,31887.736328125
civ,1987,32386.224609375
civ,1988,32725.4921875
civ,1989,37163.12890625
civ,1990,32988.0703125
civ,1991,32316.93359375
civ,1992,33731.984375
civ,1993,33303.125
civ,1994,30868.92578125
civ,1995,34516.9375
civ,1996,36940.171875
civ,1997,37763.359375
civ,1998,39460.15625
civ,1999,40749.7265625
civ,2000,41679.36328125
civ,2001,42527.76171875
civ,2002,42481.19140625
civ,2003,48153.4453125
civ,2004,47646.48046875
civ,2005,47631.67578125
civ,2006,48098.8359375
civ,2007,50711.56640625
civ,2008,51020.53125
civ,2009,53019.63671875
civ,2010,58214.65625
civ,2011,58047.36328125
civ,2012,66686.2421875
civ,2013,72975.09375
civ,2014,84496.9453125
civ,2015,100286.84375
civ,2016,106469.7578125
civ,2017,113289.9140625
civ,2018,119935.28125
civ,2019,126466.8984375
civ,2020,128274.1171875
civ,2021,135233.671875
civ,2022,142349.703125
civ,2023,148773.453125
cmr,1960,12475.2314453125
cmr,1961,12687.9677734375
cmr,1962,13097.544921875
cmr,1963,13518.291015625
cmr,1964,13887.0439453125
cmr,1965,14211.912109375
cmr,1966,14607.51953125
cmr,1967,12965.876953125
cmr,1968,14231.15234375
cmr,1969,14792.046875
cmr,1970,14856.4951171875
cmr,1971,15562.537109375
cmr,1972,15562.6650390625
cmr,1973,15960.263671875
cmr,1974,16647.3515625
cmr,1975,17705.3046875
cmr,1976,16846.2890625
cmr,1977,19314.125
cmr,1978,21562.580078125
cmr,1979,26046.521484375
cmr,1980,29744.95703125
cmr,1981,31755.23046875
cmr,1982,32232.521484375
cmr,1983,33631.73828125
cmr,1984,35522.01953125
cmr,1985,35637.71875
cmr,1986,34665.1875
cmr,1987,33098.0625
cmr,1988,32154.03125
cmr,1989,31328.8125
cmr,1990,30363.01171875
cmr,1991,29382.849609375
cmr,1992,30670.658203125
cmr,1993,32487.15234375
cmr,1994,33572.640625
cmr,1995,33963.9921875
cmr,1996,35980.04296875
cmr,1997,38435.07421875
cmr,1998,40886.796875
cmr,1999,43256.80078125
cmr,2000,46133.1796875
cmr,2001,48769.0703125
cmr,2002,50408.8046875
cmr,2003,53937.265625
cmr,2004,56978.91796875
cmr,2005,59893.05859375
cmr,2006,61569.49609375
cmr,2007,63653.66015625
cmr,2008,67420.8125
cmr,2009,70698.65625
cmr,2010,72329.921875
cmr,2011,74966.4609375
cmr,2012,78925.015625
cmr,2013,83458.1875
cmr,2014,88072.1953125
cmr,2015,93591.765625
cmr,2016,95924.90625
cmr,2017,99784.0859375
cmr,2018,104818.21875
cmr,2019,109024.75
cmr,2020,109434.3125
cmr,2021,114284.0078125
cmr,2022,117598.0078125
cmr,2023,121672.1796875
cod,1950,17491.458984375
cod,1951,20876.513671875
cod,1952,21973.677734375
cod,1953,24114.966796875
cod,1954,25707.578125
cod,1955,27521.056640625
cod,1956,29150.826171875
cod,1957,29897.4921875
cod,1958,29943.630859375
cod,1959,30432.203125
cod,1960,33532.453125
cod,1961,30514.951171875
cod,1962,40046.921875
cod,1963,39402.33203125
cod,1964,37573.53515625
cod,1965,39959.8671875
cod,1966,43790.0
cod,1967,43225.05859375
cod,1968,46681.33984375
cod,1969,50266.47265625
cod,1970,52247.5
cod,1971,54258.421875
cod,1972,52982.9140625
cod,1973,55942.68359375
cod,1974,58621.6015625
cod,1975,51696.80859375
cod,1976,49395.76953125
cod,1977,47547.109375
cod,1978,45836.1015625
cod,1979,44172.703125
cod,1980,43359.58984375
cod,1981,47793.22265625
cod,1982,48540.58203125
cod,1983,47348.64453125
cod,1984,47654.29296875
cod,1985,47221.40234375
cod,1986,50628.77734375
cod,1987,54838.83984375
cod,1988,57559.078125
cod,1989,56748.79296875
cod,1990,54710.32421875
cod,1991,50061.37890625
cod,1992,56099.12890625
cod,1993,44745.203125
cod,1994,41747.50390625
cod,1995,42604.61328125
cod,1996,40564.3203125
cod,1997,38866.78125
cod,1998,38972.94140625
cod,1999,36402.8515625
cod,2000,36868.1015625
cod,2001,35836.8203125
cod,2002,33290.390625
cod,2003,40349.4296875
cod,2004,43180.08984375
cod,2005,46675.90234375
cod,2006,47643.41796875
cod,2007,51159.22265625
cod,2008,52252.328125
cod,2009,52312.9375
cod,2010,58900.90625
cod,2011,56118.30859375
cod,2012,66292.5703125
cod,2013,73877.1796875
cod,2014,79298.96875
cod,2015,84058.8125
cod,2016,83630.5859375
cod,2017,81187.0546875
cod,2018,83066.484375
cod,2019,88089.7265625
cod,2020,85246.375
cod,2021,92519.2421875
cod,2022,97052.03125
cod,2023,98750.8046875
cog,1960,3289.68115234375
cog,1961,3171.7431640625
cog,1962,3501.1484375
cog,1963,3618.71923828125
cog,1964,3816.5244140625
cog,1965,3820.736328125
cog,1966,3625.16333007813
cog,1967,3528.13623046875
cog,1968,3969.30712890625
cog,1969,4369.72705078125
cog,1970,4672.16259765625
cog,1971,5081.916015625
cog,1972,5078.60693359375
cog,1973,5312.29150390625
cog,1974,5616.349609375
cog,1975,6261.90966796875
cog,1976,6538.4228515625
cog,1977,6683.23828125
cog,1978,6837.61767578125
cog,1979,7161.87109375
cog,1980,7691.0869140625
cog,1981,9662.3681640625
cog,1982,11382.802734375
cog,1983,12041.3447265625
cog,1984,13082.3056640625
cog,1985,13665.6845703125
cog,1986,12878.2490234375
cog,1987,12596.267578125
cog,1988,10318.1171875
cog,1989,8483.2734375
cog,1990,6819.88037109375
cog,1991,10282.4169921875
cog,1992,7172.34228515625
cog,1993,9164.9091796875
cog,1994,10140.93359375
cog,1995,10310.2265625
cog,1996,12764.646484375
cog,1997,13781.408203125
cog,1998,13899.2001953125
cog,1999,13985.0009765625
cog,2000,6989.857421875
cog,2001,10360.025390625
cog,2002,9295.357421875
cog,2003,10984.2734375
cog,2004,14020.4873046875
cog,2005,14814.7900390625
cog,2006,16000.609375
cog,2007,18205.416015625
cog,2008,18648.99609375
cog,2009,18606.89453125
cog,2010,19359.00390625
cog,2011,22022.71875
cog,2012,23191.5703125
cog,2013,23455.173828125
cog,2014,25710.189453125
cog,2015,26937.150390625
cog,2016,25679.03515625
cog,2017,19921.1484375
cog,2018,20458.8984375
cog,2019,22031.783203125
cog,2020,18166.43359375
cog,2021,19730.095703125
cog,2022,23201.212890625
cog,2023,23313.2734375
col,1950,42017.82421875
col,1951,42467.2890625
col,1952,45405.36328125
col,1953,48476.94140625
col,1954,52331.9921875
col,1955,54582.3984375
col,1956,55281.53125
col,1957,56104.9296875
col,1958,57091.11328125
col,1959,60034.23828125
col,1960,63324.18359375
col,1961,67688.140625
col,1962,72611.59375
col,1963,76202.4609375
col,1964,83257.453125
col,1965,81945.4296875
col,1966,89221.6875
col,1967,89149.5234375
col,1968,94697.03125
col,1969,102210.34375
col,1970,109426.0625
col,1971,119423.0546875
col,1972,125192.53125
col,1973,131818.890625
col,1974,138839.046875
col,1975,142875.875
col,1976,152486.015625
col,1977,158722.140625
col,1978,172142.671875
col,1979,180660.25
col,1980,189898.53125
col,1981,195572.6875
col,1982,199032.46875
col,1983,199730.0625
col,1984,205691.375
col,1985,210070.890625
col,1986,216496.265625
col,1987,225032.265625
col,1988,234713.921875
col,1989,242844.109375
col,1990,250186.640625
col,1991,254525.796875
col,1992,264145.1875
col,1993,282375.90625
col,1994,297330.28125
col,1995,314142.9375
col,1996,326108.125
col,1997,340172.875
col,1998,338950.8125
col,1999,325551.0
col,2000,330733.875
col,2001,336227.59375
col,2002,341481.96875
col,2003,350907.53125
col,2004,365922.6875
col,2005,381465.0625
col,2006,405003.6875
col,2007,430162.40625
col,2008,448286.25
col,2009,458221.0625
col,2010,481510.25
col,2011,508801.0625
col,2012,536748.625
col,2013,565498.375
col,2014,589960.9375
col,2015,610038.0
col,2016,619956.375
col,2017,634410.0
col,2018,659604.875
col,2019,687922.25
col,2020,658960.1875
col,2021,749821.25
col,2022,816932.3125
col,2023,831205.3125
com,1960,287.930969238281
com,1961,303.334045410156
com,1962,318.619476318359
com,1963,374.054656982422
com,1964,402.151092529297
com,1965,404.390899658203
com,1966,430.789001464844
com,1967,486.647186279297
com,1968,485.636322021484
com,1969,491.955383300781
com,1970,495.405364990234
com,1971,516.598876953125
com,1972,528.059509277344
com,1973,566.68017578125
com,1974,583.840026855469
com,1975,622.504150390625
com,1976,623.965209960938
com,1977,648.65283203125
com,1978,669.738708496094
com,1979,731.186645507813
com,1980,785.970031738281
com,1981,823.421691894531
com,1982,858.31298828125
com,1983,896.744934082031
com,1984,921.350952148438
com,1985,939.777893066406
com,1986,974.130859375
com,1987,989.540710449219
com,1988,1026.12390136719
com,1989,1048.04650878906
com,1990,1057.51806640625
com,1991,1077.43725585938
com,1992,1247.20263671875
com,1993,1235.86364746094
com,1994,1133.36853027344
com,1995,1324.20556640625
com,1996,1280.08093261719
com,1997,1420.78845214844
com,1998,1242.18505859375
com,1999,1304.07104492188
com,2000,1264.86254882813
com,2001,1350.88195800781
com,2002,1382.45068359375
com,2003,1463.60217285156
com,2004,1535.68371582031
com,2005,1639.15075683594
com,2006,1662.96667480469
com,2007,1428.46740722656
com,2008,1566.21069335938
com,2009,1647.18225097656
com,2010,1674.38684082031
com,2011,1828.20227050781
com,2012,1990.17321777344
com,2013,2175.13330078125
com,2014,2253.93725585938
com,2015,2284.916015625
com,2016,2347.58569335938
com,2017,2474.55419921875
com,2018,2517.23364257813
com,2019,3165.65991210938
com,2020,2892.80444335938
com,2021,3004.84033203125
com,2022,3072.48583984375
com,2023,3602.6220703125
cpv,1960,244.896682739258
cpv,1961,254.923446655273
cpv,1962,252.957595825195
cpv,1963,268.542663574219
cpv,1964,289.296997070313
cpv,1965,294.4794921875
cpv,1966,323.794464111328
cpv,1967,436.171112060547
cpv,1968,434.185943603516
cpv,1969,458.492584228516
cpv,1970,488.523773193359
cpv,1971,514.530151367188
cpv,1972,526.015319824219
cpv,1973,534.040283203125
cpv,1974,546.902465820313
cpv,1975,457.418304443359
cpv,1976,463.480346679688
cpv,1977,439.189270019531
cpv,1978,481.277740478516
cpv,1979,499.978240966797
cpv,1980,545.566040039063
cpv,1981,547.559265136719
cpv,1982,574.696044921875
cpv,1983,635.43505859375
cpv,1984,688.390258789063
cpv,1985,742.247802734375
cpv,1986,801.779296875
cpv,1987,803.213439941406
cpv,1988,870.230651855469
cpv,1989,906.905212402344
cpv,1990,910.110900878906
cpv,1991,975.436706542969
cpv,1992,1020.83703613281
cpv,1993,1067.10974121094
cpv,1994,1114.37878417969
cpv,1995,1240.02770996094
cpv,1996,1301.54162597656
cpv,1997,1395.04772949219
cpv,1998,1519.2294921875
cpv,1999,1679.90893554688
cpv,2000,1786.73229980469
cpv,2001,1842.4033203125
cpv,2002,1975.75646972656
cpv,2003,2293.15405273438
cpv,2004,2517.4521484375
cpv,2005,2609.80981445313
cpv,2006,2736.9970703125
cpv,2007,2859.48486328125
cpv,2008,2921.36254882813
cpv,2009,3103.59375
cpv,2010,3097.67797851563
cpv,2011,3196.8095703125
cpv,2012,3229.84155273438
cpv,2013,3287.76904296875
cpv,2014,3365.47680664063
cpv,2015,3433.19482421875
cpv,2016,3702.77612304688
cpv,2017,4010.59399414063
cpv,2018,4193.4853515625
cpv,2019,4471.39697265625
cpv,2020,4020.7978515625
cpv,2021,4425.43212890625
cpv,2022,4793.9853515625
cpv,2023,5095.99951171875
cri,1950,4434.12451171875
cri,1951,4662.7626953125
cri,1952,5400.701171875
cri,1953,6622.384765625
cri,1954,7039.64599609375
cri,1955,7658.55029296875
cri,1956,7571.0478515625
cri,1957,8038.494140625
cri,1958,8921.6826171875
cri,1959,8960.9921875
cri,1960,9664.0791015625
cri,1961,9348.5234375
cri,1962,9887.2138671875
cri,1963,10686.279296875
cri,1964,11423.18359375
cri,1965,12812.8330078125
cri,1966,13184.111328125
cri,1967,13835.9541015625
cri,1968,14619.494140625
cri,1969,15289.3232421875
cri,1970,16823.8203125
cri,1971,17200.244140625
cri,1972,18046.44140625
cri,1973,18830.75390625
cri,1974,19864.904296875
cri,1975,20372.951171875
cri,1976,21318.935546875
cri,1977,24079.1015625
cri,1978,25930.087890625
cri,1979,26746.533203125
cri,1980,26393.8984375
cri,1981,24260.197265625
cri,1982,22170.939453125
cri,1983,23136.384765625
cri,1984,24700.669921875
cri,1985,25641.416015625
cri,1986,26879.267578125
cri,1987,27821.94921875
cri,1988,28454.6640625
cri,1989,29845.017578125
cri,1990,30978.97265625
cri,1991,30683.33203125
cri,1992,33344.4453125
cri,1993,36311.921875
cri,1994,38014.625
cri,1995,38700.9296875
cri,1996,39318.296875
cri,1997,41165.6328125
cri,1998,42869.81640625
cri,1999,43627.35546875
cri,2000,44139.58984375
cri,2001,45334.3828125
cri,2002,47563.63671875
cri,2003,49627.8671875
cri,2004,50768.91796875
cri,2005,52895.14453125
cri,2006,55455.33984375
cri,2007,59245.53515625
cri,2008,62704.39453125
cri,2009,63517.078125
cri,2010,67061.1171875
cri,2011,70843.8203125
cri,2012,75087.4140625
cri,2013,76740.6640625
cri,2014,80142.3515625
cri,2015,83508.453125
cri,2016,86397.9375
cri,2017,90555.921875
cri,2018,92068.0625
cri,2019,94399.2734375
cri,2020,89371.1015625
cri,2021,95526.0703125
cri,2022,98599.75
cri,2023,102922.5625
cuw,2005,3520.0595703125
cuw,2006,3717.01879882813
cuw,2007,3923.42114257813
cuw,2008,3938.54418945313
cuw,2009,4152.46923828125
cuw,2010,4265.40869140625
cuw,2011,4175.77392578125
cuw,2012,4173.76806640625
cuw,2013,4048.7880859375
cuw,2014,3994.64135742188
cuw,2015,3931.9404296875
cuw,2016,3865.466796875
cuw,2017,4143.14990234375
cuw,2018,4065.85522460938
cuw,2019,3620.64184570313
cuw,2020,3190.86840820313
cuw,2021,3066.80004882813
cuw,2022,3362.58813476563
cuw,2023,3272.27026367188
cym,1970,191.394317626953
cym,1971,197.463485717773
cym,1972,213.472503662109
cym,1973,244.086990356445
cym,1974,268.266296386719
cym,1975,294.874725341797
cym,1976,323.992980957031
cym,1977,356.080261230469
cym,1978,391.213684082031
cym,1979,430.202972412109
cym,1980,473.144927978516
cym,1981,518.830261230469
cym,1982,570.963989257813
cym,1983,644.550048828125
cym,1984,696.042358398438
cym,1985,721.177001953125
cym,1986,764.241577148438
cym,1987,851.649780273438
cym,1988,981.552673339844
cym,1989,1064.75561523438
cym,1990,1165.56616210938
cym,1991,1193.04089355469
cym,1992,1229.7294921875
cym,1993,1288.58972167969
cym,1994,1356.95202636719
cym,1995,1422.14685058594
cym,1996,1493.14904785156
cym,1997,1575.23596191406
cym,1998,2052.18798828125
cym,1999,2121.65698242188
cym,2000,2142.42333984375
cym,2001,2154.34936523438
cym,2002,2191.52880859375
cym,2003,2235.33032226563
cym,2004,2255.419921875
cym,2005,2401.95385742188
cym,2006,2512.31469726563
cym,2007,2533.36279296875
cym,2008,2582.81884765625
cym,2009,2396.12084960938
cym,2010,2332.03051757813
cym,2011,2359.44482421875
cym,2012,2385.14453125
cym,2013,2421.90942382813
cym,2014,2483.7099609375
cym,2015,2539.41674804688
cym,2016,2659.91650390625
cym,2017,2705.396484375
cym,2018,2834.87353515625
cym,2019,2990.3583984375
cym,2020,2867.37329101563
cym,2021,3081.09741210938
cym,2022,3244.35522460938
cym,2023,3334.85009765625
cyp,1950,1062.17138671875
cyp,1951,1164.52819824219
cyp,1952,1274.92163085938
cyp,1953,1395.27099609375
cyp,1954,1199.36022949219
cyp,1955,1208.40747070313
cyp,1956,1411.79736328125
cyp,1957,1401.14538574219
cyp,1958,1332.02893066406
cyp,1959,1473.33752441406
cyp,1960,1633.15454101563
cyp,1961,1731.8974609375
cyp,1962,1870.99523925781
cyp,1963,2035.7353515625
cyp,1964,1859.95288085938
cyp,1965,2127.84545898438
cyp,1966,2370.78564453125
cyp,1967,2689.33227539063
cyp,1968,2912.14819335938
cyp,1969,3150.60083007813
cyp,1970,3340.20166015625
cyp,1971,3686.88500976563
cyp,1972,4038.5244140625
cyp,1973,4452.36328125
cyp,1974,3785.86743164063
cyp,1975,3205.83471679688
cyp,1976,3653.88452148438
cyp,1977,4226.2978515625
cyp,1978,4625.611328125
cyp,1979,4890.875
cyp,1980,5188.11083984375
cyp,1981,5320.3037109375
cyp,1982,5868.3955078125
cyp,1983,6286.2998046875
cyp,1984,6564.09912109375
cyp,1985,6932.19873046875
cyp,1986,7072.20849609375
cyp,1987,7710.08740234375
cyp,1988,8491.310546875
cyp,1989,8999.2890625
cyp,1990,9942.3994140625
cyp,1991,10853.4287109375
cyp,1992,11408.912109375
cyp,1993,10635.375
cyp,1994,11081.255859375
cyp,1995,12983.6806640625
cyp,1996,13541.015625
cyp,1997,14082.3994140625
cyp,1998,15299.5673828125
cyp,1999,15918.4052734375
cyp,2000,16818.9609375
cyp,2001,17821.62109375
cyp,2002,18441.849609375
cyp,2003,19384.43359375
cyp,2004,20383.9609375
cyp,2005,21112.314453125
cyp,2006,22083.93359375
cyp,2007,23934.1953125
cyp,2008,25808.87109375
cyp,2009,24800.078125
cyp,2010,25852.1875
cyp,2011,25776.623046875
cyp,2012,25088.490234375
cyp,2013,23449.8984375
cyp,2014,23075.904296875
cyp,2015,23716.021484375
cyp,2016,24710.013671875
cyp,2017,25749.107421875
cyp,2018,27183.580078125
cyp,2019,28739.982421875
cyp,2020,27990.11328125
cyp,2021,29755.818359375
cyp,2022,32291.04296875
cyp,2023,33921.8359375
cze,1990,215669.828125
cze,1991,175340.453125
cze,1992,182197.578125
cze,1993,185714.96875
cze,1994,193339.203125
cze,1995,199060.859375
cze,1996,209116.0625
cze,1997,215229.265625
cze,1998,212783.640625
cze,1999,219104.75
cze,2000,221357.265625
cze,2001,227620.421875
cze,2002,238109.109375
cze,2003,250272.421875
cze,2004,254118.203125
cze,2005,261160.96875
cze,2006,268385.84375
cze,2007,276666.15625
cze,2008,283754.53125
cze,2009,284744.53125
cze,2010,288791.59375
cze,2011,286736.15625
cze,2012,283553.84375
cze,2013,287112.53125
cze,2014,290952.65625
cze,2015,299947.21875
cze,2016,309746.75
cze,2017,321267.28125
cze,2018,332637.84375
cze,2019,342438.4375
cze,2020,330847.21875
cze,2021,341878.84375
cze,2022,343540.90625
cze,2023,340144.09375
deu,1950,417567.6875
deu,1951,448036.15625
deu,1952,482391.5
deu,1953,531723.875
deu,1954,562974.75
deu,1955,610998.0
deu,1956,668092.5
deu,1957,714263.625
deu,1958,751075.1875
deu,1959,796826.125
deu,1960,842652.375
deu,1961,895061.625
deu,1962,952325.3125
deu,1963,985933.6875
deu,1964,1031888.875
deu,1965,1098322.25
deu,1966,1132090.5
deu,1967,1150624.375
deu,1968,1194649.375
deu,1969,1280159.25
deu,1970,1368726.25
deu,1971,1446642.75
deu,1972,1522969.375
deu,1973,1579020.875
deu,1974,1599120.625
deu,1975,1661962.625
deu,1976,1723629.0
deu,1977,1787116.625
deu,1978,1853906.0
deu,1979,1917908.75
deu,1980,1956679.375
deu,1981,1974791.5
deu,1982,1954723.0
deu,1983,1972539.75
deu,1984,2007369.25
deu,1985,2039263.75
deu,1986,2104384.0
deu,1987,2162593.75
deu,1988,2213177.5
deu,1989,2249876.25
deu,1990,2331902.5
deu,1991,2427040.25
deu,1992,2516739.5
deu,1993,2528267.75
deu,1994,2580233.75
deu,1995,2620361.0
deu,1996,2671252.5
deu,1997,2698278.0
deu,1998,2747543.25
deu,1999,2832622.75
deu,2000,2894022.5
deu,2001,2918126.75
deu,2002,2916237.0
deu,2003,2937218.5
deu,2004,2946827.0
deu,2005,2970970.25
deu,2006,3011906.0
deu,2007,3022458.5
deu,2008,3052091.5
deu,2009,3083574.5
deu,2010,3109431.25
deu,2011,3144439.25
deu,2012,3180791.75
deu,2013,3195990.0
deu,2014,3234614.75
deu,2015,3314040.25
deu,2016,3403791.0
deu,2017,3455923.25
deu,2018,3500967.25
deu,2019,3571268.75
deu,2020,3446974.5
deu,2021,3537981.0
deu,2022,3676311.0
deu,2023,3665127.75
dji,1970,755.525085449219
dji,1971,799.598876953125
dji,1972,838.513610839844
dji,1973,864.6796875
dji,1974,827.991271972656
dji,1975,985.890014648438
dji,1976,953.89111328125
dji,1977,862.437377929688
dji,1978,1042.32177734375
dji,1979,891.579406738281
dji,1980,914.340209960938
dji,1981,936.461669921875
dji,1982,1081.60290527344
dji,1983,1103.66784667969
dji,1984,1028.54345703125
dji,1985,1133.79370117188
dji,1986,1119.56665039063
dji,1987,1118.98449707031
dji,1988,1181.28271484375
dji,1989,1131.98571777344
dji,1990,981.7373046875
dji,1991,955.64599609375
dji,1992,1167.39721679688
dji,1993,1427.8525390625
dji,1994,937.509216308594
dji,1995,1143.11437988281
dji,1996,1028.19946289063
dji,1997,1096.71655273438
dji,1998,1125.14587402344
dji,1999,1198.39599609375
dji,2000,1212.61181640625
dji,2001,1147.70910644531
dji,2002,1038.81726074219
dji,2003,1062.31384277344
dji,2004,1189.130859375
dji,2005,1209.92370605469
dji,2006,1485.6005859375
dji,2007,1611.95178222656
dji,2008,1853.01245117188
dji,2009,1675.50610351563
dji,2010,1894.46240234375
dji,2011,2328.0283203125
dji,2012,2629.93286132813
dji,2013,2436.99291992188
dji,2014,2667.55151367188
dji,2015,2910.59716796875
dji,2016,3337.4736328125
dji,2017,3626.515625
dji,2018,4017.236328125
dji,2019,4473.39501953125
dji,2020,4933.33349609375
dji,2021,5466.3837890625
dji,2022,6057.59765625
dji,2023,6701.8134765625
dma,1970,259.296722412109
dma,1971,280.501037597656
dma,1972,299.678955078125
dma,1973,322.759063720703
dma,1974,384.10888671875
dma,1975,368.120147705078
dma,1976,389.632843017578
dma,1977,423.509368896484
dma,1978,471.452880859375
dma,1979,496.803131103516
dma,1980,537.770446777344
dma,1981,544.667053222656
dma,1982,497.381927490234
dma,1983,479.5439453125
dma,1984,534.172546386719
dma,1985,540.689147949219
dma,1986,506.876647949219
dma,1987,561.46630859375
dma,1988,614.785095214844
dma,1989,660.522766113281
dma,1990,624.205261230469
dma,1991,669.722839355469
dma,1992,649.63525390625
dma,1993,668.4375
dma,1994,697.336486816406
dma,1995,653.843627929688
dma,1996,723.83056640625
dma,1997,688.649047851563
dma,1998,682.394165039063
dma,1999,690.841491699219
dma,2000,758.524475097656
dma,2001,803.857666015625
dma,2002,782.133483886719
dma,2003,816.210021972656
dma,2004,830.986999511719
dma,2005,871.45751953125
dma,2006,879.837219238281
dma,2007,1002.80114746094
dma,2008,1136.0185546875
dma,2009,1091.78454589844
dma,2010,1048.345703125
dma,2011,1036.27966308594
dma,2012,1079.150390625
dma,2013,991.280578613281
dma,2014,1047.9248046875
dma,2015,1046.26647949219
dma,2016,1048.01049804688
dma,2017,1043.06555175781
dma,2018,1198.80981445313
dma,2019,1224.65893554688
dma,2020,1040.32983398438
dma,2021,954.427368164063
dma,2022,928.308959960938
dma,2023,1014.35083007813
dnk,1950,48131.3671875
dnk,1951,47239.5
dnk,1952,48293.84375
dnk,1953,50169.90625
dnk,1954,53306.89453125
dnk,1955,53412.9375
dnk,1956,54058.67578125
dnk,1957,54776.84765625
dnk,1958,56906.5390625
dnk,1959,60073.37109375
dnk,1960,62763.74609375
dnk,1961,67277.2421875
dnk,1962,71437.7109375
dnk,1963,72472.2734375
dnk,1964,77255.1640625
dnk,1965,79526.9453125
dnk,1966,83252.8515625
dnk,1967,88850.421875
dnk,1968,92863.296875
dnk,1969,98640.46875
dnk,1970,102223.3046875
dnk,1971,104759.9921875
dnk,1972,106116.625
dnk,1973,112709.078125
dnk,1974,111625.640625
dnk,1975,113733.6640625
dnk,1976,121281.328125
dnk,1977,123664.0078125
dnk,1978,127814.6640625
dnk,1979,131029.7265625
dnk,1980,130014.6171875
dnk,1981,129802.65625
dnk,1982,132657.84375
dnk,1983,134341.8125
dnk,1984,136942.71875
dnk,1985,142262.203125
dnk,1986,149241.515625
dnk,1987,148021.03125
dnk,1988,146574.0
dnk,1989,146510.625
dnk,1990,146819.484375
dnk,1991,149346.140625
dnk,1992,152538.234375
dnk,1993,153654.578125
dnk,1994,161438.046875
dnk,1995,164450.265625
dnk,1996,168794.171875
dnk,1997,172288.6875
dnk,1998,176982.53125
dnk,1999,178731.921875
dnk,2000,180928.796875
dnk,2001,182702.390625
dnk,2002,185776.328125
dnk,2003,187526.046875
dnk,2004,194403.375
dnk,2005,200250.1875
dnk,2006,205690.34375
dnk,2007,209105.40625
dnk,2008,211694.484375
dnk,2009,208900.5
dnk,2010,211869.671875
dnk,2011,211757.015625
dnk,2012,212892.921875
dnk,2013,214945.59375
dnk,2014,216120.515625
dnk,2015,220431.53125
dnk,2016,225160.234375
dnk,2017,229893.6875
dnk,2018,235886.21875
dnk,2019,239438.984375
dnk,2020,235901.046875
dnk,2021,250452.140625
dnk,2022,244873.546875
dnk,2023,247307.046875
dom,1951,6053.5478515625
dom,1952,5721.380859375
dom,1953,5781.2783203125
dom,1954,6228.21923828125
dom,1955,6408.15380859375
dom,1956,7171.03076171875
dom,1957,7759.67626953125
dom,1958,8231.5400390625
dom,1959,8090.705078125
dom,1960,8463.248046875
dom,1961,8446.9931640625
dom,1962,11538.51171875
dom,1963,13133.7626953125
dom,1964,14294.564453125
dom,1965,12286.900390625
dom,1966,14130.494140625
dom,1967,13927.7216796875
dom,1968,14326.3408203125
dom,1969,15380.6875
dom,1970,17984.8125
dom,1971,19436.41015625
dom,1972,20185.796875
dom,1973,21974.673828125
dom,1974,24782.955078125
dom,1975,25984.21875
dom,1976,27560.44921875
dom,1977,28528.900390625
dom,1978,28607.693359375
dom,1979,29204.41015625
dom,1980,34717.8203125
dom,1981,35556.91015625
dom,1982,37259.18359375
dom,1983,38514.50390625
dom,1984,37510.1328125
dom,1985,37661.09375
dom,1986,39321.93359375
dom,1987,42302.390625
dom,1988,41883.3515625
dom,1989,41996.70703125
dom,1990,38629.93359375
dom,1991,39994.51953125
dom,1992,45532.828125
dom,1993,48047.05078125
dom,1994,48724.19140625
dom,1995,51479.93359375
dom,1996,53860.13671875
dom,1997,59076.921875
dom,1998,63341.125
dom,1999,67198.484375
dom,2000,70312.1796875
dom,2001,73062.1875
dom,2002,77330.5703125
dom,2003,73045.21875
dom,2004,75329.484375
dom,2005,86719.265625
dom,2006,97042.1875
dom,2007,105803.546875
dom,2008,111221.078125
dom,2009,117326.6953125
dom,2010,125103.3515625
dom,2011,129505.5234375
dom,2012,132632.546875
dom,2013,136219.125
dom,2014,143276.796875
dom,2015,152583.40625
dom,2016,160986.421875
dom,2017,167230.265625
dom,2018,176066.328125
dom,2019,184626.953125
dom,2020,180569.203125
dom,2021,190662.359375
dom,2022,200061.375
dom,2023,205039.0625
dza,1960,46140.9921875
dza,1961,34787.69921875
dza,1962,26736.986328125
dza,1963,41460.08203125
dza,1964,48196.28515625
dza,1965,53697.9296875
dza,1966,45316.91796875
dza,1967,46131.64453125
dza,1968,49162.984375
dza,1969,52543.48046875
dza,1970,57836.39453125
dza,1971,61173.34375
dza,1972,66054.3203125
dza,1973,68837.7265625
dza,1974,83521.765625
dza,1975,88485.59375
dza,1976,97140.1328125
dza,1977,105539.0859375
dza,1978,111098.8203125
dza,1979,126605.8046875
dza,1980,135673.84375
dza,1981,147009.171875
dza,1982,151114.03125
dza,1983,160373.515625
dza,1984,169004.25
dza,1985,177003.921875
dza,1986,173491.703125
dza,1987,163784.90625
dza,1988,155480.6875
dza,1989,165616.921875
dza,1990,161548.125
dza,1991,155482.59375
dza,1992,164640.796875
dza,1993,161359.875
dza,1994,162235.71875
dza,1995,166373.953125
dza,1996,164801.90625
dza,1997,162850.328125
dza,1998,166622.078125
dza,1999,171357.359375
dza,2000,174492.90625
dza,2001,181949.828125
dza,2002,191972.125
dza,2003,199910.109375
dza,2004,209473.03125
dza,2005,215356.171875
dza,2006,223892.90625
dza,2007,233594.421875
dza,2008,252963.40625
dza,2009,270216.5
dza,2010,285520.03125
dza,2011,306581.09375
dza,2012,319242.71875
dza,2013,330160.09375
dza,2014,340788.71875
dza,2015,353126.96875
dza,2016,362384.5625
dza,2017,370058.90625
dza,2018,379865.28125
dza,2019,404245.875
dza,2020,413043.0
dza,2021,444276.9375
dza,2022,447875.0625
dza,2023,452926.625
ecu,1950,13588.763671875
ecu,1951,14459.861328125
ecu,1952,15826.890625
ecu,1953,16330.31640625
ecu,1954,17587.099609375
ecu,1955,18278.98046875
ecu,1956,19112.62109375
ecu,1957,19565.517578125
ecu,1958,20466.771484375
ecu,1959,21040.68359375
ecu,1960,22513.86328125
ecu,1961,23786.01171875
ecu,1962,25318.796875
ecu,1963,25923.548828125
ecu,1964,28234.451171875
ecu,1965,29044.54296875
ecu,1966,29866.470703125
ecu,1967,31784.556640625
ecu,1968,33780.60546875
ecu,1969,35483.65234375
ecu,1970,37640.1328125
ecu,1971,39867.3671875
ecu,1972,38298.5234375
ecu,1973,38994.5625
ecu,1974,51656.07421875
ecu,1975,66517.296875
ecu,1976,70778.6484375
ecu,1977,73108.9375
ecu,1978,77602.21875
ecu,1979,77303.0
ecu,1980,80806.5
ecu,1981,91899.703125
ecu,1982,99753.1484375
ecu,1983,102924.609375
ecu,1984,103680.40625
ecu,1985,107871.140625
ecu,1986,106648.4375
ecu,1987,111299.484375
ecu,1988,105105.5078125
ecu,1989,105520.0703125
ecu,1990,112224.6484375
ecu,1991,117367.953125
ecu,1992,116666.671875
ecu,1993,123242.65625
ecu,1994,124949.5625
ecu,1995,130560.84375
ecu,1996,137078.65625
ecu,1997,104062.984375
ecu,1998,104347.5
ecu,1999,95726.234375
ecu,2000,102582.2109375
ecu,2001,91772.578125
ecu,2002,99175.1796875
ecu,2003,102294.6640625
ecu,2004,102116.0546875
ecu,2005,106291.4453125
ecu,2006,110882.296875
ecu,2007,115651.4375
ecu,2008,123201.1953125
ecu,2009,127927.2578125
ecu,2010,136072.484375
ecu,2011,144342.390625
ecu,2012,151645.515625
ecu,2013,161340.859375
ecu,2014,168459.125
ecu,2015,175841.296875
ecu,2016,166166.921875
ecu,2017,176891.6875
ecu,2018,181211.625
ecu,2019,183277.265625
ecu,2020,166150.96875
ecu,2021,181203.296875
ecu,2022,192718.703125
ecu,2023,193542.03125
egy,1950,58059.5859375
egy,1951,61250.57421875
egy,1952,55555.265625
egy,1953,53083.6015625
egy,1954,58652.25
egy,1955,61393.390625
egy,1956,63401.08984375
egy,1957,68279.203125
egy,1958,67637.2421875
egy,1959,72100.984375
egy,1960,74822.03125
egy,1961,80044.3828125
egy,1962,85105.265625
egy,1963,90589.0390625
egy,1964,102839.0390625
egy,1965,107239.015625
egy,1966,107471.1875
egy,1967,114505.4140625
egy,1968,121366.9375
egy,1969,129971.0625
egy,1970,150279.484375
egy,1971,155901.140625
egy,1972,164838.375
egy,1973,165704.328125
egy,1974,182709.296875
egy,1975,197031.5
egy,1976,207166.515625
egy,1977,210281.96875
egy,1978,215783.828125
egy,1979,224735.90625
egy,1980,237199.1875
egy,1981,250610.609375
egy,1982,254254.09375
egy,1983,265474.40625
egy,1984,296710.34375
egy,1985,310224.375
egy,1986,317765.5
egy,1987,331210.78125
egy,1988,339493.53125
egy,1989,354530.34375
egy,1990,375292.53125
egy,1991,401857.71875
egy,1992,403832.59375
egy,1993,436962.21875
egy,1994,449541.40625
egy,1995,449632.09375
egy,1996,465235.375
egy,1997,487024.5
egy,1998,505043.53125
egy,1999,534130.8125
egy,2000,563291.8125
egy,2001,580678.4375
egy,2002,666018.3125
egy,2003,681854.125
egy,2004,700053.625
egy,2005,729416.6875
egy,2006,768004.25
egy,2007,830808.8125
egy,2008,884753.4375
egy,2009,972309.3125
egy,2010,1002087.75
egy,2011,1035752.25
egy,2012,1118328.375
egy,2013,1145635.625
egy,2014,1212839.125
egy,2015,1257842.375
egy,2016,1316877.75
egy,2017,1389037.0
egy,2018,1405986.625
egy,2019,1428477.5
egy,2020,1533646.125
egy,2021,1625808.625
egy,2022,1657363.25
egy,2023,1711673.875
esp,1950,129796.3828125
esp,1951,149858.734375
esp,1952,161083.5
esp,1953,152142.0
esp,1954,168596.625
esp,1955,178002.78125
esp,1956,191030.75
esp,1957,198043.265625
esp,1958,204557.515625
esp,1959,208150.46875
esp,1960,221225.359375
esp,1961,244807.734375
esp,1962,265636.75
esp,1963,294890.8125
esp,1964,307019.4375
esp,1965,325881.5625
esp,1966,348021.59375
esp,1967,367626.65625
esp,1968,386848.84375
esp,1969,414550.4375
esp,1970,434150.09375
esp,1971,455826.125
esp,1972,491729.0625
esp,1973,529148.625
esp,1974,559124.0
esp,1975,571847.125
esp,1976,604969.25
esp,1977,616256.625
esp,1978,626145.0625
esp,1979,637249.5
esp,1980,651946.4375
esp,1981,651133.25
esp,1982,656903.4375
esp,1983,662910.9375
esp,1984,664157.125
esp,1985,681914.5625
esp,1986,706766.375
esp,1987,753235.0
esp,1988,788225.75
esp,1989,835570.0
esp,1990,869635.0
esp,1991,900509.875
esp,1992,922695.5625
esp,1993,914520.3125
esp,1994,923354.0
esp,1995,940659.5
esp,1996,959958.25
esp,1997,985283.875
esp,1998,1025748.1875
esp,1999,1071711.5
esp,2000,1118359.125
esp,2001,1161274.375
esp,2002,1198989.0
esp,2003,1233276.875
esp,2004,1289393.125
esp,2005,1345079.625
esp,2006,1399816.25
esp,2007,1453631.875
esp,2008,1463418.375
esp,2009,1438257.625
esp,2010,1445870.875
esp,2011,1421990.375
esp,2012,1372857.75
esp,2013,1335454.75
esp,2014,1351008.5
esp,2015,1387876.125
esp,2016,1418620.875
esp,2017,1454901.875
esp,2018,1481385.125
esp,2019,1502168.625
esp,2020,1378577.625
esp,2021,1463148.125
esp,2022,1517114.25
esp,2023,1557302.125
est,1990,17511.59375
est,1991,17162.42578125
est,1992,13145.8505859375
est,1993,13395.7373046875
est,1994,13671.7734375
est,1995,14630.310546875
est,1996,15506.0341796875
est,1997,16959.39453125
est,1998,17603.013671875
est,1999,17698.87109375
est,2000,18425.78125
est,2001,19450.396484375
est,2002,21040.80078125
est,2003,22772.255859375
est,2004,24306.23046875
est,2005,26270.662109375
est,2006,29146.869140625
est,2007,31441.521484375
est,2008,30691.193359375
est,2009,27249.494140625
est,2010,26947.5625
est,2011,27854.9296875
est,2012,29173.826171875
est,2013,30318.69921875
est,2014,31363.083984375
est,2015,32707.73828125
est,2016,33953.97265625
est,2017,34689.0
est,2018,35956.83203125
est,2019,37397.29296875
est,2020,37575.96484375
est,2021,39897.87890625
est,2022,40546.29296875
est,2023,40255.05859375
eth,1950,12789.935546875
eth,1951,14523.333984375
eth,1952,15036.4951171875
eth,1953,15994.3876953125
eth,1954,16306.9736328125
eth,1955,16354.0517578125
eth,1956,17478.478515625
eth,1957,16973.767578125
eth,1958,17158.849609375
eth,1959,18431.54296875
eth,1960,18683.560546875
eth,1961,19513.158203125
eth,1962,20336.126953125
eth,1963,20959.984375
eth,1964,22440.078125
eth,1965,24205.556640625
eth,1966,25088.69140625
eth,1967,24792.87109375
eth,1968,25862.677734375
eth,1969,27352.419921875
eth,1970,27706.38671875
eth,1971,29374.73828125
eth,1972,30373.611328125
eth,1973,30281.43359375
eth,1974,30883.8671875
eth,1975,32859.15234375
eth,1976,33152.234375
eth,1977,34410.7109375
eth,1978,34940.328125
eth,1979,36535.44921875
eth,1980,37984.90234375
eth,1981,39130.1328125
eth,1982,40047.2421875
eth,1983,42415.91796875
eth,1984,38976.6640625
eth,1985,38834.0703125
eth,1986,40044.5
eth,1987,40529.35546875
eth,1988,42067.56640625
eth,1989,40825.734375
eth,1990,43065.68359375
eth,1991,43463.0390625
eth,1992,40898.69140625
eth,1993,45484.78515625
eth,1994,43181.80859375
eth,1995,49847.49609375
eth,1996,52480.31640625
eth,1997,57380.78125
eth,1998,56174.390625
eth,1999,61544.6640625
eth,2000,60313.80859375
eth,2001,67517.796875
eth,2002,65684.734375
eth,2003,66563.0078125
eth,2004,74299.078125
eth,2005,91102.21875
eth,2006,96971.046875
eth,2007,113962.2578125
eth,2008,127888.828125
eth,2009,135343.875
eth,2010,158299.953125
eth,2011,166304.265625
eth,2012,172006.984375
eth,2013,191088.625
eth,2014,203246.328125
eth,2015,213177.859375
eth,2016,220993.3125
eth,2017,225356.328125
eth,2018,247702.4375
eth,2019,255469.671875
eth,2020,276402.71875
eth,2021,303623.5
eth,2022,340375.90625
eth,2023,363057.65625
fin,1950,28007.5390625
fin,1951,29826.98828125
fin,1952,31633.166015625
fin,1953,31475.171875
fin,1954,33376.875
fin,1955,36231.3515625
fin,1956,37742.1171875
fin,1957,37173.86328125
fin,1958,36595.1015625
fin,1959,39180.33203125
fin,1960,41761.6640625
fin,1961,44821.38671875
fin,1962,47662.875
fin,1963,49984.2421875
fin,1964,52422.5
fin,1965,55265.16796875
fin,1966,56882.3203125
fin,1967,58354.56640625
fin,1968,59074.50390625
fin,1969,64483.60546875
fin,1970,69081.96875
fin,1971,70855.9453125
fin,1972,76678.09375
fin,1973,81159.5078125
fin,1974,83078.2109375
fin,1975,86390.125
fin,1976,88934.0703125
fin,1977,89486.9765625
fin,1978,91742.4609375
fin,1979,96595.234375
fin,1980,99542.4921875
fin,1981,101804.546875
fin,1982,106337.328125
fin,1983,109624.5625
fin,1984,113179.78125
fin,1985,117848.4453125
fin,1986,122659.8984375
fin,1987,128280.03125
fin,1988,134247.09375
fin,1989,139963.609375
fin,1990,141432.71875
fin,1991,139154.109375
fin,1992,133672.78125
fin,1993,129587.765625
fin,1994,132002.5625
fin,1995,137724.84375
fin,1996,142200.140625
fin,1997,147077.71875
fin,1998,152921.9375
fin,1999,157251.03125
fin,2000,160167.6875
fin,2001,164309.703125
fin,2002,168335.96875
fin,2003,173853.359375
fin,2004,179203.703125
fin,2005,184246.328125
fin,2006,189904.3125
fin,2007,195305.625
fin,2008,199040.25
fin,2009,195847.09375
fin,2010,198692.546875
fin,2011,202614.6875
fin,2012,203530.25
fin,2013,203604.921875
fin,2014,204211.140625
fin,2015,206884.3125
fin,2016,210047.484375
fin,2017,210804.4375
fin,2018,213737.5625
fin,2019,216051.4375
fin,2020,211293.5
fin,2021,218481.234375
fin,2022,219615.703125
fin,2023,222461.71875
fji,1960,1258.76550292969
fji,1961,1459.75463867188
fji,1962,1457.65100097656
fji,1963,1555.52807617188
fji,1964,1623.41809082031
fji,1965,1515.55334472656
fji,1966,1493.22766113281
fji,1967,1566.49890136719
fji,1968,1536.16564941406
fji,1969,1691.77221679688
fji,1970,1976.69287109375
fji,1971,2189.72314453125
fji,1972,2377.48095703125
fji,1973,2898.5048828125
fji,1974,3055.9033203125
fji,1975,3143.82080078125
fji,1976,3305.59985351563
fji,1977,3465.13305664063
fji,1978,3866.48779296875
fji,1979,4510.453125
fji,1980,4582.091796875
fji,1981,4516.07861328125
fji,1982,4332.6796875
fji,1983,4413.02783203125
fji,1984,4447.79150390625
fji,1985,4639.41015625
fji,1986,4443.67333984375
fji,1987,4701.59619140625
fji,1988,4756.63720703125
fji,1989,4915.5478515625
fji,1990,5661.41943359375
fji,1991,5350.23388671875
fji,1992,5672.04296875
fji,1993,5760.08544921875
fji,1994,5940.61474609375
fji,1995,6110.98681640625
fji,1996,5684.9521484375
fji,1997,5560.4013671875
fji,1998,5040.83251953125
fji,1999,5788.97607421875
fji,2000,6520.3544921875
fji,2001,6885.52978515625
fji,2002,6415.78125
fji,2003,6616.8232421875
fji,2004,7618.2275390625
fji,2005,7767.37646484375
fji,2006,8697.0107421875
fji,2007,8427.3056640625
fji,2008,8257.296875
fji,2009,7961.7353515625
fji,2010,7867.59375
fji,2011,7836.8642578125
fji,2012,8029.3544921875
fji,2013,8328.7841796875
fji,2014,8825.3896484375
fji,2015,8772.5869140625
fji,2016,9171.716796875
fji,2017,9757.451171875
fji,2018,10507.0986328125
fji,2019,10980.572265625
fji,2020,10016.681640625
fji,2021,10103.20703125
fji,2022,11811.48828125
fji,2023,12664.953125
fra,1950,323219.25
fra,1951,346255.65625
fra,1952,362703.90625
fra,1953,380246.0
fra,1954,390986.09375
fra,1955,410070.15625
fra,1956,438318.4375
fra,1957,457181.78125
fra,1958,457973.6875
fra,1959,468465.40625
fra,1960,488531.15625
fra,1961,517576.4375
fra,1962,553739.6875
fra,1963,591542.125
fra,1964,624182.0625
fra,1965,649644.125
fra,1966,680778.9375
fra,1967,714985.1875
fra,1968,744656.25
fra,1969,791494.625
fra,1970,828544.6875
fra,1971,875830.75
fra,1972,918724.1875
fra,1973,973039.25
fra,1974,1007687.9375
fra,1975,1035824.5625
fra,1976,1087191.375
fra,1977,1116976.875
fra,1978,1168396.25
fra,1979,1210026.875
fra,1980,1233683.375
fra,1981,1264256.5
fra,1982,1310487.5
fra,1983,1328886.0
fra,1984,1344034.375
fra,1985,1373843.625
fra,1986,1421423.75
fra,1987,1467436.5
fra,1988,1519206.25
fra,1989,1560754.375
fra,1990,1605673.75
fra,1991,1632088.875
fra,1992,1660983.5
fra,1993,1684147.75
fra,1994,1706566.875
fra,1995,1729787.375
fra,1996,1767596.625
fra,1997,1784797.25
fra,1998,1830838.375
fra,1999,1884565.75
fra,2000,1946682.875
fra,2001,1986786.625
fra,2002,2026897.625
fra,2003,2063201.125
fra,2004,2103869.25
fra,2005,2151061.25
fra,2006,2201201.5
fra,2007,2255764.5
fra,2008,2271649.25
fra,2009,2295056.75
fra,2010,2335572.75
fra,2011,2358845.75
fra,2012,2364604.25
fra,2013,2386468.5
fra,2014,2412988.0
fra,2015,2447952.0
fra,2016,2488665.0
fra,2017,2526580.25
fra,2018,2551560.25
fra,2019,2589294.25
fra,2020,2439668.0
fra,2021,2578574.0
fra,2022,2655980.0
fra,2023,2677087.25
gab,1960,1712.60498046875
gab,1961,1857.95056152344
gab,1962,2085.25170898438
gab,1963,2622.43212890625
gab,1964,2844.44140625
gab,1965,3202.66381835938
gab,1966,3039.10815429688
gab,1967,3799.625
gab,1968,3915.35571289063
gab,1969,4118.18896484375
gab,1970,4353.8564453125
gab,1971,4739.1435546875
gab,1972,5607.953125
gab,1973,5747.185546875
gab,1974,5490.5283203125
gab,1975,6709.666015625
gab,1976,7663.5849609375
gab,1977,8547.90234375
gab,1978,8786.7216796875
gab,1979,8190.07763671875
gab,1980,9218.6416015625
gab,1981,10502.6640625
gab,1982,10106.59375
gab,1983,12322.8115234375
gab,1984,12270.4736328125
gab,1985,11773.482421875
gab,1986,12873.9462890625
gab,1987,10610.06640625
gab,1988,9798.5
gab,1989,11328.552734375
gab,1990,10989.4365234375
gab,1991,10969.46484375
gab,1992,11026.33203125
gab,1993,10712.890625
gab,1994,10211.990234375
gab,1995,10640.552734375
gab,1996,11278.953125
gab,1997,10577.7412109375
gab,1998,11936.841796875
gab,1999,11045.150390625
gab,2000,11458.8203125
gab,2001,11754.4384765625
gab,2002,12041.8798828125
gab,2003,12114.4951171875
gab,2004,12319.685546875
gab,2005,12862.6044921875
gab,2006,13839.8564453125
gab,2007,14458.3984375
gab,2008,15005.244140625
gab,2009,15816.6728515625
gab,2010,17037.212890625
gab,2011,18421.47265625
gab,2012,19540.0078125
gab,2013,21369.55078125
gab,2014,22293.775390625
gab,2015,22438.876953125
gab,2016,22627.205078125
gab,2017,22222.181640625
gab,2018,21284.599609375
gab,2019,21725.04296875
gab,2020,21659.5703125
gab,2021,21591.05078125
gab,2022,21753.54296875
gab,2023,22181.783203125
gbr,1950,549597.5625
gbr,1951,552192.4375
gbr,1952,554544.125
gbr,1953,579216.125
gbr,1954,598154.875
gbr,1955,618706.75
gbr,1956,622725.125
gbr,1957,630403.5625
gbr,1958,641940.125
gbr,1959,660705.75
gbr,1960,683586.875
gbr,1961,690311.4375
gbr,1962,708236.9375
gbr,1963,735738.3125
gbr,1964,756115.5625
gbr,1965,769215.8125
gbr,1966,786902.625
gbr,1967,809064.8125
gbr,1968,827579.125
gbr,1969,829029.125
gbr,1970,853981.8125
gbr,1971,881038.25
gbr,1972,933677.125
gbr,1973,981711.8125
gbr,1974,973440.5625
gbr,1975,985191.5
gbr,1976,993219.6875
gbr,1977,986849.375
gbr,1978,1031276.625
gbr,1979,1069618.875
gbr,1980,1072885.125
gbr,1981,1074772.25
gbr,1982,1085512.875
gbr,1983,1124497.875
gbr,1984,1147558.25
gbr,1985,1180414.25
gbr,1986,1242666.625
gbr,1987,1294879.5
gbr,1988,1372810.375
gbr,1989,1413146.875
gbr,1990,1430324.5
gbr,1991,1416364.0
gbr,1992,1436030.625
gbr,1993,1482153.875
gbr,1994,1526236.25
gbr,1995,1556421.25
gbr,1996,1604536.625
gbr,1997,1720355.875
gbr,1998,1788106.875
gbr,1999,1860946.125
gbr,2000,1943945.625
gbr,2001,2012756.625
gbr,2002,2072168.625
gbr,2003,2147027.25
gbr,2004,2213497.0
gbr,2005,2272998.25
gbr,2006,2296812.0
gbr,2007,2359995.75
gbr,2008,2359440.0
gbr,2009,2315888.5
gbr,2010,2353091.5
gbr,2011,2346724.5
gbr,2012,2385910.25
gbr,2013,2433031.75
gbr,2014,2498159.0
gbr,2015,2559695.75
gbr,2016,2636239.0
gbr,2017,2677330.75
gbr,2018,2721948.0
gbr,2019,2768796.75
gbr,2020,2448336.75
gbr,2021,2671126.0
gbr,2022,2820909.5
gbr,2023,2839704.25
geo,1990,42887.30078125
geo,1991,32863.4453125
geo,1992,27384.890625
geo,1993,18078.15234375
geo,1994,14739.9677734375
geo,1995,14126.025390625
geo,1996,21019.439453125
geo,1997,23169.80859375
geo,1998,20060.294921875
geo,1999,19852.65234375
geo,2000,19920.431640625
geo,2001,19857.20703125
geo,2002,21371.384765625
geo,2003,22016.7734375
geo,2004,23261.650390625
geo,2005,24988.908203125
geo,2006,30841.58203125
geo,2007,34402.29296875
geo,2008,38621.6640625
geo,2009,38125.18359375
geo,2010,36559.9296875
geo,2011,38500.18359375
geo,2012,40813.09375
geo,2013,41953.4765625
geo,2014,44360.40625
geo,2015,45791.19921875
geo,2016,46198.78125
geo,2017,49465.171875
geo,2018,50761.828125
geo,2019,53166.94921875
geo,2020,58256.703125
geo,2021,64936.8359375
geo,2022,63291.6328125
geo,2023,65605.0546875
gha,1955,15641.939453125
gha,1956,15798.0556640625
gha,1957,17119.255859375
gha,1958,16718.01171875
gha,1959,18600.26953125
gha,1960,19767.98046875
gha,1961,21419.7578125
gha,1962,20420.291015625
gha,1963,21475.63671875
gha,1964,20841.498046875
gha,1965,21301.6796875
gha,1966,20472.8203125
gha,1967,21648.431640625
gha,1968,22765.728515625
gha,1969,24831.65625
gha,1970,26985.525390625
gha,1971,27584.931640625
gha,1972,25896.26171875
gha,1973,28567.119140625
gha,1974,31694.75
gha,1975,26837.0546875
gha,1976,25867.486328125
gha,1977,26339.828125
gha,1978,29387.033203125
gha,1979,28954.40234375
gha,1980,30094.19921875
gha,1981,27914.15625
gha,1982,24278.546875
gha,1983,24688.28515625
gha,1984,27806.478515625
gha,1985,29542.771484375
gha,1986,30504.412109375
gha,1987,32484.564453125
gha,1988,34002.23828125
gha,1989,34892.40234375
gha,1990,36044.09375
gha,1991,37413.8671875
gha,1992,39392.3515625
gha,1993,40564.03125
gha,1994,39560.08203125
gha,1995,41294.98046875
gha,1996,41482.43359375
gha,1997,48299.73046875
gha,1998,49265.0
gha,1999,60512.83203125
gha,2000,55298.7734375
gha,2001,51778.97265625
gha,2002,58684.45703125
gha,2003,61462.3671875
gha,2004,67463.7890625
gha,2005,71521.90625
gha,2006,70161.9609375
gha,2007,73863.1875
gha,2008,84819.7109375
gha,2009,85312.140625
gha,2010,100086.4609375
gha,2011,114232.984375
gha,2012,117760.3671875
gha,2013,137294.203125
gha,2014,132161.140625
gha,2015,133617.125
gha,2016,132330.78125
gha,2017,138479.015625
gha,2018,143509.5625
gha,2019,162604.34375
gha,2020,166485.8125
gha,2021,179126.609375
gha,2022,188328.234375
gha,2023,201929.96875
gin,1959,6923.84130859375
gin,1960,6947.79638671875
gin,1961,7386.88916015625
gin,1962,7989.8671875
gin,1963,8105.1435546875
gin,1964,7896.771484375
gin,1965,7924.8203125
gin,1966,8016.1279296875
gin,1967,7750.64599609375
gin,1968,7657.45556640625
gin,1969,7636.36962890625
gin,1970,7873.8662109375
gin,1971,8295.3193359375
gin,1972,8492.291015625
gin,1973,8623.400390625
gin,1974,9071.86328125
gin,1975,9332.3671875
gin,1976,10067.228515625
gin,1977,9769.6630859375
gin,1978,10389.0966796875
gin,1979,10246.35546875
gin,1980,10534.5
gin,1981,10572.5966796875
gin,1982,11053.478515625
gin,1983,10691.544921875
gin,1984,10966.935546875
gin,1985,11756.2119140625
gin,1986,11419.5439453125
gin,1987,11914.7353515625
gin,1988,13286.25390625
gin,1989,12964.6982421875
gin,1990,12910.4453125
gin,1991,13618.4873046875
gin,1992,14431.7353515625
gin,1993,15128.0107421875
gin,1994,16150.1064453125
gin,1995,16883.75390625
gin,1996,18270.078125
gin,1997,18564.373046875
gin,1998,20699.7109375
gin,1999,21175.51953125
gin,2000,20841.0625
gin,2001,21182.4296875
gin,2002,21718.44921875
gin,2003,20347.021484375
gin,2004,21001.130859375
gin,2005,20696.95703125
gin,2006,22976.412109375
gin,2007,24749.814453125
gin,2008,24145.1796875
gin,2009,25111.046875
gin,2010,25893.091796875
gin,2011,28126.19140625
gin,2012,30647.05078125
gin,2013,34966.671875
gin,2014,34446.0546875
gin,2015,37473.0078125
gin,2016,39697.17578125
gin,2017,40149.234375
gin,2018,41908.58984375
gin,2019,43993.27734375
gin,2020,45098.61328125
gin,2021,46133.37109375
gin,2022,47026.1328125
gin,2023,51024.34765625
gmb,1960,917.275634765625
gmb,1961,883.40966796875
gmb,1962,865.486267089844
gmb,1963,1027.40197753906
gmb,1964,1015.44598388672
gmb,1965,1199.361328125
gmb,1966,1250.4248046875
gmb,1967,1250.42468261719
gmb,1968,1314.53247070313
gmb,1969,1351.11193847656
gmb,1970,1400.31140136719
gmb,1971,1427.787109375
gmb,1972,1426.24108886719
gmb,1973,1443.53649902344
gmb,1974,1795.49548339844
gmb,1975,1975.88000488281
gmb,1976,1922.59436035156
gmb,1977,2032.74475097656
gmb,1978,2352.75903320313
gmb,1979,2416.38916015625
gmb,1980,2253.86889648438
gmb,1981,2395.7646484375
gmb,1982,2395.19970703125
gmb,1983,2190.85888671875
gmb,1984,2171.19702148438
gmb,1985,2245.45068359375
gmb,1986,2280.04663085938
gmb,1987,2178.78002929688
gmb,1988,2282.8310546875
gmb,1989,2514.29345703125
gmb,1990,2647.85424804688
gmb,1991,2692.06494140625
gmb,1992,2737.27124023438
gmb,1993,2773.8525390625
gmb,1994,2853.45434570313
gmb,1995,2940.49829101563
gmb,1996,3023.517578125
gmb,1997,2951.88427734375
gmb,1998,2920.44067382813
gmb,1999,3100.23388671875
gmb,2000,3454.7578125
gmb,2001,3183.71997070313
gmb,2002,2403.77954101563
gmb,2003,3388.95068359375
gmb,2004,4239.072265625
gmb,2005,4202.048828125
gmb,2006,4284.89697265625
gmb,2007,4387.88671875
gmb,2008,4624.64599609375
gmb,2009,5338.6328125
gmb,2010,5627.23291015625
gmb,2011,4881.341796875
gmb,2012,5098.06982421875
gmb,2013,5299.28857421875
gmb,2014,5288.30712890625
gmb,2015,5333.20947265625
gmb,2016,5379.8251953125
gmb,2017,5811.37841796875
gmb,2018,6347.2470703125
gmb,2019,6654.02734375
gmb,2020,6743.37841796875
gmb,2021,7127.66650390625
gmb,2022,7278.94970703125
gmb,2023,6993.55322265625
gnb,1960,660.37451171875
gnb,1961,601.873168945313
gnb,1962,623.2236328125
gnb,1963,793.408020019531
gnb,1964,836.753234863281
gnb,1965,884.716247558594
gnb,1966,798.352111816406
gnb,1967,905.200500488281
gnb,1968,951.62255859375
gnb,1969,1113.48547363281
gnb,1970,1031.13940429688
gnb,1971,1047.82897949219
gnb,1972,1184.025390625
gnb,1973,1255.37121582031
gnb,1974,1354.57336425781
gnb,1975,1311.0361328125
gnb,1976,1390.30700683594
gnb,1977,1252.99060058594
gnb,1978,1450.10717773438
gnb,1979,1547.80541992188
gnb,1980,1189.49291992188
gnb,1981,1258.01623535156
gnb,1982,1434.48022460938
gnb,1983,1394.8203125
gnb,1984,1546.92138671875
gnb,1985,1736.15734863281
gnb,1986,1724.04833984375
gnb,1987,1786.56774902344
gnb,1988,1989.416015625
gnb,1989,2037.44604492188
gnb,1990,2092.53051757813
gnb,1991,2144.73706054688
gnb,1992,2199.96264648438
gnb,1993,2186.46630859375
gnb,1994,2334.03125
gnb,1995,2588.58056640625
gnb,1996,2622.85083007813
gnb,1997,2691.78002929688
gnb,1998,2350.3564453125
gnb,1999,2564.62622070313
gnb,2000,2455.79028320313
gnb,2001,2559.37475585938
gnb,2002,2489.173828125
gnb,2003,2410.05053710938
gnb,2004,2655.322265625
gnb,2005,2626.8095703125
gnb,2006,2811.81005859375
gnb,2007,2864.30346679688
gnb,2008,3060.78930664063
gnb,2009,3070.5068359375
gnb,2010,3251.1005859375
gnb,2011,3389.32055664063
gnb,2012,3223.017578125
gnb,2013,3246.00146484375
gnb,2014,3435.08837890625
gnb,2015,3822.90576171875
gnb,2016,4282.95556640625
gnb,2017,4618.15087890625
gnb,2018,4982.30126953125
gnb,2019,4749.67724609375
gnb,2020,4762.77197265625
gnb,2021,4475.71728515625
gnb,2022,5161.23095703125
gnb,2023,5238.2001953125
gnq,1960,643.500793457031
gnq,1961,649.174133300781
gnq,1962,675.092468261719
gnq,1963,726.109985351563
gnq,1964,735.975524902344
gnq,1965,770.4453125
gnq,1966,830.562438964844
gnq,1967,903.363037109375
gnq,1968,945.612426757813
gnq,1969,988.924072265625
gnq,1970,1001.35748291016
gnq,1971,1044.27075195313
gnq,1972,1067.30114746094
gnq,1973,1145.47473144531
gnq,1974,1180.26013183594
gnq,1975,1257.87438964844
gnq,1976,1261.53588867188
gnq,1977,1353.89904785156
gnq,1978,1285.99084472656
gnq,1979,1221.91833496094
gnq,1980,1281.16369628906
gnq,1981,1354.41064453125
gnq,1982,1385.29248046875
gnq,1983,1454.79028320313
gnq,1984,1465.83679199219
gnq,1985,1663.19201660156
gnq,1986,1622.22973632813
gnq,1987,1672.671875
gnq,1988,1768.12243652344
gnq,1989,1709.85241699219
gnq,1990,1676.66491699219
gnq,1991,1970.29357910156
gnq,1992,1882.9267578125
gnq,1993,1830.50939941406
gnq,1994,1021.18981933594
gnq,1995,1946.94055175781
gnq,1996,3851.70556640625
gnq,1997,5718.62841796875
gnq,1998,6558.927734375
gnq,1999,6693.08740234375
gnq,2000,7070.08984375
gnq,2001,8174.8125
gnq,2002,9523.84375
gnq,2003,9894.6572265625
gnq,2004,10825.3427734375
gnq,2005,12644.1337890625
gnq,2006,12444.375
gnq,2007,13970.515625
gnq,2008,15939.12109375
gnq,2009,16815.03515625
gnq,2010,18459.392578125
gnq,2011,20339.60546875
gnq,2012,21662.6015625
gnq,2013,26157.21875
gnq,2014,26645.7734375
gnq,2015,26901.689453125
gnq,2016,26857.634765625
gnq,2017,27497.392578125
gnq,2018,28264.44140625
gnq,2019,28966.353515625
gnq,2020,26713.87890625
gnq,2021,27447.3515625
gnq,2022,28787.291015625
gnq,2023,29448.021484375
grc,1951,37186.25
grc,1952,37694.1171875
grc,1953,38795.29296875
grc,1954,43111.44921875
grc,1955,43961.453125
grc,1956,47230.2265625
grc,1957,50083.65234375
grc,1958,51835.91015625
grc,1959,53061.671875
grc,1960,53674.18359375
grc,1961,57240.19140625
grc,1962,59749.6171875
grc,1963,62964.83984375
grc,1964,69312.6796875
grc,1965,74387.125
grc,1966,79500.3984375
grc,1967,85304.859375
grc,1968,91015.7578125
grc,1969,96970.09375
grc,1970,105137.578125
grc,1971,110754.4296875
grc,1972,117348.2265625
grc,1973,124614.1640625
grc,1974,126193.90625
grc,1975,136735.875
grc,1976,144397.625
grc,1977,156429.484375
grc,1978,167373.6875
grc,1979,177006.359375
grc,1980,177718.609375
grc,1981,179261.25
grc,1982,183112.875
grc,1983,187544.515625
grc,1984,189262.765625
grc,1985,191739.421875
grc,1986,189086.75
grc,1987,193067.890625
grc,1988,199017.609375
grc,1989,211806.90625
grc,1990,216522.28125
grc,1991,221522.484375
grc,1992,223959.921875
grc,1993,223508.171875
grc,1994,226106.796875
grc,1995,233342.015625
grc,1996,236887.78125
grc,1997,242235.15625
grc,1998,252001.3125
grc,1999,260284.34375
grc,2000,263269.40625
grc,2001,277117.34375
grc,2002,291092.125
grc,2003,302445.03125
grc,2004,315044.15625
grc,2005,326166.25
grc,2006,336375.375
grc,2007,352377.15625
grc,2008,359955.125
grc,2009,357886.21875
grc,2010,334405.75
grc,2011,308434.65625
grc,2012,282804.78125
grc,2013,271825.625
grc,2014,271443.875
grc,2015,273749.03125
grc,2016,274652.0
grc,2017,279311.21875
grc,2018,282015.59375
grc,2019,289025.40625
grc,2020,277117.59375
grc,2021,289013.96875
grc,2022,308049.15625
grc,2023,314107.75
grd,1970,264.524383544922
grd,1971,282.781585693359
grd,1972,304.316467285156
grd,1973,330.795166015625
grd,1974,350.451965332031
grd,1975,363.380035400391
grd,1976,394.762359619141
grd,1977,412.559417724609
grd,1978,443.652008056641
grd,1979,460.322937011719
grd,1980,508.704803466797
grd,1981,505.890014648438
grd,1982,518.213134765625
grd,1983,502.8857421875
grd,1984,550.476684570313
grd,1985,593.900451660156
grd,1986,587.753967285156
grd,1987,632.80419921875
grd,1988,629.865112304688
grd,1989,676.909362792969
grd,1990,681.175537109375
grd,1991,705.451171875
grd,1992,733.557556152344
grd,1993,731.046875
grd,1994,664.967407226563
grd,1995,686.467956542969
grd,1996,782.799865722656
grd,1997,830.59033203125
grd,1998,945.52685546875
grd,1999,831.044189453125
grd,2000,952.378479003906
grd,2001,1045.75952148438
grd,2002,1146.36010742188
grd,2003,1217.02294921875
grd,2004,1169.29968261719
grd,2005,1389.17016601563
grd,2006,1475.19641113281
grd,2007,1498.07641601563
grd,2008,1576.17211914063
grd,2009,1473.12878417969
grd,2010,1537.34606933594
grd,2011,1583.60693359375
grd,2012,1589.33032226563
grd,2013,1590.35791015625
grd,2014,1369.17639160156
grd,2015,1383.6708984375
grd,2016,1448.94519042969
grd,2017,1478.6923828125
grd,2018,1525.63342285156
grd,2019,1504.85974121094
grd,2020,1338.44897460938
grd,2021,1377.412109375
grd,2022,1477.42858886719
grd,2023,1276.66186523438
gtm,1950,12826.2587890625
gtm,1951,13042.505859375
gtm,1952,13344.7802734375
gtm,1953,13887.2275390625
gtm,1954,14509.525390625
gtm,1955,14261.8125
gtm,1956,15309.3720703125
gtm,1957,16277.76171875
gtm,1958,17316.873046875
gtm,1959,18054.28515625
gtm,1960,18620.353515625
gtm,1961,19444.791015625
gtm,1962,20161.412109375
gtm,1963,21311.69921875
gtm,1964,22485.025390625
gtm,1965,23247.517578125
gtm,1966,24147.388671875
gtm,1967,25373.345703125
gtm,1968,26394.6484375
gtm,1969,28182.384765625
gtm,1970,30004.740234375
gtm,1971,31218.76953125
gtm,1972,33405.4140625
gtm,1973,35074.62890625
gtm,1974,36411.20703125
gtm,1975,37764.203125
gtm,1976,40481.74609375
gtm,1977,43662.421875
gtm,1978,45912.21875
gtm,1979,47966.76171875
gtm,1980,50082.8515625
gtm,1981,50965.9765625
gtm,1982,49535.1875
gtm,1983,48928.0390625
gtm,1984,49557.5390625
gtm,1985,49293.63671875
gtm,1986,49936.13671875
gtm,1987,52058.6875
gtm,1988,54252.55078125
gtm,1989,55933.40234375
gtm,1990,57348.109375
gtm,1991,59429.06640625
gtm,1992,62462.6328125
gtm,1993,65260.6171875
gtm,1994,68303.46875
gtm,1995,71642.4140625
gtm,1996,73478.1953125
gtm,1997,76536.34375
gtm,1998,80358.7265625
gtm,1999,83522.7578125
gtm,2000,86823.0078125
gtm,2001,90258.046875
gtm,2002,92925.4453125
gtm,2003,95937.796875
gtm,2004,98524.46875
gtm,2005,102487.21875
gtm,2006,107383.71875
gtm,2007,113459.8515625
gtm,2008,119146.0
gtm,2009,120527.2578125
gtm,2010,125272.6796875
gtm,2011,129907.3125
gtm,2012,134383.890625
gtm,2013,139656.890625
gtm,2014,145848.078125
gtm,2015,152622.765625
gtm,2016,157569.59375
gtm,2017,162514.09375
gtm,2018,169015.171875
gtm,2019,176505.03125
gtm,2020,174188.265625
gtm,2021,188239.125
gtm,2022,196969.734375
gtm,2023,205403.453125
guy,1970,2279.71118164063
guy,1971,2343.19775390625
guy,1972,2355.96557617188
guy,1973,2634.21240234375
guy,1974,2266.28149414063
guy,1975,2301.13549804688
guy,1976,3041.3798828125
guy,1977,2969.67578125
guy,1978,2688.5029296875
guy,1979,2573.73828125
guy,1980,2661.81518554688
guy,1981,2910.01025390625
guy,1982,2636.76635742188
guy,1983,2508.70874023438
guy,1984,2186.453125
guy,1985,2261.8544921875
guy,1986,2030.44274902344
guy,1987,2062.8837890625
guy,1988,2104.13134765625
guy,1989,1913.83996582031
guy,1990,1897.35925292969
guy,1991,1815.166015625
guy,1992,1831.58996582031
guy,1993,1958.64147949219
guy,1994,2097.8505859375
guy,1995,2146.03491210938
guy,1996,2276.87719726563
guy,1997,2498.1630859375
guy,1998,2664.05151367188
guy,1999,2561.78442382813
guy,2000,2876.85888671875
guy,2001,3355.71435546875
guy,2002,3447.03930664063
guy,2003,3714.7490234375
guy,2004,4400.22412109375
guy,2005,6116.2587890625
guy,2006,6213.3525390625
guy,2007,7155.0322265625
guy,2008,7649.44384765625
guy,2009,7175.5380859375
guy,2010,7772.78369140625
guy,2011,8474.26171875
guy,2012,8701.5849609375
guy,2013,9506.6767578125
guy,2014,8806.6396484375
guy,2015,8296.7080078125
guy,2016,7463.03369140625
guy,2017,8121.3466796875
guy,2018,8553.23828125
guy,2019,17613.466796875
guy,2020,17797.37109375
guy,2021,22774.21875
guy,2022,18352.41796875
guy,2023,25301.9453125
hkg,1960,10532.755859375
hkg,1961,11374.162109375
hkg,1962,12534.9189453125
hkg,1963,13755.3798828125
hkg,1964,14974.0869140625
hkg,1965,16849.578125
hkg,1966,18879.52734375
hkg,1967,19256.373046875
hkg,1968,21131.646484375
hkg,1969,22944.701171875
hkg,1970,25191.85546875
hkg,1971,28436.421875
hkg,1972,30590.0625
hkg,1973,34619.671875
hkg,1974,34006.98046875
hkg,1975,35270.015625
hkg,1976,37934.8203125
hkg,1977,44255.171875
hkg,1978,51773.59765625
hkg,1979,56680.5390625
hkg,1980,63510.30078125
hkg,1981,68610.46875
hkg,1982,72207.6484375
hkg,1983,77735.7265625
hkg,1984,82226.40625
hkg,1985,85747.75
hkg,1986,93003.1328125
hkg,1987,104539.734375
hkg,1988,113520.1875
hkg,1989,118098.421875
hkg,1990,125400.40625
hkg,1991,136577.140625
hkg,1992,148460.28125
hkg,1993,158860.875
hkg,1994,168610.140625
hkg,1995,171572.0625
hkg,1996,177983.421875
hkg,1997,187195.328125
hkg,1998,178670.640625
hkg,1999,181246.109375
hkg,2000,188713.984375
hkg,2001,192732.109375
hkg,2002,191808.65625
hkg,2003,190048.359375
hkg,2004,201685.1875
hkg,2005,206994.984375
hkg,2006,217979.1875
hkg,2007,235112.8125
hkg,2008,239559.984375
hkg,2009,240753.265625
hkg,2010,254425.640625
hkg,2011,273720.6875
hkg,2012,284728.1875
hkg,2013,297161.0625
hkg,2014,306929.9375
hkg,2015,321006.59375
hkg,2016,328017.40625
hkg,2017,344883.34375
hkg,2018,362645.5625
hkg,2019,362521.40625
hkg,2020,333312.21875
hkg,2021,352027.0625
hkg,2022,350124.78125
hkg,2023,369737.34375
hnd,1950,3643.17846679688
hnd,1951,3811.08837890625
hnd,1952,4087.7119140625
hnd,1953,4397.5673828125
hnd,1954,4560.09765625
hnd,1955,4686.0478515625
hnd,1956,4954.9775390625
hnd,1957,5370.29931640625
hnd,1958,5522.54443359375
hnd,1959,5612.873046875
hnd,1960,5762.2705078125
hnd,1961,6012.5654296875
hnd,1962,6215.45556640625
hnd,1963,6595.955078125
hnd,1964,7119.49267578125
hnd,1965,7343.2265625
hnd,1966,7619.41748046875
hnd,1967,7762.70458984375
hnd,1968,8317.720703125
hnd,1969,8481.3544921875
hnd,1970,8952.0048828125
hnd,1971,8780.783203125
hnd,1972,9310.8291015625
hnd,1973,10060.0322265625
hnd,1974,10065.650390625
hnd,1975,10509.7490234375
hnd,1976,12178.4814453125
hnd,1977,13718.9794921875
hnd,1978,14011.5546875
hnd,1979,13969.8046875
hnd,1980,15144.1865234375
hnd,1981,15266.625
hnd,1982,15432.12109375
hnd,1983,15197.71875
hnd,1984,16234.25390625
hnd,1985,16408.8359375
hnd,1986,17461.919921875
hnd,1987,17861.3125
hnd,1988,18450.447265625
hnd,1989,19339.365234375
hnd,1990,18910.4609375
hnd,1991,19369.982421875
hnd,1992,20091.091796875
hnd,1993,20525.736328125
hnd,1994,20452.693359375
hnd,1995,20670.625
hnd,1996,21752.337890625
hnd,1997,22315.82421875
hnd,1998,23633.125
hnd,1999,23775.98046875
hnd,2000,25699.251953125
hnd,2001,26943.609375
hnd,2002,27941.908203125
hnd,2003,29224.681640625
hnd,2004,30698.7890625
hnd,2005,32788.55859375
hnd,2006,35369.09375
hnd,2007,37906.58203125
hnd,2008,39130.25
hnd,2009,39640.6015625
hnd,2010,40729.86328125
hnd,2011,41857.7734375
hnd,2012,43507.8125
hnd,2013,45102.3984375
hnd,2014,45866.01953125
hnd,2015,47523.5234375
hnd,2016,49453.66796875
hnd,2017,51738.17578125
hnd,2018,54252.65625
hnd,2019,56721.14453125
hnd,2020,53211.47265625
hnd,2021,61806.51171875
hnd,2022,64409.48828125
hnd,2023,67351.4296875
hrv,1990,79183.7734375
hrv,1991,65439.35546875
hrv,1992,52099.328125
hrv,1993,51160.03125
hrv,1994,51077.96484375
hrv,1995,63759.4375
hrv,1996,64376.5859375
hrv,1997,70305.859375
hrv,1998,70029.3984375
hrv,1999,68783.71875
hrv,2000,70323.7890625
hrv,2001,72484.2578125
hrv,2002,78933.6171875
hrv,2003,82060.2890625
hrv,2004,85559.3984375
hrv,2005,89157.3671875
hrv,2006,91454.453125
hrv,2007,96372.5
hrv,2008,98782.84375
hrv,2009,92701.0546875
hrv,2010,91525.71875
hrv,2011,92713.8203125
hrv,2012,90765.5625
hrv,2013,89902.0703125
hrv,2014,88682.5859375
hrv,2015,88782.921875
hrv,2016,91056.5
hrv,2017,93638.3828125
hrv,2018,96339.0625
hrv,2019,100000.546875
hrv,2020,97221.796875
hrv,2021,105369.0078125
hrv,2022,111252.2421875
hrv,2023,115813.921875
hti,1960,3741.15673828125
hti,1961,3949.958984375
hti,1962,3875.07861328125
hti,1963,3960.03930664063
hti,1964,4125.640625
hti,1965,4248.04248046875
hti,1966,4324.36328125
hti,1967,4201.9619140625
hti,1968,4219.24169921875
hti,1969,4361.80322265625
hti,1970,4475.56494140625
hti,1971,4481.44482421875
hti,1972,4447.72314453125
hti,1973,4561.02783203125
hti,1974,4872.009765625
hti,1975,4997.86669921875
hti,1976,5923.8408203125
hti,1977,6178.09423828125
hti,1978,6486.0517578125
hti,1979,6621.6943359375
hti,1980,7451.470703125
hti,1981,7386.10498046875
hti,1982,6559.06982421875
hti,1983,6603.91064453125
hti,1984,6748.703125
hti,1985,6757.62109375
hti,1986,6874.02783203125
hti,1987,6831.25
hti,1988,7735.89306640625
hti,1989,7623.8916015625
hti,1990,8532.046875
hti,1991,8704.1298828125
hti,1992,8628.806640625
hti,1993,9962.84765625
hti,1994,9444.00390625
hti,1995,11617.4345703125
hti,1996,13926.380859375
hti,1997,15094.7734375
hti,1998,16381.240234375
hti,1999,18720.564453125
hti,2000,22688.275390625
hti,2001,23015.63671875
hti,2002,23400.013671875
hti,2003,23972.7421875
hti,2004,23644.5859375
hti,2005,24166.73828125
hti,2006,24442.53125
hti,2007,25354.109375
hti,2008,25866.279296875
hti,2009,28607.150390625
hti,2010,28134.201171875
hti,2011,29182.794921875
hti,2012,29664.306640625
hti,2013,31255.091796875
hti,2014,31407.15234375
hti,2015,33070.1484375
hti,2016,34975.52734375
hti,2017,36640.90625
hti,2018,38146.91015625
hti,2019,37537.87109375
hti,2020,36389.49609375
hti,2021,37031.60546875
hti,2022,37196.6953125
hti,2023,37299.7890625
hun,1970,100206.7421875
hun,1971,106534.1015625
hun,1972,109472.5
hun,1973,113293.9375
hun,1974,121323.4609375
hun,1975,126738.9375
hun,1976,129513.9609375
hun,1977,135652.609375
hun,1978,142041.921875
hun,1979,145634.65625
hun,1980,146591.0625
hun,1981,150800.703125
hun,1982,152724.375
hun,1983,153483.9375
hun,1984,155319.421875
hun,1985,158078.4375
hun,1986,161872.375
hun,1987,167094.140625
hun,1988,162605.984375
hun,1989,164011.8125
hun,1990,159597.984375
hun,1991,150797.78125
hun,1992,152116.015625
hun,1993,161274.1875
hun,1994,157948.59375
hun,1995,147160.5625
hun,1996,143416.71875
hun,1997,145104.625
hun,1998,148985.078125
hun,1999,156780.203125
hun,2000,162186.359375
hun,2001,169436.34375
hun,2002,181133.390625
hun,2003,194273.25
hun,2004,197451.609375
hun,2005,202748.546875
hun,2006,206951.140625
hun,2007,205813.296875
hun,2008,205624.0625
hun,2009,196303.890625
hun,2010,194036.625
hun,2011,195046.953125
hun,2012,191837.953125
hun,2013,193883.390625
hun,2014,200152.765625
hun,2015,206831.765625
hun,2016,214353.765625
hun,2017,224438.3125
hun,2018,233641.5
hun,2019,246274.484375
hun,2020,244814.78125
hun,2021,254352.296875
hun,2022,268267.6875
hun,2023,268313.90625
idn,1960,95900.6640625
idn,1961,101018.1484375
idn,1962,110130.765625
idn,1963,107610.1328125
idn,1964,106371.3203125
idn,1965,106309.765625
idn,1966,107281.8203125
idn,1967,115070.0859375
idn,1968,119213.28125
idn,1969,115429.375
idn,1970,120386.8046875
idn,1971,126311.828125
idn,1972,133939.1875
idn,1973,151243.03125
idn,1974,168476.484375
idn,1975,179022.171875
idn,1976,193161.03125
idn,1977,204828.921875
idn,1978,222046.59375
idn,1979,252229.03125
idn,1980,283616.78125
idn,1981,328101.125
idn,1982,341623.5
idn,1983,373594.0
idn,1984,388204.5
idn,1985,395915.34375
idn,1986,404934.03125
idn,1987,416289.9375
idn,1988,434390.8125
idn,1989,453543.0625
idn,1990,524770.625
idn,1991,565267.1875
idn,1992,600467.0625
idn,1993,642126.75
idn,1994,702820.875
idn,1995,781987.5
idn,1996,851894.5
idn,1997,906380.375
idn,1998,846421.0
idn,1999,867813.75
idn,2000,897354.0625
idn,2001,932173.0625
idn,2002,975914.8125
idn,2003,1019811.0625
idn,2004,1069385.375
idn,2005,1114802.75
idn,2006,1158265.25
idn,2007,1214729.875
idn,2008,1286720.75
idn,2009,1366612.625
idn,2010,1422848.875
idn,2011,1495752.125
idn,2012,1576168.625
idn,2013,1665336.125
idn,2014,1743380.75
idn,2015,1828961.0
idn,2016,1907339.0
idn,2017,1994668.875
idn,2018,2096267.75
idn,2019,2199078.0
idn,2020,2154514.25
idn,2021,2204519.75
idn,2022,2284685.0
idn,2023,2391708.0
ind,1950,372062.6875
ind,1951,388582.59375
ind,1952,404098.71875
ind,1953,421414.90625
ind,1954,425172.90625
ind,1955,428391.96875
ind,1956,448805.1875
ind,1957,454575.8125
ind,1958,488164.34375
ind,1959,493591.75
ind,1960,513524.15625
ind,1961,530327.8125
ind,1962,542528.8125
ind,1963,571444.4375
ind,1964,613742.5625
ind,1965,590677.0625
ind,1966,587100.75
ind,1967,643119.6875
ind,1968,678689.0
ind,1969,751591.625
ind,1970,750202.75
ind,1971,770739.875
ind,1972,776138.0
ind,1973,793150.4375
ind,1974,789726.4375
ind,1975,837733.0
ind,1976,859472.5625
ind,1977,924927.125
ind,1978,982744.875
ind,1979,969765.8125
ind,1980,1052193.0
ind,1981,1097785.0
ind,1982,1119321.5
ind,1983,1201776.875
ind,1984,1242850.125
ind,1985,1304436.5
ind,1986,1356185.625
ind,1987,1411522.875
ind,1988,1498091.5
ind,1989,1573251.75
ind,1990,1641076.875
ind,1991,1670971.625
ind,1992,1716127.75
ind,1993,1794604.0
ind,1994,1872883.375
ind,1995,1991380.75
ind,1996,2137340.0
ind,1997,2225583.75
ind,1998,2389126.5
ind,1999,2555481.0
ind,2000,2634931.25
ind,2001,2776734.5
ind,2002,2843243.5
ind,2003,2997998.25
ind,2004,3147597.75
ind,2005,3388783.0
ind,2006,3551519.0
ind,2007,3821408.75
ind,2008,4031004.0
ind,2009,4290976.0
ind,2010,4568433.5
ind,2011,4900717.0
ind,2012,5129475.5
ind,2013,5448980.5
ind,2014,5807198.5
ind,2015,6263491.0
ind,2016,6753347.0
ind,2017,7231536.5
ind,2018,7739854.5
ind,2019,8125326.5
ind,2020,7751829.0
ind,2021,8512063.0
ind,2022,9116306.0
ind,2023,9461978.0
irl,1950,20363.25390625
irl,1951,20581.083984375
irl,1952,20003.44921875
irl,1953,20672.044921875
irl,1954,21006.36328125
irl,1955,21843.263671875
irl,1956,21401.546875
irl,1957,20968.271484375
irl,1958,21410.23046875
irl,1959,21666.443359375
irl,1960,22743.412109375
irl,1961,23487.77734375
irl,1962,24168.86328125
irl,1963,25157.142578125
irl,1964,26167.017578125
irl,1965,26497.271484375
irl,1966,26835.419921875
irl,1967,27913.7421875
irl,1968,30357.6875
irl,1969,31944.58984375
irl,1970,32363.986328125
irl,1971,33741.06640625
irl,1972,35638.34765625
irl,1973,38164.7421875
irl,1974,39261.06640625
irl,1975,40268.0
irl,1976,41386.10546875
irl,1977,43734.74609375
irl,1978,47600.71875
irl,1979,49726.61328125
irl,1980,50715.65625
irl,1981,51404.48046875
irl,1982,49082.02734375
irl,1983,49342.03125
irl,1984,49983.890625
irl,1985,51921.171875
irl,1986,53046.65234375
irl,1987,53691.18359375
irl,1988,54848.01171875
irl,1989,57439.86328125
irl,1990,58758.75390625
irl,1991,59947.5
irl,1992,61655.765625
irl,1993,62997.73046875
irl,1994,65660.046875
irl,1995,67777.7578125
irl,1996,71851.5703125
irl,1997,76772.8515625
irl,1998,82716.5390625
irl,1999,89836.75
irl,2000,98699.96875
irl,2001,104633.578125
irl,2002,109293.8515625
irl,2003,112430.75
irl,2004,116113.65625
irl,2005,123409.8984375
irl,2006,130787.09375
irl,2007,139498.78125
irl,2008,140014.296875
irl,2009,133571.15625
irl,2010,132053.59375
irl,2011,131595.1875
irl,2012,129734.7265625
irl,2013,128884.484375
irl,2014,132079.390625
irl,2015,136224.671875
irl,2016,142108.921875
irl,2017,146941.765625
irl,2018,154418.15625
irl,2019,160188.515625
irl,2020,153336.9375
irl,2021,165816.28125
irl,2022,180025.6875
irl,2023,188404.609375
irn,1955,65370.8671875
irn,1956,65392.68359375
irn,1957,67384.09375
irn,1958,72757.640625
irn,1959,74296.9296875
irn,1960,73838.5859375
irn,1961,73849.4140625
irn,1962,75413.2109375
irn,1963,76679.1015625
irn,1964,76214.2265625
irn,1965,82799.2109375
irn,1966,90422.0234375
irn,1967,100290.9296875
irn,1968,104328.2265625
irn,1969,114986.484375
irn,1970,116880.1171875
irn,1971,138009.53125
irn,1972,152511.609375
irn,1973,169878.15625
irn,1974,227148.328125
irn,1975,290506.09375
irn,1976,300658.09375
irn,1977,311651.15625
irn,1978,317666.0625
irn,1979,318119.25
irn,1980,299212.0
irn,1981,304889.34375
irn,1982,320096.625
irn,1983,356520.1875
irn,1984,367214.1875
irn,1985,375636.28125
irn,1986,330016.84375
irn,1987,309340.75
irn,1988,311037.34375
irn,1989,310297.1875
irn,1990,368946.96875
irn,1991,401614.5
irn,1992,417150.125
irn,1993,438635.0
irn,1994,423748.875
irn,1995,400289.9375
irn,1996,417560.8125
irn,1997,443414.4375
irn,1998,457380.75
irn,1999,452977.09375
irn,2000,501016.8125
irn,2001,529223.875
irn,2002,578885.0625
irn,2003,591129.9375
irn,2004,640858.3125
irn,2005,693954.25
irn,2006,756426.125
irn,2007,831885.375
irn,2008,823334.375
irn,2009,849838.0
irn,2010,887406.0625
irn,2011,925851.3125
irn,2012,914828.625
irn,2013,912057.5
irn,2014,914078.0
irn,2015,928868.25
irn,2016,973370.8125
irn,2017,982850.1875
irn,2018,964673.875
irn,2019,917010.4375
irn,2020,918749.5625
irn,2021,963868.375
irn,2022,1019667.4375
irn,2023,1049026.0
irq,1970,31950.478515625
irq,1971,30693.03125
irq,1972,32604.615234375
irq,1973,29520.51171875
irq,1974,20157.16015625
irq,1975,34710.90234375
irq,1976,37449.74609375
irq,1977,43348.75390625
irq,1978,45537.51171875
irq,1979,38660.44921875
irq,1980,35831.76953125
irq,1981,95325.2734375
irq,1982,129361.9296875
irq,1983,86208.9921875
irq,1984,64638.453125
irq,1985,62188.7109375
irq,1986,128419.5703125
irq,1987,82009.4296875
irq,1988,92031.265625
irq,1989,73862.953125
irq,1990,69878.1484375
irq,1991,53811.56640625
irq,1992,73121.4375
irq,1993,106053.703125
irq,1994,110528.6953125
irq,1995,90470.109375
irq,1996,126323.375
irq,1997,113509.71875
irq,1998,155847.5625
irq,1999,103642.8359375
irq,2000,95118.2265625
irq,2001,132395.1875
irq,2002,150724.28125
irq,2003,161451.609375
irq,2004,258429.546875
irq,2005,238905.046875
irq,2006,200071.171875
irq,2007,220553.96875
irq,2008,203604.359375
irq,2009,314383.53125
irq,2010,289641.5625
irq,2011,258173.40625
irq,2012,313422.0625
irq,2013,323935.84375
irq,2014,351942.96875
irq,2015,422457.78125
irq,2016,483362.0625
irq,2017,432346.96875
irq,2018,392696.1875
irq,2019,441422.34375
irq,2020,467721.0
irq,2021,362194.40625
irq,2022,327740.1875
irq,2023,383747.65625
isl,1950,1202.16430664063
isl,1951,1158.46923828125
isl,1952,1101.26049804688
isl,1953,1275.85473632813
isl,1954,1378.64831542969
isl,1955,1473.01867675781
isl,1956,1568.07861328125
isl,1957,1545.22314453125
isl,1958,1656.46081542969
isl,1959,1748.80480957031
isl,1960,1773.01440429688
isl,1961,1774.64599609375
isl,1962,1956.81469726563
isl,1963,2164.29321289063
isl,1964,2360.40356445313
isl,1965,2537.84399414063
isl,1966,2852.52392578125
isl,1967,2924.85668945313
isl,1968,2820.39990234375
isl,1969,2716.62158203125
isl,1970,3115.62622070313
isl,1971,3593.45581054688
isl,1972,3904.4443359375
isl,1973,4138.03466796875
isl,1974,4546.4296875
isl,1975,4289.40869140625
isl,1976,4518.08349609375
isl,1977,4987.67919921875
isl,1978,5413.3017578125
isl,1979,5599.89599609375
isl,1980,5772.48291015625
isl,1981,6146.09130859375
isl,1982,6464.51953125
isl,1983,6252.0263671875
isl,1984,6438.85107421875
isl,1985,6742.5654296875
isl,1986,7213.84912109375
isl,1987,8212.8203125
isl,1988,8062.93896484375
isl,1989,7865.6484375
isl,1990,7725.435546875
isl,1991,7955.85009765625
isl,1992,7749.83984375
isl,1993,7532.35498046875
isl,1994,7776.486328125
isl,1995,7935.0126953125
isl,1996,8241.783203125
isl,1997,8674.123046875
isl,1998,9528.947265625
isl,1999,10163.4541015625
isl,2000,10607.6376953125
isl,2001,10556.515625
isl,2002,10668.9345703125
isl,2003,11166.490234375
isl,2004,11797.4287109375
isl,2005,12928.3515625
isl,2006,13475.423828125
isl,2007,14258.0205078125
isl,2008,13814.029296875
isl,2009,12499.447265625
isl,2010,12333.9033203125
isl,2011,12505.5771484375
isl,2012,12592.232421875
isl,2013,12719.50390625
isl,2014,12959.935546875
isl,2015,13349.0517578125
isl,2016,13993.1015625
isl,2017,14880.126953125
isl,2018,15596.306640625
isl,2019,15975.76171875
isl,2020,15910.59765625
isl,2021,16758.884765625
isl,2022,17813.068359375
isl,2023,17979.505859375
isr,1950,6857.50439453125
isr,1951,8374.2646484375
isr,1952,8823.796875
isr,1953,9155.1591796875
isr,1954,10554.4404296875
isr,1955,11556.287109375
isr,1956,13425.35546875
isr,1957,13594.42578125
isr,1958,14779.3056640625
isr,1959,16063.025390625
isr,1960,17185.185546875
isr,1961,19280.44140625
isr,1962,21308.248046875
isr,1963,23507.37890625
isr,1964,25627.30078125
isr,1965,25017.080078125
isr,1966,27373.7578125
isr,1967,28554.3828125
isr,1968,31919.583984375
isr,1969,35704.65625
isr,1970,40057.4140625
isr,1971,41749.890625
isr,1972,44084.2578125
isr,1973,53382.4921875
isr,1974,56299.58203125
isr,1975,58791.7734375
isr,1976,58217.07421875
isr,1977,56973.125
isr,1978,61631.546875
isr,1979,62680.4296875
isr,1980,63217.83203125
isr,1981,69645.3671875
isr,1982,70939.546875
isr,1983,73352.3984375
isr,1984,71800.3359375
isr,1985,73396.3046875
isr,1986,77574.8359375
isr,1987,86781.0546875
isr,1988,88665.7265625
isr,1989,86301.0
isr,1990,91887.0078125
isr,1991,97750.328125
isr,1992,103255.125
isr,1993,109694.65625
isr,1994,116751.96875
isr,1995,120532.0390625
isr,1996,126714.125
isr,1997,131141.34375
isr,1998,137166.03125
isr,1999,141872.25
isr,2000,150588.484375
isr,2001,156204.0625
isr,2002,160017.890625
isr,2003,159304.9375
isr,2004,164460.28125
isr,2005,169383.03125
isr,2006,176479.390625
isr,2007,187610.5
isr,2008,191453.75
isr,2009,195027.28125
isr,2010,203119.125
isr,2011,211040.1875
isr,2012,216808.5625
isr,2013,223786.328125
isr,2014,231750.828125
isr,2015,239818.203125
isr,2016,253483.734375
isr,2017,262642.03125
isr,2018,272282.1875
isr,2019,282252.1875
isr,2020,269960.65625
isr,2021,295039.78125
isr,2022,310269.25
isr,2023,315748.46875
ita,1950,327883.84375
ita,1951,347974.75
ita,1952,368577.4375
ita,1953,386385.65625
ita,1954,395491.4375
ita,1955,406529.4375
ita,1956,422646.9375
ita,1957,437326.03125
ita,1958,457103.125
ita,1959,479794.03125
ita,1960,503241.75
ita,1961,538606.0625
ita,1962,573347.375
ita,1963,619509.375
ita,1964,642789.0625
ita,1965,664419.0625
ita,1966,706782.75
ita,1967,754019.3125
ita,1968,793503.1875
ita,1969,838599.125
ita,1970,906085.1875
ita,1971,941897.875
ita,1972,977403.875
ita,1973,1028525.1875
ita,1974,1060905.375
ita,1975,1071877.0
ita,1976,1119614.125
ita,1977,1154107.75
ita,1978,1188343.125
ita,1979,1257053.875
ita,1980,1322943.875
ita,1981,1349418.0
ita,1982,1368736.5
ita,1983,1378553.0
ita,1984,1414771.125
ita,1985,1455238.75
ita,1986,1508812.75
ita,1987,1567703.5
ita,1988,1631172.75
ita,1989,1681796.75
ita,1990,1717462.25
ita,1991,1760032.625
ita,1992,1786941.625
ita,1993,1739271.375
ita,1994,1751668.625
ita,1995,1758471.25
ita,1996,1777348.5
ita,1997,1826734.875
ita,1998,1883382.125
ita,1999,1929435.375
ita,2000,1985369.0
ita,2001,2021066.75
ita,2002,2027534.5
ita,2003,2045170.25
ita,2004,2063966.75
ita,2005,2086826.375
ita,2006,2104150.5
ita,2007,2123990.75
ita,2008,2114162.25
ita,2009,2092641.5
ita,2010,2105984.5
ita,2011,2096951.5
ita,2012,2027636.625
ita,2013,1987636.125
ita,2014,1989005.5
ita,2015,2016121.375
ita,2016,2034158.125
ita,2017,2054348.625
ita,2018,2062214.25
ita,2019,2059777.75
ita,2020,1895790.5
ita,2021,1988678.75
ita,2022,2065671.625
ita,2023,2090903.5
jam,1953,4595.6337890625
jam,1954,5098.767578125
jam,1955,5656.60546875
jam,1956,6156.43115234375
jam,1957,6664.056640625
jam,1958,6760.62646484375
jam,1959,7219.982421875
jam,1960,7396.09716796875
jam,1961,7689.4931640625
jam,1962,7789.32080078125
jam,1963,8714.3359375
jam,1964,9285.1064453125
jam,1965,9095.1845703125
jam,1966,8877.8984375
jam,1967,9010.07421875
jam,1968,8770.791015625
jam,1969,9156.6865234375
jam,1970,10517.3095703125
jam,1971,11219.1142578125
jam,1972,13149.6298828125
jam,1973,12976.435546875
jam,1974,13584.6318359375
jam,1975,13728.359375
jam,1976,14049.69921875
jam,1977,13689.125
jam,1978,12994.7001953125
jam,1979,12233.9638671875
jam,1980,11625.7568359375
jam,1981,11861.228515625
jam,1982,12244.87109375
jam,1983,12958.8740234375
jam,1984,13102.3955078125
jam,1985,12830.345703125
jam,1986,12570.5478515625
jam,1987,13707.5087890625
jam,1988,14947.6982421875
jam,1989,15448.5322265625
jam,1990,15380.376953125
jam,1991,15292.091796875
jam,1992,15771.025390625
jam,1993,17785.4609375
jam,1994,19661.712890625
jam,1995,20852.58984375
jam,1996,21397.41015625
jam,1997,21301.240234375
jam,1998,21782.25390625
jam,1999,21968.34375
jam,2000,23051.55078125
jam,2001,23175.169921875
jam,2002,23641.341796875
jam,2003,24423.021484375
jam,2004,24491.5078125
jam,2005,26184.6796875
jam,2006,26671.748046875
jam,2007,27984.42578125
jam,2008,28772.50390625
jam,2009,25797.990234375
jam,2010,25540.439453125
jam,2011,26296.7734375
jam,2012,26085.974609375
jam,2013,25819.9296875
jam,2014,25616.98046875
jam,2015,25589.22265625
jam,2016,25604.5703125
jam,2017,25887.091796875
jam,2018,26095.888671875
jam,2019,26391.681640625
jam,2020,25897.599609375
jam,2021,27185.09765625
jam,2022,27932.12890625
jam,2023,27985.244140625
jor,1954,3655.42749023438
jor,1955,3467.68701171875
jor,1956,4414.75048828125
jor,1957,4730.99609375
jor,1958,5563.40185546875
jor,1959,6722.28173828125
jor,1960,7048.92138671875
jor,1961,7810.8349609375
jor,1962,8144.7509765625
jor,1963,9028.6552734375
jor,1964,9513.7255859375
jor,1965,10595.4599609375
jor,1966,11527.9453125
jor,1967,12189.0234375
jor,1968,12766.423828125
jor,1969,12955.0283203125
jor,1970,11302.1640625
jor,1971,11212.0380859375
jor,1972,11791.6982421875
jor,1973,11227.0126953125
jor,1974,11238.5673828125
jor,1975,11869.2734375
jor,1976,12904.2890625
jor,1977,9765.4951171875
jor,1978,13594.794921875
jor,1979,17931.533203125
jor,1980,17906.111328125
jor,1981,19599.193359375
jor,1982,24632.2421875
jor,1983,26063.33203125
jor,1984,24204.3515625
jor,1985,24635.6953125
jor,1986,27264.091796875
jor,1987,21825.494140625
jor,1988,25875.921875
jor,1989,22466.017578125
jor,1990,23170.3515625
jor,1991,23243.19140625
jor,1992,26299.654296875
jor,1993,26580.173828125
jor,1994,27561.869140625
jor,1995,27987.888671875
jor,1996,30290.498046875
jor,1997,31798.349609375
jor,1998,33403.46484375
jor,1999,34282.7734375
jor,2000,37530.76171875
jor,2001,39594.83203125
jor,2002,40070.21484375
jor,2003,42510.296875
jor,2004,46194.90234375
jor,2005,50605.46484375
jor,2006,53782.140625
jor,2007,59535.33203125
jor,2008,58929.05859375
jor,2009,60739.5703125
jor,2010,61284.70703125
jor,2011,69980.8203125
jor,2012,73467.0625
jor,2013,81366.3515625
jor,2014,82160.2265625
jor,2015,83566.9609375
jor,2016,85200.46875
jor,2017,92500.9296875
jor,2018,92789.3125
jor,2019,91757.8515625
jor,2020,92730.6875
jor,2021,97633.3984375
jor,2022,98369.046875
jor,2023,98829.125
jpn,1950,251440.5625
jpn,1951,268142.8125
jpn,1952,312882.59375
jpn,1953,345586.78125
jpn,1954,359971.96875
jpn,1955,382704.90625
jpn,1956,409609.53125
jpn,1957,435907.4375
jpn,1958,461980.1875
jpn,1959,499855.96875
jpn,1960,548718.5
jpn,1961,600574.75
jpn,1962,645912.0625
jpn,1963,701148.75
jpn,1964,766051.1875
jpn,1965,806275.9375
jpn,1966,878521.6875
jpn,1967,958131.0625
jpn,1968,1033004.8125
jpn,1969,1127422.0
jpn,1970,1205133.375
jpn,1971,1277056.75
jpn,1972,1381045.25
jpn,1973,1492694.0
jpn,1974,1490307.875
jpn,1975,1582332.0
jpn,1976,1632997.625
jpn,1977,1699573.375
jpn,1978,1788637.125
jpn,1979,1895735.0
jpn,1980,1924439.25
jpn,1981,1984536.25
jpn,1982,2074923.125
jpn,1983,2150535.0
jpn,1984,2217009.0
jpn,1985,2294370.5
jpn,1986,2376407.0
jpn,1987,2477264.0
jpn,1988,2597864.5
jpn,1989,2714037.5
jpn,1990,2836802.5
jpn,1991,2909785.25
jpn,1992,2978221.25
jpn,1993,3025367.5
jpn,1994,3105446.25
jpn,1995,3191117.75
jpn,1996,3256336.75
jpn,1997,3281848.75
jpn,1998,3274639.75
jpn,1999,3327732.5
jpn,2000,3397138.75
jpn,2001,3469500.0
jpn,2002,3519439.5
jpn,2003,3552229.25
jpn,2004,3597131.5
jpn,2005,3645681.75
jpn,2006,3673221.75
jpn,2007,3707535.5
jpn,2008,3674931.25
jpn,2009,3667210.75
jpn,2010,3748401.75
jpn,2011,3754648.75
jpn,2012,3827434.5
jpn,2013,3916090.5
jpn,2014,3899200.0
jpn,2015,3912189.5
jpn,2016,3916281.75
jpn,2017,3947494.25
jpn,2018,3964652.0
jpn,2019,3966251.5
jpn,2020,3862193.75
jpn,2021,3920239.5
jpn,2022,3999147.75
jpn,2023,4017109.0
kaz,1990,200789.40625
kaz,1991,194537.015625
kaz,1992,193233.96875
kaz,1993,170186.84375
kaz,1994,134161.21875
kaz,1995,109006.7109375
kaz,1996,101595.0703125
kaz,1997,102508.4921875
kaz,1998,99615.7734375
kaz,1999,101045.7890625
kaz,2000,104306.6796875
kaz,2001,114745.546875
kaz,2002,115895.28125
kaz,2003,128974.8515625
kaz,2004,146062.421875
kaz,2005,161701.53125
kaz,2006,180388.0
kaz,2007,200960.921875
kaz,2008,213834.25
kaz,2009,214959.84375
kaz,2010,235717.46875
kaz,2011,264016.5625
kaz,2012,292434.53125
kaz,2013,337176.375
kaz,2014,346593.15625
kaz,2015,353275.46875
kaz,2016,358297.40625
kaz,2017,373186.1875
kaz,2018,383321.625
kaz,2019,411637.46875
kaz,2020,417815.78125
kaz,2021,437128.9375
kaz,2022,447816.1875
kaz,2023,472708.09375
ken,1950,17135.859375
ken,1951,21722.1640625
ken,1952,19727.6796875
ken,1953,18868.640625
ken,1954,21518.236328125
ken,1955,22821.185546875
ken,1956,21857.919921875
ken,1957,23008.009765625
ken,1958,22498.212890625
ken,1959,21412.306640625
ken,1960,23575.8046875
ken,1961,23991.833984375
ken,1962,25782.26171875
ken,1963,25918.158203125
ken,1964,28253.970703125
ken,1965,30005.6015625
ken,1966,32240.21875
ken,1967,34049.24609375
ken,1968,32435.625
ken,1969,34092.58203125
ken,1970,31368.2578125
ken,1971,35439.1171875
ken,1972,36247.453125
ken,1973,33788.8515625
ken,1974,39240.75
ken,1975,38620.78515625
ken,1976,37554.046875
ken,1977,41308.3046875
ken,1978,48613.70703125
ken,1979,49842.77734375
ken,1980,51135.9375
ken,1981,49029.9765625
ken,1982,50177.01171875
ken,1983,49481.77734375
ken,1984,53331.82421875
ken,1985,49831.02734375
ken,1986,58236.8046875
ken,1987,62839.37890625
ken,1988,67343.640625
ken,1989,70749.2265625
ken,1990,71815.8359375
ken,1991,73737.4609375
ken,1992,73487.3984375
ken,1993,73151.7421875
ken,1994,85027.0703125
ken,1995,88511.7109375
ken,1996,91002.75
ken,1997,94080.1328125
ken,1998,98372.625
ken,1999,101550.203125
ken,2000,101077.0
ken,2001,105822.8046875
ken,2002,106878.3515625
ken,2003,109772.109375
ken,2004,112115.328125
ken,2005,118105.046875
ken,2006,126403.2578125
ken,2007,133643.1875
ken,2008,133677.265625
ken,2009,147955.140625
ken,2010,155458.4375
ken,2011,162609.15625
ken,2012,171703.5625
ken,2013,180245.890625
ken,2014,187738.078125
ken,2015,200624.265625
ken,2016,209885.171875
ken,2017,220576.15625
ken,2018,231685.375
ken,2019,243470.765625
ken,2020,241288.8125
ken,2021,256145.8125
ken,2022,265790.125
ken,2023,281119.6875
kgz,1990,36951.61328125
kgz,1991,30574.669921875
kgz,1992,26670.220703125
kgz,1993,23249.4140625
kgz,1994,18837.7421875
kgz,1995,13954.65625
kgz,1996,14608.1025390625
kgz,1997,13287.3916015625
kgz,1998,15211.5458984375
kgz,1999,15446.650390625
kgz,2000,15029.50390625
kgz,2001,15252.2255859375
kgz,2002,15803.294921875
kgz,2003,18679.8359375
kgz,2004,19932.751953125
kgz,2005,21152.595703125
kgz,2006,24529.509765625
kgz,2007,25162.279296875
kgz,2008,27881.69140625
kgz,2009,24606.33984375
kgz,2010,25091.623046875
kgz,2011,27100.3046875
kgz,2012,29666.185546875
kgz,2013,31591.966796875
kgz,2014,32361.89453125
kgz,2015,31732.201171875
kgz,2016,32773.36328125
kgz,2017,34915.1171875
kgz,2018,36838.640625
kgz,2019,37663.203125
kgz,2020,35785.4296875
kgz,2021,41263.1015625
kgz,2022,47410.73828125
kgz,2023,55383.79296875
khm,1970,6682.529296875
khm,1971,6348.619140625
khm,1972,6003.02734375
khm,1973,4865.54296875
khm,1974,4611.63916015625
khm,1975,4550.3125
khm,1976,4549.025390625
khm,1977,3879.9423828125
khm,1978,3880.05786132813
khm,1979,3386.34057617188
khm,1980,3195.75830078125
khm,1981,3188.4765625
khm,1982,3185.86083984375
khm,1983,3333.890625
khm,1984,3522.87915039063
khm,1985,3675.08349609375
khm,1986,3796.59912109375
khm,1987,4693.42822265625
khm,1988,5224.708984375
khm,1989,5490.7724609375
khm,1990,5450.67138671875
khm,1991,5625.572265625
khm,1992,6173.83203125
khm,1993,6607.02685546875
khm,1994,6797.640625
khm,1995,6942.5478515625
khm,1996,7198.24365234375
khm,1997,7083.36181640625
khm,1998,7846.7353515625
khm,1999,8389.2587890625
khm,2000,8752.5615234375
khm,2001,9495.640625
khm,2002,9989.4462890625
khm,2003,11608.9619140625
khm,2004,13574.2197265625
khm,2005,16797.728515625
khm,2006,19393.541015625
khm,2007,22902.99609375
khm,2008,27509.57421875
khm,2009,29245.78515625
khm,2010,32911.70703125
khm,2011,37546.0234375
khm,2012,40198.75390625
khm,2013,44107.03515625
khm,2014,47832.0546875
khm,2015,51500.64453125
khm,2016,56035.6875
khm,2017,60153.9453125
khm,2018,66810.40625
khm,2019,70026.3984375
khm,2020,65319.7734375
khm,2021,68737.140625
khm,2022,71056.8203125
khm,2023,73510.3046875
kna,1970,192.84587097168
kna,1971,204.575134277344
kna,1972,214.528198242188
kna,1973,225.020919799805
kna,1974,233.191635131836
kna,1975,241.923110961914
kna,1976,265.145080566406
kna,1977,254.951477050781
kna,1978,291.862579345703
kna,1979,345.328430175781
kna,1980,387.819549560547
kna,1981,409.769500732422
kna,1982,402.632843017578
kna,1983,447.490081787109
kna,1984,441.820861816406
kna,1985,443.202514648438
kna,1986,480.197570800781
kna,1987,514.085693359375
kna,1988,437.242218017578
kna,1989,477.346740722656
kna,1990,534.941345214844
kna,1991,559.720825195313
kna,1992,496.400299072266
kna,1993,519.526672363281
kna,1994,580.5458984375
kna,1995,643.606323242188
kna,1996,750.737060546875
kna,1997,700.689392089844
kna,1998,704.561889648438
kna,1999,844.118225097656
kna,2000,877.215942382813
kna,2001,759.262939453125
kna,2002,878.502807617188
kna,2003,703.683776855469
kna,2004,757.415283203125
kna,2005,841.813842773438
kna,2006,906.462219238281
kna,2007,917.23388671875
kna,2008,1189.12451171875
kna,2009,1136.58447265625
kna,2010,1157.47875976563
kna,2011,1163.65747070313
kna,2012,1123.04797363281
kna,2013,1149.876953125
kna,2014,1205.14245605469
kna,2015,1228.97839355469
kna,2016,1322.701171875
kna,2017,1288.82531738281
kna,2018,1323.55480957031
kna,2019,1367.78771972656
kna,2020,1151.37255859375
kna,2021,1159.26550292969
kna,2022,1281.87561035156
kna,2023,1310.09753417969
kor,1953,38378.05078125
kor,1954,40128.2265625
kor,1955,44393.328125
kor,1956,46784.84375
kor,1957,49096.72265625
kor,1958,50822.0859375
kor,1959,52888.38671875
kor,1960,53564.484375
kor,1961,55224.546875
kor,1962,57306.1015625
kor,1963,57843.65234375
kor,1964,65723.2890625
kor,1965,69142.515625
kor,1966,73172.6171875
kor,1967,76510.03125
kor,1968,82192.015625
kor,1969,97191.9921875
kor,1970,107462.3125
kor,1971,117915.9296875
kor,1972,124991.296875
kor,1973,135445.0625
kor,1974,145827.015625
kor,1975,154681.140625
kor,1976,166141.828125
kor,1977,175906.5625
kor,1978,190095.265625
kor,1979,206137.328125
kor,1980,209602.0
kor,1981,221574.40625
kor,1982,236421.140625
kor,1983,256271.1875
kor,1984,275061.28125
kor,1985,294078.96875
kor,1986,320086.25
kor,1987,347033.4375
kor,1988,379796.0625
kor,1989,421622.90625
kor,1990,464189.28125
kor,1991,502899.9375
kor,1992,538229.5625
kor,1993,573695.6875
kor,1994,621786.9375
kor,1995,682076.125
kor,1996,734858.75
kor,1997,764656.5625
kor,1998,693344.625
kor,1999,768734.3125
kor,2000,826807.5625
kor,2001,875230.5
kor,2002,950981.5625
kor,2003,957706.0
kor,2004,969675.375
kor,2005,1016742.125
kor,2006,1072370.5
kor,2007,1132234.625
kor,2008,1158510.625
kor,2009,1175816.0
kor,2010,1231380.0
kor,2011,1269177.0
kor,2012,1298785.625
kor,2013,1330789.875
kor,2014,1365103.25
kor,2015,1404312.125
kor,2016,1448012.375
kor,2017,1492261.875
kor,2018,1548585.75
kor,2019,1600018.5
kor,2020,1564093.625
kor,2021,1630349.75
kor,2022,1698371.0
kor,2023,1726121.375
kwt,1970,16765.044921875
kwt,1971,17345.54296875
kwt,1972,17981.865234375
kwt,1973,17450.61328125
kwt,1974,19328.189453125
kwt,1975,23517.21484375
kwt,1976,28944.970703125
kwt,1977,35136.7109375
kwt,1978,35823.5703125
kwt,1979,39261.00390625
kwt,1980,46039.6328125
kwt,1981,47788.28515625
kwt,1982,55818.62890625
kwt,1983,48258.984375
kwt,1984,47622.734375
kwt,1985,51709.43359375
kwt,1986,46316.51171875
kwt,1987,46109.6953125
kwt,1988,50472.96484375
kwt,1989,58468.28125
kwt,1990,54700.25390625
kwt,1991,97685.6484375
kwt,1992,56957.94140625
kwt,1993,64377.2734375
kwt,1994,66096.234375
kwt,1995,66366.8828125
kwt,1996,66083.4140625
kwt,1997,68963.5703125
kwt,1998,86825.9609375
kwt,1999,75822.9765625
kwt,2000,63353.28515625
kwt,2001,63898.31640625
kwt,2002,72515.625
kwt,2003,75914.9140625
kwt,2004,80165.3515625
kwt,2005,87604.0078125
kwt,2006,96089.3671875
kwt,2007,105897.71875
kwt,2008,110067.2421875
kwt,2009,103357.3828125
kwt,2010,95914.6953125
kwt,2011,100288.21875
kwt,2012,110651.1875
kwt,2013,116831.5546875
kwt,2014,119934.9296875
kwt,2015,121802.359375
kwt,2016,122969.1171875
kwt,2017,126646.375
kwt,2018,132776.21875
kwt,2019,138600.03125
kwt,2020,127655.9765625
kwt,2021,138126.6875
kwt,2022,139707.75
kwt,2023,133187.9375
lao,1970,2878.48168945313
lao,1971,3021.97802734375
lao,1972,3126.03588867188
lao,1973,3399.63403320313
lao,1974,3523.13989257813
lao,1975,3758.41943359375
lao,1976,3868.5
lao,1977,3790.15356445313
lao,1978,3834.16015625
lao,1979,3751.53198242188
lao,1980,4130.33251953125
lao,1981,4754.599609375
lao,1982,5088.4462890625
lao,1983,5387.91748046875
lao,1984,5672.05810546875
lao,1985,6038.38330078125
lao,1986,6235.23681640625
lao,1987,6183.35546875
lao,1988,6494.7529296875
lao,1989,7224.130859375
lao,1990,7277.24267578125
lao,1991,7529.30029296875
lao,1992,7797.14794921875
lao,1993,8214.8701171875
lao,1994,9275.578125
lao,1995,9925.107421875
lao,1996,10918.62890625
lao,1997,11682.8359375
lao,1998,11582.765625
lao,1999,11639.201171875
lao,2000,13776.26953125
lao,2001,16398.623046875
lao,2002,16795.1953125
lao,2003,17287.435546875
lao,2004,17564.638671875
lao,2005,18784.279296875
lao,2006,19327.66015625
lao,2007,19151.404296875
lao,2008,21713.3828125
lao,2009,23822.619140625
lao,2010,26584.685546875
lao,2011,27205.025390625
lao,2012,30741.1953125
lao,2013,33815.0078125
lao,2014,34832.36328125
lao,2015,36441.5
lao,2016,37686.53125
lao,2017,39563.53125
lao,2018,40928.91796875
lao,2019,41856.6015625
lao,2020,40123.2265625
lao,2021,36647.640625
lao,2022,41022.37890625
lao,2023,54105.61328125
lbn,1970,42885.73046875
lbn,1971,46593.65625
lbn,1972,52147.109375
lbn,1973,55414.4609375
lbn,1974,57376.078125
lbn,1975,42465.89453125
lbn,1976,17935.486328125
lbn,1977,33327.5625
lbn,1978,32935.53125
lbn,1979,36850.1328125
lbn,1980,41321.53125
lbn,1981,41554.98828125
lbn,1982,36773.09765625
lbn,1983,39196.70703125
lbn,1984,55519.90625
lbn,1985,65330.21484375
lbn,1986,52254.8828125
lbn,1987,74302.5
lbn,1988,52566.171875
lbn,1989,31332.994140625
lbn,1990,40378.953125
lbn,1991,59037.8828125
lbn,1992,43088.9453125
lbn,1993,44837.546875
lbn,1994,48998.875
lbn,1995,51399.78125
lbn,1996,52726.19921875
lbn,1997,51524.01953125
lbn,1998,52830.14453125
lbn,1999,53443.85546875
lbn,2000,54110.48046875
lbn,2001,56913.375
lbn,2002,58585.171875
lbn,2003,60439.109375
lbn,2004,63485.58984375
lbn,2005,61909.42578125
lbn,2006,63780.18359375
lbn,2007,68307.4765625
lbn,2008,74154.953125
lbn,2009,84051.125
lbn,2010,90117.96875
lbn,2011,87677.578125
lbn,2012,95568.203125
lbn,2013,99409.3046875
lbn,2014,104857.40625
lbn,2015,108432.40625
lbn,2016,110311.1171875
lbn,2017,111829.984375
lbn,2018,110104.53125
lbn,2019,109236.7421875
lbn,2020,85943.5234375
lbn,2021,79753.265625
lbn,2022,91838.0078125
lbn,2023,90892.3671875
lbr,1964,2341.4775390625
lbr,1965,2328.44067382813
lbr,1966,2584.30981445313
lbr,1967,2765.38623046875
lbr,1968,2670.46557617188
lbr,1969,2833.22778320313
lbr,1970,3070.64697265625
lbr,1971,3260.0634765625
lbr,1972,3330.44775390625
lbr,1973,3363.02490234375
lbr,1974,3458.97045898438
lbr,1975,3294.76391601563
lbr,1976,3797.24438476563
lbr,1977,4310.3310546875
lbr,1978,4343.5087890625
lbr,1979,4185.74755859375
lbr,1980,3663.25952148438
lbr,1981,3505.39819335938
lbr,1982,3473.07983398438
lbr,1983,3399.32788085938
lbr,1984,3230.37109375
lbr,1985,3171.705078125
lbr,1986,3054.00732421875
lbr,1987,3208.72705078125
lbr,1988,3252.96923828125
lbr,1989,2978.7060546875
lbr,1990,1804.38854980469
lbr,1991,1740.26440429688
lbr,1992,1005.11077880859
lbr,1993,671.718444824219
lbr,1994,525.541442871094
lbr,1995,503.108428955078
lbr,1996,526.135620117188
lbr,1997,1085.30773925781
lbr,1998,1413.15356445313
lbr,1999,1720.39953613281
lbr,2000,2875.95727539063
lbr,2001,2110.3525390625
lbr,2002,1912.78637695313
lbr,2003,1629.71411132813
lbr,2004,5148.2998046875
lbr,2005,5391.2255859375
lbr,2006,5143.18896484375
lbr,2007,3969.109375
lbr,2008,5139.50390625
lbr,2009,5355.91748046875
lbr,2010,5825.2705078125
lbr,2011,6218.279296875
lbr,2012,6672.1328125
lbr,2013,6450.3564453125
lbr,2014,7639.998046875
lbr,2015,8450.001953125
lbr,2016,9036.1171875
lbr,2017,9652.65625
lbr,2018,10053.73046875
lbr,2019,9803.3310546875
lbr,2020,9355.947265625
lbr,2021,9245.91796875
lbr,2022,9216.689453125
lbr,2023,9131.6806640625
lca,1970,826.189636230469
lca,1971,866.844482421875
lca,1972,890.013671875
lca,1973,904.958068847656
lca,1974,949.648376464844
lca,1975,998.251403808594
lca,1976,1192.37756347656
lca,1977,1253.07604980469
lca,1978,1425.57592773438
lca,1979,1491.24304199219
lca,1980,1472.05200195313
lca,1981,1469.08142089844
lca,1982,1410.13525390625
lca,1983,1336.21228027344
lca,1984,1497.18615722656
lca,1985,1548.91320800781
lca,1986,1746.15612792969
lca,1987,1926.49560546875
lca,1988,1975.15490722656
lca,1989,2180.35571289063
lca,1990,2206.72631835938
lca,1991,2196.44604492188
lca,1992,2299.39892578125
lca,1993,2304.35522460938
lca,1994,2067.79736328125
lca,1995,2070.50561523438
lca,1996,2336.32763671875
lca,1997,2409.38452148438
lca,1998,2501.72143554688
lca,1999,2656.56640625
lca,2000,2467.14379882813
lca,2001,2259.11474609375
lca,2002,2485.068359375
lca,2003,3101.98974609375
lca,2004,2954.27758789063
lca,2005,2987.53662109375
lca,2006,2939.51953125
lca,2007,3288.89501953125
lca,2008,3306.5419921875
lca,2009,2858.10864257813
lca,2010,3099.50415039063
lca,2011,3379.60668945313
lca,2012,3161.9462890625
lca,2013,3081.94067382813
lca,2014,3200.58618164063
lca,2015,2972.63671875
lca,2016,3236.6298828125
lca,2017,2916.88623046875
lca,2018,2901.65991210938
lca,2019,2680.88134765625
lca,2020,2833.9736328125
lca,2021,2937.42358398438
lca,2022,3032.43920898438
lca,2023,3032.91088867188
lka,1950,11008.4423828125
lka,1951,12285.2490234375
lka,1952,12565.46484375
lka,1953,12471.7490234375
lka,1954,12329.447265625
lka,1955,13387.1162109375
lka,1956,12873.9326171875
lka,1957,14289.849609375
lka,1958,14501.00390625
lka,1959,15481.6416015625
lka,1960,16596.423828125
lka,1961,15680.6015625
lka,1962,17097.51171875
lka,1963,16200.798828125
lka,1964,17021.017578125
lka,1965,16789.984375
lka,1966,18464.052734375
lka,1967,18515.251953125
lka,1968,20393.63671875
lka,1969,22270.1484375
lka,1970,21600.412109375
lka,1971,21540.9765625
lka,1972,21837.53515625
lka,1973,24390.28125
lka,1974,26256.66015625
lka,1975,25229.82421875
lka,1976,26124.84765625
lka,1977,28931.591796875
lka,1978,30469.810546875
lka,1979,33338.9921875
lka,1980,36623.52734375
lka,1981,40722.0390625
lka,1982,43642.95703125
lka,1983,45028.7109375
lka,1984,45494.59375
lka,1985,48754.0
lka,1986,51744.16796875
lka,1987,52096.18359375
lka,1988,54755.39453125
lka,1989,55676.91796875
lka,1990,59137.328125
lka,1991,59752.875
lka,1992,65305.83984375
lka,1993,69875.546875
lka,1994,75286.9609375
lka,1995,78610.609375
lka,1996,81279.8984375
lka,1997,85288.390625
lka,1998,93020.9453125
lka,1999,94021.9609375
lka,2000,97932.15625
lka,2001,99138.09375
lka,2002,107159.359375
lka,2003,115737.984375
lka,2004,120063.0625
lka,2005,123077.3828125
lka,2006,131406.6875
lka,2007,137486.6875
lka,2008,148009.1875
lka,2009,155241.75
lka,2010,165858.0
lka,2011,179307.421875
lka,2012,180654.046875
lka,2013,194630.90625
lka,2014,202169.703125
lka,2015,220627.34375
lka,2016,226247.984375
lka,2017,226449.15625
lka,2018,240792.84375
lka,2019,250817.15625
lka,2020,238242.421875
lka,2021,242813.5625
lka,2022,242206.953125
lka,2023,237429.96875
lso,1960,607.879821777344
lso,1961,651.605834960938
lso,1962,731.049194335938
lso,1963,806.966918945313
lso,1964,846.699401855469
lso,1965,885.249328613281
lso,1966,937.044982910156
lso,1967,1003.11059570313
lso,1968,996.769714355469
lso,1969,982.977172851563
lso,1970,1043.20031738281
lso,1971,1036.72424316406
lso,1972,1308.32739257813
lso,1973,1568.90759277344
lso,1974,1766.54565429688
lso,1975,1993.7578125
lso,1976,2278.38793945313
lso,1977,2366.38623046875
lso,1978,2668.42895507813
lso,1979,2526.017578125
lso,1980,2435.2236328125
lso,1981,2612.25146484375
lso,1982,2691.90673828125
lso,1983,2869.583984375
lso,1984,2847.2626953125
lso,1985,2784.70922851563
lso,1986,2732.498046875
lso,1987,2872.78784179688
lso,1988,3211.19482421875
lso,1989,3372.10278320313
lso,1990,3347.4091796875
lso,1991,3334.65234375
lso,1992,3208.9580078125
lso,1993,3702.27758789063
lso,1994,3649.33471679688
lso,1995,3945.52001953125
lso,1996,4210.900390625
lso,1997,4360.806640625
lso,1998,4538.90771484375
lso,1999,4557.46630859375
lso,2000,4704.005859375
lso,2001,4637.873046875
lso,2002,4756.27490234375
lso,2003,4840.876953125
lso,2004,4884.16552734375
lso,2005,5082.97900390625
lso,2006,5230.486328125
lso,2007,5561.09814453125
lso,2008,5867.740234375
lso,2009,6036.935546875
lso,2010,6311.34326171875
lso,2011,6544.86376953125
lso,2012,6751.13134765625
lso,2013,6704.29931640625
lso,2014,6764.09423828125
lso,2015,7059.8603515625
lso,2016,7053.92724609375
lso,2017,7256.35986328125
lso,2018,7085.11328125
lso,2019,6996.2607421875
lso,2020,6976.41650390625
lso,2021,6825.2783203125
lso,2022,6809.47314453125
lso,2023,7221.4736328125
ltu,1990,59627.26953125
ltu,1991,49020.53125
ltu,1992,46553.60546875
ltu,1993,42841.421875
ltu,1994,38489.67578125
ltu,1995,40337.69140625
ltu,1996,42103.16796875
ltu,1997,44288.26953125
ltu,1998,46391.97265625
ltu,1999,47442.94921875
ltu,2000,49456.1171875
ltu,2001,51177.7421875
ltu,2002,53772.33984375
ltu,2003,58824.33984375
ltu,2004,64288.20703125
ltu,2005,70564.203125
ltu,2006,75878.78125
ltu,2007,83500.4375
ltu,2008,86067.1328125
ltu,2009,74087.9609375
ltu,2010,71142.5
ltu,2011,73218.53125
ltu,2012,75125.234375
ltu,2013,77381.46875
ltu,2014,79880.5390625
ltu,2015,82514.984375
ltu,2016,84974.09375
ltu,2017,86984.40625
ltu,2018,89444.8046875
ltu,2019,91352.140625
ltu,2020,88826.359375
ltu,2021,94470.3046875
ltu,2022,96174.3984375
ltu,2023,95884.8515625
lux,1950,2951.27416992188
lux,1951,3155.61279296875
lux,1952,3371.51831054688
lux,1953,3488.3984375
lux,1954,3559.8759765625
lux,1955,3761.2978515625
lux,1956,3925.00708007813
lux,1957,4078.36669921875
lux,1958,4257.44677734375
lux,1959,4338.43701171875
lux,1960,4466.203125
lux,1961,4679.74755859375
lux,1962,4865.33544921875
lux,1963,5076.61181640625
lux,1964,5455.17138671875
lux,1965,5614.806640625
lux,1966,5716.22119140625
lux,1967,5667.736328125
lux,1968,5955.25537109375
lux,1969,6312.013671875
lux,1970,6702.53076171875
lux,1971,7045.703125
lux,1972,7377.73974609375
lux,1973,7768.4462890625
lux,1974,8105.94140625
lux,1975,8498.7099609375
lux,1976,8759.1337890625
lux,1977,8971.6708984375
lux,1978,9212.8076171875
lux,1979,9510.5810546875
lux,1980,9784.0927734375
lux,1981,9946.390625
lux,1982,10010.67578125
lux,1983,10091.5791015625
lux,1984,10253.83984375
lux,1985,10514.072265625
lux,1986,10937.3623046875
lux,1987,11573.58203125
lux,1988,12226.125
lux,1989,12924.7099609375
lux,1990,13536.6796875
lux,1991,14393.2275390625
lux,1992,14265.2138671875
lux,1993,14687.650390625
lux,1994,15162.427734375
lux,1995,15561.7236328125
lux,1996,15958.5791015625
lux,1997,16487.5234375
lux,1998,17259.361328125
lux,1999,18180.53515625
lux,2000,19029.072265625
lux,2001,19837.892578125
lux,2002,20756.77734375
lux,2003,21258.107421875
lux,2004,21631.390625
lux,2005,21744.28125
lux,2006,22374.3984375
lux,2007,22772.927734375
lux,2008,23365.94921875
lux,2009,24070.052734375
lux,2010,24905.326171875
lux,2011,25408.54296875
lux,2012,26140.541015625
lux,2013,26615.80859375
lux,2014,27252.36328125
lux,2015,27982.19921875
lux,2016,28714.50390625
lux,2017,29668.314453125
lux,2018,30721.771484375
lux,2019,31524.6328125
lux,2020,30545.11328125
lux,2021,33277.2734375
lux,2022,34071.86328125
lux,2023,35257.67578125
lva,1990,49883.7890625
lva,1991,38421.140625
lva,1992,24732.568359375
lva,1993,23338.83984375
lva,1994,23813.42578125
lva,1995,23686.205078125
lva,1996,24239.783203125
lva,1997,25423.900390625
lva,1998,26375.943359375
lva,1999,27053.595703125
lva,2000,27282.896484375
lva,2001,28698.689453125
lva,2002,30510.880859375
lva,2003,32663.69921875
lva,2004,35477.80078125
lva,2005,38704.83984375
lva,2006,45253.19921875
lva,2007,49780.76953125
lva,2008,46593.9453125
lva,2009,38716.26953125
lva,2010,39014.8671875
lva,2011,39365.921875
lva,2012,41134.5625
lva,2013,43442.93359375
lva,2014,44141.69140625
lva,2015,44943.6328125
lva,2016,46550.1953125
lva,2017,47963.125
lva,2018,49506.37109375
lva,2019,50129.01171875
lva,2020,48843.78125
lva,2021,52171.125
lva,2022,54444.984375
lva,2023,54985.796875
mac,1970,1589.43029785156
mac,1971,1714.18957519531
mac,1972,1848.55700683594
mac,1973,1993.78588867188
mac,1974,2150.35766601563
mac,1975,2318.22094726563
mac,1976,2501.5859375
mac,1977,2697.78637695313
mac,1978,2904.6025390625
mac,1979,3143.37377929688
mac,1980,3383.6689453125
mac,1981,3625.05419921875
mac,1982,3983.57958984375
mac,1983,4221.337890625
mac,1984,4457.22607421875
mac,1985,4793.8974609375
mac,1986,5196.505859375
mac,1987,5716.75244140625
mac,1988,6351.0107421875
mac,1989,6723.2421875
mac,1990,7238.97314453125
mac,1991,7832.615234375
mac,1992,8335.044921875
mac,1993,8875.2685546875
mac,1994,9434.9130859375
mac,1995,9770.8408203125
mac,1996,10171.49609375
mac,1997,10368.7763671875
mac,1998,10338.6328125
mac,1999,10828.78515625
mac,2000,10416.4677734375
mac,2001,10571.3427734375
mac,2002,11168.3798828125
mac,2003,11634.3583984375
mac,2004,12479.962890625
mac,2005,13314.4912109375
mac,2006,14244.3828125
mac,2007,15889.8173828125
mac,2008,16651.98046875
mac,2009,17335.017578125
mac,2010,18247.529296875
mac,2011,20043.93359375
mac,2012,21468.666015625
mac,2013,22851.33203125
mac,2014,24176.236328125
mac,2015,24757.67578125
mac,2016,24819.841796875
mac,2017,25295.212890625
mac,2018,26289.931640625
mac,2019,27158.732421875
mac,2020,25218.62109375
mac,2021,26666.1953125
mac,2022,26030.76953125
mac,2023,27471.68359375
mar,1950,11097.3642578125
mar,1951,11575.2421875
mar,1952,12678.0927734375
mar,1953,12452.46875
mar,1954,13391.7734375
mar,1955,13520.705078125
mar,1956,13461.3212890625
mar,1957,13472.30078125
mar,1958,13953.9638671875
mar,1959,14572.6123046875
mar,1960,14947.2734375
mar,1961,17655.275390625
mar,1962,20297.7265625
mar,1963,22442.53125
mar,1964,23251.201171875
mar,1965,23836.013671875
mar,1966,23568.173828125
mar,1967,24494.53515625
mar,1968,26189.900390625
mar,1969,28615.544921875
mar,1970,30766.845703125
mar,1971,32274.115234375
mar,1972,33213.7890625
mar,1973,34323.91015625
mar,1974,37526.44921875
mar,1975,39101.92578125
mar,1976,43416.3125
mar,1977,44163.75390625
mar,1978,46720.1796875
mar,1979,49736.09375
mar,1980,48087.87109375
mar,1981,48674.765625
mar,1982,52501.328125
mar,1983,53962.26171875
mar,1984,56587.32421875
mar,1985,59230.328125
mar,1986,66006.2734375
mar,1987,66225.921875
mar,1988,72087.8203125
mar,1989,74400.234375
mar,1990,74691.09375
mar,1991,83196.96875
mar,1992,81914.71875
mar,1993,80998.6015625
mar,1994,90438.4609375
mar,1995,85811.3671875
mar,1996,94518.7734375
mar,1997,90819.3515625
mar,1998,96728.609375
mar,1999,97737.796875
mar,2000,99082.53125
mar,2001,101933.1640625
mar,2002,104852.9453125
mar,2003,111253.984375
mar,2004,116520.1015625
mar,2005,119551.453125
mar,2006,126589.875
mar,2007,132148.90625
mar,2008,142992.421875
mar,2009,158231.734375
mar,2010,167315.890625
mar,2011,180026.328125
mar,2012,194485.0
mar,2013,204958.40625
mar,2014,218179.453125
mar,2015,223216.875
mar,2016,227769.03125
mar,2017,235504.484375
mar,2018,242062.15625
mar,2019,248773.953125
mar,2020,237807.671875
mar,2021,254490.21875
mar,2022,256325.9375
mar,2023,266433.625
mda,1990,33433.96875
mda,1991,28699.275390625
mda,1992,15906.7880859375
mda,1993,15383.1572265625
mda,1994,12362.42578125
mda,1995,13454.130859375
mda,1996,14964.7734375
mda,1997,16703.56640625
mda,1998,16523.9921875
mda,1999,14101.6845703125
mda,2000,16580.560546875
mda,2001,17328.142578125
mda,2002,18944.853515625
mda,2003,21916.875
mda,2004,22469.92578125
mda,2005,25563.859375
mda,2006,27612.51953125
mda,2007,28672.15625
mda,2008,30310.814453125
mda,2009,28171.9453125
mda,2010,30268.896484375
mda,2011,32624.017578125
mda,2012,32909.42578125
mda,2013,34654.62890625
mda,2014,36177.82421875
mda,2015,35281.19921875
mda,2016,35795.50390625
mda,2017,37593.3828125
mda,2018,38666.1484375
mda,2019,40202.90234375
mda,2020,38013.62890625
mda,2021,43550.08203125
mda,2022,42357.31640625
mda,2023,42451.63671875
mdg,1960,15799.9140625
mdg,1961,16372.1044921875
mdg,1962,17425.5390625
mdg,1963,17656.419921875
mdg,1964,17760.865234375
mdg,1965,17597.736328125
mdg,1966,17990.095703125
mdg,1967,18224.42578125
mdg,1968,19806.685546875
mdg,1969,20448.53515625
mdg,1970,21512.529296875
mdg,1971,22842.318359375
mdg,1972,22816.390625
mdg,1973,21715.4609375
mdg,1974,21322.044921875
mdg,1975,21252.57421875
mdg,1976,21033.177734375
mdg,1977,21496.890625
mdg,1978,21394.822265625
mdg,1979,23259.646484375
mdg,1980,23558.833984375
mdg,1981,21602.927734375
mdg,1982,21933.34375
mdg,1983,22057.876953125
mdg,1984,21813.29296875
mdg,1985,22494.396484375
mdg,1986,22352.453125
mdg,1987,22027.03515625
mdg,1988,22021.470703125
mdg,1989,21455.85546875
mdg,1990,22976.306640625
mdg,1991,22701.263671875
mdg,1992,22149.888671875
mdg,1993,22699.484375
mdg,1994,22654.166015625
mdg,1995,23038.48046875
mdg,1996,23204.728515625
mdg,1997,24616.23828125
mdg,1998,25475.783203125
mdg,1999,26281.224609375
mdg,2000,27374.197265625
mdg,2001,28810.814453125
mdg,2002,27432.556640625
mdg,2003,30751.826171875
mdg,2004,30954.560546875
mdg,2005,31813.009765625
mdg,2006,31623.83984375
mdg,2007,33968.13671875
mdg,2008,34410.28125
mdg,2009,34299.8203125
mdg,2010,35350.765625
mdg,2011,36169.1953125
mdg,2012,37073.51953125
mdg,2013,39301.21875
mdg,2014,38643.88671875
mdg,2015,39629.23828125
mdg,2016,40837.796875
mdg,2017,42187.98828125
mdg,2018,40175.1875
mdg,2019,41183.18359375
mdg,2020,43635.37109375
mdg,2021,44416.01171875
mdg,2022,44920.38671875
mdg,2023,46472.8125
mdv,1970,177.508743286133
mdv,1971,186.028198242188
mdv,1972,187.608184814453
mdv,1973,190.985748291016
mdv,1974,207.492218017578
mdv,1975,194.512664794922
mdv,1976,185.318649291992
mdv,1977,190.872039794922
mdv,1978,239.650421142578
mdv,1979,304.734222412109
mdv,1980,358.030792236328
mdv,1981,389.362335205078
mdv,1982,425.60009765625
mdv,1983,438.407867431641
mdv,1984,482.798370361328
mdv,1985,545.655090332031
mdv,1986,596.736694335938
mdv,1987,649.737609863281
mdv,1988,706.208312988281
mdv,1989,771.015319824219
mdv,1990,898.535827636719
mdv,1991,964.928649902344
mdv,1992,1026.9912109375
mdv,1993,1087.55090332031
mdv,1994,1156.41735839844
mdv,1995,1260.33435058594
mdv,1996,1323.455078125
mdv,1997,1465.66333007813
mdv,1998,1539.17626953125
mdv,1999,1625.26965332031
mdv,2000,1725.26843261719
mdv,2001,1752.6240234375
mdv,2002,1886.05065917969
mdv,2003,1941.11511230469
mdv,2004,2324.826171875
mdv,2005,2511.39477539063
mdv,2006,2819.68017578125
mdv,2007,3283.85229492188
mdv,2008,3712.79516601563
mdv,2009,3548.92309570313
mdv,2010,3595.34765625
mdv,2011,3749.91723632813
mdv,2012,3738.29809570313
mdv,2013,4131.44580078125
mdv,2014,4424.54736328125
mdv,2015,4639.89599609375
mdv,2016,5092.6669921875
mdv,2017,5399.744140625
mdv,2018,5940.1728515625
mdv,2019,6509.33544921875
mdv,2020,5639.572265625
mdv,2021,6120.263671875
mdv,2022,6680.28369140625
mdv,2023,7255.60595703125
mex,1950,167986.890625
mex,1951,186535.546875
mex,1952,189036.171875
mex,1953,184367.953125
mex,1954,203458.03125
mex,1955,216515.46875
mex,1956,226756.765625
mex,1957,246787.515625
mex,1958,262466.28125
mex,1959,267350.375
mex,1960,286922.9375
mex,1961,290700.375
mex,1962,302498.8125
mex,1963,327136.90625
mex,1964,368403.53125
mex,1965,380755.28125
mex,1966,400584.15625
mex,1967,425406.25
mex,1968,453932.125
mex,1969,484225.40625
mex,1970,517722.53125
mex,1971,546686.875
mex,1972,586275.6875
mex,1973,626820.125
mex,1974,659777.0
mex,1975,702471.1875
mex,1976,735674.5625
mex,1977,748157.5
mex,1978,810552.0625
mex,1979,882900.5
mex,1980,951433.5
mex,1981,1024790.125
mex,1982,1005014.0
mex,1983,960229.25
mex,1984,994904.625
mex,1985,1027463.3125
mex,1986,1002822.625
mex,1987,1000396.25
mex,1988,1016271.8125
mex,1989,1085412.25
mex,1990,1152090.875
mex,1991,1206799.625
mex,1992,1259819.875
mex,1993,1198644.5
mex,1994,1257066.5
mex,1995,1187507.125
mex,1996,1225937.5
mex,1997,1316863.75
mex,1998,1399721.5
mex,1999,1460785.625
mex,2000,1578634.0
mex,2001,1613215.625
mex,2002,1637219.0
mex,2003,1667609.625
mex,2004,1699767.625
mex,2005,1736774.25
mex,2006,1810652.25
mex,2007,1834009.0
mex,2008,1856300.25
mex,2009,1747732.375
mex,2010,1822276.625
mex,2011,1903510.375
mex,2012,1946746.375
mex,2013,1991958.125
mex,2014,2032343.625
mex,2015,2084131.375
mex,2016,2124144.0
mex,2017,2156574.25
mex,2018,2192965.75
mex,2019,2204327.5
mex,2020,2016192.875
mex,2021,2158211.0
mex,2022,2253905.5
mex,2023,2341623.25
mkd,1990,17180.83203125
mkd,1991,16279.955078125
mkd,1992,14758.974609375
mkd,1993,15849.517578125
mkd,1994,17146.828125
mkd,1995,16957.19921875
mkd,1996,17431.1953125
mkd,1997,17873.0625
mkd,1998,18545.470703125
mkd,1999,19323.234375
mkd,2000,21242.0546875
mkd,2001,20855.3671875
mkd,2002,21566.0234375
mkd,2003,21668.775390625
mkd,2004,22961.146484375
mkd,2005,24363.75
mkd,2006,25332.078125
mkd,2007,27084.466796875
mkd,2008,28645.076171875
mkd,2009,27890.02734375
mkd,2010,28522.958984375
mkd,2011,27351.85546875
mkd,2012,27746.75
mkd,2013,28186.955078125
mkd,2014,28851.798828125
mkd,2015,30098.8046875
mkd,2016,30745.716796875
mkd,2017,31117.76171875
mkd,2018,32140.74609375
mkd,2019,33270.95703125
mkd,2020,32878.00390625
mkd,2021,35192.11328125
mkd,2022,36469.84765625
mkd,2023,36711.01171875
mli,1960,1444.28747558594
mli,1961,1429.21997070313
mli,1962,1420.53234863281
mli,1963,1469.974609375
mli,1964,1220.45141601563
mli,1965,1309.11022949219
mli,1966,1288.74096679688
mli,1967,1334.48840332031
mli,1968,1419.76318359375
mli,1969,1437.56201171875
mli,1970,1513.53955078125
mli,1971,1555.03540039063
mli,1972,1700.46374511719
mli,1973,1820.57446289063
mli,1974,2185.21411132813
mli,1975,2135.7587890625
mli,1976,2157.9658203125
mli,1977,2127.60229492188
mli,1978,2302.90893554688
mli,1979,2601.3916015625
mli,1980,2444.0615234375
mli,1981,2419.47094726563
mli,1982,2744.91723632813
mli,1983,2759.53149414063
mli,1984,2709.89721679688
mli,1985,3087.43530273438
mli,1986,3264.43310546875
mli,1987,3046.16333007813
mli,1988,2992.77197265625
mli,1989,3165.43676757813
mli,1990,3183.9892578125
mli,1991,3921.900390625
mli,1992,3814.78735351563
mli,1993,4037.93212890625
mli,1994,4124.47998046875
mli,1995,5749.4189453125
mli,1996,6942.0126953125
mli,1997,7219.232421875
mli,1998,8177.4716796875
mli,1999,9483.904296875
mli,2000,10233.86328125
mli,2001,11099.783203125
mli,2002,11589.2763671875
mli,2003,13079.1533203125
mli,2004,13023.4228515625
mli,2005,13870.4189453125
mli,2006,15732.029296875
mli,2007,16727.80078125
mli,2008,18794.126953125
mli,2009,21581.93359375
mli,2010,23759.4296875
mli,2011,25689.365234375
mli,2012,28130.876953125
mli,2013,31224.677734375
mli,2014,35802.25390625
mli,2015,38185.6015625
mli,2016,41169.6015625
mli,2017,42361.12109375
mli,2018,44682.66015625
mli,2019,47218.69921875
mli,2020,49192.7890625
mli,2021,49109.0234375
mli,2022,53175.73828125
mli,2023,59619.66796875
mlt,1954,609.535888671875
mlt,1955,614.288452148438
mlt,1956,700.76708984375
mlt,1957,700.361145019531
mlt,1958,733.452697753906
mlt,1959,746.322998046875
mlt,1960,792.510498046875
mlt,1961,810.840148925781
mlt,1962,817.009765625
mlt,1963,829.281799316406
mlt,1964,847.318481445313
mlt,1965,881.225952148438
mlt,1966,931.053588867188
mlt,1967,1011.38842773438
mlt,1968,1120.81579589844
mlt,1969,1283.55017089844
mlt,1970,1466.08972167969
mlt,1971,1499.66052246094
mlt,1972,1595.80920410156
mlt,1973,1651.97570800781
mlt,1974,1810.14025878906
mlt,1975,2221.81201171875
mlt,1976,2497.42602539063
mlt,1977,2805.41870117188
mlt,1978,2955.40087890625
mlt,1979,3082.81274414063
mlt,1980,3248.92553710938
mlt,1981,3380.31079101563
mlt,1982,3498.80859375
mlt,1983,3530.24536132813
mlt,1984,3627.27465820313
mlt,1985,3811.71899414063
mlt,1986,3886.78662109375
mlt,1987,3968.24194335938
mlt,1988,4302.44482421875
mlt,1989,4728.04931640625
mlt,1990,4923.640625
mlt,1991,5181.494140625
mlt,1992,5452.03271484375
mlt,1993,5554.59814453125
mlt,1994,5735.72021484375
mlt,1995,6320.6201171875
mlt,1996,6798.05810546875
mlt,1997,7274.2783203125
mlt,1998,7874.6435546875
mlt,1999,8473.115234375
mlt,2000,8839.177734375
mlt,2001,8988.9150390625
mlt,2002,8955.7861328125
mlt,2003,9442.806640625
mlt,2004,9603.6513671875
mlt,2005,9838.689453125
mlt,2006,10136.7109375
mlt,2007,10399.6025390625
mlt,2008,10789.69921875
mlt,2009,10571.55859375
mlt,2010,10777.103515625
mlt,2011,11178.8232421875
mlt,2012,11419.353515625
mlt,2013,11769.9453125
mlt,2014,12326.3427734375
mlt,2015,12879.3681640625
mlt,2016,13334.8671875
mlt,2017,14222.1484375
mlt,2018,15617.744140625
mlt,2019,16641.884765625
mlt,2020,15889.3701171875
mlt,2021,17458.0859375
mlt,2022,18805.185546875
mlt,2023,20617.63671875
mmr,1962,20627.28515625
mmr,1963,23566.826171875
mmr,1964,22221.763671875
mmr,1965,23661.84375
mmr,1966,25149.43359375
mmr,1967,23047.212890625
mmr,1968,23964.708984375
mmr,1969,25440.416015625
mmr,1970,27221.95703125
mmr,1971,27992.20703125
mmr,1972,27761.837890625
mmr,1973,27983.6015625
mmr,1974,28716.689453125
mmr,1975,29959.771484375
mmr,1976,31368.8125
mmr,1977,32361.966796875
mmr,1978,33468.234375
mmr,1979,34624.3828125
mmr,1980,37484.234375
mmr,1981,39804.97265625
mmr,1982,42883.29296875
mmr,1983,44921.33203125
mmr,1984,48526.765625
mmr,1985,49532.8984375
mmr,1986,49053.2578125
mmr,1987,47641.39453125
mmr,1988,41075.0234375
mmr,1989,41828.51171875
mmr,1990,42188.78515625
mmr,1991,40317.19140625
mmr,1992,43622.71875
mmr,1993,46802.5
mmr,1994,47878.67578125
mmr,1995,50866.58203125
mmr,1996,52318.52734375
mmr,1997,53895.4140625
mmr,1998,54182.8125
mmr,1999,57058.32421875
mmr,2000,61391.98046875
mmr,2001,70152.5703125
mmr,2002,79236.1953125
mmr,2003,89353.15625
mmr,2004,99797.4609375
mmr,2005,114221.0625
mmr,2006,125788.625
mmr,2007,141587.4375
mmr,2008,151598.5
mmr,2009,170787.53125
mmr,2010,176326.46875
mmr,2011,186817.953125
mmr,2012,200269.96875
mmr,2013,225722.46875
mmr,2014,249758.03125
mmr,2015,261412.46875
mmr,2016,268381.25
mmr,2017,284422.78125
mmr,2018,290022.84375
mmr,2019,305152.0625
mmr,2020,317456.90625
mmr,2021,329669.53125
mmr,2022,339114.25
mmr,2023,351388.21875
mne,1990,9701.71875
mne,1991,8649.97265625
mne,1992,6617.47119140625
mne,1993,4204.44189453125
mne,1994,4257.2255859375
mne,1995,4873.56884765625
mne,1996,6242.2958984375
mne,1997,6570.96630859375
mne,1998,6964.75244140625
mne,1999,6454.166015625
mne,2000,6942.8349609375
mne,2001,7684.05078125
mne,2002,7860.94775390625
mne,2003,7565.84033203125
mne,2004,7859.6474609375
mne,2005,8267.4833984375
mne,2006,10136.0869140625
mne,2007,11313.177734375
mne,2008,12360.6064453125
mne,2009,10951.048828125
mne,2010,11114.6884765625
mne,2011,11148.162109375
mne,2012,10865.0771484375
mne,2013,11031.775390625
mne,2014,11315.228515625
mne,2015,11560.08203125
mne,2016,12074.0
mne,2017,12417.734375
mne,2018,13029.7626953125
mne,2019,13374.2763671875
mne,2020,12900.890625
mne,2021,13322.1162109375
mne,2022,14386.9443359375
mne,2023,15219.21484375
mng,1970,2227.32275390625
mng,1971,2335.345703125
mng,1972,2418.064453125
mng,1973,2624.48999023438
mng,1974,2759.07177734375
mng,1975,2917.59643554688
mng,1976,2995.84326171875
mng,1977,3373.86279296875
mng,1978,3433.60229492188
mng,1979,3486.39208984375
mng,1980,4490.28759765625
mng,1981,2981.90356445313
mng,1982,3860.537109375
mng,1983,4824.1650390625
mng,1984,5672.1826171875
mng,1985,5859.26611328125
mng,1986,6564.841796875
mng,1987,7132.60107421875
mng,1988,7223.8720703125
mng,1989,7353.69580078125
mng,1990,11153.017578125
mng,1991,7837.54931640625
mng,1992,6829.119140625
mng,1993,5706.93408203125
mng,1994,6068.62744140625
mng,1995,8739.8203125
mng,1996,7677.640625
mng,1997,6709.5771484375
mng,1998,7096.4462890625
mng,1999,7421.78857421875
mng,2000,7896.56005859375
mng,2001,8481.9716796875
mng,2002,9301.568359375
mng,2003,9222.1240234375
mng,2004,9842.6103515625
mng,2005,9606.6943359375
mng,2006,10682.53125
mng,2007,12550.568359375
mng,2008,14756.0556640625
mng,2009,14289.478515625
mng,2010,15936.8115234375
mng,2011,18444.193359375
mng,2012,21086.279296875
mng,2013,24356.181640625
mng,2014,26158.26171875
mng,2015,28885.89453125
mng,2016,30033.85546875
mng,2017,30908.140625
mng,2018,33886.84765625
mng,2019,36253.83203125
mng,2020,37854.03125
mng,2021,36784.390625
mng,2022,39659.03515625
mng,2023,42522.21484375
moz,1960,3106.033203125
moz,1961,3166.44311523438
moz,1962,3443.82958984375
moz,1963,3599.58935546875
moz,1964,3725.51708984375
moz,1965,3796.0107421875
moz,1966,3923.97387695313
moz,1967,4272.466796875
moz,1968,4570.1396484375
moz,1969,4865.69091796875
moz,1970,4928.82177734375
moz,1971,5297.67333984375
moz,1972,5555.4189453125
moz,1973,5813.4296875
moz,1974,6176.2578125
moz,1975,6301.27978515625
moz,1976,6666.37939453125
moz,1977,6643.46875
moz,1978,6702.91552734375
moz,1979,6966.6875
moz,1980,7171.10546875
moz,1981,7248.15625
moz,1982,7248.15625
moz,1983,6758.6015625
moz,1984,6812.92138671875
moz,1985,6119.72412109375
moz,1986,6119.72412109375
moz,1987,6207.3896484375
moz,1988,6312.607421875
moz,1989,6915.44970703125
moz,1990,6803.75244140625
moz,1991,7166.62939453125
moz,1992,6665.21337890625
moz,1993,7164.36181640625
moz,1994,7897.99365234375
moz,1995,7358.23779296875
moz,1996,7925.646484375
moz,1997,8609.1455078125
moz,1998,9220.458984375
moz,1999,9803.6357421875
moz,2000,9927.3310546875
moz,2001,10276.4609375
moz,2002,13670.6298828125
moz,2003,14498.5595703125
moz,2004,15238.91796875
moz,2005,16271.7978515625
moz,2006,17178.525390625
moz,2007,18497.037109375
moz,2008,19574.548828125
moz,2009,20864.3671875
moz,2010,21875.435546875
moz,2011,23354.4453125
moz,2012,26501.92578125
moz,2013,29051.890625
moz,2014,31692.58984375
moz,2015,32723.015625
moz,2016,36108.29296875
moz,2017,36536.1640625
moz,2018,37226.21875
moz,2019,39408.23828125
moz,2020,38467.546875
moz,2021,39850.890625
moz,2022,42574.109375
moz,2023,46274.5859375
mrt,1960,1727.23937988281
mrt,1961,959.760192871094
mrt,1962,947.246948242188
mrt,1963,1502.56579589844
mrt,1964,2258.3291015625
mrt,1965,2840.80029296875
mrt,1966,2780.11987304688
mrt,1967,2950.22778320313
mrt,1968,3220.939453125
mrt,1969,3272.42358398438
mrt,1970,3742.38305664063
mrt,1971,3708.58764648438
mrt,1972,3726.53637695313
mrt,1973,4037.9423828125
mrt,1974,4351.96484375
mrt,1975,5230.77685546875
mrt,1976,5942.28759765625
mrt,1977,6291.5556640625
mrt,1978,6806.65625
mrt,1979,7152.40380859375
mrt,1980,6958.92138671875
mrt,1981,7036.42333984375
mrt,1982,6426.56787109375
mrt,1983,6921.24755859375
mrt,1984,6094.64794921875
mrt,1985,6267.85302734375
mrt,1986,7396.06982421875
mrt,1987,7305.611328125
mrt,1988,7077.9921875
mrt,1989,7262.548828125
mrt,1990,7476.92138671875
mrt,1991,7725.974609375
mrt,1992,8036.45556640625
mrt,1993,8847.6416015625
mrt,1994,8633.4267578125
mrt,1995,7363.5341796875
mrt,1996,8969.203125
mrt,1997,8657.2861328125
mrt,1998,8804.927734375
mrt,1999,9231.021484375
mrt,2000,9377.9853515625
mrt,2001,9403.216796875
mrt,2002,9795.7978515625
mrt,2003,10187.876953125
mrt,2004,10428.8427734375
mrt,2005,10754.9287109375
mrt,2006,11226.0576171875
mrt,2007,12027.2958984375
mrt,2008,12803.341796875
mrt,2009,13125.0615234375
mrt,2010,13572.076171875
mrt,2011,13664.939453125
mrt,2012,14853.224609375
mrt,2013,15134.009765625
mrt,2014,15631.62890625
mrt,2015,16357.322265625
mrt,2016,17011.744140625
mrt,2017,17576.20703125
mrt,2018,18289.6484375
mrt,2019,19019.86328125
mrt,2020,19002.015625
mrt,2021,20469.736328125
mrt,2022,21737.865234375
mrt,2023,22958.658203125
msr,1970,143.744323730469
msr,1971,147.187469482422
msr,1972,150.251586914063
msr,1973,153.033981323242
msr,1974,160.137771606445
msr,1975,169.671310424805
msr,1976,159.835113525391
msr,1977,167.023468017578
msr,1978,161.837539672852
msr,1979,189.896530151367
msr,1980,204.898712158203
msr,1981,200.177810668945
msr,1982,208.043197631836
msr,1983,200.924026489258
msr,1984,193.403518676758
msr,1985,206.93293762207
msr,1986,192.550750732422
msr,1987,201.205261230469
msr,1988,196.072814941406
msr,1989,157.060516357422
msr,1990,110.944366455078
msr,1991,230.294937133789
msr,1992,214.902862548828
msr,1993,191.774047851563
msr,1994,220.837203979492
msr,1995,206.775573730469
msr,1996,108.57738494873
msr,1997,112.090309143066
msr,1998,90.8231430053711
msr,1999,74.443489074707
msr,2000,109.496437072754
msr,2001,110.466102600098
msr,2002,100.684219360352
msr,2003,105.674644470215
msr,2004,123.511505126953
msr,2005,138.149917602539
msr,2006,127.1494140625
msr,2007,125.234603881836
msr,2008,147.269989013672
msr,2009,130.269287109375
msr,2010,126.859237670898
msr,2011,134.490081787109
msr,2012,136.855834960938
msr,2013,159.332305908203
msr,2014,140.708679199219
msr,2015,144.066528320313
msr,2016,135.249114990234
msr,2017,141.293182373047
msr,2018,146.275970458984
msr,2019,148.973358154297
msr,2020,188.80940246582
msr,2021,200.060943603516
msr,2022,197.430892944336
msr,2023,216.978607177734
mus,1950,2057.8056640625
mus,1951,2079.5361328125
mus,1952,2208.87548828125
mus,1953,2156.65795898438
mus,1954,2115.462890625
mus,1955,2331.59594726563
mus,1956,2254.71606445313
mus,1957,2462.15844726563
mus,1958,2540.01513671875
mus,1959,2533.13134765625
mus,1960,2570.572265625
mus,1961,2557.0927734375
mus,1962,2923.76684570313
mus,1963,2905.28295898438
mus,1964,3966.17578125
mus,1965,3422.859375
mus,1966,3621.79467773438
mus,1967,3768.59326171875
mus,1968,3108.0654296875
mus,1969,2967.8896484375
mus,1970,3449.30932617188
mus,1971,3481.00244140625
mus,1972,3667.34301757813
mus,1973,3786.32397460938
mus,1974,3539.64379882813
mus,1975,3839.26513671875
mus,1976,5241.2392578125
mus,1977,5547.5634765625
mus,1978,5719.05810546875
mus,1979,5741.2578125
mus,1980,5485.17431640625
mus,1981,5380.5361328125
mus,1982,5557.00048828125
mus,1983,5671.19384765625
mus,1984,5918.6591796875
mus,1985,6168.27685546875
mus,1986,6544.01953125
mus,1987,7684.19482421875
mus,1988,8296.3818359375
mus,1989,8838.5810546875
mus,1990,9304.126953125
mus,1991,9626.251953125
mus,1992,10100.2001953125
mus,1993,10650.197265625
mus,1994,11228.4736328125
mus,1995,11743.8701171875
mus,1996,12367.216796875
mus,1997,12737.4384765625
mus,1998,13475.5673828125
mus,1999,14064.220703125
mus,2000,14745.771484375
mus,2001,15212.7431640625
mus,2002,15798.001953125
mus,2003,16476.748046875
mus,2004,17715.095703125
mus,2005,18898.412109375
mus,2006,19963.96484375
mus,2007,20603.978515625
mus,2008,21755.986328125
mus,2009,22317.265625
mus,2010,22904.314453125
mus,2011,23480.310546875
mus,2012,24125.001953125
mus,2013,24710.806640625
mus,2014,25413.931640625
mus,2015,26107.90625
mus,2016,26941.783203125
mus,2017,27706.033203125
mus,2018,28659.013671875
mus,2019,29504.029296875
mus,2020,25725.767578125
mus,2021,26240.736328125
mus,2022,27257.2109375
mus,2023,27658.1015625
mwi,1954,2306.55297851563
mwi,1955,2481.1181640625
mwi,1956,2705.28125
mwi,1957,2895.16064453125
mwi,1958,2983.49633789063
mwi,1959,2957.94409179688
mwi,1960,3234.41796875
mwi,1961,3149.60229492188
mwi,1962,3358.25830078125
mwi,1963,3419.91821289063
mwi,1964,3359.03295898438
mwi,1965,3778.85180664063
mwi,1966,4180.2587890625
mwi,1967,4280.26025390625
mwi,1968,4355.96044921875
mwi,1969,4621.51220703125
mwi,1970,4223.6962890625
mwi,1971,4895.66162109375
mwi,1972,5347.18408203125
mwi,1973,5515.708984375
mwi,1974,5613.49755859375
mwi,1975,5925.70068359375
mwi,1976,6142.09375
mwi,1977,6274.52978515625
mwi,1978,6756.8984375
mwi,1979,7129.5166015625
mwi,1980,7152.8544921875
mwi,1981,7149.50341796875
mwi,1982,7398.2666015625
mwi,1983,7776.8798828125
mwi,1984,7245.60498046875
mwi,1985,8119.275390625
mwi,1986,7717.39306640625
mwi,1987,7747.4013671875
mwi,1988,8310.6826171875
mwi,1989,9667.8896484375
mwi,1990,9590.912109375
mwi,1991,10489.4345703125
mwi,1992,10031.234375
mwi,1993,10830.59375
mwi,1994,11822.447265625
mwi,1995,11972.470703125
mwi,1996,12875.46875
mwi,1997,14380.0244140625
mwi,1998,11739.376953125
mwi,1999,12937.46875
mwi,2000,12209.291015625
mwi,2001,11100.82421875
mwi,2002,14199.6220703125
mwi,2003,14615.974609375
mwi,2004,15534.841796875
mwi,2005,16401.982421875
mwi,2006,16759.025390625
mwi,2007,18557.919921875
mwi,2008,19421.80078125
mwi,2009,19086.265625
mwi,2010,19137.23046875
mwi,2011,20572.91796875
mwi,2012,21475.36328125
mwi,2013,23964.396484375
mwi,2014,26731.01171875
mwi,2015,28992.28515625
mwi,2016,31264.07421875
mwi,2017,34546.9453125
mwi,2018,35887.59765625
mwi,2019,37767.1640625
mwi,2020,39650.7734375
mwi,2021,38533.00390625
mwi,2022,36056.265625
mwi,2023,37097.58984375
mys,1955,15234.701171875
mys,1956,16123.6796875
mys,1957,16005.708984375
mys,1958,15948.572265625
mys,1959,17879.408203125
mys,1960,19151.857421875
mys,1961,20409.869140625
mys,1962,21435.900390625
mys,1963,22417.5
mys,1964,24030.498046875
mys,1965,25476.4140625
mys,1966,26851.982421875
mys,1967,27104.501953125
mys,1968,27447.0703125
mys,1969,28989.478515625
mys,1970,30587.0
mys,1971,37073.453125
mys,1972,39946.02734375
mys,1973,43327.55078125
mys,1974,47782.0625
mys,1975,48134.1796875
mys,1976,51663.30078125
mys,1977,56610.08203125
mys,1978,61647.84375
mys,1979,66969.90625
mys,1980,77330.0
mys,1981,82810.484375
mys,1982,86666.125
mys,1983,89719.28125
mys,1984,93057.5546875
mys,1985,93183.8984375
mys,1986,86186.734375
mys,1987,87837.921875
mys,1988,99652.6015625
mys,1989,111115.765625
mys,1990,122859.640625
mys,1991,134659.640625
mys,1992,141172.734375
mys,1993,150618.203125
mys,1994,164270.703125
mys,1995,181497.8125
mys,1996,191685.34375
mys,1997,200445.1875
mys,1998,180460.0625
mys,1999,190473.890625
mys,2000,210780.5
mys,2001,222197.5625
mys,2002,234519.625
mys,2003,253804.125
mys,2004,277526.59375
mys,2005,301230.71875
mys,2006,320446.375
mys,2007,351381.75
mys,2008,380677.9375
mys,2009,386200.6875
mys,2010,409892.1875
mys,2011,444204.78125
mys,2012,478426.84375
mys,2013,511622.5
mys,2014,544529.1875
mys,2015,575677.5
mys,2016,603988.1875
mys,2017,644324.0
mys,2018,690433.125
mys,2019,736222.3125
mys,2020,716854.6875
mys,2021,735951.75
mys,2022,809347.5625
mys,2023,846573.0
nam,1960,2697.80004882813
nam,1961,2832.0888671875
nam,1962,3175.76782226563
nam,1963,3469.20751953125
nam,1964,3752.8056640625
nam,1965,3927.31005859375
nam,1966,3961.37060546875
nam,1967,4003.52514648438
nam,1968,4041.40576171875
nam,1969,4192.4208984375
nam,1970,4474.234375
nam,1971,4702.97216796875
nam,1972,4797.017578125
nam,1973,5002.80908203125
nam,1974,5320.29248046875
nam,1975,5464.880859375
nam,1976,5616.45849609375
nam,1977,5399.6796875
nam,1978,5784.66015625
nam,1979,6227.51806640625
nam,1980,5391.2802734375
nam,1981,7226.98095703125
nam,1982,7387.09375
nam,1983,7143.3046875
nam,1984,7371.109375
nam,1985,6752.9853515625
nam,1986,7173.955078125
nam,1987,8130.666015625
nam,1988,7827.27734375
nam,1989,7945.18115234375
nam,1990,7046.4638671875
nam,1991,8013.89404296875
nam,1992,7973.0048828125
nam,1993,7978.52392578125
nam,1994,8050.54931640625
nam,1995,8287.5712890625
nam,1996,8966.81640625
nam,1997,9545.5654296875
nam,1998,9879.091796875
nam,1999,10100.396484375
nam,2000,10553.7265625
nam,2001,11326.51171875
nam,2002,11127.857421875
nam,2003,11902.4091796875
nam,2004,12219.65625
nam,2005,12105.3046875
nam,2006,13227.7451171875
nam,2007,14266.98828125
nam,2008,15990.0517578125
nam,2009,17788.87890625
nam,2010,17114.01171875
nam,2011,18527.9921875
nam,2012,19989.203125
nam,2013,21612.087890625
nam,2014,22555.365234375
nam,2015,25544.890625
nam,2016,28500.09375
nam,2017,26921.6328125
nam,2018,26866.3984375
nam,2019,26950.671875
nam,2020,25019.130859375
nam,2021,27762.201171875
nam,2022,29784.4609375
nam,2023,30932.255859375
ner,1960,6944.0517578125
ner,1961,7354.544921875
ner,1962,7914.31494140625
ner,1963,7950.47021484375
ner,1964,8644.5830078125
ner,1965,9471.291015625
ner,1966,9057.97265625
ner,1967,9435.876953125
ner,1968,9518.93359375
ner,1969,9155.5341796875
ner,1970,8677.203125
ner,1971,9174.404296875
ner,1972,8474.2158203125
ner,1973,5855.2216796875
ner,1974,8621.9150390625
ner,1975,6500.31787109375
ner,1976,6471.84326171875
ner,1977,7126.49365234375
ner,1978,7318.82861328125
ner,1979,9230.630859375
ner,1980,9860.6298828125
ner,1981,9899.7509765625
ner,1982,11028.6826171875
ner,1983,11427.1201171875
ner,1984,9776.833984375
ner,1985,10218.8603515625
ner,1986,9855.4384765625
ner,1987,10212.3251953125
ner,1988,9959.48046875
ner,1989,10067.1591796875
ner,1990,10321.08203125
ner,1991,10306.908203125
ner,1992,10554.5830078125
ner,1993,10748.5732421875
ner,1994,10368.0302734375
ner,1995,11261.1025390625
ner,1996,11294.6748046875
ner,1997,11396.7138671875
ner,1998,12670.4892578125
ner,1999,13173.4287109375
ner,2000,12821.458984375
ner,2001,13679.724609375
ner,2002,14388.80078125
ner,2003,15121.9677734375
ner,2004,15251.7783203125
ner,2005,15316.9248046875
ner,2006,15891.8515625
ner,2007,16028.1220703125
ner,2008,16873.037109375
ner,2009,17911.029296875
ner,2010,18623.251953125
ner,2011,19557.029296875
ner,2012,20957.521484375
ner,2013,21988.9921875
ner,2014,23165.279296875
ner,2015,24647.14453125
ner,2016,26511.171875
ner,2017,28496.326171875
ner,2018,30182.19140625
ner,2019,31653.052734375
ner,2020,34002.94140625
ner,2021,34599.30078125
ner,2022,36470.9375
ner,2023,38003.828125
nga,1950,50476.87890625
nga,1951,54091.8515625
nga,1952,58598.3828125
nga,1953,59586.90234375
nga,1954,64468.6875
nga,1955,68521.9609375
nga,1956,67873.5234375
nga,1957,70005.40625
nga,1958,75793.3203125
nga,1959,80221.7265625
nga,1960,100041.4375
nga,1961,94397.9453125
nga,1962,96318.09375
nga,1963,103514.703125
nga,1964,108626.2890625
nga,1965,100816.7421875
nga,1966,93864.4140625
nga,1967,82025.046875
nga,1968,84976.2265625
nga,1969,100650.21875
nga,1970,113210.59375
nga,1971,129339.046875
nga,1972,139139.8125
nga,1973,146577.265625
nga,1974,163035.765625
nga,1975,166594.0625
nga,1976,171391.453125
nga,1977,191601.3125
nga,1978,202282.546875
nga,1979,172324.078125
nga,1980,152801.265625
nga,1981,174337.4375
nga,1982,157419.328125
nga,1983,125627.421875
nga,1984,132783.828125
nga,1985,161655.109375
nga,1986,147266.328125
nga,1987,139473.96875
nga,1988,148971.21875
nga,1989,138133.328125
nga,1990,169778.203125
nga,1991,179537.296875
nga,1992,208917.53125
nga,1993,192662.625
nga,1994,174474.578125
nga,1995,182883.390625
nga,1996,218803.9375
nga,1997,211881.015625
nga,1998,211256.421875
nga,1999,193707.09375
nga,2000,197123.78125
nga,2001,306719.125
nga,2002,352622.3125
nga,2003,388081.65625
nga,2004,417803.0
nga,2005,470387.25
nga,2006,421068.5
nga,2007,588398.0625
nga,2008,508609.09375
nga,2009,600315.4375
nga,2010,621041.875
nga,2011,607269.9375
nga,2012,605878.25
nga,2013,711086.5
nga,2014,710687.375
nga,2015,708363.3125
nga,2016,668348.8125
nga,2017,660764.5625
nga,2018,703365.1875
nga,2019,700200.0
nga,2020,746046.0
nga,2021,857478.0625
nga,2022,823380.9375
nga,2023,758208.75
nic,1950,4541.98486328125
nic,1951,4756.91943359375
nic,1952,5590.97607421875
nic,1953,5906.98779296875
nic,1954,6765.22900390625
nic,1955,7005.2900390625
nic,1956,7102.4443359375
nic,1957,7669.38134765625
nic,1958,7656.18212890625
nic,1959,6916.36083984375
nic,1960,7706.15087890625
nic,1961,8129.591796875
nic,1962,9105.73046875
nic,1963,9743.1552734375
nic,1964,10573.37109375
nic,1965,12111.724609375
nic,1966,12429.8349609375
nic,1967,13793.2265625
nic,1968,13695.0849609375
nic,1969,13952.955078125
nic,1970,14177.5771484375
nic,1971,14714.1376953125
nic,1972,15056.9580078125
nic,1973,16538.423828125
nic,1974,18000.712890625
nic,1975,18342.1953125
nic,1976,19188.0546875
nic,1977,20417.10546875
nic,1978,19730.158203125
nic,1979,15171.857421875
nic,1980,18260.216796875
nic,1981,16455.263671875
nic,1982,15241.3671875
nic,1983,15872.6484375
nic,1984,16147.3369140625
nic,1985,15677.7392578125
nic,1986,15049.4375
nic,1987,15021.5595703125
nic,1988,16690.0625
nic,1989,15114.6875
nic,1990,14394.6015625
nic,1991,16555.2734375
nic,1992,17182.796875
nic,1993,16668.568359375
nic,1994,16942.677734375
nic,1995,17651.689453125
nic,1996,18335.21484375
nic,1997,19304.7421875
nic,1998,20309.1328125
nic,1999,21191.83984375
nic,2000,22273.2890625
nic,2001,23216.384765625
nic,2002,24089.650390625
nic,2003,24607.525390625
nic,2004,25144.322265625
nic,2005,26054.48046875
nic,2006,26759.091796875
nic,2007,27805.453125
nic,2008,28881.46875
nic,2009,29375.3359375
nic,2010,30227.6171875
nic,2011,31063.34765625
nic,2012,32329.203125
nic,2013,33642.4453125
nic,2014,35157.4921875
nic,2015,37021.28125
nic,2016,39291.89453125
nic,2017,40274.0625
nic,2018,38601.890625
nic,2019,38131.19921875
nic,2020,38194.41796875
nic,2021,41613.93359375
nic,2022,43245.9453125
nic,2023,45775.27734375
nld,1950,105062.140625
nld,1951,103418.3515625
nld,1952,105686.5703125
nld,1953,112697.421875
nld,1954,120756.0078125
nld,1955,128954.4453125
nld,1956,138478.109375
nld,1957,138686.296875
nld,1958,138281.609375
nld,1959,143145.671875
nld,1960,152244.296875
nld,1961,160320.25
nld,1962,170171.34375
nld,1963,183065.1875
nld,1964,192880.671875
nld,1965,205916.203125
nld,1966,212063.75
nld,1967,222733.421875
nld,1968,236189.65625
nld,1969,253897.875
nld,1970,271141.15625
nld,1971,281600.59375
nld,1972,289284.1875
nld,1973,301267.5
nld,1974,310801.375
nld,1975,321365.28125
nld,1976,338348.09375
nld,1977,352240.09375
nld,1978,367156.28125
nld,1979,375531.65625
nld,1980,385308.1875
nld,1981,378774.375
nld,1982,377885.15625
nld,1983,384354.25
nld,1984,386831.0
nld,1985,396094.46875
nld,1986,403209.53125
nld,1987,410464.84375
nld,1988,416377.71875
nld,1989,427358.53125
nld,1990,442253.125
nld,1991,454071.40625
nld,1992,459857.34375
nld,1993,465523.96875
nld,1994,474751.8125
nld,1995,487190.6875
nld,1996,501382.9375
nld,1997,520117.96875
nld,1998,546592.1875
nld,1999,573487.4375
nld,2000,594367.625
nld,2001,610604.5
nld,2002,623816.9375
nld,2003,628856.625
nld,2004,631858.125
nld,2005,638222.125
nld,2006,654039.6875
nld,2007,669122.8125
nld,2008,679520.6875
nld,2009,682150.25
nld,2010,685182.375
nld,2011,686251.625
nld,2012,680030.5
nld,2013,677038.1875
nld,2014,681759.1875
nld,2015,690993.3125
nld,2016,700233.25
nld,2017,713633.75
nld,2018,728964.0
nld,2019,741005.3125
nld,2020,716020.9375
nld,2021,748477.4375
nld,2022,784668.75
nld,2023,796932.625
nor,1950,30290.771484375
nor,1951,30817.53125
nor,1952,32107.73828125
nor,1953,33683.65234375
nor,1954,34796.125
nor,1955,35465.703125
nor,1956,36499.67578125
nor,1957,37762.6640625
nor,1958,37987.0546875
nor,1959,39563.7578125
nor,1960,41833.41796875
nor,1961,44318.42578125
nor,1962,45823.08203125
nor,1963,47645.71875
nor,1964,49667.03515625
nor,1965,51554.8984375
nor,1966,53352.34765625
nor,1967,56021.16015625
nor,1968,58143.73046875
nor,1969,62229.4765625
nor,1970,63091.05859375
nor,1971,66778.6171875
nor,1972,68921.8359375
nor,1973,71613.1953125
nor,1974,73825.375
nor,1975,78136.1484375
nor,1976,82806.9453125
nor,1977,87497.4921875
nor,1978,87676.359375
nor,1979,91598.0390625
nor,1980,94098.8671875
nor,1981,95243.5390625
nor,1982,96729.359375
nor,1983,98929.0703125
nor,1984,101577.828125
nor,1985,108926.09375
nor,1986,113581.9765625
nor,1987,114422.7734375
nor,1988,112418.328125
nor,1989,112961.9296875
nor,1990,115002.5546875
nor,1991,118588.1328125
nor,1992,122698.890625
nor,1993,125949.1171875
nor,1994,129434.5
nor,1995,132693.1875
nor,1996,139550.015625
nor,1997,143749.671875
nor,1998,148090.625
nor,1999,153352.875
nor,2000,158727.046875
nor,2001,162911.109375
nor,2002,168270.578125
nor,2003,172581.546875
nor,2004,179600.109375
nor,2005,186111.90625
nor,2006,193664.234375
nor,2007,201836.71875
nor,2008,205803.34375
nor,2009,208722.65625
nor,2010,215501.921875
nor,2011,219668.875
nor,2012,225862.703125
nor,2013,230772.234375
nor,2014,236049.34375
nor,2015,242191.140625
nor,2016,245926.296875
nor,2017,251128.984375
nor,2018,253990.796875
nor,2019,256674.515625
nor,2020,245941.625
nor,2021,257109.828125
nor,2022,268155.90625
nor,2023,270085.1875
npl,1960,11231.0
npl,1961,11622.3798828125
npl,1962,11774.8544921875
npl,1963,12362.7080078125
npl,1964,13207.890625
npl,1965,12803.1494140625
npl,1966,13347.37109375
npl,1967,12632.671875
npl,1968,12729.4189453125
npl,1969,13779.5107421875
npl,1970,14297.6640625
npl,1971,13915.08203125
npl,1972,14192.369140625
npl,1973,14073.3642578125
npl,1974,15242.6181640625
npl,1975,15128.2197265625
npl,1976,15495.6865234375
npl,1977,15643.611328125
npl,1978,16445.529296875
npl,1979,17032.90234375
npl,1980,16830.193359375
npl,1981,18246.029296875
npl,1982,19074.890625
npl,1983,18722.001953125
npl,1984,20276.94140625
npl,1985,20653.369140625
npl,1986,22214.791015625
npl,1987,22477.3515625
npl,1988,24316.841796875
npl,1989,25620.30859375
npl,1990,27858.259765625
npl,1991,29090.474609375
npl,1992,29464.375
npl,1993,30191.712890625
npl,1994,33679.09765625
npl,1995,32770.578125
npl,1996,34975.0546875
npl,1997,36165.43359375
npl,1998,37804.31640625
npl,1999,40398.22265625
npl,2000,41477.88671875
npl,2001,45398.828125
npl,2002,48199.16015625
npl,2003,51101.60546875
npl,2004,53050.41015625
npl,2005,56574.296875
npl,2006,60671.171875
npl,2007,64134.671875
npl,2008,66466.4453125
npl,2009,72013.359375
npl,2010,77747.2578125
npl,2011,80519.0234375
npl,2012,82805.078125
npl,2013,84550.3515625
npl,2014,87710.1484375
npl,2015,90666.6875
npl,2016,93037.2109375
npl,2017,95352.3828125
npl,2018,100850.7265625
npl,2019,109214.109375
npl,2020,113164.46875
npl,2021,121134.078125
npl,2022,129707.8359375
npl,2023,128063.6015625
nzl,1950,23548.9296875
nzl,1951,24556.37109375
nzl,1952,22905.67578125
nzl,1953,24289.013671875
nzl,1954,26824.90234375
nzl,1955,28401.083984375
nzl,1956,28661.322265625
nzl,1957,30302.177734375
nzl,1958,29247.111328125
nzl,1959,30467.46484375
nzl,1960,37416.9765625
nzl,1961,38553.87890625
nzl,1962,39928.41796875
nzl,1963,42350.95703125
nzl,1964,44075.609375
nzl,1965,46663.8828125
nzl,1966,49268.53515625
nzl,1967,47416.4140625
nzl,1968,48182.07421875
nzl,1969,51223.30859375
nzl,1970,52206.6796875
nzl,1971,52634.7265625
nzl,1972,56250.30078125
nzl,1973,60513.859375
nzl,1974,63451.90625
nzl,1975,63726.21484375
nzl,1976,61982.28515625
nzl,1977,60949.20703125
nzl,1978,62445.25390625
nzl,1979,62022.8671875
nzl,1980,62048.62890625
nzl,1981,63284.265625
nzl,1982,62714.3828125
nzl,1983,64592.73828125
nzl,1984,66768.796875
nzl,1985,67735.40625
nzl,1986,69989.9296875
nzl,1987,71698.8984375
nzl,1988,73302.203125
nzl,1989,74767.1640625
nzl,1990,75195.859375
nzl,1991,73664.59375
nzl,1992,74038.875
nzl,1993,76484.0859375
nzl,1994,80184.484375
nzl,1995,83417.1171875
nzl,1996,86937.234375
nzl,1997,89378.9765625
nzl,1998,91771.7109375
nzl,1999,94262.765625
nzl,2000,95553.0859375
nzl,2001,98416.125
nzl,2002,102570.7265625
nzl,2003,108577.9140625
nzl,2004,114256.578125
nzl,2005,120186.609375
nzl,2006,123980.8984375
nzl,2007,128984.375
nzl,2008,129490.984375
nzl,2009,130815.2265625
nzl,2010,133602.5
nzl,2011,137314.25
nzl,2012,139585.875
nzl,2013,144253.84375
nzl,2014,148927.375
nzl,2015,154412.9375
nzl,2016,162595.953125
nzl,2017,170028.71875
nzl,2018,177280.109375
nzl,2019,183006.75
nzl,2020,186251.4375
nzl,2021,198332.65625
nzl,2022,203398.828125
nzl,2023,204078.84375
omn,1970,4432.1669921875
omn,1971,4473.84716796875
omn,1972,4891.9150390625
omn,1973,4212.2236328125
omn,1974,5416.9267578125
omn,1975,6901.384765625
omn,1976,7994.46533203125
omn,1977,9511.623046875
omn,1978,11148.5009765625
omn,1979,11616.50390625
omn,1980,12021.052734375
omn,1981,14239.1865234375
omn,1982,17133.85546875
omn,1983,17959.4140625
omn,1984,20806.7109375
omn,1985,22235.88671875
omn,1986,19949.546875
omn,1987,18202.490234375
omn,1988,18960.4765625
omn,1989,19257.314453125
omn,1990,21883.9296875
omn,1991,24036.404296875
omn,1992,25734.15625
omn,1993,27251.71484375
omn,1994,29005.859375
omn,1995,31701.59765625
omn,1996,33588.24609375
omn,1997,34208.0234375
omn,1998,33548.84765625
omn,1999,33191.33203125
omn,2000,34066.2265625
omn,2001,35992.53125
omn,2002,36899.09765625
omn,2003,39971.15625
omn,2004,43391.43359375
omn,2005,46103.62890625
omn,2006,48559.5546875
omn,2007,55420.5390625
omn,2008,58079.80078125
omn,2009,64391.984375
omn,2010,68159.6640625
omn,2011,74303.96875
omn,2012,84446.5390625
omn,2013,89485.4453125
omn,2014,94000.296875
omn,2015,94419.7109375
omn,2016,93281.890625
omn,2017,98760.390625
omn,2018,100324.2734375
omn,2019,98866.171875
omn,2020,98851.9765625
omn,2021,101835.6953125
omn,2022,109159.90625
omn,2023,106123.484375
pak,1950,47139.3828125
pak,1951,49664.85546875
pak,1952,46729.94921875
pak,1953,47253.09765625
pak,1954,49005.55859375
pak,1955,47185.30859375
pak,1956,51575.765625
pak,1957,51004.90625
pak,1958,50140.9765625
pak,1959,55776.265625
pak,1960,52038.3046875
pak,1961,55810.66015625
pak,1962,57388.4765625
pak,1963,59088.75
pak,1964,62433.35546875
pak,1965,68849.4296875
pak,1966,72847.1640625
pak,1967,78440.8984375
pak,1968,83701.1875
pak,1969,91415.6171875
pak,1970,97463.2890625
pak,1971,99935.0390625
pak,1972,101607.7109375
pak,1973,106429.3828125
pak,1974,116087.2421875
pak,1975,122960.375
pak,1976,125357.59375
pak,1977,130539.6796875
pak,1978,143500.671875
pak,1979,156026.3125
pak,1980,168435.78125
pak,1981,175876.40625
pak,1982,184408.21875
pak,1983,193962.21875
pak,1984,207030.359375
pak,1985,224607.53125
pak,1986,224622.703125
pak,1987,234887.859375
pak,1988,257058.859375
pak,1989,265617.5625
pak,1990,274665.1875
pak,1991,271161.28125
pak,1992,299013.625
pak,1993,310500.15625
pak,1994,316228.03125
pak,1995,338016.90625
pak,1996,376953.90625
pak,1997,402680.9375
pak,1998,433966.28125
pak,1999,477266.03125
pak,2000,504928.1875
pak,2001,517846.59375
pak,2002,526248.25
pak,2003,544845.125
pak,2004,593002.0625
pak,2005,658010.75
pak,2006,688751.25
pak,2007,714118.0625
pak,2008,730296.0625
pak,2009,744825.375
pak,2010,756469.8125
pak,2011,781454.625
pak,2012,810396.5625
pak,2013,837486.6875
pak,2014,880105.75
pak,2015,905707.625
pak,2016,982489.6875
pak,2017,1047746.4375
pak,2018,1121138.25
pak,2019,1174034.125
pak,2020,1155984.125
pak,2021,1254102.625
pak,2022,1331243.125
pak,2023,1352218.75
pan,1950,3182.66357421875
pan,1951,3211.994140625
pan,1952,3592.44653320313
pan,1953,3516.35473632813
pan,1954,3967.49877929688
pan,1955,4164.4150390625
pan,1956,4362.4580078125
pan,1957,5019.37255859375
pan,1958,5019.61865234375
pan,1959,5133.91015625
pan,1960,5583.78466796875
pan,1961,5985.73828125
pan,1962,6339.71044921875
pan,1963,7025.841796875
pan,1964,7482.60791015625
pan,1965,8118.45751953125
pan,1966,8300.4296875
pan,1967,8988.904296875
pan,1968,9265.380859375
pan,1969,10289.5478515625
pan,1970,11456.8642578125
pan,1971,12335.09375
pan,1972,12714.4814453125
pan,1973,13036.0908203125
pan,1974,14214.6796875
pan,1975,13889.66015625
pan,1976,14000.41015625
pan,1977,14842.0888671875
pan,1978,16288.9951171875
pan,1979,17041.185546875
pan,1980,17738.966796875
pan,1981,18408.845703125
pan,1982,17712.654296875
pan,1983,21130.234375
pan,1984,22336.078125
pan,1985,22788.826171875
pan,1986,23008.46484375
pan,1987,23467.521484375
pan,1988,19742.17578125
pan,1989,22972.853515625
pan,1990,20584.75
pan,1991,24184.4453125
pan,1992,25292.0
pan,1993,26296.396484375
pan,1994,25710.0390625
pan,1995,24823.986328125
pan,1996,26813.583984375
pan,1997,28629.02734375
pan,1998,33207.17578125
pan,1999,33415.27734375
pan,2000,33483.45703125
pan,2001,34828.90625
pan,2002,37382.62890625
pan,2003,40051.83984375
pan,2004,41609.82421875
pan,2005,44923.19921875
pan,2006,46785.33984375
pan,2007,47451.4375
pan,2008,50093.39453125
pan,2009,51660.2890625
pan,2010,55157.2109375
pan,2011,58202.2578125
pan,2012,60078.90625
pan,2013,64189.84765625
pan,2014,68306.03125
pan,2015,70686.6875
pan,2016,75996.296875
pan,2017,78472.4296875
pan,2018,81781.3359375
pan,2019,86690.8515625
pan,2020,81294.2109375
pan,2021,85731.3671875
pan,2022,85551.1484375
pan,2023,87515.0859375
per,1950,26384.603515625
per,1951,28631.84765625
per,1952,29474.15234375
per,1953,30633.44921875
per,1954,33376.68359375
per,1955,35453.3046875
per,1956,36263.35546875
per,1957,38782.48828125
per,1958,38888.29296875
per,1959,39931.90625
per,1960,42657.6796875
per,1961,46253.76171875
per,1962,50552.45703125
per,1963,55152.32421875
per,1964,59247.46484375
per,1965,63641.94921875
per,1966,68021.890625
per,1967,72790.2578125
per,1968,74286.4453125
per,1969,77190.421875
per,1970,81715.7109375
per,1971,85811.9453125
per,1972,88494.1875
per,1973,94849.9453125
per,1974,103017.015625
per,1975,107993.859375
per,1976,109769.875
per,1977,110890.0390625
per,1978,100892.828125
per,1979,98861.234375
per,1980,108761.96875
per,1981,114758.5703125
per,1982,114720.6953125
per,1983,107657.2421875
per,1984,108474.8046875
per,1985,110947.28125
per,1986,126012.4765625
per,1987,138814.0625
per,1988,125215.90625
per,1989,104156.28125
per,1990,101934.6640625
per,1991,105513.9375
per,1992,105076.796875
per,1993,109601.9609375
per,1994,119880.03125
per,1995,131146.65625
per,1996,134578.375
per,1997,140118.71875
per,1998,138149.8125
per,1999,137085.203125
per,2000,140655.453125
per,2001,141710.84375
per,2002,147645.265625
per,2003,151636.703125
per,2004,156937.8125
per,2005,163900.875
per,2006,174424.78125
per,2007,188347.34375
per,2008,203979.125
per,2009,212855.3125
per,2010,230543.0625
per,2011,247206.921875
per,2012,265892.21875
per,2013,281857.0625
per,2014,294768.875
per,2015,308520.625
per,2016,320800.6875
per,2017,329614.96875
per,2018,341613.375
per,2019,352894.21875
per,2020,329125.5
per,2021,365572.34375
per,2022,376142.3125
per,2023,378645.8125
phl,1950,38036.1328125
phl,1951,40780.6875
phl,1952,44442.59375
phl,1953,49247.73046875
phl,1954,53481.5546875
phl,1955,57288.6953125
phl,1956,59424.28125
phl,1957,61994.4921875
phl,1958,64217.09765625
phl,1959,66735.875
phl,1960,69699.390625
phl,1961,73291.875
phl,1962,77428.2421875
phl,1963,82007.921875
phl,1964,85511.9609375
phl,1965,89431.375
phl,1966,93295.9609375
phl,1967,98766.984375
phl,1968,103868.7265625
phl,1969,108115.1484375
phl,1970,111689.1953125
phl,1971,116284.4453125
phl,1972,121522.984375
phl,1973,129467.953125
phl,1974,137426.796875
phl,1975,144575.03125
phl,1976,151172.5625
phl,1977,158170.609375
phl,1978,165924.765625
phl,1979,173715.234375
phl,1980,181376.65625
phl,1981,184900.375
phl,1982,192197.15625
phl,1983,192113.34375
phl,1984,190093.921875
phl,1985,187914.109375
phl,1986,193613.984375
phl,1987,201599.546875
phl,1988,214778.03125
phl,1989,226023.34375
phl,1990,238560.53125
phl,1991,242654.0625
phl,1992,249375.828125
phl,1993,257845.234375
phl,1994,268181.40625
phl,1995,279010.03125
phl,1996,289481.8125
phl,1997,301874.59375
phl,1998,315263.875
phl,1999,324320.4375
phl,2000,338366.1875
phl,2001,349317.75
phl,2002,363135.15625
phl,2003,382154.71875
phl,2004,403031.09375
phl,2005,420296.28125
phl,2006,441400.09375
phl,2007,463750.375
phl,2008,479880.96875
phl,2009,496475.875
phl,2010,514645.28125
phl,2011,540929.25
phl,2012,583338.125
phl,2013,616613.5
phl,2014,650536.875
phl,2015,693695.0
phl,2016,745307.5
phl,2017,790259.625
phl,2018,843945.25
phl,2019,897339.375
phl,2020,849986.5625
phl,2021,890051.5
phl,2022,959034.375
phl,2023,1004502.9375
pol,1970,227183.640625
pol,1971,244259.03125
pol,1972,255767.265625
pol,1973,266385.5625
pol,1974,285053.625
pol,1975,301022.3125
pol,1976,327751.125
pol,1977,349998.34375
pol,1978,367661.53125
pol,1979,380150.40625
pol,1980,351876.6875
pol,1981,339126.5625
pol,1982,303546.3125
pol,1983,318799.96875
pol,1984,333634.0
pol,1985,344553.6875
pol,1986,358158.4375
pol,1987,366294.59375
pol,1988,375533.40625
pol,1989,370137.1875
pol,1990,365161.28125
pol,1991,392585.3125
pol,1992,405812.4375
pol,1993,424307.375
pol,1994,438021.375
pol,1995,455531.5625
pol,1996,488571.03125
pol,1997,519276.15625
pol,1998,541565.4375
pol,1999,568972.1875
pol,2000,592118.4375
pol,2001,606256.8125
pol,2002,626459.625
pol,2003,638399.6875
pol,2004,663615.8125
pol,2005,677166.0
pol,2006,711192.1875
pol,2007,744975.875
pol,2008,792639.375
pol,2009,816924.875
pol,2010,846926.5
pol,2011,861478.0
pol,2012,866341.625
pol,2013,869130.375
pol,2014,898278.4375
pol,2015,930270.5
pol,2016,961443.75
pol,2017,1012344.125
pol,2018,1058369.375
pol,2019,1100592.0
pol,2020,1085896.5
pol,2021,1149892.875
pol,2022,1196174.625
pol,2023,1204788.0
prt,1950,30946.70703125
prt,1951,33973.67578125
prt,1952,35666.83203125
prt,1953,37326.08203125
prt,1954,39329.3125
prt,1955,41588.21484375
prt,1956,43332.171875
prt,1957,44358.56640625
prt,1958,44508.43359375
prt,1959,47433.71875
prt,1960,49019.31640625
prt,1961,52897.07421875
prt,1962,55462.31640625
prt,1963,58277.59375
prt,1964,58175.72265625
prt,1965,60603.0234375
prt,1966,61646.69921875
prt,1967,65949.9609375
prt,1968,81180.3515625
prt,1969,84780.8984375
prt,1970,85764.296875
prt,1971,95809.1328125
prt,1972,100317.140625
prt,1973,111730.4765625
prt,1974,123812.7578125
prt,1975,124021.8125
prt,1976,128967.078125
prt,1977,131694.328125
prt,1978,130243.3671875
prt,1979,131579.28125
prt,1980,137615.796875
prt,1981,142030.6875
prt,1982,145622.515625
prt,1983,144915.9375
prt,1984,141307.015625
prt,1985,143505.4375
prt,1986,151951.6875
prt,1987,159619.765625
prt,1988,171039.203125
prt,1989,177149.875
prt,1990,187802.78125
prt,1991,197654.46875
prt,1992,204590.8125
prt,1993,206218.171875
prt,1994,209712.046875
prt,1995,211127.984375
prt,1996,218266.484375
prt,1997,225163.953125
prt,1998,236834.765625
prt,1999,248366.65625
prt,2000,257816.375
prt,2001,261722.625
prt,2002,265932.59375
prt,2003,266433.375
prt,2004,273335.0
prt,2005,278478.90625
prt,2006,281400.46875
prt,2007,287090.625
prt,2008,290568.03125
prt,2009,287178.53125
prt,2010,291244.21875
prt,2011,280424.65625
prt,2012,266542.53125
prt,2013,262869.0625
prt,2014,267374.09375
prt,2015,271507.40625
prt,2016,277109.6875
prt,2017,281056.25
prt,2018,287039.0
prt,2019,296142.8125
prt,2020,280641.5
prt,2021,293666.28125
prt,2022,307464.53125
prt,2023,312582.34375
pry,1951,4372.67529296875
pry,1952,4426.474609375
pry,1953,4364.87451171875
pry,1954,4559.08349609375
pry,1955,5097.71630859375
pry,1956,4931.00146484375
pry,1957,5273.4990234375
pry,1958,5629.86279296875
pry,1959,5454.0146484375
pry,1960,5344.2265625
pry,1961,5727.810546875
pry,1962,6258.01904296875
pry,1963,6516.74462890625
pry,1964,7005.34375
pry,1965,7013.80810546875
pry,1966,7317.0068359375
pry,1967,7846.337890625
pry,1968,8382.3583984375
pry,1969,8772.689453125
pry,1970,9031.3955078125
pry,1971,9644.8017578125
pry,1972,9941.8271484375
pry,1973,10298.9306640625
pry,1974,11261.515625
pry,1975,12097.103515625
pry,1976,12898.25
pry,1977,14752.744140625
pry,1978,15740.69140625
pry,1979,15424.607421875
pry,1980,18005.220703125
pry,1981,20163.15234375
pry,1982,21142.22265625
pry,1983,20931.498046875
pry,1984,21553.337890625
pry,1985,21877.18359375
pry,1986,21977.552734375
pry,1987,23378.46875
pry,1988,23871.720703125
pry,1989,23507.673828125
pry,1990,26384.548828125
pry,1991,27418.189453125
pry,1992,29400.439453125
pry,1993,30968.66796875
pry,1994,35079.62109375
pry,1995,36119.55859375
pry,1996,37436.859375
pry,1997,39030.42578125
pry,1998,38617.60546875
pry,1999,38187.7734375
pry,2000,36400.09765625
pry,2001,36605.18359375
pry,2002,35094.96875
pry,2003,37363.67578125
pry,2004,39333.15234375
pry,2005,40460.75390625
pry,2006,41904.51953125
pry,2007,44114.57421875
pry,2008,46669.59375
pry,2009,47541.2265625
pry,2010,51864.7421875
pry,2011,54558.96484375
pry,2012,56368.15625
pry,2013,58568.47265625
pry,2014,62548.7734375
pry,2015,64094.375
pry,2016,66208.5390625
pry,2017,69160.734375
pry,2018,72029.0390625
pry,2019,73652.9296875
pry,2020,72010.03125
pry,2021,75978.921875
pry,2022,77173.09375
pry,2023,79389.53125
pse,1970,3107.3115234375
pse,1971,3369.38647460938
pse,1972,3950.35302734375
pse,1973,4089.9736328125
pse,1974,4391.728515625
pse,1975,4675.373046875
pse,1976,4949.8837890625
pse,1977,5161.5146484375
pse,1978,5252.203125
pse,1979,5488.4326171875
pse,1980,5480.7802734375
pse,1981,5654.26806640625
pse,1982,5800.16015625
pse,1983,5883.71533203125
pse,1984,6099.853515625
pse,1985,6097.9619140625
pse,1986,6999.30517578125
pse,1987,7518.70556640625
pse,1988,6945.19921875
pse,1989,7150.03857421875
pse,1990,8624.6572265625
pse,1991,8298.0693359375
pse,1992,10310.169921875
pse,1993,11166.6416015625
pse,1994,12795.19140625
pse,1995,13872.5810546875
pse,1996,14058.66015625
pse,1997,15861.162109375
pse,1998,17529.328125
pse,1999,18761.283203125
pse,2000,17799.9296875
pse,2001,17169.693359375
pse,2002,15359.140625
pse,2003,17146.462890625
pse,2004,20939.90234375
pse,2005,23444.46484375
pse,2006,22959.845703125
pse,2007,23971.794921875
pse,2008,24947.16015625
pse,2009,26633.244140625
pse,2010,27404.037109375
pse,2011,29837.59375
pse,2012,32232.6015625
pse,2013,31686.69921875
pse,2014,32442.5859375
pse,2015,33789.62109375
pse,2016,36582.57421875
pse,2017,35207.06640625
pse,2018,36011.16796875
pse,2019,36943.8046875
pse,2020,33042.12890625
pse,2021,35723.89453125
pse,2022,40004.265625
pse,2023,38248.5
qat,1970,10420.87890625
qat,1971,11527.8369140625
qat,1972,12909.9052734375
qat,1973,13833.4345703125
qat,1974,15278.9716796875
qat,1975,16433.197265625
qat,1976,15102.7529296875
qat,1977,18238.267578125
qat,1978,18806.830078125
qat,1979,17309.474609375
qat,1980,15189.7392578125
qat,1981,20227.7734375
qat,1982,18311.962890625
qat,1983,18601.498046875
qat,1984,18827.109375
qat,1985,17463.001953125
qat,1986,17202.455078125
qat,1987,18190.240234375
qat,1988,18221.40625
qat,1989,19078.390625
qat,1990,18305.234375
qat,1991,18569.015625
qat,1992,18689.6171875
qat,1993,18824.15234375
qat,1994,18104.6484375
qat,1995,19718.134765625
qat,1996,19237.703125
qat,1997,19927.029296875
qat,1998,19630.501953125
qat,1999,19321.373046875
qat,2000,20626.888671875
qat,2001,20126.482421875
qat,2002,21817.58203125
qat,2003,22423.060546875
qat,2004,25809.119140625
qat,2005,33390.53125
qat,2006,42775.88671875
qat,2007,47996.54296875
qat,2008,52901.3828125
qat,2009,63944.58984375
qat,2010,71671.7109375
qat,2011,70861.0703125
qat,2012,78506.953125
qat,2013,91380.1953125
qat,2014,99730.96875
qat,2015,103326.5546875
qat,2016,100016.640625
qat,2017,97644.71875
qat,2018,99363.5859375
qat,2019,105228.4765625
qat,2020,102549.96875
qat,2021,102647.9375
qat,2022,103521.6328125
qat,2023,107098.8671875
rou,1960,39777.28125
rou,1961,41154.66796875
rou,1962,44298.15234375
rou,1963,46143.84375
rou,1964,50615.140625
rou,1965,55282.30859375
rou,1966,57424.6640625
rou,1967,62343.2109375
rou,1968,66700.390625
rou,1969,71265.484375
rou,1970,76324.6796875
rou,1971,84161.9453125
rou,1972,92797.2265625
rou,1973,99130.4296875
rou,1974,109181.03125
rou,1975,121930.9609375
rou,1976,132536.390625
rou,1977,140014.546875
rou,1978,155147.390625
rou,1979,166453.953125
rou,1980,168305.8125
rou,1981,172577.609375
rou,1982,170395.1875
rou,1983,166936.765625
rou,1984,172778.59375
rou,1985,171549.34375
rou,1986,172381.703125
rou,1987,178312.71875
rou,1988,182063.390625
rou,1989,184776.375
rou,1990,200936.140625
rou,1991,175958.484375
rou,1992,165549.609375
rou,1993,167557.40625
rou,1994,173268.328125
rou,1995,192220.765625
rou,1996,204931.34375
rou,1997,198220.78125
rou,1998,206759.46875
rou,1999,205552.46875
rou,2000,207765.0
rou,2001,220189.078125
rou,2002,231602.09375
rou,2003,241285.40625
rou,2004,272745.9375
rou,2005,301198.4375
rou,2006,324288.65625
rou,2007,361564.53125
rou,2008,391076.9375
rou,2009,368558.71875
rou,2010,352596.71875
rou,2011,363939.28125
rou,2012,374553.71875
rou,2013,356400.4375
rou,2014,372333.125
rou,2015,388887.75
rou,2016,407956.96875
rou,2017,449049.5625
rou,2018,490125.75
rou,2019,509381.3125
rou,2020,497399.21875
rou,2021,523192.6875
rou,2022,542239.3125
rou,2023,562247.1875
rus,1990,1941586.0
rus,1991,1869365.0
rus,1992,1775918.25
rus,1993,1755874.0
rus,1994,1705214.625
rus,1995,1652853.625
rus,1996,1609354.875
rus,1997,1653133.625
rus,1998,1618208.125
rus,1999,1593289.125
rus,2000,1686256.875
rus,2001,1797344.5
rus,2002,1917913.75
rus,2003,2033440.75
rus,2004,2217305.5
rus,2005,2410525.75
rus,2006,2635567.25
rus,2007,2926459.0
rus,2008,3174447.75
rus,2009,3048214.0
rus,2010,3156331.75
rus,2011,3337397.75
rus,2012,3540723.75
rus,2013,3672654.0
rus,2014,3707920.25
rus,2015,3411946.75
rus,2016,3361151.0
rus,2017,3474964.75
rus,2018,3593365.0
rus,2019,3714745.0
rus,2020,3571295.5
rus,2021,3900462.5
rus,2022,3898136.75
rus,2023,4108757.75
rwa,1960,3289.31298828125
rwa,1961,3157.68090820313
rwa,1962,3597.59423828125
rwa,1963,3316.77685546875
rwa,1964,2804.02465820313
rwa,1965,3181.53540039063
rwa,1966,3464.61840820313
rwa,1967,3564.23022460938
rwa,1968,3676.58129882813
rwa,1969,4132.12158203125
rwa,1970,4308.1142578125
rwa,1971,4419.58642578125
rwa,1972,4588.11962890625
rwa,1973,4559.8583984375
rwa,1974,4763.505859375
rwa,1975,4614.8564453125
rwa,1976,5319.3154296875
rwa,1977,5583.447265625
rwa,1978,6022.11669921875
rwa,1979,6637.2333984375
rwa,1980,7093.73193359375
rwa,1981,7931.90185546875
rwa,1982,7595.0478515625
rwa,1983,8093.345703125
rwa,1984,7563.9072265625
rwa,1985,7942.06591796875
rwa,1986,8364.169921875
rwa,1987,8179.44677734375
rwa,1988,8247.9072265625
rwa,1989,9033.720703125
rwa,1990,9054.83203125
rwa,1991,8102.19775390625
rwa,1992,8546.6748046875
rwa,1993,8003.05078125
rwa,1994,5316.56494140625
rwa,1995,4954.2490234375
rwa,1996,5692.2978515625
rwa,1997,6932.52783203125
rwa,1998,7598.06982421875
rwa,1999,8148.30126953125
rwa,2000,9012.306640625
rwa,2001,9477.4150390625
rwa,2002,10770.2451171875
rwa,2003,10569.0244140625
rwa,2004,11329.4384765625
rwa,2005,12307.8857421875
rwa,2006,13551.6416015625
rwa,2007,13865.115234375
rwa,2008,14836.115234375
rwa,2009,16341.1591796875
rwa,2010,17354.39453125
rwa,2011,18794.9140625
rwa,2012,20252.15625
rwa,2013,20964.47265625
rwa,2014,22732.4921875
rwa,2015,25222.158203125
rwa,2016,26477.083984375
rwa,2017,26645.634765625
rwa,2018,29010.39453125
rwa,2019,30324.89453125
rwa,2020,30741.21484375
rwa,2021,33009.07421875
rwa,2022,36901.43359375
rwa,2023,39370.82421875
sau,1970,79566.0078125
sau,1971,76864.0703125
sau,1972,84547.2890625
sau,1973,98297.4296875
sau,1974,67309.3515625
sau,1975,109116.859375
sau,1976,133000.5
sau,1977,187604.25
sau,1978,233492.75
sau,1979,243029.1875
sau,1980,199650.84375
sau,1981,235705.515625
sau,1982,286292.6875
sau,1983,315804.21875
sau,1984,317766.28125
sau,1985,328221.59375
sau,1986,362342.9375
sau,1987,344551.75
sau,1988,354519.34375
sau,1989,357672.625
sau,1990,346462.0625
sau,1991,391550.28125
sau,1992,387347.5625
sau,1993,388303.8125
sau,1994,378616.5
sau,1995,370706.5625
sau,1996,371933.90625
sau,1997,381912.40625
sau,1998,371496.125
sau,1999,371692.8125
sau,2000,411954.125
sau,2001,417561.90625
sau,2002,421684.375
sau,2003,439746.125
sau,2004,471741.25
sau,2005,516435.59375
sau,2006,566107.875
sau,2007,611068.625
sau,2008,663616.5
sau,2009,700926.0625
sau,2010,720762.625
sau,2011,774558.4375
sau,2012,853282.0625
sau,2013,911852.0
sau,2014,997539.25
sau,2015,1036994.0
sau,2016,977564.3125
sau,2017,1018751.625
sau,2018,1071434.0
sau,2019,1101660.25
sau,2020,1058702.375
sau,2021,1124127.25
sau,2022,1197085.125
sau,2023,1262608.375
sdn,1970,17428.388671875
sdn,1971,18557.0546875
sdn,1972,17097.673828125
sdn,1973,16658.046875
sdn,1974,20052.744140625
sdn,1975,23287.927734375
sdn,1976,27290.986328125
sdn,1977,31156.302734375
sdn,1978,30235.439453125
sdn,1979,28660.80078125
sdn,1980,29967.44140625
sdn,1981,32515.05859375
sdn,1982,36080.765625
sdn,1983,32374.923828125
sdn,1984,32982.75390625
sdn,1985,32414.923828125
sdn,1986,35085.0390625
sdn,1987,36312.16015625
sdn,1988,37285.93359375
sdn,1989,36145.984375
sdn,1990,36768.61328125
sdn,1991,40511.3671875
sdn,1992,40818.26953125
sdn,1993,38462.95703125
sdn,1994,41138.03515625
sdn,1995,41238.92578125
sdn,1996,42394.4609375
sdn,1997,46529.0703125
sdn,1998,46837.1328125
sdn,1999,54879.96484375
sdn,2000,58058.6171875
sdn,2001,56221.00390625
sdn,2002,58122.35546875
sdn,2003,59970.203125
sdn,2004,63790.33984375
sdn,2005,79508.1796875
sdn,2006,97535.4140625
sdn,2007,93141.1015625
sdn,2008,85490.2421875
sdn,2009,99522.8046875
sdn,2010,102189.125
sdn,2011,100154.625
sdn,2012,102449.265625
sdn,2013,109352.9609375
sdn,2014,123381.953125
sdn,2015,126423.15625
sdn,2016,135555.328125
sdn,2017,144274.265625
sdn,2018,146868.4375
sdn,2019,148159.9375
sdn,2020,142466.921875
sdn,2021,140219.21875
sdn,2022,139438.96875
sdn,2023,121274.2578125
sen,1960,10161.7685546875
sen,1961,10582.9404296875
sen,1962,10704.3955078125
sen,1963,11086.2431640625
sen,1964,11539.4560546875
sen,1965,11169.85546875
sen,1966,11558.4921875
sen,1967,11654.892578125
sen,1968,11849.146484375
sen,1969,10576.787109375
sen,1970,11376.017578125
sen,1971,11519.1044921875
sen,1972,11423.8623046875
sen,1973,11376.23828125
sen,1974,11788.5537109375
sen,1975,12720.1513671875
sen,1976,14068.2978515625
sen,1977,14212.408203125
sen,1978,14466.0712890625
sen,1979,15413.9853515625
sen,1980,15361.4990234375
sen,1981,15756.736328125
sen,1982,16423.09765625
sen,1983,16572.837890625
sen,1984,16280.162109375
sen,1985,17637.88671875
sen,1986,17678.5
sen,1987,18590.447265625
sen,1988,19267.005859375
sen,1989,19161.09765625
sen,1990,19373.46875
sen,1991,19202.896484375
sen,1992,19813.99609375
sen,1993,19432.169921875
sen,1994,18741.869140625
sen,1995,19905.953125
sen,1996,20870.734375
sen,1997,22120.09765625
sen,1998,23783.751953125
sen,1999,25149.765625
sen,2000,25911.638671875
sen,2001,27292.693359375
sen,2002,27726.4765625
sen,2003,29032.875
sen,2004,29878.142578125
sen,2005,30988.701171875
sen,2006,32466.416015625
sen,2007,33767.359375
sen,2008,34937.47265625
sen,2009,35998.3359375
sen,2010,36807.3671875
sen,2011,37342.45703125
sen,2012,38412.89453125
sen,2013,39513.58203125
sen,2014,41398.515625
sen,2015,43318.98828125
sen,2016,45542.33203125
sen,2017,47702.01171875
sen,2018,49867.76953125
sen,2019,52081.19921875
sen,2020,53153.7734375
sen,2021,55947.2734375
sen,2022,57672.89453125
sen,2023,60204.984375
sgp,1960,7946.84130859375
sgp,1961,8791.5234375
sgp,1962,9170.4052734375
sgp,1963,9704.783203125
sgp,1964,9298.6630859375
sgp,1965,9717.7060546875
sgp,1966,10481.4345703125
sgp,1967,11420.28125
sgp,1968,12665.62109375
sgp,1969,13939.58203125
sgp,1970,15858.322265625
sgp,1971,17859.892578125
sgp,1972,19611.859375
sgp,1973,21125.912109375
sgp,1974,22374.28515625
sgp,1975,23079.556640625
sgp,1976,24279.875
sgp,1977,25680.1015625
sgp,1978,27551.693359375
sgp,1979,29077.318359375
sgp,1980,30934.5859375
sgp,1981,32465.0234375
sgp,1982,34283.3671875
sgp,1983,36491.7109375
sgp,1984,38594.90625
sgp,1985,40110.69140625
sgp,1986,41416.61328125
sgp,1987,44860.42578125
sgp,1988,48431.609375
sgp,1989,52263.203125
sgp,1990,56440.54296875
sgp,1991,60105.40625
sgp,1992,63298.2109375
sgp,1993,71137.9453125
sgp,1994,75388.8359375
sgp,1995,79095.4609375
sgp,1996,85596.421875
sgp,1997,90628.03125
sgp,1998,90456.5625
sgp,1999,98665.859375
sgp,2000,112950.453125
sgp,2001,121372.3671875
sgp,2002,125845.484375
sgp,2003,127365.6875
sgp,2004,132966.765625
sgp,2005,138392.125
sgp,2006,145273.015625
sgp,2007,154080.28125
sgp,2008,161298.515625
sgp,2009,162495.125
sgp,2010,171491.4375
sgp,2011,176796.46875
sgp,2012,182372.734375
sgp,2013,190641.15625
sgp,2014,196332.296875
sgp,2015,207966.40625
sgp,2016,214898.1875
sgp,2017,221802.125
sgp,2018,230707.8125
sgp,2019,237286.109375
sgp,2020,219863.890625
sgp,2021,235128.40625
sgp,2022,248138.21875
sgp,2023,256752.515625
sle,1961,2428.98461914063
sle,1962,2701.43798828125
sle,1963,3076.47216796875
sle,1964,3410.14233398438
sle,1965,3534.25610351563
sle,1966,3530.76049804688
sle,1967,3212.859375
sle,1968,3390.8310546875
sle,1969,3665.46630859375
sle,1970,4156.98828125
sle,1971,4267.2294921875
sle,1972,4328.1728515625
sle,1973,4399.32861328125
sle,1974,4767.6787109375
sle,1975,4995.794921875
sle,1976,4953.36572265625
sle,1977,4942.0576171875
sle,1978,5150.28173828125
sle,1979,5571.59814453125
sle,1980,5805.36572265625
sle,1981,5966.76806640625
sle,1982,6043.22119140625
sle,1983,5750.6103515625
sle,1984,5873.15185546875
sle,1985,6020.77734375
sle,1986,6022.26171875
sle,1987,6430.4931640625
sle,1988,6645.41015625
sle,1989,6730.9228515625
sle,1990,6673.76904296875
sle,1991,6231.748046875
sle,1992,5487.86572265625
sle,1993,5828.8369140625
sle,1994,5854.71142578125
sle,1995,5349.69775390625
sle,1996,3919.88598632813
sle,1997,3460.15771484375
sle,1998,3308.298828125
sle,1999,3076.13232421875
sle,2000,3814.49487304688
sle,2001,4593.51318359375
sle,2002,5735.82373046875
sle,2003,6062.3544921875
sle,2004,6255.65966796875
sle,2005,6351.0263671875
sle,2006,6451.427734375
sle,2007,6962.35888671875
sle,2008,7596.44677734375
sle,2009,8212.734375
sle,2010,7156.41552734375
sle,2011,9414.203125
sle,2012,10165.0107421875
sle,2013,12896.6416015625
sle,2014,10888.9677734375
sle,2015,12065.412109375
sle,2016,15257.15234375
sle,2017,15683.880859375
sle,2018,20047.322265625
sle,2019,21775.95703125
sle,2020,20463.3828125
sle,2021,21607.513671875
sle,2022,23074.359375
sle,2023,23470.96484375
slv,1950,8755.8955078125
slv,1951,9363.0615234375
slv,1952,10032.4306640625
slv,1953,10883.421875
slv,1954,11585.3173828125
slv,1955,12184.7314453125
slv,1956,12657.5458984375
slv,1957,13168.86328125
slv,1958,13210.7138671875
slv,1959,13624.5048828125
slv,1960,13816.6142578125
slv,1961,13681.6826171875
slv,1962,15121.8876953125
slv,1963,15976.580078125
slv,1964,17214.396484375
slv,1965,18521.18359375
slv,1966,20083.435546875
slv,1967,21097.353515625
slv,1968,21311.439453125
slv,1969,21951.115234375
slv,1970,23278.07421875
slv,1971,23937.2734375
slv,1972,25190.404296875
slv,1973,27158.701171875
slv,1974,27720.626953125
slv,1975,28794.736328125
slv,1976,31886.576171875
slv,1977,35314.9453125
slv,1978,36555.91796875
slv,1979,34271.171875
slv,1980,31651.603515625
slv,1981,29511.724609375
slv,1982,27401.06640625
slv,1983,27563.712890625
slv,1984,28649.11328125
slv,1985,29800.15625
slv,1986,29911.12890625
slv,1987,30200.326171875
slv,1988,30488.244140625
slv,1989,31081.537109375
slv,1990,31670.15234375
slv,1991,31961.869140625
slv,1992,34205.14453125
slv,1993,36053.31640625
slv,1994,38203.30078125
slv,1995,40657.5390625
slv,1996,41495.5390625
slv,1997,42174.93359375
slv,1998,42018.0234375
slv,1999,43081.5703125
slv,2000,44059.99609375
slv,2001,44919.2578125
slv,2002,45356.91015625
slv,2003,45760.9296875
slv,2004,46569.89453125
slv,2005,48329.4375
slv,2006,50534.93359375
slv,2007,53586.30859375
slv,2008,53802.51171875
slv,2009,50793.15625
slv,2010,51398.63671875
slv,2011,52892.65234375
slv,2012,54495.59375
slv,2013,56322.58203125
slv,2014,56523.95703125
slv,2015,58122.5859375
slv,2016,58986.88671875
slv,2017,59818.0625
slv,2018,60649.0546875
slv,2019,61550.70703125
slv,2020,58274.60546875
slv,2021,63777.53515625
slv,2022,65257.63671875
slv,2023,67461.84375
som,1970,1953.61401367188
som,1971,2177.5869140625
som,1972,2209.34838867188
som,1973,2448.59765625
som,1974,2755.47973632813
som,1975,2821.720703125
som,1976,2352.19946289063
som,1977,2420.14477539063
som,1978,3033.85131835938
som,1979,2773.37158203125
som,1980,2742.60961914063
som,1981,2789.66528320313
som,1982,3043.36962890625
som,1983,2959.23193359375
som,1984,2983.125
som,1985,2973.30883789063
som,1986,3105.20922851563
som,1987,3069.37475585938
som,1988,3161.8310546875
som,1989,3645.16357421875
som,1990,3739.46264648438
som,1991,3748.6220703125
som,1992,3507.08935546875
som,1993,3671.20703125
som,1994,3080.26171875
som,1995,3239.103515625
som,1996,3570.50756835938
som,1997,3678.97338867188
som,1998,3973.72534179688
som,1999,4261.04443359375
som,2000,4678.39453125
som,2001,5060.6318359375
som,2002,5679.041015625
som,2003,6248.30712890625
som,2004,6896.96337890625
som,2005,7748.32568359375
som,2006,8391.7353515625
som,2007,9264.39453125
som,2008,10323.0771484375
som,2009,11484.763671875
som,2010,12900.1884765625
som,2011,14651.390625
som,2012,16799.14453125
som,2013,15870.7880859375
som,2014,18419.77734375
som,2015,22376.669921875
som,2016,25662.76171875
som,2017,28476.60546875
som,2018,29364.47265625
som,2019,29633.017578125
som,2020,29595.7109375
som,2021,30462.609375
som,2022,32025.875
som,2023,33491.06640625
srb,1990,133286.484375
srb,1991,117914.25
srb,1992,84400.875
srb,1993,58919.19921875
srb,1994,60747.48046875
srb,1995,62915.4453125
srb,1996,64610.8671875
srb,1997,68639.71875
srb,1998,71231.5546875
srb,1999,65597.8125
srb,2000,69874.375
srb,2001,72014.109375
srb,2002,78708.3984375
srb,2003,81051.109375
srb,2004,90369.953125
srb,2005,91252.796875
srb,2006,100288.6171875
srb,2007,106498.8671875
srb,2008,111057.1875
srb,2009,107726.1171875
srb,2010,106836.046875
srb,2011,108418.8203125
srb,2012,107104.03125
srb,2013,105303.4609375
srb,2014,105501.484375
srb,2015,104260.859375
srb,2016,105868.15625
srb,2017,108347.9609375
srb,2018,111851.703125
srb,2019,115578.5703125
srb,2020,114488.1171875
srb,2021,122574.4296875
srb,2022,126543.890625
srb,2023,127477.34375
ssd,2008,7256.26171875
ssd,2009,7485.10791015625
ssd,2010,8309.64453125
ssd,2011,8429.6435546875
ssd,2012,7558.46875
ssd,2013,8406.7548828125
ssd,2014,9096.8173828125
ssd,2015,9769.201171875
ssd,2016,9411.87109375
ssd,2017,8936.373046875
ssd,2018,8907.6875
ssd,2019,9321.669921875
ssd,2020,9717.8369140625
ssd,2021,9649.2216796875
ssd,2022,9766.146484375
ssd,2023,9977.7919921875
stp,1970,191.536758422852
stp,1971,205.86946105957
stp,1972,207.642013549805
stp,1973,204.287384033203
stp,1974,208.530181884766
stp,1975,246.958160400391
stp,1976,262.495635986328
stp,1977,301.529418945313
stp,1978,344.980987548828
stp,1979,414.272491455078
stp,1980,416.336822509766
stp,1981,373.396301269531
stp,1982,383.733673095703
stp,1983,375.885559082031
stp,1984,326.506011962891
stp,1985,402.560150146484
stp,1986,374.243530273438
stp,1987,343.587371826172
stp,1988,340.423858642578
stp,1989,461.701690673828
stp,1990,411.413696289063
stp,1991,394.804565429688
stp,1992,418.609130859375
stp,1993,434.329620361328
stp,1994,396.182403564453
stp,1995,383.124969482422
stp,1996,397.180999755859
stp,1997,410.776550292969
stp,1998,386.800048828125
stp,1999,405.726715087891
stp,2000,473.416076660156
stp,2001,464.744018554688
stp,2002,506.132476806641
stp,2003,542.705017089844
stp,2004,589.16162109375
stp,2005,599.343078613281
stp,2006,769.833312988281
stp,2007,785.530090332031
stp,2008,893.606201171875
stp,2009,908.968933105469
stp,2010,969.869812011719
stp,2011,1012.54412841797
stp,2012,1043.93298339844
stp,2013,1075.97180175781
stp,2014,1146.89392089844
stp,2015,1190.74926757813
stp,2016,1236.15270996094
stp,2017,1284.36267089844
stp,2018,1337.74157714844
stp,2019,1319.626953125
stp,2020,1435.74365234375
stp,2021,1324.46655273438
stp,2022,1264.56872558594
stp,2023,1392.98449707031
sur,1970,3955.8408203125
sur,1971,4095.31274414063
sur,1972,4185.4755859375
sur,1973,4403.822265625
sur,1974,3825.29077148438
sur,1975,4488.931640625
sur,1976,4096.60302734375
sur,1977,5087.00634765625
sur,1978,5393.2119140625
sur,1979,5630.603515625
sur,1980,5240.87890625
sur,1981,5887.31103515625
sur,1982,5974.4189453125
sur,1983,6488.91552734375
sur,1984,6015.28173828125
sur,1985,6496.14599609375
sur,1986,5623.96484375
sur,1987,4573.6337890625
sur,1988,5679.81005859375
sur,1989,5247.091796875
sur,1990,6000.63818359375
sur,1991,6339.1318359375
sur,1992,6080.95849609375
sur,1993,4183.71337890625
sur,1994,3448.25366210938
sur,1995,3259.58740234375
sur,1996,5920.50927734375
sur,1997,6768.94287109375
sur,1998,7905.99755859375
sur,1999,3200.63598632813
sur,2000,5727.181640625
sur,2001,6218.05615234375
sur,2002,6193.75634765625
sur,2003,7556.56591796875
sur,2004,7127.16162109375
sur,2005,6716.40380859375
sur,2006,5648.25634765625
sur,2007,5308.57177734375
sur,2008,6264.77734375
sur,2009,6562.666015625
sur,2010,7088.43994140625
sur,2011,7955.916015625
sur,2012,8445.4736328125
sur,2013,9045.27734375
sur,2014,9478.384765625
sur,2015,9518.5908203125
sur,2016,10136.23828125
sur,2017,9136.1015625
sur,2018,8553.8271484375
sur,2019,9632.7509765625
sur,2020,6467.23828125
sur,2021,5566.59912109375
sur,2022,5795.55322265625
sur,2023,6024.951171875
svk,1990,91986.875
svk,1991,69119.9375
svk,1992,68562.53125
svk,1993,70917.28125
svk,1994,68699.9453125
svk,1995,72313.8125
svk,1996,77378.9609375
svk,1997,78898.109375
svk,1998,82373.8671875
svk,1999,79872.65625
svk,2000,81784.5625
svk,2001,85600.34375
svk,2002,89645.078125
svk,2003,90979.0859375
svk,2004,94813.859375
svk,2005,99750.2109375
svk,2006,106989.1328125
svk,2007,113336.65625
svk,2008,120969.6484375
svk,2009,122698.3984375
svk,2010,124577.65625
svk,2011,121995.125
svk,2012,122398.84375
svk,2013,121343.90625
svk,2014,124651.4140625
svk,2015,129250.7578125
svk,2016,133524.703125
svk,2017,139701.375
svk,2018,143875.296875
svk,2019,148620.0
svk,2020,148688.671875
svk,2021,153434.515625
svk,2022,157965.15625
svk,2023,152929.96875
svn,1990,34064.7421875
svn,1991,31201.349609375
svn,1992,30239.03515625
svn,1993,33704.52734375
svn,1994,34868.13671875
svn,1995,37486.2734375
svn,1996,38340.1484375
svn,1997,39553.625
svn,1998,40681.296875
svn,1999,43111.94140625
svn,2000,43321.28125
svn,2001,44346.5390625
svn,2002,45358.5546875
svn,2003,46952.35546875
svn,2004,48379.02734375
svn,2005,49501.65234375
svn,2006,50422.45703125
svn,2007,53178.33984375
svn,2008,54931.36328125
svn,2009,56123.2890625
svn,2010,56516.36328125
svn,2011,56657.01953125
svn,2012,55251.015625
svn,2013,53413.33203125
svn,2014,53831.125
svn,2015,55120.203125
svn,2016,57121.40234375
svn,2017,58306.921875
svn,2018,60117.42578125
svn,2019,62854.30859375
svn,2020,60704.33203125
svn,2021,66329.3125
svn,2022,68718.0234375
svn,2023,69219.8125
swe,1950,92699.359375
swe,1951,92782.8984375
swe,1952,96325.8203125
swe,1953,100030.6640625
swe,1954,103957.6953125
swe,1955,107114.6640625
swe,1956,110803.453125
swe,1957,112600.4453125
swe,1958,115925.46875
swe,1959,120501.2109375
swe,1960,122127.7421875
swe,1961,128288.9453125
swe,1962,133307.34375
swe,1963,140582.8125
swe,1964,145989.640625
swe,1965,152345.859375
swe,1966,156637.421875
swe,1967,161360.59375
swe,1968,168979.15625
swe,1969,176685.765625
swe,1970,185299.125
swe,1971,186638.046875
swe,1972,192459.890625
swe,1973,197472.1875
swe,1974,203951.359375
swe,1975,210832.609375
swe,1976,219014.71875
swe,1977,219686.453125
swe,1978,221198.1875
swe,1979,228316.03125
swe,1980,228979.734375
swe,1981,233008.234375
swe,1982,234959.3125
swe,1983,231990.234375
swe,1984,236320.0625
swe,1985,241648.359375
swe,1986,250559.984375
swe,1987,259867.84375
swe,1988,265613.78125
swe,1989,269746.90625
swe,1990,271129.15625
swe,1991,275475.78125
swe,1992,274901.0625
swe,1993,269758.59375
swe,1994,272066.34375
swe,1995,274270.9375
swe,1996,278042.15625
swe,1997,283571.46875
swe,1998,293234.1875
swe,1999,303204.5625
swe,2000,314357.0625
swe,2001,316120.1875
swe,2002,323139.28125
swe,2003,326947.28125
swe,2004,332299.03125
swe,2005,339550.3125
swe,2006,347660.40625
swe,2007,358340.5
swe,2008,359688.71875
swe,2009,365171.90625
swe,2010,376347.59375
swe,2011,381855.03125
swe,2012,385998.9375
swe,2013,393009.90625
swe,2014,401921.5
swe,2015,415911.4375
swe,2016,427467.09375
swe,2017,434532.8125
swe,2018,441085.15625
swe,2019,443228.875
swe,2020,432173.5
swe,2021,453852.25
swe,2022,463192.53125
swe,2023,457698.84375
swz,1970,567.890991210938
swz,1971,643.503051757813
swz,1972,795.891845703125
swz,1973,731.994934082031
swz,1974,631.130004882813
swz,1975,849.034484863281
swz,1976,1102.27331542969
swz,1977,1204.36853027344
swz,1978,1267.47827148438
swz,1979,1456.68725585938
swz,1980,1637.12414550781
swz,1981,1589.10070800781
swz,1982,1728.9267578125
swz,1983,1724.71667480469
swz,1984,1736.33471679688
swz,1985,1833.89367675781
swz,1986,2007.91333007813
swz,1987,2253.1357421875
swz,1988,2169.90063476563
swz,1989,2324.12622070313
swz,1990,2879.88647460938
swz,1991,3023.80981445313
swz,1992,3319.70532226563
swz,1993,3693.80029296875
swz,1994,3336.45629882813
swz,1995,4013.06640625
swz,1996,4593.61572265625
swz,1997,4587.80419921875
swz,1998,4868.0732421875
swz,1999,5276.11669921875
swz,2000,6065.6728515625
swz,2001,6199.86572265625
swz,2002,6209.80810546875
swz,2003,6374.77978515625
swz,2004,6901.28271484375
swz,2005,7538.7119140625
swz,2006,7883.94775390625
swz,2007,7958.4619140625
swz,2008,8057.3193359375
swz,2009,8538.5068359375
swz,2010,9204.54296875
swz,2011,8868.3359375
swz,2012,8929.376953125
swz,2013,9134.9755859375
swz,2014,9320.884765625
swz,2015,9551.2255859375
swz,2016,9571.9990234375
swz,2017,10012.4921875
swz,2018,9979.5166015625
swz,2019,9791.4833984375
swz,2020,10049.484375
swz,2021,10204.5380859375
swz,2022,9771.978515625
swz,2023,11306.8779296875
sxm,2005,1140.1455078125
sxm,2006,1093.4443359375
sxm,2007,1183.85437011719
sxm,2008,1310.00244140625
sxm,2009,1246.27490234375
sxm,2010,1179.26989746094
sxm,2011,1113.0390625
sxm,2012,1100.40319824219
sxm,2013,1274.71936035156
sxm,2014,1442.73742675781
sxm,2015,1423.25061035156
sxm,2016,1432.42761230469
sxm,2017,1404.27722167969
sxm,2018,1800.86743164063
sxm,2019,1745.96240234375
sxm,2020,1505.32263183594
sxm,2021,1644.61389160156
sxm,2022,1768.48071289063
sxm,2023,1838.01708984375
syc,1960,96.5204010009766
syc,1961,100.980613708496
syc,1962,112.987655639648
syc,1963,140.619552612305
syc,1964,141.496978759766
syc,1965,104.457389831543
syc,1966,106.224571228027
syc,1967,145.380218505859
syc,1968,166.458587646484
syc,1969,162.87580871582
syc,1970,176.398880004883
syc,1971,204.373794555664
syc,1972,217.267196655273
syc,1973,236.893310546875
syc,1974,240.069946289063
syc,1975,247.659194946289
syc,1976,287.739166259766
syc,1977,313.142242431641
syc,1978,339.973754882813
syc,1979,389.959655761719
syc,1980,381.573852539063
syc,1981,351.959808349609
syc,1982,344.944610595703
syc,1983,355.118560791016
syc,1984,350.900207519531
syc,1985,395.373687744141
syc,1986,420.850524902344
syc,1987,413.371826171875
syc,1988,411.208099365234
syc,1989,443.384948730469
syc,1990,449.721557617188
syc,1991,464.351837158203
syc,1992,519.620788574219
syc,1993,545.932006835938
syc,1994,362.093597412109
syc,1995,509.607452392578
syc,1996,513.152038574219
syc,1997,660.651489257813
syc,1998,688.695983886719
syc,1999,725.312866210938
syc,2000,652.871643066406
syc,2001,690.269470214844
syc,2002,677.244506835938
syc,2003,681.986022949219
syc,2004,886.412841796875
syc,2005,964.513061523438
syc,2006,1047.95288085938
syc,2007,1109.45874023438
syc,2008,1224.14526367188
syc,2009,1065.04113769531
syc,2010,1291.02026367188
syc,2011,1518.47094726563
syc,2012,1625.96447753906
syc,2013,1894.46166992188
syc,2014,1893.95971679688
syc,2015,1898.25805664063
syc,2016,2198.61157226563
syc,2017,2412.01391601563
syc,2018,2755.73022460938
syc,2019,2810.84497070313
syc,2020,2986.97436523438
syc,2021,3324.34887695313
syc,2022,3428.751953125
syc,2023,3513.91284179688
syr,1960,68278.4453125
syr,1961,70400.671875
syr,1962,81107.0
syr,1963,66378.4765625
syr,1964,101495.2109375
syr,1965,103166.7421875
syr,1966,92455.078125
syr,1967,108055.625
syr,1968,108938.6953125
syr,1969,133939.484375
syr,1970,156188.90625
syr,1971,174669.890625
syr,1972,216067.96875
syr,1973,191090.265625
syr,1974,259583.03125
syr,1975,295808.4375
syr,1976,315913.625
syr,1977,337070.6875
syr,1978,367577.1875
syr,1979,383541.125
syr,1980,412951.875
syr,1981,444707.65625
syr,1982,430133.4375
syr,1983,426513.5625
syr,1984,402621.40625
syr,1985,459199.25
syr,1986,438362.90625
syr,1987,493056.09375
syr,1988,547517.0625
syr,1989,463528.96875
syr,1990,453914.875
syr,1991,464757.4375
syr,1992,525180.0
syr,1993,531598.1875
syr,1994,517871.75
syr,1995,555524.8125
syr,1996,584106.75
syr,1997,590269.9375
syr,1998,621691.75
syr,1999,596047.4375
syr,2000,597117.75
syr,2001,601670.1875
syr,2002,631479.875
syr,2003,677145.75
syr,2004,757289.4375
syr,2005,885944.25
syr,2006,862956.125
syr,2007,899858.6875
syr,2008,915971.875
syr,2009,976408.0625
syr,2010,1071389.25
syr,2011,1173752.625
syr,2012,944243.25
syr,2013,641515.375
syr,2014,573135.6875
syr,2015,402340.0
syr,2016,408029.3125
syr,2017,280669.625
syr,2018,188772.734375
syr,2019,255749.21875
syr,2020,158652.21875
syr,2021,199280.6875
syr,2022,179321.015625
syr,2023,177175.921875
tca,1970,22.6969566345215
tca,1971,25.1146488189697
tca,1972,27.7896518707275
tca,1973,30.7490940093994
tca,1974,34.0249710083008
tca,1975,37.6538734436035
tca,1976,41.6605033874512
tca,1977,46.0959739685059
tca,1978,51.0009384155273
tca,1979,56.4449844360352
tca,1980,62.4983901977539
tca,1981,69.0714569091797
tca,1982,76.4461517333984
tca,1983,84.5579147338867
tca,1984,93.7261734008789
tca,1985,104.012153625488
tca,1986,113.877464294434
tca,1987,126.951858520508
tca,1988,140.006118774414
tca,1989,156.814315795898
tca,1990,175.046081542969
tca,1991,178.853225708008
tca,1992,218.339065551758
tca,1993,228.34098815918
tca,1994,276.160095214844
tca,1995,302.897064208984
tca,1996,175.880599975586
tca,1997,202.695053100586
tca,1998,229.191864013672
tca,1999,246.150604248047
tca,2000,250.579528808594
tca,2001,264.037322998047
tca,2002,278.538787841797
tca,2003,324.267333984375
tca,2004,363.480133056641
tca,2005,484.343200683594
tca,2006,684.7431640625
tca,2007,805.392028808594
tca,2008,664.267883300781
tca,2009,499.357635498047
tca,2010,430.052429199219
tca,2011,569.483276367188
tca,2012,597.474304199219
tca,2013,535.573852539063
tca,2014,615.914733886719
tca,2015,688.156372070313
tca,2016,722.825866699219
tca,2017,713.836791992188
tca,2018,752.773498535156
tca,2019,790.298095703125
tca,2020,580.168762207031
tca,2021,632.096496582031
tca,2022,671.002197265625
tca,2023,679.401977539063
tcd,1960,4817.36328125
tcd,1961,5125.22216796875
tcd,1962,5990.181640625
tcd,1963,5439.951171875
tcd,1964,5610.23876953125
tcd,1965,5703.234375
tcd,1966,5322.79833984375
tcd,1967,4991.5791015625
tcd,1968,4956.5703125
tcd,1969,4902.1201171875
tcd,1970,5301.9326171875
tcd,1971,5449.017578125
tcd,1972,5037.572265625
tcd,1973,4841.06103515625
tcd,1974,5203.89111328125
tcd,1975,5830.79931640625
tcd,1976,5691.01904296875
tcd,1977,5509.8779296875
tcd,1978,5490.865234375
tcd,1979,5136.01123046875
tcd,1980,4076.60791015625
tcd,1981,3638.71044921875
tcd,1982,3887.54150390625
tcd,1983,7062.1162109375
tcd,1984,6955.0517578125
tcd,1985,7956.85791015625
tcd,1986,7769.83740234375
tcd,1987,8164.8779296875
tcd,1988,8454.5703125
tcd,1989,8819.7685546875
tcd,1990,9013.4892578125
tcd,1991,8945.376953125
tcd,1992,9186.8193359375
tcd,1993,9717.5224609375
tcd,1994,9638.060546875
tcd,1995,9943.4833984375
tcd,1996,9986.5703125
tcd,1997,9844.228515625
tcd,1998,10771.2705078125
tcd,1999,11833.751953125
tcd,2000,11737.220703125
tcd,2001,11412.0703125
tcd,2002,11651.859375
tcd,2003,12170.6943359375
tcd,2004,12733.8115234375
tcd,2005,13155.2392578125
tcd,2006,13943.763671875
tcd,2007,16131.9296875
tcd,2008,16608.12890625
tcd,2009,18209.890625
tcd,2010,21299.5625
tcd,2011,20586.76953125
tcd,2012,23516.8359375
tcd,2013,25092.11328125
tcd,2014,27473.99609375
tcd,2015,28563.80078125
tcd,2016,29253.04296875
tcd,2017,29897.1953125
tcd,2018,30667.646484375
tcd,2019,29866.51953125
tcd,2020,28970.54296875
tcd,2021,28689.1875
tcd,2022,28709.134765625
tcd,2023,29654.962890625
tgo,1960,1649.31921386719
tgo,1961,1803.64770507813
tgo,1962,1820.0009765625
tgo,1963,1974.72143554688
tgo,1964,1936.66455078125
tgo,1965,2062.24853515625
tgo,1966,2471.26684570313
tgo,1967,2743.3525390625
tgo,1968,2955.27221679688
tgo,1969,3171.04736328125
tgo,1970,3312.75659179688
tgo,1971,3454.7333984375
tgo,1972,3590.16528320313
tgo,1973,3415.49829101563
tgo,1974,3416.14404296875
tgo,1975,3705.9619140625
tgo,1976,3634.44360351563
tgo,1977,4122.630859375
tgo,1978,4347.556640625
tgo,1979,4346.99462890625
tgo,1980,4223.4765625
tgo,1981,4245.80419921875
tgo,1982,4603.7373046875
tgo,1983,4340.32080078125
tgo,1984,4452.30029296875
tgo,1985,4740.59765625
tgo,1986,5049.68310546875
tgo,1987,4870.90625
tgo,1988,5384.31884765625
tgo,1989,5154.611328125
tgo,1990,5498.375
tgo,1991,6040.75830078125
tgo,1992,5892.92431640625
tgo,1993,5213.4599609375
tgo,1994,5413.87841796875
tgo,1995,5649.0361328125
tgo,1996,6681.5810546875
tgo,1997,7163.17236328125
tgo,1998,6328.98681640625
tgo,1999,6904.41796875
tgo,2000,6693.02197265625
tgo,2001,6874.15869140625
tgo,2002,6992.60400390625
tgo,2003,7354.87939453125
tgo,2004,7242.2216796875
tgo,2005,7863.62060546875
tgo,2006,9131.65625
tgo,2007,10464.6181640625
tgo,2008,11040.9794921875
tgo,2009,11837.193359375
tgo,2010,12336.1748046875
tgo,2011,12999.5595703125
tgo,2012,13352.8046875
tgo,2013,14063.9580078125
tgo,2014,14694.171875
tgo,2015,15667.611328125
tgo,2016,16987.45703125
tgo,2017,17298.576171875
tgo,2018,17946.892578125
tgo,2019,18808.416015625
tgo,2020,19092.626953125
tgo,2021,21039.25390625
tgo,2022,22101.560546875
tgo,2023,22991.2109375
tha,1950,25167.61328125
tha,1951,25020.859375
tha,1952,25461.197265625
tha,1953,24079.37109375
tha,1954,26402.841796875
tha,1955,24137.765625
tha,1956,25597.935546875
tha,1957,28139.34375
tha,1958,29569.974609375
tha,1959,32243.578125
tha,1960,35784.4609375
tha,1961,37616.91015625
tha,1962,40138.58984375
tha,1963,42992.69140625
tha,1964,45785.52734375
tha,1965,49214.453125
tha,1966,53480.32421875
tha,1967,57706.5625
tha,1968,62684.63671875
tha,1969,66635.96875
tha,1970,95777.796875
tha,1971,97898.8125
tha,1972,103627.3671875
tha,1973,112496.2890625
tha,1974,117021.203125
tha,1975,124763.390625
tha,1976,136587.171875
tha,1977,147896.515625
tha,1978,158807.875
tha,1979,172600.171875
tha,1980,181205.328125
tha,1981,189111.375
tha,1982,193008.234375
tha,1983,206809.4375
tha,1984,217385.40625
tha,1985,222736.28125
tha,1986,228781.671875
tha,1987,244969.8125
tha,1988,264386.5
tha,1989,290143.75
tha,1990,324689.46875
tha,1991,341808.96875
tha,1992,375546.5
tha,1993,406260.5
tha,1994,438670.59375
tha,1995,473901.5
tha,1996,501787.0625
tha,1997,498514.34375
tha,1998,461101.03125
tha,1999,479420.28125
tha,2000,508949.71875
tha,2001,535603.125
tha,2002,565997.625
tha,2003,605169.5
tha,2004,646021.5
tha,2005,686636.3125
tha,2006,705459.8125
tha,2007,724189.1875
tha,2008,748331.875
tha,2009,760469.5625
tha,2010,796304.875
tha,2011,814405.375
tha,2012,873808.0625
tha,2013,883376.4375
tha,2014,892905.0625
tha,2015,915948.6875
tha,2016,940681.125
tha,2017,962978.4375
tha,2018,1002417.9375
tha,2019,1036165.875
tha,2020,1033519.5
tha,2021,1047671.4375
tha,2022,1097246.875
tha,2023,1255605.875
tjk,1990,18591.8984375
tjk,1991,17372.9140625
tjk,1992,12439.740234375
tjk,1993,10040.1279296875
tjk,1994,8250.9599609375
tjk,1995,7346.10693359375
tjk,1996,5164.77880859375
tjk,1997,6900.54931640625
tjk,1998,7566.3134765625
tjk,1999,7011.60986328125
tjk,2000,8134.119140625
tjk,2001,8858.0576171875
tjk,2002,9858.92578125
tjk,2003,11238.2099609375
tjk,2004,12529.1376953125
tjk,2005,14701.431640625
tjk,2006,16232.447265625
tjk,2007,18707.05078125
tjk,2008,18855.189453125
tjk,2009,20315.9921875
tjk,2010,22195.72265625
tjk,2011,27097.28125
tjk,2012,29923.404296875
tjk,2013,31621.177734375
tjk,2014,31408.91796875
tjk,2015,26627.908203125
tjk,2016,29710.841796875
tjk,2017,31126.40234375
tjk,2018,32380.625
tjk,2019,33806.0859375
tjk,2020,34870.55078125
tjk,2021,36457.75390625
tjk,2022,41364.0078125
tjk,2023,43795.59375
tkm,1990,68405.0234375
tkm,1991,64960.3203125
tkm,1992,59085.30859375
tkm,1993,42389.08984375
tkm,1994,46366.8125
tkm,1995,51505.5625
tkm,1996,44871.5546875
tkm,1997,57675.23046875
tkm,1998,70045.078125
tkm,1999,77227.484375
tkm,2000,47950.75390625
tkm,2001,63446.58203125
tkm,2002,55191.671875
tkm,2003,69125.5625
tkm,2004,78842.140625
tkm,2005,71264.109375
tkm,2006,55946.875
tkm,2007,66237.125
tkm,2008,75142.5625
tkm,2009,42978.484375
tkm,2010,29807.9140625
tkm,2011,39618.4765625
tkm,2012,59539.8203125
tkm,2013,45608.8125
tkm,2014,50831.98828125
tkm,2015,54861.17578125
tkm,2016,51487.52734375
tkm,2017,55966.21484375
tkm,2018,59704.54296875
tkm,2019,62849.734375
tkm,2020,66892.1796875
tkm,2021,71033.8046875
tkm,2022,75316.25
tkm,2023,80149.53125
tto,1950,2692.00756835938
tto,1951,3042.669921875
tto,1952,3296.85595703125
tto,1953,3435.20556640625
tto,1954,3803.70947265625
tto,1955,4303.84326171875
tto,1956,4573.82763671875
tto,1957,4941.38427734375
tto,1958,5499.28466796875
tto,1959,5973.306640625
tto,1960,6472.3134765625
tto,1961,7450.51806640625
tto,1962,7538.04443359375
tto,1963,8586.1826171875
tto,1964,9171.9892578125
tto,1965,8908.56640625
tto,1966,9168.15234375
tto,1967,9954.712890625
tto,1968,10203.76171875
tto,1969,11386.826171875
tto,1970,10925.7236328125
tto,1971,10770.6015625
tto,1972,12390.0419921875
tto,1973,12219.2431640625
tto,1974,12633.0029296875
tto,1975,14246.9658203125
tto,1976,16304.681640625
tto,1977,17578.876953125
tto,1978,19664.6328125
tto,1979,22397.630859375
tto,1980,23245.6640625
tto,1981,24727.208984375
tto,1982,27174.91796875
tto,1983,24231.396484375
tto,1984,21720.951171875
tto,1985,20948.31640625
tto,1986,20996.158203125
tto,1987,18421.82421875
tto,1988,18086.169921875
tto,1989,16600.009765625
tto,1990,16317.0078125
tto,1991,17660.095703125
tto,1992,16804.802734375
tto,1993,17065.935546875
tto,1994,15446.0126953125
tto,1995,15371.146484375
tto,1996,16301.7109375
tto,1997,18352.994140625
tto,1998,18198.388671875
tto,1999,19876.9921875
tto,2000,21896.154296875
tto,2001,19519.435546875
tto,2002,22123.01953125
tto,2003,22198.009765625
tto,2004,27109.5546875
tto,2005,20001.162109375
tto,2006,20097.412109375
tto,2007,30077.7734375
tto,2008,34093.96484375
tto,2009,32182.7578125
tto,2010,31154.576171875
tto,2011,34066.97265625
tto,2012,32057.30078125
tto,2013,32461.705078125
tto,2014,32149.404296875
tto,2015,32142.6796875
tto,2016,32342.611328125
tto,2017,32008.509765625
tto,2018,31998.888671875
tto,2019,31907.458984375
tto,2020,31859.30078125
tto,2021,31802.935546875
tto,2022,31696.083984375
tto,2023,31633.955078125
tun,1960,7269.15478515625
tun,1961,7824.791015625
tun,1962,7590.82177734375
tun,1963,8109.107421875
tun,1964,8198.31640625
tun,1965,8757.9248046875
tun,1966,8899.55078125
tun,1967,8853.646484375
tun,1968,9111.6689453125
tun,1969,9624.865234375
tun,1970,13056.6728515625
tun,1971,13634.1591796875
tun,1972,15706.0625
tun,1973,16744.947265625
tun,1974,17808.3359375
tun,1975,19974.740234375
tun,1976,21188.236328125
tun,1977,22980.267578125
tun,1978,24196.3671875
tun,1979,25168.265625
tun,1980,28364.21484375
tun,1981,30472.4296875
tun,1982,31625.24609375
tun,1983,33170.31640625
tun,1984,35142.203125
tun,1985,36174.25
tun,1986,36482.03125
tun,1987,36941.296875
tun,1988,37825.03125
tun,1989,39896.7890625
tun,1990,42239.26953125
tun,1991,43093.3984375
tun,1992,45698.625
tun,1993,47326.94921875
tun,1994,48856.6015625
tun,1995,50321.4921875
tun,1996,52406.359375
tun,1997,54946.421875
tun,1998,57912.83984375
tun,1999,60920.70703125
tun,2000,64265.65234375
tun,2001,67668.8984375
tun,2002,70441.328125
tun,2003,74099.1171875
tun,2004,77804.03125
tun,2005,81204.125
tun,2006,85258.6640625
tun,2007,89941.5390625
tun,2008,94175.171875
tun,2009,97987.234375
tun,2010,102048.8671875
tun,2011,107367.2734375
tun,2012,112906.671875
tun,2013,117395.9375
tun,2014,122520.6640625
tun,2015,127940.546875
tun,2016,137770.25
tun,2017,140831.265625
tun,2018,144071.109375
tun,2019,147280.53125
tun,2020,140102.625
tun,2021,144076.640625
tun,2022,146157.453125
tun,2023,148408.421875
tur,1950,70118.9296875
tur,1951,87602.2890625
tur,1952,93610.0625
tur,1953,105245.875
tur,1954,94841.2265625
tur,1955,104656.1015625
tur,1956,104571.921875
tur,1957,127062.1796875
tur,1958,132993.453125
tur,1959,132549.78125
tur,1960,131103.90625
tur,1961,133345.125
tur,1962,143153.6875
tur,1963,157117.453125
tur,1964,159872.015625
tur,1965,164416.25
tur,1966,179025.03125
tur,1967,185862.6875
tur,1968,199269.640625
tur,1969,210142.421875
tur,1970,215174.140625
tur,1971,233878.984375
tur,1972,249199.046875
tur,1973,254828.265625
tur,1974,239476.109375
tur,1975,263151.375
tur,1976,290322.4375
tur,1977,340266.0625
tur,1978,344657.40625
tur,1979,340004.6875
tur,1980,350547.0
tur,1981,340069.21875
tur,1982,356227.09375
tur,1983,383847.65625
tur,1984,412420.40625
tur,1985,415528.40625
tur,1986,441221.1875
tur,1987,443971.8125
tur,1988,448390.59375
tur,1989,444627.8125
tur,1990,500143.59375
tur,1991,514288.9375
tur,1992,531168.0625
tur,1993,576770.5
tur,1994,545600.8125
tur,1995,573361.75
tur,1996,622092.6875
tur,1997,670598.1875
tur,1998,681121.125
tur,1999,684026.0
tur,2000,715016.6875
tur,2001,674809.0625
tur,2002,703482.75
tur,2003,751525.5625
tur,2004,819753.125
tur,2005,867867.1875
tur,2006,908864.1875
tur,2007,959527.25
tur,2008,967745.25
tur,2009,953274.125
tur,2010,1038682.9375
tur,2011,1143196.75
tur,2012,1186598.75
tur,2013,1277138.25
tur,2014,1317076.75
tur,2015,1383475.125
tur,2016,1450777.5
tur,2017,1534131.875
tur,2018,1559963.375
tur,2019,1591168.625
tur,2020,1638986.5
tur,2021,1848867.25
tur,2022,2147003.25
tur,2023,2395628.0
twn,1951,12144.10546875
twn,1952,14165.705078125
twn,1953,15491.794921875
twn,1954,17165.09375
twn,1955,18290.765625
twn,1956,19143.52734375
twn,1957,20608.88671875
twn,1958,22214.86328125
twn,1959,23580.724609375
twn,1960,24640.271484375
twn,1961,27117.345703125
twn,1962,29321.935546875
twn,1963,31380.9765625
twn,1964,35407.96484375
twn,1965,39056.42578125
twn,1966,41609.44140625
twn,1967,45999.08984375
twn,1968,51035.26953125
twn,1969,55562.265625
twn,1970,60895.3203125
twn,1971,66671.6953125
twn,1972,74121.921875
twn,1973,82947.6796875
twn,1974,84449.5703125
twn,1975,90094.3203125
twn,1976,99312.203125
twn,1977,107836.3671875
twn,1978,119335.1328125
twn,1979,130536.90625
twn,1980,138698.375
twn,1981,145208.046875
twn,1982,153850.25
twn,1983,163766.921875
twn,1984,178392.0
twn,1985,188554.625
twn,1986,201191.265625
twn,1987,223999.703125
twn,1988,252353.546875
twn,1989,287962.6875
twn,1990,317047.0625
twn,1991,341337.5625
twn,1992,368973.34375
twn,1993,394514.3125
twn,1994,421197.5
twn,1995,446190.8125
twn,1996,477819.46875
twn,1997,510265.5
twn,1998,542030.25
twn,1999,560512.1875
twn,2000,583964.3125
twn,2001,594104.0
twn,2002,612534.3125
twn,2003,625227.4375
twn,2004,652292.125
twn,2005,670061.25
twn,2006,678672.1875
twn,2007,694685.3125
twn,2008,687623.25
twn,2009,692265.875
twn,2010,714022.9375
twn,2011,734343.5625
twn,2012,749144.5
twn,2013,761776.0
twn,2014,790120.9375
twn,2015,807627.125
twn,2016,830725.0
twn,2017,847590.75
twn,2018,868511.125
twn,2019,884890.3125
twn,2020,872354.0
twn,2021,878135.25
twn,2022,913246.4375
twn,2023,972702.0625
tza,1960,7866.64697265625
tza,1961,7816.0654296875
tza,1962,8810.3076171875
tza,1963,9093.421875
tza,1964,10131.6181640625
tza,1965,10314.341796875
tza,1966,10953.2412109375
tza,1967,11532.830078125
tza,1968,12764.830078125
tza,1969,13120.109375
tza,1970,13660.8310546875
tza,1971,14279.939453125
tza,1972,15691.4306640625
tza,1973,16537.291015625
tza,1974,17962.486328125
tza,1975,19505.4609375
tza,1976,19058.23046875
tza,1977,18324.078125
tza,1978,21606.49609375
tza,1979,21411.328125
tza,1980,21594.349609375
tza,1981,21095.291015625
tza,1982,21842.326171875
tza,1983,22956.33203125
tza,1984,24080.177734375
tza,1985,25505.12890625
tza,1986,27654.9921875
tza,1987,28598.83984375
tza,1988,35759.30078125
tza,1989,37125.45703125
tza,1990,35718.875
tza,1991,35347.453125
tza,1992,35522.6796875
tza,1993,37233.796875
tza,1994,37619.921875
tza,1995,39255.1953125
tza,1996,41492.62109375
tza,1997,44936.52734375
tza,1998,49800.640625
tza,1999,51727.07421875
tza,2000,52619.83203125
tza,2001,54434.09765625
tza,2002,58203.78515625
tza,2003,61455.64453125
tza,2004,65937.984375
tza,2005,73402.6640625
tza,2006,76100.015625
tza,2007,82256.859375
tza,2008,88064.59375
tza,2009,93839.1171875
tza,2010,97633.8828125
tza,2011,105116.8046875
tza,2012,109746.2890625
tza,2013,114509.4765625
tza,2014,120743.265625
tza,2015,128827.5546875
tza,2016,130624.7890625
tza,2017,135567.421875
tza,2018,143481.03125
tza,2019,147353.9375
tza,2020,154710.84375
tza,2021,162055.109375
tza,2022,165778.671875
tza,2023,170335.28125
uga,1950,5743.6171875
uga,1951,6940.3134765625
uga,1952,7027.302734375
uga,1953,6898.5146484375
uga,1954,6683.04296875
uga,1955,7186.443359375
uga,1956,7567.68408203125
uga,1957,8065.80615234375
uga,1958,7691.24609375
uga,1959,8013.28466796875
uga,1960,7988.04052734375
uga,1961,8141.51025390625
uga,1962,8564.5107421875
uga,1963,8884.4248046875
uga,1964,9358.9814453125
uga,1965,10041.134765625
uga,1966,11087.779296875
uga,1967,11108.30859375
uga,1968,11410.859375
uga,1969,12371.126953125
uga,1970,12773.0283203125
uga,1971,13123.279296875
uga,1972,13123.138671875
uga,1973,13122.5087890625
uga,1974,13124.1923828125
uga,1975,12947.7431640625
uga,1976,12945.6728515625
uga,1977,13129.2177734375
uga,1978,12593.525390625
uga,1979,11015.970703125
uga,1980,10674.056640625
uga,1981,11027.00390625
uga,1982,11901.65625
uga,1983,12810.900390625
uga,1984,12510.8955078125
uga,1985,12217.2333984375
uga,1986,12441.6240234375
uga,1987,13144.9287109375
uga,1988,13982.869140625
uga,1989,14943.630859375
uga,1990,15780.373046875
uga,1991,16527.7109375
uga,1992,17113.951171875
uga,1993,18107.615234375
uga,1994,22751.40234375
uga,1995,23142.125
uga,1996,24781.728515625
uga,1997,25925.62890625
uga,1998,28405.2578125
uga,1999,30408.8515625
uga,2000,32025.5546875
uga,2001,34751.078125
uga,2002,37090.81640625
uga,2003,37813.34375
uga,2004,39132.66015625
uga,2005,42066.953125
uga,2006,46687.05078125
uga,2007,47748.7421875
uga,2008,50552.7421875
uga,2009,54144.87890625
uga,2010,62491.89453125
uga,2011,65670.84375
uga,2012,71365.75
uga,2013,61097.20703125
uga,2014,71696.2109375
uga,2015,78185.3984375
uga,2016,79932.703125
uga,2017,82036.9765625
uga,2018,89247.671875
uga,2019,97588.671875
uga,2020,95908.1953125
uga,2021,101724.90625
uga,2022,111415.015625
uga,2023,117162.796875
ukr,1990,478110.25
ukr,1991,449308.6875
ukr,1992,421991.375
ukr,1993,337585.1875
ukr,1994,304590.125
ukr,1995,293459.46875
ukr,1996,268602.84375
ukr,1997,262414.625
ukr,1998,261983.375
ukr,1999,252158.828125
ukr,2000,257004.5
ukr,2001,279749.125
ukr,2002,292952.53125
ukr,2003,321853.84375
ukr,2004,350751.15625
ukr,2005,403954.1875
ukr,2006,453057.6875
ukr,2007,514273.09375
ukr,2008,564042.6875
ukr,2009,491942.6875
ukr,2010,495892.15625
ukr,2011,551496.625
ukr,2012,591667.125
ukr,2013,622468.5
ukr,2014,583825.1875
ukr,2015,493836.40625
ukr,2016,503553.96875
ukr,2017,545344.0
ukr,2018,583819.625
ukr,2019,613619.75
ukr,2020,620778.75
ukr,2021,654898.75
ukr,2022,563086.25
ukr,2023,603770.0
ury,1950,13186.333984375
ury,1951,16045.6015625
ury,1952,14666.21875
ury,1953,15897.474609375
ury,1954,17669.634765625
ury,1955,18033.9375
ury,1956,17733.0859375
ury,1957,19145.3828125
ury,1958,17442.138671875
ury,1959,17103.291015625
ury,1960,18234.17578125
ury,1961,17806.603515625
ury,1962,18708.466796875
ury,1963,17975.39453125
ury,1964,19032.765625
ury,1965,18016.58203125
ury,1966,19203.431640625
ury,1967,18814.412109375
ury,1968,18924.16015625
ury,1969,20223.689453125
ury,1970,21405.580078125
ury,1971,21547.513671875
ury,1972,21154.001953125
ury,1973,21859.767578125
ury,1974,21778.134765625
ury,1975,22336.884765625
ury,1976,22149.966796875
ury,1977,21970.4375
ury,1978,22927.626953125
ury,1979,24389.447265625
ury,1980,26136.7734375
ury,1981,26949.46484375
ury,1982,24654.501953125
ury,1983,22546.755859375
ury,1984,22075.85546875
ury,1985,22333.3984375
ury,1986,25005.818359375
ury,1987,28560.677734375
ury,1988,28177.2890625
ury,1989,28197.626953125
ury,1990,27091.974609375
ury,1991,28807.3828125
ury,1992,32716.998046875
ury,1993,34451.94140625
ury,1994,37397.953125
ury,1995,36139.875
ury,1996,38939.41796875
ury,1997,40950.9921875
ury,1998,43105.33984375
ury,1999,43291.0546875
ury,2000,42276.46875
ury,2001,40635.2578125
ury,2002,37031.69140625
ury,2003,35875.0234375
ury,2004,36939.28125
ury,2005,38877.9765625
ury,2006,41149.31640625
ury,2007,43926.6640625
ury,2008,47934.9296875
ury,2009,49247.59765625
ury,2010,53367.01953125
ury,2011,57200.58203125
ury,2012,60470.875
ury,2013,64135.828125
ury,2014,66394.5234375
ury,2015,66828.1875
ury,2016,67739.3984375
ury,2017,70205.015625
ury,2018,71902.765625
ury,2019,72713.015625
ury,2020,66785.75
ury,2021,69691.3203125
ury,2022,73043.5
ury,2023,75150.90625
usa,1950,2351130.5
usa,1951,2505866.5
usa,1952,2662803.75
usa,1953,2795537.75
usa,1954,2793808.75
usa,1955,2940089.25
usa,1956,3002805.25
usa,1957,3084886.0
usa,1958,3117104.0
usa,1959,3255465.75
usa,1960,3330536.75
usa,1961,3407679.0
usa,1962,3590876.25
usa,1963,3722841.25
usa,1964,3913807.5
usa,1965,4140645.75
usa,1966,4399679.5
usa,1967,4587710.0
usa,1968,4843748.0
usa,1969,5004485.5
usa,1970,5088128.0
usa,1971,5237236.5
usa,1972,5487803.0
usa,1973,5688688.0
usa,1974,5678630.0
usa,1975,5810469.5
usa,1976,6061521.5
usa,1977,6287045.5
usa,1978,6527539.5
usa,1979,6660384.5
usa,1980,6660664.0
usa,1981,6751643.5
usa,1982,6853122.0
usa,1983,7196820.0
usa,1984,7512662.0
usa,1985,7894333.0
usa,1986,8222081.0
usa,1987,8473934.0
usa,1988,8784164.0
usa,1989,9036228.0
usa,1990,9221933.0
usa,1991,9261817.0
usa,1992,9540836.0
usa,1993,9804956.0
usa,1994,10120241.0
usa,1995,10367053.0
usa,1996,10668088.0
usa,1997,11033063.0
usa,1998,11549539.0
usa,1999,12116111.0
usa,2000,12649613.0
usa,2001,12984636.0
usa,2002,13341771.0
usa,2003,13726585.0
usa,2004,14187623.0
usa,2005,14619588.0
usa,2006,14995807.0
usa,2007,15337065.0
usa,2008,15423382.0
usa,2009,15383967.0
usa,2010,15619170.0
usa,2011,15738297.0
usa,2012,15870573.0
usa,2013,16038574.0
usa,2014,16384707.0
usa,2015,16889146.0
usa,2016,17283154.0
usa,2017,17657940.0
usa,2018,18101266.0
usa,2019,18544776.0
usa,2020,18253700.0
usa,2021,19576128.0
usa,2022,20029218.0
usa,2023,20553700.0
uzb,1990,82922.1796875
uzb,1991,73749.984375
uzb,1992,54945.6484375
uzb,1993,67674.4296875
uzb,1994,67737.7578125
uzb,1995,55212.33984375
uzb,1996,59918.09375
uzb,1997,58108.01171875
uzb,1998,58376.44921875
uzb,1999,61613.21875
uzb,2000,62153.69921875
uzb,2001,66863.8515625
uzb,2002,69157.71875
uzb,2003,69202.71875
uzb,2004,74343.640625
uzb,2005,77694.5390625
uzb,2006,85428.4453125
uzb,2007,95366.28125
uzb,2008,99207.7109375
uzb,2009,106461.234375
uzb,2010,110260.46875
uzb,2011,124027.9453125
uzb,2012,136230.421875
uzb,2013,148032.203125
uzb,2014,160877.0625
uzb,2015,178342.953125
uzb,2016,191271.75
uzb,2017,198351.46875
uzb,2018,212316.875
uzb,2019,224173.78125
uzb,2020,225305.109375
uzb,2021,246898.28125
uzb,2022,269547.375
uzb,2023,283138.875
vct,1970,363.30908203125
vct,1971,374.836822509766
vct,1972,469.872894287109
vct,1973,418.391479492188
vct,1974,384.586364746094
vct,1975,347.834259033203
vct,1976,390.888488769531
vct,1977,412.883209228516
vct,1978,405.530395507813
vct,1979,480.374389648438
vct,1980,495.486907958984
vct,1981,466.844299316406
vct,1982,500.588500976563
vct,1983,511.205261230469
vct,1984,466.045776367188
vct,1985,445.817016601563
vct,1986,477.585052490234
vct,1987,535.316345214844
vct,1988,564.203369140625
vct,1989,669.893676757813
vct,1990,646.1767578125
vct,1991,781.051574707031
vct,1992,721.10205078125
vct,1993,794.095458984375
vct,1994,799.915588378906
vct,1995,682.41162109375
vct,1996,699.672058105469
vct,1997,855.449340820313
vct,1998,882.106506347656
vct,1999,832.307495117188
vct,2000,797.549011230469
vct,2001,881.073486328125
vct,2002,936.371459960938
vct,2003,1031.75854492188
vct,2004,1119.13110351563
vct,2005,1161.96899414063
vct,2006,1234.86022949219
vct,2007,1417.03149414063
vct,2008,1426.82080078125
vct,2009,1429.87744140625
vct,2010,1381.01086425781
vct,2011,1385.05725097656
vct,2012,1355.6337890625
vct,2013,1387.6455078125
vct,2014,1450.52941894531
vct,2015,1336.28161621094
vct,2016,1435.498046875
vct,2017,1451.60363769531
vct,2018,1448.70544433594
vct,2019,1365.96020507813
vct,2020,1435.99926757813
vct,2021,1547.64306640625
vct,2022,1449.82080078125
vct,2023,1436.26416015625
ven,1950,1223.69116210938
ven,1951,1343.66918945313
ven,1952,1336.42810058594
ven,1953,1498.3193359375
ven,1954,1591.62023925781
ven,1955,1803.81970214844
ven,1956,1948.85876464844
ven,1957,2463.5107421875
ven,1958,2526.12353515625
ven,1959,2645.84350585938
ven,1960,2658.03857421875
ven,1961,2662.28735351563
ven,1962,2707.98754882813
ven,1963,2900.03051757813
ven,1964,3118.666015625
ven,1965,3357.61987304688
ven,1966,3526.85034179688
ven,1967,3645.22534179688
ven,1968,3921.68969726563
ven,1969,4239.140625
ven,1970,4314.91552734375
ven,1971,4565.7802734375
ven,1972,4818.94189453125
ven,1973,5149.232421875
ven,1974,4414.375
ven,1975,5369.685546875
ven,1976,6198.00537109375
ven,1977,6792.693359375
ven,1978,7053.90576171875
ven,1979,7201.69873046875
ven,1980,7719.69189453125
ven,1981,8100.65625
ven,1982,8244.083984375
ven,1983,8050.52294921875
ven,1984,7958.7236328125
ven,1985,7933.13037109375
ven,1986,8223.380859375
ven,1987,8533.361328125
ven,1988,9109.5546875
ven,1989,8661.05078125
ven,1990,8957.734375
ven,1991,9846.62109375
ven,1992,10430.92578125
ven,1993,10299.138671875
ven,1994,9801.626953125
ven,1995,9928.404296875
ven,1996,9422.7138671875
ven,1997,9889.7158203125
ven,1998,9971.85546875
ven,1999,9692.1923828125
ven,2000,10137.3330078125
ven,2001,10763.830078125
ven,2002,10098.0732421875
ven,2003,9856.8271484375
ven,2004,11355.5185546875
ven,2005,13025.908203125
ven,2006,14887.505859375
ven,2007,17308.181640625
ven,2008,18350.203125
ven,2009,17960.78515625
ven,2010,17748.169921875
ven,2011,18519.16015625
ven,2012,19795.3828125
ven,2013,20684.623046875
ven,2014,20120.373046875
ven,2015,18476.482421875
ven,2016,14981.8173828125
ven,2017,12680.81640625
ven,2018,10270.8837890625
ven,2019,6666.65380859375
ven,2020,5332.6240234375
ven,2021,4157.58203125
ven,2022,3215.0986328125
ven,2023,2441.98364257813
vgb,1970,69.1251678466797
vgb,1971,66.6461181640625
vgb,1972,51.8583221435547
vgb,1973,61.2178039550781
vgb,1974,69.7025833129883
vgb,1975,70.3297653198242
vgb,1976,62.8874664306641
vgb,1977,52.3636245727539
vgb,1978,55.2681999206543
vgb,1979,61.1358642578125
vgb,1980,65.7956314086914
vgb,1981,66.9031448364258
vgb,1982,70.6787796020508
vgb,1983,74.8865585327148
vgb,1984,80.4529876708984
vgb,1985,82.1996307373047
vgb,1986,84.1320114135742
vgb,1987,95.4320297241211
vgb,1988,103.839637756348
vgb,1989,108.381523132324
vgb,1990,136.977935791016
vgb,1991,165.403228759766
vgb,1992,210.470932006836
vgb,1993,277.008056640625
vgb,1994,317.494873046875
vgb,1995,453.254058837891
vgb,1996,469.625061035156
vgb,1997,477.264465332031
vgb,1998,504.152801513672
vgb,1999,537.497924804688
vgb,2000,567.293395996094
vgb,2001,578.969055175781
vgb,2002,548.044006347656
vgb,2003,469.608337402344
vgb,2004,480.001525878906
vgb,2005,540.306762695313
vgb,2006,536.639282226563
vgb,2007,534.579162597656
vgb,2008,531.059692382813
vgb,2009,528.190979003906
vgb,2010,534.564392089844
vgb,2011,514.571838378906
vgb,2012,507.296234130859
vgb,2013,521.648071289063
vgb,2014,534.027221679688
vgb,2015,535.452209472656
vgb,2016,562.537658691406
vgb,2017,560.349975585938
vgb,2018,589.672058105469
vgb,2019,631.526916503906
vgb,2020,611.60791015625
vgb,2021,627.995483398438
vgb,2022,641.896057128906
vgb,2023,659.664794921875
vnm,1970,49567.4453125
vnm,1971,51453.48828125
vnm,1972,52462.3515625
vnm,1973,51716.78125
vnm,1974,53000.43359375
vnm,1975,54582.95703125
vnm,1976,60586.3984375
vnm,1977,68803.984375
vnm,1978,70019.578125
vnm,1979,74724.8359375
vnm,1980,72114.5078125
vnm,1981,76284.4453125
vnm,1982,82516.1015625
vnm,1983,88375.7578125
vnm,1984,95732.875
vnm,1985,101225.7890625
vnm,1986,104601.8671875
vnm,1987,106959.71875
vnm,1988,113170.09375
vnm,1989,117992.6328125
vnm,1990,122696.015625
vnm,1991,127079.1328125
vnm,1992,132396.1875
vnm,1993,137999.5
vnm,1994,144806.25
vnm,1995,155424.953125
vnm,1996,169292.84375
vnm,1997,178969.90625
vnm,1998,186738.59375
vnm,1999,190087.046875
vnm,2000,196260.484375
vnm,2001,205403.421875
vnm,2002,220659.078125
vnm,2003,238178.234375
vnm,2004,253135.328125
vnm,2005,268359.71875
vnm,2006,293106.875
vnm,2007,338921.46875
vnm,2008,379231.0
vnm,2009,398699.65625
vnm,2010,456870.03125
vnm,2011,480466.6875
vnm,2012,506594.6875
vnm,2013,534635.6875
vnm,2014,564770.9375
vnm,2015,613587.375
vnm,2016,650710.3125
vnm,2017,696004.0
vnm,2018,741732.0
vnm,2019,792090.9375
vnm,2020,796081.9375
vnm,2021,816097.0
vnm,2022,873933.5
vnm,2023,902604.875
yem,1989,19568.912109375
yem,1990,22562.822265625
yem,1991,25781.935546875
yem,1992,25544.51171875
yem,1993,28627.34765625
yem,1994,26598.05859375
yem,1995,31223.5
yem,1996,32962.265625
yem,1997,33896.4609375
yem,1998,40974.7890625
yem,1999,36906.91796875
yem,2000,34737.375
yem,2001,37985.95703125
yem,2002,40578.75390625
yem,2003,43558.36328125
yem,2004,46502.01953125
yem,2005,48866.8984375
yem,2006,57059.76171875
yem,2007,61978.0546875
yem,2008,63941.4921875
yem,2009,65858.8671875
yem,2010,71006.5234375
yem,2011,55153.42578125
yem,2012,56979.9296875
yem,2013,56082.3671875
yem,2014,54620.5390625
yem,2015,52561.70703125
yem,2016,49389.875
yem,2017,48166.27734375
yem,2018,46406.30078125
yem,2019,44552.69921875
yem,2020,42675.1484375
yem,2021,40878.94140625
yem,2022,39351.18359375
yem,2023,37786.125
zaf,1950,57442.16015625
zaf,1951,58841.76171875
zaf,1952,60231.296875
zaf,1953,62650.171875
zaf,1954,64120.23828125
zaf,1955,67152.046875
zaf,1956,69611.1953125
zaf,1957,73003.921875
zaf,1958,74792.5859375
zaf,1959,76106.7109375
zaf,1960,77712.5546875
zaf,1961,79814.8828125
zaf,1962,83893.375
zaf,1963,88779.71875
zaf,1964,96065.3359375
zaf,1965,100243.53125
zaf,1966,104872.9140625
zaf,1967,109837.4375
zaf,1968,117739.578125
zaf,1969,125585.78125
zaf,1970,134361.5
zaf,1971,141469.25
zaf,1972,146263.84375
zaf,1973,156508.546875
zaf,1974,165426.0625
zaf,1975,174140.71875
zaf,1976,178341.453125
zaf,1977,178632.25
zaf,1978,181173.015625
zaf,1979,186589.6875
zaf,1980,202834.875
zaf,1981,215183.0625
zaf,1982,221693.765625
zaf,1983,227753.984375
zaf,1984,239377.890625
zaf,1985,235049.703125
zaf,1986,236684.1875
zaf,1987,245740.046875
zaf,1988,256524.9375
zaf,1989,264364.4375
zaf,1990,271556.5
zaf,1991,275803.46875
zaf,1992,286084.375
zaf,1993,304323.5625
zaf,1994,314345.0625
zaf,1995,324653.65625
zaf,1996,338720.03125
zaf,1997,348945.4375
zaf,1998,352089.3125
zaf,1999,357262.875
zaf,2000,371169.09375
zaf,2001,383855.9375
zaf,2002,397139.75
zaf,2003,410742.75
zaf,2004,435496.53125
zaf,2005,457570.78125
zaf,2006,493031.78125
zaf,2007,524857.6875
zaf,2008,538048.0625
zaf,2009,529131.1875
zaf,2010,552003.5625
zaf,2011,574416.5625
zaf,2012,594961.0
zaf,2013,606363.125
zaf,2014,612413.875
zaf,2015,621159.5625
zaf,2016,627310.9375
zaf,2017,635119.6875
zaf,2018,652108.1875
zaf,2019,661315.125
zaf,2020,631693.9375
zaf,2021,660197.5625
zaf,2022,674150.125
zaf,2023,681294.3125
zmb,1955,7249.83935546875
zmb,1956,8153.15771484375
zmb,1957,8519.8818359375
zmb,1958,8447.86328125
zmb,1959,9496.9970703125
zmb,1960,9595.24609375
zmb,1961,9670.1513671875
zmb,1962,9967.4951171875
zmb,1963,10424.328125
zmb,1964,11514.228515625
zmb,1965,11841.3779296875
zmb,1966,14347.02734375
zmb,1967,17038.62890625
zmb,1968,17823.625
zmb,1969,16449.98046875
zmb,1970,14968.6318359375
zmb,1971,15460.94921875
zmb,1972,16084.6083984375
zmb,1973,15373.3369140625
zmb,1974,16327.462890625
zmb,1975,18309.431640625
zmb,1976,17802.892578125
zmb,1977,16475.669921875
zmb,1978,16059.21484375
zmb,1979,17222.228515625
zmb,1980,17428.298828125
zmb,1981,19018.26171875
zmb,1982,17372.431640625
zmb,1983,16644.8359375
zmb,1984,17074.830078125
zmb,1985,18133.16015625
zmb,1986,18060.947265625
zmb,1987,19608.689453125
zmb,1988,20675.244140625
zmb,1989,19973.37890625
zmb,1990,16825.7578125
zmb,1991,18697.625
zmb,1992,19573.59375
zmb,1993,17109.015625
zmb,1994,14194.759765625
zmb,1995,14473.251953125
zmb,1996,15883.2734375
zmb,1997,16143.455078125
zmb,1998,16034.4853515625
zmb,1999,16982.34375
zmb,2000,17715.345703125
zmb,2001,17961.6796875
zmb,2002,17178.76953125
zmb,2003,16594.158203125
zmb,2004,16971.578125
zmb,2005,17400.353515625
zmb,2006,18826.78125
zmb,2007,26308.94921875
zmb,2008,27429.66796875
zmb,2009,29739.9296875
zmb,2010,32381.48046875
zmb,2011,33791.73828125
zmb,2012,38127.8125
zmb,2013,41027.87109375
zmb,2014,42896.67578125
zmb,2015,43378.25
zmb,2016,43557.9765625
zmb,2017,42393.59765625
zmb,2018,41950.12109375
zmb,2019,44218.42578125
zmb,2020,38252.67578125
zmb,2021,37491.57421875
zmb,2022,40051.80859375
zmb,2023,51295.8671875
zwe,1954,2473.93872070313
zwe,1955,2620.64111328125
zwe,1956,2851.96142578125
zwe,1957,3075.11206054688
zwe,1958,3209.8466796875
zwe,1959,3369.6337890625
zwe,1960,3376.7607421875
zwe,1961,3533.12719726563
zwe,1962,3574.56176757813
zwe,1963,3637.77319335938
zwe,1964,3564.56567382813
zwe,1965,3799.09448242188
zwe,1966,3738.55834960938
zwe,1967,3760.11547851563
zwe,1968,3405.7333984375
zwe,1969,4351.0205078125
zwe,1970,5359.744140625
zwe,1971,5918.4150390625
zwe,1972,6348.7509765625
zwe,1973,6535.029296875
zwe,1974,6911.96240234375
zwe,1975,7035.7880859375
zwe,1976,7284.65625
zwe,1977,6804.5146484375
zwe,1978,7938.31689453125
zwe,1979,8697.232421875
zwe,1980,8892.3515625
zwe,1981,10414.8798828125
zwe,1982,10648.1162109375
zwe,1983,12067.0400390625
zwe,1984,10185.2080078125
zwe,1985,10360.2314453125
zwe,1986,10233.09765625
zwe,1987,10258.5615234375
zwe,1988,11620.5810546875
zwe,1989,13107.26171875
zwe,1990,13637.7470703125
zwe,1991,15611.1669921875
zwe,1992,14757.8466796875
zwe,1993,13546.4755859375
zwe,1994,13076.3505859375
zwe,1995,12416.6103515625
zwe,1996,13576.4560546875
zwe,1997,14326.4609375
zwe,1998,13595.64453125
zwe,1999,13967.7626953125
zwe,2000,11894.7255859375
zwe,2001,13779.7626953125
zwe,2002,15981.9501953125
zwe,2003,13748.8330078125
zwe,2004,6861.88037109375
zwe,2005,2355.39038085938
zwe,2006,10596.1416015625
zwe,2007,12977.6708984375
zwe,2008,11815.9091796875
zwe,2009,24993.037109375
zwe,2010,27885.76171875
zwe,2011,30118.49609375
zwe,2012,38692.04296875
zwe,2013,36044.53125
zwe,2014,36439.6875
zwe,2015,43092.92578125
zwe,2016,40284.01171875
zwe,2017,41684.8515625
zwe,2018,41399.90234375
zwe,2019,37161.71484375
zwe,2020,35333.140625
zwe,2021,41325.70703125
zwe,2022,45148.08984375
zwe,2023,45447.0625
