country,year,csh_x
abw,1970,0.519568979740143
abw,1971,0.528387606143951
abw,1972,0.519942820072174
abw,1973,0.563711762428284
abw,1974,0.663761496543884
abw,1975,0.64452737569809
abw,1976,0.644006133079529
abw,1977,0.620473682880402
abw,1978,0.633444368839264
abw,1979,0.679170310497284
abw,1980,0.720735311508179
abw,1981,0.713203072547913
abw,1982,0.688076376914978
abw,1983,0.682138979434967
abw,1984,0.677160322666168
abw,1985,0.679437041282654
abw,1986,0.62471866607666
abw,1987,0.619688987731934
abw,1988,0.619973480701447
abw,1989,0.612931489944458
abw,1990,0.715363204479218
abw,1991,0.611980617046356
abw,1992,0.797285079956055
abw,1993,0.853002905845642
abw,1994,0.784305453300476
abw,1995,0.787470817565918
abw,1996,0.864506661891937
abw,1997,0.865768492221832
abw,1998,0.882022798061371
abw,1999,0.890647351741791
abw,2000,0.778874039649963
abw,2001,0.781799376010895
abw,2002,0.672054588794708
abw,2003,0.616110384464264
abw,2004,0.647158145904541
abw,2005,0.629595994949341
abw,2006,0.633996903896332
abw,2007,0.61370575428009
abw,2008,0.589009463787079
abw,2009,0.629551827907562
abw,2010,0.616338551044464
abw,2011,0.743148922920227
abw,2012,0.815812587738037
abw,2013,0.825623154640198
abw,2014,0.949124574661255
abw,2015,0.914357304573059
abw,2016,1.03741586208344
abw,2017,1.10842216014862
abw,2018,0.984185636043549
abw,2019,1.05120384693146
abw,2020,0.809530913829804
abw,2021,1.02889430522919
abw,2022,1.28150844573975
abw,2023,1.2300146818161
ago,1970,0.0480061545968056
ago,1971,0.0490237325429916
ago,1972,0.0579693056643009
ago,1973,0.0803066864609718
ago,1974,0.142099946737289
ago,1975,0.144200727343559
ago,1976,0.0777562409639359
ago,1977,0.0586000084877014
ago,1978,0.125032722949982
ago,1979,0.139753043651581
ago,1980,0.197581022977829
ago,1981,0.191595524549484
ago,1982,0.133585199713707
ago,1983,0.13939468562603
ago,1984,0.168728515505791
ago,1985,0.189993739128113
ago,1986,0.135417893528938
ago,1987,0.177977830171585
ago,1988,0.202169492840767
ago,1989,0.218442991375923
ago,1990,0.272792100906372
ago,1991,0.158066242933273
ago,1992,0.275560826063156
ago,1993,0.260534137487412
ago,1994,0.217235222458839
ago,1995,0.283748060464859
ago,1996,0.281573385000229
ago,1997,0.259038805961609
ago,1998,0.238216206431389
ago,1999,0.30638000369072
ago,2000,0.574629843235016
ago,2001,0.421950846910477
ago,2002,0.4379723072052
ago,2003,0.455910593271256
ago,2004,0.499419540166855
ago,2005,0.629925727844238
ago,2006,0.648631989955902
ago,2007,0.681146562099457
ago,2008,0.839703440666199
ago,2009,0.692433774471283
ago,2010,0.651219666004181
ago,2011,0.567476153373718
ago,2012,0.569419145584106
ago,2013,0.513659358024597
ago,2014,0.443338632583618
ago,2015,0.30944487452507
ago,2016,0.277131795883179
ago,2017,0.313708066940308
ago,2018,0.367838829755783
ago,2019,0.369344264268875
ago,2020,0.357677519321442
ago,2021,0.384048670530319
ago,2022,0.410894185304642
ago,2023,0.354561328887939
aia,1970,0.31115448474884
aia,1971,0.302795231342316
aia,1972,0.29728701710701
aia,1973,0.308466583490372
aia,1974,0.346488863229752
aia,1975,0.335103839635849
aia,1976,0.336154848337173
aia,1977,0.334284782409668
aia,1978,0.33121132850647
aia,1979,0.339024692773819
aia,1980,0.366936922073364
aia,1981,0.361620783805847
aia,1982,0.33797362446785
aia,1983,0.355474054813385
aia,1984,0.29218602180481
aia,1985,0.361865431070328
aia,1986,0.291033983230591
aia,1987,0.274417072534561
aia,1988,0.344992995262146
aia,1989,0.426257967948914
aia,1990,0.363497257232666
aia,1991,0.42024040222168
aia,1992,0.40954527258873
aia,1993,0.44775652885437
aia,1994,0.475833654403687
aia,1995,0.406867831945419
aia,1996,0.467107564210892
aia,1997,0.527616620063782
aia,1998,0.616820573806763
aia,1999,0.479839861392975
aia,2000,0.489690721035004
aia,2001,0.532134175300598
aia,2002,0.515417337417603
aia,2003,0.501157522201538
aia,2004,0.431807935237885
aia,2005,0.501193881034851
aia,2006,0.52826201915741
aia,2007,0.435397446155548
aia,2008,0.401918113231659
aia,2009,0.572774112224579
aia,2010,0.547646939754486
aia,2011,0.594945907592773
aia,2012,0.678946018218994
aia,2013,0.79627937078476
aia,2014,1.09725964069366
aia,2015,1.55947053432465
aia,2016,1.76539409160614
aia,2017,2.91874408721924
aia,2018,2.4073121547699
aia,2019,1.23748075962067
aia,2020,1.2450864315033
aia,2021,1.33736181259155
aia,2022,1.58733594417572
aia,2023,1.36954021453857
alb,1970,0.00357363629154861
alb,1971,0.00558583904057741
alb,1972,0.0048485454171896
alb,1973,0.00840368866920471
alb,1974,0.0171281490474939
alb,1975,0.0203646738082171
alb,1976,0.0157009810209274
alb,1977,0.0208164025098085
alb,1978,0.0162195339798927
alb,1979,0.0509630478918552
alb,1980,0.0827859118580818
alb,1981,0.0783718004822731
alb,1982,0.0761076137423515
alb,1983,0.0623043850064278
alb,1984,0.0623203329741955
alb,1985,0.0513395853340626
alb,1986,0.0577641800045967
alb,1987,0.0473739728331566
alb,1988,0.048923946917057
alb,1989,0.0478395037353039
alb,1990,0.0423584841191769
alb,1991,0.0499180108308792
alb,1992,0.055146586149931
alb,1993,0.0365376695990562
alb,1994,0.029213160276413
alb,1995,0.0352715700864792
alb,1996,0.0300928633660078
alb,1997,0.0251157190650702
alb,1998,0.0450236015021801
alb,1999,0.0679065883159638
alb,2000,0.0449529737234116
alb,2001,0.0494626387953758
alb,2002,0.0481208562850952
alb,2003,0.0540752336382866
alb,2004,0.0644323453307152
alb,2005,0.0650442317128182
alb,2006,0.0693649798631668
alb,2007,0.080034926533699
alb,2008,0.0808313637971878
alb,2009,0.063522182404995
alb,2010,0.0901787877082825
alb,2011,0.104541398584843
alb,2012,0.106059715151787
alb,2013,0.128346785902977
alb,2014,0.117664828896523
alb,2015,0.0999043583869934
alb,2016,0.102021165192127
alb,2017,0.108465723693371
alb,2018,0.129548758268356
alb,2019,0.125749975442886
alb,2020,0.0935717970132828
alb,2021,0.140060067176819
alb,2022,0.155668199062347
alb,2023,0.157856225967407
are,1970,0.0376008152961731
are,1971,0.0442314594984055
are,1972,0.172261744737625
are,1973,0.199633240699768
are,1974,0.338795810937881
are,1975,0.240858629345894
are,1976,0.234492033720016
are,1977,0.179267317056656
are,1978,0.184627071022987
are,1979,0.183668419718742
are,1980,0.0107781458646059
are,1981,0.00967396888881922
are,1982,0.00961794424802065
are,1983,0.0230686087161303
are,1984,0.020693751052022
are,1985,0.019304733723402
are,1986,0.022919375449419
are,1987,0.184077352285385
are,1988,0.0361361764371395
are,1989,0.00815303158015013
are,1990,0.0370271988213062
are,1991,0.00344008998945355
are,1992,0.00578701961785555
are,1993,0.0407460480928421
are,1994,0.214575871825218
are,1995,0.211337521672249
are,1996,0.225795924663544
are,1997,0.240522801876068
are,1998,0.209496036171913
are,1999,0.232479006052017
are,2000,0.280308842658997
are,2001,0.2308529317379
are,2002,0.353060245513916
are,2003,0.401488780975342
are,2004,0.461922287940979
are,2005,0.506562888622284
are,2006,0.523305654525757
are,2007,0.487170785665512
are,2008,0.52782541513443
are,2009,0.532927572727203
are,2010,0.571641683578491
are,2011,0.60347318649292
are,2012,0.480433255434036
are,2013,0.432310432195663
are,2014,0.372560441493988
are,2015,0.789174318313599
are,2016,0.807072460651398
are,2017,0.819787085056305
are,2018,0.918018281459808
are,2019,0.876814484596252
are,2020,0.937791883945465
are,2021,1.06602013111115
are,2022,1.08592247962952
are,2023,1.08285069465637
arg,1950,0.122831925749779
arg,1951,0.10066045075655
arg,1952,0.0767364278435707
arg,1953,0.105124786496162
arg,1954,0.106851451098919
arg,1955,0.0903784036636353
arg,1956,0.0998392701148987
arg,1957,0.0993728414177895
arg,1958,0.0921029299497604
arg,1959,0.102237947285175
arg,1960,0.094281442463398
arg,1961,0.0794188305735588
arg,1962,0.109095856547356
arg,1963,0.103528276085854
arg,1964,0.0932213291525841
arg,1965,0.0752509236335754
arg,1966,0.0845777466893196
arg,1967,0.0783339813351631
arg,1968,0.068794921040535
arg,1969,0.0755806267261505
arg,1970,0.0925264358520508
arg,1971,0.0728525817394257
arg,1972,0.0459474325180054
arg,1973,0.0496162809431553
arg,1974,0.0496581494808197
arg,1975,0.097862608730793
arg,1976,0.0787246078252792
arg,1977,0.135719612240791
arg,1978,0.144137352705002
arg,1979,0.132983565330505
arg,1980,0.118559151887894
arg,1981,0.124267891049385
arg,1982,0.150792822241783
arg,1983,0.118736915290356
arg,1984,0.121033184230328
arg,1985,0.162374421954155
arg,1986,0.106833845376968
arg,1987,0.0842113718390465
arg,1988,0.10748852789402
arg,1989,0.115218333899975
arg,1990,0.130286812782288
arg,1991,0.0953155383467674
arg,1992,0.09412881731987
arg,1993,0.0850038975477219
arg,1994,0.0854983031749725
arg,1995,0.0945856496691704
arg,1996,0.0832160636782646
arg,1997,0.0918794497847557
arg,1998,0.0978211164474487
arg,1999,0.0943340435624123
arg,2000,0.11192362010479
arg,2001,0.123524151742458
arg,2002,0.139791995286942
arg,2003,0.138221591711044
arg,2004,0.135721370577812
arg,2005,0.139791339635849
arg,2006,0.142182439565659
arg,2007,0.139947220683098
arg,2008,0.147686570882797
arg,2009,0.131688356399536
arg,2010,0.136462584137917
arg,2011,0.141862109303474
arg,2012,0.136515408754349
arg,2013,0.124281421303749
arg,2014,0.111933879554272
arg,2015,0.099570170044899
arg,2016,0.102933771908283
arg,2017,0.0904840156435967
arg,2018,0.0887071192264557
arg,2019,0.102657653391361
arg,2020,0.090038076043129
arg,2021,0.0926072001457214
arg,2022,0.096124179661274
arg,2023,0.0847649276256561
arm,1990,0.00686802994459868
arm,1991,0.00616762926802039
arm,1992,0.00873052515089512
arm,1993,0.0151243861764669
arm,1994,0.0185132175683975
arm,1995,0.00913162715733051
arm,1996,0.0169028285890818
arm,1997,0.035061452537775
arm,1998,0.0348080210387707
arm,1999,0.0411107614636421
arm,2000,0.053122516721487
arm,2001,0.0619434714317322
arm,2002,0.0856567919254303
arm,2003,0.0889322012662888
arm,2004,0.0864899605512619
arm,2005,0.0920399576425552
arm,2006,0.0843329057097435
arm,2007,0.0766119882464409
arm,2008,0.0596254393458366
arm,2009,0.0447909682989121
arm,2010,0.0619031377136707
arm,2011,0.0703757181763649
arm,2012,0.0693623051047325
arm,2013,0.0708806663751602
arm,2014,0.0683782771229744
arm,2015,0.0753921121358872
arm,2016,0.0868896991014481
arm,2017,0.0867965370416641
arm,2018,0.0909554809331894
arm,2019,0.0873222127556801
arm,2020,0.0606642886996269
arm,2021,0.0753843784332275
arm,2022,0.115850053727627
arm,2023,0.127588972449303
atg,1970,0.426037907600403
atg,1971,0.419746279716492
atg,1972,0.400083214044571
atg,1973,0.421353399753571
atg,1974,0.526123523712158
atg,1975,0.433714836835861
atg,1976,0.443715631961823
atg,1977,0.10557808727026
atg,1978,0.17633156478405
atg,1979,0.23638704419136
atg,1980,0.25824561715126
atg,1981,0.357455939054489
atg,1982,0.288818746805191
atg,1983,0.231479153037071
atg,1984,0.332103371620178
atg,1985,0.409184217453003
atg,1986,0.305122435092926
atg,1987,0.283444255590439
atg,1988,0.286178529262543
atg,1989,0.308555334806442
atg,1990,0.341282159090042
atg,1991,0.318177491426468
atg,1992,0.398372977972031
atg,1993,0.405118107795715
atg,1994,0.0867408439517021
atg,1995,0.126809746026993
atg,1996,0.121145784854889
atg,1997,0.151674151420593
atg,1998,0.0981797426939011
atg,1999,0.0319940336048603
atg,2000,0.046237125992775
atg,2001,0.464378148317337
atg,2002,0.518559753894806
atg,2003,0.632005751132965
atg,2004,0.345032513141632
atg,2005,0.150133401155472
atg,2006,0.367060720920563
atg,2007,0.0798931419849396
atg,2008,0.292356282472611
atg,2009,0.178553760051727
atg,2010,0.0271891672164202
atg,2011,0.0204222872853279
atg,2012,0.0216889288276434
atg,2013,0.0244820732623339
atg,2014,0.290760189294815
atg,2015,0.0262605734169483
atg,2016,0.0619477480649948
atg,2017,0.0753757208585739
atg,2018,0.0214194040745497
atg,2019,0.0323028564453125
atg,2020,0.0158446747809649
atg,2021,0.0147732235491276
atg,2022,0.0237188898026943
atg,2023,0.022780604660511
aus,1950,0.10340690612793
aus,1951,0.0862131267786026
aus,1952,0.112341053783894
aus,1953,0.108862094581127
aus,1954,0.103928811848164
aus,1955,0.10446971654892
aus,1956,0.112491011619568
aus,1957,0.0994082689285278
aus,1958,0.100069686770439
aus,1959,0.102613814175129
aus,1960,0.107452906668186
aus,1961,0.114689223468304
aus,1962,0.0992774441838265
aus,1963,0.117974191904068
aus,1964,0.125066086649895
aus,1965,0.114593110978603
aus,1966,0.111869432032108
aus,1967,0.116097055375576
aus,1968,0.105913795530796
aus,1969,0.108542211353779
aus,1970,0.12300205975771
aus,1971,0.122545748949051
aus,1972,0.115126095712185
aus,1973,0.124482378363609
aus,1974,0.140751719474792
aus,1975,0.148453161120415
aus,1976,0.151372224092484
aus,1977,0.156470432877541
aus,1978,0.142562329769135
aus,1979,0.159955322742462
aus,1980,0.170277431607246
aus,1981,0.155570924282074
aus,1982,0.15483383834362
aus,1983,0.146834477782249
aus,1984,0.156143933534622
aus,1985,0.156788796186447
aus,1986,0.137442603707314
aus,1987,0.137979790568352
aus,1988,0.142343819141388
aus,1989,0.149958908557892
aus,1990,0.160141006112099
aus,1991,0.146491959691048
aus,1992,0.180362015962601
aus,1993,0.166809603571892
aus,1994,0.167798489332199
aus,1995,0.168659821152687
aus,1996,0.17974516749382
aus,1997,0.186030179262161
aus,1998,0.171306893229485
aus,1999,0.161257207393646
aus,2000,0.19551657140255
aus,2001,0.188439950346947
aus,2002,0.186276078224182
aus,2003,0.175573468208313
aus,2004,0.197480350732803
aus,2005,0.231379598379135
aus,2006,0.247871533036232
aus,2007,0.252106487751007
aus,2008,0.30406129360199
aus,2009,0.264573872089386
aus,2010,0.313801676034927
aus,2011,0.369869858026505
aus,2012,0.35470187664032
aus,2013,0.322682499885559
aus,2014,0.304023206233978
aus,2015,0.274855405092239
aus,2016,0.264800012111664
aus,2017,0.304734975099564
aus,2018,0.309819608926773
aus,2019,0.331201374530792
aus,2020,0.286065459251404
aus,2021,0.300543457269669
aus,2022,0.331658601760864
aus,2023,0.321024298667908
aut,1950,0.0531789138913155
aut,1951,0.0586631037294865
aut,1952,0.0559336729347706
aut,1953,0.066884309053421
aut,1954,0.0741633996367455
aut,1955,0.0744347646832466
aut,1956,0.0924788415431976
aut,1957,0.101135052740574
aut,1958,0.0925238505005837
aut,1959,0.0922680646181107
aut,1960,0.0953720733523369
aut,1961,0.0927386656403542
aut,1962,0.0954702347517014
aut,1963,0.125514730811119
aut,1964,0.12377092987299
aut,1965,0.12559001147747
aut,1966,0.122984476387501
aut,1967,0.125044941902161
aut,1968,0.12799434363842
aut,1969,0.142751887440681
aut,1970,0.150232091546059
aut,1971,0.144171342253685
aut,1972,0.147365659475327
aut,1973,0.156268119812012
aut,1974,0.194863453507423
aut,1975,0.176655575633049
aut,1976,0.198990106582642
aut,1977,0.190522417426109
aut,1978,0.20378078520298
aut,1979,0.228661730885506
aut,1980,0.241169661283493
aut,1981,0.24918919801712
aut,1982,0.243517071008682
aut,1983,0.24214094877243
aut,1984,0.264625698328018
aut,1985,0.291521310806274
aut,1986,0.312078058719635
aut,1987,0.3278768658638
aut,1988,0.331176251173019
aut,1989,0.323728114366531
aut,1990,0.371580719947815
aut,1991,0.321386128664017
aut,1992,0.366145700216293
aut,1993,0.324597120285034
aut,1994,0.334714204072952
aut,1995,0.370583087205887
aut,1996,0.369549244642258
aut,1997,0.361312001943588
aut,1998,0.394912004470825
aut,1999,0.374399811029434
aut,2000,0.407603293657303
aut,2001,0.443319469690323
aut,2002,0.464708685874939
aut,2003,0.51679390668869
aut,2004,0.589748978614807
aut,2005,0.6086545586586
aut,2006,0.64244669675827
aut,2007,0.664323568344116
aut,2008,0.662817656993866
aut,2009,0.548387765884399
aut,2010,0.58676952123642
aut,2011,0.624255001544952
aut,2012,0.594345152378082
aut,2013,0.614782154560089
aut,2014,0.5875044465065
aut,2015,0.526095628738403
aut,2016,0.521626710891724
aut,2017,0.534099876880646
aut,2018,0.546379148960114
aut,2019,0.531635403633118
aut,2020,0.493211925029755
aut,2021,0.545311212539673
aut,2022,0.608813285827637
aut,2023,0.580772757530212
aze,1990,0.0213121492415667
aze,1991,0.0129276681691408
aze,1992,0.0286446008831263
aze,1993,0.0264360699802637
aze,1994,0.0130638098344207
aze,1995,0.0186570156365633
aze,1996,0.0611378252506256
aze,1997,0.078426219522953
aze,1998,0.0848167240619659
aze,1999,0.133659318089485
aze,2000,0.198980703949928
aze,2001,0.252168089151382
aze,2002,0.255724787712097
aze,2003,0.239358678460121
aze,2004,0.280848622322083
aze,2005,0.237684234976769
aze,2006,0.235421478748322
aze,2007,0.150821805000305
aze,2008,0.866479337215424
aze,2009,0.280183672904968
aze,2010,0.328703433275223
aze,2011,0.32668074965477
aze,2012,0.278468936681747
aze,2013,0.246550559997559
aze,2014,0.238562509417534
aze,2015,0.154790937900543
aze,2016,0.194588765501976
aze,2017,0.207897514104843
aze,2018,0.242701843380928
aze,2019,0.228669986128807
aze,2020,0.195238679647446
aze,2021,0.230393975973129
aze,2022,0.259252399206162
aze,2023,0.239098563790321
bdi,1960,0.0887621492147446
bdi,1961,0.0890909358859062
bdi,1962,0.0867099910974503
bdi,1963,0.0513747707009316
bdi,1964,0.100405693054199
bdi,1965,0.0712276771664619
bdi,1966,0.0893318727612495
bdi,1967,0.0895601883530617
bdi,1968,0.0850539281964302
bdi,1969,0.0939470157027245
bdi,1970,0.0727876871824265
bdi,1971,0.0668450146913528
bdi,1972,0.091176375746727
bdi,1973,0.0803509280085564
bdi,1974,0.0822062864899635
bdi,1975,0.093416191637516
bdi,1976,0.074070654809475
bdi,1977,0.0558123886585236
bdi,1978,0.0717638283967972
bdi,1979,0.0831549987196922
bdi,1980,0.0542637631297112
bdi,1981,0.0667598769068718
bdi,1982,0.0746351778507233
bdi,1983,0.0780167654156685
bdi,1984,0.0670517161488533
bdi,1985,0.0710777193307877
bdi,1986,0.0729766190052033
bdi,1987,0.0499211698770523
bdi,1988,0.0502122454345226
bdi,1989,0.0418694578111172
bdi,1990,0.0333694033324719
bdi,1991,0.0386627279222012
bdi,1992,0.0371660925447941
bdi,1993,0.0348312482237816
bdi,1994,0.0346647277474403
bdi,1995,0.0472693555057049
bdi,1996,0.0206574387848377
bdi,1997,0.0405044183135033
bdi,1998,0.0319568365812302
bdi,1999,0.0273993238806725
bdi,2000,0.0274500511586666
bdi,2001,0.0225300434976816
bdi,2002,0.0186275150626898
bdi,2003,0.0184930749237537
bdi,2004,0.01946428604424
bdi,2005,0.0238153226673603
bdi,2006,0.0278520826250315
bdi,2007,0.0255086943507195
bdi,2008,0.0392549596726894
bdi,2009,0.0278829019516706
bdi,2010,0.0423216558992863
bdi,2011,0.0389498174190521
bdi,2012,0.0464263521134853
bdi,2013,0.039338544011116
bdi,2014,0.0399934388697147
bdi,2015,0.0325470268726349
bdi,2016,0.034829568117857
bdi,2017,0.046801894903183
bdi,2018,0.0484242029488087
bdi,2019,0.0445742756128311
bdi,2020,0.0376443304121494
bdi,2021,0.0402839258313179
bdi,2022,0.0442467853426933
bdi,2023,0.0432569198310375
bel,1950,0.247907876968384
bel,1951,0.310482442378998
bel,1952,0.287046611309052
bel,1953,0.286249548196793
bel,1954,0.301067471504211
bel,1955,0.330459028482437
bel,1956,0.344708174467087
bel,1957,0.339914709329605
bel,1958,0.328417301177979
bel,1959,0.337748378515244
bel,1960,0.369007050991058
bel,1961,0.368972927331924
bel,1962,0.351091712713242
bel,1963,0.36534708738327
bel,1964,0.37526199221611
bel,1965,0.378661453723907
bel,1966,0.379538655281067
bel,1967,0.380290865898132
bel,1968,0.410313487052918
bel,1969,0.433886080980301
bel,1970,0.448281794786453
bel,1971,0.443125784397125
bel,1972,0.456808894872665
bel,1973,0.508371412754059
bel,1974,0.578519225120544
bel,1975,0.522546052932739
bel,1976,0.551790952682495
bel,1977,0.548930585384369
bel,1978,0.531673491001129
bel,1979,0.57745361328125
bel,1980,0.571907460689545
bel,1981,0.60975569486618
bel,1982,0.618228435516357
bel,1983,0.641632497310638
bel,1984,0.680678009986877
bel,1985,0.697176098823547
bel,1986,0.726140201091766
bel,1987,0.767967164516449
bel,1988,0.77066707611084
bel,1989,0.789141654968262
bel,1990,0.886829137802124
bel,1991,0.794198274612427
bel,1992,0.928672850131989
bel,1993,0.847471594810486
bel,1994,0.88580447435379
bel,1995,0.961641669273377
bel,1996,0.971045970916748
bel,1997,0.915260434150696
bel,1998,0.947112739086151
bel,1999,0.920575976371765
bel,2000,0.943622708320618
bel,2001,0.94348156452179
bel,2002,0.960723698139191
bel,2003,1.05898404121399
bel,2004,1.17680585384369
bel,2005,1.24700331687927
bel,2006,1.31393933296204
bel,2007,1.37790024280548
bel,2008,1.42326927185059
bel,2009,1.17680597305298
bel,2010,1.22019326686859
bel,2011,1.33114266395569
bel,2012,1.27620553970337
bel,2013,1.27001190185547
bel,2014,1.29379892349243
bel,2015,1.15108942985535
bel,2016,1.17386949062347
bel,2017,1.25458908081055
bel,2018,1.30576300621033
bel,2019,1.26422941684723
bel,2020,1.19656360149384
bel,2021,1.3587532043457
bel,2022,1.48138356208801
bel,2023,1.27203249931335
ben,1959,0.0151952551677823
ben,1960,0.0228106286376715
ben,1961,0.0169245973229408
ben,1962,0.0115479733794928
ben,1963,0.0125813381746411
ben,1964,0.0125843491405249
ben,1965,0.0110217742621899
ben,1966,0.009346604347229
ben,1967,0.0122072324156761
ben,1968,0.0142597816884518
ben,1969,0.0174843091517687
ben,1970,0.0169547200202942
ben,1971,0.022145064547658
ben,1972,0.0191740393638611
ben,1973,0.0162380412220955
ben,1974,0.0154417678713799
ben,1975,0.0172028578817844
ben,1976,0.0158118829131126
ben,1977,0.0129515798762441
ben,1978,0.0080415066331625
ben,1979,0.0142688034102321
ben,1980,0.0138700408861041
ben,1981,0.0101040564477444
ben,1982,0.0156004894524813
ben,1983,0.0304909013211727
ben,1984,0.0430290922522545
ben,1985,0.0546734817326069
ben,1986,0.0435983203351498
ben,1987,0.0368572510778904
ben,1988,0.0186845827847719
ben,1989,0.0260939300060272
ben,1990,0.0358058214187622
ben,1991,0.0281575843691826
ben,1992,0.0266148522496223
ben,1993,0.0508775673806667
ben,1994,0.0452867075800896
ben,1995,0.0813400745391846
ben,1996,0.088190458714962
ben,1997,0.0673647373914719
ben,1998,0.0568249002099037
ben,1999,0.0328113175928593
ben,2000,0.0257490854710341
ben,2001,0.0263289287686348
ben,2002,0.0282626431435347
ben,2003,0.0268274806439877
ben,2004,0.0259078014642
ben,2005,0.0237314999103546
ben,2006,0.0170201547443867
ben,2007,0.0182609185576439
ben,2008,0.0248312819749117
ben,2009,0.026975130662322
ben,2010,0.0312845334410667
ben,2011,0.0217341408133507
ben,2012,0.0252171475440264
ben,2013,0.029872065410018
ben,2014,0.042923666536808
ben,2015,0.0315759740769863
ben,2016,0.0195340067148209
ben,2017,0.0339828357100487
ben,2018,0.0422886721789837
ben,2019,0.0351060032844543
ben,2020,0.0256894156336784
ben,2021,0.0300476346164942
ben,2022,0.0363052859902382
ben,2023,0.0344483032822609
bfa,1959,0.00809347163885832
bfa,1960,0.00577080063521862
bfa,1961,0.00559322535991669
bfa,1962,0.00707661034539342
bfa,1963,0.0112870754674077
bfa,1964,0.0211741141974926
bfa,1965,0.0221500024199486
bfa,1966,0.0230246502906084
bfa,1967,0.0232376232743263
bfa,1968,0.0268597453832626
bfa,1969,0.0244292579591274
bfa,1970,0.0280460827052593
bfa,1971,0.0246404614299536
bfa,1972,0.0244348980486393
bfa,1973,0.0272736512124538
bfa,1974,0.0291321892291307
bfa,1975,0.0307448953390121
bfa,1976,0.0295501556247473
bfa,1977,0.0255774017423391
bfa,1978,0.0191258955746889
bfa,1979,0.0345526002347469
bfa,1980,0.0362036637961865
bfa,1981,0.0323343873023987
bfa,1982,0.0224848724901676
bfa,1983,0.0251038316637278
bfa,1984,0.0180611703544855
bfa,1985,0.0138268163427711
bfa,1986,0.0147792678326368
bfa,1987,0.0215835124254227
bfa,1988,0.0215728525072336
bfa,1989,0.0169470552355051
bfa,1990,0.0255415048450232
bfa,1991,0.0278860256075859
bfa,1992,0.0256420541554689
bfa,1993,0.0226999446749687
bfa,1994,0.0174402911216021
bfa,1995,0.0280209090560675
bfa,1996,0.0287655610591173
bfa,1997,0.030536025762558
bfa,1998,0.0340553224086762
bfa,1999,0.0303138587623835
bfa,2000,0.0245125945657492
bfa,2001,0.0218196306377649
bfa,2002,0.0200309529900551
bfa,2003,0.0326200425624847
bfa,2004,0.0379706732928753
bfa,2005,0.0277377907186747
bfa,2006,0.0266604963690043
bfa,2007,0.0322556309401989
bfa,2008,0.0296747554093599
bfa,2009,0.0549172721803188
bfa,2010,0.0777183622121811
bfa,2011,0.126762479543686
bfa,2012,0.125842705368996
bfa,2013,0.127140283584595
bfa,2014,0.134829565882683
bfa,2015,0.107844278216362
bfa,2016,0.111502975225449
bfa,2017,0.109294757246971
bfa,2018,0.125987023115158
bfa,2019,0.112028069794178
bfa,2020,0.119302988052368
bfa,2021,0.141063421964645
bfa,2022,0.134122222661972
bfa,2023,0.119000986218452
bgd,1959,0.00373034947551787
bgd,1960,0.00299842422828078
bgd,1961,0.00259852106682956
bgd,1962,0.00285020121373236
bgd,1963,0.00286748935468495
bgd,1964,0.00296547077596188
bgd,1965,0.00277205486781895
bgd,1966,0.00315087265335023
bgd,1967,0.00282416632398963
bgd,1968,0.00282064033672214
bgd,1969,0.00279226037673652
bgd,1970,0.00287319649942219
bgd,1971,0.00207185815088451
bgd,1972,0.00166860746685416
bgd,1973,0.00911747664213181
bgd,1974,0.0123812677338719
bgd,1975,0.0117615256458521
bgd,1976,0.01703080534935
bgd,1977,0.015853013843298
bgd,1978,0.0163523275405169
bgd,1979,0.0177929569035769
bgd,1980,0.0155449993908405
bgd,1981,0.0162542350590229
bgd,1982,0.0203735437244177
bgd,1983,0.0228489022701979
bgd,1984,0.021190395578742
bgd,1985,0.0199758838862181
bgd,1986,0.0169095993041992
bgd,1987,0.0188047178089619
bgd,1988,0.0199516527354717
bgd,1989,0.0181028004735708
bgd,1990,0.0203816033899784
bgd,1991,0.0209910348057747
bgd,1992,0.0248541422188282
bgd,1993,0.0282132215797901
bgd,1994,0.0298348851501942
bgd,1995,0.0362974889576435
bgd,1996,0.0360433794558048
bgd,1997,0.0433239825069904
bgd,1998,0.0594266690313816
bgd,1999,0.0628660544753075
bgd,2000,0.0648532956838608
bgd,2001,0.0643429607152939
bgd,2002,0.0601326450705528
bgd,2003,0.0653320252895355
bgd,2004,0.0778362229466438
bgd,2005,0.0845669358968735
bgd,2006,0.0917414501309395
bgd,2007,0.0830155685544014
bgd,2008,0.0746713727712631
bgd,2009,0.0710130110383034
bgd,2010,0.0732309371232987
bgd,2011,0.0747743397951126
bgd,2012,0.0835663750767708
bgd,2013,0.0786059722304344
bgd,2014,0.0784049928188324
bgd,2015,0.0752536281943321
bgd,2016,0.0822718217968941
bgd,2017,0.0758428350090981
bgd,2018,0.0716990903019905
bgd,2019,0.0750910267233849
bgd,2020,0.0570673868060112
bgd,2021,0.0599098429083824
bgd,2022,0.0766212865710259
bgd,2023,0.0767690241336823
bgr,1970,0.019069442525506
bgr,1971,0.0203858278691769
bgr,1972,0.017691882327199
bgr,1973,0.0212911050766706
bgr,1974,0.029620261862874
bgr,1975,0.0310151502490044
bgr,1976,0.0313717350363731
bgr,1977,0.0314005389809608
bgr,1978,0.0295718535780907
bgr,1979,0.0440780743956566
bgr,1980,0.0315752141177654
bgr,1981,0.0229885280132294
bgr,1982,0.0211780332028866
bgr,1983,0.0183737333863974
bgr,1984,0.0306074172258377
bgr,1985,0.0308360233902931
bgr,1986,0.0265658088028431
bgr,1987,0.022245891392231
bgr,1988,0.0219698082655668
bgr,1989,0.0192902591079474
bgr,1990,0.0359903648495674
bgr,1991,0.0297004729509354
bgr,1992,0.0428328886628151
bgr,1993,0.0539447069168091
bgr,1994,0.0653461068868637
bgr,1995,0.090365931391716
bgr,1996,0.12700217962265
bgr,1997,0.172224387526512
bgr,1998,0.132327809929848
bgr,1999,0.121835142374039
bgr,2000,0.147487640380859
bgr,2001,0.155249878764153
bgr,2002,0.160796761512756
bgr,2003,0.187447980046272
bgr,2004,0.218786463141441
bgr,2005,0.241340786218643
bgr,2006,0.26944836974144
bgr,2007,0.275277107954025
bgr,2008,0.275568127632141
bgr,2009,0.215520724654198
bgr,2010,0.257915526628494
bgr,2011,0.344718307256699
bgr,2012,0.330807060003281
bgr,2013,0.371982574462891
bgr,2014,0.353626728057861
bgr,2015,0.323749035596848
bgr,2016,0.318325281143189
bgr,2017,0.352196037769318
bgr,2018,0.354512691497803
bgr,2019,0.336920082569122
bgr,2020,0.311234027147293
bgr,2021,0.336350202560425
bgr,2022,0.389603912830353
bgr,2023,0.36284151673317
bhr,1970,0.702485322952271
bhr,1971,0.898043274879456
bhr,1972,0.735155880451202
bhr,1973,0.703529834747315
bhr,1974,1.50931525230408
bhr,1975,1.36905765533447
bhr,1976,1.39595437049866
bhr,1977,1.3640593290329
bhr,1978,1.19377446174622
bhr,1979,0.198678851127625
bhr,1980,0.0891643464565277
bhr,1981,0.105783678591251
bhr,1982,0.219977512955666
bhr,1983,0.229718551039696
bhr,1984,0.148502245545387
bhr,1985,0.235263392329216
bhr,1986,0.189937338232994
bhr,1987,0.200797647237778
bhr,1988,0.199696138501167
bhr,1989,0.229760527610779
bhr,1990,0.225289314985275
bhr,1991,0.175113558769226
bhr,1992,0.249053418636322
bhr,1993,0.313795983791351
bhr,1994,0.670956611633301
bhr,1995,0.665480732917786
bhr,1996,0.316384524106979
bhr,1997,0.462519824504852
bhr,1998,0.468081921339035
bhr,1999,0.397772520780563
bhr,2000,0.772246241569519
bhr,2001,0.662559628486633
bhr,2002,0.671484112739563
bhr,2003,0.572822630405426
bhr,2004,0.540322840213776
bhr,2005,0.538117289543152
bhr,2006,0.520471811294556
bhr,2007,0.497949540615082
bhr,2008,0.31484916806221
bhr,2009,0.247134745121002
bhr,2010,0.429303377866745
bhr,2011,0.549826323986054
bhr,2012,0.356800556182861
bhr,2013,0.425186276435852
bhr,2014,0.376782953739166
bhr,2015,0.359699636697769
bhr,2016,0.280702471733093
bhr,2017,0.268750756978989
bhr,2018,0.298239558935165
bhr,2019,0.280342698097229
bhr,2020,0.270048528909683
bhr,2021,0.397293001413345
bhr,2022,0.423184812068939
bhr,2023,0.477626383304596
bhs,1970,0.86929726600647
bhs,1971,0.85475617647171
bhs,1972,0.859882175922394
bhs,1973,0.890549182891846
bhs,1974,0.986903011798859
bhs,1975,1.09602272510529
bhs,1976,0.988044917583466
bhs,1977,1.09587728977203
bhs,1978,1.00570249557495
bhs,1979,1.02522647380829
bhs,1980,0.971986413002014
bhs,1981,1.05667233467102
bhs,1982,1.03660237789154
bhs,1983,1.00825107097626
bhs,1984,0.925294876098633
bhs,1985,0.92553323507309
bhs,1986,0.862990736961365
bhs,1987,0.798970758914948
bhs,1988,0.844455003738403
bhs,1989,0.586082875728607
bhs,1990,0.569025874137878
bhs,1991,0.541733503341675
bhs,1992,0.626110255718231
bhs,1993,0.665758371353149
bhs,1994,0.596303343772888
bhs,1995,0.559129357337952
bhs,1996,0.521056413650513
bhs,1997,0.512433111667633
bhs,1998,0.522554516792297
bhs,1999,0.564137756824493
bhs,2000,0.585015952587128
bhs,2001,0.602428436279297
bhs,2002,0.53539115190506
bhs,2003,0.515135765075684
bhs,2004,0.539696872234345
bhs,2005,0.493435204029083
bhs,2006,0.539132535457611
bhs,2007,0.537543058395386
bhs,2008,0.525601506233215
bhs,2009,0.448132038116455
bhs,2010,0.447209298610687
bhs,2011,0.4619480073452
bhs,2012,0.490888029336929
bhs,2013,0.558425724506378
bhs,2014,0.494184136390686
bhs,2015,0.571364879608154
bhs,2016,0.550422787666321
bhs,2017,0.53827977180481
bhs,2018,0.549571871757507
bhs,2019,0.545174479484558
bhs,2020,0.393666625022888
bhs,2021,0.46712452173233
bhs,2022,0.569499492645264
bhs,2023,0.552550911903381
bih,1990,0.592310547828674
bih,1991,0.48031085729599
bih,1992,0.597386717796326
bih,1993,0.377774268388748
bih,1994,0.211798131465912
bih,1995,0.0820325389504433
bih,1996,0.0685811787843704
bih,1997,0.0946825817227364
bih,1998,0.0867438092827797
bih,1999,0.090035080909729
bih,2000,0.127379268407822
bih,2001,0.134804502129555
bih,2002,0.12590816617012
bih,2003,0.149311393499374
bih,2004,0.176369652152061
bih,2005,0.192710891366005
bih,2006,0.201620399951935
bih,2007,0.220115900039673
bih,2008,0.227572500705719
bih,2009,0.206435233354568
bih,2010,0.232190251350403
bih,2011,0.248223930597305
bih,2012,0.227705866098404
bih,2013,0.249273240566254
bih,2014,0.246489733457565
bih,2015,0.234571546316147
bih,2016,0.24467833340168
bih,2017,0.279274463653564
bih,2018,0.30540081858635
bih,2019,0.284308552742004
bih,2020,0.249713599681854
bih,2021,0.314661204814911
bih,2022,0.343911170959473
bih,2023,0.318714916706085
blr,1990,0.251893699169159
blr,1991,0.222389698028564
blr,1992,0.206160053610802
blr,1993,0.268073081970215
blr,1994,0.0733377188444138
blr,1995,0.0426419638097286
blr,1996,0.0962718948721886
blr,1997,0.134084418416023
blr,1998,0.156888052821159
blr,1999,0.13967490196228
blr,2000,0.165608465671539
blr,2001,0.1786018460989
blr,2002,0.186076581478119
blr,2003,0.200599730014801
blr,2004,0.239973038434982
blr,2005,0.263398438692093
blr,2006,0.274543821811676
blr,2007,0.282913237810135
blr,2008,0.29595211148262
blr,2009,0.214351907372475
blr,2010,0.219905525445938
blr,2011,0.311723053455353
blr,2012,0.381442248821259
blr,2013,0.291817873716354
blr,2014,0.290556997060776
blr,2015,0.233894795179367
blr,2016,0.211141377687454
blr,2017,0.244836717844009
blr,2018,0.271314531564713
blr,2019,0.247325330972672
blr,2020,0.223166465759277
blr,2021,0.254685580730438
blr,2022,0.227633237838745
blr,2023,0.239212185144424
blz,1970,0.255068272352219
blz,1971,0.2469722032547
blz,1972,0.296223700046539
blz,1973,0.265511691570282
blz,1974,0.288545221090317
blz,1975,0.293886452913284
blz,1976,0.306058794260025
blz,1977,0.282983928918839
blz,1978,0.332184910774231
blz,1979,0.277412861585617
blz,1980,0.246455326676369
blz,1981,0.381892919540405
blz,1982,0.253868073225021
blz,1983,0.243054881691933
blz,1984,0.436522156000137
blz,1985,0.442023545503616
blz,1986,0.354807734489441
blz,1987,0.366479456424713
blz,1988,0.360032111406326
blz,1989,0.311184257268906
blz,1990,0.315072298049927
blz,1991,0.262862026691437
blz,1992,0.361632078886032
blz,1993,0.348045617341995
blz,1994,0.357538044452667
blz,1995,0.332004547119141
blz,1996,0.363704532384872
blz,1997,0.442733913660049
blz,1998,0.475216090679169
blz,1999,0.493467926979065
blz,2000,0.529470503330231
blz,2001,0.557936370372772
blz,2002,0.556001126766205
blz,2003,0.511156558990479
blz,2004,0.459752529859543
blz,2005,0.481372714042664
blz,2006,0.556775152683258
blz,2007,0.515691101551056
blz,2008,0.527748942375183
blz,2009,0.435547679662704
blz,2010,0.493062496185303
blz,2011,0.558386087417603
blz,2012,0.594558119773865
blz,2013,0.576619029045105
blz,2014,0.572023153305054
blz,2015,0.616078853607178
blz,2016,0.574575006961823
blz,2017,0.614838838577271
blz,2018,0.603597223758698
blz,2019,0.567852735519409
blz,2020,0.411023855209351
blz,2021,0.528790831565857
blz,2022,0.592683374881744
blz,2023,0.556573390960693
bmu,1970,0.82002866268158
bmu,1971,0.534904956817627
bmu,1972,0.24223518371582
bmu,1973,0.204562038183212
bmu,1974,0.299502789974213
bmu,1975,0.255696207284927
bmu,1976,0.273151725530624
bmu,1977,0.215195849537849
bmu,1978,0.216127276420593
bmu,1979,0.169333830475807
bmu,1980,0.240877598524094
bmu,1981,0.165857344865799
bmu,1982,0.0835167765617371
bmu,1983,0.0927752032876015
bmu,1984,0.142646208405495
bmu,1985,0.0704903677105904
bmu,1986,0.143598526716232
bmu,1987,0.526437282562256
bmu,1988,0.0405884049832821
bmu,1989,0.143380969762802
bmu,1990,0.0872847065329552
bmu,1991,0.0623775534331799
bmu,1992,0.180782243609428
bmu,1993,0.0749610587954521
bmu,1994,0.239883169531822
bmu,1995,0.086566872894764
bmu,1996,0.516909718513489
bmu,1997,0.287707179784775
bmu,1998,1.8466420173645
bmu,1999,0.40333503484726
bmu,2000,82.7738189697266
bmu,2001,4.46126651763916
bmu,2002,1.12492823600769
bmu,2003,1.9841970205307
bmu,2004,0.944761574268341
bmu,2005,0.269506305456162
bmu,2006,0.261408001184464
bmu,2007,0.125590264797211
bmu,2008,0.179572492837906
bmu,2009,0.188459858298302
bmu,2010,0.181202590465546
bmu,2011,0.186862960457802
bmu,2012,0.00491156801581383
bmu,2013,0.0115992883220315
bmu,2014,0.00702783837914467
bmu,2015,0.00481405202299357
bmu,2016,0.00465538073331118
bmu,2017,0.00682276301085949
bmu,2018,0.0118389036506414
bmu,2019,0.0119086382910609
bmu,2020,0.00902569573372603
bmu,2021,0.0109804505482316
bmu,2022,0.0137972151860595
bmu,2023,0.0128264995291829
bol,1950,0.316147923469543
bol,1951,0.326862424612045
bol,1952,0.309178739786148
bol,1953,0.242978364229202
bol,1954,0.257309436798096
bol,1955,0.247221872210503
bol,1956,0.256706088781357
bol,1957,0.27619943022728
bol,1958,0.204070508480072
bol,1959,0.272164255380631
bol,1960,0.249403282999992
bol,1961,0.236249089241028
bol,1962,0.218581363558769
bol,1963,0.224038735032082
bol,1964,0.216175675392151
bol,1965,0.197197362780571
bol,1966,0.222344532608986
bol,1967,0.231030777096748
bol,1968,0.251089721918106
bol,1969,0.249107748270035
bol,1970,0.211961477994919
bol,1971,0.21548593044281
bol,1972,0.212438032031059
bol,1973,0.26697114109993
bol,1974,0.274377107620239
bol,1975,0.242958575487137
bol,1976,0.251688003540039
bol,1977,0.229204252362251
bol,1978,0.220328032970428
bol,1979,0.211472287774086
bol,1980,0.266597419977188
bol,1981,0.199450492858887
bol,1982,0.131058439612389
bol,1983,0.128422766923904
bol,1984,0.119659304618835
bol,1985,0.106598757207394
bol,1986,0.1551204174757
bol,1987,0.119081594049931
bol,1988,0.0953626781702042
bol,1989,0.111142188310623
bol,1990,0.117341428995132
bol,1991,0.095605842769146
bol,1992,0.0889415442943573
bol,1993,0.0862026363611221
bol,1994,0.107971981167793
bol,1995,0.0943217277526856
bol,1996,0.0777430236339569
bol,1997,0.0938709229230881
bol,1998,0.0985007137060165
bol,1999,0.100449711084366
bol,2000,0.112340837717056
bol,2001,0.105563879013062
bol,2002,0.103810541331768
bol,2003,0.107441112399101
bol,2004,0.132680147886276
bol,2005,0.153085723519325
bol,2006,0.203789845108986
bol,2007,0.201654121279717
bol,2008,0.247421681880951
bol,2009,0.196498706936836
bol,2010,0.224911868572235
bol,2011,0.259700179100037
bol,2012,0.312540352344513
bol,2013,0.272215038537979
bol,2014,0.273490995168686
bol,2015,0.205723762512207
bol,2016,0.152442753314972
bol,2017,0.153915077447891
bol,2018,0.156664803624153
bol,2019,0.146783217787743
bol,2020,0.126486897468567
bol,2021,0.149098053574562
bol,2022,0.17798076570034
bol,2023,0.14666436612606
bra,1950,0.118145905435085
bra,1951,0.135258942842484
bra,1952,0.0867075696587563
bra,1953,0.0873370319604874
bra,1954,0.0895284712314606
bra,1955,0.0785557255148888
bra,1956,0.0816130563616753
bra,1957,0.0696737095713615
bra,1958,0.0597469136118889
bra,1959,0.0656943097710609
bra,1960,0.0608770400285721
bra,1961,0.0544738173484802
bra,1962,0.044996727257967
bra,1963,0.0551909953355789
bra,1964,0.0450483672320843
bra,1965,0.0425638034939766
bra,1966,0.0453749820590019
bra,1967,0.0396006554365158
bra,1968,0.0412045046687126
bra,1969,0.0476144105195999
bra,1970,0.0443076752126217
bra,1971,0.0409843437373638
bra,1972,0.0448218621313572
bra,1973,0.0479427166283131
bra,1974,0.0497213751077652
bra,1975,0.0516919158399105
bra,1976,0.0477292276918888
bra,1977,0.0458568781614304
bra,1978,0.0490256920456886
bra,1979,0.0520325116813183
bra,1980,0.0713097304105759
bra,1981,0.0749771222472191
bra,1982,0.0636872798204422
bra,1983,0.0745964422821999
bra,1984,0.0874825492501259
bra,1985,0.0802807211875916
bra,1986,0.0541451275348663
bra,1987,0.0562395192682743
bra,1988,0.066942572593689
bra,1989,0.0658239722251892
bra,1990,0.065485879778862
bra,1991,0.055993277579546
bra,1992,0.0745577663183212
bra,1993,0.0744865760207176
bra,1994,0.0833432003855705
bra,1995,0.071940042078495
bra,1996,0.0581467933952808
bra,1997,0.0674294531345367
bra,1998,0.0733090192079544
bra,1999,0.0728396475315094
bra,2000,0.0878198370337486
bra,2001,0.0939013138413429
bra,2002,0.0960685163736343
bra,2003,0.103890530765057
bra,2004,0.120545163750649
bra,2005,0.137668237090111
bra,2006,0.143230736255646
bra,2007,0.140242367982864
bra,2008,0.143715724349022
bra,2009,0.114248439669609
bra,2010,0.127938896417618
bra,2011,0.138858810067177
bra,2012,0.134610459208488
bra,2013,0.127913057804108
bra,2014,0.118602253496647
bra,2015,0.12094471603632
bra,2016,0.124319970607758
bra,2017,0.138266950845718
bra,2018,0.140628561377525
bra,2019,0.132521539926529
bra,2020,0.130535483360291
bra,2021,0.138893619179726
bra,2022,0.150246247649193
bra,2023,0.148873195052147
brb,1960,0.0921711474657059
brb,1961,0.0955398976802826
brb,1962,0.105777785181999
brb,1963,0.250737011432648
brb,1964,0.2255028039217
brb,1965,0.177813678979874
brb,1966,0.145501002669334
brb,1967,0.189184620976448
brb,1968,0.176280498504639
brb,1969,0.133648529648781
brb,1970,0.12213971465826
brb,1971,0.116276986896992
brb,1972,0.102941185235977
brb,1973,0.131005048751831
brb,1974,0.229369893670082
brb,1975,0.142887324094772
brb,1976,0.199470192193985
brb,1977,0.212428644299507
brb,1978,0.271938771009445
brb,1979,0.259625464677811
brb,1980,0.297760456800461
brb,1981,0.326666980981827
brb,1982,0.296203762292862
brb,1983,0.365521758794785
brb,1984,0.32922101020813
brb,1985,0.285082757472992
brb,1986,0.181151017546654
brb,1987,0.0926562622189522
brb,1988,0.0885059237480164
brb,1989,0.0871403068304062
brb,1990,0.0993998721241951
brb,1991,0.0832845866680145
brb,1992,0.109431967139244
brb,1993,0.101117990911007
brb,1994,0.0589654110372067
brb,1995,0.0645187273621559
brb,1996,0.0717963352799416
brb,1997,0.0861637070775032
brb,1998,0.0795994400978088
brb,1999,0.082084521651268
brb,2000,0.0998348742723465
brb,2001,0.10229354351759
brb,2002,0.0876932963728905
brb,2003,0.0971894338726997
brb,2004,0.0690014734864235
brb,2005,0.125900849699974
brb,2006,0.160717934370041
brb,2007,0.0976151302456856
brb,2008,0.136483624577522
brb,2009,0.107124857604504
brb,2010,0.0994687750935555
brb,2011,0.166095331311226
brb,2012,0.214866951107979
brb,2013,0.187660962343216
brb,2014,0.191811591386795
brb,2015,0.219745606184006
brb,2016,0.24321722984314
brb,2017,0.225699335336685
brb,2018,0.226965799927712
brb,2019,0.229568615555763
brb,2020,0.140573084354401
brb,2021,0.178139671683311
brb,2022,0.260339111089706
brb,2023,0.227869361639023
brn,1970,0.542049825191498
brn,1971,0.556590616703033
brn,1972,0.544008553028107
brn,1973,0.599150598049164
brn,1974,0.658787786960602
brn,1975,0.612413942813873
brn,1976,0.701265335083008
brn,1977,0.718784749507904
brn,1978,0.760828375816345
brn,1979,0.790208160877228
brn,1980,0.791131854057312
brn,1981,0.766108751296997
brn,1982,0.731307089328766
brn,1983,0.710028767585754
brn,1984,0.687555134296417
brn,1985,0.473339378833771
brn,1986,0.382610261440277
brn,1987,0.361296623945236
brn,1988,0.344008594751358
brn,1989,0.324230462312698
brn,1990,0.360525012016296
brn,1991,0.320327550172806
brn,1992,0.39941617846489
brn,1993,0.379804372787476
brn,1994,0.35880121588707
brn,1995,0.4823137819767
brn,1996,0.392254024744034
brn,1997,0.434618949890137
brn,1998,0.377749443054199
brn,1999,0.412108063697815
brn,2000,0.534761250019074
brn,2001,0.541849374771118
brn,2002,0.536589443683624
brn,2003,0.536451160907745
brn,2004,0.533081412315369
brn,2005,0.544843673706055
brn,2006,0.56082010269165
brn,2007,0.536941170692444
brn,2008,0.583419620990753
brn,2009,0.529818296432495
brn,2010,0.616546630859375
brn,2011,0.656670212745667
brn,2012,0.627202808856964
brn,2013,0.592158973217011
brn,2014,0.589548170566559
brn,2015,0.467894554138184
brn,2016,0.428446173667908
brn,2017,0.417658716440201
brn,2018,0.450806945562363
brn,2019,0.462222248315811
brn,2020,0.438220292329788
brn,2021,0.572119534015656
brn,2022,0.648051917552948
brn,2023,0.581662952899933
btn,1970,0.0490730293095112
btn,1971,0.0477901734411716
btn,1972,0.0475735031068325
btn,1973,0.0497521571815014
btn,1974,0.0553362965583801
btn,1975,0.0533982887864113
btn,1976,0.0535034313797951
btn,1977,0.0536377988755703
btn,1978,0.0527866370975971
btn,1979,0.0526399798691273
btn,1980,0.0565305277705193
btn,1981,0.0565134547650814
btn,1982,0.0451100543141365
btn,1983,0.0382149368524551
btn,1984,0.0448339767754078
btn,1985,0.0509033128619194
btn,1986,0.0515323206782341
btn,1987,0.0770989581942558
btn,1988,0.0955901965498924
btn,1989,0.086991623044014
btn,1990,0.0904783234000206
btn,1991,0.0754266455769539
btn,1992,0.0876858904957771
btn,1993,0.0891729444265366
btn,1994,0.0833787992596626
btn,1995,0.0544827692210674
btn,1996,0.0426554679870606
btn,1997,0.0218434911221266
btn,1998,0.107603423297405
btn,1999,0.101543761789799
btn,2000,0.0192726403474808
btn,2001,0.0222275592386723
btn,2002,0.0204132329672575
btn,2003,0.0312049556523561
btn,2004,0.0252980832010508
btn,2005,0.115128204226494
btn,2006,0.181696593761444
btn,2007,0.26484078168869
btn,2008,0.194629237055779
btn,2009,0.209068730473518
btn,2010,0.100568272173405
btn,2011,0.0993440896272659
btn,2012,0.114674784243107
btn,2013,0.0369254425168037
btn,2014,0.0370527058839798
btn,2015,0.0597643665969372
btn,2016,0.0297266729176044
btn,2017,0.032717939466238
btn,2018,0.0311610735952854
btn,2019,0.0364997945725918
btn,2020,0.0301434174180031
btn,2021,0.031601794064045
btn,2022,0.0311199817806482
btn,2023,0.035896573215723
bwa,1960,0.247146114706993
bwa,1961,0.255677759647369
bwa,1962,0.256002455949783
bwa,1963,0.253255128860474
bwa,1964,0.236098438501358
bwa,1965,0.302732974290848
bwa,1966,0.269295871257782
bwa,1967,0.205809041857719
bwa,1968,0.236636146903038
bwa,1969,0.258305162191391
bwa,1970,0.314173579216003
bwa,1971,0.405988812446594
bwa,1972,0.452225744724274
bwa,1973,0.485362380743027
bwa,1974,0.525975048542023
bwa,1975,0.525711297988892
bwa,1976,0.541385650634766
bwa,1977,0.606940567493439
bwa,1978,0.629044055938721
bwa,1979,0.664395451545715
bwa,1980,0.672392904758453
bwa,1981,0.625036835670471
bwa,1982,0.576998293399811
bwa,1983,0.596481561660767
bwa,1984,0.63970023393631
bwa,1985,0.575766980648041
bwa,1986,0.503249168395996
bwa,1987,0.47097259759903
bwa,1988,0.499498873949051
bwa,1989,0.437347382307053
bwa,1990,0.402544230222702
bwa,1991,0.353212922811508
bwa,1992,0.369851112365723
bwa,1993,0.350784003734589
bwa,1994,0.350278407335281
bwa,1995,0.342353582382202
bwa,1996,0.332827508449554
bwa,1997,0.359860837459564
bwa,1998,0.290087699890137
bwa,1999,0.337314695119858
bwa,2000,0.33860981464386
bwa,2001,0.326420396566391
bwa,2002,0.283701449632645
bwa,2003,0.339584320783615
bwa,2004,0.295260429382324
bwa,2005,0.330557435750961
bwa,2006,0.319256991147995
bwa,2007,0.317275524139404
bwa,2008,0.233398631215096
bwa,2009,0.202434569597244
bwa,2010,0.241500377655029
bwa,2011,0.268666863441467
bwa,2012,0.320257604122162
bwa,2013,0.408822238445282
bwa,2014,0.365857750177383
bwa,2015,0.325436681509018
bwa,2016,0.334632337093353
bwa,2017,0.269462376832962
bwa,2018,0.255465745925903
bwa,2019,0.239352777600288
bwa,2020,0.206005826592445
bwa,2021,0.26216271519661
bwa,2022,0.252178728580475
bwa,2023,0.18904173374176
caf,1960,0.0383951663970947
caf,1961,0.0428836233913899
caf,1962,0.0396280586719513
caf,1963,0.0646267533302307
caf,1964,0.0803432464599609
caf,1965,0.0742163956165314
caf,1966,0.0813494324684143
caf,1967,0.123784214258194
caf,1968,0.0694107040762901
caf,1969,0.0695283338427544
caf,1970,0.0549261383712292
caf,1971,0.0534384548664093
caf,1972,0.0853661671280861
caf,1973,0.0459157824516296
caf,1974,0.0671125873923302
caf,1975,0.0485675930976868
caf,1976,0.0533263832330704
caf,1977,0.0674482509493828
caf,1978,0.04776556417346
caf,1979,0.0473541989922524
caf,1980,0.0638304278254509
caf,1981,0.0688339844346046
caf,1982,0.076449953019619
caf,1983,0.0953440964221954
caf,1984,0.123857758939266
caf,1985,0.0875151008367539
caf,1986,0.0955154374241829
caf,1987,0.0637056156992912
caf,1988,0.0665697827935219
caf,1989,0.0904964357614517
caf,1990,0.0741516575217247
caf,1991,0.0738889873027802
caf,1992,0.071627601981163
caf,1993,0.0615843310952187
caf,1994,0.0417182594537735
caf,1995,0.0556123778223991
caf,1996,0.0631781220436096
caf,1997,0.0538526214659214
caf,1998,0.059186652302742
caf,1999,0.0626381859183312
caf,2000,0.0476942025125027
caf,2001,0.0455518662929535
caf,2002,0.0420383587479591
caf,2003,0.0358329601585865
caf,2004,0.0519961155951023
caf,2005,0.0521930418908596
caf,2006,0.0484477616846561
caf,2007,0.0505058169364929
caf,2008,0.0385099723935127
caf,2009,0.0263766627758741
caf,2010,0.027839882299304
caf,2011,0.0307289622724056
caf,2012,0.0311221238225698
caf,2013,0.0189738553017378
caf,2014,0.0206361245363951
caf,2015,0.0354995131492615
caf,2016,0.034542802721262
caf,2017,0.0659986436367035
caf,2018,0.0182202123105526
caf,2019,0.0173035189509392
caf,2020,0.015474408864975
caf,2021,0.0141991162672639
caf,2022,0.0142378443852067
caf,2023,0.0166413430124521
can,1950,0.229838386178017
can,1951,0.261740684509277
can,1952,0.253381311893463
can,1953,0.226957350969315
can,1954,0.217881768941879
can,1955,0.211446508765221
can,1956,0.208363339304924
can,1957,0.201697155833244
can,1958,0.186872541904449
can,1959,0.185660690069199
can,1960,0.191163793206215
can,1961,0.189864128828049
can,1962,0.174410209059715
can,1963,0.178495168685913
can,1964,0.191466301679611
can,1965,0.180703043937683
can,1966,0.194494768977165
can,1967,0.199379295110703
can,1968,0.220286816358566
can,1969,0.219654589891434
can,1970,0.235250264406204
can,1971,0.234281048178673
can,1972,0.236401274800301
can,1973,0.256627768278122
can,1974,0.271764427423477
can,1975,0.237393066287041
can,1976,0.24515300989151
can,1977,0.247319236397743
can,1978,0.251081436872482
can,1979,0.278512060642242
can,1980,0.284056186676025
can,1981,0.274991750717163
can,1982,0.266491532325745
can,1983,0.270590037107468
can,1984,0.301558911800385
can,1985,0.289873749017715
can,1986,0.247335702180862
can,1987,0.234034910798073
can,1988,0.238153055310249
can,1989,0.242393374443054
can,1990,0.257226645946503
can,1991,0.238084226846695
can,1992,0.290245413780212
can,1993,0.297395884990692
can,1994,0.313430100679398
can,1995,0.325448781251907
can,1996,0.33153772354126
can,1997,0.355853080749512
can,1998,0.365362942218781
can,1999,0.383215814828873
can,2000,0.427375704050064
can,2001,0.4119011759758
can,2002,0.403427928686142
can,2003,0.386822015047073
can,2004,0.404451876878738
can,2005,0.430360049009323
can,2006,0.448993235826492
can,2007,0.445573449134827
can,2008,0.448509901762009
can,2009,0.350088447332382
can,2010,0.406657844781876
can,2011,0.438510596752167
can,2012,0.429744720458984
can,2013,0.405797749757767
can,2014,0.402848482131958
can,2015,0.386873126029968
can,2016,0.370128005743027
can,2017,0.363224446773529
can,2018,0.372786283493042
can,2019,0.374815970659256
can,2020,0.34791761636734
can,2021,0.362337797880173
can,2022,0.384970188140869
can,2023,0.37760728597641
che,1950,0.119358576834202
che,1951,0.13107293844223
che,1952,0.128447279334068
che,1953,0.131662711501122
che,1954,0.128181397914886
che,1955,0.132314130663872
che,1956,0.134977996349335
che,1957,0.135722398757935
che,1958,0.135478839278221
che,1959,0.140954375267029
che,1960,0.141420751810074
che,1961,0.137304559350014
che,1962,0.134207218885422
che,1963,0.136103793978691
che,1964,0.133984461426735
che,1965,0.139822110533714
che,1966,0.144385829567909
che,1967,0.141942322254181
che,1968,0.149995759129524
che,1969,0.160733759403229
che,1970,0.160115972161293
che,1971,0.154829695820808
che,1972,0.15540087223053
che,1973,0.170466035604477
che,1974,0.193124666810036
che,1975,0.189780861139297
che,1976,0.214786648750305
che,1977,0.2336695343256
che,1978,0.233547151088715
che,1979,0.239096373319626
che,1980,0.250912815332413
che,1981,0.268788129091263
che,1982,0.259281754493713
che,1983,0.251242935657501
che,1984,0.275577574968338
che,1985,0.289051592350006
che,1986,0.320389598608017
che,1987,0.345111817121506
che,1988,0.355890184640884
che,1989,0.344900012016296
che,1990,0.387532949447632
che,1991,0.352655082941055
che,1992,0.411716401576996
che,1993,0.39435550570488
che,1994,0.413743197917938
che,1995,0.443240791559219
che,1996,0.42786568403244
che,1997,0.414728850126267
che,1998,0.441967219114304
che,1999,0.445646226406097
che,2000,0.485421121120453
che,2001,0.510670304298401
che,2002,0.535908818244934
che,2003,0.563513576984406
che,2004,0.608914971351624
che,2005,0.617352724075317
che,2006,0.630762040615082
che,2007,0.61965423822403
che,2008,0.63002747297287
che,2009,0.566297888755798
che,2010,0.617844700813294
che,2011,0.626416802406311
che,2012,0.590239226818085
che,2013,0.584730744361877
che,2014,0.770709335803986
che,2015,0.759693145751953
che,2016,0.784132778644562
che,2017,0.735990107059479
che,2018,0.725476086139679
che,2019,0.708477318286896
che,2020,0.676541090011597
che,2021,0.748344242572784
che,2022,0.806590974330902
che,2023,0.778469562530518
chl,1951,0.0632633864879608
chl,1952,0.0577292330563068
chl,1953,0.0418206937611103
chl,1954,0.0443056896328926
chl,1955,0.0513354539871216
chl,1956,0.04812041670084
chl,1957,0.0455000996589661
chl,1958,0.0443005301058292
chl,1959,0.0494485795497894
chl,1960,0.0476379245519638
chl,1961,0.0501173324882984
chl,1962,0.0397070273756981
chl,1963,0.0642107427120209
chl,1964,0.0551878921687603
chl,1965,0.0550032407045364
chl,1966,0.0594795607030392
chl,1967,0.0621472783386707
chl,1968,0.0610384196043015
chl,1969,0.0485066771507263
chl,1970,0.0593431144952774
chl,1971,0.0466433204710484
chl,1972,0.0348064973950386
chl,1973,0.0290232319384813
chl,1974,0.0687482878565788
chl,1975,0.0925414711236954
chl,1976,0.110257923603058
chl,1977,0.0974516123533249
chl,1978,0.0987780839204788
chl,1979,0.122399441897869
chl,1980,0.112972594797611
chl,1981,0.091378778219223
chl,1982,0.114158518612385
chl,1983,0.125724330544472
chl,1984,0.125656545162201
chl,1985,0.12955416738987
chl,1986,0.130638644099236
chl,1987,0.135834962129593
chl,1988,0.159350514411926
chl,1989,0.164925187826157
chl,1990,0.166320294141769
chl,1991,0.144525721669197
chl,1992,0.161539569497108
chl,1993,0.140240877866745
chl,1994,0.149722844362259
chl,1995,0.168056458234787
chl,1996,0.15154717862606
chl,1997,0.16814349591732
chl,1998,0.16250516474247
chl,1999,0.180744409561157
chl,2000,0.212321385741234
chl,2001,0.228714808821678
chl,2002,0.206398025155067
chl,2003,0.222610294818878
chl,2004,0.286566823720932
chl,2005,0.321839451789856
chl,2006,0.370502293109894
chl,2007,0.366348952054977
chl,2008,0.325403988361359
chl,2009,0.295212864875793
chl,2010,0.318733215332031
chl,2011,0.316430747509003
chl,2012,0.285701751708984
chl,2013,0.268221735954285
chl,2014,0.258882462978363
chl,2015,0.232326656579971
chl,2016,0.231005653738976
chl,2017,0.243611916899681
chl,2018,0.25310817360878
chl,2019,0.247170656919479
chl,2020,0.255338221788406
chl,2021,0.253180593252182
chl,2022,0.266993969678879
chl,2023,0.249791979789734
chn,1952,0.0067824125289917
chn,1953,0.0061724279075861
chn,1954,0.00746360374614596
chn,1955,0.00544237671419978
chn,1956,0.00849960185587406
chn,1957,0.0081573324277997
chn,1958,0.00813545566052198
chn,1959,0.0105178412050009
chn,1960,0.0121696973219514
chn,1961,0.0100704841315746
chn,1962,0.00868166610598564
chn,1963,0.0104409046471119
chn,1964,0.0127583490684628
chn,1965,0.0133534716442227
chn,1966,0.013832907192409
chn,1967,0.0132228527218103
chn,1968,0.0133775155991316
chn,1969,0.0118635799735785
chn,1970,0.0106012979522347
chn,1971,0.0115695716813207
chn,1972,0.0129511160776019
chn,1973,0.0187543146312237
chn,1974,0.026476301252842
chn,1975,0.0249247495085001
chn,1976,0.0272600837051868
chn,1977,0.0245316587388515
chn,1978,0.0217556096613407
chn,1979,0.0327168814837933
chn,1980,0.0410425327718258
chn,1981,0.05137038230896
chn,1982,0.0497719347476959
chn,1983,0.043695829808712
chn,1984,0.0543294921517372
chn,1985,0.0487001910805702
chn,1986,0.0497355908155441
chn,1987,0.0534474737942219
chn,1988,0.0552071370184422
chn,1989,0.0580495819449425
chn,1990,0.0661827474832535
chn,1991,0.0649739354848862
chn,1992,0.0725908279418945
chn,1993,0.0691378712654114
chn,1994,0.0828465297818184
chn,1995,0.0869570225477219
chn,1996,0.0784555152058601
chn,1997,0.0928303003311157
chn,1998,0.0908019617199898
chn,1999,0.0886046588420868
chn,2000,0.101753391325474
chn,2001,0.101638317108154
chn,2002,0.111978583037853
chn,2003,0.126322239637375
chn,2004,0.144216224551201
chn,2005,0.160685032606125
chn,2006,0.181470572948456
chn,2007,0.189905762672424
chn,2008,0.189325660467148
chn,2009,0.154764339327812
chn,2010,0.178827688097954
chn,2011,0.186504080891609
chn,2012,0.188841849565506
chn,2013,0.192361995577812
chn,2014,0.190003708004951
chn,2015,0.191807523369789
chn,2016,0.172283872961998
chn,2017,0.169978156685829
chn,2018,0.170325189828873
chn,2019,0.163200736045837
chn,2020,0.163089901208878
chn,2021,0.182715073227882
chn,2022,0.187889471650124
chn,2023,0.174819082021713
civ,1960,0.187417358160019
civ,1961,0.247657731175423
civ,1962,0.210806503891945
civ,1963,0.206815659999847
civ,1964,0.220040142536163
civ,1965,0.20201887190342
civ,1966,0.19590051472187
civ,1967,0.18937848508358
civ,1968,0.205334708094597
civ,1969,0.202986285090446
civ,1970,0.193774670362473
civ,1971,0.178713545203209
civ,1972,0.19137766957283
civ,1973,0.201657637953758
civ,1974,0.23240202665329
civ,1975,0.197135612368584
civ,1976,0.198062971234322
civ,1977,0.163835972547531
civ,1978,0.154367119073868
civ,1979,0.158202618360519
civ,1980,0.300534307956696
civ,1981,0.307646304368973
civ,1982,0.286357432603836
civ,1983,0.273492336273193
civ,1984,0.286019414663315
civ,1985,0.265344113111496
civ,1986,0.251233130693436
civ,1987,0.205699175596237
civ,1988,0.177557349205017
civ,1989,0.147897645831108
civ,1990,0.169758871197701
civ,1991,0.163752838969231
civ,1992,0.167688265442848
civ,1993,0.162149041891098
civ,1994,0.185007601976395
civ,1995,0.198167309165001
civ,1996,0.211899816989899
civ,1997,0.211569532752037
civ,1998,0.238217279314995
civ,1999,0.236024498939514
civ,2000,0.219745561480522
civ,2001,0.218628436326981
civ,2002,0.298671543598175
civ,2003,0.257566958665848
civ,2004,0.308312088251114
civ,2005,0.340485423803329
civ,2006,0.358461290597916
civ,2007,0.308107286691666
civ,2008,0.324296623468399
civ,2009,0.331647545099258
civ,2010,0.257480889558792
civ,2011,0.281154572963715
civ,2012,0.242592006921768
civ,2013,0.229227527976036
civ,2014,0.205753326416016
civ,2015,0.192793503403664
civ,2016,0.161257907748222
civ,2017,0.17089655995369
civ,2018,0.150052532553673
civ,2019,0.156693637371063
civ,2020,0.149389639496803
civ,2021,0.178259372711182
civ,2022,0.188428893685341
civ,2023,0.168670460581779
cmr,1960,0.092344768345356
cmr,1961,0.0825922936201096
cmr,1962,0.0688997954130173
cmr,1963,0.0835731700062752
cmr,1964,0.0899732634425163
cmr,1965,0.06475830078125
cmr,1966,0.0752159133553505
cmr,1967,0.0768119841814041
cmr,1968,0.0833605527877808
cmr,1969,0.0945481806993485
cmr,1970,0.0855084359645844
cmr,1971,0.0786869451403618
cmr,1972,0.0589586533606052
cmr,1973,0.0731229707598686
cmr,1974,0.119737416505814
cmr,1975,0.0804002061486244
cmr,1976,0.0980738997459412
cmr,1977,0.0855138674378395
cmr,1978,0.0790063217282295
cmr,1979,0.168935477733612
cmr,1980,0.149267137050629
cmr,1981,0.205452144145966
cmr,1982,0.100758492946625
cmr,1983,0.165144860744476
cmr,1984,0.201578438282013
cmr,1985,0.211641937494278
cmr,1986,0.0596073642373085
cmr,1987,0.0619174428284168
cmr,1988,0.122177012264729
cmr,1989,0.083965577185154
cmr,1990,0.141338154673576
cmr,1991,0.0935883224010468
cmr,1992,0.137306332588196
cmr,1993,0.104945547878742
cmr,1994,0.112153403460979
cmr,1995,0.0820241570472717
cmr,1996,0.0882112681865692
cmr,1997,0.0899450182914734
cmr,1998,0.103785775601864
cmr,1999,0.108508467674255
cmr,2000,0.097155898809433
cmr,2001,0.0891802310943604
cmr,2002,0.0967420563101769
cmr,2003,0.106672257184982
cmr,2004,0.105183497071266
cmr,2005,0.0964981317520142
cmr,2006,0.134497493505478
cmr,2007,0.141740307211876
cmr,2008,0.0582045279443264
cmr,2009,0.042588371783495
cmr,2010,0.0961882323026657
cmr,2011,0.0455388575792313
cmr,2012,0.104684509336948
cmr,2013,0.100237049162388
cmr,2014,0.106614723801613
cmr,2015,0.0863536521792412
cmr,2016,0.0441459082067013
cmr,2017,0.0634823888540268
cmr,2018,0.0673841014504433
cmr,2019,0.0689464583992958
cmr,2020,0.0551643371582031
cmr,2021,0.0607483126223087
cmr,2022,0.064454659819603
cmr,2023,0.0580725930631161
cod,1950,0.0141634829342365
cod,1951,0.013250295072794
cod,1952,0.0125385671854019
cod,1953,0.0112183019518852
cod,1954,0.011041522026062
cod,1955,0.0104805119335651
cod,1956,0.0107415914535522
cod,1957,0.0106800207868218
cod,1958,0.0100806411355734
cod,1959,0.011747919023037
cod,1960,0.0128366556018591
cod,1961,0.0132679557427764
cod,1962,0.00908104423433542
cod,1963,0.00355256185866892
cod,1964,0.0108441561460495
cod,1965,0.0060341595672071
cod,1966,0.00721300533041358
cod,1967,0.0186514966189861
cod,1968,0.0290197636932135
cod,1969,0.0262414272874594
cod,1970,0.0226410068571568
cod,1971,0.0233308505266905
cod,1972,0.0300479028373957
cod,1973,0.0275663044303656
cod,1974,0.0323957428336144
cod,1975,0.0349707528948784
cod,1976,0.0479748323559761
cod,1977,0.0617694109678268
cod,1978,0.0583210624754429
cod,1979,0.083059772849083
cod,1980,0.0906693711876869
cod,1981,0.0758877471089363
cod,1982,0.0524856857955456
cod,1983,0.0599654689431191
cod,1984,0.101218104362488
cod,1985,0.0960348322987557
cod,1986,0.0851061269640923
cod,1987,0.104467667639256
cod,1988,0.0907140746712685
cod,1989,0.053279921412468
cod,1990,0.0564127415418625
cod,1991,0.0552978105843067
cod,1992,0.0435966998338699
cod,1993,0.0308678075671196
cod,1994,0.0976463779807091
cod,1995,0.119044370949268
cod,1996,0.127486675977707
cod,1997,0.110392369329929
cod,1998,0.112415306270123
cod,1999,0.0654347538948059
cod,2000,0.0809881016612053
cod,2001,0.0884306505322456
cod,2002,0.126269474625587
cod,2003,0.0796319022774696
cod,2004,0.0735254436731339
cod,2005,0.0836503654718399
cod,2006,0.0686066001653671
cod,2007,0.084474541246891
cod,2008,0.139716520905495
cod,2009,0.108564883470535
cod,2010,0.190430164337158
cod,2011,0.208346828818321
cod,2012,0.195482462644577
cod,2013,0.16709566116333
cod,2014,0.144610032439232
cod,2015,0.139265313744545
cod,2016,0.079787515103817
cod,2017,0.118045873939991
cod,2018,0.125837430357933
cod,2019,0.126763492822647
cod,2020,0.133011415600777
cod,2021,0.151077911257744
cod,2022,0.18181811273098
cod,2023,0.188017547130585
cog,1960,0.15240053832531
cog,1961,0.161203593015671
cog,1962,0.168571710586548
cog,1963,0.19249239563942
cog,1964,0.193844690918922
cog,1965,0.179524675011635
cog,1966,0.177314698696136
cog,1967,0.177721917629242
cog,1968,0.202906861901283
cog,1969,0.223374336957932
cog,1970,0.26084515452385
cog,1971,0.269938975572586
cog,1972,0.307858914136887
cog,1973,0.446474611759186
cog,1974,0.514558494091034
cog,1975,0.37858584523201
cog,1976,0.388271987438202
cog,1977,0.347069472074509
cog,1978,0.408850818872452
cog,1979,0.485591799020767
cog,1980,0.577685534954071
cog,1981,0.732593238353729
cog,1982,0.722332298755646
cog,1983,0.516047775745392
cog,1984,0.476842910051346
cog,1985,0.466554284095764
cog,1986,0.361481577157974
cog,1987,0.48854872584343
cog,1988,0.530024945735931
cog,1989,0.576278865337372
cog,1990,0.588175117969513
cog,1991,0.349821120500565
cog,1992,0.542664289474487
cog,1993,0.53222006559372
cog,1994,0.527642726898193
cog,1995,0.613677322864533
cog,1996,0.724916636943817
cog,1997,0.73108971118927
cog,1998,0.544231593608856
cog,1999,0.693271517753601
cog,2000,0.933681488037109
cog,2001,0.870100259780884
cog,2002,0.748072028160095
cog,2003,0.754228532314301
cog,2004,0.695290565490723
cog,2005,0.774928450584412
cog,2006,0.832520961761475
cog,2007,0.904106974601746
cog,2008,0.844373226165772
cog,2009,0.770548641681671
cog,2010,0.667217910289764
cog,2011,0.768982768058777
cog,2012,0.60178953409195
cog,2013,0.570746004581451
cog,2014,0.554304957389832
cog,2015,0.393315464258194
cog,2016,0.404713928699493
cog,2017,0.430488497018814
cog,2018,0.580131471157074
cog,2019,0.509195804595947
cog,2020,0.440390408039093
cog,2021,0.493346065282822
cog,2022,0.473344206809998
cog,2023,0.45446240901947
col,1950,0.0800102055072784
col,1951,0.0932562649250031
col,1952,0.0836813524365425
col,1953,0.0904937461018562
col,1954,0.0738619491457939
col,1955,0.071840763092041
col,1956,0.0712605342268944
col,1957,0.0703500062227249
col,1958,0.072190523147583
col,1959,0.078716441988945
col,1960,0.0742185413837433
col,1961,0.0632285624742508
col,1962,0.061887938529253
col,1963,0.0611168965697289
col,1964,0.0588493905961514
col,1965,0.0639490038156509
col,1966,0.0567564703524113
col,1967,0.0561308637261391
col,1968,0.0552555806934834
col,1969,0.0520018190145493
col,1970,0.0498920679092407
col,1971,0.0452906154096127
col,1972,0.047011461108923
col,1973,0.050285704433918
col,1974,0.0504070706665516
col,1975,0.0467025265097618
col,1976,0.0406199879944325
col,1977,0.0404712818562985
col,1978,0.0493264272809029
col,1979,0.051703292876482
col,1980,0.0507691986858845
col,1981,0.0402657985687256
col,1982,0.0395998433232307
col,1983,0.0431646108627319
col,1984,0.0474951267242432
col,1985,0.0478465594351292
col,1986,0.0581336580216885
col,1987,0.0544009245932102
col,1988,0.048427626490593
col,1989,0.0534381158649921
col,1990,0.0607654452323914
col,1991,0.0541447028517723
col,1992,0.0610921308398247
col,1993,0.0572723522782326
col,1994,0.0622137747704983
col,1995,0.0675259828567505
col,1996,0.0685957670211792
col,1997,0.0747751444578171
col,1998,0.0776602625846863
col,1999,0.0917347967624664
col,2000,0.10075518488884
col,2001,0.0994646996259689
col,2002,0.0928845554590225
col,2003,0.0938517972826958
col,2004,0.106068082153797
col,2005,0.121829427778721
col,2006,0.123545125126839
col,2007,0.127986267209053
col,2008,0.134615227580071
col,2009,0.122079692780972
col,2010,0.135490760207176
col,2011,0.167754516005516
col,2012,0.172674849629402
col,2013,0.157355055212975
col,2014,0.143450319766998
col,2015,0.10234958678484
col,2016,0.092269167304039
col,2017,0.107518248260021
col,2018,0.110160157084465
col,2019,0.103594735264778
col,2020,0.0801879018545151
col,2021,0.0962799489498138
col,2022,0.108116216957569
col,2023,0.101907975971699
com,1960,0.0763511806726456
com,1961,0.0604925006628037
com,1962,0.0417036153376102
com,1963,0.0702765733003616
com,1964,0.0498900301754475
com,1965,0.0399760194122791
com,1966,0.0430552549660206
com,1967,0.0278594605624676
com,1968,0.0284966751933098
com,1969,0.0365632474422455
com,1970,0.0444211363792419
com,1971,0.0430233813822269
com,1972,0.0427148304879665
com,1973,0.0451563447713852
com,1974,0.0496904067695141
com,1975,0.0479928255081177
com,1976,0.0500495322048664
com,1977,0.0456660725176334
com,1978,0.0482550375163555
com,1979,0.0554962418973446
com,1980,0.0346046835184097
com,1981,0.0625225305557251
com,1982,0.0693282335996628
com,1983,0.074033685028553
com,1984,0.0453475452959538
com,1985,0.0853387638926506
com,1986,0.095515601336956
com,1987,0.0962916314601898
com,1988,0.123561680316925
com,1989,0.095346063375473
com,1990,0.0892481878399849
com,1991,0.11879888176918
com,1992,0.122454911470413
com,1993,0.126997157931328
com,1994,0.102060660719872
com,1995,0.0973534882068634
com,1996,0.0888973474502564
com,1997,0.0828323364257813
com,1998,0.0665948763489723
com,1999,0.0727648735046387
com,2000,0.0909062623977661
com,2001,0.0903054922819138
com,2002,0.0776331722736359
com,2003,0.0562099739909172
com,2004,0.0437743216753006
com,2005,0.0554734840989113
com,2006,0.0469558462500572
com,2007,0.0653610676527023
com,2008,0.062173243612051
com,2009,0.0748631432652473
com,2010,0.0739191323518753
com,2011,0.0783950686454773
com,2012,0.0650932565331459
com,2013,0.0679034218192101
com,2014,0.0712918341159821
com,2015,0.0720799788832665
com,2016,0.0708503797650337
com,2017,0.0773818790912628
com,2018,0.0919946134090424
com,2019,0.0926011800765991
com,2020,0.0832880437374115
com,2021,0.0867638885974884
com,2022,0.109933741390705
com,2023,0.0854272991418839
cpv,1960,0.160533905029297
cpv,1961,0.0837733000516892
cpv,1962,0.0891505926847458
cpv,1963,0.107354365289211
cpv,1964,0.112243175506592
cpv,1965,0.103697650134563
cpv,1966,0.100310459733009
cpv,1967,0.0807237401604652
cpv,1968,0.0930218324065208
cpv,1969,0.0870430842041969
cpv,1970,0.0811131894588471
cpv,1971,0.0789410024881363
cpv,1972,0.0788732245564461
cpv,1973,0.0829392373561859
cpv,1974,0.0923425704240799
cpv,1975,0.0865308940410614
cpv,1976,0.0881624519824982
cpv,1977,0.0889639630913734
cpv,1978,0.0889507085084915
cpv,1979,0.009162288159132
cpv,1980,0.0188016463071108
cpv,1981,0.0211593918502331
cpv,1982,0.0200885124504566
cpv,1983,0.0229845270514488
cpv,1984,0.242239981889725
cpv,1985,0.220617443323135
cpv,1986,0.19712983071804
cpv,1987,0.207625180482864
cpv,1988,0.192563891410828
cpv,1989,0.221479058265686
cpv,1990,0.201254174113274
cpv,1991,0.176538854837418
cpv,1992,0.211430668830872
cpv,1993,0.220922917127609
cpv,1994,0.0166733637452126
cpv,1995,0.0573971383273602
cpv,1996,0.0805114135146141
cpv,1997,0.12357210367918
cpv,1998,0.0671501234173775
cpv,1999,0.0551478043198586
cpv,2000,0.0650796666741371
cpv,2001,0.0121672954410315
cpv,2002,0.0126307206228375
cpv,2003,0.0124848010018468
cpv,2004,0.0129012372344732
cpv,2005,0.0710466504096985
cpv,2006,0.0727955475449562
cpv,2007,0.0613097921013832
cpv,2008,0.0223556682467461
cpv,2009,0.0167394895106554
cpv,2010,0.0197411943227053
cpv,2011,0.0262635163962841
cpv,2012,0.022353807464242
cpv,2013,0.0286569502204657
cpv,2014,0.0376804731786251
cpv,2015,0.0282369125634432
cpv,2016,0.0246424395591021
cpv,2017,0.0183477532118559
cpv,2018,0.0292121097445488
cpv,2019,0.0233656596392393
cpv,2020,0.0128107583150268
cpv,2021,0.012475524097681
cpv,2022,0.0236982200294733
cpv,2023,0.0218791272491217
cri,1950,0.0997956618666649
cri,1951,0.0981378257274628
cri,1952,0.0995606258511543
cri,1953,0.082326203584671
cri,1954,0.0716365054249764
cri,1955,0.0714197978377342
cri,1956,0.0597734935581684
cri,1957,0.0705070123076439
cri,1958,0.0783522576093674
cri,1959,0.0739923641085625
cri,1960,0.0774648785591126
cri,1961,0.07511106133461
cri,1962,0.0755541324615479
cri,1963,0.0765413194894791
cri,1964,0.0872800946235657
cri,1965,0.0790804177522659
cri,1966,0.0909982547163963
cri,1967,0.0892339646816254
cri,1968,0.104187853634357
cri,1969,0.11212532967329
cri,1970,0.119668394327164
cri,1971,0.111778862774372
cri,1972,0.11846724152565
cri,1973,0.122348301112652
cri,1974,0.154909074306488
cri,1975,0.149551346898079
cri,1976,0.151050359010696
cri,1977,0.150384500622749
cri,1978,0.160454019904137
cri,1979,0.150890752673149
cri,1980,0.13818496465683
cri,1981,0.16766631603241
cri,1982,0.135929569602013
cri,1983,0.133858680725098
cri,1984,0.142117947340012
cri,1985,0.133792549371719
cri,1986,0.12640193104744
cri,1987,0.1170888915658
cri,1988,0.112659983336926
cri,1989,0.124419935047627
cri,1990,0.117860123515129
cri,1991,0.122902326285839
cri,1992,0.131751880049706
cri,1993,0.130860015749931
cri,1994,0.142256379127502
cri,1995,0.15723529458046
cri,1996,0.162726879119873
cri,1997,0.224676519632339
cri,1998,0.274669796228409
cri,1999,0.336980313062668
cri,2000,0.294755637645721
cri,2001,0.252474308013916
cri,2002,0.249362036585808
cri,2003,0.251767694950104
cri,2004,0.2353236079216
cri,2005,0.263192266225815
cri,2006,0.24535383284092
cri,2007,0.261297762393951
cri,2008,0.247580423951149
cri,2009,0.220674932003021
cri,2010,0.21757498383522
cri,2011,0.227312073111534
cri,2012,0.23916719853878
cri,2013,0.235461860895157
cri,2014,0.578638076782227
cri,2015,0.183011248707771
cri,2016,0.180606350302696
cri,2017,0.183016151189804
cri,2018,0.170121565461159
cri,2019,0.159688353538513
cri,2020,0.151663556694984
cri,2021,0.17431166768074
cri,2022,0.203938171267509
cri,2023,0.205678075551987
cuw,2005,0.67841237783432
cuw,2006,0.676957607269287
cuw,2007,0.680214166641235
cuw,2008,0.782812833786011
cuw,2009,0.756980538368225
cuw,2010,0.751739084720612
cuw,2011,1.01572608947754
cuw,2012,1.1352311372757
cuw,2013,1.00125694274902
cuw,2014,1.03790128231049
cuw,2015,0.931763172149658
cuw,2016,0.834612727165222
cuw,2017,0.794954180717468
cuw,2018,0.900654256343842
cuw,2019,0.796251058578491
cuw,2020,0.557654559612274
cuw,2021,0.697627305984497
cuw,2022,1.03729057312012
cuw,2023,0.930633902549744
cym,1970,0.784179151058197
cym,1971,0.780522346496582
cym,1972,0.772141039371491
cym,1973,0.810574114322662
cym,1974,0.923823237419128
cym,1975,0.911482989788055
cym,1976,0.903240561485291
cym,1977,0.899134635925293
cym,1978,0.898717820644379
cym,1979,0.930192351341248
cym,1980,0.9813112616539
cym,1981,0.972417116165161
cym,1982,0.942553579807282
cym,1983,0.953351438045502
cym,1984,0.900483548641205
cym,1985,1.07117986679077
cym,1986,0.963638067245483
cym,1987,0.936992406845093
cym,1988,0.865779459476471
cym,1989,0.829562425613403
cym,1990,0.861728489398956
cym,1991,0.761710643768311
cym,1992,0.787282228469849
cym,1993,0.867569744586945
cym,1994,0.894723951816559
cym,1995,0.855754196643829
cym,1996,0.844883859157562
cym,1997,0.900214374065399
cym,1998,0.925122737884522
cym,1999,0.977551519870758
cym,2000,0.982702970504761
cym,2001,1.0080201625824
cym,2002,1.0955206155777
cym,2003,0.939431965351105
cym,2004,0.992504894733429
cym,2005,0.99752539396286
cym,2006,0.927754580974579
cym,2007,0.940302014350891
cym,2008,0.96426522731781
cym,2009,1.05530858039856
cym,2010,1.07445585727692
cym,2011,1.02277195453644
cym,2012,1.11361539363861
cym,2013,1.09845340251923
cym,2014,1.12498378753662
cym,2015,1.14618134498596
cym,2016,1.24197471141815
cym,2017,1.17260527610779
cym,2018,1.25575971603394
cym,2019,1.22061693668365
cym,2020,1.08473718166351
cym,2021,1.1236355304718
cym,2022,1.25726306438446
cym,2023,1.18055474758148
cyp,1950,0.106884568929672
cyp,1951,0.0966812670230866
cyp,1952,0.0830087438225746
cyp,1953,0.0717575550079346
cyp,1954,0.0756844133138657
cyp,1955,0.0661948472261429
cyp,1956,0.0662670657038689
cyp,1957,0.0715629383921623
cyp,1958,0.0928844809532166
cyp,1959,0.0975444093346596
cyp,1960,0.126570612192154
cyp,1961,0.117428973317146
cyp,1962,0.101417280733585
cyp,1963,0.108657687902451
cyp,1964,0.124267056584358
cyp,1965,0.117229402065277
cyp,1966,0.12206657230854
cyp,1967,0.0972995236515999
cyp,1968,0.11761436611414
cyp,1969,0.103840306401253
cyp,1970,0.106052301824093
cyp,1971,0.0990571230649948
cyp,1972,0.0958515778183937
cyp,1973,0.110875330865383
cyp,1974,0.128414824604988
cyp,1975,0.137843608856201
cyp,1976,0.196615785360336
cyp,1977,0.192835405468941
cyp,1978,0.169641152024269
cyp,1979,0.178169891238213
cyp,1980,0.182436913251877
cyp,1981,0.197116121649742
cyp,1982,0.177417039871216
cyp,1983,0.16317754983902
cyp,1984,0.172525972127914
cyp,1985,0.142126157879829
cyp,1986,0.136957988142967
cyp,1987,0.140875816345215
cyp,1988,0.135176450014114
cyp,1989,0.13341498374939
cyp,1990,0.150176912546158
cyp,1991,0.137593984603882
cyp,1992,0.155317232012749
cyp,1993,0.130979359149933
cyp,1994,0.140915766358376
cyp,1995,0.157241553068161
cyp,1996,0.18170191347599
cyp,1997,0.16668713092804
cyp,1998,0.142028361558914
cyp,1999,0.121302917599678
cyp,2000,0.111937277019024
cyp,2001,0.111390493810177
cyp,2002,0.0920983999967575
cyp,2003,0.0941730067133904
cyp,2004,0.107182830572128
cyp,2005,0.132816880941391
cyp,2006,0.11015410721302
cyp,2007,0.102206960320473
cyp,2008,0.0959209427237511
cyp,2009,0.0772618055343628
cyp,2010,0.083011269569397
cyp,2011,0.111989408731461
cyp,2012,0.106967940926552
cyp,2013,0.134385630488396
cyp,2014,0.127568289637566
cyp,2015,0.225593596696854
cyp,2016,0.184640720486641
cyp,2017,0.192465931177139
cyp,2018,0.272994875907898
cyp,2019,0.172652870416641
cyp,2020,0.184760868549347
cyp,2021,0.240642905235291
cyp,2022,0.339410722255707
cyp,2023,0.296883761882782
cze,1990,0.11841844022274
cze,1991,0.121871575713158
cze,1992,0.15142984688282
cze,1993,0.170404329895973
cze,1994,0.172082424163818
cze,1995,0.204544886946678
cze,1996,0.206791788339615
cze,1997,0.214071124792099
cze,1998,0.257982820272446
cze,1999,0.257532447576523
cze,2000,0.281094759702683
cze,2001,0.301988929510117
cze,2002,0.326396852731705
cze,2003,0.36669796705246
cze,2004,0.485455602407455
cze,2005,0.568595409393311
cze,2006,0.623130261898041
cze,2007,0.653579473495483
cze,2008,0.716034054756165
cze,2009,0.620704829692841
cze,2010,0.682541072368622
cze,2011,0.727149188518524
cze,2012,0.731636643409729
cze,2013,0.729611456394196
cze,2014,0.723660349845886
cze,2015,0.65957897901535
cze,2016,0.652763247489929
cze,2017,0.663138866424561
cze,2018,0.68536114692688
cze,2019,0.647460997104645
cze,2020,0.61557012796402
cze,2021,0.672170102596283
cze,2022,0.733827888965607
cze,2023,0.713883996009827
deu,1950,0.0835222601890564
deu,1951,0.101465366780758
deu,1952,0.0959286913275719
deu,1953,0.102863788604736
deu,1954,0.116677679121494
deu,1955,0.118316344916821
deu,1956,0.125073507428169
deu,1957,0.132237046957016
deu,1958,0.126736000180244
deu,1959,0.131740793585777
deu,1960,0.133256301283836
deu,1961,0.130816861987114
deu,1962,0.125432103872299
deu,1963,0.132260382175446
deu,1964,0.132278650999069
deu,1965,0.131040185689926
deu,1966,0.139217734336853
deu,1967,0.148058012127876
deu,1968,0.15539675951004
deu,1969,0.155390620231628
deu,1970,0.157366022467613
deu,1971,0.153231918811798
deu,1972,0.152493253350258
deu,1973,0.165448680520058
deu,1974,0.201359316706657
deu,1975,0.184534922242165
deu,1976,0.193255245685577
deu,1977,0.19113090634346
deu,1978,0.186526224017143
deu,1979,0.194699957966805
deu,1980,0.209127649664879
deu,1981,0.223188638687134
deu,1982,0.226963400840759
deu,1983,0.2225611358881
deu,1984,0.238489016890526
deu,1985,0.252553164958954
deu,1986,0.261491924524307
deu,1987,0.27414271235466
deu,1988,0.271653741598129
deu,1989,0.271430343389511
deu,1990,0.310890644788742
deu,1991,0.299453616142273
deu,1992,0.335912495851517
deu,1993,0.292884141206741
deu,1994,0.301693737506866
deu,1995,0.332234859466553
deu,1996,0.335173577070236
deu,1997,0.335170149803162
deu,1998,0.361828565597534
deu,1999,0.35125732421875
deu,2000,0.372758209705353
deu,2001,0.386507987976074
deu,2002,0.413994938135147
deu,2003,0.450308233499527
deu,2004,0.507732748985291
deu,2005,0.525739073753357
deu,2006,0.561626017093658
deu,2007,0.588813543319702
deu,2008,0.594876646995544
deu,2009,0.523570656776428
deu,2010,0.547130823135376
deu,2011,0.574234902858734
deu,2012,0.571997463703156
deu,2013,0.572338581085205
deu,2014,0.569012403488159
deu,2015,0.540785372257233
deu,2016,0.531140565872192
deu,2017,0.537162661552429
deu,2018,0.553796529769898
deu,2019,0.549455046653748
deu,2020,0.511498689651489
deu,2021,0.568567037582398
deu,2022,0.616832494735718
deu,2023,0.586002111434937
dji,1970,0.180244475603104
dji,1971,0.184727638959885
dji,1972,0.176894247531891
dji,1973,0.201107531785965
dji,1974,0.247931465506554
dji,1975,0.206998333334923
dji,1976,0.256326645612717
dji,1977,0.244836762547493
dji,1978,0.115197733044624
dji,1979,0.253954768180847
dji,1980,0.253993034362793
dji,1981,0.288657367229462
dji,1982,0.213868662714958
dji,1983,0.217999160289764
dji,1984,0.281017959117889
dji,1985,0.282912760972977
dji,1986,0.262970179319382
dji,1987,0.23030124604702
dji,1988,0.174010083079338
dji,1989,0.188340336084366
dji,1990,0.50128960609436
dji,1991,0.498933583498001
dji,1992,0.249147057533264
dji,1993,0.210447356104851
dji,1994,0.279484629631043
dji,1995,0.212871551513672
dji,1996,0.226002722978592
dji,1997,0.218891143798828
dji,1998,0.256872057914734
dji,1999,0.223086133599281
dji,2000,0.219653427600861
dji,2001,0.246265903115273
dji,2002,0.264228254556656
dji,2003,0.25432625412941
dji,2004,0.229974538087845
dji,2005,0.223540917038918
dji,2006,0.187980592250824
dji,2007,0.179288551211357
dji,2008,0.166746184229851
dji,2009,0.281365036964417
dji,2010,0.535676836967468
dji,2011,0.606347918510437
dji,2012,0.913002014160156
dji,2013,1.38255834579468
dji,2014,1.43081021308899
dji,2015,1.33539760112762
dji,2016,0.99144583940506
dji,2017,1.51463460922241
dji,2018,1.42992436885834
dji,2019,1.05405759811401
dji,2020,1.01749193668365
dji,2021,1.08992099761963
dji,2022,1.02352654933929
dji,2023,0.871059358119965
dma,1970,0.153339877724648
dma,1971,0.134947061538696
dma,1972,0.147637411952019
dma,1973,0.170526534318924
dma,1974,0.203118309378624
dma,1975,0.18123085796833
dma,1976,0.187231421470642
dma,1977,0.18398642539978
dma,1978,0.188554733991623
dma,1979,0.11443917453289
dma,1980,0.0963065698742867
dma,1981,0.159296095371246
dma,1982,0.179581969976425
dma,1983,0.179968699812889
dma,1984,0.160899683833122
dma,1985,0.169586330652237
dma,1986,0.206842973828316
dma,1987,0.201240599155426
dma,1988,0.210021361708641
dma,1989,0.165134355425835
dma,1990,0.184934347867966
dma,1991,0.170723840594292
dma,1992,0.222458109259605
dma,1993,0.149258717894554
dma,1994,0.140150398015976
dma,1995,0.128792509436607
dma,1996,0.130480065941811
dma,1997,0.146301209926605
dma,1998,0.325985938310623
dma,1999,0.180282294750214
dma,2000,0.182549774646759
dma,2001,0.18764029443264
dma,2002,0.18635405600071
dma,2003,0.155294865369797
dma,2004,0.156904503703117
dma,2005,0.145637467503548
dma,2006,0.131604298949242
dma,2007,0.0953843891620636
dma,2008,0.0833851769566536
dma,2009,0.0819520801305771
dma,2010,0.0756378471851349
dma,2011,0.138865873217583
dma,2012,0.0802266448736191
dma,2013,0.08461644500494
dma,2014,0.146812617778778
dma,2015,0.19875393807888
dma,2016,0.0910642892122269
dma,2017,0.0774116441607475
dma,2018,0.0524326339364052
dma,2019,0.0603420361876488
dma,2020,0.0330774188041687
dma,2021,0.0367419794201851
dma,2022,0.0538919977843761
dma,2023,0.050315335392952
dnk,1950,0.1595878303051
dnk,1951,0.199125528335571
dnk,1952,0.18167008459568
dnk,1953,0.178574979305267
dnk,1954,0.184206590056419
dnk,1955,0.198275536298752
dnk,1956,0.1966303139925
dnk,1957,0.203752383589745
dnk,1958,0.209065973758698
dnk,1959,0.203674674034119
dnk,1960,0.211345866322517
dnk,1961,0.200702026486397
dnk,1962,0.190510407090187
dnk,1963,0.210368350148201
dnk,1964,0.206539139151573
dnk,1965,0.205507010221481
dnk,1966,0.204307988286018
dnk,1967,0.193209528923035
dnk,1968,0.198509842157364
dnk,1969,0.195563271641731
dnk,1970,0.198120206594467
dnk,1971,0.19984669983387
dnk,1972,0.199365884065628
dnk,1973,0.220208615064621
dnk,1974,0.269380420446396
dnk,1975,0.262235134840012
dnk,1976,0.252203911542892
dnk,1977,0.248128026723862
dnk,1978,0.241518124938011
dnk,1979,0.265399158000946
dnk,1980,0.297146201133728
dnk,1981,0.324769854545593
dnk,1982,0.308845072984695
dnk,1983,0.329717546701431
dnk,1984,0.335680961608887
dnk,1985,0.352370232343674
dnk,1986,0.356310188770294
dnk,1987,0.379614263772965
dnk,1988,0.395035415887833
dnk,1989,0.391091763973236
dnk,1990,0.44319686293602
dnk,1991,0.423728793859482
dnk,1992,0.4901362657547
dnk,1993,0.466554403305054
dnk,1994,0.480455994606018
dnk,1995,0.508077621459961
dnk,1996,0.49854964017868
dnk,1997,0.489784091711044
dnk,1998,0.484522044658661
dnk,1999,0.481314480304718
dnk,2000,0.492213726043701
dnk,2001,0.519449830055237
dnk,2002,0.548014521598816
dnk,2003,0.597088932991028
dnk,2004,0.627721786499023
dnk,2005,0.664825141429901
dnk,2006,0.681045532226563
dnk,2007,0.68448406457901
dnk,2008,0.683141052722931
dnk,2009,0.579322874546051
dnk,2010,0.573177397251129
dnk,2011,0.617897629737854
dnk,2012,0.600484967231751
dnk,2013,0.610944151878357
dnk,2014,0.599114000797272
dnk,2015,0.553543627262116
dnk,2016,0.536887168884277
dnk,2017,0.531917989253998
dnk,2018,0.540527164936066
dnk,2019,0.542139112949371
dnk,2020,0.499340564012527
dnk,2021,0.532313764095306
dnk,2022,0.586614191532135
dnk,2023,0.618429720401764
dom,1951,0.514089941978455
dom,1952,0.542366564273834
dom,1953,0.522436916828156
dom,1954,0.49822199344635
dom,1955,0.537032186985016
dom,1956,0.517417967319489
dom,1957,0.474991858005524
dom,1958,0.456095516681671
dom,1959,0.454498261213303
dom,1960,0.445967584848404
dom,1961,0.413002133369446
dom,1962,0.402498751878738
dom,1963,0.343719452619553
dom,1964,0.353006988763809
dom,1965,0.301137775182724
dom,1966,0.278653889894486
dom,1967,0.280907422304153
dom,1968,0.29931503534317
dom,1969,0.268915414810181
dom,1970,0.294739812612534
dom,1971,0.2868272960186
dom,1972,0.323158293962479
dom,1973,0.346287876367569
dom,1974,0.380404502153397
dom,1975,0.353189140558243
dom,1976,0.339692145586014
dom,1977,0.369543224573135
dom,1978,0.32691964507103
dom,1979,0.365309327840805
dom,1980,0.274596303701401
dom,1981,0.298903346061707
dom,1982,0.202534586191177
dom,1983,0.19129578769207
dom,1984,0.113542474806309
dom,1985,0.0710966065526009
dom,1986,0.0605546869337559
dom,1987,0.0524807274341583
dom,1988,0.0664017200469971
dom,1989,0.109185270965099
dom,1990,0.113314524292946
dom,1991,0.123762749135494
dom,1992,0.0823273584246635
dom,1993,0.0779519230127335
dom,1994,0.0831883177161217
dom,1995,0.0973816215991974
dom,1996,0.146460562944412
dom,1997,0.161688283085823
dom,1998,0.164785534143448
dom,1999,0.146551698446274
dom,2000,0.156125038862228
dom,2001,0.0237721670418978
dom,2002,0.145072028040886
dom,2003,0.153980985283852
dom,2004,0.150478541851044
dom,2005,0.138743832707405
dom,2006,0.115282081067562
dom,2007,0.10597425699234
dom,2008,0.0880280062556267
dom,2009,0.0585239082574844
dom,2010,0.057872261852026
dom,2011,0.0692674890160561
dom,2012,0.0834226831793785
dom,2013,0.0887530669569969
dom,2014,0.101963609457016
dom,2015,0.0859113857150078
dom,2016,0.0841033905744553
dom,2017,0.0793328434228897
dom,2018,0.0754223316907883
dom,2019,0.0701783671975136
dom,2020,0.0505959764122963
dom,2021,0.0644733160734177
dom,2022,0.0754348710179329
dom,2023,0.0690638273954392
dza,1960,0.532244384288788
dza,1961,0.591167271137238
dza,1962,0.311906427145004
dza,1963,0.249555930495262
dza,1964,0.236763089895248
dza,1965,0.201430842280388
dza,1966,0.183154031634331
dza,1967,0.219483837485313
dza,1968,0.191312864422798
dza,1969,0.177590548992157
dza,1970,0.168745994567871
dza,1971,0.131492212414742
dza,1972,0.148860290646553
dza,1973,0.169420123100281
dza,1974,0.143146052956581
dza,1975,0.140789404511452
dza,1976,0.147044152021408
dza,1977,0.135478019714355
dza,1978,0.137880027294159
dza,1979,0.163354605436325
dza,1980,0.170504182577133
dza,1981,0.122047998011112
dza,1982,0.116502791643143
dza,1983,0.117249131202698
dza,1984,0.126060709357262
dza,1985,0.0962324813008308
dza,1986,0.0887852162122726
dza,1987,0.0961701720952988
dza,1988,0.0924709141254425
dza,1989,0.0939571261405945
dza,1990,0.11487028002739
dza,1991,0.089728057384491
dza,1992,0.13544636964798
dza,1993,0.119523771107197
dza,1994,0.0996203646063805
dza,1995,0.101064845919609
dza,1996,0.109449833631516
dza,1997,0.141712725162506
dza,1998,0.109039962291718
dza,1999,0.13632769882679
dza,2000,0.210682526230812
dza,2001,0.176198735833168
dza,2002,0.168230876326561
dza,2003,0.201298713684082
dza,2004,0.220494851469994
dza,2005,0.277777045965195
dza,2006,0.303216010332108
dza,2007,0.301687002182007
dza,2008,0.312097102403641
dza,2009,0.205050423741341
dza,2010,0.238671585917473
dza,2011,0.253582715988159
dza,2012,0.242474228143692
dza,2013,0.224562183022499
dza,2014,0.207659676671028
dza,2015,0.133788168430328
dza,2016,0.121570453047752
dza,2017,0.135544240474701
dza,2018,0.153192520141602
dza,2019,0.1398124396801
dza,2020,0.125459417700768
dza,2021,0.159637063741684
dza,2022,0.162245258688927
dza,2023,0.148858293890953
ecu,1950,0.0392275713384151
ecu,1951,0.0308893732726574
ecu,1952,0.0398517660796642
ecu,1953,0.0322131887078285
ecu,1954,0.0336498245596886
ecu,1955,0.0273715853691101
ecu,1956,0.0266379453241825
ecu,1957,0.0278799962252378
ecu,1958,0.0256580114364624
ecu,1959,0.0252142287790775
ecu,1960,0.0244047902524471
ecu,1961,0.0216078124940395
ecu,1962,0.0228636208921671
ecu,1963,0.0240211263298988
ecu,1964,0.0216139070689678
ecu,1965,0.0201041642576456
ecu,1966,0.0188756808638573
ecu,1967,0.0179241895675659
ecu,1968,0.0214464124292135
ecu,1969,0.0144713707268238
ecu,1970,0.0142545970156789
ecu,1971,0.0151217887178063
ecu,1972,0.0316809080541134
ecu,1973,0.0744364857673645
ecu,1974,0.126894518733025
ecu,1975,0.101770773530006
ecu,1976,0.107991084456444
ecu,1977,0.0912504717707634
ecu,1978,0.108950592577457
ecu,1979,0.10146202147007
ecu,1980,0.097993478178978
ecu,1981,0.0823081657290459
ecu,1982,0.0931074246764183
ecu,1983,0.105175755918026
ecu,1984,0.113888777792454
ecu,1985,0.117813065648079
ecu,1986,0.0919365659356117
ecu,1987,0.0806133449077606
ecu,1988,0.0879392847418785
ecu,1989,0.0887233391404152
ecu,1990,0.0971676856279373
ecu,1991,0.080570362508297
ecu,1992,0.110797554254532
ecu,1993,0.108570031821728
ecu,1994,0.129460453987122
ecu,1995,0.143703386187553
ecu,1996,0.156590610742569
ecu,1997,0.178184553980827
ecu,1998,0.157930165529251
ecu,1999,0.183691844344139
ecu,2000,0.188420906662941
ecu,2001,0.176046639680862
ecu,2002,0.172900125384331
ecu,2003,0.174043342471123
ecu,2004,0.188805282115936
ecu,2005,0.201739221811295
ecu,2006,0.227099627256393
ecu,2007,0.212973296642303
ecu,2008,0.231139793992043
ecu,2009,0.184678450226784
ecu,2010,0.220240578055382
ecu,2011,0.234863832592964
ecu,2012,0.235670581459999
ecu,2013,0.23560306429863
ecu,2014,0.216253831982613
ecu,2015,0.183293044567108
ecu,2016,0.169130712747574
ecu,2017,0.177322193980217
ecu,2018,0.18841727077961
ecu,2019,0.192338541150093
ecu,2020,0.194544106721878
ecu,2021,0.20888464152813
ecu,2022,0.224822923541069
ecu,2023,0.214671596884727
egy,1950,0.0774763226509094
egy,1951,0.0545289255678654
egy,1952,0.0637316182255745
egy,1953,0.0663361698389053
egy,1954,0.0608059987425804
egy,1955,0.0509699694812298
egy,1956,0.0451863221824169
egy,1957,0.0450735650956631
egy,1958,0.048726499080658
egy,1959,0.0493304952979088
egy,1960,0.0541744232177734
egy,1961,0.0472800508141518
egy,1962,0.040925957262516
egy,1963,0.0492655262351036
egy,1964,0.0454730316996574
egy,1965,0.0794547274708748
egy,1966,0.0785006284713745
egy,1967,0.06465744972229
egy,1968,0.0619204789400101
egy,1969,0.0674280673265457
egy,1970,0.0665595456957817
egy,1971,0.0683598443865776
egy,1972,0.0647975280880928
egy,1973,0.0858331397175789
egy,1974,0.112703181803226
egy,1975,0.0555111765861511
egy,1976,0.0613724030554295
egy,1977,0.0564634017646313
egy,1978,0.0513904057443142
egy,1979,0.102982595562935
egy,1980,0.11726463586092
egy,1981,0.0639392584562302
egy,1982,0.0493081323802471
egy,1983,0.044732641428709
egy,1984,0.0419415533542633
egy,1985,0.0238931123167276
egy,1986,0.0243254229426384
egy,1987,0.0176644958555698
egy,1988,0.0165017656981945
egy,1989,0.0195497162640095
egy,1990,0.0267843939363956
egy,1991,0.044023297727108
egy,1992,0.0477195419371128
egy,1993,0.0368052385747433
egy,1994,0.0346867889165878
egy,1995,0.0281003192067146
egy,1996,0.0238938350230455
egy,1997,0.0261624343693256
egy,1998,0.0223768297582865
egy,1999,0.0246932171285152
egy,2000,0.0318763367831707
egy,2001,0.0274079889059067
egy,2002,0.0269490405917168
egy,2003,0.0341709665954113
egy,2004,0.0377948023378849
egy,2005,0.0472929030656815
egy,2006,0.0546040497720242
egy,2007,0.050709705799818
egy,2008,0.0607597082853317
egy,2009,0.0529923066496849
egy,2010,0.0501018203794956
egy,2011,0.0510057061910629
egy,2012,0.0411533191800118
egy,2013,0.0383816175162792
egy,2014,0.0360191650688648
egy,2015,0.031071525067091
egy,2016,0.033066600561142
egy,2017,0.0350829474627972
egy,2018,0.0344932824373245
egy,2019,0.0285284239798784
egy,2020,0.0194683503359556
egy,2021,0.0181199517101049
egy,2022,0.0278309639543295
egy,2023,0.0330455601215363
esp,1950,0.0178616922348738
esp,1951,0.0183483995497227
esp,1952,0.0170708391815424
esp,1953,0.0167543962597847
esp,1954,0.0148254474624991
esp,1955,0.0150620387867093
esp,1956,0.0149511443451047
esp,1957,0.0155282597988844
esp,1958,0.0164231322705746
esp,1959,0.0212118905037642
esp,1960,0.0347891338169575
esp,1961,0.0327063910663128
esp,1962,0.0323565043509007
esp,1963,0.0284100510179997
esp,1964,0.0341347083449364
esp,1965,0.0312604792416096
esp,1966,0.0345390290021896
esp,1967,0.0318378806114197
esp,1968,0.0329246446490288
esp,1969,0.0331782698631287
esp,1970,0.0388604253530502
esp,1971,0.0421573556959629
esp,1972,0.0435735136270523
esp,1973,0.0477067977190018
esp,1974,0.0561921931803227
esp,1975,0.0531641133129597
esp,1976,0.0578897781670094
esp,1977,0.0608369074761868
esp,1978,0.0650990083813667
esp,1979,0.0744927674531937
esp,1980,0.0766333937644959
esp,1981,0.086309090256691
esp,1982,0.0892195478081703
esp,1983,0.0989306271076202
esp,1984,0.118070937693119
esp,1985,0.126308619976044
esp,1986,0.112585917115211
esp,1987,0.119383662939072
esp,1988,0.120693802833557
esp,1989,0.12006501853466
esp,1990,0.133522063493729
esp,1991,0.12644000351429
esp,1992,0.145493179559708
esp,1993,0.137499958276749
esp,1994,0.154087170958519
esp,1995,0.166307702660561
esp,1996,0.18491704761982
esp,1997,0.188829764723778
esp,1998,0.1932373046875
esp,1999,0.189786821603775
esp,2000,0.192109808325768
esp,2001,0.194935992360115
esp,2002,0.198169127106667
esp,2003,0.220818445086479
esp,2004,0.23492494225502
esp,2005,0.234307497739792
esp,2006,0.231222406029701
esp,2007,0.235350951552391
esp,2008,0.236580237746239
esp,2009,0.204845637083054
esp,2010,0.227637127041817
esp,2011,0.266357392072678
esp,2012,0.266655087471008
esp,2013,0.287631809711456
esp,2014,0.29263299703598
esp,2015,0.260036140680313
esp,2016,0.256950825452805
esp,2017,0.26292410492897
esp,2018,0.282975941896439
esp,2019,0.272920161485672
esp,2020,0.248019933700562
esp,2021,0.276569575071335
esp,2022,0.316462248563767
esp,2023,0.299767166376114
est,1990,0.315132409334183
est,1991,0.191789269447327
est,1992,0.405227243900299
est,1993,0.464412003755569
est,1994,0.479057163000107
est,1995,0.415785312652588
est,1996,0.394694209098816
est,1997,0.470559358596802
est,1998,0.547574937343597
est,1999,0.536386013031006
est,2000,0.437483131885529
est,2001,0.465767294168472
est,2002,0.465161055326462
est,2003,0.531208455562592
est,2004,0.611446857452393
est,2005,0.678502202033997
est,2006,0.686568140983582
est,2007,0.731097340583801
est,2008,0.776139438152313
est,2009,0.669246017932892
est,2010,0.784400165081024
est,2011,0.885993897914887
est,2012,0.84674197435379
est,2013,0.868665039539337
est,2014,0.857176601886749
est,2015,0.74463963508606
est,2016,0.751340568065643
est,2017,0.759470105171204
est,2018,0.769405364990234
est,2019,0.757798612117767
est,2020,0.719014167785645
est,2021,0.885187387466431
est,2022,1.00253164768219
est,2023,0.917970895767212
eth,1950,0.0351206138730049
eth,1951,0.0406940840184689
eth,1952,0.0343208611011505
eth,1953,0.050168938934803
eth,1954,0.0399328880012035
eth,1955,0.0473863705992699
eth,1956,0.03567223995924
eth,1957,0.046409722417593
eth,1958,0.0376121699810028
eth,1959,0.0374404564499855
eth,1960,0.0425807535648346
eth,1961,0.0426063314080238
eth,1962,0.0492795221507549
eth,1963,0.051176942884922
eth,1964,0.0448759868741035
eth,1965,0.0446466319262981
eth,1966,0.0392799749970436
eth,1967,0.0432671494781971
eth,1968,0.0446666441857815
eth,1969,0.0375329181551933
eth,1970,0.0437585636973381
eth,1971,0.0416639409959316
eth,1972,0.0512928143143654
eth,1973,0.0657225623726845
eth,1974,0.0722187012434006
eth,1975,0.05849439650774
eth,1976,0.0644893124699593
eth,1977,0.0673680230975151
eth,1978,0.0555802024900913
eth,1979,0.0732450261712074
eth,1980,0.0706409737467766
eth,1981,0.0541983060538769
eth,1982,0.0495613068342209
eth,1983,0.0410974211990833
eth,1984,0.0341794043779373
eth,1985,0.0248903371393681
eth,1986,0.0307566672563553
eth,1987,0.0225483812391758
eth,1988,0.0243409555405378
eth,1989,0.0279121790081263
eth,1990,0.0148509526625276
eth,1991,0.00982283893972635
eth,1992,0.012885820120573
eth,1993,0.0112332059070468
eth,1994,0.0184813663363457
eth,1995,0.0208635106682777
eth,1996,0.0224420595914125
eth,1997,0.0259306561201811
eth,1998,0.030037984251976
eth,1999,0.0241082571446896
eth,2000,0.0271466933190823
eth,2001,0.0201453287154436
eth,2002,0.0230243001133204
eth,2003,0.0239581800997257
eth,2004,0.0229096319526434
eth,2005,0.027506897225976
eth,2006,0.0292765963822603
eth,2007,0.0275673437863588
eth,2008,0.0285834223031998
eth,2009,0.0283587463200092
eth,2010,0.0343521945178509
eth,2011,0.0330988653004169
eth,2012,0.0347293727099896
eth,2013,0.0436480268836021
eth,2014,0.0488358028233051
eth,2015,0.018064096570015
eth,2016,0.0156745705753565
eth,2017,0.016742130741477
eth,2018,0.0103338975459337
eth,2019,0.00967330764979124
eth,2020,0.00851260498166084
eth,2021,0.00806939043104649
eth,2022,0.0088028758764267
eth,2023,0.00748722068965435
fin,1950,0.169006481766701
fin,1951,0.187961205840111
fin,1952,0.164537325501442
fin,1953,0.160983577370644
fin,1954,0.165933907032013
fin,1955,0.165174022316933
fin,1956,0.157499060034752
fin,1957,0.17163310945034
fin,1958,0.164092198014259
fin,1959,0.172015503048897
fin,1960,0.179359152913094
fin,1961,0.166553527116776
fin,1962,0.167352706193924
fin,1963,0.209386497735977
fin,1964,0.212296456098557
fin,1965,0.204490765929222
fin,1966,0.211069419980049
fin,1967,0.213838070631027
fin,1968,0.217236295342445
fin,1969,0.22542130947113
fin,1970,0.221965581178665
fin,1971,0.20670223236084
fin,1972,0.221061259508133
fin,1973,0.221259474754334
fin,1974,0.257453769445419
fin,1975,0.216620892286301
fin,1976,0.248712316155434
fin,1977,0.285161107778549
fin,1978,0.289302140474319
fin,1979,0.308823227882385
fin,1980,0.33160725235939
fin,1981,0.337087333202362
fin,1982,0.316427618265152
fin,1983,0.321071863174439
fin,1984,0.336391091346741
fin,1985,0.334770649671555
fin,1986,0.329402774572372
fin,1987,0.352159321308136
fin,1988,0.326922535896301
fin,1989,0.330347895622253
fin,1990,0.364527106285095
fin,1991,0.317665725946426
fin,1992,0.386631160974503
fin,1993,0.382054090499878
fin,1994,0.432943314313889
fin,1995,0.476751863956451
fin,1996,0.48348343372345
fin,1997,0.467960208654404
fin,1998,0.476240873336792
fin,1999,0.44443467259407
fin,2000,0.480628907680512
fin,2001,0.474918901920319
fin,2002,0.467324882745743
fin,2003,0.508487105369568
fin,2004,0.532491862773895
fin,2005,0.550719976425171
fin,2006,0.610382258892059
fin,2007,0.607445061206818
fin,2008,0.588833272457123
fin,2009,0.429466545581818
fin,2010,0.465615481138229
fin,2011,0.482745587825775
fin,2012,0.462450951337814
fin,2013,0.488418072462082
fin,2014,0.472861886024475
fin,2015,0.404302000999451
fin,2016,0.381376653909683
fin,2017,0.423293709754944
fin,2018,0.449092626571655
fin,2019,0.438705444335938
fin,2020,0.397716045379639
fin,2021,0.431818693876267
fin,2022,0.479794561862946
fin,2023,0.46001473069191
fji,1960,0.116866461932659
fji,1961,0.0905895754694939
fji,1962,0.105832539498806
fji,1963,0.231899797916412
fji,1964,0.16356697678566
fji,1965,0.219266042113304
fji,1966,0.168535158038139
fji,1967,0.254546612501144
fji,1968,0.24864587187767
fji,1969,0.229308485984802
fji,1970,0.228832706809044
fji,1971,0.192292466759682
fji,1972,0.17550390958786
fji,1973,0.149511650204659
fji,1974,0.20156928896904
fji,1975,0.180193707346916
fji,1976,0.153184115886688
fji,1977,0.196445062756538
fji,1978,0.19996152818203
fji,1979,0.184987485408783
fji,1980,0.220765739679337
fji,1981,0.199636742472649
fji,1982,0.190865144133568
fji,1983,0.173751845955849
fji,1984,0.189317390322685
fji,1985,0.169141590595245
fji,1986,0.17487259209156
fji,1987,0.18597611784935
fji,1988,0.197498917579651
fji,1989,0.222195208072662
fji,1990,0.20990164577961
fji,1991,0.217257842421532
fji,1992,0.197795048356056
fji,1993,0.141339525580406
fji,1994,0.244020596146584
fji,1995,0.272329956293106
fji,1996,0.271704018115997
fji,1997,0.24026495218277
fji,1998,0.261016011238098
fji,1999,0.280612617731094
fji,2000,0.205545857548714
fji,2001,0.208323866128922
fji,2002,0.243108257651329
fji,2003,0.22108893096447
fji,2004,0.212648048996925
fji,2005,0.283904165029526
fji,2006,0.225655257701874
fji,2007,0.216881021857262
fji,2008,0.220953390002251
fji,2009,0.143564999103546
fji,2010,0.170433983206749
fji,2011,0.198428392410278
fji,2012,0.221988424658775
fji,2013,0.176344141364098
fji,2014,0.186944678425789
fji,2015,0.127791032195091
fji,2016,0.132662504911423
fji,2017,0.129517525434494
fji,2018,0.134784579277039
fji,2019,0.140160396695137
fji,2020,0.0798398852348328
fji,2021,0.088147334754467
fji,2022,0.170857116580009
fji,2023,0.175180852413178
fra,1950,0.102136194705963
fra,1951,0.116765253245831
fra,1952,0.104240171611309
fra,1953,0.0938553735613823
fra,1954,0.0951610058546066
fra,1955,0.0942785143852234
fra,1956,0.0868500992655754
fra,1957,0.0882778689265251
fra,1958,0.0844802856445313
fra,1959,0.0915975198149681
fra,1960,0.0991679280996323
fra,1961,0.0964722037315369
fra,1962,0.0881281197071075
fra,1963,0.0903175547719002
fra,1964,0.0894807577133179
fra,1965,0.0922065675258637
fra,1966,0.0929794535040855
fra,1967,0.0907671302556992
fra,1968,0.0966554135084152
fra,1969,0.104385666549206
fra,1970,0.11578980833292
fra,1971,0.117657668888569
fra,1972,0.125351518392563
fra,1973,0.137110695242882
fra,1974,0.160202711820602
fra,1975,0.150682553648949
fra,1976,0.158661842346191
fra,1977,0.16032586991787
fra,1978,0.154633909463882
fra,1979,0.169623702764511
fra,1980,0.17254002392292
fra,1981,0.17864328622818
fra,1982,0.167293697595596
fra,1983,0.172926381230354
fra,1984,0.188357785344124
fra,1985,0.197319805622101
fra,1986,0.195780009031296
fra,1987,0.207547336816788
fra,1988,0.208582833409309
fra,1989,0.211230993270874
fra,1990,0.236573681235313
fra,1991,0.221482813358307
fra,1992,0.258809506893158
fra,1993,0.232987284660339
fra,1994,0.248914882540703
fra,1995,0.276944488286972
fra,1996,0.277085185050964
fra,1997,0.272334754467011
fra,1998,0.290011525154114
fra,1999,0.277667135000229
fra,2000,0.277733653783798
fra,2001,0.269237726926804
fra,2002,0.273412644863129
fra,2003,0.304721176624298
fra,2004,0.324757277965546
fra,2005,0.326598167419434
fra,2006,0.338613420724869
fra,2007,0.333985894918442
fra,2008,0.339105099439621
fra,2009,0.283493787050247
fra,2010,0.299825131893158
fra,2011,0.314062297344208
fra,2012,0.305231541395187
fra,2013,0.305469065904617
fra,2014,0.298324584960938
fra,2015,0.277658849954605
fra,2016,0.272874563932419
fra,2017,0.275603860616684
fra,2018,0.285319566726685
fra,2019,0.268735289573669
fra,2020,0.23571103811264
fra,2021,0.264600932598114
fra,2022,0.298865288496017
fra,2023,0.286461859941483
gab,1960,0.387608259916306
gab,1961,0.375739961862564
gab,1962,0.323216557502747
gab,1963,0.344711631536484
gab,1964,0.380127608776093
gab,1965,0.340979903936386
gab,1966,0.377105206251144
gab,1967,0.378366529941559
gab,1968,0.375024199485779
gab,1969,0.36434006690979
gab,1970,0.320305287837982
gab,1971,0.314519315958023
gab,1972,0.362823009490967
gab,1973,0.347440809011459
gab,1974,0.610583603382111
gab,1975,0.57202535867691
gab,1976,0.522493660449982
gab,1977,0.51139760017395
gab,1978,0.452763229608536
gab,1979,0.548967242240906
gab,1980,0.449245452880859
gab,1981,0.380179435014725
gab,1982,0.382658362388611
gab,1983,0.363894760608673
gab,1984,0.527897775173187
gab,1985,0.548438966274262
gab,1986,0.400953561067581
gab,1987,0.449482947587967
gab,1988,0.430363327264786
gab,1989,0.385139226913452
gab,1990,0.606930196285248
gab,1991,0.488489866256714
gab,1992,0.594248294830322
gab,1993,0.600077033042908
gab,1994,0.527353465557098
gab,1995,0.549185037612915
gab,1996,0.557243347167969
gab,1997,0.542572021484375
gab,1998,0.646241307258606
gab,1999,0.499771296977997
gab,2000,0.506253778934479
gab,2001,0.474478662014008
gab,2002,0.465388119220734
gab,2003,0.0548881776630878
gab,2004,0.351703613996506
gab,2005,0.4655502140522
gab,2006,0.540568053722382
gab,2007,0.512882590293884
gab,2008,0.692884564399719
gab,2009,0.414669752120972
gab,2010,0.453861236572266
gab,2011,0.570184469223023
gab,2012,0.521612167358398
gab,2013,0.474947810173035
gab,2014,0.40465372800827
gab,2015,0.389465481042862
gab,2016,0.261255264282227
gab,2017,0.299855589866638
gab,2018,0.330618768930435
gab,2019,0.344657510519028
gab,2020,0.359870731830597
gab,2021,0.394234150648117
gab,2022,0.428274840116501
gab,2023,0.40505975484848
gbr,1950,0.152913138270378
gbr,1951,0.159613534808159
gbr,1952,0.148154258728027
gbr,1953,0.139451906085014
gbr,1954,0.140503019094467
gbr,1955,0.13960874080658
gbr,1956,0.140653729438782
gbr,1957,0.139119416475296
gbr,1958,0.129845798015594
gbr,1959,0.128099545836449
gbr,1960,0.131100118160248
gbr,1961,0.127600058913231
gbr,1962,0.118866257369518
gbr,1963,0.124312251806259
gbr,1964,0.117989450693131
gbr,1965,0.120545729994774
gbr,1966,0.123312763869762
gbr,1967,0.113054491579533
gbr,1968,0.122974425554276
gbr,1969,0.131253212690353
gbr,1970,0.130709782242775
gbr,1971,0.139180913567543
gbr,1972,0.135256320238113
gbr,1973,0.153270706534386
gbr,1974,0.191080957651138
gbr,1975,0.187025785446167
gbr,1976,0.193190842866898
gbr,1977,0.199648767709732
gbr,1978,0.196985751390457
gbr,1979,0.202655166387558
gbr,1980,0.20869155228138
gbr,1981,0.198032408952713
gbr,1982,0.192612454295158
gbr,1983,0.18890318274498
gbr,1984,0.201937794685364
gbr,1985,0.212587431073189
gbr,1986,0.187401980161667
gbr,1987,0.199293747544289
gbr,1988,0.19035317003727
gbr,1989,0.189876854419708
gbr,1990,0.214647561311722
gbr,1991,0.187991857528687
gbr,1992,0.229848265647888
gbr,1993,0.1923518627882
gbr,1994,0.213514044880867
gbr,1995,0.211562812328339
gbr,1996,0.220083847641945
gbr,1997,0.237626373767853
gbr,1998,0.232273608446121
gbr,1999,0.222068071365356
gbr,2000,0.250730872154236
gbr,2001,0.23613129556179
gbr,2002,0.239222452044487
gbr,2003,0.242979913949966
gbr,2004,0.254211276769638
gbr,2005,0.26904284954071
gbr,2006,0.296291530132294
gbr,2007,0.272381544113159
gbr,2008,0.268425494432449
gbr,2009,0.22507232427597
gbr,2010,0.262485057115555
gbr,2011,0.304378658533096
gbr,2012,0.2811059653759
gbr,2013,0.300318747758865
gbr,2014,0.272521734237671
gbr,2015,0.258322566747665
gbr,2016,0.227333590388298
gbr,2017,0.225592061877251
gbr,2018,0.246342495083809
gbr,2019,0.233384847640991
gbr,2020,0.213798031210899
gbr,2021,0.224756732583046
gbr,2022,0.260369956493378
gbr,2023,0.238757997751236
geo,1990,0.0456022135913372
geo,1991,0.0222178231924772
geo,1992,0.0762822777032852
geo,1993,0.0223084744066
geo,1994,2.41655725403689e-05
geo,1995,0.0134454201906919
geo,1996,0.0255912393331528
geo,1997,0.0299691446125507
geo,1998,0.0258007328957319
geo,1999,0.0340184010565281
geo,2000,0.0477411784231663
geo,2001,0.0447905398905277
geo,2002,0.0420726723968983
geo,2003,0.0454047620296478
geo,2004,0.0559382922947407
geo,2005,0.0654663220047951
geo,2006,0.0597858764231205
geo,2007,0.061463862657547
geo,2008,0.0649186074733734
geo,2009,0.0513004995882511
geo,2010,0.0645233541727066
geo,2011,0.0820157900452614
geo,2012,0.0840924009680748
geo,2013,0.0993331670761108
geo,2014,0.0902935191988945
geo,2015,0.0727202966809273
geo,2016,0.0657108277082443
geo,2017,0.0748114511370659
geo,2018,0.083960771560669
geo,2019,0.0897180065512657
geo,2020,0.0574458129703999
geo,2021,0.0704154968261719
geo,2022,0.0948580726981163
geo,2023,0.0903263092041016
gha,1955,0.0517548508942127
gha,1956,0.0551560074090958
gha,1957,0.0614881031215191
gha,1958,0.046810831874609
gha,1959,0.0497692413628101
gha,1960,0.0508841797709465
gha,1961,0.0569067262113094
gha,1962,0.0635611861944199
gha,1963,0.0553831085562706
gha,1964,0.0455646626651287
gha,1965,0.0542399883270264
gha,1966,0.0488067232072353
gha,1967,0.0544330514967442
gha,1968,0.0497820228338242
gha,1969,0.0382174253463745
gha,1970,0.0445825941860676
gha,1971,0.0411006659269333
gha,1972,0.0568207949399948
gha,1973,0.0552507564425468
gha,1974,0.0415276810526848
gha,1975,0.0418100729584694
gha,1976,0.0504899099469185
gha,1977,0.0359745658934116
gha,1978,0.0358016788959503
gha,1979,0.0307363197207451
gha,1980,0.0243557021021843
gha,1981,0.0223175399005413
gha,1982,0.0281636621803045
gha,1983,0.00789739470928907
gha,1984,0.0182054657489061
gha,1985,0.025672996416688
gha,1986,0.0370105355978012
gha,1987,0.0505364164710045
gha,1988,0.0442391596734524
gha,1989,0.0443394184112549
gha,1990,0.0521830543875694
gha,1991,0.0445644333958626
gha,1992,0.055546972900629
gha,1993,0.0462925508618355
gha,1994,0.0584402307868004
gha,1995,0.0531420819461346
gha,1996,0.0899106860160828
gha,1997,0.0571473948657513
gha,1998,0.0427930019795895
gha,1999,0.0456933528184891
gha,2000,0.0548288822174072
gha,2001,0.0619734078645706
gha,2002,0.0552545115351677
gha,2003,0.0684719458222389
gha,2004,0.0636259391903877
gha,2005,0.0749544203281403
gha,2006,0.0818887501955032
gha,2007,0.0615554824471474
gha,2008,0.056454349309206
gha,2009,0.0833165422081947
gha,2010,0.07548987865448
gha,2011,0.244075089693069
gha,2012,0.183974012732506
gha,2013,0.13339526951313
gha,2014,0.103790119290352
gha,2015,0.156648322939873
gha,2016,0.122253201901913
gha,2017,0.15975184738636
gha,2018,0.176403641700745
gha,2019,0.159224659204483
gha,2020,0.135222271084785
gha,2021,0.141933605074883
gha,2022,0.14582771062851
gha,2023,0.131667196750641
gin,1959,0.00621958542615175
gin,1960,0.00997855514287949
gin,1961,0.0114213367924094
gin,1962,0.00828279089182615
gin,1963,0.0070853247307241
gin,1964,0.00943589303642511
gin,1965,0.00994863454252482
gin,1966,0.0100673139095306
gin,1967,0.00796680245548487
gin,1968,0.00802938733249903
gin,1969,0.00821229815483093
gin,1970,0.00831700302660465
gin,1971,0.00691303657367826
gin,1972,0.00473025627434254
gin,1973,0.00448756106197834
gin,1974,0.00945474393665791
gin,1975,0.010949170216918
gin,1976,0.0146577320992947
gin,1977,0.0171926841139793
gin,1978,0.0152262141928077
gin,1979,0.0167510751634836
gin,1980,0.0172657705843449
gin,1981,0.0210920069366694
gin,1982,0.016566839069128
gin,1983,0.0120911467820406
gin,1984,0.0118057299405336
gin,1985,0.00962266698479652
gin,1986,0.069125697016716
gin,1987,0.0717746391892433
gin,1988,0.0604585148394108
gin,1989,0.0640701800584793
gin,1990,0.0638318955898285
gin,1991,0.0560329519212246
gin,1992,0.0582314692437649
gin,1993,0.067072294652462
gin,1994,0.0543761700391769
gin,1995,0.0523358248174191
gin,1996,0.0481525659561157
gin,1997,0.0544100515544415
gin,1998,0.0480564273893833
gin,1999,0.0437548384070396
gin,2000,0.0524943247437477
gin,2001,0.0665436759591103
gin,2002,0.0604172274470329
gin,2003,0.111837387084961
gin,2004,0.071502722799778
gin,2005,0.0818580985069275
gin,2006,0.0814797580242157
gin,2007,0.117604561150074
gin,2008,0.132955670356751
gin,2009,0.105629868805408
gin,2010,0.189196795225143
gin,2011,0.208541586995125
gin,2012,0.113838560879231
gin,2013,0.136464521288872
gin,2014,0.0955024585127831
gin,2015,0.11028216034174
gin,2016,0.15830397605896
gin,2017,0.234391450881958
gin,2018,0.212320014834404
gin,2019,0.187406182289124
gin,2020,0.273514539003372
gin,2021,0.35008493065834
gin,2022,0.335447371006012
gin,2023,0.263524055480957
gmb,1960,0.0832842886447907
gmb,1961,0.0952494591474533
gmb,1962,0.0833082273602486
gmb,1963,0.0706183463335037
gmb,1964,0.0553858913481236
gmb,1965,0.0629692673683167
gmb,1966,0.0927043259143829
gmb,1967,0.106997810304165
gmb,1968,0.0799635872244835
gmb,1969,0.132758274674416
gmb,1970,0.077177107334137
gmb,1971,0.0677223652601242
gmb,1972,0.0648321583867073
gmb,1973,0.044856358319521
gmb,1974,0.0731318965554237
gmb,1975,0.072375975549221
gmb,1976,0.0585274994373322
gmb,1977,0.0734252855181694
gmb,1978,0.046248123049736
gmb,1979,0.0457277595996857
gmb,1980,0.0412503518164158
gmb,1981,0.0196812860667706
gmb,1982,0.0243472140282393
gmb,1983,0.0411282889544964
gmb,1984,0.0410247445106506
gmb,1985,0.0195567440241575
gmb,1986,0.031647302210331
gmb,1987,0.0572164058685303
gmb,1988,0.0880866423249245
gmb,1989,0.121512115001678
gmb,1990,0.128806188702583
gmb,1991,0.117444664239883
gmb,1992,0.137098744511604
gmb,1993,0.0882038846611977
gmb,1994,0.0902215763926506
gmb,1995,0.0112034138292074
gmb,1996,0.00742687843739986
gmb,1997,0.00502107013016939
gmb,1998,0.016490725800395
gmb,1999,0.00738674961030483
gmb,2000,0.00950775574892759
gmb,2001,0.00515678385272622
gmb,2002,0.0101498998701572
gmb,2003,0.00208107987418771
gmb,2004,0.0063342391513288
gmb,2005,0.00234299432486296
gmb,2006,0.00379581633023918
gmb,2007,0.00396366603672504
gmb,2008,0.0039865430444479
gmb,2009,0.0194406267255545
gmb,2010,0.0194235946983099
gmb,2011,0.029380926862359
gmb,2012,0.0354278050363064
gmb,2013,0.0317910723388195
gmb,2014,0.0308545511215925
gmb,2015,0.0278777219355106
gmb,2016,0.0112872691825032
gmb,2017,0.00441095838323236
gmb,2018,0.0032578909303993
gmb,2019,0.00635423278436065
gmb,2020,0.00320158805698156
gmb,2021,0.00231001060456038
gmb,2022,0.00255266251042485
gmb,2023,0.00294270599260926
gnb,1960,0.1267269551754
gnb,1961,0.19664677977562
gnb,1962,0.161063715815544
gnb,1963,0.135589942336082
gnb,1964,0.122047863900661
gnb,1965,0.0747889578342438
gnb,1966,0.069654680788517
gnb,1967,0.0582200437784195
gnb,1968,0.0513221137225628
gnb,1969,0.0536072179675102
gnb,1970,0.0407802872359753
gnb,1971,0.0408277735114098
gnb,1972,0.0423308499157429
gnb,1973,0.062820665538311
gnb,1974,0.0620761290192604
gnb,1975,0.0564338080585003
gnb,1976,0.0561051666736603
gnb,1977,0.115743890404701
gnb,1978,0.0903204753994942
gnb,1979,0.0930145159363747
gnb,1980,0.145628407597542
gnb,1981,0.112489216029644
gnb,1982,0.0801693871617317
gnb,1983,0.0536713004112244
gnb,1984,0.147544413805008
gnb,1985,0.109783425927162
gnb,1986,0.0445060953497887
gnb,1987,0.132311314344406
gnb,1988,0.0937971770763397
gnb,1989,0.0701501592993736
gnb,1990,0.0990547090768814
gnb,1991,0.0997776389122009
gnb,1992,0.0872610434889793
gnb,1993,0.0839687064290047
gnb,1994,0.148634895682335
gnb,1995,0.109453856945038
gnb,1996,0.055706150829792
gnb,1997,0.0503811128437519
gnb,1998,0.0362899266183376
gnb,1999,0.0561492070555687
gnb,2000,0.074604943394661
gnb,2001,0.0785120874643326
gnb,2002,0.069187805056572
gnb,2003,0.0713894963264465
gnb,2004,0.0801149979233742
gnb,2005,0.0823574513196945
gnb,2006,0.064804695546627
gnb,2007,0.106856279075146
gnb,2008,0.122102804481983
gnb,2009,0.122246898710728
gnb,2010,0.136461645364761
gnb,2011,0.202986016869545
gnb,2012,0.103410892188549
gnb,2013,0.124130889773369
gnb,2014,0.141896799206734
gnb,2015,0.169468462467194
gnb,2016,0.162486836314201
gnb,2017,0.169213399291039
gnb,2018,0.173526614904404
gnb,2019,0.177641570568085
gnb,2020,0.155066028237343
gnb,2021,0.193103671073914
gnb,2022,0.150207221508026
gnb,2023,0.158300071954727
gnq,1960,0.0422188565135002
gnq,1961,0.0402034223079681
gnq,1962,0.0361480414867401
gnq,1963,0.0302938520908356
gnq,1964,0.0328333005309105
gnq,1965,0.026345781981945
gnq,1966,0.0229227915406227
gnq,1967,0.0194579232484102
gnq,1968,0.0175801888108253
gnq,1969,0.0162070039659739
gnq,1970,0.0151548534631729
gnq,1971,0.0147553356364369
gnq,1972,0.0146817788481712
gnq,1973,0.0153685752302408
gnq,1974,0.0168089717626572
gnq,1975,0.0162470731884241
gnq,1976,0.0163725521415472
gnq,1977,0.016290906816721
gnq,1978,0.0160234235227108
gnq,1979,0.0165092088282108
gnq,1980,0.0167638920247555
gnq,1981,0.0167398322373629
gnq,1982,0.0154617130756378
gnq,1983,0.0158057101070881
gnq,1984,0.0159345977008343
gnq,1985,0.0738278925418854
gnq,1986,0.102780483663082
gnq,1987,0.154248133301735
gnq,1988,0.148901134729385
gnq,1989,0.119562387466431
gnq,1990,0.098902128636837
gnq,1991,0.0904160067439079
gnq,1992,0.134084179997444
gnq,1993,0.157482668757439
gnq,1994,0.247538760304451
gnq,1995,0.229985758662224
gnq,1996,0.238930821418762
gnq,1997,0.363092720508575
gnq,1998,0.351435750722885
gnq,1999,0.491098403930664
gnq,2000,0.621324241161346
gnq,2001,0.690193891525269
gnq,2002,0.83808571100235
gnq,2003,0.766753196716309
gnq,2004,0.899838924407959
gnq,2005,0.86654132604599
gnq,2006,0.916116714477539
gnq,2007,0.992537200450897
gnq,2008,1.04770302772522
gnq,2009,0.942347049713135
gnq,2010,0.844053566455841
gnq,2011,0.736501574516296
gnq,2012,0.680160582065582
gnq,2013,0.64299601316452
gnq,2014,0.622628808021545
gnq,2015,0.47659307718277
gnq,2016,0.411490589380264
gnq,2017,0.438617825508118
gnq,2018,0.450092196464539
gnq,2019,0.39763218164444
gnq,2020,0.381792724132538
gnq,2021,0.38362780213356
gnq,2022,0.41938903927803
gnq,2023,0.381074368953705
grc,1951,0.0279537793248892
grc,1952,0.0335370302200317
grc,1953,0.0381648913025856
grc,1954,0.0423952266573906
grc,1955,0.048083521425724
grc,1956,0.042173158377409
grc,1957,0.0451656579971314
grc,1958,0.0434638969600201
grc,1959,0.0421456582844257
grc,1960,0.0420635268092155
grc,1961,0.0394562222063541
grc,1962,0.0360302180051804
grc,1963,0.0359835550189018
grc,1964,0.0345112085342407
grc,1965,0.0321634560823441
grc,1966,0.0356556884944439
grc,1967,0.03994170576334
grc,1968,0.035637553781271
grc,1969,0.0366219244897366
grc,1970,0.0384972840547562
grc,1971,0.0374182984232903
grc,1972,0.0421989746391773
grc,1973,0.0529681108891964
grc,1974,0.0636190995573998
grc,1975,0.0639993846416473
grc,1976,0.0714927539229393
grc,1977,0.0681995153427124
grc,1978,0.0724918395280838
grc,1979,0.0741052851080895
grc,1980,0.0837582498788834
grc,1981,0.0718468055129051
grc,1982,0.0709949806332588
grc,1983,0.0801404193043709
grc,1984,0.0966439321637154
grc,1985,0.0886401385068893
grc,1986,0.0919153764843941
grc,1987,0.0975589826703072
grc,1988,0.0709535703063011
grc,1989,0.0908731743693352
grc,1990,0.0926485285162926
grc,1991,0.0839791223406792
grc,1992,0.107640378177166
grc,1993,0.0940470844507217
grc,1994,0.0933769568800926
grc,1995,0.0957732945680618
grc,1996,0.101169675588608
grc,1997,0.0915103480219841
grc,1998,0.0920694693922997
grc,1999,0.094340518116951
grc,2000,0.0931914374232292
grc,2001,0.0843074694275856
grc,2002,0.0756865888834
grc,2003,0.0912752822041512
grc,2004,0.091600313782692
grc,2005,0.105533957481384
grc,2006,0.11225625872612
grc,2007,0.112389408051968
grc,2008,0.131081029772758
grc,2009,0.109315939247608
grc,2010,0.129717409610748
grc,2011,0.171839013695717
grc,2012,0.199289038777351
grc,2013,0.198813527822495
grc,2014,0.194989994168282
grc,2015,0.167309686541557
grc,2016,0.167524233460426
grc,2017,0.186103343963623
grc,2018,0.220603317022324
grc,2019,0.210383579134941
grc,2020,0.182475090026855
grc,2021,0.219886675477028
grc,2022,0.235423803329468
grc,2023,0.21867923438549
grd,1970,0.314861923456192
grd,1971,0.313134610652924
grd,1972,0.303030997514725
grd,1973,0.320748925209045
grd,1974,0.436872184276581
grd,1975,0.373335182666779
grd,1976,0.378601938486099
grd,1977,0.434439957141876
grd,1978,0.365051835775375
grd,1979,0.447955161333084
grd,1980,0.225397929549217
grd,1981,0.22554686665535
grd,1982,0.189759448170662
grd,1983,0.176094636321068
grd,1984,0.163747891783714
grd,1985,0.18595652282238
grd,1986,0.205650791525841
grd,1987,0.17640508711338
grd,1988,0.167422488331795
grd,1989,0.123996220529079
grd,1990,0.108711943030357
grd,1991,0.0823676288127899
grd,1992,0.0579075366258621
grd,1993,0.0809177979826927
grd,1994,0.0739360153675079
grd,1995,0.0630756914615631
grd,1996,0.0480892807245255
grd,1997,0.0663534253835678
grd,1998,0.104607865214348
grd,1999,0.0863774195313454
grd,2000,0.201804623007774
grd,2001,0.185556009411812
grd,2002,0.114800736308098
grd,2003,0.112942382693291
grd,2004,0.0674577355384827
grd,2005,0.0491827838122845
grd,2006,0.043934240937233
grd,2007,0.050007950514555
grd,2008,0.0413769036531448
grd,2009,0.0527489930391312
grd,2010,0.0366853736341
grd,2011,0.0436170883476734
grd,2012,0.0501938462257385
grd,2013,0.0409437045454979
grd,2014,0.029287675395608
grd,2015,0.0442718453705311
grd,2016,0.0348234735429287
grd,2017,0.0365685485303402
grd,2018,0.0354750007390976
grd,2019,0.0364064425230026
grd,2020,0.0266799293458462
grd,2021,0.0338796190917492
grd,2022,0.0412597768008709
grd,2023,0.0410231053829193
gtm,1950,0.124512299895287
gtm,1951,0.116457410156727
gtm,1952,0.118703328073025
gtm,1953,0.112087346613407
gtm,1954,0.101497635245323
gtm,1955,0.113640405237675
gtm,1956,0.113027513027191
gtm,1957,0.112225547432899
gtm,1958,0.111911699175835
gtm,1959,0.125869527459145
gtm,1960,0.128641620278358
gtm,1961,0.121333822607994
gtm,1962,0.115956954658031
gtm,1963,0.152395188808441
gtm,1964,0.140607863664627
gtm,1965,0.12731771171093
gtm,1966,0.152883350849152
gtm,1967,0.131651312112808
gtm,1968,0.13672910630703
gtm,1969,0.141681268811226
gtm,1970,0.128946721553803
gtm,1971,0.126719668507576
gtm,1972,0.134931460022926
gtm,1973,0.144375935196877
gtm,1974,0.162769228219986
gtm,1975,0.154042795300484
gtm,1976,0.161640778183937
gtm,1977,0.16919057071209
gtm,1978,0.155528917908669
gtm,1979,0.153571113944054
gtm,1980,0.170722335577011
gtm,1981,0.123280078172684
gtm,1982,0.121308118104935
gtm,1983,0.123372040688992
gtm,1984,0.108291625976563
gtm,1985,0.0966704934835434
gtm,1986,0.0883689969778061
gtm,1987,0.0647769793868065
gtm,1988,0.0916178449988365
gtm,1989,0.048669807612896
gtm,1990,0.0639020577073097
gtm,1991,0.0592471249401569
gtm,1992,0.0657427981495857
gtm,1993,0.0632047206163406
gtm,1994,0.0680877566337585
gtm,1995,0.0758698508143425
gtm,1996,0.07730932533741
gtm,1997,0.0883346498012543
gtm,1998,0.0962493047118187
gtm,1999,0.0905269235372543
gtm,2000,0.0986430495977402
gtm,2001,0.0847490429878235
gtm,2002,0.0742010623216629
gtm,2003,0.077828474342823
gtm,2004,0.0780587717890739
gtm,2005,0.136046886444092
gtm,2006,0.0723437294363976
gtm,2007,0.131453722715378
gtm,2008,0.128443494439125
gtm,2009,0.122392438352108
gtm,2010,0.13291572034359
gtm,2011,0.143566831946373
gtm,2012,0.142007321119308
gtm,2013,0.130227118730545
gtm,2014,0.12860406935215
gtm,2015,0.131020203232765
gtm,2016,0.12309205532074
gtm,2017,0.1180454865098
gtm,2018,0.112887591123581
gtm,2019,0.110809929668903
gtm,2020,0.101858407258987
gtm,2021,0.106674425303936
gtm,2022,0.117905981838703
gtm,2023,0.103075049817562
guy,1970,0.230275824666023
guy,1971,0.235190868377686
guy,1972,0.228944197297096
guy,1973,0.212449163198471
guy,1974,0.310981839895248
guy,1975,0.326404988765717
guy,1976,0.283608973026276
guy,1977,0.274983912706375
guy,1978,0.273643344640732
guy,1979,0.26213413476944
guy,1980,0.311820954084396
guy,1981,0.290480226278305
guy,1982,0.23304346203804
guy,1983,0.197324991226196
guy,1984,0.225058898329735
guy,1985,0.227752327919006
guy,1986,0.21044534444809
guy,1987,0.214369401335716
guy,1988,0.189100503921509
guy,1989,0.218708992004395
guy,1990,0.186855748295784
guy,1991,0.201564446091652
guy,1992,0.31205290555954
guy,1993,0.312133759260178
guy,1994,0.29420992732048
guy,1995,0.312848508358002
guy,1996,0.346434861421585
guy,1997,0.34257110953331
guy,1998,0.336326628923416
guy,1999,0.316282719373703
guy,2000,0.294019460678101
guy,2001,0.314709931612015
guy,2002,0.45793479681015
guy,2003,0.417062073945999
guy,2004,0.412699669599533
guy,2005,0.38094562292099
guy,2006,0.390935689210892
guy,2007,0.348345220088959
guy,2008,0.364009946584702
guy,2009,0.348700672388077
guy,2010,0.405771940946579
guy,2011,0.432740420103073
guy,2012,0.516726613044739
guy,2013,0.437299847602844
guy,2014,0.359248876571655
guy,2015,0.357336193323135
guy,2016,0.408228039741516
guy,2017,0.398913890123367
guy,2018,0.385707646608353
guy,2019,0.248185023665428
guy,2020,0.50863254070282
guy,2021,0.564332187175751
guy,2022,0.809285461902618
guy,2023,0.8002809882164
hkg,1960,0.776415228843689
hkg,1961,0.715163707733154
hkg,1962,0.657747089862824
hkg,1963,0.618964076042175
hkg,1964,0.61326801776886
hkg,1965,0.574383735656738
hkg,1966,0.6087686419487
hkg,1967,0.642898321151733
hkg,1968,0.677260041236877
hkg,1969,0.695382177829742
hkg,1970,0.698296546936035
hkg,1971,0.663125395774841
hkg,1972,0.649772226810455
hkg,1973,0.658380091190338
hkg,1974,0.705869495868683
hkg,1975,0.694645822048187
hkg,1976,0.760414898395538
hkg,1977,0.69955188035965
hkg,1978,0.702901244163513
hkg,1979,0.765146732330322
hkg,1980,0.837177336215973
hkg,1981,0.882160305976868
hkg,1982,0.815590739250183
hkg,1983,0.847382783889771
hkg,1984,0.921012699604034
hkg,1985,0.943822026252747
hkg,1986,0.901729643344879
hkg,1987,0.945558547973633
hkg,1988,1.04091286659241
hkg,1989,1.08340215682983
hkg,1990,1.095867395401
hkg,1991,1.11741900444031
hkg,1992,1.3551037311554
hkg,1993,1.40816342830658
hkg,1994,1.43479347229004
hkg,1995,1.51863420009613
hkg,1996,1.53047800064087
hkg,1997,1.5661153793335
hkg,1998,1.51437544822693
hkg,1999,1.49558842182159
hkg,2000,1.61646628379822
hkg,2001,1.54121446609497
hkg,2002,1.50902688503265
hkg,2003,1.53988647460938
hkg,2004,1.53116834163666
hkg,2005,1.61009764671326
hkg,2006,1.7405104637146
hkg,2007,1.66984117031097
hkg,2008,1.88013982772827
hkg,2009,1.82724213600159
hkg,2010,2.07041239738464
hkg,2011,2.17066049575806
hkg,2012,2.2665798664093
hkg,2013,2.13512825965881
hkg,2014,2.38136124610901
hkg,2015,2.51324701309204
hkg,2016,2.39449715614319
hkg,2017,2.69863367080688
hkg,2018,2.46321511268616
hkg,2019,2.28935694694519
hkg,2020,2.2430145740509
hkg,2021,2.66774439811707
hkg,2022,2.57562589645386
hkg,2023,2.17322540283203
hnd,1950,0.176108434796333
hnd,1951,0.193205639719963
hnd,1952,0.173440933227539
hnd,1953,0.157608583569527
hnd,1954,0.128061890602112
hnd,1955,0.125841230154037
hnd,1956,0.140817269682884
hnd,1957,0.132267683744431
hnd,1958,0.133037000894547
hnd,1959,0.136326298117638
hnd,1960,0.125226020812988
hnd,1961,0.118011854588985
hnd,1962,0.110984370112419
hnd,1963,0.156413048505783
hnd,1964,0.157827377319336
hnd,1965,0.196125417947769
hnd,1966,0.220400094985962
hnd,1967,0.222331389784813
hnd,1968,0.229552060365677
hnd,1969,0.206098094582558
hnd,1970,0.207698732614517
hnd,1971,0.225734144449234
hnd,1972,0.20794939994812
hnd,1973,0.226924538612366
hnd,1974,0.211891010403633
hnd,1975,0.230896085500717
hnd,1976,0.208074808120728
hnd,1977,0.188817083835602
hnd,1978,0.204830378293991
hnd,1979,0.230300322175026
hnd,1980,0.220049262046814
hnd,1981,0.203153416514397
hnd,1982,0.182539135217667
hnd,1983,0.181465268135071
hnd,1984,0.174630865454674
hnd,1985,0.167350128293037
hnd,1986,0.154439181089401
hnd,1987,0.131178304553032
hnd,1988,0.0921256169676781
hnd,1989,0.0888756513595581
hnd,1990,0.0708612725138664
hnd,1991,0.0708696469664574
hnd,1992,0.0877735018730164
hnd,1993,0.0734915435314179
hnd,1994,0.0649455487728119
hnd,1995,0.0596023611724377
hnd,1996,0.121653243899345
hnd,1997,0.135235100984573
hnd,1998,0.15241464972496
hnd,1999,0.119866997003555
hnd,2000,0.108512155711651
hnd,2001,0.138650149106979
hnd,2002,0.092975527048111
hnd,2003,0.0847869962453842
hnd,2004,0.0894753485918045
hnd,2005,0.0885787606239319
hnd,2006,0.116711460053921
hnd,2007,0.126387938857079
hnd,2008,0.315321534872055
hnd,2009,0.124596461653709
hnd,2010,0.145062565803528
hnd,2011,0.145426586270332
hnd,2012,0.18389581143856
hnd,2013,0.304819613695145
hnd,2014,0.305525034666061
hnd,2015,0.154240518808365
hnd,2016,0.140422597527504
hnd,2017,0.160879448056221
hnd,2018,0.136125519871712
hnd,2019,0.0899284556508064
hnd,2020,0.0765352547168732
hnd,2021,0.0881691351532936
hnd,2022,0.0971673280000687
hnd,2023,0.0813537314534187
hrv,1990,0.238095298409462
hrv,1991,0.2665895819664
hrv,1992,0.235106036067009
hrv,1993,0.214742824435234
hrv,1994,0.210202544927597
hrv,1995,0.195240378379822
hrv,1996,0.181379675865173
hrv,1997,0.168520912528038
hrv,1998,0.175245106220245
hrv,1999,0.163089588284493
hrv,2000,0.167936906218529
hrv,2001,0.166936963796616
hrv,2002,0.159772917628288
hrv,2003,0.168222337961197
hrv,2004,0.19689017534256
hrv,2005,0.210609182715416
hrv,2006,0.225012630224228
hrv,2007,0.219378277659416
hrv,2008,0.219947069883347
hrv,2009,0.179736003279686
hrv,2010,0.202727675437927
hrv,2011,0.208346992731094
hrv,2012,0.196827277541161
hrv,2013,0.209492608904839
hrv,2014,0.223550364375114
hrv,2015,0.213300675153732
hrv,2016,0.219185948371887
hrv,2017,0.22277082502842
hrv,2018,0.244080454111099
hrv,2019,0.233267545700073
hrv,2020,0.195248007774353
hrv,2021,0.248209208250046
hrv,2022,0.324222028255463
hrv,2023,0.284466773271561
hti,1960,0.10247840732336
hti,1961,0.0916637182235718
hti,1962,0.107806533575058
hti,1963,0.100655198097229
hti,1964,0.0779247879981995
hti,1965,0.0747199729084969
hti,1966,0.0726971700787544
hti,1967,0.0698813274502754
hti,1968,0.0805985927581787
hti,1969,0.0778062269091606
hti,1970,0.0642533004283905
hti,1971,0.0926471725106239
hti,1972,0.0941503793001175
hti,1973,0.101066127419472
hti,1974,0.092746801674366
hti,1975,0.086090512573719
hti,1976,0.0839669853448868
hti,1977,0.0767513886094093
hti,1978,0.0841841772198677
hti,1979,0.077889509499073
hti,1980,0.0925714075565338
hti,1981,0.087557390332222
hti,1982,0.100962527096272
hti,1983,0.101764611899853
hti,1984,0.100989416241646
hti,1985,0.0919836014509201
hti,1986,0.0731478333473206
hti,1987,0.0814760327339172
hti,1988,0.0676837638020515
hti,1989,0.062959261238575
hti,1990,0.0591747425496578
hti,1991,0.044181939214468
hti,1992,0.0239418651908636
hti,1993,0.0326446071267128
hti,1994,0.0271262228488922
hti,1995,0.0289135780185461
hti,1996,0.0341029986739159
hti,1997,0.0344553552567959
hti,1998,0.0396656021475792
hti,1999,0.0460218675434589
hti,2000,0.0375439487397671
hti,2001,0.0392352975904942
hti,2002,0.0327099785208702
hti,2003,0.038281824439764
hti,2004,0.0436760969460011
hti,2005,0.0495459884405136
hti,2006,0.032455462962389
hti,2007,0.0509814396500587
hti,2008,0.0451209098100662
hti,2009,0.0500733554363251
hti,2010,0.0563273169100285
hti,2011,0.0657497569918633
hti,2012,0.0704635754227638
hti,2013,0.0768886879086494
hti,2014,0.0763793811202049
hti,2015,0.0790659040212631
hti,2016,0.0761023163795471
hti,2017,0.0834172144532204
hti,2018,0.0845673009753227
hti,2019,0.0852247029542923
hti,2020,0.0508845746517181
hti,2021,0.0673135071992874
hti,2022,0.0747948810458183
hti,2023,0.0650587528944016
hun,1970,0.123910784721375
hun,1971,0.122158899903297
hun,1972,0.140170603990555
hun,1973,0.161285027861595
hun,1974,0.176608070731163
hun,1975,0.171013817191124
hun,1976,0.168444201350212
hun,1977,0.168074429035187
hun,1978,0.151068389415741
hun,1979,0.162851020693779
hun,1980,0.155365571379662
hun,1981,0.157230347394943
hun,1982,0.154812097549438
hun,1983,0.166834011673927
hun,1984,0.176908522844315
hun,1985,0.192694395780563
hun,1986,0.18059504032135
hun,1987,0.162784278392792
hun,1988,0.156475722789764
hun,1989,0.152813836932182
hun,1990,0.142609521746635
hun,1991,0.157268330454826
hun,1992,0.182666689157486
hun,1993,0.146717920899391
hun,1994,0.159034416079521
hun,1995,0.239561483263969
hun,1996,0.25119936466217
hun,1997,0.290738940238953
hun,1998,0.332901448011398
hun,1999,0.336340934038162
hun,2000,0.391541749238968
hun,2001,0.406437426805496
hun,2002,0.42776694893837
hun,2003,0.474464029073715
hun,2004,0.574979484081268
hun,2005,0.629167675971985
hun,2006,0.707158923149109
hun,2007,0.818802177906036
hun,2008,0.83491587638855
hun,2009,0.679102838039398
hun,2010,0.710406124591827
hun,2011,0.753980457782745
hun,2012,0.712682843208313
hun,2013,0.720713078975678
hun,2014,0.733340084552765
hun,2015,0.680540144443512
hun,2016,0.68451064825058
hun,2017,0.696928203105927
hun,2018,0.707430303096771
hun,2019,0.69521427154541
hun,2020,0.673566162586212
hun,2021,0.720571756362915
hun,2022,0.827431380748749
hun,2023,0.797704160213471
idn,1960,0.360629141330719
idn,1961,0.344285279512405
idn,1962,0.284465849399567
idn,1963,0.217860922217369
idn,1964,0.164046570658684
idn,1965,0.304731905460358
idn,1966,0.238690495491028
idn,1967,0.172872722148895
idn,1968,0.131270661950111
idn,1969,0.167648643255234
idn,1970,0.147381410002708
idn,1971,0.161306604743004
idn,1972,0.188007190823555
idn,1973,0.22003161907196
idn,1974,0.257203966379166
idn,1975,0.232736766338348
idn,1976,0.242146372795105
idn,1977,0.228307664394379
idn,1978,0.23548412322998
idn,1979,0.232573330402374
idn,1980,0.205445513129234
idn,1981,0.158014938235283
idn,1982,0.143485113978386
idn,1983,0.136313527822495
idn,1984,0.137646794319153
idn,1985,0.113061688840389
idn,1986,0.0835301280021668
idn,1987,0.0877307206392288
idn,1988,0.084446407854557
idn,1989,0.0888791382312775
idn,1990,0.0902594551444054
idn,1991,0.0782801657915115
idn,1992,0.107539251446724
idn,1993,0.102418571710587
idn,1994,0.10150196403265
idn,1995,0.0973096787929535
idn,1996,0.0967124998569489
idn,1997,0.105165898799896
idn,1998,0.128622964024544
idn,1999,0.129415303468704
idn,2000,0.175505176186562
idn,2001,0.157741695642471
idn,2002,0.157404601573944
idn,2003,0.15046164393425
idn,2004,0.156531170010567
idn,2005,0.168498903512955
idn,2006,0.17087896168232
idn,2007,0.158788561820984
idn,2008,0.146005123853683
idn,2009,0.121384166181088
idn,2010,0.13310007750988
idn,2011,0.138192415237427
idn,2012,0.120424024760723
idn,2013,0.109789207577705
idn,2014,0.101868972182274
idn,2015,0.095817431807518
idn,2016,0.0914045572280884
idn,2017,0.101529009640217
idn,2018,0.0997097045183182
idn,2019,0.0926454290747643
idn,2020,0.0866270139813423
idn,2021,0.10742349177599
idn,2022,0.121354423463345
idn,2023,0.110900938510895
ind,1950,0.0362692698836327
ind,1951,0.0295432135462761
ind,1952,0.0278006475418806
ind,1953,0.026604425162077
ind,1954,0.0271309800446033
ind,1955,0.0287062916904688
ind,1956,0.0272502601146698
ind,1957,0.0278651844710112
ind,1958,0.0226350501179695
ind,1959,0.0241233594715595
ind,1960,0.0204544179141521
ind,1961,0.0199025850743055
ind,1962,0.0195631291717291
ind,1963,0.0212579518556595
ind,1964,0.0210507921874523
ind,1965,0.0190783962607384
ind,1966,0.0172132607549429
ind,1967,0.0173311196267605
ind,1968,0.0184341482818127
ind,1969,0.0161638464778662
ind,1970,0.0159813463687897
ind,1971,0.0148986922577024
ind,1972,0.0153933921828866
ind,1973,0.0158439017832279
ind,1974,0.0194226875901222
ind,1975,0.0183925591409206
ind,1976,0.0229908619076014
ind,1977,0.0220844596624374
ind,1978,0.0218413136899471
ind,1979,0.0261298269033432
ind,1980,0.0263739731162787
ind,1981,0.0260477662086487
ind,1982,0.0282366890460253
ind,1983,0.0285005383193493
ind,1984,0.0297403074800968
ind,1985,0.0259568355977535
ind,1986,0.0242813471704721
ind,1987,0.0261316206306219
ind,1988,0.0256875455379486
ind,1989,0.0289544202387333
ind,1990,0.0283699762076139
ind,1991,0.0262494776397944
ind,1992,0.0317093767225742
ind,1993,0.0321740806102753
ind,1994,0.035756379365921
ind,1995,0.0366828180849552
ind,1996,0.0353298261761665
ind,1997,0.0367254056036472
ind,1998,0.0347802042961121
ind,1999,0.0367751121520996
ind,2000,0.0406934469938278
ind,2001,0.0409540012478828
ind,2002,0.0435485690832138
ind,2003,0.0430857576429844
ind,2004,0.0464998260140419
ind,2005,0.0528226941823959
ind,2006,0.0552340224385262
ind,2007,0.0544877946376801
ind,2008,0.0580493360757828
ind,2009,0.0564657151699066
ind,2010,0.0585373528301716
ind,2011,0.0710030347108841
ind,2012,0.0641334876418114
ind,2013,0.0715000256896019
ind,2014,0.0638420432806015
ind,2015,0.0556253269314766
ind,2016,0.0526229254901409
ind,2017,0.054992537945509
ind,2018,0.053458645939827
ind,2019,0.0513277836143971
ind,2020,0.0494987927377224
ind,2021,0.0589245036244392
ind,2022,0.0665329545736313
ind,2023,0.0624511428177357
irl,1950,0.157331928610802
irl,1951,0.17331974208355
irl,1952,0.174466595053673
irl,1953,0.165298596024513
irl,1954,0.16111920773983
irl,1955,0.151889741420746
irl,1956,0.152108371257782
irl,1957,0.16901108622551
irl,1958,0.162280097603798
irl,1959,0.156884983181953
irl,1960,0.171769067645073
irl,1961,0.186394810676575
irl,1962,0.170314207673073
irl,1963,0.170520767569542
irl,1964,0.17704077064991
irl,1965,0.166864171624184
irl,1966,0.178582638502121
irl,1967,0.190473929047585
irl,1968,0.192486420273781
irl,1969,0.189586520195007
irl,1970,0.229890868067741
irl,1971,0.253365486860275
irl,1972,0.25012269616127
irl,1973,0.278710931539536
irl,1974,0.327591508626938
irl,1975,0.328560650348663
irl,1976,0.328602015972137
irl,1977,0.353762447834015
irl,1978,0.3485988676548
irl,1979,0.372846633195877
irl,1980,0.396819591522217
irl,1981,0.386124223470688
irl,1982,0.386652231216431
irl,1983,0.435032159090042
irl,1984,0.503082633018494
irl,1985,0.536087691783905
irl,1986,0.543965339660645
irl,1987,0.591124176979065
irl,1988,0.597133815288544
irl,1989,0.628593504428864
irl,1990,0.641065537929535
irl,1991,0.601689100265503
irl,1992,0.720470905303955
irl,1993,0.69464498758316
irl,1994,0.749203205108643
irl,1995,0.784587562084198
irl,1996,0.760423481464386
irl,1997,0.819608151912689
irl,1998,0.91310065984726
irl,1999,0.933165550231934
irl,2000,0.942823588848114
irl,2001,0.971891760826111
irl,2002,0.935949087142944
irl,2003,0.863872587680817
irl,2004,0.870762288570404
irl,2005,0.85459303855896
irl,2006,0.786076247692108
irl,2007,0.74038827419281
irl,2008,0.754302978515625
irl,2009,0.753166317939758
irl,2010,0.742578983306885
irl,2011,0.729219257831574
irl,2012,0.685161411762238
irl,2013,0.647282719612122
irl,2014,0.608961701393127
irl,2015,0.520380318164825
irl,2016,0.529091656208038
irl,2017,0.49648442864418
irl,2018,0.556682229042053
irl,2019,0.517987251281738
irl,2020,0.557432770729065
irl,2021,0.583002865314484
irl,2022,0.627920031547546
irl,2023,0.625172853469849
irn,1955,0.35247403383255
irn,1956,0.417611867189407
irn,1957,0.458985865116119
irn,1958,0.461629539728165
irn,1959,0.46905529499054
irn,1960,0.527376413345337
irn,1961,0.536293923854828
irn,1962,0.495124727487564
irn,1963,0.505970776081085
irn,1964,0.603397190570831
irn,1965,0.545960128307343
irn,1966,0.535194575786591
irn,1967,0.627599656581879
irn,1968,0.60734486579895
irn,1969,0.606984376907349
irn,1970,0.578748524188995
irn,1971,0.473939418792725
irn,1972,0.526347756385803
irn,1973,0.433030903339386
irn,1974,0.61055201292038
irn,1975,0.524207949638367
irn,1976,0.508559584617615
irn,1977,1.26945471763611
irn,1978,0.515218913555145
irn,1979,0.319201946258545
irn,1980,0.216052636504173
irn,1981,0.140212550759316
irn,1982,0.225478053092957
irn,1983,0.310258030891418
irn,1984,0.283569395542145
irn,1985,0.126885399222374
irn,1986,0.0658129677176476
irn,1987,0.0782411769032478
irn,1988,0.0460252389311791
irn,1989,0.0549891032278538
irn,1990,0.0447404682636261
irn,1991,0.020408196374774
irn,1992,0.021020108833909
irn,1993,0.201903864741325
irn,1994,0.169857576489449
irn,1995,0.129229784011841
irn,1996,0.103611283004284
irn,1997,0.071133054792881
irn,1998,0.0460050068795681
irn,1999,0.0474352985620499
irn,2000,0.0462087541818619
irn,2001,0.0309159103780985
irn,2002,0.115245915949345
irn,2003,0.117869473993778
irn,2004,0.128692835569382
irn,2005,0.133709207177162
irn,2006,0.119536064565182
irn,2007,0.117710307240486
irn,2008,0.145839378237724
irn,2009,0.0971640571951866
irn,2010,0.101933851838112
irn,2011,0.145835772156715
irn,2012,0.101276658475399
irn,2013,0.0733079835772514
irn,2014,0.0749461501836777
irn,2015,0.0938521325588226
irn,2016,0.126752734184265
irn,2017,0.154160603880882
irn,2018,0.0856366902589798
irn,2019,0.0638224929571152
irn,2020,0.0427199266850948
irn,2021,0.0665649622678757
irn,2022,0.0747349485754967
irn,2023,0.0805020108819008
irq,1970,0.0237137470394373
irq,1971,0.0288874693214893
irq,1972,0.00157381128519773
irq,1973,0.00166855484712869
irq,1974,0.000808326178230345
irq,1975,0.000793103885371238
irq,1976,0.000824258662760258
irq,1977,0.053491797298193
irq,1978,0.0505990609526634
irq,1979,0.0672380477190018
irq,1980,0.0692391023039818
irq,1981,0.029172083362937
irq,1982,0.0249945800751448
irq,1983,0.0174761619418859
irq,1984,0.0243603605777025
irq,1985,0.0264809038490057
irq,1986,0.0197968557476997
irq,1987,0.0224329642951489
irq,1988,0.0172197762876749
irq,1989,0.0228885430842638
irq,1990,0.0204494912177324
irq,1991,7.74621148593724e-05
irq,1992,5.94337725488003e-05
irq,1993,6.93063384460402e-06
irq,1994,7.04164691001097e-08
irq,1995,4.27910578082447e-08
irq,1996,3.09019043243097e-07
irq,1997,1.42982789839152e-05
irq,1998,1.66425143106608e-05
irq,1999,3.29908652929589e-05
irq,2000,4.63909891550429e-05
irq,2001,3.95299721276388e-05
irq,2002,3.72881004295778e-05
irq,2003,0.391240507364273
irq,2004,0.292354226112366
irq,2005,0.276219487190247
irq,2006,0.347603857517242
irq,2007,0.399380266666412
irq,2008,0.401065617799759
irq,2009,0.299787759780884
irq,2010,0.266123831272125
irq,2011,0.308523952960968
irq,2012,0.333942145109177
irq,2013,0.301076889038086
irq,2014,0.264387547969818
irq,2015,0.268671035766602
irq,2016,0.2469592243433
irq,2017,0.275313019752502
irq,2018,0.342509686946869
irq,2019,0.323476225137711
irq,2020,0.202469348907471
irq,2021,0.300171405076981
irq,2022,0.393991202116013
irq,2023,0.330653846263886
isl,1950,0.23688317835331
isl,1951,0.322356909513474
isl,1952,0.301015853881836
isl,1953,0.324613124132156
isl,1954,0.330144286155701
isl,1955,0.300524681806564
isl,1956,0.326750785112381
isl,1957,0.29434722661972
isl,1958,0.286129891872406
isl,1959,0.277765542268753
isl,1960,0.30230975151062
isl,1961,0.27948608994484
isl,1962,0.308212488889694
isl,1963,0.309185028076172
isl,1964,0.293171048164368
isl,1965,0.276312410831451
isl,1966,0.274921506643295
isl,1967,0.197939783334732
isl,1968,0.202758774161339
isl,1969,0.234232395887375
isl,1970,0.266627877950668
isl,1971,0.192838877439499
isl,1972,0.241335943341255
isl,1973,0.266861021518707
isl,1974,0.266727834939957
isl,1975,0.248574495315552
isl,1976,0.300303548574448
isl,1977,0.292116194963455
isl,1978,0.311037123203278
isl,1979,0.341023743152618
isl,1980,0.364962518215179
isl,1981,0.33662736415863
isl,1982,0.252166599035263
isl,1983,0.318348318338394
isl,1984,0.299331516027451
isl,1985,0.336657911539078
isl,1986,0.372743308544159
isl,1987,0.382450819015503
isl,1988,0.378782153129578
isl,1989,0.355991393327713
isl,1990,0.384065389633179
isl,1991,0.344324380159378
isl,1992,0.389943540096283
isl,1993,0.344513565301895
isl,1994,0.382898986339569
isl,1995,0.392782688140869
isl,1996,0.411304742097855
isl,1997,0.37738898396492
isl,1998,0.384807854890823
isl,1999,0.375677794218063
isl,2000,0.380050629377365
isl,2001,0.38743582367897
isl,2002,0.412921458482742
isl,2003,0.416364967823029
isl,2004,0.445157170295715
isl,2005,0.465936839580536
isl,2006,0.495641320943832
isl,2007,0.581514120101929
isl,2008,0.548156678676605
isl,2009,0.452635079622269
isl,2010,0.520001530647278
isl,2011,0.567454814910889
isl,2012,0.546134233474731
isl,2013,0.52421110868454
isl,2014,0.513452172279358
isl,2015,0.495119690895081
isl,2016,0.457898020744324
isl,2017,0.482304722070694
isl,2018,0.502161979675293
isl,2019,0.447170674800873
isl,2020,0.327059268951416
isl,2021,0.38087785243988
isl,2022,0.453917920589447
isl,2023,0.42642742395401
isr,1950,0.0473798140883446
isr,1951,0.0540751181542873
isr,1952,0.0677886158227921
isr,1953,0.0781383067369461
isr,1954,0.0922218710184097
isr,1955,0.083423413336277
isr,1956,0.0838629081845284
isr,1957,0.0919892340898514
isr,1958,0.0909823253750801
isr,1959,0.105900228023529
isr,1960,0.12855327129364
isr,1961,0.12874373793602
isr,1962,0.131611600518227
isr,1963,0.142486810684204
isr,1964,0.134871080517769
isr,1965,0.128942340612412
isr,1966,0.128757432103157
isr,1967,0.140890076756477
isr,1968,0.128303587436676
isr,1969,0.141395345330238
isr,1970,0.130046740174294
isr,1971,0.136916100978851
isr,1972,0.136151000857353
isr,1973,0.145733684301376
isr,1974,0.151667550206184
isr,1975,0.147765636444092
isr,1976,0.170748710632324
isr,1977,0.191437870264053
isr,1978,0.204165309667587
isr,1979,0.205001950263977
isr,1980,0.227202787995338
isr,1981,0.218514487147331
isr,1982,0.193616420030594
isr,1983,0.1782116740942
isr,1984,0.208004683256149
isr,1985,0.211549013853073
isr,1986,0.200859412550926
isr,1987,0.199609756469727
isr,1988,0.205787628889084
isr,1989,0.23090498149395
isr,1990,0.234390139579773
isr,1991,0.187736734747887
isr,1992,0.210464954376221
isr,1993,0.225160554051399
isr,1994,0.230016365647316
isr,1995,0.219091266393662
isr,1996,0.220794096589088
isr,1997,0.239700928330421
isr,1998,0.249007999897003
isr,1999,0.262796401977539
isr,2000,0.306240379810333
isr,2001,0.280901223421097
isr,2002,0.276514619588852
isr,2003,0.290281921625137
isr,2004,0.337338358163834
isr,2005,0.370020717382431
isr,2006,0.384302347898483
isr,2007,0.400318294763565
isr,2008,0.421382039785385
isr,2009,0.321942925453186
isr,2010,0.370306581258774
isr,2011,0.387651413679123
isr,2012,0.348253726959229
isr,2013,0.341718822717667
isr,2014,0.343003869056702
isr,2015,0.3287173807621
isr,2016,0.296074151992798
isr,2017,0.287350296974182
isr,2018,0.289319515228272
isr,2019,0.27060741186142
isr,2020,0.263153225183487
isr,2021,0.298311352729797
isr,2022,0.330950975418091
isr,2023,0.295835942029953
ita,1950,0.0447712987661362
ita,1951,0.0501968301832676
ita,1952,0.0450692437589169
ita,1953,0.0491326376795769
ita,1954,0.0507016219198704
ita,1955,0.0529707446694374
ita,1956,0.0584578588604927
ita,1957,0.0673274472355843
ita,1958,0.069699689745903
ita,1959,0.0759807601571083
ita,1960,0.0833308100700378
ita,1961,0.0856494307518005
ita,1962,0.0861861407756805
ita,1963,0.0868949666619301
ita,1964,0.0945793688297272
ita,1965,0.108314640820026
ita,1966,0.113552898168564
ita,1967,0.11104204505682
ita,1968,0.120290026068687
ita,1969,0.125573024153709
ita,1970,0.115695178508759
ita,1971,0.120675191283226
ita,1972,0.124327093362808
ita,1973,0.127921372652054
ita,1974,0.147847086191177
ita,1975,0.14547698199749
ita,1976,0.150543421506882
ita,1977,0.155104443430901
ita,1978,0.15874120593071
ita,1979,0.162884667515755
ita,1980,0.141572266817093
ita,1981,0.149713799357414
ita,1982,0.145129531621933
ita,1983,0.148842200636864
ita,1984,0.157365411520004
ita,1985,0.163909494876862
ita,1986,0.1640345454216
ita,1987,0.17012694478035
ita,1988,0.165895119309425
ita,1989,0.172136768698692
ita,1990,0.188058391213417
ita,1991,0.172022864222527
ita,1992,0.194651216268539
ita,1993,0.187476262450218
ita,1994,0.200669676065445
ita,1995,0.216545507311821
ita,1996,0.232684642076492
ita,1997,0.223293647170067
ita,1998,0.229708060622215
ita,1999,0.221055492758751
ita,2000,0.233494758605957
ita,2001,0.237497061491013
ita,2002,0.249239966273308
ita,2003,0.270173877477646
ita,2004,0.299530744552612
ita,2005,0.30997222661972
ita,2006,0.323610186576843
ita,2007,0.339003533124924
ita,2008,0.328396290540695
ita,2009,0.26779979467392
ita,2010,0.291124641895294
ita,2011,0.31159508228302
ita,2012,0.315040588378906
ita,2013,0.32539227604866
ita,2014,0.328707456588745
ita,2015,0.30690136551857
ita,2016,0.297247409820557
ita,2017,0.304215788841248
ita,2018,0.316485613584518
ita,2019,0.309969276189804
ita,2020,0.289538621902466
ita,2021,0.314367085695267
ita,2022,0.351375252008438
ita,2023,0.333993971347809
jam,1953,0.204575702548027
jam,1954,0.200074419379234
jam,1955,0.194561451673508
jam,1956,0.200576394796371
jam,1957,0.200576484203339
jam,1958,0.201248571276665
jam,1959,0.209986954927444
jam,1960,0.243703097105026
jam,1961,0.236131951212883
jam,1962,0.231133311986923
jam,1963,0.214162781834602
jam,1964,0.219461008906364
jam,1965,0.234196200966835
jam,1966,0.253607571125031
jam,1967,0.240745484828949
jam,1968,0.254658043384552
jam,1969,0.257421255111694
jam,1970,0.230152502655983
jam,1971,0.229313924908638
jam,1972,0.218467459082603
jam,1973,0.216545447707176
jam,1974,0.271309614181519
jam,1975,0.234010741114616
jam,1976,0.213666304945946
jam,1977,0.23152656853199
jam,1978,0.259554654359818
jam,1979,0.312237590551376
jam,1980,0.33547180891037
jam,1981,0.333130180835724
jam,1982,0.283334851264954
jam,1983,0.295436054468155
jam,1984,0.359977304935455
jam,1985,0.382735967636108
jam,1986,0.34859299659729
jam,1987,0.333402842283249
jam,1988,0.322871863842011
jam,1989,0.35363981127739
jam,1990,0.378283679485321
jam,1991,0.334245562553406
jam,1992,0.37669849395752
jam,1993,0.373301655054092
jam,1994,0.459792703390121
jam,1995,0.477952301502228
jam,1996,0.446132123470306
jam,1997,0.476142704486847
jam,1998,0.475750744342804
jam,1999,0.481653869152069
jam,2000,0.499378204345703
jam,2001,0.476856261491776
jam,2002,0.436617493629456
jam,2003,0.409150362014771
jam,2004,0.407753348350525
jam,2005,0.393717557191849
jam,2006,0.431959927082062
jam,2007,0.395741552114487
jam,2008,0.419144988059998
jam,2009,0.318842351436615
jam,2010,0.306564539670944
jam,2011,0.304763048887253
jam,2012,0.310790181159973
jam,2013,0.290624737739563
jam,2014,0.286013156175613
jam,2015,0.297731101512909
jam,2016,0.309703767299652
jam,2017,0.338898807764053
jam,2018,0.389724135398865
jam,2019,0.403609991073608
jam,2020,0.456620693206787
jam,2021,0.482407659292221
jam,2022,0.533468425273895
jam,2023,0.526485741138458
jor,1954,0.0154833486303687
jor,1955,0.0157463941723108
jor,1956,0.0145535971969366
jor,1957,0.0141481552273035
jor,1958,0.0108519988134503
jor,1959,0.0114276809617877
jor,1960,0.0124780312180519
jor,1961,0.0132545698434114
jor,1962,0.0141718229278922
jor,1963,0.0168636180460453
jor,1964,0.0470794290304184
jor,1965,0.0451219230890274
jor,1966,0.0458906888961792
jor,1967,0.0414708331227303
jor,1968,0.047691848129034
jor,1969,0.0414066575467587
jor,1970,0.0568391941487789
jor,1971,0.0479451529681683
jor,1972,0.0619866214692593
jor,1973,0.0676281899213791
jor,1974,0.174328312277794
jor,1975,0.135532692074776
jor,1976,0.135925337672234
jor,1977,0.156533524394035
jor,1978,0.135732024908066
jor,1979,0.136303424835205
jor,1980,0.149909302592278
jor,1981,0.155313089489937
jor,1982,0.146632924675941
jor,1983,0.112668514251709
jor,1984,0.134125262498856
jor,1985,0.147691518068314
jor,1986,0.101477421820164
jor,1987,0.101241707801819
jor,1988,0.116311125457287
jor,1989,0.155201226472855
jor,1990,0.154953420162201
jor,1991,0.147834926843643
jor,1992,0.170392736792564
jor,1993,0.16772922873497
jor,1994,0.174215137958527
jor,1995,0.191382184624672
jor,1996,0.0963898003101349
jor,1997,0.174397423863411
jor,1998,0.159624323248863
jor,1999,0.201940879225731
jor,2000,0.144641742110252
jor,2001,0.250582337379456
jor,2002,0.264790803194046
jor,2003,0.247934505343437
jor,2004,0.254131734371185
jor,2005,0.226353913545609
jor,2006,0.232393100857735
jor,2007,0.199943348765373
jor,2008,0.207566455006599
jor,2009,0.14678168296814
jor,2010,0.14906045794487
jor,2011,0.13594813644886
jor,2012,0.134273335337639
jor,2013,0.1339191198349
jor,2014,0.137896582484245
jor,2015,0.137478277087212
jor,2016,0.133814468979836
jor,2017,0.120531238615513
jor,2018,0.124390110373497
jor,2019,0.137602105736732
jor,2020,0.0889453664422035
jor,2021,0.120508678257465
jor,2022,0.171363532543182
jor,2023,0.171436205506325
jpn,1950,0.0442284941673279
jpn,1951,0.06082434207201
jpn,1952,0.0564905032515526
jpn,1953,0.0513337999582291
jpn,1954,0.050614308565855
jpn,1955,0.0539551265537739
jpn,1956,0.0589849948883057
jpn,1957,0.0608190856873989
jpn,1958,0.0576892718672752
jpn,1959,0.059076551347971
jpn,1960,0.0588381439447403
jpn,1961,0.0542192496359348
jpn,1962,0.0564663000404835
jpn,1963,0.056240975856781
jpn,1964,0.0600077360868454
jpn,1965,0.0705354958772659
jpn,1966,0.0733731612563133
jpn,1967,0.0694670006632805
jpn,1968,0.0754726007580757
jpn,1969,0.0804078429937363
jpn,1970,0.0847689956426621
jpn,1971,0.092481330037117
jpn,1972,0.086039312183857
jpn,1973,0.0862835198640823
jpn,1974,0.117579497396946
jpn,1975,0.106607414782047
jpn,1976,0.118058942258358
jpn,1977,0.12249830365181
jpn,1978,0.113033592700958
jpn,1979,0.111477583646774
jpn,1980,0.128061205148697
jpn,1981,0.13985113799572
jpn,1982,0.137870371341705
jpn,1983,0.145549088716507
jpn,1984,0.166452348232269
jpn,1985,0.169209107756615
jpn,1986,0.154016777873039
jpn,1987,0.143400102853775
jpn,1988,0.14110703766346
jpn,1989,0.135671302676201
jpn,1990,0.12765146791935
jpn,1991,0.125222936272621
jpn,1992,0.134433791041374
jpn,1993,0.137385904788971
jpn,1994,0.143609836697578
jpn,1995,0.144950807094574
jpn,1996,0.132107704877853
jpn,1997,0.143740057945251
jpn,1998,0.145360454916954
jpn,1999,0.157899171113968
jpn,2000,0.183698862791061
jpn,2001,0.16035994887352
jpn,2002,0.163590759038925
jpn,2003,0.168524548411369
jpn,2004,0.186822280287743
jpn,2005,0.193699553608894
jpn,2006,0.203765466809273
jpn,2007,0.204849168658257
jpn,2008,0.213426619768143
jpn,2009,0.176556289196014
jpn,2010,0.218540951609612
jpn,2011,0.222179621458054
jpn,2012,0.216174393892288
jpn,2013,0.18849341571331
jpn,2014,0.18181200325489
jpn,2015,0.177147656679153
jpn,2016,0.187190547585487
jpn,2017,0.199259206652641
jpn,2018,0.203950479626656
jpn,2019,0.201055824756622
jpn,2020,0.18379020690918
jpn,2021,0.212186738848686
jpn,2022,0.237660974264145
jpn,2023,0.228076294064522
kaz,1990,0.0457929782569408
kaz,1991,0.0363984778523445
kaz,1992,0.0412565320730209
kaz,1993,0.0429911129176617
kaz,1994,0.0501030646264553
kaz,1995,0.146388813853264
kaz,1996,0.126092687249184
kaz,1997,0.152494788169861
kaz,1998,0.158140376210213
kaz,1999,0.186168685555458
kaz,2000,0.256193369626999
kaz,2001,0.21857413649559
kaz,2002,0.234748601913452
kaz,2003,0.260427951812744
kaz,2004,0.328648895025253
kaz,2005,0.371148586273193
kaz,2006,0.386407464742661
kaz,2007,0.383832037448883
kaz,2008,0.461896330118179
kaz,2009,0.312114596366882
kaz,2010,0.334549337625504
kaz,2011,0.397121578454971
kaz,2012,0.390481740236282
kaz,2013,0.323358714580536
kaz,2014,0.289391994476318
kaz,2015,0.202861055731773
kaz,2016,0.16041088104248
kaz,2017,0.193035364151001
kaz,2018,0.239162340760231
kaz,2019,0.200304359197617
kaz,2020,0.166309833526611
kaz,2021,0.188971921801567
kaz,2022,0.232706174254417
kaz,2023,0.205924034118652
ken,1950,0.0635268911719322
ken,1951,0.0576891601085663
ken,1952,0.0697796866297722
ken,1953,0.0623355731368065
ken,1954,0.0568601749837399
ken,1955,0.0627792105078697
ken,1956,0.0775062739849091
ken,1957,0.0748285725712776
ken,1958,0.0809967592358589
ken,1959,0.0909536257386208
ken,1960,0.0940846130251885
ken,1961,0.101152345538139
ken,1962,0.0958979204297066
ken,1963,0.111622527241707
ken,1964,0.0855797305703163
ken,1965,0.0633085668087006
ken,1966,0.0650759413838387
ken,1967,0.0613693594932556
ken,1968,0.0580082163214684
ken,1969,0.0524581894278526
ken,1970,0.0800805538892746
ken,1971,0.0815693363547325
ken,1972,0.0733561664819717
ken,1973,0.0917742103338242
ken,1974,0.0983678996562958
ken,1975,0.0907280147075653
ken,1976,0.109038114547729
ken,1977,0.102934435009956
ken,1978,0.0824902355670929
ken,1979,0.0894921272993088
ken,1980,0.088417612016201
ken,1981,0.0824036747217178
ken,1982,0.0700584277510643
ken,1983,0.0699466168880463
ken,1984,0.067671038210392
ken,1985,0.0570194534957409
ken,1986,0.0594708845019341
ken,1987,0.041091937571764
ken,1988,0.0428346693515778
ken,1989,0.0360760875046253
ken,1990,0.0350272841751576
ken,1991,0.0373166501522064
ken,1992,0.0494730323553085
ken,1993,0.0454763881862164
ken,1994,0.0449598655104637
ken,1995,0.0480463989078999
ken,1996,0.0513558462262154
ken,1997,0.0510107800364494
ken,1998,0.0503320768475533
ken,1999,0.0449142381548882
ken,2000,0.0455382280051708
ken,2001,0.0441984161734581
ken,2002,0.0419047363102436
ken,2003,0.0690398514270783
ken,2004,0.065034456551075
ken,2005,0.0772432759404182
ken,2006,0.0676760524511337
ken,2007,0.0664377436041832
ken,2008,0.0708567276597023
ken,2009,0.0581122636795044
ken,2010,0.0613798759877682
ken,2011,0.054262038320303
ken,2012,0.0553802996873856
ken,2013,0.0535870790481567
ken,2014,0.0404239520430565
ken,2015,0.0524744875729084
ken,2016,0.0482548214495182
ken,2017,0.0441633090376854
ken,2018,0.0419451035559177
ken,2019,0.0372859500348568
ken,2020,0.0314554311335087
ken,2021,0.0362928658723831
ken,2022,0.0414205119013786
ken,2023,0.0350246168673039
kgz,1990,0.00874617230147123
kgz,1991,0.0070489370264113
kgz,1992,0.00572318956255913
kgz,1993,0.0134044699370861
kgz,1994,0.019453028216958
kgz,1995,0.0601695701479912
kgz,1996,0.0625874102115631
kgz,1997,0.052858978509903
kgz,1998,0.090057909488678
kgz,1999,0.083793967962265
kgz,2000,0.104328744113445
kgz,2001,0.102231808006763
kgz,2002,0.0925250872969627
kgz,2003,0.100690126419067
kgz,2004,0.114151254296303
kgz,2005,0.0970698595046997
kgz,2006,0.0967798754572868
kgz,2007,0.11162356287241
kgz,2008,0.124879360198975
kgz,2009,0.0969967842102051
kgz,2010,0.117189481854439
kgz,2011,0.123824536800385
kgz,2012,0.100171148777008
kgz,2013,0.0936828553676605
kgz,2014,0.0374461114406586
kgz,2015,0.0778396800160408
kgz,2016,0.0681018307805061
kgz,2017,0.0742640346288681
kgz,2018,0.0774011462926865
kgz,2019,0.0776310488581657
kgz,2020,0.0583395585417748
kgz,2021,0.0659003704786301
kgz,2022,0.0555335357785225
kgz,2023,0.0636300891637802
khm,1970,0.0704854056239128
khm,1971,0.0238568745553494
khm,1972,0.00933058001101017
khm,1973,0.00977658107876778
khm,1974,0.00357591011561453
khm,1975,0.000809915130957961
khm,1976,0.000549493706785142
khm,1977,0.000790739606600255
khm,1978,0.00040505759534426
khm,1979,0.000779548892751336
khm,1980,0.00124937389045954
khm,1981,0.000408019026508555
khm,1982,0.000630728201940656
khm,1983,0.00029475090559572
khm,1984,0.000622674182523042
khm,1985,0.000698018120601773
khm,1986,0.000517322274390608
khm,1987,0.000900362734682858
khm,1988,0.00161575654055923
khm,1989,0.00385262398049235
khm,1990,0.0083695100620389
khm,1991,0.0105637926608324
khm,1992,0.0309768170118332
khm,1993,0.0499383620917797
khm,1994,0.03832121565938
khm,1995,0.0451070815324783
khm,1996,0.0431250780820847
khm,1997,0.089188776910305
khm,1998,0.137753650546074
khm,1999,0.184056371450424
khm,2000,0.205722033977509
khm,2001,0.205609634518623
khm,2002,0.244194507598877
khm,2003,0.222001120448113
khm,2004,0.243286177515984
khm,2005,0.211504593491554
khm,2006,0.214548766613007
khm,2007,0.168540880084038
khm,2008,0.153476402163506
khm,2009,0.19096477329731
khm,2010,0.200266361236572
khm,2011,0.210178345441818
khm,2012,0.232493817806244
khm,2013,0.245605483651161
khm,2014,0.288730055093765
khm,2015,0.202658802270889
khm,2016,0.225206524133682
khm,2017,0.228367045521736
khm,2018,0.225848063826561
khm,2019,0.253407984972
khm,2020,0.233287364244461
khm,2021,0.248828575015068
khm,2022,0.316568702459335
khm,2023,0.334116965532303
kna,1970,0.374711096286774
kna,1971,0.367371201515198
kna,1972,0.364855378866196
kna,1973,0.380615413188934
kna,1974,0.435208678245544
kna,1975,0.422011166810989
kna,1976,0.413907408714294
kna,1977,0.433114051818848
kna,1978,0.409562438726425
kna,1979,0.395642220973969
kna,1980,0.464887738227844
kna,1981,0.394412726163864
kna,1982,0.314167022705078
kna,1983,0.297934770584106
kna,1984,0.344375044107437
kna,1985,0.385363012552261
kna,1986,0.431942194700241
kna,1987,0.435559302568436
kna,1988,0.455638378858566
kna,1989,0.429477572441101
kna,1990,0.416891783475876
kna,1991,0.41701477766037
kna,1992,0.529185593128204
kna,1993,0.527974247932434
kna,1994,0.481313854455948
kna,1995,0.455680638551712
kna,1996,0.415733754634857
kna,1997,0.492839246988297
kna,1998,0.517184793949127
kna,1999,0.43573659658432
kna,2000,0.419951021671295
kna,2001,0.652542352676392
kna,2002,0.591057658195496
kna,2003,0.629327833652496
kna,2004,0.54828280210495
kna,2005,0.506598174571991
kna,2006,0.531622171401978
kna,2007,0.474722325801849
kna,2008,0.366732537746429
kna,2009,0.295296967029572
kna,2010,0.339146733283997
kna,2011,0.353178083896637
kna,2012,0.417426407337189
kna,2013,0.456904202699661
kna,2014,0.428897440433502
kna,2015,0.502134263515472
kna,2016,0.508648216724396
kna,2017,0.526164054870606
kna,2018,0.514404773712158
kna,2019,0.503223359584808
kna,2020,0.512909889221191
kna,2021,0.5901859998703
kna,2022,0.646620094776154
kna,2023,0.597830891609192
kor,1953,0.0167110003530979
kor,1954,0.00963975209742785
kor,1955,0.0112805748358369
kor,1956,0.00972551852464676
kor,1957,0.0118443230167031
kor,1958,0.0139106996357441
kor,1959,0.0156918708235025
kor,1960,0.0182358436286449
kor,1961,0.0229631997644901
kor,1962,0.0249666888266802
kor,1963,0.0244628675282002
kor,1964,0.0273984652012587
kor,1965,0.0344496667385101
kor,1966,0.0434594564139843
kor,1967,0.053106926381588
kor,1968,0.0655252858996391
kor,1969,0.0771766901016235
kor,1970,0.0845909118652344
kor,1971,0.0877967774868012
kor,1972,0.109655618667603
kor,1973,0.140823915600777
kor,1974,0.134920299053192
kor,1975,0.139060705900192
kor,1976,0.178432032465935
kor,1977,0.197084411978722
kor,1978,0.208396703004837
kor,1979,0.210700362920761
kor,1980,0.248367547988892
kor,1981,0.258799850940704
kor,1982,0.23629567027092
kor,1983,0.242363527417183
kor,1984,0.247691079974175
kor,1985,0.216780006885529
kor,1986,0.23200885951519
kor,1987,0.254114329814911
kor,1988,0.258576989173889
kor,1989,0.234559878706932
kor,1990,0.214176952838898
kor,1991,0.194211453199387
kor,1992,0.208892717957497
kor,1993,0.204610824584961
kor,1994,0.211870118975639
kor,1995,0.229707345366478
kor,1996,0.217428013682365
kor,1997,0.247943073511124
kor,1998,0.288210988044739
kor,1999,0.273868978023529
kor,2000,0.317208021879196
kor,2001,0.283012896776199
kor,2002,0.274305254220963
kor,2003,0.287403583526611
kor,2004,0.337643653154373
kor,2005,0.352379530668259
kor,2006,0.376301527023315
kor,2007,0.385664939880371
kor,2008,0.403422743082047
kor,2009,0.372330337762833
kor,2010,0.43122798204422
kor,2011,0.507669866085053
kor,2012,0.530211746692658
kor,2013,0.533706724643707
kor,2014,0.511718809604645
kor,2015,0.457222461700439
kor,2016,0.422758936882019
kor,2017,0.445321798324585
kor,2018,0.448496729135513
kor,2019,0.433757930994034
kor,2020,0.417773693799973
kor,2021,0.462913334369659
kor,2022,0.497845858335495
kor,2023,0.484716325998306
kwt,1970,0.894747614860535
kwt,1971,0.832703590393066
kwt,1972,0.841472029685974
kwt,1973,0.839880466461182
kwt,1974,0.836621582508087
kwt,1975,0.744824826717377
kwt,1976,0.729774713516235
kwt,1977,0.627978920936585
kwt,1978,0.683237850666046
kwt,1979,0.736041307449341
kwt,1980,0.638962209224701
kwt,1981,0.56119430065155
kwt,1982,0.415420711040497
kwt,1983,0.486344337463379
kwt,1984,0.5209019780159
kwt,1985,0.385557353496552
kwt,1986,0.0472041629254818
kwt,1987,0.0335839316248894
kwt,1988,0.0441159084439278
kwt,1989,0.0414630584418774
kwt,1990,0.404278039932251
kwt,1991,0.0735744386911392
kwt,1992,0.360551118850708
kwt,1993,0.408783137798309
kwt,1994,0.419069230556488
kwt,1995,0.417939782142639
kwt,1996,0.466334849596024
kwt,1997,0.443494230508804
kwt,1998,0.300388813018799
kwt,1999,0.378012537956238
kwt,2000,0.578156411647797
kwt,2001,0.523463785648346
kwt,2002,0.48061802983284
kwt,2003,0.500889241695404
kwt,2004,0.538064181804657
kwt,2005,0.464284211397171
kwt,2006,0.579104661941528
kwt,2007,0.564649403095245
kwt,2008,0.62409234046936
kwt,2009,0.517726957798004
kwt,2010,0.540224313735962
kwt,2011,0.571069419384003
kwt,2012,0.630379557609558
kwt,2013,0.67511773109436
kwt,2014,0.648485720157623
kwt,2015,0.525738537311554
kwt,2016,0.484807938337326
kwt,2017,0.482961297035217
kwt,2018,0.55810284614563
kwt,2019,0.485461294651032
kwt,2020,0.482371777296066
kwt,2021,0.524521052837372
kwt,2022,0.568521022796631
kwt,2023,0.579510390758514
lao,1970,0.0164106450974941
lao,1971,0.0160245876759291
lao,1972,0.0159321632236242
lao,1973,0.0168117191642523
lao,1974,0.0183734968304634
lao,1975,0.0177469272166491
lao,1976,0.0176961030811071
lao,1977,0.0176188684999943
lao,1978,0.0182230155915022
lao,1979,0.017741434276104
lao,1980,0.0178618654608727
lao,1981,0.0169110987335444
lao,1982,0.0172696970403194
lao,1983,0.0226396955549717
lao,1984,0.0114029990509152
lao,1985,0.0162599254399538
lao,1986,0.0133427437394857
lao,1987,0.0197341050952673
lao,1988,0.0383783206343651
lao,1989,0.0344467684626579
lao,1990,0.0349202714860439
lao,1991,0.043200820684433
lao,1992,0.0725596621632576
lao,1993,0.0978653207421303
lao,1994,0.116242371499538
lao,1995,0.108776897192001
lao,1996,0.105627730488777
lao,1997,0.106723368167877
lao,1998,0.122051410377026
lao,1999,0.123236745595932
lao,2000,0.115767851471901
lao,2001,0.100178308784962
lao,2002,0.0809045657515526
lao,2003,0.0707990750670433
lao,2004,0.07369115203619
lao,2005,0.101174890995026
lao,2006,0.135166749358177
lao,2007,0.111791513860226
lao,2008,0.122919008135796
lao,2009,0.10628192871809
lao,2010,0.147172898054123
lao,2011,0.175696566700935
lao,2012,0.161279961466789
lao,2013,0.151967972517014
lao,2014,0.147943660616875
lao,2015,0.153341710567474
lao,2016,0.172086864709854
lao,2017,0.186694115400314
lao,2018,0.19745434820652
lao,2019,0.202705070376396
lao,2020,0.1821169257164
lao,2021,0.272018551826477
lao,2022,0.397990196943283
lao,2023,0.253726989030838
lbn,1970,0.047635056078434
lbn,1971,0.0540076531469822
lbn,1972,0.0596464164555073
lbn,1973,0.0665548965334892
lbn,1974,0.14935427904129
lbn,1975,0.137067317962646
lbn,1976,0.166827693581581
lbn,1977,0.0769820585846901
lbn,1978,0.04021355509758
lbn,1979,0.0926267504692078
lbn,1980,0.0648478493094444
lbn,1981,0.0672484412789345
lbn,1982,0.0683495849370956
lbn,1983,0.0108577283099294
lbn,1984,0.165428355336189
lbn,1985,0.0362795069813728
lbn,1986,0.0329562053084374
lbn,1987,0.0414595529437065
lbn,1988,0.0824314132332802
lbn,1989,0.102908857166767
lbn,1990,0.0681576207280159
lbn,1991,0.0476325936615467
lbn,1992,0.0674264952540398
lbn,1993,0.075854517519474
lbn,1994,0.064880982041359
lbn,1995,0.062218576669693
lbn,1996,0.0744379833340645
lbn,1997,0.104224644601345
lbn,1998,0.0912257209420204
lbn,1999,0.0786141157150269
lbn,2000,0.0763550251722336
lbn,2001,0.0863161906599999
lbn,2002,0.075884535908699
lbn,2003,0.0833005085587502
lbn,2004,0.0696859657764435
lbn,2005,0.0576946102082729
lbn,2006,0.0672365799546242
lbn,2007,0.0686210840940476
lbn,2008,0.0680183321237564
lbn,2009,0.0609911791980267
lbn,2010,0.0690158382058144
lbn,2011,0.0687127560377121
lbn,2012,0.0701738819479942
lbn,2013,0.0566538013517857
lbn,2014,0.023331169039011
lbn,2015,0.0401146523654461
lbn,2016,0.0377908125519753
lbn,2017,0.0338836424052715
lbn,2018,0.0330555811524391
lbn,2019,0.0324827209115028
lbn,2020,0.0406863205134869
lbn,2021,0.0470220260322094
lbn,2022,0.0573892183601856
lbn,2023,0.0517511479556561
lbr,1964,0.443336457014084
lbr,1965,0.474707037210465
lbr,1966,0.491034716367722
lbr,1967,0.504818618297577
lbr,1968,0.509717881679535
lbr,1969,0.51491391658783
lbr,1970,0.545272409915924
lbr,1971,0.48942294716835
lbr,1972,0.5057133436203
lbr,1973,0.527257263660431
lbr,1974,0.542264938354492
lbr,1975,0.439264923334122
lbr,1976,0.434010773897171
lbr,1977,0.356729745864868
lbr,1978,0.391538947820663
lbr,1979,0.481386929750443
lbr,1980,0.460975557565689
lbr,1981,0.471597492694855
lbr,1982,0.394074618816376
lbr,1983,0.378523617982864
lbr,1984,0.411242634057999
lbr,1985,0.376001507043839
lbr,1986,0.340260684490204
lbr,1987,0.284809023141861
lbr,1988,0.27608597278595
lbr,1989,0.299152076244354
lbr,1990,0.206192001700401
lbr,1991,0.0813934579491615
lbr,1992,0.268522530794144
lbr,1993,0.277687728404999
lbr,1994,0.264075815677643
lbr,1995,0.256298393011093
lbr,1996,0.221342369914055
lbr,1997,0.191217586398125
lbr,1998,0.182908922433853
lbr,1999,0.209526240825653
lbr,2000,0.149174615740776
lbr,2001,0.16111359000206
lbr,2002,0.220950558781624
lbr,2003,0.177232503890991
lbr,2004,0.193769723176956
lbr,2005,0.193405777215958
lbr,2006,0.314365118741989
lbr,2007,0.0895761922001839
lbr,2008,0.0782583057880402
lbr,2009,0.0444977581501007
lbr,2010,0.0593240708112717
lbr,2011,0.0995296016335487
lbr,2012,0.119397073984146
lbr,2013,0.120329193770885
lbr,2014,0.0871724262833595
lbr,2015,0.096077598631382
lbr,2016,0.083419032394886
lbr,2017,0.0785271525382996
lbr,2018,0.0962149351835251
lbr,2019,0.0800260677933693
lbr,2020,0.0792720913887024
lbr,2021,0.11050882935524
lbr,2022,0.148017004132271
lbr,2023,0.155988097190857
lca,1970,0.123782977461815
lca,1971,0.12098702788353
lca,1972,0.122466176748276
lca,1973,0.12858422100544
lca,1974,0.176835224032402
lca,1975,0.187767490744591
lca,1976,0.158027857542038
lca,1977,0.163853034377098
lca,1978,0.147251829504967
lca,1979,0.15356357395649
lca,1980,0.198503002524376
lca,1981,0.178992688655853
lca,1982,0.160144120454788
lca,1983,0.169943988323212
lca,1984,0.162331208586693
lca,1985,0.152738675475121
lca,1986,0.187178835272789
lca,1987,0.153119131922722
lca,1988,0.209874033927917
lca,1989,0.185189232230186
lca,1990,0.194678455591202
lca,1991,0.15283240377903
lca,1992,0.190293475985527
lca,1993,0.177036881446838
lca,1994,0.145548135042191
lca,1995,0.144164323806763
lca,1996,0.0907114148139954
lca,1997,0.0772227197885513
lca,1998,0.069003127515316
lca,1999,0.067148745059967
lca,2000,0.0566975250840187
lca,2001,0.0763997435569763
lca,2002,0.09738739579916
lca,2003,0.0782216638326645
lca,2004,0.0852434039115906
lca,2005,0.0576584786176682
lca,2006,0.107267446815968
lca,2007,0.0456194989383221
lca,2008,0.113487355411053
lca,2009,0.519460260868073
lca,2010,0.497480183839798
lca,2011,0.36233314871788
lca,2012,0.435948252677918
lca,2013,0.0361004956066608
lca,2014,0.399436742067337
lca,2015,0.129433840513229
lca,2016,0.085471898317337
lca,2017,0.0966088846325874
lca,2018,0.071783110499382
lca,2019,0.0528864488005638
lca,2020,0.0254468284547329
lca,2021,0.0331423096358776
lca,2022,0.0531550943851471
lca,2023,0.0506263077259064
lka,1950,0.0846856757998467
lka,1951,0.0829517915844917
lka,1952,0.0852688178420067
lka,1953,0.0840673446655273
lka,1954,0.0791731625795364
lka,1955,0.0758060291409493
lka,1956,0.076472133398056
lka,1957,0.0735377222299576
lka,1958,0.0718045458197594
lka,1959,0.0710805431008339
lka,1960,0.0664928257465363
lka,1961,0.0678969994187355
lka,1962,0.0645830184221268
lka,1963,0.0653034076094627
lka,1964,0.0647012367844582
lka,1965,0.064517617225647
lka,1966,0.0548857897520065
lka,1967,0.0562154948711395
lka,1968,0.0519899129867554
lka,1969,0.0461383499205112
lka,1970,0.0471231862902641
lka,1971,0.0438143089413643
lka,1972,0.0423994809389114
lka,1973,0.0316214002668858
lka,1974,0.0368470549583435
lka,1975,0.0427818857133389
lka,1976,0.0481019094586372
lka,1977,0.0430269576609135
lka,1978,0.0747776702046394
lka,1979,0.088844396173954
lka,1980,0.0887109264731407
lka,1981,0.0790610164403915
lka,1982,0.0849608704447746
lka,1983,0.082059346139431
lka,1984,0.0992166250944138
lka,1985,0.078707255423069
lka,1986,0.0645154938101769
lka,1987,0.0638560205698013
lka,1988,0.0627171620726585
lka,1989,0.0616670958697796
lka,1990,0.0730966106057167
lka,1991,0.0712630525231361
lka,1992,0.0852065309882164
lka,1993,0.0921992883086205
lka,1994,0.0967095419764519
lka,1995,0.0920290648937225
lka,1996,0.0928271561861038
lka,1997,0.102782264351845
lka,1998,0.102794207632542
lka,1999,0.110890127718449
lka,2000,0.132882326841354
lka,2001,0.122748538851738
lka,2002,0.112401343882084
lka,2003,0.0968236550688744
lka,2004,0.0976698026061058
lka,2005,0.103645779192448
lka,2006,0.0975707545876503
lka,2007,0.091140903532505
lka,2008,0.0818919092416763
lka,2009,0.0655266642570496
lka,2010,0.066850371658802
lka,2011,0.0690374076366425
lka,2012,0.0608495883643627
lka,2013,0.0612402558326721
lka,2014,0.0655681937932968
lka,2015,0.0629502683877945
lka,2016,0.0605766698718071
lka,2017,0.0623490288853645
lka,2018,0.0619415938854218
lka,2019,0.0643507316708565
lka,2020,0.0508344024419785
lka,2021,0.0540914013981819
lka,2022,0.06788170337677
lka,2023,0.0739864036440849
lso,1960,0.0714286044239998
lso,1961,0.0740132257342339
lso,1962,0.080993264913559
lso,1963,0.0829702019691467
lso,1964,0.0847262069582939
lso,1965,0.0839860588312149
lso,1966,0.054761990904808
lso,1967,0.0485142879188061
lso,1968,0.0478898361325264
lso,1969,0.0522776283323765
lso,1970,0.0527733974158764
lso,1971,0.0675880759954453
lso,1972,0.0638202205300331
lso,1973,0.0567186810076237
lso,1974,0.058292094618082
lso,1975,0.0432359948754311
lso,1976,0.0498113185167313
lso,1977,0.0317417755723
lso,1978,0.0633888319134712
lso,1979,0.0921117961406708
lso,1980,0.11022175848484
lso,1981,0.0880860611796379
lso,1982,0.0802108347415924
lso,1983,0.055857740342617
lso,1984,0.0587756112217903
lso,1985,0.0560252778232098
lso,1986,0.0509749539196491
lso,1987,0.0602815598249435
lso,1988,0.0654258131980896
lso,1989,0.0650372728705406
lso,1990,0.0570273324847221
lso,1991,0.0568364895880222
lso,1992,0.0733546912670136
lso,1993,0.0777740553021431
lso,1994,0.0836997702717781
lso,1995,0.0766017064452171
lso,1996,0.0821761935949326
lso,1997,0.097457081079483
lso,1998,0.13524666428566
lso,1999,0.115262620151043
lso,2000,0.151437550783157
lso,2001,0.202760457992554
lso,2002,0.222420856356621
lso,2003,0.262723743915558
lso,2004,0.305526107549667
lso,2005,0.285227119922638
lso,2006,0.301850825548172
lso,2007,0.280019283294678
lso,2008,0.240426793694496
lso,2009,0.210368230938911
lso,2010,0.276598453521729
lso,2011,0.31865194439888
lso,2012,0.289903551340103
lso,2013,0.25020307302475
lso,2014,0.235092833638191
lso,2015,0.249943137168884
lso,2016,0.249433174729347
lso,2017,0.279720336198807
lso,2018,0.357274174690247
lso,2019,0.329019039869308
lso,2020,0.303428918123245
lso,2021,0.369956910610199
lso,2022,0.381188452243805
lso,2023,0.287910640239716
ltu,1990,0.18475267291069
ltu,1991,0.104321964085102
ltu,1992,0.0937949120998383
ltu,1993,0.308922648429871
ltu,1994,0.195409998297691
ltu,1995,0.155862808227539
ltu,1996,0.20597967505455
ltu,1997,0.255833208560944
ltu,1998,0.246211886405945
ltu,1999,0.203255280852318
ltu,2000,0.254086762666702
ltu,2001,0.292667925357819
ltu,2002,0.32248517870903
ltu,2003,0.353510409593582
ltu,2004,0.407765507698059
ltu,2005,0.485772252082825
ltu,2006,0.52379721403122
ltu,2007,0.523168206214905
ltu,2008,0.621397316455841
ltu,2009,0.513215184211731
ltu,2010,0.598129034042358
ltu,2011,0.669813930988312
ltu,2012,0.687322795391083
ltu,2013,0.722202658653259
ltu,2014,0.667856931686401
ltu,2015,0.576992928981781
ltu,2016,0.57857745885849
ltu,2017,0.646286725997925
ltu,2018,0.690310180187225
ltu,2019,0.705403864383698
ltu,2020,0.704026281833649
ltu,2021,0.786927402019501
ltu,2022,0.93621814250946
ltu,2023,0.844332456588745
lux,1950,0.419829100370407
lux,1951,0.514464616775513
lux,1952,0.436225920915604
lux,1953,0.413230150938034
lux,1954,0.440997689962387
lux,1955,0.453043699264526
lux,1956,0.444091647863388
lux,1957,0.426967114210129
lux,1958,0.413163334131241
lux,1959,0.429854243993759
lux,1960,0.45602086186409
lux,1961,0.453847736120224
lux,1962,0.418903917074204
lux,1963,0.426436424255371
lux,1964,0.442535132169724
lux,1965,0.445660471916199
lux,1966,0.431251615285873
lux,1967,0.414016932249069
lux,1968,0.428305208683014
lux,1969,0.421454578638077
lux,1970,0.448445677757263
lux,1971,0.471582055091858
lux,1972,0.45608451962471
lux,1973,0.487559497356415
lux,1974,0.592002272605896
lux,1975,0.564785480499268
lux,1976,0.532990455627441
lux,1977,0.547080338001251
lux,1978,0.52321594953537
lux,1979,0.580058932304382
lux,1980,0.606623113155365
lux,1981,0.590532183647156
lux,1982,0.556620001792908
lux,1983,0.571731865406036
lux,1984,0.66991662979126
lux,1985,0.671396911144257
lux,1986,0.523328959941864
lux,1987,0.483867764472961
lux,1988,0.482876807451248
lux,1989,0.482631862163544
lux,1990,0.473787218332291
lux,1991,0.423897296190262
lux,1992,0.484647512435913
lux,1993,0.47348815202713
lux,1994,0.464727848768234
lux,1995,0.456838220357895
lux,1996,0.467924505472183
lux,1997,0.508044004440308
lux,1998,0.547003626823425
lux,1999,0.548291504383087
lux,2000,0.536956608295441
lux,2001,0.59085339307785
lux,2002,0.606078028678894
lux,2003,0.657225787639618
lux,2004,0.774430155754089
lux,2005,0.800050020217896
lux,2006,0.810198366641998
lux,2007,0.784104466438294
lux,2008,0.77295458316803
lux,2009,0.58523041009903
lux,2010,0.582511782646179
lux,2011,0.725934743881226
lux,2012,0.58898937702179
lux,2013,0.5676509141922
lux,2014,0.523353517055512
lux,2015,0.419523537158966
lux,2016,0.408226698637009
lux,2017,0.3942691385746
lux,2018,0.432697057723999
lux,2019,0.395445704460144
lux,2020,0.412213802337647
lux,2021,0.437576413154602
lux,2022,0.48093181848526
lux,2023,0.447670131921768
lva,1990,0.162057653069496
lva,1991,0.100996278226376
lva,1992,0.224838882684708
lva,1993,0.23987789452076
lva,1994,0.133278146386147
lva,1995,0.131984323263168
lva,1996,0.144642651081085
lva,1997,0.161524146795273
lva,1998,0.168301910161972
lva,1999,0.153778150677681
lva,2000,0.171228989958763
lva,2001,0.169507026672363
lva,2002,0.177596226334572
lva,2003,0.195306092500687
lva,2004,0.263262450695038
lva,2005,0.287535667419434
lva,2006,0.280951619148254
lva,2007,0.316164553165436
lva,2008,0.338022768497467
lva,2009,0.303569078445435
lva,2010,0.364387661218643
lva,2011,0.444805771112442
lva,2012,0.456192880868912
lva,2013,0.464715272188187
lva,2014,0.450185537338257
lva,2015,0.401614844799042
lva,2016,0.391249448060989
lva,2017,0.410164028406143
lva,2018,0.439773976802826
lva,2019,0.411973983049393
lva,2020,0.410789161920548
lva,2021,0.459352850914001
lva,2022,0.54750394821167
lva,2023,0.475569754838944
mac,1970,0.233212873339653
mac,1971,0.232162714004517
mac,1972,0.212132424116135
mac,1973,0.191984072327614
mac,1974,0.212769031524658
mac,1975,0.221142202615738
mac,1976,0.37023863196373
mac,1977,0.320730447769165
mac,1978,0.258520841598511
mac,1979,0.355248510837555
mac,1980,0.494012087583542
mac,1981,0.51557058095932
mac,1982,0.513764977455139
mac,1983,0.516116619110107
mac,1984,0.543081641197205
mac,1985,0.514800071716309
mac,1986,0.498357564210892
mac,1987,0.525684714317322
mac,1988,0.459657073020935
mac,1989,0.460486948490143
mac,1990,0.416328996419907
mac,1991,0.351339548826218
mac,1992,0.329129368066788
mac,1993,0.31097137928009
mac,1994,0.30878072977066
mac,1995,0.296947926282883
mac,1996,0.30907878279686
mac,1997,0.355096191167831
mac,1998,0.361057639122009
mac,1999,0.369636356830597
mac,2000,0.415180683135986
mac,2001,0.38334983587265
mac,2002,0.349462389945984
mac,2003,0.308299541473389
mac,2004,0.252711862325668
mac,2005,0.20713384449482
mac,2006,0.175894439220428
mac,2007,0.13160902261734
mac,2008,0.0849510952830315
mac,2009,0.0376345403492451
mac,2010,0.0254816878587008
mac,2011,0.0172237195074558
mac,2012,0.0188587680459023
mac,2013,0.021655609831214
mac,2014,0.0212758202105761
mac,2015,0.0355427414178848
mac,2016,0.0366456247866154
mac,2017,0.0384828969836235
mac,2018,0.0271601807326078
mac,2019,0.0248799510300159
mac,2020,0.0187798496335745
mac,2021,0.0381962321698666
mac,2022,0.0417135879397392
mac,2023,0.0346623733639717
mar,1950,0.146414995193481
mar,1951,0.167852386832237
mar,1952,0.149198949337006
mar,1953,0.160813882946968
mar,1954,0.150517627596855
mar,1955,0.16258379817009
mar,1956,0.148851990699768
mar,1957,0.154223039746284
mar,1958,0.133458375930786
mar,1959,0.134399399161339
mar,1960,0.150550007820129
mar,1961,0.0902869179844856
mar,1962,0.0735244080424309
mar,1963,0.0688689425587654
mar,1964,0.0721622928977013
mar,1965,0.0708440318703651
mar,1966,0.0705076456069946
mar,1967,0.0631712526082993
mar,1968,0.0617060735821724
mar,1969,0.0573336146771908
mar,1970,0.0788943022489548
mar,1971,0.0718277543783188
mar,1972,0.0786815956234932
mar,1973,0.0899892672896385
mar,1974,0.105718910694122
mar,1975,0.0816700905561447
mar,1976,0.0796518623828888
mar,1977,0.0793693959712982
mar,1978,0.0770751610398293
mar,1979,0.0807717740535736
mar,1980,0.0862949043512344
mar,1981,0.0896854847669601
mar,1982,0.0757762640714645
mar,1983,0.0782001838088036
mar,1984,0.07811239361763
mar,1985,0.0703000947833061
mar,1986,0.0627447068691254
mar,1987,0.064914658665657
mar,1988,0.0707728341221809
mar,1989,0.0630095973610878
mar,1990,0.0772685036063194
mar,1991,0.0656563863158226
mar,1992,0.0661424472928047
mar,1993,0.0610929653048515
mar,1994,0.0594372153282166
mar,1995,0.0637314468622208
mar,1996,0.0542305484414101
mar,1997,0.06020887196064
mar,1998,0.0978579223155975
mar,1999,0.110282741487026
mar,2000,0.119217932224274
mar,2001,0.11522962898016
mar,2002,0.123010724782944
mar,2003,0.119696669280529
mar,2004,0.126763954758644
mar,2005,0.142412528395653
mar,2006,0.140817984938622
mar,2007,0.141953080892563
mar,2008,0.15802863240242
mar,2009,0.102443262934685
mar,2010,0.119172058999538
mar,2011,0.124700479209423
mar,2012,0.118453495204449
mar,2013,0.115846537053585
mar,2014,0.127636328339577
mar,2015,0.122077412903309
mar,2016,0.125489220023155
mar,2017,0.131782501935959
mar,2018,0.155198514461517
mar,2019,0.158300220966339
mar,2020,0.139972731471062
mar,2021,0.148692116141319
mar,2022,0.187733426690102
mar,2023,0.187236085534096
mda,1990,0.0704421624541283
mda,1991,0.0386969745159149
mda,1992,0.0642288699746132
mda,1993,0.125891759991646
mda,1994,0.13516728579998
mda,1995,0.123300112783909
mda,1996,0.108748137950897
mda,1997,0.0843924358487129
mda,1998,0.110263414680958
mda,1999,0.102112337946892
mda,2000,0.100908972322941
mda,2001,0.118557818233967
mda,2002,0.121713221073151
mda,2003,0.124017544090748
mda,2004,0.136297255754471
mda,2005,0.132836818695068
mda,2006,0.113155707716942
mda,2007,0.12922465801239
mda,2008,0.134809553623199
mda,2009,0.113952629268169
mda,2010,0.115684725344181
mda,2011,0.138199463486671
mda,2012,0.130814030766487
mda,2013,0.139864966273308
mda,2014,0.123569443821907
mda,2015,0.111745059490204
mda,2016,0.106218501925468
mda,2017,0.108677051961422
mda,2018,0.120190352201462
mda,2019,0.114282816648483
mda,2020,0.0996191203594208
mda,2021,0.113525584340096
mda,2022,0.165616154670715
mda,2023,0.203637927770615
mdg,1960,0.097669705748558
mdg,1961,0.157385408878326
mdg,1962,0.139739185571671
mdg,1963,0.120814472436905
mdg,1964,0.129220739006996
mdg,1965,0.135734274983406
mdg,1966,0.0997903570532799
mdg,1967,0.0954161360859871
mdg,1968,0.098050057888031
mdg,1969,0.0892539694905281
mdg,1970,0.0917424187064171
mdg,1971,0.0859374105930328
mdg,1972,0.0894162580370903
mdg,1973,0.0975573882460594
mdg,1974,0.111532710492611
mdg,1975,0.128378689289093
mdg,1976,0.100584469735622
mdg,1977,0.108631201088429
mdg,1978,0.116659887135029
mdg,1979,0.110247783362865
mdg,1980,0.0978241264820099
mdg,1981,0.0818329378962517
mdg,1982,0.0788868889212608
mdg,1983,0.0695879235863686
mdg,1984,0.0692694038152695
mdg,1985,0.0519788004457951
mdg,1986,0.0438179858028889
mdg,1987,0.0503442250192165
mdg,1988,0.0418557897210121
mdg,1989,0.0435400232672691
mdg,1990,0.0354932621121407
mdg,1991,0.0370499044656754
mdg,1992,0.0377073846757412
mdg,1993,0.0345370434224606
mdg,1994,0.0426228232681751
mdg,1995,0.0422209389507771
mdg,1996,0.0341023541986942
mdg,1997,0.0319152101874352
mdg,1998,0.0276467707008123
mdg,1999,0.0262387748807669
mdg,2000,0.0960662066936493
mdg,2001,0.10166634619236
mdg,2002,0.0769160389900208
mdg,2003,0.0898993834853172
mdg,2004,0.0792624652385712
mdg,2005,0.0639369338750839
mdg,2006,0.06816116720438
mdg,2007,0.0790486857295036
mdg,2008,0.0790416076779366
mdg,2009,0.054549764841795
mdg,2010,0.0482400730252266
mdg,2011,0.0564689487218857
mdg,2012,0.0481635183095932
mdg,2013,0.071028545498848
mdg,2014,0.0826122611761093
mdg,2015,0.0875909104943276
mdg,2016,0.0887900739908218
mdg,2017,0.111526675522327
mdg,2018,0.121142208576202
mdg,2019,0.11762622743845
mdg,2020,0.0797247365117073
mdg,2021,0.102327264845371
mdg,2022,0.134178683161736
mdg,2023,0.124392427504063
mdv,1970,0.0670114979147911
mdv,1971,0.0631114691495895
mdv,1972,0.0644639581441879
mdv,1973,0.0685975179076195
mdv,1974,0.0796256214380264
mdv,1975,0.0765386447310448
mdv,1976,0.0571062788367271
mdv,1977,0.0836477652192116
mdv,1978,0.077852874994278
mdv,1979,0.0924033746123314
mdv,1980,0.0791153088212013
mdv,1981,0.103409841656685
mdv,1982,0.0726156905293465
mdv,1983,0.0993536338210106
mdv,1984,0.0876633673906326
mdv,1985,0.0847172886133194
mdv,1986,0.0744012147188187
mdv,1987,0.0578822940587997
mdv,1988,0.0569458194077015
mdv,1989,0.0617153197526932
mdv,1990,0.0588831454515457
mdv,1991,0.0585093759000301
mdv,1992,0.0702904015779495
mdv,1993,0.0774416103959084
mdv,1994,0.0798349604010582
mdv,1995,0.0615356452763081
mdv,1996,0.0650579184293747
mdv,1997,0.0767685994505882
mdv,1998,0.0758075341582298
mdv,1999,0.0684620589017868
mdv,2000,0.0759591236710548
mdv,2001,0.074170283973217
mdv,2002,0.0749267488718033
mdv,2003,0.0706643909215927
mdv,2004,0.072052389383316
mdv,2005,0.0710203349590302
mdv,2006,0.0424116179347038
mdv,2007,0.0252250581979752
mdv,2008,0.0258671957999468
mdv,2009,0.0233240649104118
mdv,2010,0.0211321730166674
mdv,2011,0.0165796782821417
mdv,2012,0.0324587486684322
mdv,2013,0.0296108927577734
mdv,2014,0.0232359021902084
mdv,2015,0.0283216666430235
mdv,2016,0.0272028539329767
mdv,2017,0.0360962226986885
mdv,2018,0.0260009448975325
mdv,2019,0.0254059359431267
mdv,2020,0.0208640638738871
mdv,2021,0.0413150899112225
mdv,2022,0.0553089417517185
mdv,2023,0.0523244850337505
mex,1950,0.0496880263090134
mex,1951,0.0460130274295807
mex,1952,0.0435997061431408
mex,1953,0.0486647263169289
mex,1954,0.0459464862942696
mex,1955,0.0437034703791142
mex,1956,0.0428797788918018
mex,1957,0.037022776901722
mex,1958,0.0356643088161945
mex,1959,0.0377719402313232
mex,1960,0.0376100577414036
mex,1961,0.0382142029702663
mex,1962,0.0332900397479534
mex,1963,0.0347581952810288
mex,1964,0.0283021684736013
mex,1965,0.0273585729300976
mex,1966,0.0276403948664665
mex,1967,0.0230192020535469
mex,1968,0.0214808955788612
mex,1969,0.0209959242492914
mex,1970,0.0179268829524517
mex,1971,0.0185979139059782
mex,1972,0.0228287484496832
mex,1973,0.0299239922314882
mex,1974,0.0292752422392368
mex,1975,0.0244611315429211
mex,1976,0.0252855308353901
mex,1977,0.0286889839917421
mex,1978,0.0354670695960522
mex,1979,0.0397414900362492
mex,1980,0.0454940162599087
mex,1981,0.0476911067962647
mex,1982,0.0576828308403492
mex,1983,0.0760253667831421
mex,1984,0.0772543251514435
mex,1985,0.0647385120391846
mex,1986,0.0508912019431591
mex,1987,0.050788976252079
mex,1988,0.0448992289602757
mex,1989,0.0470956303179264
mex,1990,0.0501239523291588
mex,1991,0.0421347767114639
mex,1992,0.0822236239910126
mex,1993,0.0893415883183479
mex,1994,0.0940779745578766
mex,1995,0.123825870454311
mex,1996,0.14440144598484
mex,1997,0.16414900124073
mex,1998,0.167202174663544
mex,1999,0.190591037273407
mex,2000,0.227171882987022
mex,2001,0.21806463599205
mex,2002,0.22227081656456
mex,2003,0.209725558757782
mex,2004,0.220189794898033
mex,2005,0.228364393115044
mex,2006,0.244654655456543
mex,2007,0.240325659513474
mex,2008,0.239035323262215
mex,2009,0.205007746815681
mex,2010,0.238716393709183
mex,2011,0.244491517543793
mex,2012,0.245515286922455
mex,2013,0.245729774236679
mex,2014,0.249120354652405
mex,2015,0.252035349607468
mex,2016,0.240569785237312
mex,2017,0.253204077482224
mex,2018,0.270634770393372
mex,2019,0.28121742606163
mex,2020,0.281537652015686
mex,2021,0.304668992757797
mex,2022,0.346731662750244
mex,2023,0.301491528749466
mkd,1990,0.164477974176407
mkd,1991,0.118001185357571
mkd,1992,0.165996745228767
mkd,1993,0.16980342566967
mkd,1994,0.174922183156014
mkd,1995,0.177740424871445
mkd,1996,0.146312609314919
mkd,1997,0.163181409239769
mkd,1998,0.177202597260475
mkd,1999,0.170549631118774
mkd,2000,0.18411135673523
mkd,2001,0.162622019648552
mkd,2002,0.152253389358521
mkd,2003,0.174199610948563
mkd,2004,0.201165348291397
mkd,2005,0.221694767475128
mkd,2006,0.240299984812737
mkd,2007,0.29125502705574
mkd,2008,0.276740342378616
mkd,2009,0.199641019105911
mkd,2010,0.231557711958885
mkd,2011,0.295360922813416
mkd,2012,0.258062064647675
mkd,2013,0.263449758291245
mkd,2014,0.284843891859055
mkd,2015,0.268265664577484
mkd,2016,0.277800440788269
mkd,2017,0.305173963308334
mkd,2018,0.348880410194397
mkd,2019,0.358515799045563
mkd,2020,0.331716895103455
mkd,2021,0.375920444726944
mkd,2022,0.438821017742157
mkd,2023,0.405835062265396
mli,1960,0.0460514426231384
mli,1961,0.0452618673443794
mli,1962,0.0403627306222916
mli,1963,0.041093323379755
mli,1964,0.0652064681053162
mli,1965,0.0546698272228241
mli,1966,0.0507422164082527
mli,1967,0.0426018014550209
mli,1968,0.0209468696266413
mli,1969,0.0339010208845139
mli,1970,0.0545582324266434
mli,1971,0.0485289618372917
mli,1972,0.0483009479939938
mli,1973,0.0370169319212437
mli,1974,0.0860399454832077
mli,1975,0.0328554436564446
mli,1976,0.0657887160778046
mli,1977,0.0844331234693527
mli,1978,0.0605408772826195
mli,1979,0.048189464956522
mli,1980,0.0931836515665054
mli,1981,0.0346459187567234
mli,1982,0.0943184569478035
mli,1983,0.029239896684885
mli,1984,0.0604641065001488
mli,1985,0.0306973457336426
mli,1986,0.0297532323747873
mli,1987,0.0373088754713535
mli,1988,0.0374469570815563
mli,1989,0.0755452141165733
mli,1990,0.104317113757133
mli,1991,0.0610669665038586
mli,1992,0.0685242861509323
mli,1993,0.0589526854455471
mli,1994,0.0499482676386833
mli,1995,0.0500196292996407
mli,1996,0.0650166273117065
mli,1997,0.0470819808542728
mli,1998,0.0684391781687737
mli,1999,0.0712599456310272
mli,2000,0.069848507642746
mli,2001,0.0967689454555512
mli,2002,0.109423883259296
mli,2003,0.106745533645153
mli,2004,0.101443618535995
mli,2005,0.107015930116177
mli,2006,0.123496823012829
mli,2007,0.106662198901176
mli,2008,0.122742280364037
mli,2009,0.0120401717722416
mli,2010,0.0991718322038651
mli,2011,0.110289745032787
mli,2012,0.131407201290131
mli,2013,0.017688550055027
mli,2014,0.030871806666255
mli,2015,0.163947403430939
mli,2016,0.116678647696972
mli,2017,0.0697046965360642
mli,2018,0.079704686999321
mli,2019,0.0913323983550072
mli,2020,0.1047388240695
mli,2021,0.125166773796082
mli,2022,0.150237515568733
mli,2023,0.131648764014244
mlt,1954,0.324007153511047
mlt,1955,0.299009203910828
mlt,1956,0.254943311214447
mlt,1957,0.253786772489548
mlt,1958,0.201050385832787
mlt,1959,0.17530931532383
mlt,1960,0.313872337341309
mlt,1961,0.296632528305054
mlt,1962,0.171878188848495
mlt,1963,0.371153950691223
mlt,1964,0.234364882111549
mlt,1965,0.25781911611557
mlt,1966,0.277768909931183
mlt,1967,0.218774020671844
mlt,1968,0.267127126455307
mlt,1969,0.251577109098434
mlt,1970,0.223364844918251
mlt,1971,0.229439407587051
mlt,1972,0.286314338445663
mlt,1973,0.287396669387817
mlt,1974,0.322636485099793
mlt,1975,0.304725348949432
mlt,1976,0.351054310798645
mlt,1977,0.378058105707169
mlt,1978,0.331366002559662
mlt,1979,0.33202651143074
mlt,1980,0.342043608427048
mlt,1981,0.277348011732101
mlt,1982,0.230973228812218
mlt,1983,0.219221383333206
mlt,1984,0.252848029136658
mlt,1985,0.257172495126724
mlt,1986,0.273224711418152
mlt,1987,0.292271286249161
mlt,1988,0.273063361644745
mlt,1989,0.307124376296997
mlt,1990,0.375399142503738
mlt,1991,0.369679421186447
mlt,1992,0.516092598438263
mlt,1993,0.424237847328186
mlt,1994,0.458129793405533
mlt,1995,0.506259739398956
mlt,1996,0.448260188102722
mlt,1997,0.387518286705017
mlt,1998,0.44366255402565
mlt,1999,0.434975802898407
mlt,2000,0.479474425315857
mlt,2001,0.445491909980774
mlt,2002,0.464803159236908
mlt,2003,0.499965399503708
mlt,2004,0.501068413257599
mlt,2005,0.446594595909119
mlt,2006,0.494753032922745
mlt,2007,0.480291575193405
mlt,2008,0.411814421415329
mlt,2009,0.311391800642014
mlt,2010,0.483583837747574
mlt,2011,0.669044494628906
mlt,2012,0.70444518327713
mlt,2013,0.638163566589356
mlt,2014,0.588904142379761
mlt,2015,0.407371670007706
mlt,2016,0.418308258056641
mlt,2017,0.364935457706451
mlt,2018,0.315805912017822
mlt,2019,0.329004555940628
mlt,2020,0.354942470788956
mlt,2021,0.327868789434433
mlt,2022,0.4243243932724
mlt,2023,0.379928141832352
mmr,1962,0.114089965820313
mmr,1963,0.0996783152222633
mmr,1964,0.0926992297172546
mmr,1965,0.0764760226011276
mmr,1966,0.0647484511137009
mmr,1967,0.0467407926917076
mmr,1968,0.0324131064116955
mmr,1969,0.0352928899228573
mmr,1970,0.0361579582095146
mmr,1971,0.0376529768109322
mmr,1972,0.0368870422244072
mmr,1973,0.0321549661457539
mmr,1974,0.0280028115957975
mmr,1975,0.0293694045394659
mmr,1976,0.0303652174770832
mmr,1977,0.0329078994691372
mmr,1978,0.0351746715605259
mmr,1979,0.0425136275589466
mmr,1980,0.0423756539821625
mmr,1981,0.0402139201760292
mmr,1982,0.0340605415403843
mmr,1983,0.0374931655824184
mmr,1984,0.0315517336130142
mmr,1985,0.0245205406099558
mmr,1986,0.0145399169996381
mmr,1987,0.00805503875017166
mmr,1988,0.00952036119997501
mmr,1989,0.00785539392381907
mmr,1990,0.00683156400918961
mmr,1991,0.0052573992870748
mmr,1992,0.00586234545335174
mmr,1993,0.0666300430893898
mmr,1994,0.0714996457099915
mmr,1995,0.0473773777484894
mmr,1996,0.042366486042738
mmr,1997,0.0388545133173466
mmr,1998,0.0454246029257774
mmr,1999,0.0623758547008038
mmr,2000,0.0924463197588921
mmr,2001,0.107608750462532
mmr,2002,0.119709461927414
mmr,2003,0.0708623081445694
mmr,2004,0.0757159069180489
mmr,2005,0.0792437791824341
mmr,2006,0.10092630982399
mmr,2007,0.0981715470552445
mmr,2008,0.0793469622731209
mmr,2009,0.0919449105858803
mmr,2010,0.0798439830541611
mmr,2011,0.077741727232933
mmr,2012,0.0998695194721222
mmr,2013,0.074161484837532
mmr,2014,0.0757738649845123
mmr,2015,0.0803040787577629
mmr,2016,0.119688250124455
mmr,2017,0.123693570494652
mmr,2018,0.11947887390852
mmr,2019,0.124893955886364
mmr,2020,0.110189788043499
mmr,2021,0.106639295816422
mmr,2022,0.118002742528915
mmr,2023,0.110125631093979
mne,1990,0.0872384980320931
mne,1991,0.0794493928551674
mne,1992,0.0910947769880295
mne,1993,0.0902509465813637
mne,1994,0.0876566246151924
mne,1995,0.0831098183989525
mne,1996,0.0818598419427872
mne,1997,0.0825316905975342
mne,1998,0.0851824879646301
mne,1999,0.0898077115416527
mne,2000,0.0851812139153481
mne,2001,0.0969913601875305
mne,2002,0.110916957259178
mne,2003,0.0863052010536194
mne,2004,0.116483174264431
mne,2005,0.125924125313759
mne,2006,0.119609348475933
mne,2007,0.0993840172886848
mne,2008,0.0807822495698929
mne,2009,0.0589951351284981
mne,2010,0.0674676597118378
mne,2011,0.081775076687336
mne,2012,0.0684177801012993
mne,2013,0.0675938725471497
mne,2014,0.0590424314141274
mne,2015,0.0522665344178677
mne,2016,0.0510761477053165
mne,2017,0.0531389601528645
mne,2018,0.0572839193046093
mne,2019,0.05360022559762
mne,2020,0.0338189266622067
mne,2021,0.0584826655685902
mne,2022,0.0730505436658859
mne,2023,0.0697778165340424
mng,1970,0.00107427453622222
mng,1971,0.0010863475035876
mng,1972,0.000911433366127312
mng,1973,0.00120041240006685
mng,1974,0.00185758539009839
mng,1975,0.00145895092282444
mng,1976,0.00269670551642776
mng,1977,0.00468267127871513
mng,1978,0.00416351156309247
mng,1979,0.00400226842612028
mng,1980,0.00380660709924996
mng,1981,0.00480655394494534
mng,1982,0.00405461760237813
mng,1983,0.00273096677847207
mng,1984,0.00837227702140808
mng,1985,0.0104546528309584
mng,1986,0.00875159353017807
mng,1987,0.00907803606241942
mng,1988,0.00866748206317425
mng,1989,0.0101772518828511
mng,1990,0.00741936173290014
mng,1991,0.00878756772726774
mng,1992,0.0329161062836647
mng,1993,0.114827625453472
mng,1994,0.120141908526421
mng,1995,0.106599703431129
mng,1996,0.135804921388626
mng,1997,0.145279362797737
mng,1998,0.123638644814491
mng,1999,0.122136354446411
mng,2000,0.154574081301689
mng,2001,0.137858256697655
mng,2002,0.128349930047989
mng,2003,0.135639071464539
mng,2004,0.150139197707176
mng,2005,0.151985228061676
mng,2006,0.172456979751587
mng,2007,0.170050367712975
mng,2008,0.156094580888748
mng,2009,0.138236224651337
mng,2010,0.167998865246773
mng,2011,0.214294925332069
mng,2012,0.184539750218391
mng,2013,0.211063712835312
mng,2014,0.277390718460083
mng,2015,0.249366894364357
mng,2016,0.271353274583817
mng,2017,0.333759903907776
mng,2018,0.326127618551254
mng,2019,0.32777327299118
mng,2020,0.301771193742752
mng,2021,0.288638949394226
mng,2022,0.379090994596481
mng,2023,0.459037810564041
moz,1960,0.0451297946274281
moz,1961,0.0467930883169174
moz,1962,0.0394768975675106
moz,1963,0.0455135330557823
moz,1964,0.0417659245431423
moz,1965,0.0403207838535309
moz,1966,0.0417015440762043
moz,1967,0.0420560762286186
moz,1968,0.0482688993215561
moz,1969,0.0420159660279751
moz,1970,0.0672882869839668
moz,1971,0.0658659189939499
moz,1972,0.0657240822911263
moz,1973,0.0698377415537834
moz,1974,0.0813470929861069
moz,1975,0.0786761119961739
moz,1976,0.0785744786262512
moz,1977,0.0786737874150276
moz,1978,0.0758876726031303
moz,1979,0.0785412341356278
moz,1980,0.0864623486995697
moz,1981,0.0795985385775566
moz,1982,0.073431134223938
moz,1983,0.0753273144364357
moz,1984,0.0708964765071869
moz,1985,0.164716824889183
moz,1986,0.0423746258020401
moz,1987,0.0451363511383534
moz,1988,0.042096845805645
moz,1989,0.041025634855032
moz,1990,0.0464439503848553
moz,1991,0.0540247671306133
moz,1992,0.0574888475239277
moz,1993,0.0476571209728718
moz,1994,0.0544452145695686
moz,1995,0.0587498657405376
moz,1996,0.0717397928237915
moz,1997,0.0744837895035744
moz,1998,0.0779296830296516
moz,1999,0.0755956918001175
moz,2000,0.0944439694285393
moz,2001,0.1408421844244
moz,2002,0.142215952277184
moz,2003,0.148665130138397
moz,2004,0.163543000817299
moz,2005,0.181975200772285
moz,2006,0.179649353027344
moz,2007,0.187272414565086
moz,2008,0.197773307561874
moz,2009,0.198056668043137
moz,2010,0.185490384697914
moz,2011,0.235481411218643
moz,2012,0.240562438964844
moz,2013,0.234547972679138
moz,2014,0.287755131721497
moz,2015,0.235346332192421
moz,2016,0.195044696331024
moz,2017,0.28039813041687
moz,2018,0.319354176521301
moz,2019,0.277763783931732
moz,2020,0.229781910777092
moz,2021,0.300989031791687
moz,2022,0.387614101171494
moz,2023,0.323663681745529
mrt,1960,0.00960240699350834
mrt,1961,0.010153197683394
mrt,1962,0.00878910813480616
mrt,1963,0.0589255914092064
mrt,1964,0.121811583638191
mrt,1965,0.122492142021656
mrt,1966,0.148309290409088
mrt,1967,0.14035065472126
mrt,1968,0.123224578797817
mrt,1969,0.180160522460938
mrt,1970,0.140929847955704
mrt,1971,0.135155811905861
mrt,1972,0.141811534762383
mrt,1973,0.188703790307045
mrt,1974,0.21615082025528
mrt,1975,0.145782873034477
mrt,1976,0.124898634850979
mrt,1977,0.12248570472002
mrt,1978,0.0928521305322647
mrt,1979,0.109215565025806
mrt,1980,0.117344006896019
mrt,1981,0.144164547324181
mrt,1982,0.117345184087753
mrt,1983,0.116184301674366
mrt,1984,0.130539387464523
mrt,1985,0.155745193362236
mrt,1986,0.157344594597816
mrt,1987,0.149019807577133
mrt,1988,0.147941246628761
mrt,1989,0.158317625522614
mrt,1990,0.142913579940796
mrt,1991,0.130171462893486
mrt,1992,0.130652964115143
mrt,1993,0.113074317574501
mrt,1994,0.114375539124012
mrt,1995,0.12204933911562
mrt,1996,0.114637605845928
mrt,1997,0.151926383376122
mrt,1998,0.139824390411377
mrt,1999,0.156172603368759
mrt,2000,0.0863611772656441
mrt,2001,0.0924005955457687
mrt,2002,0.0806355178356171
mrt,2003,0.0659466162323952
mrt,2004,0.075111486017704
mrt,2005,0.0911952406167984
mrt,2006,0.277143985033035
mrt,2007,0.182472452521324
mrt,2008,0.206569626927376
mrt,2009,0.149746224284172
mrt,2010,0.075974278151989
mrt,2011,0.225467801094055
mrt,2012,0.247338831424713
mrt,2013,0.194090068340302
mrt,2014,0.175837695598602
mrt,2015,0.15847235918045
mrt,2016,0.13423228263855
mrt,2017,0.14024418592453
mrt,2018,0.14351812005043
mrt,2019,0.140378996729851
mrt,2020,0.131108418107033
mrt,2021,0.117494940757751
mrt,2022,0.140766978263855
mrt,2023,0.127248793840408
msr,1970,0.00410885410383344
msr,1971,0.00407214555889368
msr,1972,0.00396583182737231
msr,1973,0.00420435005798936
msr,1974,0.00501363258808851
msr,1975,0.00428626965731382
msr,1976,0.00660177413374186
msr,1977,0.00759947299957275
msr,1978,0.0225217714905739
msr,1979,0.00924357026815414
msr,1980,0.011557967402041
msr,1981,0.0194516200572252
msr,1982,0.0182068571448326
msr,1983,0.0290134623646736
msr,1984,0.0267852358520031
msr,1985,0.0281091947108507
msr,1986,0.021497530862689
msr,1987,0.0209778975695372
msr,1988,0.0187574476003647
msr,1989,0.0152082564309239
msr,1990,0.0158287156373262
msr,1991,0.0204788837581873
msr,1992,0.0239189341664314
msr,1993,0.00378025881946087
msr,1994,0.0684118717908859
msr,1995,0.113733023405075
msr,1996,0.360654234886169
msr,1997,0.210033148527145
msr,1998,0.0526655688881874
msr,1999,0.0216627474874258
msr,2000,0.0280794240534306
msr,2001,0.0193807110190392
msr,2002,0.0308148264884949
msr,2003,0.0375791974365711
msr,2004,0.0741917192935944
msr,2005,0.0271417181938887
msr,2006,0.0222728606313467
msr,2007,0.0411246567964554
msr,2008,0.0563572905957699
msr,2009,0.0459006875753403
msr,2010,0.017047455534339
msr,2011,0.0156900305300951
msr,2012,0.0297138039022684
msr,2013,0.111890219151974
msr,2014,0.0732816830277443
msr,2015,0.0833919197320938
msr,2016,0.0761783272027969
msr,2017,0.0844472572207451
msr,2018,0.0920839458703995
msr,2019,0.0762605741620064
msr,2020,0.0547306574881077
msr,2021,0.06075544282794
msr,2022,0.0824776515364647
msr,2023,0.0673572793602943
mus,1950,0.128961443901062
mus,1951,0.145666375756264
mus,1952,0.129772514104843
mus,1953,0.129687711596489
mus,1954,0.128324210643768
mus,1955,0.127381518483162
mus,1956,0.129425868391991
mus,1957,0.122680969536304
mus,1958,0.111644186079502
mus,1959,0.116653069853783
mus,1960,0.0742301270365715
mus,1961,0.116771548986435
mus,1962,0.0962129980325699
mus,1963,0.198556989431381
mus,1964,0.121512591838837
mus,1965,0.134836792945862
mus,1966,0.134708642959595
mus,1967,0.0950038656592369
mus,1968,0.159552857279778
mus,1969,0.156355991959572
mus,1970,0.111852206289768
mus,1971,0.090318962931633
mus,1972,0.122302211821079
mus,1973,0.140469446778297
mus,1974,0.232164561748505
mus,1975,0.216004565358162
mus,1976,0.142061427235603
mus,1977,0.158940970897675
mus,1978,0.145541876554489
mus,1979,0.166851356625557
mus,1980,0.16870941221714
mus,1981,0.128599256277084
mus,1982,0.149313688278198
mus,1983,0.148626953363419
mus,1984,0.188326388597488
mus,1985,0.23474757373333
mus,1986,0.21266120672226
mus,1987,0.301665246486664
mus,1988,0.212606728076935
mus,1989,0.201478779315949
mus,1990,0.209588423371315
mus,1991,0.190717026591301
mus,1992,0.205907359719276
mus,1993,0.224517598748207
mus,1994,0.192823052406311
mus,1995,0.183613792061806
mus,1996,0.177760824561119
mus,1997,0.175539866089821
mus,1998,0.194933548569679
mus,1999,0.179841756820679
mus,2000,0.180128172039986
mus,2001,0.197160631418228
mus,2002,0.221539556980133
mus,2003,0.22056283056736
mus,2004,0.207366600632668
mus,2005,0.227218076586723
mus,2006,0.221556603908539
mus,2007,0.176359638571739
mus,2008,0.169628262519836
mus,2009,0.131402418017387
mus,2010,0.133311733603477
mus,2011,0.141340836882591
mus,2012,0.146076023578644
mus,2013,0.142078310251236
mus,2014,0.153829768300056
mus,2015,0.154404282569885
mus,2016,0.126391068100929
mus,2017,0.115906730294228
mus,2018,0.105656281113625
mus,2019,0.100762940943241
mus,2020,0.0808778405189514
mus,2021,0.0928471237421036
mus,2022,0.117807142436504
mus,2023,0.109191164374352
mwi,1954,0.0111406221985817
mwi,1955,0.0101303225383163
mwi,1956,0.0102688297629356
mwi,1957,0.00940875709056854
mwi,1958,0.00749168312177062
mwi,1959,0.00895983353257179
mwi,1960,0.00867090187966824
mwi,1961,0.00855058804154396
mwi,1962,0.00818859040737152
mwi,1963,0.00775927770882845
mwi,1964,0.00642536766827107
mwi,1965,0.0524479411542416
mwi,1966,0.0786567777395248
mwi,1967,0.095520094037056
mwi,1968,0.0922275558114052
mwi,1969,0.0866512954235077
mwi,1970,0.0825068354606628
mwi,1971,0.0598020851612091
mwi,1972,0.0721156746149063
mwi,1973,0.0653994828462601
mwi,1974,0.0714410543441773
mwi,1975,0.0717703625559807
mwi,1976,0.0823185220360756
mwi,1977,0.0855358242988586
mwi,1978,0.0696154460310936
mwi,1979,0.0873740240931511
mwi,1980,0.118792153894901
mwi,1981,0.0850419476628304
mwi,1982,0.0747456178069115
mwi,1983,0.0746789425611496
mwi,1984,0.0871636420488358
mwi,1985,0.0588015131652355
mwi,1986,0.057982224971056
mwi,1987,0.0617302991449833
mwi,1988,0.0591891594231129
mwi,1989,0.0543751604855061
mwi,1990,0.0786029994487763
mwi,1991,0.0782698094844818
mwi,1992,0.100369535386562
mwi,1993,0.0690396055579186
mwi,1994,0.0561931729316711
mwi,1995,0.0687772259116173
mwi,1996,0.0643151924014092
mwi,1997,0.0563407205045223
mwi,1998,0.106759242713451
mwi,1999,0.0895930081605911
mwi,2000,0.0780205875635147
mwi,2001,0.100377775728703
mwi,2002,0.0697197020053864
mwi,2003,0.0853141620755196
mwi,2004,0.0578362159430981
mwi,2005,0.0590953752398491
mwi,2006,0.070301778614521
mwi,2007,0.0695217624306679
mwi,2008,0.0575120151042938
mwi,2009,0.10183447599411
mwi,2010,0.0914803966879845
mwi,2011,0.10888359695673
mwi,2012,0.0926022380590439
mwi,2013,0.0819336399435997
mwi,2014,0.0646347180008888
mwi,2015,0.0767670497298241
mwi,2016,0.0735980048775673
mwi,2017,0.0589638836681843
mwi,2018,0.0562079586088657
mwi,2019,0.0561346784234047
mwi,2020,0.0563813112676144
mwi,2021,0.0580445118248463
mwi,2022,0.0551443323493004
mwi,2023,0.0515476204454899
mys,1955,0.503360569477081
mys,1956,0.48999211192131
mys,1957,0.485128164291382
mys,1958,0.443011254072189
mys,1959,0.442356169223785
mys,1960,0.467996537685394
mys,1961,0.438431650400162
mys,1962,0.39584231376648
mys,1963,0.395867884159088
mys,1964,0.268067479133606
mys,1965,0.257694333791733
mys,1966,0.256517469882965
mys,1967,0.256698578596115
mys,1968,0.283886790275574
mys,1969,0.287863522768021
mys,1970,0.280094176530838
mys,1971,0.287740737199783
mys,1972,0.2689608335495
mys,1973,0.291692197322845
mys,1974,0.333694189786911
mys,1975,0.318081974983215
mys,1976,0.342111378908157
mys,1977,0.321213454008102
mys,1978,0.322793692350388
mys,1979,0.374154180288315
mys,1980,0.362691521644592
mys,1981,0.323232471942902
mys,1982,0.317293733358383
mys,1983,0.34298050403595
mys,1984,0.359556496143341
mys,1985,0.353950321674347
mys,1986,0.312072455883026
mys,1987,0.350028246641159
mys,1988,0.350757390260696
mys,1989,0.367199271917343
mys,1990,0.380712687969208
mys,1991,0.355210989713669
mys,1992,0.442178100347519
mys,1993,0.455951482057571
mys,1994,0.498275607824326
mys,1995,0.519154131412506
mys,1996,0.509694576263428
mys,1997,0.4980508685112
mys,1998,0.575068414211273
mys,1999,0.635973572731018
mys,2000,0.647251904010773
mys,2001,0.608702540397644
mys,2002,0.605791211128235
mys,2003,0.599744200706482
mys,2004,0.628735244274139
mys,2005,0.639056086540222
mys,2006,0.663475573062897
mys,2007,0.614059090614319
mys,2008,0.581412255764008
mys,2009,0.503572285175324
mys,2010,0.576046824455261
mys,2011,0.549744665622711
mys,2012,0.515586674213409
mys,2013,0.481240749359131
mys,2014,0.48109045624733
mys,2015,0.433637171983719
mys,2016,0.394219368696213
mys,2017,0.430790424346924
mys,2018,0.439396739006043
mys,2019,0.435971081256866
mys,2020,0.408976227045059
mys,2021,0.498998403549194
mys,2022,0.561419069766998
mys,2023,0.467705070972443
nam,1960,0.341625720262527
nam,1961,0.340985596179962
nam,1962,0.321426331996918
nam,1963,0.34257984161377
nam,1964,0.353637278079987
nam,1965,0.391429275274277
nam,1966,0.395361065864563
nam,1967,0.384375661611557
nam,1968,0.377859443426132
nam,1969,0.369174361228943
nam,1970,0.327484399080277
nam,1971,0.32140988111496
nam,1972,0.319380611181259
nam,1973,0.333613753318787
nam,1974,0.377120584249496
nam,1975,0.366375863552094
nam,1976,0.364138811826706
nam,1977,0.370335459709168
nam,1978,0.357160359621048
nam,1979,0.360526859760284
nam,1980,0.41542860865593
nam,1981,0.359175503253937
nam,1982,0.322550147771835
nam,1983,0.2949638068676
nam,1984,0.29218402504921
nam,1985,0.350523710250855
nam,1986,0.332438409328461
nam,1987,0.274444878101349
nam,1988,0.260143637657166
nam,1989,0.254174649715424
nam,1990,0.235590755939484
nam,1991,0.252414256334305
nam,1992,0.283034205436707
nam,1993,0.299480319023132
nam,1994,0.282057285308838
nam,1995,0.284826248884201
nam,1996,0.271222084760666
nam,1997,0.262145847082138
nam,1998,0.257295727729797
nam,1999,0.258111715316772
nam,2000,0.262022912502289
nam,2001,0.26820582151413
nam,2002,0.230809673666954
nam,2003,0.207956656813622
nam,2004,0.366847783327103
nam,2005,0.357149928808212
nam,2006,0.378920614719391
nam,2007,0.405263453722
nam,2008,0.391167640686035
nam,2009,0.506170988082886
nam,2010,0.470442533493042
nam,2011,0.419486522674561
nam,2012,0.370514571666718
nam,2013,0.422386169433594
nam,2014,0.222153678536415
nam,2015,0.28842967748642
nam,2016,0.308601766824722
nam,2017,0.327065229415894
nam,2018,0.481023877859116
nam,2019,0.40644508600235
nam,2020,0.343041032552719
nam,2021,0.342199802398682
nam,2022,0.441291004419327
nam,2023,0.439959675073624
ner,1960,0.0228018462657928
ner,1961,0.0254741180688143
ner,1962,0.027377812191844
ner,1963,0.0346207804977894
ner,1964,0.0376076437532902
ner,1965,0.041573204100132
ner,1966,0.0567321255803108
ner,1967,0.044970765709877
ner,1968,0.0505452789366245
ner,1969,0.046409048140049
ner,1970,0.0502261072397232
ner,1971,0.0510333888232708
ner,1972,0.0638567730784416
ner,1973,0.0746689662337303
ner,1974,0.0391729138791561
ner,1975,0.0955692157149315
ner,1976,0.116947568953037
ner,1977,0.102438874542713
ner,1978,0.157612860202789
ner,1979,0.108990021049976
ner,1980,0.0937004387378693
ner,1981,0.105318322777748
ner,1982,0.0581477843225002
ner,1983,0.0619483143091202
ner,1984,0.0652793273329735
ner,1985,0.0543417520821095
ner,1986,0.0667772814631462
ner,1987,0.110534407198429
ner,1988,0.0801287144422531
ner,1989,0.0683711022138596
ner,1990,0.0565086714923382
ner,1991,0.0597992911934853
ner,1992,0.0381458587944508
ner,1993,0.0375609323382378
ner,1994,0.0215463303029537
ner,1995,0.0500175468623638
ner,1996,0.072351410984993
ner,1997,0.0636285170912743
ner,1998,0.0631332546472549
ner,1999,0.0566420443356037
ner,2000,0.0462907366454601
ner,2001,0.0378053262829781
ner,2002,0.0313975997269154
ner,2003,0.030771229416132
ner,2004,0.057314720004797
ner,2005,0.0602095797657967
ner,2006,0.0536642074584961
ner,2007,0.0665303245186806
ner,2008,0.0943374112248421
ner,2009,0.0590587370097637
ner,2010,0.0379512757062912
ner,2011,0.0805248245596886
ner,2012,0.0932481214404106
ner,2013,0.091654933989048
ner,2014,0.0661682039499283
ner,2015,0.0528640896081924
ner,2016,0.0640166103839874
ner,2017,0.133426487445831
ner,2018,0.0901014134287834
ner,2019,0.077259361743927
ner,2020,0.0690738633275032
ner,2021,0.0756309628486633
ner,2022,0.072801448404789
ner,2023,0.0550772733986378
nga,1950,0.060884166508913
nga,1951,0.0601353645324707
nga,1952,0.0679446309804916
nga,1953,0.0633936002850533
nga,1954,0.0661740601062775
nga,1955,0.0572952404618263
nga,1956,0.062012080103159
nga,1957,0.0556918308138847
nga,1958,0.0529919490218163
nga,1959,0.0550227425992489
nga,1960,0.0537335351109505
nga,1961,0.0595728047192097
nga,1962,0.0487904027104378
nga,1963,0.0519745536148548
nga,1964,0.0563082285225391
nga,1965,0.0626600906252861
nga,1966,0.0684889331459999
nga,1967,0.0628005713224411
nga,1968,0.0575736090540886
nga,1969,0.0659775286912918
nga,1970,0.0609475858509541
nga,1971,0.0945135354995728
nga,1972,0.0889933928847313
nga,1973,0.0928376838564873
nga,1974,0.136137366294861
nga,1975,0.0913048908114433
nga,1976,0.104083061218262
nga,1977,0.0897982344031334
nga,1978,0.0752254724502564
nga,1979,0.119768753647804
nga,1980,0.153476178646088
nga,1981,0.122887626290321
nga,1982,0.129496783018112
nga,1983,0.121648296713829
nga,1984,0.143270626664162
nga,1985,0.122666828334332
nga,1986,0.0851794481277466
nga,1987,0.14866116642952
nga,1988,0.189742639660835
nga,1989,0.242719098925591
nga,1990,0.349546849727631
nga,1991,0.289681732654572
nga,1992,0.444208145141602
nga,1993,0.412307888269424
nga,1994,0.314415574073792
nga,1995,0.186998769640923
nga,1996,0.143385335803032
nga,1997,0.127119496464729
nga,1998,0.090942494571209
nga,1999,0.52932071685791
nga,2000,0.591648280620575
nga,2001,0.381295561790466
nga,2002,0.311569750308991
nga,2003,0.284652173519135
nga,2004,0.28816944360733
nga,2005,0.232618063688278
nga,2006,0.227797254920006
nga,2007,0.174463748931885
nga,2008,0.248373821377754
nga,2009,0.138728067278862
nga,2010,0.204896733164787
nga,2011,0.271045356988907
nga,2012,0.289669960737228
nga,2013,0.164052650332451
nga,2014,0.143398314714432
nga,2015,0.0892646238207817
nga,2016,0.0636489540338516
nga,2017,0.0858969837427139
nga,2018,0.115127339959145
nga,2019,0.101042360067368
nga,2020,0.0685371086001396
nga,2021,0.0541830025613308
nga,2022,0.101464740931988
nga,2023,0.121088199317455
nic,1950,0.0337064228951931
nic,1951,0.0582135394215584
nic,1952,0.0540649555623531
nic,1953,0.0526792965829372
nic,1954,0.047394871711731
nic,1955,0.0612322315573692
nic,1956,0.053551722317934
nic,1957,0.0567158386111259
nic,1958,0.0591603517532349
nic,1959,0.0701397061347961
nic,1960,0.0553252846002579
nic,1961,0.0531944669783115
nic,1962,0.0550379566848278
nic,1963,0.0643822178244591
nic,1964,0.0675500854849815
nic,1965,0.0631059035658836
nic,1966,0.0614799186587334
nic,1967,0.0620529241859913
nic,1968,0.0602162629365921
nic,1969,0.057325903326273
nic,1970,0.0596246272325516
nic,1971,0.0582968629896641
nic,1972,0.0780494138598442
nic,1973,0.0709928348660469
nic,1974,0.0681976601481438
nic,1975,0.0770755112171173
nic,1976,0.0748437568545342
nic,1977,0.0613965317606926
nic,1978,0.0774334818124771
nic,1979,0.144425287842751
nic,1980,0.0651957616209984
nic,1981,0.0694940239191055
nic,1982,0.0636901408433914
nic,1983,0.0644570738077164
nic,1984,0.051246952265501
nic,1985,0.0447873324155808
nic,1986,0.035108894109726
nic,1987,0.0285692699253559
nic,1988,0.0506930463016033
nic,1989,0.101492054760456
nic,1990,0.0792401432991028
nic,1991,0.0603200793266296
nic,1992,0.054203350096941
nic,1993,0.0698828101158142
nic,1994,0.0758870616555214
nic,1995,0.087056428194046
nic,1996,0.0909742116928101
nic,1997,0.108004309237003
nic,1998,0.118312254548073
nic,1999,0.114845544099808
nic,2000,0.13423764705658
nic,2001,0.134646058082581
nic,2002,0.12572880089283
nic,2003,0.127613082528114
nic,2004,0.140221506357193
nic,2005,0.152013629674912
nic,2006,0.175811544060707
nic,2007,0.174761652946472
nic,2008,0.171252593398094
nic,2009,0.172718092799187
nic,2010,0.208110928535461
nic,2011,0.237070739269257
nic,2012,0.273065000772476
nic,2013,0.260562211275101
nic,2014,0.260288536548615
nic,2015,0.255581229925156
nic,2016,0.243002489209175
nic,2017,0.254272699356079
nic,2018,0.243735179305077
nic,2019,0.259267717599869
nic,2020,0.229601919651032
nic,2021,0.250888079404831
nic,2022,0.284316301345825
nic,2023,0.256960421800613
nld,1950,0.181580156087875
nld,1951,0.208943128585815
nld,1952,0.21562971174717
nld,1953,0.217283442616463
nld,1954,0.229507893323898
nld,1955,0.227992877364159
nld,1956,0.224723622202873
nld,1957,0.229926854372025
nld,1958,0.233226284384727
nld,1959,0.243787169456482
nld,1960,0.26841127872467
nld,1961,0.258542597293854
nld,1962,0.244566306471825
nld,1963,0.513088285923004
nld,1964,0.525451421737671
nld,1965,0.52523535490036
nld,1966,0.560948193073273
nld,1967,0.539315640926361
nld,1968,0.610128462314606
nld,1969,0.295330762863159
nld,1970,0.309440761804581
nld,1971,0.32416644692421
nld,1972,0.34321054816246
nld,1973,0.378052294254303
nld,1974,0.423242747783661
nld,1975,0.388645172119141
nld,1976,0.417769521474838
nld,1977,0.390448659658432
nld,1978,0.38692569732666
nld,1979,0.433177471160889
nld,1980,0.454549252986908
nld,1981,0.476188540458679
nld,1982,0.463995784521103
nld,1983,0.486687779426575
nld,1984,0.511499285697937
nld,1985,0.523500978946686
nld,1986,0.516712009906769
nld,1987,0.537929058074951
nld,1988,0.537004768848419
nld,1989,0.524783551692963
nld,1990,0.581338047981262
nld,1991,0.527394115924835
nld,1992,0.60565584897995
nld,1993,0.553671061992645
nld,1994,0.577333748340607
nld,1995,0.621422648429871
nld,1996,0.599151849746704
nld,1997,0.597850561141968
nld,1998,0.544125199317932
nld,1999,0.526719331741333
nld,2000,0.640443682670593
nld,2001,0.655740201473236
nld,2002,0.641636431217194
nld,2003,0.72335696220398
nld,2004,0.803996384143829
nld,2005,0.832510888576508
nld,2006,0.871753692626953
nld,2007,0.894183158874512
nld,2008,0.919121861457825
nld,2009,0.798112630844116
nld,2010,0.91094321012497
nld,2011,0.918256044387817
nld,2012,0.966901421546936
nld,2013,0.95378041267395
nld,2014,0.972767770290375
nld,2015,0.831529378890991
nld,2016,0.832003831863403
nld,2017,0.875602662563324
nld,2018,0.9171302318573
nld,2019,0.908007740974426
nld,2020,0.867682814598084
nld,2021,0.905764818191528
nld,2022,0.956506967544556
nld,2023,0.902724504470825
nor,1950,0.185184672474861
nor,1951,0.211241349577904
nor,1952,0.187057584524155
nor,1953,0.178732797503471
nor,1954,0.191005483269691
nor,1955,0.184325784444809
nor,1956,0.189962312579155
nor,1957,0.184339195489883
nor,1958,0.176991194486618
nor,1959,0.187400951981545
nor,1960,0.215095475316048
nor,1961,0.208374857902527
nor,1962,0.188149929046631
nor,1963,0.219006568193436
nor,1964,0.228935047984123
nor,1965,0.23252809047699
nor,1966,0.238972797989845
nor,1967,0.22654926776886
nor,1968,0.238941296935081
nor,1969,0.255428463220596
nor,1970,0.594913899898529
nor,1971,0.531964898109436
nor,1972,0.562448084354401
nor,1973,0.652088165283203
nor,1974,0.811977446079254
nor,1975,0.804342985153198
nor,1976,0.33427420258522
nor,1977,0.3199582695961
nor,1978,0.334522873163223
nor,1979,0.37429267168045
nor,1980,0.404610753059387
nor,1981,0.394041925668716
nor,1982,0.398787289857864
nor,1983,0.420806139707565
nor,1984,0.43538561463356
nor,1985,0.451836615800858
nor,1986,0.40067782998085
nor,1987,0.433687955141068
nor,1988,0.418432503938675
nor,1989,0.467925876379013
nor,1990,0.547112226486206
nor,1991,0.456069827079773
nor,1992,0.57440060377121
nor,1993,0.496972113847733
nor,1994,0.503398954868317
nor,1995,0.533643186092377
nor,1996,0.561072826385498
nor,1997,0.53514564037323
nor,1998,0.498276680707932
nor,1999,0.51201343536377
nor,2000,0.58273708820343
nor,2001,0.574549615383148
nor,2002,0.578615248203278
nor,2003,0.601533710956574
nor,2004,0.609713077545166
nor,2005,0.659959435462952
nor,2006,0.666328012943268
nor,2007,0.660273432731628
nor,2008,0.687015950679779
nor,2009,0.583552420139313
nor,2010,0.60215836763382
nor,2011,0.656470656394959
nor,2012,0.62668240070343
nor,2013,0.594493508338928
nor,2014,0.563288748264313
nor,2015,0.507414281368256
nor,2016,0.468258887529373
nor,2017,0.493291974067688
nor,2018,0.523815155029297
nor,2019,0.495883524417877
nor,2020,0.472343742847443
nor,2021,0.492630004882813
nor,2022,0.502894818782806
nor,2023,0.505362391471863
npl,1960,0.000204888448934071
npl,1961,0.000203107367269695
npl,1962,0.000251196732278913
npl,1963,0.000140044721774757
npl,1964,0.00710107432678342
npl,1965,0.0169771313667297
npl,1966,0.008302784524858
npl,1967,0.0123790865764022
npl,1968,0.0156345013529062
npl,1969,0.0156761519610882
npl,1970,0.0113318515941501
npl,1971,0.00844549015164375
npl,1972,0.0107502145692706
npl,1973,0.0110483383759856
npl,1974,0.00675146281719208
npl,1975,0.0060411412268877
npl,1976,0.0118124661967158
npl,1977,0.016165854409337
npl,1978,0.0217147041112185
npl,1979,0.0268297828733921
npl,1980,0.0243896916508675
npl,1981,0.0162349939346313
npl,1982,0.00707571813836694
npl,1983,0.0143220033496618
npl,1984,0.0201341789215803
npl,1985,0.0210491325706244
npl,1986,0.0219781827181578
npl,1987,0.0169746913015842
npl,1988,0.0192397087812424
npl,1989,0.0155858490616083
npl,1990,0.0167906060814858
npl,1991,0.0170222651213408
npl,1992,0.0285351723432541
npl,1993,0.0307297315448523
npl,1994,0.0284494962543249
npl,1995,0.0223607774823904
npl,1996,0.0197938401252031
npl,1997,0.0230948850512505
npl,1998,0.0264554563909769
npl,1999,0.0332749262452126
npl,2000,0.0459877662360668
npl,2001,0.0508332140743732
npl,2002,0.0381867550313473
npl,2003,0.0363584086298943
npl,2004,0.0362822636961937
npl,2005,0.033596932888031
npl,2006,0.0274284314364195
npl,2007,0.0285922195762396
npl,2008,0.0284137651324272
npl,2009,0.0238500274717808
npl,2010,0.0201221741735935
npl,2011,0.0182566288858652
npl,2012,0.017014192417264
npl,2013,0.0156113915145397
npl,2014,0.0147393019869924
npl,2015,0.012190081179142
npl,2016,0.012813488021493
npl,2017,0.0112607860937715
npl,2018,0.0107325250282884
npl,2019,0.010668370872736
npl,2020,0.00921914726495743
npl,2021,0.00731429969891906
npl,2022,0.00970660708844662
npl,2023,0.00957442261278629
nzl,1950,0.199262395501137
nzl,1951,0.240928560495377
nzl,1952,0.265723198652267
nzl,1953,0.223388314247131
nzl,1954,0.192162230610847
nzl,1955,0.20254448056221
nzl,1956,0.2107974588871
nzl,1957,0.200835108757019
nzl,1958,0.216328173875809
nzl,1959,0.206859603524208
nzl,1960,0.200914278626442
nzl,1961,0.200590223073959
nzl,1962,0.188519984483719
nzl,1963,0.189347445964813
nzl,1964,0.183435216546059
nzl,1965,0.157592236995697
nzl,1966,0.162240758538246
nzl,1967,0.164225593209267
nzl,1968,0.185211941599846
nzl,1969,0.187952533364296
nzl,1970,0.195762485265732
nzl,1971,0.181468829512596
nzl,1972,0.178415462374687
nzl,1973,0.185479462146759
nzl,1974,0.185924023389816
nzl,1975,0.169501125812531
nzl,1976,0.204059794545174
nzl,1977,0.224108070135117
nzl,1978,0.228098586201668
nzl,1979,0.234306186437607
nzl,1980,0.258775442838669
nzl,1981,0.243819937109947
nzl,1982,0.237642303109169
nzl,1983,0.226467236876488
nzl,1984,0.231802865862846
nzl,1985,0.2431600689888
nzl,1986,0.211987882852554
nzl,1987,0.223184823989868
nzl,1988,0.247126668691635
nzl,1989,0.239215448498726
nzl,1990,0.249938547611237
nzl,1991,0.237640634179115
nzl,1992,0.266001999378204
nzl,1993,0.260475426912308
nzl,1994,0.273708671331406
nzl,1995,0.270533859729767
nzl,1996,0.272576540708542
nzl,1997,0.269253045320511
nzl,1998,0.239938482642174
nzl,1999,0.235886588692665
nzl,2000,0.260894805192947
nzl,2001,0.265618145465851
nzl,2002,0.267673254013062
nzl,2003,0.270316600799561
nzl,2004,0.304739952087402
nzl,2005,0.313293039798737
nzl,2006,0.306169152259827
nzl,2007,0.317190289497376
nzl,2008,0.328419983386993
nzl,2009,0.284264922142029
nzl,2010,0.327399283647537
nzl,2011,0.360188692808151
nzl,2012,0.353706181049347
nzl,2013,0.350871950387955
nzl,2014,0.354914426803589
nzl,2015,0.314723014831543
nzl,2016,0.292456358671188
nzl,2017,0.305567592382431
nzl,2018,0.312545716762543
nzl,2019,0.297676086425781
nzl,2020,0.241445988416672
nzl,2021,0.255643635988236
nzl,2022,0.281800925731659
nzl,2023,0.282323926687241
omn,1970,0.376486331224442
omn,1971,0.388186782598496
omn,1972,0.383263558149338
omn,1973,0.421236634254456
omn,1974,0.499177753925324
omn,1975,0.485472917556763
omn,1976,0.478139340877533
omn,1977,0.450293034315109
omn,1978,0.473183304071426
omn,1979,0.486251890659332
omn,1980,0.532222151756287
omn,1981,0.540912806987763
omn,1982,0.493265569210053
omn,1983,0.491253614425659
omn,1984,0.473325222730637
omn,1985,0.489512354135513
omn,1986,0.379627585411072
omn,1987,0.44780695438385
omn,1988,0.35854560136795
omn,1989,0.449116617441177
omn,1990,0.46578723192215
omn,1991,0.321818768978119
omn,1992,0.49041822552681
omn,1993,0.415603399276733
omn,1994,0.415210276842117
omn,1995,0.454993546009064
omn,1996,0.535671174526215
omn,1997,0.529744684696198
omn,1998,0.41072291135788
omn,1999,0.470445364713669
omn,2000,0.60919463634491
omn,2001,0.601426064968109
omn,2002,0.54623806476593
omn,2003,0.478511899709702
omn,2004,0.421843260526657
omn,2005,0.523275554180145
omn,2006,0.436603039503098
omn,2007,0.400508314371109
omn,2008,0.443373084068298
omn,2009,0.368374049663544
omn,2010,0.467499911785126
omn,2011,0.514873087406158
omn,2012,0.518264532089233
omn,2013,0.523710608482361
omn,2014,0.518963992595673
omn,2015,0.444262444972992
omn,2016,0.36891832947731
omn,2017,0.407998561859131
omn,2018,0.469806522130966
omn,2019,0.481172263622284
omn,2020,0.492893904447556
omn,2021,0.509989678859711
omn,2022,0.570893108844757
omn,2023,0.573904037475586
pak,1950,0.0575583949685097
pak,1951,0.0426702462136745
pak,1952,0.0643365681171417
pak,1953,0.0569532588124275
pak,1954,0.0412142276763916
pak,1955,0.0476136952638626
pak,1956,0.0453943945467472
pak,1957,0.03810029104352
pak,1958,0.0408164337277412
pak,1959,0.0445202924311161
pak,1960,0.0430839769542217
pak,1961,0.0367501117289066
pak,1962,0.0366956628859043
pak,1963,0.0467636100947857
pak,1964,0.0456055402755737
pak,1965,0.040435004979372
pak,1966,0.0382099263370037
pak,1967,0.0431446991860867
pak,1968,0.0461913608014584
pak,1969,0.0421274676918983
pak,1970,0.0542555116117001
pak,1971,0.0535559169948101
pak,1972,0.044722817838192
pak,1973,0.0570607073605061
pak,1974,0.0542210675776005
pak,1975,0.0432977303862572
pak,1976,0.043937724083662
pak,1977,0.0362353585660458
pak,1978,0.0375982820987701
pak,1979,0.0386923775076866
pak,1980,0.046589557081461
pak,1981,0.0489074476063252
pak,1982,0.0419519133865833
pak,1983,0.0490470677614212
pak,1984,0.0447670444846153
pak,1985,0.0376252047717571
pak,1986,0.0395932085812092
pak,1987,0.0414597652852535
pak,1988,0.0415268950164318
pak,1989,0.0407583750784397
pak,1990,0.0426780730485916
pak,1991,0.0500785894691944
pak,1992,0.0591900385916233
pak,1993,0.0534768216311932
pak,1994,0.0559703037142754
pak,1995,0.0574483796954155
pak,1996,0.05077238753438
pak,1997,0.0488938353955746
pak,1998,0.0496040917932987
pak,1999,0.0440032184123993
pak,2000,0.0444446764886379
pak,2001,0.0469532422721386
pak,2002,0.0524446740746498
pak,2003,0.0530200079083443
pak,2004,0.0517178550362587
pak,2005,0.0533359386026859
pak,2006,0.0538816638290882
pak,2007,0.0493499040603638
pak,2008,0.0436576940119267
pak,2009,0.0454769879579544
pak,2010,0.0472385622560978
pak,2011,0.0538027510046959
pak,2012,0.047745056450367
pak,2013,0.0478099323809147
pak,2014,0.0471833385527134
pak,2015,0.0466641001403332
pak,2016,0.0424391701817513
pak,2017,0.0405338183045387
pak,2018,0.0384340770542622
pak,2019,0.0432630851864815
pak,2020,0.0444406978785992
pak,2021,0.0480489656329155
pak,2022,0.0514802150428295
pak,2023,0.0495256409049034
pan,1950,0.106925956904888
pan,1951,0.11242987960577
pan,1952,0.0965677797794342
pan,1953,0.0895771086215973
pan,1954,0.0801629275083542
pan,1955,0.0807396173477173
pan,1956,0.0765821784734726
pan,1957,0.069940060377121
pan,1958,0.0624001584947109
pan,1959,0.0614830479025841
pan,1960,0.064421221613884
pan,1961,0.0644252225756645
pan,1962,0.0669021904468536
pan,1963,0.0783568769693375
pan,1964,0.0863365978002548
pan,1965,0.0882294625043869
pan,1966,0.0895398035645485
pan,1967,0.0843269899487495
pan,1968,0.0837617740035057
pan,1969,0.0847615525126457
pan,1970,0.0836972370743752
pan,1971,0.074761301279068
pan,1972,0.0684664100408554
pan,1973,0.070355549454689
pan,1974,0.0866629853844643
pan,1975,0.102089367806911
pan,1976,0.0843971967697144
pan,1977,0.0889394581317902
pan,1978,0.0791637301445007
pan,1979,0.0833172202110291
pan,1980,0.094354122877121
pan,1981,0.0724653452634811
pan,1982,0.0730005949735642
pan,1983,0.0544294901192188
pan,1984,0.0461440272629261
pan,1985,0.0520944222807884
pan,1986,0.0489246845245361
pan,1987,0.0442839749157429
pan,1988,0.0390718169510365
pan,1989,0.0384788103401661
pan,1990,0.0400669313967228
pan,1991,0.0450587794184685
pan,1992,0.0442712418735027
pan,1993,0.0459445789456368
pan,1994,0.045375157147646
pan,1995,0.0478418171405792
pan,1996,0.0437711477279663
pan,1997,0.0485478192567825
pan,1998,0.05507592856884
pan,1999,0.0535782016813755
pan,2000,0.0575643479824066
pan,2001,0.0625635758042336
pan,2002,0.0546732321381569
pan,2003,0.0441641956567764
pan,2004,0.489122271537781
pan,2005,0.0400703363120556
pan,2006,0.292510747909546
pan,2007,0.314236789941788
pan,2008,0.291826575994492
pan,2009,0.31817814707756
pan,2010,0.293174028396606
pan,2011,0.319164514541626
pan,2012,0.015825217589736
pan,2013,0.0138044822961092
pan,2014,0.0115339169278741
pan,2015,0.175550207495689
pan,2016,0.158088833093643
pan,2017,0.126214057207108
pan,2018,0.132243692874908
pan,2019,0.13040392100811
pan,2020,0.124054677784443
pan,2021,0.151744171977043
pan,2022,0.180753260850906
pan,2023,0.157104417681694
per,1950,0.122995525598526
per,1951,0.119892776012421
per,1952,0.124106928706169
per,1953,0.122463926672935
per,1954,0.121707461774349
per,1955,0.118948481976986
per,1956,0.122837819159031
per,1957,0.115111775696278
per,1958,0.111966155469418
per,1959,0.123544253408909
per,1960,0.145105063915253
per,1961,0.154728651046753
per,1962,0.141814038157463
per,1963,0.128535017371178
per,1964,0.129527270793915
per,1965,0.119488880038261
per,1966,0.113769300282002
per,1967,0.109810717403889
per,1968,0.126703888177872
per,1969,0.107602953910828
per,1970,0.112828634679317
per,1971,0.0992914363741875
per,1972,0.0999370664358139
per,1973,0.0766339749097824
per,1974,0.0899045243859291
per,1975,0.0820059180259705
per,1976,0.0781036987900734
per,1977,0.0937925651669502
per,1978,0.106831237673759
per,1979,0.14043040573597
per,1980,0.108844012022018
per,1981,0.0778983905911446
per,1982,0.097019836306572
per,1983,0.0762385204434395
per,1984,0.088543251156807
per,1985,0.0996367409825325
per,1986,0.0480199120938778
per,1987,0.0474906750023365
per,1988,0.0513988398015499
per,1989,0.0677196085453033
per,1990,0.0812752619385719
per,1991,0.0627002045512199
per,1992,0.0799142643809319
per,1993,0.0719833746552467
per,1994,0.0781935155391693
per,1995,0.0806719586253166
per,1996,0.0815020799636841
per,1997,0.0923992395401001
per,1998,0.0854208394885063
per,1999,0.0912973955273628
per,2000,0.106350213289261
per,2001,0.108672633767128
per,2002,0.111137002706528
per,2003,0.113508194684982
per,2004,0.138705775141716
per,2005,0.164910808205605
per,2006,0.194172218441963
per,2007,0.192173153162003
per,2008,0.181723400950432
per,2009,0.162434786558151
per,2010,0.182343602180481
per,2011,0.208617478609085
per,2012,0.20381760597229
per,2013,0.1780965924263
per,2014,0.158841550350189
per,2015,0.152323603630066
per,2016,0.161224082112312
per,2017,0.187539532780647
per,2018,0.190450012683868
per,2019,0.17959126830101
per,2020,0.163382172584534
per,2021,0.173742055892944
per,2022,0.188899159431458
per,2023,0.188841298222542
phl,1950,0.114298850297928
phl,1951,0.138329923152924
phl,1952,0.138381004333496
phl,1953,0.115313775837421
phl,1954,0.112971961498261
phl,1955,0.115140542387962
phl,1956,0.0944930389523506
phl,1957,0.0908163711428642
phl,1958,0.0869306102395058
phl,1959,0.0757216438651085
phl,1960,0.0803728774189949
phl,1961,0.0766190066933632
phl,1962,0.0788576453924179
phl,1963,0.0906737595796585
phl,1964,0.0932683199644089
phl,1965,0.0986932888627052
phl,1966,0.10091558098793
phl,1967,0.0831949412822723
phl,1968,0.0682565495371819
phl,1969,0.0605142898857594
phl,1970,0.0687453299760819
phl,1971,0.0656905397772789
phl,1972,0.0698331892490387
phl,1973,0.0778259634971619
phl,1974,0.0712258219718933
phl,1975,0.0658390820026398
phl,1976,0.0694662854075432
phl,1977,0.0774291157722473
phl,1978,0.07608962059021
phl,1979,0.079849548637867
phl,1980,0.104649238288403
phl,1981,0.107401452958584
phl,1982,0.0883717089891434
phl,1983,0.0895643755793572
phl,1984,0.10020212829113
phl,1985,0.100075073540211
phl,1986,0.0909142270684242
phl,1987,0.0849586203694344
phl,1988,0.0884984433650971
phl,1989,0.087799109518528
phl,1990,0.0801118314266205
phl,1991,0.0794185847043991
phl,1992,0.0929118767380714
phl,1993,0.0964677482843399
phl,1994,0.109619230031967
phl,1995,0.111893735826015
phl,1996,0.120938003063202
phl,1997,0.151876032352448
phl,1998,0.139189690351486
phl,1999,0.165067777037621
phl,2000,0.188186094164848
phl,2001,0.175497174263001
phl,2002,0.179054826498032
phl,2003,0.181907549500465
phl,2004,0.183297246694565
phl,2005,0.1983412951231
phl,2006,0.215049177408218
phl,2007,0.20697309076786
phl,2008,0.181953355669975
phl,2009,0.160271778702736
phl,2010,0.180597975850105
phl,2011,0.159698471426964
phl,2012,0.160594835877419
phl,2013,0.156056687235832
phl,2014,0.159159183502197
phl,2015,0.168907046318054
phl,2016,0.161427453160286
phl,2017,0.170095935463905
phl,2018,0.168515890836716
phl,2019,0.162246152758598
phl,2020,0.150389924645424
phl,2021,0.160838648676872
phl,2022,0.177087754011154
phl,2023,0.161409214138985
pol,1970,0.00225222716107965
pol,1971,0.0023804847151041
pol,1972,0.00234747887589037
pol,1973,0.00303085474297404
pol,1974,0.00465277349576354
pol,1975,0.00474692042917013
pol,1976,0.00481814704835415
pol,1977,0.00474879378452897
pol,1978,0.00830209720879793
pol,1979,0.0616504140198231
pol,1980,0.162016540765762
pol,1981,0.133715093135834
pol,1982,0.113828904926777
pol,1983,0.115408726036549
pol,1984,0.116467088460922
pol,1985,0.109564766287804
pol,1986,0.0963389649987221
pol,1987,0.0872653275728226
pol,1988,0.0876403748989105
pol,1989,0.0807406231760979
pol,1990,0.0856044441461563
pol,1991,0.0829514712095261
pol,1992,0.0876878574490547
pol,1993,0.083442784845829
pol,1994,0.0922293439507484
pol,1995,0.104577735066414
pol,1996,0.102326333522797
pol,1997,0.105403751134872
pol,1998,0.116554193198681
pol,1999,0.107770837843418
pol,2000,0.123479299247265
pol,2001,0.141022205352783
pol,2002,0.15286847949028
pol,2003,0.181619018316269
pol,2004,0.221384540200233
pol,2005,0.258297681808472
pol,2006,0.289752393960953
pol,2007,0.308273464441299
pol,2008,0.331228375434876
pol,2009,0.262666523456574
pol,2010,0.276100397109985
pol,2011,0.285283625125885
pol,2012,0.278140962123871
pol,2013,0.308208763599396
pol,2014,0.312867134809494
pol,2015,0.292064934968948
pol,2016,0.29149118065834
pol,2017,0.306368082761765
pol,2018,0.334621578454971
pol,2019,0.308139592409134
pol,2020,0.306462854146957
pol,2021,0.33972641825676
pol,2022,0.371345281600952
pol,2023,0.366482436656952
prt,1950,0.102965705096722
prt,1951,0.104611538350582
prt,1952,0.0827118456363678
prt,1953,0.0733658894896507
prt,1954,0.080513522028923
prt,1955,0.0861309394240379
prt,1956,0.0885285437107086
prt,1957,0.0863437801599503
prt,1958,0.0867538005113602
prt,1959,0.0797996893525124
prt,1960,0.0817265436053276
prt,1961,0.0732327327132225
prt,1962,0.0784705206751823
prt,1963,0.0773918628692627
prt,1964,0.0989222005009651
prt,1965,0.0957251265645027
prt,1966,0.105096273124218
prt,1967,0.100199788808823
prt,1968,0.0900898203253746
prt,1969,0.0923423543572426
prt,1970,0.0846815779805183
prt,1971,0.0808624252676964
prt,1972,0.0815389305353165
prt,1973,0.0875492841005325
prt,1974,0.0855906680226326
prt,1975,0.0743359476327896
prt,1976,0.0734077468514442
prt,1977,0.0721676796674728
prt,1978,0.0756790265440941
prt,1979,0.0910460874438286
prt,1980,0.101813569664955
prt,1981,0.0936668217182159
prt,1982,0.0959220305085182
prt,1983,0.115203507244587
prt,1984,0.137142986059189
prt,1985,0.150734126567841
prt,1986,0.149161636829376
prt,1987,0.162656426429749
prt,1988,0.165520295500755
prt,1989,0.178440734744072
prt,1990,0.205661281943321
prt,1991,0.185311242938042
prt,1992,0.221941143274307
prt,1993,0.182554349303246
prt,1994,0.198595091700554
prt,1995,0.22539496421814
prt,1996,0.215234458446503
prt,1997,0.21227864921093
prt,1998,0.219940781593323
prt,1999,0.209823191165924
prt,2000,0.209704756736755
prt,2001,0.20906189084053
prt,2002,0.214982584118843
prt,2003,0.245233193039894
prt,2004,0.324366271495819
prt,2005,0.262818485498428
prt,2006,0.282787919044495
prt,2007,0.291612148284912
prt,2008,0.292129129171371
prt,2009,0.235088422894478
prt,2010,0.252180516719818
prt,2011,0.293080478906631
prt,2012,0.298059284687042
prt,2013,0.323838800191879
prt,2014,0.325152903795242
prt,2015,0.293987900018692
prt,2016,0.289819419384003
prt,2017,0.307775229215622
prt,2018,0.3519386947155
prt,2019,0.315146654844284
prt,2020,0.27687481045723
prt,2021,0.318592011928558
prt,2022,0.375511586666107
prt,2023,0.355227679014206
pry,1951,0.171215683221817
pry,1952,0.155254185199738
pry,1953,0.127921909093857
pry,1954,0.143018394708633
pry,1955,0.13420358300209
pry,1956,0.153109043836594
pry,1957,0.158292442560196
pry,1958,0.149969905614853
pry,1959,0.150943502783775
pry,1960,0.169531345367432
pry,1961,0.177566111087799
pry,1962,0.118784241378307
pry,1963,0.133371934294701
pry,1964,0.147206231951714
pry,1965,0.143823817372322
pry,1966,0.1170848980546
pry,1967,0.108320869505405
pry,1968,0.0947755426168442
pry,1969,0.0926839560270309
pry,1970,0.105257965624332
pry,1971,0.0963320657610893
pry,1972,0.111141532659531
pry,1973,0.114902310073376
pry,1974,0.13054583966732
pry,1975,0.130246475338936
pry,1976,0.0975448936223984
pry,1977,0.101620525121689
pry,1978,0.0860687717795372
pry,1979,0.151552647352219
pry,1980,0.104114197194576
pry,1981,0.0648024827241898
pry,1982,0.0653718486428261
pry,1983,0.056450791656971
pry,1984,0.0592380352318287
pry,1985,0.0496913380920887
pry,1986,0.035179577767849
pry,1987,0.0456266179680824
pry,1988,0.0592648908495903
pry,1989,0.111035458743572
pry,1990,0.0928454473614693
pry,1991,0.0590997152030468
pry,1992,0.0592311099171639
pry,1993,0.0615899376571178
pry,1994,0.0635566338896751
pry,1995,0.0611204765737057
pry,1996,0.067895695567131
pry,1997,0.0759678557515144
pry,1998,0.0717825666069984
pry,1999,0.0547566637396812
pry,2000,0.0688469707965851
pry,2001,0.0783268958330154
pry,2002,0.0584186166524887
pry,2003,0.0688523501157761
pry,2004,0.0721577405929565
pry,2005,0.0781667977571487
pry,2006,0.0787133276462555
pry,2007,0.102715335786343
pry,2008,0.12786203622818
pry,2009,0.0890696495771408
pry,2010,0.153404399752617
pry,2011,0.160940557718277
pry,2012,0.155933529138565
pry,2013,0.187942534685135
pry,2014,0.189262822270393
pry,2015,0.177138283848763
pry,2016,0.178328767418861
pry,2017,0.175571128726006
pry,2018,0.177232444286346
pry,2019,0.151908338069916
pry,2020,0.136710494756699
pry,2021,0.151378303766251
pry,2022,0.160961851477623
pry,2023,0.196755051612854
pse,1970,0.0527796894311905
pse,1971,0.0650899186730385
pse,1972,0.0646016299724579
pse,1973,0.0701477900147438
pse,1974,0.0838199108839035
pse,1975,0.10355818271637
pse,1976,0.100683607161045
pse,1977,0.103695936501026
pse,1978,0.0990967452526093
pse,1979,0.103030666708946
pse,1980,0.102136306464672
pse,1981,0.129446804523468
pse,1982,0.103062465786934
pse,1983,0.100929036736488
pse,1984,0.08686962723732
pse,1985,0.0807835012674332
pse,1986,0.065897062420845
pse,1987,0.0603147782385349
pse,1988,0.0630491375923157
pse,1989,0.0622967556118965
pse,1990,0.0598148927092552
pse,1991,0.0518089979887009
pse,1992,0.063350260257721
pse,1993,0.0609476342797279
pse,1994,0.0591502115130425
pse,1995,0.0659725219011307
pse,1996,0.0624770782887936
pse,1997,0.0677001029253006
pse,1998,0.0714053437113762
pse,1999,0.0700035691261292
pse,2000,0.0987561941146851
pse,2001,0.0771212428808212
pse,2002,0.0750078409910202
pse,2003,0.0732098370790482
pse,2004,0.0626134946942329
pse,2005,0.0630728602409363
pse,2006,0.064288392663002
pse,2007,0.0693993419408798
pse,2008,0.073811836540699
pse,2009,0.0686319172382355
pse,2010,0.0609898790717125
pse,2011,0.0683689713478088
pse,2012,0.0585430637001991
pse,2013,0.0585151985287666
pse,2014,0.00655765784904361
pse,2015,0.0562856756150723
pse,2016,0.049504280090332
pse,2017,0.0557521320879459
pse,2018,0.0580106973648071
pse,2019,0.0933075398206711
pse,2020,0.0854926183819771
pse,2021,0.112781457602978
pse,2022,0.126673892140389
pse,2023,0.128772899508476
qat,1970,0.756851255893707
qat,1971,0.906979501247406
qat,1972,0.391865164041519
qat,1973,0.41928505897522
qat,1974,1.13960742950439
qat,1975,0.817660868167877
qat,1976,0.829685688018799
qat,1977,0.680362284183502
qat,1978,0.721285581588745
qat,1979,0.788261353969574
qat,1980,0.874690473079681
qat,1981,0.817488074302673
qat,1982,0.71857225894928
qat,1983,0.56487387418747
qat,1984,0.837414741516113
qat,1985,0.671363711357117
qat,1986,0.549772679805756
qat,1987,0.482455015182495
qat,1988,0.477111130952835
qat,1989,0.50375097990036
qat,1990,0.616695940494537
qat,1991,0.47203141450882
qat,1992,0.648317158222199
qat,1993,0.595014095306397
qat,1994,0.578218162059784
qat,1995,0.590153336524963
qat,1996,0.57264369726181
qat,1997,0.652770936489105
qat,1998,0.662384748458862
qat,1999,0.718367755413055
qat,2000,0.604528486728668
qat,2001,0.702336251735687
qat,2002,0.529561221599579
qat,2003,0.58623880147934
qat,2004,0.605615079402924
qat,2005,0.599578320980072
qat,2006,0.546271920204163
qat,2007,0.517082750797272
qat,2008,0.597826182842255
qat,2009,0.507757067680359
qat,2010,0.588587880134583
qat,2011,0.622957944869995
qat,2012,0.668221056461334
qat,2013,0.637213468551636
qat,2014,0.642355740070343
qat,2015,0.514520943164825
qat,2016,0.409761846065521
qat,2017,0.440168738365173
qat,2018,0.506753206253052
qat,2019,0.453878700733185
qat,2020,0.478317379951477
qat,2021,0.509058713912964
qat,2022,0.490745663642883
qat,2023,0.413996428251267
rou,1960,0.00642320467159152
rou,1961,0.00632487563416362
rou,1962,0.00527692772448063
rou,1963,0.00692966533824801
rou,1964,0.00655354931950569
rou,1965,0.00706047797575593
rou,1966,0.00816165748983622
rou,1967,0.00930053740739822
rou,1968,0.00857793539762497
rou,1969,0.00834389310330153
rou,1970,0.00944767706096172
rou,1971,0.00937393866479397
rou,1972,0.0093669667840004
rou,1973,0.0440073609352112
rou,1974,0.0755862146615982
rou,1975,0.0798193216323853
rou,1976,0.0745155289769173
rou,1977,0.0636076778173447
rou,1978,0.0612667389214039
rou,1979,0.0895408987998962
rou,1980,0.0905913636088371
rou,1981,0.0753558427095413
rou,1982,0.045273445546627
rou,1983,0.0517627559602261
rou,1984,0.101650349795818
rou,1985,0.096793569624424
rou,1986,0.0879673287272453
rou,1987,0.086147166788578
rou,1988,0.0790978521108627
rou,1989,0.129874467849731
rou,1990,0.0707371756434441
rou,1991,0.050403356552124
rou,1992,0.0621186047792435
rou,1993,0.0676202103495598
rou,1994,0.0799946039915085
rou,1995,0.0876275151968002
rou,1996,0.0841149240732193
rou,1997,0.0976334810256958
rou,1998,0.107105255126953
rou,1999,0.110968634486198
rou,2000,0.136807650327683
rou,2001,0.139202654361725
rou,2002,0.158529371023178
rou,2003,0.182925820350647
rou,2004,0.198863297700882
rou,2005,0.221479833126068
rou,2006,0.214286848902702
rou,2007,0.210490688681602
rou,2008,0.198605805635452
rou,2009,0.173082500696182
rou,2010,0.204283595085144
rou,2011,0.228589192032814
rou,2012,0.208592757582665
rou,2013,0.241320997476578
rou,2014,0.243481040000916
rou,2015,0.217250868678093
rou,2016,0.219453617930412
rou,2017,0.215114012360573
rou,2018,0.226022318005562
rou,2019,0.210963532328606
rou,2020,0.194692716002464
rou,2021,0.223125994205475
rou,2022,0.253466606140137
rou,2023,0.230799242854118
rus,1990,0.125654399394989
rus,1991,0.289750158786774
rus,1992,0.325278073549271
rus,1993,0.200716599822044
rus,1994,0.147359162569046
rus,1995,0.144429847598076
rus,1996,0.136781513690949
rus,1997,0.136603832244873
rus,1998,0.137450680136681
rus,1999,0.149114072322845
rus,2000,0.192728072404861
rus,2001,0.177879139780998
rus,2002,0.181209415197372
rus,2003,0.19708414375782
rus,2004,0.217702746391296
rus,2005,0.246887311339378
rus,2006,0.247060135006905
rus,2007,0.227317914366722
rus,2008,0.241543471813202
rus,2009,0.195570692420006
rus,2010,0.213945910334587
rus,2011,0.231193572282791
rus,2012,0.217658057808876
rus,2013,0.216937497258186
rus,2014,0.206841766834259
rus,2015,0.172208949923515
rus,2016,0.153758764266968
rus,2017,0.175188735127449
rus,2018,0.192461714148521
rus,2019,0.176797464489937
rus,2020,0.161923140287399
rus,2021,0.170349285006523
rus,2022,0.159342259168625
rus,2023,0.11951868981123
rwa,1960,0.00131463329307735
rwa,1961,0.00118125323206186
rwa,1962,0.000933410366997123
rwa,1963,0.000623781292233616
rwa,1964,0.000400599907152355
rwa,1965,0.00203769071958959
rwa,1966,0.0181155018508434
rwa,1967,0.0149809503927827
rwa,1968,0.0122603820636868
rwa,1969,0.0129703646525741
rwa,1970,0.0169417355209589
rwa,1971,0.0387656390666962
rwa,1972,0.0212748926132917
rwa,1973,0.0229558516293764
rwa,1974,0.0870468616485596
rwa,1975,0.0631838589906693
rwa,1976,0.0910676345229149
rwa,1977,0.0516938157379627
rwa,1978,0.0633570477366447
rwa,1979,0.0610376037657261
rwa,1980,0.0658976882696152
rwa,1981,0.0528391152620316
rwa,1982,0.036756981164217
rwa,1983,0.0419184342026711
rwa,1984,0.0543851293623447
rwa,1985,0.0467838831245899
rwa,1986,0.055035125464201
rwa,1987,0.0385476090013981
rwa,1988,0.0441109947860241
rwa,1989,0.0288047175854445
rwa,1990,0.0347305051982403
rwa,1991,0.0297626759856939
rwa,1992,0.0264166723936796
rwa,1993,0.0256941150873899
rwa,1994,0.0288012847304344
rwa,1995,0.0234661772847176
rwa,1996,0.00397926103323698
rwa,1997,0.0180405974388123
rwa,1998,0.0119159612804651
rwa,1999,0.0163523647934198
rwa,2000,0.0212584920227528
rwa,2001,0.0510296635329723
rwa,2002,0.0139140188694
rwa,2003,0.0126895671710372
rwa,2004,0.0229673311114311
rwa,2005,0.022374851629138
rwa,2006,0.0189938731491566
rwa,2007,0.0211885832250118
rwa,2008,0.040494479238987
rwa,2009,0.0256327763199806
rwa,2010,0.0222235750406981
rwa,2011,0.032409280538559
rwa,2012,0.0399669222533703
rwa,2013,0.0449477881193161
rwa,2014,0.0457441695034504
rwa,2015,0.0417464785277844
rwa,2016,0.0419829115271568
rwa,2017,0.0599565431475639
rwa,2018,0.0546355955302715
rwa,2019,0.0632719844579697
rwa,2020,0.0572893507778645
rwa,2021,0.0556563250720501
rwa,2022,0.0704799219965935
rwa,2023,0.0771195217967033
sau,1970,0.360113769769669
sau,1971,0.44628033041954
sau,1972,0.476873278617859
sau,1973,0.543123006820679
sau,1974,0.74495393037796
sau,1975,0.635225832462311
sau,1976,0.571869969367981
sau,1977,0.550202310085297
sau,1978,0.496300607919693
sau,1979,0.617312729358673
sau,1980,0.72835510969162
sau,1981,0.722001552581787
sau,1982,0.581007182598114
sau,1983,0.355903565883637
sau,1984,0.404843032360077
sau,1985,0.311312824487686
sau,1986,0.27323192358017
sau,1987,0.30248498916626
sau,1988,0.215168952941895
sau,1989,0.246173828840256
sau,1990,0.367843091487885
sau,1991,0.255298942327499
sau,1992,0.419796675443649
sau,1993,0.312687546014786
sau,1994,0.307589560747147
sau,1995,0.32787150144577
sau,1996,0.359764665365219
sau,1997,0.3888099193573
sau,1998,0.298047780990601
sau,1999,0.350430339574814
sau,2000,0.438398718833923
sau,2001,0.39757975935936
sau,2002,0.403242379426956
sau,2003,0.443102478981018
sau,2004,0.487699866294861
sau,2005,0.542190372943878
sau,2006,0.52825391292572
sau,2007,0.495945394039154
sau,2008,0.479045867919922
sau,2009,0.359495908021927
sau,2010,0.363675385713577
sau,2011,0.394019275903702
sau,2012,0.39155188202858
sau,2013,0.367332190275192
sau,2014,0.26900315284729
sau,2015,0.231190875172615
sau,2016,0.228590607643127
sau,2017,0.252971202135086
sau,2018,0.312521517276764
sau,2019,0.278408378362656
sau,2020,0.251393526792526
sau,2021,0.281760931015015
sau,2022,0.330637067556381
sau,2023,0.30164098739624
sdn,1970,0.0230610016733408
sdn,1971,0.0185489244759083
sdn,1972,0.0194465983659029
sdn,1973,0.0196605250239372
sdn,1974,0.0151520660147071
sdn,1975,0.0151080777868629
sdn,1976,0.0147689776495099
sdn,1977,0.0113531453534961
sdn,1978,0.00919189210981131
sdn,1979,0.011910954490304
sdn,1980,0.0138312755152583
sdn,1981,0.0107024349272251
sdn,1982,0.0104471910744905
sdn,1983,0.0104479715228081
sdn,1984,0.00659181410446763
sdn,1985,0.00443241745233536
sdn,1986,0.00485605793073773
sdn,1987,0.00532200140878558
sdn,1988,0.00457097264006734
sdn,1989,0.00255049904808402
sdn,1990,0.00315220840275288
sdn,1991,0.00336569827049971
sdn,1992,0.00459726573899388
sdn,1993,0.00467472989112139
sdn,1994,0.00421614479273558
sdn,1995,0.00461101904511452
sdn,1996,0.00328732305206358
sdn,1997,0.00348221720196307
sdn,1998,0.00339947105385363
sdn,1999,0.00583761837333441
sdn,2000,0.0134969251230359
sdn,2001,0.0122589515522122
sdn,2002,0.0154290972277522
sdn,2003,0.0176078137010336
sdn,2004,0.0230193603783846
sdn,2005,0.0229839328676462
sdn,2006,0.020692614838481
sdn,2007,0.0300481487065554
sdn,2008,0.0367902703583241
sdn,2009,0.01611009798944
sdn,2010,0.0237447917461395
sdn,2011,0.0846704319119453
sdn,2012,0.0290279909968376
sdn,2013,0.0625566616654396
sdn,2014,0.0370826832950115
sdn,2015,0.0363753773272038
sdn,2016,0.0214038714766502
sdn,2017,0.02483094856143
sdn,2018,0.0169099383056164
sdn,2019,0.0227929446846247
sdn,2020,0.0250329673290253
sdn,2021,0.0459834150969982
sdn,2022,0.0552863664925098
sdn,2023,0.0406281314790249
sen,1960,0.121511019766331
sen,1961,0.156007781624794
sen,1962,0.153817564249039
sen,1963,0.122009716928005
sen,1964,0.135340377688408
sen,1965,0.137346312403679
sen,1966,0.152514070272446
sen,1967,0.142899006605148
sen,1968,0.132551029324532
sen,1969,0.112357378005981
sen,1970,0.128223702311516
sen,1971,0.0847892016172409
sen,1972,0.115611262619495
sen,1973,0.0933682695031166
sen,1974,0.120335467159748
sen,1975,0.131086349487305
sen,1976,0.146393537521362
sen,1977,0.16411617398262
sen,1978,0.0942951589822769
sen,1979,0.105028621852398
sen,1980,0.0874780640006065
sen,1981,0.101730696856976
sen,1982,0.0667162612080574
sen,1983,0.0740045383572578
sen,1984,0.0636159330606461
sen,1985,0.0481108911335468
sen,1986,0.0755481496453285
sen,1987,0.0649899244308472
sen,1988,0.0581198781728745
sen,1989,0.0736578032374382
sen,1990,0.0722762420773506
sen,1991,0.0573161169886589
sen,1992,0.0668015107512474
sen,1993,0.057591799646616
sen,1994,0.0404689200222492
sen,1995,0.0439306758344173
sen,1996,0.0292893163859844
sen,1997,0.0259890016168356
sen,1998,0.0423672385513783
sen,1999,0.0367495566606522
sen,2000,0.0574653223156929
sen,2001,0.0618910603225231
sen,2002,0.0560604222118855
sen,2003,0.0772817879915237
sen,2004,0.0827740654349327
sen,2005,0.0822602957487106
sen,2006,0.0800908356904984
sen,2007,0.0726009979844093
sen,2008,0.0959600657224655
sen,2009,0.0856527611613274
sen,2010,0.0859438925981522
sen,2011,0.0970851108431816
sen,2012,0.0945596471428871
sen,2013,0.0974294319748879
sen,2014,0.0977300181984901
sen,2015,0.0953331664204598
sen,2016,0.0932557359337807
sen,2017,0.099272146821022
sen,2018,0.11097476631403
sen,2019,0.123710818588734
sen,2020,0.104165621101856
sen,2021,0.125839069485664
sen,2022,0.134137213230133
sen,2023,0.112927533686161
sgp,1960,3.15131425857544
sgp,1961,2.42877650260925
sgp,1962,1.85381317138672
sgp,1963,1.59479105472565
sgp,1964,1.18759143352509
sgp,1965,1.14680325984955
sgp,1966,1.15217578411102
sgp,1967,0.991552889347076
sgp,1968,1.02442753314972
sgp,1969,0.992024302482605
sgp,1970,0.805358529090881
sgp,1971,0.768547773361206
sgp,1972,0.764846205711365
sgp,1973,0.933800637722015
sgp,1974,1.17242527008057
sgp,1975,0.991646230220795
sgp,1976,1.05142974853516
sgp,1977,1.17681837081909
sgp,1978,1.14631164073944
sgp,1979,1.36086368560791
sgp,1980,1.69540047645569
sgp,1981,1.76382398605347
sgp,1982,1.56421041488647
sgp,1983,1.47420692443848
sgp,1984,1.52020645141602
sgp,1985,1.40470147132874
sgp,1986,1.20281720161438
sgp,1987,1.24004793167114
sgp,1988,1.42848598957062
sgp,1989,1.52770125865936
sgp,1990,1.60613143444061
sgp,1991,1.69371700286865
sgp,1992,1.88111805915833
sgp,1993,2.3410439491272
sgp,1994,2.69252252578735
sgp,1995,2.7570173740387
sgp,1996,2.44528198242188
sgp,1997,2.17308664321899
sgp,1998,1.70627629756928
sgp,1999,1.72551250457764
sgp,2000,1.56742238998413
sgp,2001,1.51070582866669
sgp,2002,1.37341690063477
sgp,2003,1.8187917470932
sgp,2004,1.81440198421478
sgp,2005,1.72758901119232
sgp,2006,1.59748578071594
sgp,2007,1.46816539764404
sgp,2008,1.76845967769623
sgp,2009,1.40546762943268
sgp,2010,1.45125043392181
sgp,2011,1.54488623142242
sgp,2012,1.53060746192932
sgp,2013,1.522580742836
sgp,2014,1.38736641407013
sgp,2015,1.25556921958923
sgp,2016,1.16294264793396
sgp,2017,1.17901873588562
sgp,2018,1.22933423519135
sgp,2019,1.16935575008392
sgp,2020,1.19895339012146
sgp,2021,1.2413763999939
sgp,2022,1.2787446975708
sgp,2023,1.28607630729675
sle,1961,0.580945551395416
sle,1962,0.458539932966232
sle,1963,0.376713246107101
sle,1964,0.3624147772789
sle,1965,0.354161739349365
sle,1966,0.336821466684341
sle,1967,0.305727064609528
sle,1968,0.378645032644272
sle,1969,0.372845470905304
sle,1970,0.28774219751358
sle,1971,0.264670580625534
sle,1972,0.247904151678085
sle,1973,0.253835827112198
sle,1974,0.274944573640823
sle,1975,0.245175823569298
sle,1976,0.219195291399956
sle,1977,0.22042328119278
sle,1978,0.223891943693161
sle,1979,0.238891869783402
sle,1980,0.269216686487198
sle,1981,0.211350709199905
sle,1982,0.132725834846497
sle,1983,0.110495410859585
sle,1984,0.102393604815006
sle,1985,0.0871892422437668
sle,1986,0.0608132407069206
sle,1987,0.0500771068036556
sle,1988,0.0700983107089996
sle,1989,0.0734879970550537
sle,1990,0.0591363832354546
sle,1991,0.0648813545703888
sle,1992,0.065747357904911
sle,1993,0.0644686073064804
sle,1994,0.0939136520028114
sle,1995,0.0509089976549149
sle,1996,0.057341180741787
sle,1997,0.0518626943230629
sle,1998,0.0624285861849785
sle,1999,0.0543457679450512
sle,2000,0.0632356479763985
sle,2001,0.0359315499663353
sle,2002,0.0372759476304054
sle,2003,0.061200600117445
sle,2004,0.0704759508371353
sle,2005,0.0897231623530388
sle,2006,0.0895877331495285
sle,2007,0.082536555826664
sle,2008,0.069307379424572
sle,2009,0.0667746514081955
sle,2010,0.081900492310524
sle,2011,0.0739825442433357
sle,2012,0.179806441068649
sle,2013,0.160898134112358
sle,2014,0.17623345553875
sle,2015,0.102933339774609
sle,2016,0.105226181447506
sle,2017,0.0918911546468735
sle,2018,0.0585017316043377
sle,2019,0.0526900924742222
sle,2020,0.0521965324878693
sle,2021,0.0909045115113258
sle,2022,0.100059315562248
sle,2023,0.0964799970388413
slv,1950,0.232380196452141
slv,1951,0.232740744948387
slv,1952,0.214785203337669
slv,1953,0.197209134697914
slv,1954,0.180684819817543
slv,1955,0.196195721626282
slv,1956,0.202772855758667
slv,1957,0.206746831536293
slv,1958,0.206336170434952
slv,1959,0.215883255004883
slv,1960,0.211321547627449
slv,1961,0.224657878279686
slv,1962,0.237736329436302
slv,1963,0.257299542427063
slv,1964,0.256245255470276
slv,1965,0.242326661944389
slv,1966,0.224795654416084
slv,1967,0.237946674227715
slv,1968,0.248250856995583
slv,1969,0.225641995668411
slv,1970,0.201854705810547
slv,1971,0.209115996956825
slv,1972,0.233019649982452
slv,1973,0.222278937697411
slv,1974,0.255364656448364
slv,1975,0.262875914573669
slv,1976,0.229196891188622
slv,1977,0.195202529430389
slv,1978,0.214143425226212
slv,1979,0.298726677894592
slv,1980,0.281451940536499
slv,1981,0.242101103067398
slv,1982,0.20130580663681
slv,1983,0.237703055143356
slv,1984,0.219925597310066
slv,1985,0.258591443300247
slv,1986,0.164728075265884
slv,1987,0.128077462315559
slv,1988,0.113177292048931
slv,1989,0.110048353672028
slv,1990,0.124775789678097
slv,1991,0.116734176874161
slv,1992,0.117036908864975
slv,1993,0.14693883061409
slv,1994,0.161060005426407
slv,1995,0.180182993412018
slv,1996,0.179509922862053
slv,1997,0.23423145711422
slv,1998,0.237657979130745
slv,1999,0.244574546813965
slv,2000,0.287815928459168
slv,2001,0.278766483068466
slv,2002,0.271048218011856
slv,2003,0.258076280355454
slv,2004,0.241355746984482
slv,2005,0.232085570693016
slv,2006,0.225476950407028
slv,2007,0.200332880020142
slv,2008,0.193636521697044
slv,2009,0.173672556877136
slv,2010,0.191706284880638
slv,2011,0.200811833143234
slv,2012,0.217528775334358
slv,2013,0.221506834030151
slv,2014,0.21567165851593
slv,2015,0.238213464617729
slv,2016,0.232539191842079
slv,2017,0.227747470140457
slv,2018,0.222087055444717
slv,2019,0.230759158730507
slv,2020,0.181658074259758
slv,2021,0.218275681138039
slv,2022,0.24926184117794
slv,2023,0.239744111895561
som,1970,0.0253266710788012
som,1971,0.0277186837047339
som,1972,0.0409748554229736
som,1973,0.0315424911677837
som,1974,0.0279537048190832
som,1975,0.0240065474063158
som,1976,0.0290541853755713
som,1977,0.0204469989985228
som,1978,0.0182644296437502
som,1979,0.0181544031947851
som,1980,0.021787378937006
som,1981,0.0190459880977869
som,1982,0.0156379826366901
som,1983,0.0178275797516108
som,1984,0.0132945571094751
som,1985,0.0291348267346621
som,1986,0.0349748656153679
som,1987,0.0359773859381676
som,1988,0.0216081384569407
som,1989,0.0130112562328577
som,1990,0.00742845516651869
som,1991,0.00336730061098933
som,1992,0.00451385276392102
som,1993,0.00561672309413552
som,1994,0.00858930964022875
som,1995,0.00992614403367043
som,1996,0.0128906928002834
som,1997,0.0190225932747126
som,1998,0.0268289167433977
som,1999,0.0339045599102974
som,2000,0.0440904423594475
som,2001,0.0327467173337936
som,2002,0.0322353020310402
som,2003,0.0350285097956657
som,2004,0.0486785769462585
som,2005,0.0821511372923851
som,2006,0.0927992835640907
som,2007,0.0975228995084763
som,2008,0.1199916228652
som,2009,0.0593840219080448
som,2010,0.0564301796257496
som,2011,0.0644573494791985
som,2012,0.116038732230663
som,2013,0.130645647644997
som,2014,0.118913002312183
som,2015,0.104904852807522
som,2016,0.0932879522442818
som,2017,0.0775661766529083
som,2018,0.0825922712683678
som,2019,0.0781435891985893
som,2020,0.0805180221796036
som,2021,0.100318372249603
som,2022,0.121012583374977
som,2023,0.125433713197708
srb,1990,0.0351458229124546
srb,1991,0.0342932492494583
srb,1992,0.0338349044322968
srb,1993,0.0356479771435261
srb,1994,0.0383905954658985
srb,1995,0.0199565552175045
srb,1996,0.0504781566560268
srb,1997,0.0569525510072708
srb,1998,0.0721656903624535
srb,1999,0.0260996017605066
srb,2000,0.0176636688411236
srb,2001,0.0574673339724541
srb,2002,0.0660180374979973
srb,2003,0.085014782845974
srb,2004,0.0935307443141937
srb,2005,0.107182875275612
srb,2006,0.136281132698059
srb,2007,0.167066782712936
srb,2008,0.17142228782177
srb,2009,0.138186082243919
srb,2010,0.158605560660362
srb,2011,0.165464103221893
srb,2012,0.156941801309586
srb,2013,0.200259804725647
srb,2014,0.205121338367462
srb,2015,0.20018994808197
srb,2016,0.21867960691452
srb,2017,0.238113850355148
srb,2018,0.257338583469391
srb,2019,0.254789352416992
srb,2020,0.249438807368279
srb,2021,0.302333444356918
srb,2022,0.376153349876404
srb,2023,0.347432672977448
ssd,2008,0.628617465496063
ssd,2009,0.688168942928314
ssd,2010,0.621343314647675
ssd,2011,0.594292461872101
ssd,2012,0.118491277098656
ssd,2013,0.30239275097847
ssd,2014,0.477173775434494
ssd,2015,1.03323650360107
ssd,2016,0.620723605155945
ssd,2017,0.607933402061462
ssd,2018,0.408431947231293
ssd,2019,0.343735873699188
ssd,2020,0.33649218082428
ssd,2021,0.334843158721924
ssd,2022,0.336628139019012
ssd,2023,0.435093730688095
stp,1970,0.0523095764219761
stp,1971,0.0414225906133652
stp,1972,0.0418754331767559
stp,1973,0.0575636252760887
stp,1974,0.0804436430335045
stp,1975,0.0389610715210438
stp,1976,0.0420578494668007
stp,1977,0.0655539929866791
stp,1978,0.0731128826737404
stp,1979,0.084331825375557
stp,1980,0.0796105861663818
stp,1981,0.0780187472701073
stp,1982,0.0750845596194267
stp,1983,0.0692935213446617
stp,1984,0.095166839659214
stp,1985,0.0579495765268803
stp,1986,0.0663028731942177
stp,1987,0.0595156624913216
stp,1988,0.0976084098219872
stp,1989,0.0741527825593948
stp,1990,0.0514662899076939
stp,1991,0.0582001581788063
stp,1992,0.0583445988595486
stp,1993,0.0752261877059937
stp,1994,0.108365081250668
stp,1995,0.0796643272042275
stp,1996,0.0858824849128723
stp,1997,0.16825795173645
stp,1998,0.114958979189396
stp,1999,0.0187895577400923
stp,2000,0.0218577571213245
stp,2001,0.0160998813807964
stp,2002,0.0330380126833916
stp,2003,0.0391209274530411
stp,2004,0.0168349854648113
stp,2005,0.0160679202526808
stp,2006,0.0131127089262009
stp,2007,0.0231576859951019
stp,2008,0.0329337082803249
stp,2009,0.0240404680371285
stp,2010,0.0166471134871244
stp,2011,0.0245197582989931
stp,2012,0.01202576700598
stp,2013,0.0122229484841228
stp,2014,0.0166774746030569
stp,2015,0.0165519639849663
stp,2016,0.0209354404360056
stp,2017,0.0191493779420853
stp,2018,0.0179470740258694
stp,2019,0.0119527606293559
stp,2020,0.00545538309961557
stp,2021,0.00801703985780478
stp,2022,0.00990487076342106
stp,2023,0.00807642191648483
sur,1970,0.495662808418274
sur,1971,0.529002249240875
sur,1972,0.292076885700226
sur,1973,0.473170936107636
sur,1974,0.620705127716065
sur,1975,0.638191878795624
sur,1976,0.670612692832947
sur,1977,0.601101398468018
sur,1978,0.574212491512299
sur,1979,0.628143429756165
sur,1980,0.736368358135223
sur,1981,0.6092649102211
sur,1982,0.432732343673706
sur,1983,0.408746302127838
sur,1984,0.367395997047424
sur,1985,0.3244808614254
sur,1986,0.315444648265839
sur,1987,0.338094294071198
sur,1988,0.334280103445053
sur,1989,0.162128821015358
sur,1990,0.0889178141951561
sur,1991,0.0545530803501606
sur,1992,0.0471467152237892
sur,1993,0.0220536608248949
sur,1994,0.740478336811066
sur,1995,0.343316912651062
sur,1996,0.253037840127945
sur,1997,0.305984556674957
sur,1998,0.27239203453064
sur,1999,0.243163853883743
sur,2000,0.303359597921371
sur,2001,0.227620646357536
sur,2002,0.26159343123436
sur,2003,0.280362159013748
sur,2004,0.325638771057129
sur,2005,0.370260417461395
sur,2006,0.389471828937531
sur,2007,0.393279284238815
sur,2008,0.421164602041245
sur,2009,0.328506350517273
sur,2010,0.434450149536133
sur,2011,0.459809958934784
sur,2012,0.410221964120865
sur,2013,0.343196719884872
sur,2014,0.288122922182083
sur,2015,0.316568434238434
sur,2016,0.259244233369827
sur,2017,0.262265712022781
sur,2018,0.25569811463356
sur,2019,0.226863712072372
sur,2020,0.280055344104767
sur,2021,0.209519177675247
sur,2022,0.232395455241203
sur,2023,0.220922291278839
svk,1990,0.0491601452231407
svk,1991,0.0761348381638527
svk,1992,0.136147707700729
svk,1993,0.132827535271645
svk,1994,0.188701942563057
svk,1995,0.203736633062363
svk,1996,0.172781497240067
svk,1997,0.22638726234436
svk,1998,0.262605100870132
svk,1999,0.262760788202286
svk,2000,0.315571159124374
svk,2001,0.319399774074554
svk,2002,0.339588224887848
svk,2003,0.461751192808151
svk,2004,0.530122816562653
svk,2005,0.555207908153534
svk,2006,0.65111380815506
svk,2007,0.740464806556702
svk,2008,0.77647739648819
svk,2009,0.651971161365509
svk,2010,0.695205926895142
svk,2011,0.785514950752258
svk,2012,0.819449543952942
svk,2013,0.880428969860077
svk,2014,0.835107564926148
svk,2015,0.759909152984619
svk,2016,0.814523279666901
svk,2017,0.863288879394531
svk,2018,0.936797201633453
svk,2019,0.971356272697449
svk,2020,0.808495998382568
svk,2021,0.918103277683258
svk,2022,1.02627873420715
svk,2023,0.936282932758331
svn,1990,0.561700224876404
svn,1991,0.458846837282181
svn,1992,0.40106537938118
svn,1993,0.335355788469315
svn,1994,0.342385560274124
svn,1995,0.361870765686035
svn,1996,0.350491374731064
svn,1997,0.361695110797882
svn,1998,0.411601006984711
svn,1999,0.380429327487946
svn,2000,0.400326102972031
svn,2001,0.425622463226318
svn,2002,0.454459577798843
svn,2003,0.508049428462982
svn,2004,0.564240634441376
svn,2005,0.607920169830322
svn,2006,0.675935328006744
svn,2007,0.747156083583832
svn,2008,0.705098032951355
svn,2009,0.607668340206146
svn,2010,0.653092503547669
svn,2011,0.708243548870087
svn,2012,0.693482756614685
svn,2013,0.717748105525971
svn,2014,0.741142570972443
svn,2015,0.688419759273529
svn,2016,0.696193873882294
svn,2017,0.756596446037293
svn,2018,0.77806556224823
svn,2019,0.793384432792664
svn,2020,0.731126248836517
svn,2021,0.83217465877533
svn,2022,0.937329769134522
svn,2023,0.839729428291321
swe,1950,0.189026206731796
swe,1951,0.213570073246956
swe,1952,0.185092508792877
swe,1953,0.175252735614777
swe,1954,0.182012021541595
swe,1955,0.185427382588387
swe,1956,0.194344937801361
swe,1957,0.205511465668678
swe,1958,0.1922976821661
swe,1959,0.191219910979271
swe,1960,0.212978020310402
swe,1961,0.204319566488266
swe,1962,0.201270535588264
swe,1963,0.220304802060127
swe,1964,0.229907989501953
swe,1965,0.228652089834213
swe,1966,0.224174678325653
swe,1967,0.229086741805077
swe,1968,0.23694933950901
swe,1969,0.246362403035164
swe,1970,0.248290032148361
swe,1971,0.24399434030056
swe,1972,0.255988627672195
swe,1973,0.291711628437042
swe,1974,0.33636862039566
swe,1975,0.291610985994339
swe,1976,0.293376207351685
swe,1977,0.296033143997192
swe,1978,0.307779908180237
swe,1979,0.32897824048996
swe,1980,0.336506634950638
swe,1981,0.330362647771835
swe,1982,0.32824170589447
swe,1983,0.351764917373657
swe,1984,0.359721183776855
swe,1985,0.370382487773895
swe,1986,0.363768756389618
swe,1987,0.380506455898285
swe,1988,0.384708404541016
swe,1989,0.379958182573319
swe,1990,0.398817002773285
swe,1991,0.356797695159912
swe,1992,0.4029521048069
swe,1993,0.37468346953392
swe,1994,0.415763944387436
swe,1995,0.45084136724472
swe,1996,0.473662525415421
swe,1997,0.465988576412201
swe,1998,0.488666951656342
swe,1999,0.422759830951691
swe,2000,0.483087241649628
swe,2001,0.444192707538605
swe,2002,0.468589007854462
swe,2003,0.51713490486145
swe,2004,0.564014673233032
swe,2005,0.60622775554657
swe,2006,0.631539762020111
swe,2007,0.628106594085693
swe,2008,0.627359747886658
swe,2009,0.500420153141022
swe,2010,0.563013195991516
swe,2011,0.588472962379456
swe,2012,0.553031742572784
swe,2013,0.523414194583893
swe,2014,0.509123206138611
swe,2015,0.449133634567261
swe,2016,0.442150175571442
swe,2017,0.45390996336937
swe,2018,0.470889270305634
swe,2019,0.450765401124954
swe,2020,0.424864441156387
swe,2021,0.480005115270615
swe,2022,0.543762803077698
swe,2023,0.528765678405762
swz,1970,0.542406380176544
swz,1971,0.51061475276947
swz,1972,0.425013601779938
swz,1973,0.489387601613998
swz,1974,0.661510944366455
swz,1975,0.556649148464203
swz,1976,0.511929214000702
swz,1977,0.483341336250305
swz,1978,0.458203047513962
swz,1979,0.485550582408905
swz,1980,0.516037046909332
swz,1981,0.535984754562378
swz,1982,0.412717491388321
swz,1983,0.386035352945328
swz,1984,0.315920472145081
swz,1985,0.210270956158638
swz,1986,0.19317401945591
swz,1987,0.20192514359951
swz,1988,0.209176361560822
swz,1989,0.21489243209362
swz,1990,0.182611152529717
swz,1991,0.170022249221802
swz,1992,0.179868310689926
swz,1993,0.177910506725311
swz,1994,0.200405061244965
swz,1995,0.167322158813477
swz,1996,0.141809269785881
swz,1997,0.180898010730743
swz,1998,0.203662931919098
swz,1999,0.199816450476646
swz,2000,0.228020891547203
swz,2001,0.209155604243279
swz,2002,0.312662750482559
swz,2003,0.447745025157928
swz,2004,0.528953671455383
swz,2005,0.274401545524597
swz,2006,0.305424511432648
swz,2007,0.205506563186646
swz,2008,0.159348919987679
swz,2009,0.154834792017937
swz,2010,0.143702939152718
swz,2011,0.1179324015975
swz,2012,0.14634770154953
swz,2013,0.298062115907669
swz,2014,0.301360070705414
swz,2015,0.296135157346725
swz,2016,0.294237643480301
swz,2017,0.305391758680344
swz,2018,0.309646993875504
swz,2019,0.355082154273987
swz,2020,0.350592434406281
swz,2021,0.398732483386993
swz,2022,0.413900047540665
swz,2023,0.437215447425842
sxm,2005,0.0459406450390816
sxm,2006,0.0353416092693806
sxm,2007,0.0365410149097443
sxm,2008,0.0317619517445564
sxm,2009,0.0319518111646175
sxm,2010,0.035984992980957
sxm,2011,0.0407094098627567
sxm,2012,0.159280598163605
sxm,2013,0.198603600263596
sxm,2014,0.122398301959038
sxm,2015,0.327985942363739
sxm,2016,0.188223719596863
sxm,2017,0.12887342274189
sxm,2018,0.0837042406201363
sxm,2019,0.0873918309807777
sxm,2020,0.0439562536776066
sxm,2021,0.0685669332742691
sxm,2022,0.0799438431859016
sxm,2023,0.0635840222239494
syc,1960,0.0856652110815048
syc,1961,0.0819038897752762
syc,1962,0.0681812390685082
syc,1963,0.0641142651438713
syc,1964,0.0668768882751465
syc,1965,0.0713604614138603
syc,1966,0.0669621825218201
syc,1967,0.0637038871645927
syc,1968,0.0677838772535324
syc,1969,0.0598103292286396
syc,1970,0.0613291263580322
syc,1971,0.0107081243768334
syc,1972,0.00938304048031569
syc,1973,0.0118147386237979
syc,1974,0.016910245642066
syc,1975,0.0087586035951972
syc,1976,0.0355794169008732
syc,1977,0.0264431275427341
syc,1978,0.00830928701907396
syc,1979,0.01015071477741
syc,1980,0.0178488213568926
syc,1981,0.0149513389915228
syc,1982,0.0627543777227402
syc,1983,0.0702069699764252
syc,1984,0.0836294814944267
syc,1985,0.0943744853138924
syc,1986,0.0564870648086071
syc,1987,0.0551690384745598
syc,1988,0.0688736066222191
syc,1989,0.0598071850836277
syc,1990,0.0892631858587265
syc,1991,0.0799411907792091
syc,1992,0.0871003046631813
syc,1993,0.0749623104929924
syc,1994,0.0705139189958572
syc,1995,0.07042046636343
syc,1996,0.190128535032272
syc,1997,0.14038972556591
syc,1998,0.161128550767899
syc,1999,0.192868068814278
syc,2000,0.246128663420677
syc,2001,0.314131051301956
syc,2002,0.302585005760193
syc,2003,0.333255171775818
syc,2004,0.421273976564407
syc,2005,0.360839068889618
syc,2006,0.335115134716034
syc,2007,0.241022706031799
syc,2008,0.334089696407318
syc,2009,0.310217171907425
syc,2010,0.324508041143417
syc,2011,0.264793395996094
syc,2012,0.311270862817764
syc,2013,0.377798110246658
syc,2014,0.34126690030098
syc,2015,0.323446869850159
syc,2016,0.313782542943954
syc,2017,0.351568102836609
syc,2018,0.442804545164108
syc,2019,0.42099916934967
syc,2020,0.352332800626755
syc,2021,0.613538801670075
syc,2022,0.793251574039459
syc,2023,0.633342266082764
syr,1960,0.374792724847794
syr,1961,0.290704995393753
syr,1962,0.320803463459015
syr,1963,0.414232194423676
syr,1964,0.23755319416523
syr,1965,0.212340906262398
syr,1966,0.206310838460922
syr,1967,0.179196178913116
syr,1968,0.195866525173187
syr,1969,0.138770237565041
syr,1970,0.128113597631454
syr,1971,0.106580041348934
syr,1972,0.0731203630566597
syr,1973,0.0956295058131218
syr,1974,0.153294563293457
syr,1975,0.160181328654289
syr,1976,0.171196430921555
syr,1977,0.212900817394257
syr,1978,0.214552789926529
syr,1979,0.329067915678024
syr,1980,0.350540041923523
syr,1981,0.307641893625259
syr,1982,0.311452567577362
syr,1983,0.323000967502594
syr,1984,0.343684583902359
syr,1985,0.11560282856226
syr,1986,0.0830089375376701
syr,1987,0.0724542438983917
syr,1988,0.078304760158062
syr,1989,0.233201891183853
syr,1990,0.289359033107758
syr,1991,0.133976548910141
syr,1992,0.251454591751099
syr,1993,0.199147790670395
syr,1994,0.12572917342186
syr,1995,0.161843448877335
syr,1996,0.167027965188026
syr,1997,0.135346665978432
syr,1998,0.0879299119114876
syr,1999,0.100769825279713
syr,2000,0.112012304365635
syr,2001,0.109450496733189
syr,2002,0.110224567353725
syr,2003,0.0717602968215942
syr,2004,0.0435837395489216
syr,2005,0.0308313351124525
syr,2006,0.0554666481912136
syr,2007,0.0531341806054115
syr,2008,0.0627074614167213
syr,2009,0.0367239266633987
syr,2010,0.0385380648076534
syr,2011,0.100969180464745
syr,2012,0.0319048464298248
syr,2013,0.0217022094875574
syr,2014,0.0143555365502834
syr,2015,0.0166661590337753
syr,2016,0.0115256430581212
syr,2017,0.0159593969583511
syr,2018,0.0184893943369389
syr,2019,0.0131437722593546
syr,2020,0.0210155863314867
syr,2021,0.0127755310386419
syr,2022,0.0192278902977705
syr,2023,0.0224747117608786
tca,1970,0.110123492777348
tca,1971,0.107031017541885
tca,1972,0.106559090316296
tca,1973,0.112759418785572
tca,1974,0.130079627037048
tca,1975,0.124596051871777
tca,1976,0.125421270728111
tca,1977,0.125583231449127
tca,1978,0.12205458432436
tca,1979,0.126909255981445
tca,1980,0.133471325039864
tca,1981,0.13061760365963
tca,1982,0.122583702206612
tca,1983,0.123444147408009
tca,1984,0.124839425086975
tca,1985,0.132353767752647
tca,1986,0.122265554964542
tca,1987,0.106732472777367
tca,1988,0.099956713616848
tca,1989,0.0942359641194344
tca,1990,0.087863877415657
tca,1991,0.0863004550337791
tca,1992,0.0894757136702538
tca,1993,0.101512968540192
tca,1994,0.104483380913734
tca,1995,0.15059158205986
tca,1996,0.227490440011024
tca,1997,0.148600578308105
tca,1998,0.123906783759594
tca,1999,0.0941184833645821
tca,2000,0.109154157340527
tca,2001,0.102352686226368
tca,2002,0.0908326432108879
tca,2003,1.20063376426697
tca,2004,0.0759102776646614
tca,2005,0.0900236591696739
tca,2006,0.131587952375412
tca,2007,0.0955179929733276
tca,2008,0.0824014246463776
tca,2009,0.0858771055936813
tca,2010,0.143257588148117
tca,2011,0.0486054345965385
tca,2012,0.0602881573140621
tca,2013,0.117807969450951
tca,2014,0.151876300573349
tca,2015,0.192784547805786
tca,2016,0.119703039526939
tca,2017,0.0715358927845955
tca,2018,0.0680195614695549
tca,2019,0.0672226697206497
tca,2020,0.0611481443047524
tca,2021,0.0734297707676888
tca,2022,0.0891623497009277
tca,2023,0.0751044154167175
tcd,1960,0.016317643225193
tcd,1961,0.015454332344234
tcd,1962,0.0144755998626351
tcd,1963,0.0212410669773817
tcd,1964,0.0240361876785755
tcd,1965,0.0223375130444765
tcd,1966,0.0192041918635368
tcd,1967,0.0213260315358639
tcd,1968,0.0208537224680185
tcd,1969,0.0216227788478136
tcd,1970,0.0157905593514442
tcd,1971,0.01515793800354
tcd,1972,0.0194723065942526
tcd,1973,0.0193075966089964
tcd,1974,0.0161022450774908
tcd,1975,0.0175682287663221
tcd,1976,0.0343891382217407
tcd,1977,0.0351046919822693
tcd,1978,0.0159252155572176
tcd,1979,0.0314002931118012
tcd,1980,0.0310864243656397
tcd,1981,0.0218550153076649
tcd,1982,0.0158995110541582
tcd,1983,0.0432093553245068
tcd,1984,0.0330609045922756
tcd,1985,0.0154380369931459
tcd,1986,0.014290913939476
tcd,1987,0.0135044250637293
tcd,1988,0.0145457955077291
tcd,1989,0.0165392123162746
tcd,1990,0.0213297549635172
tcd,1991,0.0190201308578253
tcd,1992,0.0172738321125507
tcd,1993,0.0142909083515406
tcd,1994,0.012316438369453
tcd,1995,0.0212579667568207
tcd,1996,0.0220229215919971
tcd,1997,0.022674884647131
tcd,1998,0.0245184861123562
tcd,1999,0.0197548884898424
tcd,2000,0.0187306758016348
tcd,2001,0.0156155889853835
tcd,2002,0.0164715424180031
tcd,2003,0.0185725633054972
tcd,2004,0.223585411906242
tcd,2005,0.253356039524078
tcd,2006,0.280718833208084
tcd,2007,0.246216252446175
tcd,2008,0.319251239299774
tcd,2009,0.21833610534668
tcd,2010,0.211024761199951
tcd,2011,0.253154963254929
tcd,2012,0.187971994280815
tcd,2013,0.190999239683151
tcd,2014,0.160728022456169
tcd,2015,0.134586974978447
tcd,2016,0.100815400481224
tcd,2017,0.0892022848129273
tcd,2018,0.105074465274811
tcd,2019,0.116038955748081
tcd,2020,0.113365516066551
tcd,2021,0.122041381895542
tcd,2022,0.144698843359947
tcd,2023,0.142525583505631
tgo,1960,0.0705806240439415
tgo,1961,0.0887549743056297
tgo,1962,0.0789218172430992
tgo,1963,0.0729178339242935
tgo,1964,0.0977481827139854
tgo,1965,0.0790257602930069
tgo,1966,0.081016980111599
tgo,1967,0.06551543623209
tgo,1968,0.0956198051571846
tgo,1969,0.0727604255080223
tgo,1970,0.087007187306881
tgo,1971,0.0897512510418892
tgo,1972,0.0708891078829765
tgo,1973,0.0748651251196861
tgo,1974,0.0980297327041626
tgo,1975,0.0567331127822399
tgo,1976,0.0670311748981476
tgo,1977,0.0596564523875713
tgo,1978,0.069966159760952
tgo,1979,0.0698160156607628
tgo,1980,0.109285317361355
tgo,1981,0.0877445265650749
tgo,1982,0.117069348692894
tgo,1983,0.0869634449481964
tgo,1984,0.129316449165344
tgo,1985,0.108446232974529
tgo,1986,0.089696429669857
tgo,1987,0.0969060584902763
tgo,1988,0.080106757581234
tgo,1989,0.0790718048810959
tgo,1990,0.0738992691040039
tgo,1991,0.0688844099640846
tgo,1992,0.0631050318479538
tgo,1993,0.0503849200904369
tgo,1994,0.0542265549302101
tgo,1995,0.119048535823822
tgo,1996,0.103977285325527
tgo,1997,0.0843425616621971
tgo,1998,0.116501666605473
tgo,1999,0.0952668488025665
tgo,2000,0.0580767206847668
tgo,2001,0.0679683908820152
tgo,2002,0.0749340355396271
tgo,2003,0.128130540251732
tgo,2004,0.0988426059484482
tgo,2005,0.0808345526456833
tgo,2006,0.088801272213459
tgo,2007,0.0445601977407932
tgo,2008,0.104952357709408
tgo,2009,0.103429570794106
tgo,2010,0.08830326795578
tgo,2011,0.107193946838379
tgo,2012,0.104561485350132
tgo,2013,0.108232013881207
tgo,2014,0.193725869059563
tgo,2015,0.085579939186573
tgo,2016,0.0828462839126587
tgo,2017,0.0828344449400902
tgo,2018,0.0963903740048409
tgo,2019,0.084603562951088
tgo,2020,0.0796484798192978
tgo,2021,0.0900143310427666
tgo,2022,0.0939868837594986
tgo,2023,0.0886616557836533
tha,1950,0.121251195669174
tha,1951,0.126339629292488
tha,1952,0.130751073360443
tha,1953,0.135882005095482
tha,1954,0.121467746794224
tha,1955,0.131571844220161
tha,1956,0.129488453269005
tha,1957,0.125247359275818
tha,1958,0.09691521525383
tha,1959,0.0989907160401344
tha,1960,0.094061054289341
tha,1961,0.0973008722066879
tha,1962,0.0866586118936539
tha,1963,0.0848789364099503
tha,1964,0.0957278162240982
tha,1965,0.0836446732282639
tha,1966,0.0737865567207336
tha,1967,0.0703961625695229
tha,1968,0.0626147016882896
tha,1969,0.0590483136475086
tha,1970,0.053264182060957
tha,1971,0.0615363121032715
tha,1972,0.0701207295060158
tha,1973,0.070032924413681
tha,1974,0.084572821855545
tha,1975,0.0721116438508034
tha,1976,0.0891340747475624
tha,1977,0.0904518440365791
tha,1978,0.0877828970551491
tha,1979,0.0946815684437752
tha,1980,0.0970412790775299
tha,1981,0.0991006568074226
tha,1982,0.100107632577419
tha,1983,0.0853404477238655
tha,1984,0.0976037159562111
tha,1985,0.0895229801535606
tha,1986,0.0972554087638855
tha,1987,0.109200082719326
tha,1988,0.128994777798653
tha,1989,0.137056842446327
tha,1990,0.141066655516624
tha,1991,0.153819620609283
tha,1992,0.167018696665764
tha,1993,0.173192009329796
tha,1994,0.189504116773605
tha,1995,0.193112790584564
tha,1996,0.174373373389244
tha,1997,0.207559958100319
tha,1998,0.243892997503281
tha,1999,0.258825451135635
tha,2000,0.301071524620056
tha,2001,0.283514797687531
tha,2002,0.271385788917542
tha,2003,0.273099154233933
tha,2004,0.285946905612946
tha,2005,0.294672578573227
tha,2006,0.315660327672958
tha,2007,0.317316710948944
tha,2008,0.314995408058167
tha,2009,0.290020376443863
tha,2010,0.318634927272797
tha,2011,0.33783546090126
tha,2012,0.308797657489777
tha,2013,0.293525457382202
tha,2014,0.293848246335983
tha,2015,0.29727891087532
tha,2016,0.289832085371017
tha,2017,0.290754050016403
tha,2018,0.287088394165039
tha,2019,0.25453183054924
tha,2020,0.212584376335144
tha,2021,0.238126516342163
tha,2022,0.260768920183182
tha,2023,0.228733330965042
tjk,1990,0.114161171019077
tjk,1991,0.0961170047521591
tjk,1992,0.156606316566467
tjk,1993,0.0742060095071793
tjk,1994,0.130696207284927
tjk,1995,0.166418194770813
tjk,1996,0.164827018976212
tjk,1997,0.110014282166958
tjk,1998,0.1151984333992
tjk,1999,0.163079872727394
tjk,2000,0.177778482437134
tjk,2001,0.145170584321022
tjk,2002,0.137789696455002
tjk,2003,0.148408934473991
tjk,2004,0.149231433868408
tjk,2005,0.13544462621212
tjk,2006,0.155664011836052
tjk,2007,0.149520412087441
tjk,2008,0.116631589829922
tjk,2009,0.0905945748090744
tjk,2010,0.10138077288866
tjk,2011,0.0629570260643959
tjk,2012,0.0834200605750084
tjk,2013,0.0785640701651573
tjk,2014,0.0464620068669319
tjk,2015,0.0487750694155693
tjk,2016,0.0532687716186047
tjk,2017,0.058548454195261
tjk,2018,0.0556336455047131
tjk,2019,0.0577737390995026
tjk,2020,0.0687062442302704
tjk,2021,0.105952583253384
tjk,2022,0.0774277970194817
tjk,2023,0.0795369222760201
tkm,1990,0.0097098471596837
tkm,1991,0.00826093833893538
tkm,1992,0.00981521978974342
tkm,1993,0.00913314241915941
tkm,1994,0.0147715816274285
tkm,1995,0.0231239814311266
tkm,1996,0.0487364754080772
tkm,1997,0.0613232888281345
tkm,1998,0.0480244867503643
tkm,1999,0.0925314351916313
tkm,2000,0.173871621489525
tkm,2001,0.17718531191349
tkm,2002,0.195935666561127
tkm,2003,0.166948959231377
tkm,2004,0.170273900032043
tkm,2005,0.180799931287766
tkm,2006,0.151391938328743
tkm,2007,0.155993685126305
tkm,2008,0.303300797939301
tkm,2009,0.0497158505022526
tkm,2010,0.0521464049816132
tkm,2011,0.144249647855759
tkm,2012,0.201236471533775
tkm,2013,0.204665347933769
tkm,2014,0.201225981116295
tkm,2015,0.194889426231384
tkm,2016,0.148886859416962
tkm,2017,0.140060380101204
tkm,2018,0.134396940469742
tkm,2019,0.133345156908035
tkm,2020,0.124951362609863
tkm,2021,0.143087118864059
tkm,2022,0.153258293867111
tkm,2023,0.14232474565506
tto,1950,0.400276869535446
tto,1951,0.406352430582047
tto,1952,0.381067603826523
tto,1953,0.375506848096848
tto,1954,0.352612495422363
tto,1955,0.310974597930908
tto,1956,0.329438537359238
tto,1957,0.314881235361099
tto,1958,0.302609145641327
tto,1959,0.296372592449188
tto,1960,0.326062619686127
tto,1961,0.35242035984993
tto,1962,0.305195719003677
tto,1963,0.286731392145157
tto,1964,0.300452589988709
tto,1965,0.292783081531525
tto,1966,0.309606790542603
tto,1967,0.294362813234329
tto,1968,0.316897362470627
tto,1969,0.298085719347
tto,1970,0.324061334133148
tto,1971,0.299627035856247
tto,1972,0.298923134803772
tto,1973,0.366830468177795
tto,1974,0.413489788770676
tto,1975,0.355914503335953
tto,1976,0.353837966918945
tto,1977,0.299424141645432
tto,1978,0.280268967151642
tto,1979,0.319310128688812
tto,1980,0.347003400325775
tto,1981,0.320596784353256
tto,1982,0.283251345157623
tto,1983,0.300881803035736
tto,1984,0.37136098742485
tto,1985,0.362673610448837
tto,1986,0.256600648164749
tto,1987,0.285287648439407
tto,1988,0.303181052207947
tto,1989,0.330129265785217
tto,1990,0.391207009553909
tto,1991,0.320825725793839
tto,1992,0.440911203622818
tto,1993,0.377225637435913
tto,1994,0.4012091755867
tto,1995,0.470424443483353
tto,1996,0.467985212802887
tto,1997,0.491538733243942
tto,1998,0.515871226787567
tto,1999,0.525394439697266
tto,2000,0.630913615226746
tto,2001,0.687739253044128
tto,2002,0.618123710155487
tto,2003,0.599374234676361
tto,2004,0.583416044712067
tto,2005,0.72097647190094
tto,2006,0.842396557331085
tto,2007,0.710553467273712
tto,2008,0.757248163223267
tto,2009,0.511386275291443
tto,2010,0.551474452018738
tto,2011,0.722067415714264
tto,2012,0.676619589328766
tto,2013,0.693692922592163
tto,2014,0.611578404903412
tto,2015,0.535712659358978
tto,2016,0.452001214027405
tto,2017,0.486519187688828
tto,2018,0.527716040611267
tto,2019,0.427441030740738
tto,2020,0.329353839159012
tto,2021,0.472553491592407
tto,2022,0.646465718746185
tto,2023,0.439339607954025
tun,1960,0.16181606054306
tun,1961,0.141696244478226
tun,1962,0.11841731518507
tun,1963,0.119611233472824
tun,1964,0.127364933490753
tun,1965,0.108626738190651
tun,1966,0.120052322745323
tun,1967,0.118848472833633
tun,1968,0.116590954363346
tun,1969,0.111511290073395
tun,1970,0.109119310975075
tun,1971,0.110102981328964
tun,1972,0.118011899292469
tun,1973,0.112929478287697
tun,1974,0.182234659790993
tun,1975,0.144589945673943
tun,1976,0.150152578949928
tun,1977,0.15114714205265
tun,1978,0.153420642018318
tun,1979,0.195550709962845
tun,1980,0.181641072034836
tun,1981,0.19875068962574
tun,1982,0.158530756831169
tun,1983,0.147131949663162
tun,1984,0.14334811270237
tun,1985,0.120684772729874
tun,1986,0.119564071297646
tun,1987,0.130439400672913
tun,1988,0.117576897144318
tun,1989,0.137407869100571
tun,1990,0.148440718650818
tun,1991,0.136216148734093
tun,1992,0.152332156896591
tun,1993,0.131186470389366
tun,1994,0.14438858628273
tun,1995,0.147039458155632
tun,1996,0.127627074718475
tun,1997,0.133441805839539
tun,1998,0.148730397224426
tun,1999,0.152727097272873
tun,2000,0.159750089049339
tun,2001,0.176697343587875
tun,2002,0.181568130850792
tun,2003,0.192172035574913
tun,2004,0.21000075340271
tun,2005,0.215637519955635
tun,2006,0.216836348176003
tun,2007,0.243821069598198
tun,2008,0.261387676000595
tun,2009,0.196712598204613
tun,2010,0.207758232951164
tun,2011,0.218828052282333
tun,2012,0.203473746776581
tun,2013,0.20038902759552
tun,2014,0.177687436342239
tun,2015,0.171478167176247
tun,2016,0.16271099448204
tun,2017,0.162177041172981
tun,2018,0.161223620176315
tun,2019,0.145674288272858
tun,2020,0.123896084725857
tun,2021,0.147597342729568
tun,2022,0.18196152150631
tun,2023,0.197421669960022
tur,1950,0.0436640493571758
tur,1951,0.0367524437606335
tur,1952,0.0415499396622181
tur,1953,0.0386229418218136
tur,1954,0.02967176027596
tur,1955,0.0220679603517056
tur,1956,0.019152594730258
tur,1957,0.0156049244105816
tur,1958,0.0215442311018705
tur,1959,0.024850882589817
tur,1960,0.0227978136390448
tur,1961,0.0221292581409216
tur,1962,0.0210751239210367
tur,1963,0.0180010572075844
tur,1964,0.0187469311058521
tur,1965,0.0190077852457762
tur,1966,0.0218580439686775
tur,1967,0.017295690253377
tur,1968,0.0151248946785927
tur,1969,0.0152456974610686
tur,1970,0.0161619205027819
tur,1971,0.0198073871433735
tur,1972,0.01936443336308
tur,1973,0.0235189963132143
tur,1974,0.0197282340377569
tur,1975,0.0156780239194632
tur,1976,0.0202741585671902
tur,1977,0.0152222095057368
tur,1978,0.0203524753451347
tur,1979,0.0169434826821089
tur,1980,0.0199913773685694
tur,1981,0.0287145525217056
tur,1982,0.0347921811044216
tur,1983,0.0362348407506943
tur,1984,0.0446868613362312
tur,1985,0.0462999641895294
tur,1986,0.0371524356305599
tur,1987,0.042296938598156
tur,1988,0.0449118278920651
tur,1989,0.0436162985861301
tur,1990,0.0437504313886166
tur,1991,0.0444092936813831
tur,1992,0.05003297701478
tur,1993,0.0477062501013279
tur,1994,0.0615355297923088
tur,1995,0.0611508712172508
tur,1996,0.0576399564743042
tur,1997,0.0661564394831657
tur,1998,0.074524350464344
tur,1999,0.0785874426364899
tur,2000,0.0760164335370064
tur,2001,0.0915207117795944
tur,2002,0.103510960936546
tur,2003,0.128524735569954
tur,2004,0.138371527194977
tur,2005,0.143119230866432
tur,2006,0.142202138900757
tur,2007,0.15066534280777
tur,2008,0.159529626369476
tur,2009,0.13270702958107
tur,2010,0.129499807953835
tur,2011,0.126590698957443
tur,2012,0.136720180511475
tur,2013,0.124102763831615
tur,2014,0.119738444685936
tur,2015,0.112661942839623
tur,2016,0.111221596598625
tur,2017,0.111919201910496
tur,2018,0.116655834019184
tur,2019,0.129407092928886
tur,2020,0.108492366969585
tur,2021,0.132272556424141
tur,2022,0.138588964939117
tur,2023,0.11946164816618
twn,1951,0.088956817984581
twn,1952,0.0737860426306725
twn,1953,0.0760653167963028
twn,1954,0.0509378910064697
twn,1955,0.0592227131128311
twn,1956,0.0600178837776184
twn,1957,0.0626371428370476
twn,1958,0.0562649108469486
twn,1959,0.062661811709404
twn,1960,0.0673950240015984
twn,1961,0.0750060230493546
twn,1962,0.0671512112021446
twn,1963,0.0813727900385857
twn,1964,0.0916543304920197
twn,1965,0.0977418422698975
twn,1966,0.108005911111832
twn,1967,0.10735922306776
twn,1968,0.122241817414761
twn,1969,0.135170876979828
twn,1970,0.153928443789482
twn,1971,0.18156373500824
twn,1972,0.213163390755653
twn,1973,0.244756743311882
twn,1974,0.241696238517761
twn,1975,0.231234505772591
twn,1976,0.277845621109009
twn,1977,0.283199429512024
twn,1978,0.304271638393402
twn,1979,0.306112736463547
twn,1980,0.319414883852005
twn,1981,0.321014225482941
twn,1982,0.304798364639282
twn,1983,0.33221846818924
twn,1984,0.363041609525681
twn,1985,0.350583881139755
twn,1986,0.367334008216858
twn,1987,0.391649782657623
twn,1988,0.377630650997162
twn,1989,0.37226927280426
twn,1990,0.340217173099518
twn,1991,0.338931322097778
twn,1992,0.369916349649429
twn,1993,0.373842000961304
twn,1994,0.373810023069382
twn,1995,0.394153445959091
twn,1996,0.386801481246948
twn,1997,0.400460422039032
twn,1998,0.371328443288803
twn,1999,0.382721304893494
twn,2000,0.450314909219742
twn,2001,0.41138419508934
twn,2002,0.42832937836647
twn,2003,0.431771993637085
twn,2004,0.475171655416489
twn,2005,0.4937764108181
twn,2006,0.528411746025085
twn,2007,0.5276820063591
twn,2008,0.530592918395996
twn,2009,0.469130903482437
twn,2010,0.562221348285675
twn,2011,0.565926253795624
twn,2012,0.566222071647644
twn,2013,0.554665684700012
twn,2014,0.54584413766861
twn,2015,0.54244875907898
twn,2016,0.519111573696137
twn,2017,0.544379949569702
twn,2018,0.532764971256256
twn,2019,0.515753746032715
twn,2020,0.495566487312317
twn,2021,0.566339731216431
twn,2022,0.594401061534882
twn,2023,0.533764719963074
tza,1960,0.121883071959019
tza,1961,0.121329888701439
tza,1962,0.105593889951706
tza,1963,0.0976753830909729
tza,1964,0.0969376116991043
tza,1965,0.104307435452938
tza,1966,0.115812189877033
tza,1967,0.109669305384159
tza,1968,0.101741813123226
tza,1969,0.0970930904150009
tza,1970,0.0984028279781342
tza,1971,0.0910053104162216
tza,1972,0.101016074419022
tza,1973,0.100116916000843
tza,1974,0.110683441162109
tza,1975,0.08000248670578
tza,1976,0.0930983349680901
tza,1977,0.0911265835165978
tza,1978,0.062267117202282
tza,1979,0.0671219751238823
tza,1980,0.0675166547298431
tza,1981,0.0613014809787273
tza,1982,0.0424804762005806
tza,1983,0.0271995160728693
tza,1984,0.0343131273984909
tza,1985,0.0249940287321806
tza,1986,0.0400768667459488
tza,1987,0.0227259211242199
tza,1988,0.0274369362741709
tza,1989,0.0337292216718197
tza,1990,0.0288313739001751
tza,1991,0.0244668237864971
tza,1992,0.0326868742704392
tza,1993,0.0367724262177944
tza,1994,0.0353840477764607
tza,1995,0.0428251065313816
tza,1996,0.0418516509234905
tza,1997,0.0360899716615677
tza,1998,0.0372564792633057
tza,1999,0.0368473790585995
tza,2000,0.0365815423429012
tza,2001,0.0393929965794086
tza,2002,0.0413650088012219
tza,2003,0.0438197627663612
tza,2004,0.0512819066643715
tza,2005,0.0491151213645935
tza,2006,0.0479826629161835
tza,2007,0.0462918765842915
tza,2008,0.0567689053714275
tza,2009,0.055005419999361
tza,2010,0.0628847032785416
tza,2011,0.0607154183089733
tza,2012,0.0788112878799439
tza,2013,0.0587904714047909
tza,2014,0.0720310881733894
tza,2015,0.0758255794644356
tza,2016,0.0610928945243359
tza,2017,0.0529781356453896
tza,2018,0.0401955246925354
tza,2019,0.0434260442852974
tza,2020,0.0332761444151402
tza,2021,0.0377072617411613
tza,2022,0.0432122088968754
tza,2023,0.0432434715330601
uga,1950,0.0136866541579366
uga,1951,0.0122103877365589
uga,1952,0.0128886280581355
uga,1953,0.0143632246181369
uga,1954,0.0147769059985876
uga,1955,0.0174821224063635
uga,1956,0.0161379892379046
uga,1957,0.0155851552262902
uga,1958,0.0171199925243855
uga,1959,0.0170932337641716
uga,1960,0.0176184866577387
uga,1961,0.0164253115653992
uga,1962,0.0159231554716826
uga,1963,0.0255376137793064
uga,1964,0.0419353805482388
uga,1965,0.0572249926626682
uga,1966,0.0654221624135971
uga,1967,0.0703905001282692
uga,1968,0.0628490522503853
uga,1969,0.0571187101304531
uga,1970,0.0609888769686222
uga,1971,0.0535881668329239
uga,1972,0.0572974532842636
uga,1973,0.0709735155105591
uga,1974,0.0834539383649826
uga,1975,0.0830793008208275
uga,1976,0.0739193111658096
uga,1977,0.0684343054890633
uga,1978,0.0728502497076988
uga,1979,0.0491823069751263
uga,1980,0.0346033796668053
uga,1981,0.104230642318726
uga,1982,0.096746951341629
uga,1983,0.0777709558606148
uga,1984,0.119106359779835
uga,1985,0.0846096277236939
uga,1986,0.0878061950206757
uga,1987,0.0536879226565361
uga,1988,0.0493581853806973
uga,1989,0.0420670472085476
uga,1990,0.026560427621007
uga,1991,0.0209892746061087
uga,1992,0.0237106829881668
uga,1993,0.0172518119215965
uga,1994,0.0362226702272892
uga,1995,0.043483879417181
uga,1996,0.0536411665380001
uga,1997,0.0299908015877008
uga,1998,0.0372700989246368
uga,1999,0.0354180224239826
uga,2000,0.0294557362794876
uga,2001,0.0310387797653675
uga,2002,0.0298219863325357
uga,2003,0.0290611274540424
uga,2004,0.0317458212375641
uga,2005,0.034507267177105
uga,2006,0.0355916805565357
uga,2007,0.0412392020225525
uga,2008,0.0435395129024982
uga,2009,0.0367816463112831
uga,2010,0.0292472336441278
uga,2011,0.0335867814719677
uga,2012,0.0425935871899128
uga,2013,0.0572564639151096
uga,2014,0.0185979958623648
uga,2015,0.0408421643078327
uga,2016,0.0452928021550179
uga,2017,0.0511381849646568
uga,2018,0.0494651161134243
uga,2019,0.061634998768568
uga,2020,0.0501568429172039
uga,2021,0.0505059696733952
uga,2022,0.0460599362850189
uga,2023,0.035193856805563
ukr,1990,0.0623666867613792
ukr,1991,0.046498965471983
ukr,1992,0.0358679443597794
ukr,1993,0.0428036600351334
ukr,1994,0.0487640388309956
ukr,1995,0.0572617873549461
ukr,1996,0.0997409373521805
ukr,1997,0.112333863973618
ukr,1998,0.111596815288067
ukr,1999,0.110323682427406
ukr,2000,0.142795220017433
ukr,2001,0.152159243822098
ukr,2002,0.158927738666534
ukr,2003,0.167551815509796
ukr,2004,0.195202007889748
ukr,2005,0.172687724232674
ukr,2006,0.165880128741264
ukr,2007,0.173370406031609
ukr,2008,0.197759732604027
ukr,2009,0.150837615132332
ukr,2010,0.183737635612488
ukr,2011,0.209201112389565
ukr,2012,0.207283392548561
ukr,2013,0.173809498548508
ukr,2014,0.160031169652939
ukr,2015,0.131199732422829
ukr,2016,0.118250630795956
ukr,2017,0.135980203747749
ukr,2018,0.138027086853981
ukr,2019,0.138843163847923
ukr,2020,0.126272663474083
ukr,2021,0.114427402615547
ukr,2022,0.0872530192136765
ukr,2023,0.0718270987272263
ury,1950,0.083013616502285
ury,1951,0.0527251474559307
ury,1952,0.0581725239753723
ury,1953,0.0682960078120232
ury,1954,0.0565181747078896
ury,1955,0.0441157072782517
ury,1956,0.0564278662204742
ury,1957,0.0357731841504574
ury,1958,0.0496042594313622
ury,1959,0.0463978834450245
ury,1960,0.043456245213747
ury,1961,0.0511824078857899
ury,1962,0.0417887344956398
ury,1963,0.0616658069193363
ury,1964,0.048932857811451
ury,1965,0.0501108579337597
ury,1966,0.0513141863048077
ury,1967,0.0468653403222561
ury,1968,0.05602041259408
ury,1969,0.0503964200615883
ury,1970,0.053142212331295
ury,1971,0.0447903499007225
ury,1972,0.0400809086859226
ury,1973,0.0473636314272881
ury,1974,0.0587555468082428
ury,1975,0.0603885799646378
ury,1976,0.0845918953418732
ury,1977,0.0888937637209892
ury,1978,0.087334968149662
ury,1979,0.0781291350722313
ury,1980,0.0823797881603241
ury,1981,0.0886934325098991
ury,1982,0.0908797979354858
ury,1983,0.120237223803997
ury,1984,0.10803709924221
ury,1985,0.0974569991230965
ury,1986,0.0988966375589371
ury,1987,0.0891135483980179
ury,1988,0.102160848677158
ury,1989,0.110177658498287
ury,1990,0.117917366325855
ury,1991,0.0939256772398949
ury,1992,0.0950689613819122
ury,1993,0.086160235106945
ury,1994,0.0901491492986679
ury,1995,0.0970582887530327
ury,1996,0.105082005262375
ury,1997,0.122794054448605
ury,1998,0.130748018622398
ury,1999,0.113158881664276
ury,2000,0.128302708268166
ury,2001,0.124488525092602
ury,2002,0.120200365781784
ury,2003,0.131969422101975
ury,2004,0.157623589038849
ury,2005,0.170643016695976
ury,2006,0.181331232190132
ury,2007,0.171225309371948
ury,2008,0.182543069124222
ury,2009,0.164863348007202
ury,2010,0.174944221973419
ury,2011,0.176058292388916
ury,2012,0.194584846496582
ury,2013,0.19115874171257
ury,2014,0.182941600680351
ury,2015,0.165302082896233
ury,2016,0.150194376707077
ury,2017,0.165143936872482
ury,2018,0.152487233281136
ury,2019,0.1592927724123
ury,2020,0.135497525334358
ury,2021,0.163551717996597
ury,2022,0.184909090399742
ury,2023,0.176913395524025
usa,1950,0.0434173345565796
usa,1951,0.0531395189464092
usa,1952,0.0470094196498394
usa,1953,0.0400689914822578
usa,1954,0.0415427982807159
usa,1955,0.0427617430686951
usa,1956,0.048218846321106
usa,1957,0.0507247373461723
usa,1958,0.0428841188549995
usa,1959,0.0438795797526836
usa,1960,0.0495625138282776
usa,1961,0.0472269207239151
usa,1962,0.0453195534646511
usa,1963,0.0472365468740463
usa,1964,0.0504460856318474
usa,1965,0.0463758036494255
usa,1966,0.046785544604063
usa,1967,0.044736985117197
usa,1968,0.0451461672782898
usa,1969,0.0460011921823025
usa,1970,0.0499679073691368
usa,1971,0.0469206422567368
usa,1972,0.0475607104599476
usa,1973,0.05900913849473
usa,1974,0.0733928754925728
usa,1975,0.0712521523237228
usa,1976,0.0700427144765854
usa,1977,0.0662118792533875
usa,1978,0.0694706961512566
usa,1979,0.0788061395287514
usa,1980,0.0893119871616364
usa,1981,0.0836740136146545
usa,1982,0.0741835981607437
usa,1983,0.0646861270070076
usa,1984,0.0643358007073402
usa,1985,0.0591227933764458
usa,1986,0.049785353243351
usa,1987,0.0517804399132729
usa,1988,0.0591105408966541
usa,1989,0.0673245936632156
usa,1990,0.0682914257049561
usa,1991,0.0680715590715408
usa,1992,0.0760861560702324
usa,1993,0.0762012749910355
usa,1994,0.0786740854382515
usa,1995,0.0820463597774506
usa,1996,0.0849120020866394
usa,1997,0.0949259623885155
usa,1998,0.0946516767144203
usa,1999,0.0924501791596413
usa,2000,0.10582559555769
usa,2001,0.100803829729557
usa,2002,0.0936849787831307
usa,2003,0.0884043797850609
usa,2004,0.0915134474635124
usa,2005,0.098003625869751
usa,2006,0.105363667011261
usa,2007,0.106245398521423
usa,2008,0.112990699708462
usa,2009,0.100850842893124
usa,2010,0.114907026290894
usa,2011,0.124782003462315
usa,2012,0.127168700098991
usa,2013,0.123188897967339
usa,2014,0.121720142662525
usa,2015,0.119019240140915
usa,2016,0.114322274923325
usa,2017,0.115496948361397
usa,2018,0.11845937371254
usa,2019,0.115382663905621
usa,2020,0.101375289261341
usa,2021,0.108527056872845
usa,2022,0.121806457638741
usa,2023,0.114641547203064
uzb,1990,0.0264501143246889
uzb,1991,0.0300745684653521
uzb,1992,0.0380411967635155
uzb,1993,0.0394520200788975
uzb,1994,0.0424223877489567
uzb,1995,0.0495023764669895
uzb,1996,0.051030658185482
uzb,1997,0.0608902908861637
uzb,1998,0.0528247430920601
uzb,1999,0.0404281057417393
uzb,2000,0.0458913519978523
uzb,2001,0.0710032507777214
uzb,2002,0.0382211767137051
uzb,2003,0.0436197370290756
uzb,2004,0.0544592663645744
uzb,2005,0.0623739175498486
uzb,2006,0.0821138247847557
uzb,2007,0.080337293446064
uzb,2008,0.0813024416565895
uzb,2009,0.0851189196109772
uzb,2010,0.0700032114982605
uzb,2011,0.0662177428603172
uzb,2012,0.0445962399244309
uzb,2013,0.0479456037282944
uzb,2014,0.0419143065810204
uzb,2015,0.0518085472285748
uzb,2016,0.059108629822731
uzb,2017,0.0744776874780655
uzb,2018,0.0779121518135071
uzb,2019,0.100745037198067
uzb,2020,0.0785154700279236
uzb,2021,0.0902734845876694
uzb,2022,0.110078684985638
uzb,2023,0.105391010642052
vct,1970,0.270750254392624
vct,1971,0.262940645217896
vct,1972,0.264598727226257
vct,1973,0.277548164129257
vct,1974,0.304182261228561
vct,1975,0.318912506103516
vct,1976,0.302961140871048
vct,1977,0.263268828392029
vct,1978,0.349163085222244
vct,1979,0.316703110933304
vct,1980,0.35430571436882
vct,1981,0.359152972698212
vct,1982,0.347392529249191
vct,1983,0.359830617904663
vct,1984,0.415371239185333
vct,1985,0.463469117879868
vct,1986,0.42842710018158
vct,1987,0.359636127948761
vct,1988,0.417134344577789
vct,1989,0.37593075633049
vct,1990,0.422070950269699
vct,1991,0.284985452890396
vct,1992,0.344746977090836
vct,1993,0.298437893390656
vct,1994,0.284775853157043
vct,1995,0.314719587564468
vct,1996,0.325790047645569
vct,1997,0.332810372114182
vct,1998,0.409374862909317
vct,1999,0.43716487288475
vct,2000,0.384828984737396
vct,2001,0.461207777261734
vct,2002,0.462498009204865
vct,2003,0.344649851322174
vct,2004,0.316782712936401
vct,2005,0.31938311457634
vct,2006,0.282224655151367
vct,2007,0.269111961126328
vct,2008,0.244062259793282
vct,2009,0.25320240855217
vct,2010,0.234861761331558
vct,2011,0.227330237627029
vct,2012,0.256416141986847
vct,2013,0.24460805952549
vct,2014,0.30617219209671
vct,2015,0.413415372371674
vct,2016,0.366816818714142
vct,2017,0.372200876474381
vct,2018,0.392959386110306
vct,2019,0.379046529531479
vct,2020,0.215375274419785
vct,2021,0.184163451194763
vct,2022,0.355069220066071
vct,2023,0.383107304573059
ven,1950,0.258725792169571
ven,1951,0.275767058134079
ven,1952,0.248839095234871
ven,1953,0.225217387080193
ven,1954,0.221101477742195
ven,1955,0.212579235434532
ven,1956,0.220213323831558
ven,1957,0.214127138257027
ven,1958,0.18118679523468
ven,1959,0.182872354984283
ven,1960,0.217146247625351
ven,1961,0.220748037099838
ven,1962,0.200406417250633
ven,1963,0.203346744179726
ven,1964,0.193297699093819
ven,1965,0.25335681438446
ven,1966,0.251562774181366
ven,1967,0.257717043161392
ven,1968,0.230772405862808
ven,1969,0.2207992374897
ven,1970,0.197321519255638
ven,1971,0.183936506509781
ven,1972,0.155172482132912
ven,1973,0.227116152644157
ven,1974,0.449460119009018
ven,1975,0.350354194641113
ven,1976,0.333251118659973
ven,1977,0.277935475111008
ven,1978,0.273032963275909
ven,1979,0.314513742923737
ven,1980,0.27570167183876
ven,1981,0.219718873500824
ven,1982,0.223841145634651
ven,1983,0.195023402571678
ven,1984,0.272796779870987
ven,1985,0.270292520523071
ven,1986,0.151451110839844
ven,1987,0.277875453233719
ven,1988,0.146327897906303
ven,1989,0.188633427023888
ven,1990,0.247136607766151
ven,1991,0.158246412873268
ven,1992,0.211129263043404
ven,1993,0.213197827339172
ven,1994,0.2269486784935
ven,1995,0.241303682327271
ven,1996,0.290981650352478
ven,1997,0.28352215886116
ven,1998,0.250758022069931
ven,1999,0.296729117631912
ven,2000,0.384347289800644
ven,2001,0.316764622926712
ven,2002,0.326198488473892
ven,2003,0.336512535810471
ven,2004,0.383332967758179
ven,2005,0.40922224521637
ven,2006,0.36483496427536
ven,2007,0.306990325450897
ven,2008,0.317908883094788
ven,2009,0.280804753303528
ven,2010,0.251080930233002
ven,2011,0.313954949378967
ven,2012,0.294451951980591
ven,2013,0.283481359481812
ven,2014,0.247825622558594
ven,2015,0.133968025445938
ven,2016,0.0892868638038635
ven,2017,0.347972214221954
ven,2018,0.344259202480316
ven,2019,0.488872528076172
ven,2020,0.430016785860062
ven,2021,0.466576993465424
ven,2022,0.651012063026428
ven,2023,0.767172992229462
vgb,1970,0.311441451311111
vgb,1971,0.418138563632965
vgb,1972,0.478185802698135
vgb,1973,0.523771166801453
vgb,1974,0.591271877288818
vgb,1975,0.635383546352387
vgb,1976,0.703621983528137
vgb,1977,0.786184012889862
vgb,1978,0.804364204406738
vgb,1979,0.838634550571442
vgb,1980,0.934961378574371
vgb,1981,1.07293939590454
vgb,1982,1.05418086051941
vgb,1983,1.13787853717804
vgb,1984,1.13342332839966
vgb,1985,1.29952704906464
vgb,1986,1.24066007137299
vgb,1987,1.10142850875855
vgb,1988,1.33360660076141
vgb,1989,1.28061211109161
vgb,1990,1.34772205352783
vgb,1991,1.25369393825531
vgb,1992,1.32063210010529
vgb,1993,1.41761517524719
vgb,1994,1.32912719249725
vgb,1995,1.10546934604645
vgb,1996,1.24068307876587
vgb,1997,1.37138867378235
vgb,1998,1.69625556468964
vgb,1999,1.71841967105865
vgb,2000,1.40244245529175
vgb,2001,1.50913000106812
vgb,2002,1.5740841627121
vgb,2003,1.49234795570374
vgb,2004,1.6609719991684
vgb,2005,1.77892911434174
vgb,2006,1.76244425773621
vgb,2007,1.93607926368713
vgb,2008,2.12290477752686
vgb,2009,1.90218245983124
vgb,2010,2.19131970405579
vgb,2011,1.6687947511673
vgb,2012,2.06885170936584
vgb,2013,1.8396053314209
vgb,2014,1.74512755870819
vgb,2015,1.91485190391541
vgb,2016,2.00610566139221
vgb,2017,1.85047423839569
vgb,2018,1.77803421020508
vgb,2019,1.77693295478821
vgb,2020,1.75304460525513
vgb,2021,1.79632687568665
vgb,2022,1.85683953762054
vgb,2023,1.78655469417572
vnm,1970,0.000409209780627862
vnm,1971,0.000207128876354545
vnm,1972,0.000614643329754472
vnm,1973,0.00288484012708068
vnm,1974,0.00754487607628107
vnm,1975,0.00514130992814899
vnm,1976,0.00544644333422184
vnm,1977,0.00499154347926378
vnm,1978,0.00317112263292074
vnm,1979,0.00348607101477683
vnm,1980,0.00964557193219662
vnm,1981,0.0118272555992007
vnm,1982,0.0160586331039667
vnm,1983,0.0115683674812317
vnm,1984,0.0110978307202458
vnm,1985,0.00649943435564637
vnm,1986,0.00152384128887206
vnm,1987,0.00143378577195108
vnm,1988,0.00336633552797139
vnm,1989,0.0274829566478729
vnm,1990,0.0354816019535065
vnm,1991,0.0340865142643452
vnm,1992,0.0753743946552277
vnm,1993,0.0767849981784821
vnm,1994,0.0893823653459549
vnm,1995,0.102431736886501
vnm,1996,0.102360278367996
vnm,1997,0.126746997237206
vnm,1998,0.126356065273285
vnm,1999,0.157846733927727
vnm,2000,0.189125046133995
vnm,2001,0.187823861837387
vnm,2002,0.187784567475319
vnm,2003,0.189006835222244
vnm,2004,0.215031564235687
vnm,2005,0.239609599113464
vnm,2006,0.245028451085091
vnm,2007,0.231506928801537
vnm,2008,0.238438338041306
vnm,2009,0.21179610490799
vnm,2010,0.219247907400131
vnm,2011,0.255869328975678
vnm,2012,0.287278383970261
vnm,2013,0.302109062671661
vnm,2014,0.295980632305145
vnm,2015,0.343057662248611
vnm,2016,0.352779239416122
vnm,2017,0.388900518417358
vnm,2018,0.395890772342682
vnm,2019,0.397546142339706
vnm,2020,0.391844928264618
vnm,2021,0.449948519468308
vnm,2022,0.466385334730148
vnm,2023,0.429814100265503
yem,1989,0.151637837290764
yem,1990,0.156356260180473
yem,1991,0.0117571009323001
yem,1992,0.0794732719659805
yem,1993,0.0703598484396935
yem,1994,0.0725177302956581
yem,1995,0.189125195145607
yem,1996,0.446955353021622
yem,1997,0.387220442295074
yem,1998,0.227782636880875
yem,1999,0.343674689531326
yem,2000,0.487689167261124
yem,2001,0.321769654750824
yem,2002,0.300251662731171
yem,2003,0.269283294677734
yem,2004,0.212205469608307
yem,2005,0.183893710374832
yem,2006,0.189173340797424
yem,2007,0.153582438826561
yem,2008,0.15780520439148
yem,2009,0.149816319346428
yem,2010,0.115803755819798
yem,2011,0.137801915407181
yem,2012,0.144108444452286
yem,2013,0.132026225328445
yem,2014,0.114772960543633
yem,2015,0.0153367631137371
yem,2016,0.0314734019339085
yem,2017,0.0915331616997719
yem,2018,0.000676873489283025
yem,2019,0.00233040750026703
yem,2020,0.00280220690183342
yem,2021,0.00327954185195267
yem,2022,0.0026445637922734
yem,2023,0.001236128853634
zaf,1950,0.119718804955482
zaf,1951,0.130297005176544
zaf,1952,0.13902385532856
zaf,1953,0.123744927346706
zaf,1954,0.130769968032837
zaf,1955,0.136847585439682
zaf,1956,0.136105060577393
zaf,1957,0.136065259575844
zaf,1958,0.126160383224487
zaf,1959,0.140662461519241
zaf,1960,0.143329218029976
zaf,1961,0.142791345715523
zaf,1962,0.138967096805573
zaf,1963,0.145017996430397
zaf,1964,0.139862075448036
zaf,1965,0.141463682055473
zaf,1966,0.151609361171722
zaf,1967,0.150765046477318
zaf,1968,0.144573226571083
zaf,1969,0.135832086205482
zaf,1970,0.124899104237556
zaf,1971,0.11546678096056
zaf,1972,0.0989201813936234
zaf,1973,0.0885584652423859
zaf,1974,0.105162963271141
zaf,1975,0.108288608491421
zaf,1976,0.113266453146935
zaf,1977,0.126298636198044
zaf,1978,0.126650795340538
zaf,1979,0.130043506622314
zaf,1980,0.191380828619003
zaf,1981,0.166706398129463
zaf,1982,0.152825608849525
zaf,1983,0.149592697620392
zaf,1984,0.148168340325356
zaf,1985,0.102738529443741
zaf,1986,0.103052750229836
zaf,1987,0.0836435332894325
zaf,1988,0.0938232615590096
zaf,1989,0.0996357649564743
zaf,1990,0.10157710313797
zaf,1991,0.0847888812422752
zaf,1992,0.133178681135178
zaf,1993,0.138022527098656
zaf,1994,0.137220069766045
zaf,1995,0.134306222200394
zaf,1996,0.103028863668442
zaf,1997,0.0996009930968285
zaf,1998,0.0911711826920509
zaf,1999,0.109695784747601
zaf,2000,0.122226171195507
zaf,2001,0.11843928694725
zaf,2002,0.0947657600045204
zaf,2003,0.114360585808754
zaf,2004,0.129185080528259
zaf,2005,0.138532936573029
zaf,2006,0.138207286596298
zaf,2007,0.147521212697029
zaf,2008,0.156950891017914
zaf,2009,0.122340872883797
zaf,2010,0.174493387341499
zaf,2011,0.211886450648308
zaf,2012,0.19677896797657
zaf,2013,0.182206526398659
zaf,2014,0.170773461461067
zaf,2015,0.162634268403053
zaf,2016,0.155609518289566
zaf,2017,0.173321038484573
zaf,2018,0.185835361480713
zaf,2019,0.183689638972282
zaf,2020,0.174362272024155
zaf,2021,0.201593056321144
zaf,2022,0.225983679294586
zaf,2023,0.220267102122307
zmb,1955,0.68728119134903
zmb,1956,0.658254981040955
zmb,1957,0.603900372982025
zmb,1958,0.585357904434204
zmb,1959,0.69785475730896
zmb,1960,0.726085841655731
zmb,1961,0.669380009174347
zmb,1962,0.641939043998718
zmb,1963,0.640220284461975
zmb,1964,0.598264873027802
zmb,1965,0.340830117464066
zmb,1966,0.302469313144684
zmb,1967,0.230624914169312
zmb,1968,0.229955330491066
zmb,1969,0.252119123935699
zmb,1970,0.316305160522461
zmb,1971,0.264164924621582
zmb,1972,0.255864769220352
zmb,1973,0.252035170793533
zmb,1974,0.307545632123947
zmb,1975,0.248452201485634
zmb,1976,0.279139548540115
zmb,1977,0.318519443273544
zmb,1978,0.317043960094452
zmb,1979,0.297179222106934
zmb,1980,0.305722236633301
zmb,1981,0.225989907979965
zmb,1982,0.211379393935204
zmb,1983,0.168728336691856
zmb,1984,0.177708670496941
zmb,1985,0.154872864484787
zmb,1986,0.138657286763191
zmb,1987,0.159796386957169
zmb,1988,0.172693207859993
zmb,1989,0.230465903878212
zmb,1990,0.240135088562965
zmb,1991,0.192690342664719
zmb,1992,0.259346693754196
zmb,1993,0.195983603596687
zmb,1994,0.231000304222107
zmb,1995,0.205370903015137
zmb,1996,0.157989993691444
zmb,1997,0.186453849077225
zmb,1998,0.178163066506386
zmb,1999,0.184583425521851
zmb,2000,0.140614062547684
zmb,2001,0.145859152078629
zmb,2002,0.13066254556179
zmb,2003,0.10788805782795
zmb,2004,0.15419864654541
zmb,2005,0.154627084732056
zmb,2006,0.259340763092041
zmb,2007,0.2191461622715
zmb,2008,0.20648880302906
zmb,2009,0.165116414427757
zmb,2010,0.233503803610802
zmb,2011,0.252819985151291
zmb,2012,0.272304445505142
zmb,2013,0.299234598875046
zmb,2014,0.257179617881775
zmb,2015,0.20023837685585
zmb,2016,0.193632900714874
zmb,2017,0.23074534535408
zmb,2018,0.248210802674294
zmb,2019,0.223154082894325
zmb,2020,0.318313598632813
zmb,2021,0.362530201673508
zmb,2022,0.288812130689621
zmb,2023,0.274412900209427
zwe,1954,9.39124674914638e-06
zwe,1955,9.75476632447681e-06
zwe,1956,9.84049984253943e-06
zwe,1957,9.22230992728146e-06
zwe,1958,8.82264157553436e-06
zwe,1959,8.88240447238786e-06
zwe,1960,8.64887351781363e-06
zwe,1961,8.86208908923436e-06
zwe,1962,9.24768846743973e-06
zwe,1963,9.10476046556141e-06
zwe,1964,0.0102179143577814
zwe,1965,0.142760574817657
zwe,1966,0.128229573369026
zwe,1967,0.0680698528885841
zwe,1968,0.019263718277216
zwe,1969,0.0103968009352684
zwe,1970,0.0268030315637589
zwe,1971,0.0194978751242161
zwe,1972,0.0180558785796165
zwe,1973,0.0145735330879688
zwe,1974,0.0175218526273966
zwe,1975,0.0257143471390009
zwe,1976,0.0123548759147525
zwe,1977,0.0128058455884457
zwe,1978,0.00204469030722976
zwe,1979,0.00167745305225253
zwe,1980,0.0405773259699345
zwe,1981,0.0543878860771656
zwe,1982,0.0545840337872505
zwe,1983,0.0529978983104229
zwe,1984,0.0842261016368866
zwe,1985,0.0718878209590912
zwe,1986,0.0640511065721512
zwe,1987,0.0617802105844021
zwe,1988,0.0505802296102047
zwe,1989,0.0558398775756359
zwe,1990,0.0519192852079868
zwe,1991,0.0358056202530861
zwe,1992,0.0433422513306141
zwe,1993,0.043753307312727
zwe,1994,0.0575711131095886
zwe,1995,0.0511277578771114
zwe,1996,0.0531888268887997
zwe,1997,0.069107674062252
zwe,1998,0.0596471279859543
zwe,1999,0.0694161728024483
zwe,2000,0.104438215494156
zwe,2001,0.0538240000605583
zwe,2002,0.0981098040938377
zwe,2003,0.0902064740657806
zwe,2004,0.197730883955956
zwe,2005,0.478659063577652
zwe,2006,0.678627610206604
zwe,2007,0.27030822634697
zwe,2008,0.174576982855797
zwe,2009,0.134603023529053
zwe,2010,0.191294059157372
zwe,2011,0.167282164096832
zwe,2012,0.17203377187252
zwe,2013,0.141122415661812
zwe,2014,0.118583619594574
zwe,2015,0.138450443744659
zwe,2016,0.128889426589012
zwe,2017,0.120776079595089
zwe,2018,0.248986631631851
zwe,2019,0.189065858721733
zwe,2020,0.110438004136086
zwe,2021,0.17229762673378
zwe,2022,0.220504388213158
zwe,2023,0.179567441344261
