country,year,rkna
abw,1991,0.239817902445793
abw,1992,0.261449724435806
abw,1993,0.283148914575577
abw,1994,0.306440114974976
abw,1995,0.336331933736801
abw,1996,0.361053377389908
abw,1997,0.389627426862717
abw,1998,0.423189967870712
abw,1999,0.45286151766777
abw,2000,0.47556072473526
abw,2001,0.498275876045227
abw,2002,0.526480495929718
abw,2003,0.558042049407959
abw,2004,0.592253684997559
abw,2005,0.634240448474884
abw,2006,0.679128170013428
abw,2007,0.718583166599274
abw,2008,0.760119020938873
abw,2009,0.794638633728027
abw,2010,0.820180952548981
abw,2011,0.845140635967255
abw,2012,0.859639227390289
abw,2013,0.878643989562988
abw,2014,0.895766079425812
abw,2015,0.910749137401581
abw,2016,0.926567018032074
abw,2017,0.945810914039612
abw,2018,0.965920627117157
abw,2019,0.985339879989624
abw,2020,0.991360485553742
abw,2021,1.0
abw,2022,1.01312243938446
abw,2023,1.01395726203918
ago,1974,0.174546808004379
ago,1975,0.186832502484322
ago,1976,0.197725459933281
ago,1977,0.208633318543434
ago,1978,0.217760100960732
ago,1979,0.226554721593857
ago,1980,0.234027311205864
ago,1981,0.241810232400894
ago,1982,0.251750856637955
ago,1983,0.258585035800934
ago,1984,0.266384422779083
ago,1985,0.270177692174912
ago,1986,0.272032618522644
ago,1987,0.275265961885452
ago,1988,0.276299476623535
ago,1989,0.275568813085556
ago,1990,0.275776028633118
ago,1991,0.288405925035477
ago,1992,0.313061237335205
ago,1993,0.330822318792343
ago,1994,0.348729103803635
ago,1995,0.378271460533142
ago,1996,0.428984582424164
ago,1997,0.454627901315689
ago,1998,0.496347367763519
ago,1999,0.527199923992157
ago,2000,0.527935683727264
ago,2001,0.528775334358215
ago,2002,0.53462940454483
ago,2003,0.548997104167938
ago,2004,0.571453452110291
ago,2005,0.59171587228775
ago,2006,0.610033929347992
ago,2007,0.63197934627533
ago,2008,0.675349235534668
ago,2009,0.725741684436798
ago,2010,0.764772057533264
ago,2011,0.807063102722168
ago,2012,0.847431898117065
ago,2013,0.884638667106628
ago,2014,0.920596122741699
ago,2015,0.954522788524628
ago,2016,0.974326729774475
ago,2017,0.97949492931366
ago,2018,0.98284637928009
ago,2019,0.989821016788483
ago,2020,0.992480933666229
ago,2021,1.0
ago,2022,1.01219856739044
ago,2023,1.0233006477356
alb,1974,0.1564581990242
alb,1975,0.163857847452164
alb,1976,0.171949252486229
alb,1977,0.180414110422134
alb,1978,0.189685568213463
alb,1979,0.200153812766075
alb,1980,0.209740519523621
alb,1981,0.220401093363762
alb,1982,0.234640747308731
alb,1983,0.247480124235153
alb,1984,0.259918063879013
alb,1985,0.269828051328659
alb,1986,0.279605865478516
alb,1987,0.28887739777565
alb,1988,0.297796249389648
alb,1989,0.307868540287018
alb,1990,0.31826052069664
alb,1991,0.30480307340622
alb,1992,0.292064547538757
alb,1993,0.287649869918823
alb,1994,0.290029674768448
alb,1995,0.293120801448822
alb,1996,0.301229298114777
alb,1997,0.303142935037613
alb,1998,0.310172587633133
alb,1999,0.325857639312744
alb,2000,0.35134482383728
alb,2001,0.384468555450439
alb,2002,0.41244775056839
alb,2003,0.441410571336746
alb,2004,0.471696346998215
alb,2005,0.503094494342804
alb,2006,0.530975162982941
alb,2007,0.569859623908997
alb,2008,0.612510561943054
alb,2009,0.653000593185425
alb,2010,0.686617732048035
alb,2011,0.724254608154297
alb,2012,0.755243420600891
alb,2013,0.787092983722687
alb,2014,0.813570439815521
alb,2015,0.837013304233551
alb,2016,0.864403545856476
alb,2017,0.892116844654083
alb,2018,0.919859647750855
alb,2019,0.944029450416565
alb,2020,0.966017961502075
alb,2021,1.0
alb,2022,1.03656494617462
alb,2023,1.07589852809906
arg,1954,0.111320875585079
arg,1955,0.118500299751759
arg,1956,0.124545775353909
arg,1957,0.13140980899334
arg,1958,0.138946905732155
arg,1959,0.14486563205719
arg,1960,0.156958356499672
arg,1961,0.170516222715378
arg,1962,0.180678367614746
arg,1963,0.1859170794487
arg,1964,0.195851609110832
arg,1965,0.205814629793167
arg,1966,0.21406227350235
arg,1967,0.222439229488373
arg,1968,0.232072159647942
arg,1969,0.246425554156303
arg,1970,0.26035687327385
arg,1971,0.275853127241135
arg,1972,0.291093915700913
arg,1973,0.3033706843853
arg,1974,0.315899789333344
arg,1975,0.327702224254608
arg,1976,0.341754585504532
arg,1977,0.363090962171555
arg,1978,0.376915603876114
arg,1979,0.393513470888138
arg,1980,0.41178035736084
arg,1981,0.422145992517471
arg,1982,0.424791306257248
arg,1983,0.428612470626831
arg,1984,0.432734221220017
arg,1985,0.433688193559647
arg,1986,0.436500489711762
arg,1987,0.442580491304398
arg,1988,0.447778701782227
arg,1989,0.448381751775742
arg,1990,0.446382284164429
arg,1991,0.44998624920845
arg,1992,0.461421489715576
arg,1993,0.477007687091827
arg,1994,0.49627411365509
arg,1995,0.508550345897675
arg,1996,0.523236095905304
arg,1997,0.543474018573761
arg,1998,0.565298557281494
arg,1999,0.579983174800873
arg,2000,0.590969920158386
arg,2001,0.595792174339294
arg,2002,0.589847564697266
arg,2003,0.592090249061585
arg,2004,0.605375349521637
arg,2005,0.62400633096695
arg,2006,0.648303627967835
arg,2007,0.682698011398315
arg,2008,0.719053745269775
arg,2009,0.735920310020447
arg,2010,0.766620635986328
arg,2011,0.806365072727203
arg,2012,0.835378229618073
arg,2013,0.864384412765503
arg,2014,0.885938882827759
arg,2015,0.90855610370636
arg,2016,0.927954018115997
arg,2017,0.954060137271881
arg,2018,0.973808765411377
arg,2019,0.981472849845886
arg,2020,0.981766283512116
arg,2021,1.0
arg,2022,1.02495205402374
arg,2023,1.04760503768921
arm,1994,0.418180346488953
arm,1995,0.404585331678391
arm,1996,0.395636707544327
arm,1997,0.385030776262283
arm,1998,0.379080832004547
arm,1999,0.382988333702087
arm,2000,0.387619823217392
arm,2001,0.390690445899963
arm,2002,0.399956047534943
arm,2003,0.415737867355347
arm,2004,0.436517179012299
arm,2005,0.466439157724381
arm,2006,0.510785639286041
arm,2007,0.565618991851807
arm,2008,0.628017783164978
arm,2009,0.667870700359345
arm,2010,0.705858170986176
arm,2011,0.735790610313416
arm,2012,0.764488875865936
arm,2013,0.788715124130249
arm,2014,0.81190299987793
arm,2015,0.837169885635376
arm,2016,0.854995608329773
arm,2017,0.877759754657745
arm,2018,0.905292451381683
arm,2019,0.931977510452271
arm,2020,0.957049489021301
arm,2021,1.0
arm,2022,1.04797101020813
arm,2023,1.09796059131622
aus,1954,0.0546420477330685
aus,1955,0.0581919737160206
aus,1956,0.0605831854045391
aus,1957,0.0630796551704407
aus,1958,0.0664693266153336
aus,1959,0.0701352581381798
aus,1960,0.0741365849971771
aus,1961,0.0769790932536125
aus,1962,0.0813151970505714
aus,1963,0.0860125869512558
aus,1964,0.0917023196816444
aus,1965,0.0966307073831558
aus,1966,0.102633021771908
aus,1967,0.108718164265156
aus,1968,0.115891918540001
aus,1969,0.122979789972305
aus,1970,0.129507318139076
aus,1971,0.136411592364311
aus,1972,0.143427580595016
aus,1973,0.150386914610863
aus,1974,0.155974790453911
aus,1975,0.162001520395279
aus,1976,0.168093532323837
aus,1977,0.174970060586929
aus,1978,0.185449779033661
aus,1979,0.195765390992165
aus,1980,0.20891834795475
aus,1981,0.22300897538662
aus,1982,0.232561588287354
aus,1983,0.243530884385109
aus,1984,0.257308661937714
aus,1985,0.271808177232742
aus,1986,0.285104602575302
aus,1987,0.299229741096497
aus,1988,0.314203798770905
aus,1989,0.327848732471466
aus,1990,0.336556434631348
aus,1991,0.34289962053299
aus,1992,0.352129936218262
aus,1993,0.362856805324554
aus,1994,0.376044511795044
aus,1995,0.389622777700424
aus,1996,0.406081229448319
aus,1997,0.426516592502594
aus,1998,0.448211312294006
aus,1999,0.470836013555527
aus,2000,0.487041503190994
aus,2001,0.50732159614563
aus,2002,0.530382454395294
aus,2003,0.555692136287689
aus,2004,0.581878185272217
aus,2005,0.611108243465424
aus,2006,0.639744937419891
aus,2007,0.671090006828308
aus,2008,0.699029803276062
aus,2009,0.72458827495575
aus,2010,0.749760448932648
aus,2011,0.780237376689911
aus,2012,0.810116171836853
aus,2013,0.835580289363861
aus,2014,0.857038915157318
aus,2015,0.875515401363373
aus,2016,0.892673790454865
aus,2017,0.913402676582336
aus,2018,0.933189988136292
aus,2019,0.952233493328095
aus,2020,0.973441481590271
aus,2021,1.0
aus,2022,1.02710175514221
aus,2023,1.05689132213593
aut,1954,0.077363058924675
aut,1955,0.0817645639181137
aut,1956,0.0849093198776245
aut,1957,0.0883166491985321
aut,1958,0.0914857387542725
aut,1959,0.0947778597474098
aut,1960,0.100770503282547
aut,1961,0.106691122055054
aut,1962,0.111651718616486
aut,1963,0.116601832211018
aut,1964,0.123301461338997
aut,1965,0.130048617720604
aut,1966,0.138274878263474
aut,1967,0.145366579294205
aut,1968,0.152747750282288
aut,1969,0.161010190844536
aut,1970,0.171657681465149
aut,1971,0.184617057442665
aut,1972,0.199994131922722
aut,1973,0.213277325034142
aut,1974,0.227207511663437
aut,1975,0.238380670547485
aut,1976,0.25108739733696
aut,1977,0.265924602746964
aut,1978,0.277369976043701
aut,1979,0.290779083967209
aut,1980,0.3052599132061
aut,1981,0.318651765584946
aut,1982,0.327427536249161
aut,1983,0.336060523986816
aut,1984,0.345397293567657
aut,1985,0.356411159038544
aut,1986,0.367465525865555
aut,1987,0.379039645195007
aut,1988,0.393077194690704
aut,1989,0.408490121364594
aut,1990,0.425653338432312
aut,1991,0.445069193840027
aut,1992,0.462235271930695
aut,1993,0.476785153150558
aut,1994,0.493655055761337
aut,1995,0.509921908378601
aut,1996,0.527710437774658
aut,1997,0.545666098594666
aut,1998,0.566511034965515
aut,1999,0.588850378990173
aut,2000,0.611703455448151
aut,2001,0.633769750595093
aut,2002,0.651679694652557
aut,2003,0.670352220535278
aut,2004,0.687688767910004
aut,2005,0.704058051109314
aut,2006,0.720406293869019
aut,2007,0.739595532417297
aut,2008,0.759617328643799
aut,2009,0.77362722158432
aut,2010,0.786820292472839
aut,2011,0.804698288440704
aut,2012,0.820729315280914
aut,2013,0.837744295597076
aut,2014,0.852157354354858
aut,2015,0.868579089641571
aut,2016,0.888394117355347
aut,2017,0.909931242465973
aut,2018,0.933233618736267
aut,2019,0.958240628242493
aut,2020,0.975248456001282
aut,2021,1.0
aut,2022,1.02353346347809
aut,2023,1.03764724731445
aze,1994,0.019986767321825
aze,1995,0.0215006489306688
aze,1996,0.0257705990225077
aze,1997,0.0319831259548664
aze,1998,0.0399632267653942
aze,1999,0.0473312884569168
aze,2000,0.05516666918993
aze,2001,0.0647083446383476
aze,2002,0.0806475877761841
aze,2003,0.109586209058762
aze,2004,0.14361284673214
aze,2005,0.178138270974159
aze,2006,0.213761180639267
aze,2007,0.24882872402668
aze,2008,0.29021754860878
aze,2009,0.327215254306793
aze,2010,0.366000115871429
aze,2011,0.42352107167244
aze,2012,0.489806026220322
aze,2013,0.573133409023285
aze,2014,0.661572575569153
aze,2015,0.73924595117569
aze,2016,0.791113018989563
aze,2017,0.83890837430954
aze,2018,0.884352326393127
aze,2019,0.932634949684143
aze,2020,0.974494159221649
aze,2021,1.0
aze,2022,1.01876890659332
aze,2023,1.05262196063995
bdi,1980,0.244012117385864
bdi,1981,0.25917574763298
bdi,1982,0.274643778800964
bdi,1983,0.295641511678696
bdi,1984,0.318480014801025
bdi,1985,0.33657518029213
bdi,1986,0.355536848306656
bdi,1987,0.376516938209534
bdi,1988,0.384506642818451
bdi,1989,0.393699258565903
bdi,1990,0.388069093227387
bdi,1991,0.38194352388382
bdi,1992,0.379456907510757
bdi,1993,0.378968954086304
bdi,1994,0.368511348962784
bdi,1995,0.359483748674393
bdi,1996,0.354561448097229
bdi,1997,0.350137412548065
bdi,1998,0.349142134189606
bdi,1999,0.368408232927322
bdi,2000,0.366567641496658
bdi,2001,0.367819279432297
bdi,2002,0.371141165494919
bdi,2003,0.393121600151062
bdi,2004,0.430512517690659
bdi,2005,0.472426444292069
bdi,2006,0.499673813581467
bdi,2007,0.516306519508362
bdi,2008,0.543852746486664
bdi,2009,0.575180649757385
bdi,2010,0.615771770477295
bdi,2011,0.657891392707825
bdi,2012,0.698006927967072
bdi,2013,0.735829412937164
bdi,2014,0.778401553630829
bdi,2015,0.807700395584106
bdi,2016,0.841324746608734
bdi,2017,0.877295315265656
bdi,2018,0.92636376619339
bdi,2019,0.961273610591888
bdi,2020,0.977073848247528
bdi,2021,1.0
bdi,2022,1.02536618709564
bdi,2023,1.05545139312744
bel,1954,0.101403400301933
bel,1955,0.104231059551239
bel,1956,0.108149573206902
bel,1957,0.111725963652134
bel,1958,0.113406777381897
bel,1959,0.116424240171909
bel,1960,0.120135419070721
bel,1961,0.125131174921989
bel,1962,0.130616888403893
bel,1963,0.135785147547722
bel,1964,0.142672181129456
bel,1965,0.149068430066109
bel,1966,0.15708464384079
bel,1967,0.164394691586494
bel,1968,0.171326830983162
bel,1969,0.17989693582058
bel,1970,0.189877182245255
bel,1971,0.199144795536995
bel,1972,0.208840563893318
bel,1973,0.220499277114868
bel,1974,0.233520582318306
bel,1975,0.244842037558556
bel,1976,0.257250070571899
bel,1977,0.268096089363098
bel,1978,0.28159710764885
bel,1979,0.293232768774033
bel,1980,0.306741118431091
bel,1981,0.315535545349121
bel,1982,0.323156505823135
bel,1983,0.330142170190811
bel,1984,0.338411569595337
bel,1985,0.346226692199707
bel,1986,0.354349464178085
bel,1987,0.362933605909348
bel,1988,0.375682353973389
bel,1989,0.392680495977402
bel,1990,0.411748588085175
bel,1991,0.426668435335159
bel,1992,0.441373378038406
bel,1993,0.452021896839142
bel,1994,0.463162988424301
bel,1995,0.477226585149765
bel,1996,0.493234217166901
bel,1997,0.511638164520264
bel,1998,0.532010734081268
bel,1999,0.554941475391388
bel,2000,0.579007625579834
bel,2001,0.603599846363068
bel,2002,0.621731281280518
bel,2003,0.637321770191193
bel,2004,0.655598402023315
bel,2005,0.677404463291168
bel,2006,0.698098003864288
bel,2007,0.72256350517273
bel,2008,0.746573805809021
bel,2009,0.761456370353699
bel,2010,0.776428282260895
bel,2011,0.794759213924408
bel,2012,0.811032831668854
bel,2013,0.825595915317535
bel,2014,0.844393312931061
bel,2015,0.865388095378876
bel,2016,0.888896822929382
bel,2017,0.911617755889893
bel,2018,0.935397088527679
bel,2019,0.961322069168091
bel,2020,0.981158077716827
bel,2021,1.0
bel,2022,1.02536022663116
bel,2023,1.05248546600342
ben,1980,0.174655705690384
ben,1981,0.182869464159012
ben,1982,0.20208652317524
ben,1983,0.205233410000801
ben,1984,0.204174920916557
ben,1985,0.200668066740036
ben,1986,0.202033549547195
ben,1987,0.205346092581749
ben,1988,0.206532657146454
ben,1989,0.206682041287422
ben,1990,0.210138231515884
ben,1991,0.215022847056389
ben,1992,0.220465153455734
ben,1993,0.227602779865265
ben,1994,0.238809064030647
ben,1995,0.251059144735336
ben,1996,0.259329229593277
ben,1997,0.271393924951553
ben,1998,0.285318553447723
ben,1999,0.299296706914902
ben,2000,0.309986561536789
ben,2001,0.323004871606827
ben,2002,0.332579910755157
ben,2003,0.345000177621841
ben,2004,0.355987936258316
ben,2005,0.361395001411438
ben,2006,0.366753190755844
ben,2007,0.382060676813126
ben,2008,0.39594042301178
ben,2009,0.410522013902664
ben,2010,0.426631659269333
ben,2011,0.443266242742538
ben,2012,0.458734273910522
ben,2013,0.4969682097435
ben,2014,0.541123330593109
ben,2015,0.58614718914032
ben,2016,0.628373980522156
ben,2017,0.687274515628815
ben,2018,0.759059369564056
ben,2019,0.833893358707428
ben,2020,0.907245516777039
ben,2021,1.0
ben,2022,1.11422252655029
ben,2023,1.25285708904266
bfa,1963,0.0226362310349941
bfa,1964,0.0229047983884811
bfa,1965,0.023743586614728
bfa,1966,0.024526322260499
bfa,1967,0.0251496788114309
bfa,1968,0.0258358288556337
bfa,1969,0.0268463436514139
bfa,1970,0.0278814733028412
bfa,1971,0.0324479602277279
bfa,1972,0.0348337776958942
bfa,1973,0.0378331989049912
bfa,1974,0.0413905419409275
bfa,1975,0.0442956574261189
bfa,1976,0.0469347536563873
bfa,1977,0.0495331808924675
bfa,1978,0.0522903278470039
bfa,1979,0.0597654990851879
bfa,1980,0.0659795254468918
bfa,1981,0.0724389627575874
bfa,1982,0.0790785029530525
bfa,1983,0.0842153206467629
bfa,1984,0.0893157720565796
bfa,1985,0.0982075482606888
bfa,1986,0.105926118791103
bfa,1987,0.113681852817535
bfa,1988,0.121263690292835
bfa,1989,0.129666268825531
bfa,1990,0.136781170964241
bfa,1991,0.145452335476875
bfa,1992,0.15318264067173
bfa,1993,0.160132363438606
bfa,1994,0.170004636049271
bfa,1995,0.180570423603058
bfa,1996,0.192313671112061
bfa,1997,0.207916438579559
bfa,1998,0.222402155399323
bfa,1999,0.231424227356911
bfa,2000,0.239707559347153
bfa,2001,0.247177541255951
bfa,2002,0.254297077655792
bfa,2003,0.263847947120667
bfa,2004,0.27616685628891
bfa,2005,0.290992438793182
bfa,2006,0.307886481285095
bfa,2007,0.327995121479034
bfa,2008,0.347467601299286
bfa,2009,0.373444139957428
bfa,2010,0.406901478767395
bfa,2011,0.445618152618408
bfa,2012,0.490365743637085
bfa,2013,0.53816819190979
bfa,2014,0.574011623859406
bfa,2015,0.618009448051453
bfa,2016,0.669557213783264
bfa,2017,0.726444959640503
bfa,2018,0.788062393665314
bfa,2019,0.859441041946411
bfa,2020,0.930715203285217
bfa,2021,1.0
bfa,2022,1.05516922473907
bfa,2023,1.11062932014465
bgr,1974,0.0284331757575274
bgr,1975,0.0327901728451252
bgr,1976,0.0371716022491455
bgr,1977,0.0418554879724979
bgr,1978,0.0468404330313206
bgr,1979,0.0515635125339031
bgr,1980,0.0574498288333416
bgr,1981,0.0631387606263161
bgr,1982,0.0684749707579613
bgr,1983,0.0735220685601234
bgr,1984,0.0781984776258469
bgr,1985,0.0832465291023254
bgr,1986,0.0888970792293549
bgr,1987,0.0947953015565872
bgr,1988,0.102153919637203
bgr,1989,0.109077602624893
bgr,1990,0.110152721405029
bgr,1991,0.108893625438213
bgr,1992,0.110076382756233
bgr,1993,0.112869374454021
bgr,1994,0.124123886227608
bgr,1995,0.13767983019352
bgr,1996,0.134273290634155
bgr,1997,0.14335697889328
bgr,1998,0.159556299448013
bgr,1999,0.18043640255928
bgr,2000,0.204856172204018
bgr,2001,0.236059412360191
bgr,2002,0.268050998449326
bgr,2003,0.302980661392212
bgr,2004,0.340289860963821
bgr,2005,0.39379620552063
bgr,2006,0.450583875179291
bgr,2007,0.518019735813141
bgr,2008,0.597940802574158
bgr,2009,0.64337146282196
bgr,2010,0.674169361591339
bgr,2011,0.705503046512604
bgr,2012,0.735194802284241
bgr,2013,0.764586627483368
bgr,2014,0.796564042568207
bgr,2015,0.829529941082001
bgr,2016,0.853885173797607
bgr,2017,0.881880402565002
bgr,2018,0.913271009922028
bgr,2019,0.94725513458252
bgr,2020,0.978218793869019
bgr,2021,1.0
bgr,2022,1.02843451499939
bgr,2023,1.06217539310455
bhr,1974,0.0625999867916107
bhr,1975,0.064079187810421
bhr,1976,0.0738783851265907
bhr,1977,0.0842688456177712
bhr,1978,0.0900677517056465
bhr,1979,0.0996756181120873
bhr,1980,0.111805811524391
bhr,1981,0.120620973408222
bhr,1982,0.13079921901226
bhr,1983,0.148231640458107
bhr,1984,0.166000425815582
bhr,1985,0.169764563441277
bhr,1986,0.173869833350182
bhr,1987,0.176164090633392
bhr,1988,0.180308550596237
bhr,1989,0.18703693151474
bhr,1990,0.193436503410339
bhr,1991,0.203726038336754
bhr,1992,0.215341091156006
bhr,1993,0.227656841278076
bhr,1994,0.237440958619118
bhr,1995,0.243472650647163
bhr,1996,0.249868541955948
bhr,1997,0.258245885372162
bhr,1998,0.266611576080322
bhr,1999,0.271348804235458
bhr,2000,0.281588941812515
bhr,2001,0.289149791002274
bhr,2002,0.304067820310593
bhr,2003,0.321522176265717
bhr,2004,0.336599171161652
bhr,2005,0.358735024929047
bhr,2006,0.386168152093887
bhr,2007,0.428858309984207
bhr,2008,0.482502311468124
bhr,2009,0.51070636510849
bhr,2010,0.545785188674927
bhr,2011,0.57157427072525
bhr,2012,0.60311484336853
bhr,2013,0.642095029354096
bhr,2014,0.689225196838379
bhr,2015,0.722685515880585
bhr,2016,0.762768268585205
bhr,2017,0.812664151191711
bhr,2018,0.869020521640778
bhr,2019,0.918507754802704
bhr,2020,0.963511884212494
bhr,2021,1.0
bhr,2022,1.04966974258423
bhr,2023,1.10606288909912
bhs,1974,0.0559601038694382
bhs,1975,0.0575101710855961
bhs,1976,0.0594318024814129
bhs,1977,0.062281608581543
bhs,1978,0.0651623532176018
bhs,1979,0.0701781064271927
bhs,1980,0.0777487456798554
bhs,1981,0.0846593454480171
bhs,1982,0.0933912768959999
bhs,1983,0.101676866412163
bhs,1984,0.110164731740952
bhs,1985,0.120843671262264
bhs,1986,0.130743011832237
bhs,1987,0.141745433211327
bhs,1988,0.151778697967529
bhs,1989,0.171776697039604
bhs,1990,0.188421294093132
bhs,1991,0.203123465180397
bhs,1992,0.217186033725739
bhs,1993,0.225414827466011
bhs,1994,0.237806335091591
bhs,1995,0.252907782793045
bhs,1996,0.270102649927139
bhs,1997,0.300560504198074
bhs,1998,0.340706706047058
bhs,1999,0.370738118886948
bhs,2000,0.407266467809677
bhs,2001,0.437706708908081
bhs,2002,0.464452475309372
bhs,2003,0.492915153503418
bhs,2004,0.516897797584534
bhs,2005,0.553199231624603
bhs,2006,0.602469921112061
bhs,2007,0.648690760135651
bhs,2008,0.680613815784454
bhs,2009,0.700693607330322
bhs,2010,0.713722944259644
bhs,2011,0.73507285118103
bhs,2012,0.774690628051758
bhs,2013,0.804022490978241
bhs,2014,0.84462034702301
bhs,2015,0.86640191078186
bhs,2016,0.892228126525879
bhs,2017,0.925077259540558
bhs,2018,0.953235030174255
bhs,2019,0.982103824615479
bhs,2020,0.986010432243347
bhs,2021,1.0
bhs,2022,1.0117689371109
bhs,2023,1.02573096752167
bih,1994,0.100427605211735
bih,1995,0.10064572095871
bih,1996,0.129937961697578
bih,1997,0.167767480015755
bih,1998,0.205848336219788
bih,1999,0.236755356192589
bih,2000,0.265353560447693
bih,2001,0.291950136423111
bih,2002,0.320864081382751
bih,2003,0.350146859884262
bih,2004,0.378950595855713
bih,2005,0.417929112911224
bih,2006,0.446390211582184
bih,2007,0.494974344968796
bih,2008,0.554534256458283
bih,2009,0.589413404464722
bih,2010,0.612996339797974
bih,2011,0.641973257064819
bih,2012,0.672176778316498
bih,2013,0.69688892364502
bih,2014,0.729925155639648
bih,2015,0.759539663791657
bih,2016,0.792070150375366
bih,2017,0.830294907093048
bih,2018,0.874687373638153
bih,2019,0.920949339866638
bih,2020,0.957181930541992
bih,2021,1.0
bih,2022,1.03795683383942
bih,2023,1.09213244915009
blr,1994,0.348298370838165
blr,1995,0.344255268573761
blr,1996,0.34072944521904
blr,1997,0.340997219085693
blr,1998,0.358432501554489
blr,1999,0.369956225156784
blr,2000,0.378383129835129
blr,2001,0.381674945354462
blr,2002,0.385115563869476
blr,2003,0.396168321371079
blr,2004,0.41276416182518
blr,2005,0.433909207582474
blr,2006,0.470171689987183
blr,2007,0.510788440704346
blr,2008,0.561003625392914
blr,2009,0.605733752250671
blr,2010,0.663138687610626
blr,2011,0.730100631713867
blr,2012,0.775340557098389
blr,2013,0.821565389633179
blr,2014,0.858729362487793
blr,2015,0.88152688741684
blr,2016,0.895564138889313
blr,2017,0.917690396308899
blr,2018,0.944597363471985
blr,2019,0.970916628837585
blr,2020,0.988095104694367
blr,2021,1.0
blr,2022,0.998592853546143
blr,2023,1.00979566574097
bmu,1986,0.555993020534515
bmu,1987,0.57255631685257
bmu,1988,0.600303709506989
bmu,1989,0.616455435752869
bmu,1990,0.620273947715759
bmu,1991,0.617471694946289
bmu,1992,0.615894913673401
bmu,1993,0.615648150444031
bmu,1994,0.613999485969544
bmu,1995,0.616063296794891
bmu,1996,0.627223253250122
bmu,1997,0.640951573848724
bmu,1998,0.671600103378296
bmu,1999,0.703908026218414
bmu,2000,0.736777067184448
bmu,2001,0.767400145530701
bmu,2002,0.775507092475891
bmu,2003,0.774878740310669
bmu,2004,0.801212251186371
bmu,2005,0.83319503068924
bmu,2006,0.856537520885468
bmu,2007,0.879056513309479
bmu,2008,0.915988743305206
bmu,2009,0.931185007095337
bmu,2010,0.930865406990051
bmu,2011,0.919281482696533
bmu,2012,0.904556512832642
bmu,2013,0.894995808601379
bmu,2014,0.894853532314301
bmu,2015,0.898068010807037
bmu,2016,0.911474227905273
bmu,2017,0.936499297618866
bmu,2018,0.954954206943512
bmu,2019,0.982996463775635
bmu,2020,0.98647141456604
bmu,2021,1.0
bmu,2022,1.01339519023895
bmu,2023,1.02515184879303
bol,1954,0.0875755771994591
bol,1955,0.0948802754282951
bol,1956,0.10073034465313
bol,1957,0.105648793280125
bol,1958,0.109844267368317
bol,1959,0.11214205622673
bol,1960,0.11693374812603
bol,1961,0.119882859289646
bol,1962,0.128207236528397
bol,1963,0.135222494602203
bol,1964,0.142941132187843
bol,1965,0.149835258722305
bol,1966,0.15744049847126
bol,1967,0.163726404309273
bol,1968,0.169166743755341
bol,1969,0.174088358879089
bol,1970,0.178368955850601
bol,1971,0.183645516633987
bol,1972,0.192477405071259
bol,1973,0.203613415360451
bol,1974,0.210163816809654
bol,1975,0.22131185233593
bol,1976,0.232840269804001
bol,1977,0.243484988808632
bol,1978,0.261445075273514
bol,1979,0.273644030094147
bol,1980,0.279964148998261
bol,1981,0.284464150667191
bol,1982,0.28055876493454
bol,1983,0.275361984968185
bol,1984,0.267298579216003
bol,1985,0.264759868383408
bol,1986,0.265506982803345
bol,1987,0.267112404108048
bol,1988,0.269732534885407
bol,1989,0.271809220314026
bol,1990,0.276778221130371
bol,1991,0.285765498876572
bol,1992,0.29694664478302
bol,1993,0.30836620926857
bol,1994,0.315634071826935
bol,1995,0.326095163822174
bol,1996,0.33919757604599
bol,1997,0.361992120742798
bol,1998,0.392710953950882
bol,1999,0.411946356296539
bol,2000,0.426540076732636
bol,2001,0.427204132080078
bol,2002,0.434159219264984
bol,2003,0.439062029123306
bol,2004,0.44419664144516
bol,2005,0.45259690284729
bol,2006,0.464116483926773
bol,2007,0.480418264865875
bol,2008,0.503363609313965
bol,2009,0.526235044002533
bol,2010,0.552200496196747
bol,2011,0.59111613035202
bol,2012,0.627576291561127
bol,2013,0.669904947280884
bol,2014,0.718108952045441
bol,2015,0.77180814743042
bol,2016,0.820691466331482
bol,2017,0.877992987632752
bol,2018,0.93245792388916
bol,2019,0.975259602069855
bol,2020,0.980817973613739
bol,2021,1.0
bol,2022,1.02624499797821
bol,2023,1.05843198299408
bra,1954,0.041685301810503
bra,1955,0.0439090505242348
bra,1956,0.0456672050058842
bra,1957,0.0487784631550312
bra,1958,0.0516033880412579
bra,1959,0.0556786917150021
bra,1960,0.0590632520616055
bra,1961,0.063034750521183
bra,1962,0.0668723955750465
bra,1963,0.0697376132011414
bra,1964,0.0728742778301239
bra,1965,0.0767419040203095
bra,1966,0.0812062472105026
bra,1967,0.0848034769296646
bra,1968,0.0899924710392952
bra,1969,0.0989074632525444
bra,1970,0.107478365302086
bra,1971,0.117766819894314
bra,1972,0.129981935024261
bra,1973,0.14505909383297
bra,1974,0.162288814783096
bra,1975,0.181025788187981
bra,1976,0.200455039739609
bra,1977,0.218148663640022
bra,1978,0.237344667315483
bra,1979,0.25633430480957
bra,1980,0.279722034931183
bra,1981,0.295122176408768
bra,1982,0.307142406702042
bra,1983,0.313748329877853
bra,1984,0.320220440626144
bra,1985,0.329502403736115
bra,1986,0.345056384801865
bra,1987,0.359638005495071
bra,1988,0.372737348079681
bra,1989,0.385154962539673
bra,1990,0.395446330308914
bra,1991,0.406864583492279
bra,1992,0.416699886322022
bra,1993,0.427857458591461
bra,1994,0.443955451250076
bra,1995,0.466881722211838
bra,1996,0.486899971961975
bra,1997,0.508599698543549
bra,1998,0.528054177761078
bra,1999,0.542375326156616
bra,2000,0.557612776756287
bra,2001,0.573199152946472
bra,2002,0.586187660694122
bra,2003,0.597988486289978
bra,2004,0.613798975944519
bra,2005,0.630081593990326
bra,2006,0.649876236915588
bra,2007,0.675411701202393
bra,2008,0.708193123340607
bra,2009,0.733544826507568
bra,2010,0.770475208759308
bra,2011,0.808976769447327
bra,2012,0.844058454036713
bra,2013,0.881979644298554
bra,2014,0.912350177764893
bra,2015,0.927394449710846
bra,2016,0.931358695030212
bra,2017,0.93741500377655
bra,2018,0.948371589183807
bra,2019,0.962426126003265
bra,2020,0.975764393806458
bra,2021,1.0
bra,2022,1.0239976644516
bra,2023,1.04261481761932
brb,1964,0.117420107126236
brb,1965,0.124509654939175
brb,1966,0.131585940718651
brb,1967,0.140073165297508
brb,1968,0.15231466293335
brb,1969,0.16442734003067
brb,1970,0.18090583384037
brb,1971,0.192483305931091
brb,1972,0.203981801867485
brb,1973,0.214517816901207
brb,1974,0.226410955190659
brb,1975,0.238170251250267
brb,1976,0.260335266590118
brb,1977,0.27596852183342
brb,1978,0.295835286378861
brb,1979,0.314960479736328
brb,1980,0.335622042417526
brb,1981,0.359629154205322
brb,1982,0.372517615556717
brb,1983,0.381147682666779
brb,1984,0.387295365333557
brb,1985,0.391855865716934
brb,1986,0.399601191282272
brb,1987,0.40758341550827
brb,1988,0.419039607048035
brb,1989,0.434766590595245
brb,1990,0.447329014539719
brb,1991,0.459733635187149
brb,1992,0.456041127443314
brb,1993,0.459406346082687
brb,1994,0.471969872713089
brb,1995,0.486936092376709
brb,1996,0.504416167736054
brb,1997,0.540104866027832
brb,1998,0.584895074367523
brb,1999,0.624776482582092
brb,2000,0.656202375888825
brb,2001,0.679408371448517
brb,2002,0.716838002204895
brb,2003,0.742053091526032
brb,2004,0.768288135528565
brb,2005,0.794692575931549
brb,2006,0.830353200435638
brb,2007,0.852779746055603
brb,2008,0.868783593177795
brb,2009,0.86437463760376
brb,2010,0.859935283660889
brb,2011,0.86857807636261
brb,2012,0.894652307033539
brb,2013,0.922059774398804
brb,2014,0.948340892791748
brb,2015,0.97675895690918
brb,2016,1.00522887706757
brb,2017,0.998421669006348
brb,2018,0.990394949913025
brb,2019,0.98931610584259
brb,2020,0.995535135269165
brb,2021,1.0
brb,2022,1.01840329170227
brb,2023,1.03917753696442
bwa,1964,0.00710048247128725
bwa,1965,0.00698956148698926
bwa,1966,0.00751835759729147
bwa,1967,0.00830662343651056
bwa,1968,0.00967093463987112
bwa,1969,0.0103191211819649
bwa,1970,0.0125773521140218
bwa,1971,0.0165658369660378
bwa,1972,0.0215467419475317
bwa,1973,0.0268534142524004
bwa,1974,0.0301878415048122
bwa,1975,0.0325353071093559
bwa,1976,0.0342372916638851
bwa,1977,0.0358359143137932
bwa,1978,0.0376992933452129
bwa,1979,0.0408362820744515
bwa,1980,0.0455168783664703
bwa,1981,0.0513175502419472
bwa,1982,0.0570984929800034
bwa,1983,0.0618498250842094
bwa,1984,0.0657680183649063
bwa,1985,0.0708174258470535
bwa,1986,0.0759873166680336
bwa,1987,0.0808967277407646
bwa,1988,0.0882867351174355
bwa,1989,0.104777336120605
bwa,1990,0.121579140424728
bwa,1991,0.136344775557518
bwa,1992,0.149099469184876
bwa,1993,0.160419180989265
bwa,1994,0.1706213504076
bwa,1995,0.182150319218636
bwa,1996,0.192356079816818
bwa,1997,0.206723392009735
bwa,1998,0.223736330866814
bwa,1999,0.241989433765411
bwa,2000,0.260107278823853
bwa,2001,0.278690487146378
bwa,2002,0.296086311340332
bwa,2003,0.31236144900322
bwa,2004,0.327104687690735
bwa,2005,0.33899712562561
bwa,2006,0.353123664855957
bwa,2007,0.38114207983017
bwa,2008,0.415085732936859
bwa,2009,0.447627335786819
bwa,2010,0.48115661740303
bwa,2011,0.530613958835602
bwa,2012,0.581332623958588
bwa,2013,0.624799728393555
bwa,2014,0.668040215969086
bwa,2015,0.71384584903717
bwa,2016,0.761787176132202
bwa,2017,0.80279552936554
bwa,2018,0.851295113563538
bwa,2019,0.909055829048157
bwa,2020,0.955789387226105
bwa,2021,1.0
bwa,2022,1.04332339763641
bwa,2023,1.09098839759827
caf,1980,0.772501468658447
caf,1981,0.765366971492767
caf,1982,0.745749890804291
caf,1983,0.744166016578674
caf,1984,0.740857779979706
caf,1985,0.758798241615295
caf,1986,0.772770583629608
caf,1987,0.781080603599548
caf,1988,0.77854984998703
caf,1989,0.78081089258194
caf,1990,0.787826001644135
caf,1991,0.79616129398346
caf,1992,0.802592754364014
caf,1993,0.800034642219544
caf,1994,0.808249175548554
caf,1995,0.829334199428558
caf,1996,0.809554100036621
caf,1997,0.796507358551025
caf,1998,0.787531852722168
caf,1999,0.798510909080505
caf,2000,0.801162242889404
caf,2001,0.802634179592133
caf,2002,0.802467346191406
caf,2003,0.79019832611084
caf,2004,0.783030807971954
caf,2005,0.787379443645477
caf,2006,0.795702338218689
caf,2007,0.803873777389526
caf,2008,0.811057567596436
caf,2009,0.818712830543518
caf,2010,0.836723208427429
caf,2011,0.844904780387878
caf,2012,0.847054302692413
caf,2013,0.826190292835236
caf,2014,0.836709499359131
caf,2015,0.84840601682663
caf,2016,0.866710186004639
caf,2017,0.89685070514679
caf,2018,0.926526665687561
caf,2019,0.945757865905762
caf,2020,0.980074226856232
caf,2021,1.0
caf,2022,1.01560890674591
caf,2023,1.0287424325943
can,1954,0.0628137215971947
can,1955,0.065735787153244
can,1956,0.0705211758613586
can,1957,0.0746206268668175
can,1958,0.0775618553161621
can,1959,0.0811136439442635
can,1960,0.0847805738449097
can,1961,0.0882171243429184
can,1962,0.0925909355282784
can,1963,0.097383052110672
can,1964,0.102982230484486
can,1965,0.110486038029194
can,1966,0.119645409286022
can,1967,0.126884803175926
can,1968,0.133688926696777
can,1969,0.141549587249756
can,1970,0.147877186536789
can,1971,0.155072495341301
can,1972,0.162644043564796
can,1973,0.171735480427742
can,1974,0.181945949792862
can,1975,0.192164018750191
can,1976,0.202235385775566
can,1977,0.212340518832207
can,1978,0.2233926653862
can,1979,0.235372796654701
can,1980,0.248521089553833
can,1981,0.26364129781723
can,1982,0.273668199777603
can,1983,0.283367604017258
can,1984,0.293448984622955
can,1985,0.304944723844528
can,1986,0.315939515829086
can,1987,0.328794270753861
can,1988,0.344315022230148
can,1989,0.36010068655014
can,1990,0.37352666258812
can,1991,0.384727388620377
can,1992,0.394765049219131
can,1993,0.404591977596283
can,1994,0.416915088891983
can,1995,0.429027706384659
can,1996,0.443757385015488
can,1997,0.462988793849945
can,1998,0.486410230398178
can,1999,0.50971245765686
can,2000,0.53130841255188
can,2001,0.551912844181061
can,2002,0.569322049617767
can,2003,0.588235199451447
can,2004,0.610421895980835
can,2005,0.637167036533356
can,2006,0.666294753551483
can,2007,0.694763660430908
can,2008,0.721806168556213
can,2009,0.737685799598694
can,2010,0.75826358795166
can,2011,0.781339764595032
can,2012,0.806307137012482
can,2013,0.830331146717072
can,2014,0.85570228099823
can,2015,0.876842558383942
can,2016,0.894065856933594
can,2017,0.913533985614777
can,2018,0.935320615768433
can,2019,0.95642614364624
can,2020,0.973465502262116
can,2021,1.0
can,2022,1.02421939373016
can,2023,1.04346370697021
che,1954,0.0978905782103539
che,1955,0.101544253528118
che,1956,0.106431044638157
che,1957,0.11157663911581
che,1958,0.114117033779621
che,1959,0.118034616112709
che,1960,0.12393032759428
che,1961,0.131843164563179
che,1962,0.140276312828064
che,1963,0.148573741316795
che,1964,0.157414138317108
che,1965,0.164719328284264
che,1966,0.171617165207863
che,1967,0.178905740380287
che,1968,0.185936525464058
che,1969,0.193508207798004
che,1970,0.204676002264023
che,1971,0.217496007680893
che,1972,0.230346351861954
che,1973,0.242331385612488
che,1974,0.252730906009674
che,1975,0.257690727710724
che,1976,0.25984451174736
che,1977,0.263069868087769
che,1978,0.268517971038818
che,1979,0.275285631418228
che,1980,0.285409867763519
che,1981,0.295318722724915
che,1982,0.303315669298172
che,1983,0.312397956848145
che,1984,0.322104215621948
che,1985,0.333119690418243
che,1986,0.346662133932114
che,1987,0.360594242811203
che,1988,0.376664757728577
che,1989,0.393358290195465
che,1990,0.411631554365158
che,1991,0.426816523075104
che,1992,0.435932666063309
che,1993,0.442757159471512
che,1994,0.450735718011856
che,1995,0.461902111768723
che,1996,0.474191755056381
che,1997,0.490203976631165
che,1998,0.51260644197464
che,1999,0.537577688694
che,2000,0.560872673988342
che,2001,0.582656264305115
che,2002,0.602349698543549
che,2003,0.618312478065491
che,2004,0.636096060276032
che,2005,0.657555758953095
che,2006,0.682412981987
che,2007,0.709626793861389
che,2008,0.736574769020081
che,2009,0.754588544368744
che,2010,0.770926713943481
che,2011,0.789988934993744
che,2012,0.809971034526825
che,2013,0.8251051902771
che,2014,0.84372079372406
che,2015,0.864691853523254
che,2016,0.88804566860199
che,2017,0.914826273918152
che,2018,0.939012110233307
che,2019,0.961587727069855
che,2020,0.980330049991608
che,2021,1.0
che,2022,1.01719832420349
che,2023,1.03321313858032
chl,1955,0.0376274548470974
chl,1956,0.0387208387255669
chl,1957,0.0397287122905254
chl,1958,0.0407665111124516
chl,1959,0.0416471548378468
chl,1960,0.0432152450084686
chl,1961,0.0450847297906876
chl,1962,0.046664971858263
chl,1963,0.0488619655370712
chl,1964,0.0517419762909412
chl,1965,0.0544585511088371
chl,1966,0.0589689649641514
chl,1967,0.062819242477417
chl,1968,0.0670660510659218
chl,1969,0.071628600358963
chl,1970,0.0766145810484886
chl,1971,0.0813111439347267
chl,1972,0.0845877751708031
chl,1973,0.0878733098506928
chl,1974,0.0923800244927406
chl,1975,0.0956380665302277
chl,1976,0.0979794561862946
chl,1977,0.100987575948238
chl,1978,0.104649141430855
chl,1979,0.109188072383404
chl,1980,0.115252532064915
chl,1981,0.122136890888214
chl,1982,0.123390965163708
chl,1983,0.1236707046628
chl,1984,0.125450909137726
chl,1985,0.127880185842514
chl,1986,0.129534691572189
chl,1987,0.132571518421173
chl,1988,0.136824101209641
chl,1989,0.144139647483826
chl,1990,0.151510313153267
chl,1991,0.15889298915863
chl,1992,0.168745011091232
chl,1993,0.180302605032921
chl,1994,0.193087711930275
chl,1995,0.210033103823662
chl,1996,0.227234214544296
chl,1997,0.246462568640709
chl,1998,0.265273183584213
chl,1999,0.279005885124207
chl,2000,0.295022070407867
chl,2001,0.310720205307007
chl,2002,0.32680082321167
chl,2003,0.344994574785233
chl,2004,0.367581933736801
chl,2005,0.398078083992004
chl,2006,0.42880591750145
chl,2007,0.463030397891998
chl,2008,0.504552245140076
chl,2009,0.536130487918854
chl,2010,0.574766933917999
chl,2011,0.62146919965744
chl,2012,0.67360132932663
chl,2013,0.721079409122467
chl,2014,0.761212825775147
chl,2015,0.799788475036621
chl,2016,0.834907650947571
chl,2017,0.864879429340363
chl,2018,0.899824857711792
chl,2019,0.936411261558533
chl,2020,0.960853040218353
chl,2021,1.0
chl,2022,1.04246437549591
chl,2023,1.0787445306778
chn,1956,0.0030818940140307
chn,1957,0.00332377688027918
chn,1958,0.00376833463087678
chn,1959,0.0044316528365016
chn,1960,0.00496212998405099
chn,1961,0.00499324314296246
chn,1962,0.00490357540547848
chn,1963,0.00494346581399441
chn,1964,0.00510629313066602
chn,1965,0.00540644628927112
chn,1966,0.00582340871915221
chn,1967,0.00603468855842948
chn,1968,0.0062308581545949
chn,1969,0.00649838149547577
chn,1970,0.00706685986369848
chn,1971,0.00769134564325213
chn,1972,0.00830798130482435
chn,1973,0.00896373391151428
chn,1974,0.00972879212349653
chn,1975,0.010660320520401
chn,1976,0.011474578641355
chn,1977,0.0123305059969425
chn,1978,0.0135169150307775
chn,1979,0.0147284073755145
chn,1980,0.01604332216084
chn,1981,0.0172297358512878
chn,1982,0.0186120793223381
chn,1983,0.0202082302421331
chn,1984,0.0222146529704332
chn,1985,0.024701114743948
chn,1986,0.0272675752639771
chn,1987,0.0300009008497
chn,1988,0.033122256398201
chn,1989,0.0351600795984268
chn,1990,0.0369083136320114
chn,1991,0.0392756126821041
chn,1992,0.0431182309985161
chn,1993,0.0488990321755409
chn,1994,0.0550669990479946
chn,1995,0.0613195262849331
chn,1996,0.0680870339274406
chn,1997,0.0753369256854057
chn,1998,0.0842215865850449
chn,1999,0.0936145856976509
chn,2000,0.103671215474606
chn,2001,0.115001544356346
chn,2002,0.128157004714012
chn,2003,0.145352527499199
chn,2004,0.165373355150223
chn,2005,0.187622770667076
chn,2006,0.211575150489807
chn,2007,0.23678757250309
chn,2008,0.265839546918869
chn,2009,0.305032521486282
chn,2010,0.349190682172775
chn,2011,0.395465135574341
chn,2012,0.4453364610672
chn,2013,0.498182743787766
chn,2014,0.552694439888001
chn,2015,0.608782052993774
chn,2016,0.667532384395599
chn,2017,0.728950679302216
chn,2018,0.794811427593231
chn,2019,0.862150967121124
chn,2020,0.929121732711792
chn,2021,1.0
chn,2022,1.0718320608139
chn,2023,1.14477896690369
civ,1964,0.0502067394554615
civ,1965,0.0577854327857494
civ,1966,0.0658739134669304
civ,1967,0.0727544352412224
civ,1968,0.0793641656637192
civ,1969,0.0879337564110756
civ,1970,0.0992400348186493
civ,1971,0.11028453707695
civ,1972,0.12020218372345
civ,1973,0.133950114250183
civ,1974,0.144910529255867
civ,1975,0.157336607575417
civ,1976,0.174374535679817
civ,1977,0.202219471335411
civ,1978,0.235798582434654
civ,1979,0.262018740177155
civ,1980,0.281193375587463
civ,1981,0.298515141010284
civ,1982,0.312735617160797
civ,1983,0.319640725851059
civ,1984,0.317055404186249
civ,1985,0.315218955278397
civ,1986,0.314392805099487
civ,1987,0.311774909496307
civ,1988,0.308511465787888
civ,1989,0.305433601140976
civ,1990,0.300220757722855
civ,1991,0.296183377504349
civ,1992,0.292675703763962
civ,1993,0.289726704359055
civ,1994,0.289728701114655
civ,1995,0.295029282569885
civ,1996,0.303765952587128
civ,1997,0.312485694885254
civ,1998,0.321142822504044
civ,1999,0.329671740531921
civ,2000,0.330120116472244
civ,2001,0.327714443206787
civ,2002,0.329178273677826
civ,2003,0.327842622995377
civ,2004,0.329200893640518
civ,2005,0.329890906810761
civ,2006,0.33243003487587
civ,2007,0.34002298116684
civ,2008,0.348464250564575
civ,2009,0.35661044716835
civ,2010,0.371446818113327
civ,2011,0.37568810582161
civ,2012,0.395751178264618
civ,2013,0.4368035197258
civ,2014,0.491839349269867
civ,2015,0.560905158519745
civ,2016,0.632752001285553
civ,2017,0.700221657752991
civ,2018,0.769165575504303
civ,2019,0.842793166637421
civ,2020,0.913837611675263
civ,2021,1.0
civ,2022,1.1021808385849
civ,2023,1.21164989471436
cmr,1964,0.0524332411587238
cmr,1965,0.0570798628032208
cmr,1966,0.0628940761089325
cmr,1967,0.0673936158418655
cmr,1968,0.0716601237654686
cmr,1969,0.0750001668930054
cmr,1970,0.0811605677008629
cmr,1971,0.0859112143516541
cmr,1972,0.0891460403800011
cmr,1973,0.0934377163648605
cmr,1974,0.0990235060453415
cmr,1975,0.104268357157707
cmr,1976,0.110581688582897
cmr,1977,0.12024037539959
cmr,1978,0.135445788502693
cmr,1979,0.146540194749832
cmr,1980,0.160271197557449
cmr,1981,0.174336805939674
cmr,1982,0.189327329397202
cmr,1983,0.206338807940483
cmr,1984,0.22483392059803
cmr,1985,0.241607010364532
cmr,1986,0.255568355321884
cmr,1987,0.267143130302429
cmr,1988,0.277140825986862
cmr,1989,0.28167062997818
cmr,1990,0.284880042076111
cmr,1991,0.286661863327026
cmr,1992,0.283785760402679
cmr,1993,0.286997854709625
cmr,1994,0.294634133577347
cmr,1995,0.304506093263626
cmr,1996,0.315975517034531
cmr,1997,0.33292618393898
cmr,1998,0.348495334386826
cmr,1999,0.361492335796356
cmr,2000,0.376661151647568
cmr,2001,0.396292060613632
cmr,2002,0.415284603834152
cmr,2003,0.429815649986267
cmr,2004,0.449442178010941
cmr,2005,0.465932279825211
cmr,2006,0.482311576604843
cmr,2007,0.506778478622437
cmr,2008,0.53627747297287
cmr,2009,0.561072051525116
cmr,2010,0.584970831871033
cmr,2011,0.611994922161102
cmr,2012,0.637335956096649
cmr,2013,0.667566478252411
cmr,2014,0.707886695861816
cmr,2015,0.746538877487183
cmr,2016,0.78995943069458
cmr,2017,0.829737961292267
cmr,2018,0.874050140380859
cmr,2019,0.919584810733795
cmr,2020,0.957299113273621
cmr,2021,1.0
cmr,2022,1.05010318756104
cmr,2023,1.10227739810944
col,1954,0.0520174391567707
col,1955,0.0563147999346256
col,1956,0.0603026710450649
col,1957,0.0634298846125603
col,1958,0.0654859468340874
col,1959,0.0676131993532181
col,1960,0.0709104686975479
col,1961,0.0747393220663071
col,1962,0.0776560828089714
col,1963,0.0802086740732193
col,1964,0.0838456749916077
col,1965,0.0869828015565872
col,1966,0.0910187587141991
col,1967,0.0947478339076042
col,1968,0.0999191403388977
col,1969,0.105121918022633
col,1970,0.112005464732647
col,1971,0.119265720248222
col,1972,0.125770404934883
col,1973,0.132599517703056
col,1974,0.140399545431137
col,1975,0.147279366850853
col,1976,0.155490681529045
col,1977,0.163021415472031
col,1978,0.172154873609543
col,1979,0.182043641805649
col,1980,0.194253653287888
col,1981,0.206505671143532
col,1982,0.218343868851662
col,1983,0.22929610311985
col,1984,0.239596396684647
col,1985,0.247673451900482
col,1986,0.257852703332901
col,1987,0.268900185823441
col,1988,0.281827419996262
col,1989,0.292627841234207
col,1990,0.302490890026093
col,1991,0.309167563915253
col,1992,0.319046348333359
col,1993,0.339579522609711
col,1994,0.362216740846634
col,1995,0.382401347160339
col,1996,0.400461047887802
col,1997,0.417684495449066
col,1998,0.432230472564697
col,1999,0.434130489826202
col,2000,0.435669600963593
col,2001,0.440153002738953
col,2002,0.447636365890503
col,2003,0.459551811218262
col,2004,0.4730464220047
col,2005,0.491771310567856
col,2006,0.519913554191589
col,2007,0.554438710212708
col,2008,0.584380567073822
col,2009,0.610531508922577
col,2010,0.639556288719177
col,2011,0.676911354064941
col,2012,0.709914863109589
col,2013,0.74463278055191
col,2014,0.783405601978302
col,2015,0.822777390480042
col,2016,0.856304824352264
col,2017,0.889513731002808
col,2018,0.923408329486847
col,2019,0.959838330745697
col,2020,0.974399924278259
col,2021,1.0
col,2022,1.03274667263031
col,2023,1.05642139911652
cpv,1980,0.113460965454578
cpv,1981,0.119831599295139
cpv,1982,0.128962844610214
cpv,1983,0.138207018375397
cpv,1984,0.147253721952438
cpv,1985,0.157583937048912
cpv,1986,0.164997801184654
cpv,1987,0.171748489141464
cpv,1988,0.177835434675217
cpv,1989,0.184291064739227
cpv,1990,0.19110232591629
cpv,1991,0.197909191250801
cpv,1992,0.204135656356812
cpv,1993,0.213218659162521
cpv,1994,0.227393820881844
cpv,1995,0.248370662331581
cpv,1996,0.27423831820488
cpv,1997,0.289813607931137
cpv,1998,0.305420935153961
cpv,1999,0.327904492616653
cpv,2000,0.344117492437363
cpv,2001,0.366603851318359
cpv,2002,0.397474467754364
cpv,2003,0.423222959041595
cpv,2004,0.467775940895081
cpv,2005,0.493964076042175
cpv,2006,0.53264307975769
cpv,2007,0.606068730354309
cpv,2008,0.662055194377899
cpv,2009,0.694356679916382
cpv,2010,0.749504566192627
cpv,2011,0.802392840385437
cpv,2012,0.825068056583405
cpv,2013,0.834346890449524
cpv,2014,0.854512810707092
cpv,2015,0.864607572555542
cpv,2016,0.880421161651611
cpv,2017,0.914537310600281
cpv,2018,0.929800689220429
cpv,2019,0.949227035045624
cpv,2020,0.970699489116669
cpv,2021,1.0
cpv,2022,1.00752174854279
cpv,2023,0.99681293964386
cri,1954,0.0219345483928919
cri,1955,0.0230759866535664
cri,1956,0.0243639927357435
cri,1957,0.0258707106113434
cri,1958,0.0268479641526938
cri,1959,0.0284550897777081
cri,1960,0.0298818666487932
cri,1961,0.0313713178038597
cri,1962,0.0332244820892811
cri,1963,0.0351405814290047
cri,1964,0.0365534014999867
cri,1965,0.0390033833682537
cri,1966,0.0416114926338196
cri,1967,0.0443086363375187
cri,1968,0.0466330498456955
cri,1969,0.0497608073055744
cri,1970,0.0535674802958965
cri,1971,0.0582830011844635
cri,1972,0.0630889609456062
cri,1973,0.0682187452912331
cri,1974,0.0738430619239807
cri,1975,0.0786419808864594
cri,1976,0.0854211375117302
cri,1977,0.0933064296841621
cri,1978,0.1022964194417
cri,1979,0.113004378974438
cri,1980,0.120660468935966
cri,1981,0.124567337334156
cri,1982,0.124282352626324
cri,1983,0.125179618597031
cri,1984,0.12943796813488
cri,1985,0.13403245806694
cri,1986,0.139872372150421
cri,1987,0.14768585562706
cri,1988,0.154036566615105
cri,1989,0.162547081708908
cri,1990,0.173174753785133
cri,1991,0.179726183414459
cri,1992,0.192283093929291
cri,1993,0.207477167248726
cri,1994,0.221823647618294
cri,1995,0.236520335078239
cri,1996,0.249999523162842
cri,1997,0.269531607627869
cri,1998,0.299310505390167
cri,1999,0.324932724237442
cri,2000,0.345012962818146
cri,2001,0.364948481321335
cri,2002,0.386926084756851
cri,2003,0.409179598093033
cri,2004,0.431095659732819
cri,2005,0.456565797328949
cri,2006,0.484495639801025
cri,2007,0.519110500812531
cri,2008,0.557462096214294
cri,2009,0.582797467708588
cri,2010,0.611421525478363
cri,2011,0.641321241855621
cri,2012,0.674866378307343
cri,2013,0.712037861347199
cri,2014,0.749860405921936
cri,2015,0.787995278835297
cri,2016,0.831350564956665
cri,2017,0.871995985507965
cri,2018,0.910975217819214
cri,2019,0.940771758556366
cri,2020,0.965654730796814
cri,2021,1.0
cri,2022,1.03376376628876
cri,2023,1.06827521324158
cym,1991,0.188205167651176
cym,1992,0.20324994623661
cym,1993,0.218858391046524
cym,1994,0.235167980194092
cym,1995,0.252960503101349
cym,1996,0.271034479141235
cym,1997,0.289948642253876
cym,1998,0.317464977502823
cym,1999,0.345182955265045
cym,2000,0.371698975563049
cym,2001,0.398215889930725
cym,2002,0.424525499343872
cym,2003,0.453241795301437
cym,2004,0.483293056488037
cym,2005,0.513690233230591
cym,2006,0.543430924415588
cym,2007,0.5734503865242
cym,2008,0.605195105075836
cym,2009,0.631666958332062
cym,2010,0.656898260116577
cym,2011,0.680898547172546
cym,2012,0.704218327999115
cym,2013,0.727180302143097
cym,2014,0.751381993293762
cym,2015,0.774704813957214
cym,2016,0.800159335136414
cym,2017,0.827227234840393
cym,2018,0.863416373729706
cym,2019,0.901602387428284
cym,2020,0.946341991424561
cym,2021,1.0
cym,2022,1.05102074146271
cym,2023,1.10471403598785
cyp,1954,0.0990021154284477
cyp,1955,0.109477907419205
cyp,1956,0.119467191398144
cyp,1957,0.128066763281822
cyp,1958,0.128863081336021
cyp,1959,0.131009668111801
cyp,1960,0.131492748856545
cyp,1961,0.134035214781761
cyp,1962,0.142080068588257
cyp,1963,0.148331061005592
cyp,1964,0.149140849709511
cyp,1965,0.157500296831131
cyp,1966,0.164396777749062
cyp,1967,0.171880692243576
cyp,1968,0.178818598389626
cyp,1969,0.190897569060326
cyp,1970,0.202496141195297
cyp,1971,0.212610572576523
cyp,1972,0.223026931285858
cyp,1973,0.231016933917999
cyp,1974,0.231524065136909
cyp,1975,0.223527550697327
cyp,1976,0.219233155250549
cyp,1977,0.228942856192589
cyp,1978,0.243427932262421
cyp,1979,0.260886877775192
cyp,1980,0.279033273458481
cyp,1981,0.29318955540657
cyp,1982,0.310676664113998
cyp,1983,0.323742747306824
cyp,1984,0.349901914596558
cyp,1985,0.365665256977081
cyp,1986,0.37335067987442
cyp,1987,0.383173823356628
cyp,1988,0.398714154958725
cyp,1989,0.426362067461014
cyp,1990,0.446615636348724
cyp,1991,0.462366908788681
cyp,1992,0.491592079401016
cyp,1993,0.506639957427979
cyp,1994,0.517370820045471
cyp,1995,0.528437435626984
cyp,1996,0.536735832691193
cyp,1997,0.549744367599487
cyp,1998,0.552910625934601
cyp,1999,0.566096365451813
cyp,2000,0.57914799451828
cyp,2001,0.590337514877319
cyp,2002,0.607692241668701
cyp,2003,0.62202799320221
cyp,2004,0.638695657253265
cyp,2005,0.657079339027405
cyp,2006,0.689335942268372
cyp,2007,0.722031056880951
cyp,2008,0.764234244823456
cyp,2009,0.794187247753143
cyp,2010,0.823275089263916
cyp,2011,0.841765701770783
cyp,2012,0.849148035049439
cyp,2013,0.85055023431778
cyp,2014,0.849840521812439
cyp,2015,0.850038230419159
cyp,2016,0.877812623977661
cyp,2017,0.914796411991119
cyp,2018,0.934471309185028
cyp,2019,0.952939569950104
cyp,2020,0.97580498456955
cyp,2021,1.0
cyp,2022,1.03147828578949
cyp,2023,1.06927704811096
cze,1994,0.476360589265823
cze,1995,0.506264865398407
cze,1996,0.544951796531677
cze,1997,0.575459182262421
cze,1998,0.597990334033966
cze,1999,0.616695523262024
cze,2000,0.639878749847412
cze,2001,0.663561403751373
cze,2002,0.682878434658051
cze,2003,0.700109481811523
cze,2004,0.718331158161163
cze,2005,0.738527059555054
cze,2006,0.761074066162109
cze,2007,0.790735125541687
cze,2008,0.817741990089417
cze,2009,0.830985367298126
cze,2010,0.84391313791275
cze,2011,0.857858538627625
cze,2012,0.86718088388443
cze,2013,0.874967277050018
cze,2014,0.884248077869415
cze,2015,0.901355385780335
cze,2016,0.91463166475296
cze,2017,0.928020894527435
cze,2018,0.946759045124054
cze,2019,0.968470573425293
cze,2020,0.978746056556702
cze,2021,1.0
cze,2022,1.02721428871155
cze,2023,1.04865574836731
deu,1954,0.073059193789959
deu,1955,0.0808217003941536
deu,1956,0.0883176326751709
deu,1957,0.0955263525247574
deu,1958,0.102457016706467
deu,1959,0.110869601368904
deu,1960,0.121441021561623
deu,1961,0.131963804364204
deu,1962,0.142735868692398
deu,1963,0.152799993753433
deu,1964,0.164991915225983
deu,1965,0.177932888269424
deu,1966,0.189843997359276
deu,1967,0.198000118136406
deu,1968,0.208177134394646
deu,1969,0.221556544303894
deu,1970,0.237736374139786
deu,1971,0.254734754562378
deu,1972,0.270990401506424
deu,1973,0.285789877176285
deu,1974,0.297403007745743
deu,1975,0.307493895292282
deu,1976,0.318936914205551
deu,1977,0.332166165113449
deu,1978,0.348082453012466
deu,1979,0.365424275398254
deu,1980,0.382982015609741
deu,1981,0.397703588008881
deu,1982,0.408937007188797
deu,1983,0.421812176704407
deu,1984,0.43458554148674
deu,1985,0.448479235172272
deu,1986,0.462223798036575
deu,1987,0.476318746805191
deu,1988,0.491811394691467
deu,1989,0.509384751319885
deu,1990,0.530268669128418
deu,1991,0.552994728088379
deu,1992,0.573924541473389
deu,1993,0.587598443031311
deu,1994,0.601306557655335
deu,1995,0.615671753883362
deu,1996,0.631350815296173
deu,1997,0.648351013660431
deu,1998,0.669715344905853
deu,1999,0.692969620227814
deu,2000,0.717185378074646
deu,2001,0.736621916294098
deu,2002,0.749446332454681
deu,2003,0.759141027927399
deu,2004,0.768796265125275
deu,2005,0.780634760856628
deu,2006,0.796717941761017
deu,2007,0.813554644584656
deu,2008,0.82942134141922
deu,2009,0.834850311279297
deu,2010,0.845188736915588
deu,2011,0.859074532985687
deu,2012,0.870795071125031
deu,2013,0.880889415740967
deu,2014,0.893291234970093
deu,2015,0.907356798648834
deu,2016,0.922627031803131
deu,2017,0.939316093921661
deu,2018,0.957742094993591
deu,2019,0.975688099861145
deu,2020,0.987705528736115
deu,2021,1.0
deu,2022,1.01132822036743
deu,2023,1.01924324035645
dji,1980,0.0396754890680313
dji,1981,0.0415227338671684
dji,1982,0.0473642945289612
dji,1983,0.0533955432474613
dji,1984,0.0591847747564316
dji,1985,0.0633085668087006
dji,1986,0.0646872371435165
dji,1987,0.0670885741710663
dji,1988,0.0700022801756859
dji,1989,0.071970172226429
dji,1990,0.0744865164160729
dji,1991,0.0793164223432541
dji,1992,0.0850271359086037
dji,1993,0.0919222384691238
dji,1994,0.0975090637803078
dji,1995,0.101655475795269
dji,1996,0.104862540960312
dji,1997,0.109858624637127
dji,1998,0.116236798465252
dji,1999,0.114962726831436
dji,2000,0.115409694612026
dji,2001,0.117516979575157
dji,2002,0.124050997197628
dji,2003,0.139285400509834
dji,2004,0.151268392801285
dji,2005,0.171798899769783
dji,2006,0.219890087842941
dji,2007,0.271873086690903
dji,2008,0.303153574466705
dji,2009,0.3268101811409
dji,2010,0.337128460407257
dji,2011,0.357924699783325
dji,2012,0.384303659200668
dji,2013,0.441215366125107
dji,2014,0.507905185222626
dji,2015,0.58652538061142
dji,2016,0.66167676448822
dji,2017,0.730426609516144
dji,2018,0.797332882881165
dji,2019,0.86330908536911
dji,2020,0.930133521556854
dji,2021,1.0
dji,2022,1.06855177879334
dji,2023,1.13683760166168
dnk,1954,0.093739777803421
dnk,1955,0.0949025824666023
dnk,1956,0.0970320403575897
dnk,1957,0.0999421030282974
dnk,1958,0.101870305836201
dnk,1959,0.106851577758789
dnk,1960,0.113213457167149
dnk,1961,0.119683906435966
dnk,1962,0.127282366156578
dnk,1963,0.132719025015831
dnk,1964,0.141726136207581
dnk,1965,0.151440188288689
dnk,1966,0.160498082637787
dnk,1967,0.169557362794876
dnk,1968,0.179284140467644
dnk,1969,0.190876081585884
dnk,1970,0.202210366725922
dnk,1971,0.213309392333031
dnk,1972,0.225709214806557
dnk,1973,0.238835141062737
dnk,1974,0.25048041343689
dnk,1975,0.259525567293167
dnk,1976,0.272178828716278
dnk,1977,0.284253090620041
dnk,1978,0.297066986560822
dnk,1979,0.309223026037216
dnk,1980,0.319600760936737
dnk,1981,0.325711309909821
dnk,1982,0.333588659763336
dnk,1983,0.343039989471436
dnk,1984,0.354988306760788
dnk,1985,0.369509011507034
dnk,1986,0.387496560811996
dnk,1987,0.40441370010376
dnk,1988,0.417924553155899
dnk,1989,0.433852523565292
dnk,1990,0.448680818080902
dnk,1991,0.462771743535996
dnk,1992,0.474218875169754
dnk,1993,0.485250055789948
dnk,1994,0.497781485319138
dnk,1995,0.513489842414856
dnk,1996,0.531697511672974
dnk,1997,0.555077433586121
dnk,1998,0.581114292144775
dnk,1999,0.605678915977478
dnk,2000,0.628665089607239
dnk,2001,0.649997591972351
dnk,2002,0.669178009033203
dnk,2003,0.68589460849762
dnk,2004,0.703739821910858
dnk,2005,0.722932934761047
dnk,2006,0.750997185707092
dnk,2007,0.777129054069519
dnk,2008,0.799907147884369
dnk,2009,0.811765968799591
dnk,2010,0.819508612155914
dnk,2011,0.825778365135193
dnk,2012,0.835059940814972
dnk,2013,0.845683872699738
dnk,2014,0.859744012355804
dnk,2015,0.874047756195068
dnk,2016,0.893143117427826
dnk,2017,0.9128298163414
dnk,2018,0.934598684310913
dnk,2019,0.951889097690582
dnk,2020,0.971815407276154
dnk,2021,1.0
dnk,2022,1.02845907211304
dnk,2023,1.04890549182892
dom,1955,0.0134476786479354
dom,1956,0.0141438785940409
dom,1957,0.0148330423980951
dom,1958,0.0155923059210181
dom,1959,0.0160744097083807
dom,1960,0.0162756498903036
dom,1961,0.0162521917372942
dom,1962,0.0167199168354273
dom,1963,0.0176466498523951
dom,1964,0.0186753775924444
dom,1965,0.018747029826045
dom,1966,0.0195168741047382
dom,1967,0.0202768091112375
dom,1968,0.0210078395903111
dom,1969,0.0222677066922188
dom,1970,0.0239259172230959
dom,1971,0.0263082105666399
dom,1972,0.0293479450047016
dom,1973,0.0328153260052204
dom,1974,0.0365012548863888
dom,1975,0.0406330190598965
dom,1976,0.0440798550844193
dom,1977,0.0478558801114559
dom,1978,0.0514471605420113
dom,1979,0.0558523088693619
dom,1980,0.0604354478418827
dom,1981,0.0647260472178459
dom,1982,0.067428432404995
dom,1983,0.0709928125143051
dom,1984,0.0754704847931862
dom,1985,0.0779160559177399
dom,1986,0.080375462770462
dom,1987,0.0850193947553635
dom,1988,0.0901884213089943
dom,1989,0.09522695094347
dom,1990,0.197613343596458
dom,1991,0.204456925392151
dom,1992,0.208771377801895
dom,1993,0.213293001055717
dom,1994,0.22139248251915
dom,1995,0.228182747960091
dom,1996,0.237690418958664
dom,1997,0.25537383556366
dom,1998,0.287917643785477
dom,1999,0.310284078121185
dom,2000,0.336741656064987
dom,2001,0.360993802547455
dom,2002,0.384206563234329
dom,2003,0.398695439100266
dom,2004,0.411413043737412
dom,2005,0.431103259325027
dom,2006,0.454020529985428
dom,2007,0.480592459440231
dom,2008,0.508880257606506
dom,2009,0.530283510684967
dom,2010,0.559125900268555
dom,2011,0.583898425102234
dom,2012,0.610279440879822
dom,2013,0.633955657482147
dom,2014,0.660573065280914
dom,2015,0.698406517505646
dom,2016,0.742851555347443
dom,2017,0.786892652511597
dom,2018,0.838458836078644
dom,2019,0.89445561170578
dom,2020,0.938174486160278
dom,2021,1.0
dom,2022,1.06309521198273
dom,2023,1.12390947341919
ecu,1954,0.0832578539848328
ecu,1955,0.0898180603981018
ecu,1956,0.0959358438849449
ecu,1957,0.101551711559296
ecu,1958,0.106518551707268
ecu,1959,0.112116657197475
ecu,1960,0.118552200496197
ecu,1961,0.125013828277588
ecu,1962,0.130515336990356
ecu,1963,0.136232495307922
ecu,1964,0.14255927503109
ecu,1965,0.148656100034714
ecu,1966,0.155092477798462
ecu,1967,0.164052754640579
ecu,1968,0.17331063747406
ecu,1969,0.180748328566551
ecu,1970,0.188746184110641
ecu,1971,0.200857773423195
ecu,1972,0.211255833506584
ecu,1973,0.220852494239807
ecu,1974,0.232444852590561
ecu,1975,0.252112776041031
ecu,1976,0.271293759346008
ecu,1977,0.292207270860672
ecu,1978,0.316459774971008
ecu,1979,0.336296141147614
ecu,1980,0.356286853551865
ecu,1981,0.376545518636704
ecu,1982,0.396797209978104
ecu,1983,0.409374803304672
ecu,1984,0.422553390264511
ecu,1985,0.438421458005905
ecu,1986,0.456239581108093
ecu,1987,0.478642016649246
ecu,1988,0.490530490875244
ecu,1989,0.499045372009277
ecu,1990,0.506624639034271
ecu,1991,0.517304599285126
ecu,1992,0.528329610824585
ecu,1993,0.539936900138855
ecu,1994,0.552176892757416
ecu,1995,0.563012659549713
ecu,1996,0.573541224002838
ecu,1997,0.576608955860138
ecu,1998,0.579396665096283
ecu,1999,0.571809053421021
ecu,2000,0.569798469543457
ecu,2001,0.569860696792603
ecu,2002,0.576570689678192
ecu,2003,0.584150910377502
ecu,2004,0.591135323047638
ecu,2005,0.601706385612488
ecu,2006,0.613881766796112
ecu,2007,0.628005802631378
ecu,2008,0.649564921855927
ecu,2009,0.665939629077911
ecu,2010,0.690864145755768
ecu,2011,0.722706317901611
ecu,2012,0.758737742900848
ecu,2013,0.805781364440918
ecu,2014,0.850070714950562
ecu,2015,0.883418440818787
ecu,2016,0.897821664810181
ecu,2017,0.926419496536255
ecu,2018,0.955254375934601
ecu,2019,0.977017283439636
ecu,2020,0.982984662055969
ecu,2021,1.0
ecu,2022,1.0232470035553
ecu,2023,1.04525434970856
egy,1954,0.0189977139234543
egy,1955,0.0198620595037937
egy,1956,0.0202913619577885
egy,1957,0.0207966659218073
egy,1958,0.0213922001421452
egy,1959,0.0223157275468111
egy,1960,0.0231558028608561
egy,1961,0.024351991713047
egy,1962,0.0258292388170958
egy,1963,0.0278320480138063
egy,1964,0.0300155486911535
egy,1965,0.0326587446033955
egy,1966,0.034359335899353
egy,1967,0.0354650728404522
egy,1968,0.036329697817564
egy,1969,0.0379961617290974
egy,1970,0.0399426966905594
egy,1971,0.0412385687232018
egy,1972,0.0421764552593231
egy,1973,0.0441794693470001
egy,1974,0.048224575817585
egy,1975,0.0530893877148628
egy,1976,0.0625458955764771
egy,1977,0.0709218755364418
egy,1978,0.0800449848175049
egy,1979,0.0918795689940453
egy,1980,0.105958789587021
egy,1981,0.121321879327297
egy,1982,0.137547045946121
egy,1983,0.153786063194275
egy,1984,0.173958122730255
egy,1985,0.193232357501984
egy,1986,0.211325272917748
egy,1987,0.228024065494537
egy,1988,0.246244430541992
egy,1989,0.259828567504883
egy,1990,0.27401527762413
egy,1991,0.280532747507095
egy,1992,0.285440921783447
egy,1993,0.289106041193008
egy,1994,0.296007931232452
egy,1995,0.30767360329628
egy,1996,0.321093767881393
egy,1997,0.338800460100174
egy,1998,0.363299429416657
egy,1999,0.386007636785507
egy,2000,0.405557572841644
egy,2001,0.423595488071442
egy,2002,0.436488896608353
egy,2003,0.448188275098801
egy,2004,0.460518836975098
egy,2005,0.478484988212585
egy,2006,0.502399265766144
egy,2007,0.536031723022461
egy,2008,0.580828845500946
egy,2009,0.612758576869965
egy,2010,0.649456679821014
egy,2011,0.675367951393127
egy,2012,0.696331262588501
egy,2013,0.711487472057343
egy,2014,0.727254331111908
egy,2015,0.750593900680542
egy,2016,0.780935168266296
egy,2017,0.82433545589447
egy,2018,0.876958549022675
egy,2019,0.936958968639374
egy,2020,0.969951629638672
egy,2021,1.0
egy,2022,1.0556093454361
egy,2023,1.08189451694489
esp,1954,0.0437347069382668
esp,1955,0.0466662123799324
esp,1956,0.0499079525470734
esp,1957,0.0534076653420925
esp,1958,0.0572361387312412
esp,1959,0.05920684710145
esp,1960,0.0619659386575222
esp,1961,0.0665222927927971
esp,1962,0.0730986818671227
esp,1963,0.0803886204957962
esp,1964,0.0874813795089722
esp,1965,0.096320666372776
esp,1966,0.106617540121078
esp,1967,0.115481041371822
esp,1968,0.124335899949074
esp,1969,0.135881245136261
esp,1970,0.146639332175255
esp,1971,0.156158581376076
esp,1972,0.168477192521095
esp,1973,0.183153256773949
esp,1974,0.199201419949532
esp,1975,0.212733015418053
esp,1976,0.225053399801254
esp,1977,0.236519813537598
esp,1978,0.247309044003487
esp,1979,0.256170630455017
esp,1980,0.265383720397949
esp,1981,0.273919433355331
esp,1982,0.282427817583084
esp,1983,0.290921151638031
esp,1984,0.297977328300476
esp,1985,0.306636035442352
esp,1986,0.317364484071732
esp,1987,0.331468045711517
esp,1988,0.348874002695084
esp,1989,0.369269520044327
esp,1990,0.390025019645691
esp,1991,0.409282237291336
esp,1992,0.425270915031433
esp,1993,0.435940444469452
esp,1994,0.447534441947937
esp,1995,0.462416142225266
esp,1996,0.479219138622284
esp,1997,0.498492866754532
esp,1998,0.521971702575684
esp,1999,0.548893928527832
esp,2000,0.576508283615112
esp,2001,0.603047251701355
esp,2002,0.628233134746552
esp,2003,0.655896246433258
esp,2004,0.684711396694183
esp,2005,0.71672660112381
esp,2006,0.751789450645447
esp,2007,0.788826644420624
esp,2008,0.820636987686157
esp,2009,0.836671948432922
esp,2010,0.852208375930786
esp,2011,0.864244043827057
esp,2012,0.87339973449707
esp,2013,0.881073951721191
esp,2014,0.89102566242218
esp,2015,0.903851628303528
esp,2016,0.916890382766724
esp,2017,0.933038890361786
esp,2018,0.95172256231308
esp,2019,0.97241598367691
esp,2020,0.984016835689545
esp,2021,1.0
esp,2022,1.01712965965271
esp,2023,1.03226339817047
est,1994,0.326655685901642
est,1995,0.328855663537979
est,1996,0.331183969974518
est,1997,0.343059003353119
est,1998,0.364629536867142
est,1999,0.377395629882813
est,2000,0.39319708943367
est,2001,0.412435173988342
est,2002,0.437346547842026
est,2003,0.469831079244614
est,2004,0.499544531106949
est,2005,0.531858861446381
est,2006,0.579621613025665
est,2007,0.630995869636536
est,2008,0.663515031337738
est,2009,0.66228985786438
est,2010,0.665288269519806
est,2011,0.687268078327179
est,2012,0.716453433036804
est,2013,0.74314683675766
est,2014,0.765077888965607
est,2015,0.783836603164673
est,2016,0.803840160369873
est,2017,0.833771467208862
est,2018,0.872184693813324
est,2019,0.912724494934082
est,2020,0.963980793952942
est,2021,1.0
est,2022,1.02414417266846
est,2023,1.06167495250702
fin,1954,0.0824275389313698
fin,1955,0.0894795060157776
fin,1956,0.0967159196734428
fin,1957,0.102940425276756
fin,1958,0.108574338257313
fin,1959,0.11564315110445
fin,1960,0.125362515449524
fin,1961,0.135796934366226
fin,1962,0.14503476023674
fin,1963,0.15170194208622
fin,1964,0.159495636820793
fin,1965,0.170224398374558
fin,1966,0.180264204740524
fin,1967,0.187989130616188
fin,1968,0.195591256022453
fin,1969,0.205575406551361
fin,1970,0.219923436641693
fin,1971,0.234604999423027
fin,1972,0.250179529190064
fin,1973,0.266645550727844
fin,1974,0.283310323953629
fin,1975,0.300974816083908
fin,1976,0.31618532538414
fin,1977,0.327931672334671
fin,1978,0.335767179727554
fin,1979,0.345328867435455
fin,1980,0.358340948820114
fin,1981,0.372196316719055
fin,1982,0.387136518955231
fin,1983,0.402395516633987
fin,1984,0.416821986436844
fin,1985,0.433131068944931
fin,1986,0.450207680463791
fin,1987,0.469454228878021
fin,1988,0.492278456687927
fin,1989,0.519544363021851
fin,1990,0.54228287935257
fin,1991,0.552059769630432
fin,1992,0.557393610477448
fin,1993,0.559037029743195
fin,1994,0.561511874198914
fin,1995,0.570363700389862
fin,1996,0.580646753311157
fin,1997,0.595000505447388
fin,1998,0.614371418952942
fin,1999,0.633721232414246
fin,2000,0.653169393539429
fin,2001,0.671994149684906
fin,2002,0.687197506427765
fin,2003,0.704385817050934
fin,2004,0.722980260848999
fin,2005,0.742712736129761
fin,2006,0.761718392372131
fin,2007,0.786391794681549
fin,2008,0.809884965419769
fin,2009,0.823350489139557
fin,2010,0.837410926818848
fin,2011,0.852064251899719
fin,2012,0.866013765335083
fin,2013,0.876316785812378
fin,2014,0.885805368423462
fin,2015,0.895101249217987
fin,2016,0.909870862960815
fin,2017,0.927269041538239
fin,2018,0.94804847240448
fin,2019,0.967035233974457
fin,2020,0.982351183891296
fin,2021,1.0
fin,2022,1.02098476886749
fin,2023,1.03219401836395
fji,1980,0.326210767030716
fji,1981,0.34602302312851
fji,1982,0.353707790374756
fji,1983,0.355080515146256
fji,1984,0.352571845054626
fji,1985,0.352127373218536
fji,1986,0.349789410829544
fji,1987,0.341145068407059
fji,1988,0.331259459257126
fji,1989,0.327985912561417
fji,1990,0.331110328435898
fji,1991,0.337006151676178
fji,1992,0.337632477283478
fji,1993,0.350326508283615
fji,1994,0.356736660003662
fji,1995,0.364469289779663
fji,1996,0.38518688082695
fji,1997,0.408971309661865
fji,1998,0.456337064504623
fji,1999,0.499574422836304
fji,2000,0.513774454593658
fji,2001,0.533248603343964
fji,2002,0.566461026668549
fji,2003,0.614932596683502
fji,2004,0.657377421855927
fji,2005,0.657539129257202
fji,2006,0.660317659378052
fji,2007,0.648937702178955
fji,2008,0.673057079315186
fji,2009,0.672414183616638
fji,2010,0.677568554878235
fji,2011,0.697418510913849
fji,2012,0.702290058135986
fji,2013,0.766980767250061
fji,2014,0.797061026096344
fji,2015,0.833553671836853
fji,2016,0.868050515651703
fji,2017,0.905076801776886
fji,2018,0.944746315479279
fji,2019,0.974935948848724
fji,2020,0.984999239444733
fji,2021,1.0
fji,2022,1.01983451843262
fji,2023,1.03829193115234
fra,1954,0.0853735655546188
fra,1955,0.0880907252430916
fra,1956,0.0915176570415497
fra,1957,0.0956619307398796
fra,1958,0.100305370986462
fra,1959,0.104307539761066
fra,1960,0.110078722238541
fra,1961,0.11596155166626
fra,1962,0.122940354049206
fra,1963,0.130667820572853
fra,1964,0.139807000756264
fra,1965,0.148794651031494
fra,1966,0.159258276224136
fra,1967,0.169973328709602
fra,1968,0.181333035230637
fra,1969,0.195099025964737
fra,1970,0.209122627973557
fra,1971,0.224399000406265
fra,1972,0.239880561828613
fra,1973,0.256787359714508
fra,1974,0.273356974124908
fra,1975,0.287339746952057
fra,1976,0.303074955940247
fra,1977,0.317476123571396
fra,1978,0.331865429878235
fra,1979,0.3464674949646
fra,1980,0.361833781003952
fra,1981,0.375635594129562
fra,1982,0.38848552107811
fra,1983,0.399655878543854
fra,1984,0.410213857889175
fra,1985,0.421326339244843
fra,1986,0.433012813329697
fra,1987,0.445897787809372
fra,1988,0.461235195398331
fra,1989,0.478721350431442
fra,1990,0.497342765331268
fra,1991,0.514105141162872
fra,1992,0.529385209083557
fra,1993,0.540426015853882
fra,1994,0.55196076631546
fra,1995,0.563615798950195
fra,1996,0.575921952724457
fra,1997,0.588548302650452
fra,1998,0.604564249515533
fra,1999,0.623611569404602
fra,2000,0.643884420394898
fra,2001,0.663884401321411
fra,2002,0.680209696292877
fra,2003,0.69625461101532
fra,2004,0.71317321062088
fra,2005,0.730759263038635
fra,2006,0.749794721603394
fra,2007,0.77083146572113
fra,2008,0.791864395141602
fra,2009,0.803526937961578
fra,2010,0.817498922348023
fra,2011,0.832328498363495
fra,2012,0.847104787826538
fra,2013,0.860616624355316
fra,2014,0.873932957649231
fra,2015,0.887827932834625
fra,2016,0.903336048126221
fra,2017,0.920817077159882
fra,2018,0.940373659133911
fra,2019,0.961438894271851
fra,2020,0.976213455200195
fra,2021,1.0
fra,2022,1.02358996868134
fra,2023,1.04323816299438
gab,1964,0.0797586813569069
gab,1965,0.0831305831670761
gab,1966,0.0898986905813217
gab,1967,0.0930479839444161
gab,1968,0.0965235829353333
gab,1969,0.100607939064503
gab,1970,0.104972712695599
gab,1971,0.110842011868954
gab,1972,0.118827551603317
gab,1973,0.128035932779312
gab,1974,0.162824064493179
gab,1975,0.204629316926003
gab,1976,0.264593720436096
gab,1977,0.310668528079987
gab,1978,0.320334076881409
gab,1979,0.335768312215805
gab,1980,0.348374605178833
gab,1981,0.373537719249725
gab,1982,0.393753558397293
gab,1983,0.416263252496719
gab,1984,0.435570597648621
gab,1985,0.457942306995392
gab,1986,0.46885073184967
gab,1987,0.459462225437164
gab,1988,0.475585401058197
gab,1989,0.471880167722702
gab,1990,0.465979486703873
gab,1991,0.466801196336746
gab,1992,0.463398367166519
gab,1993,0.462045937776566
gab,1994,0.462360918521881
gab,1995,0.460611671209335
gab,1996,0.467127501964569
gab,1997,0.484197735786438
gab,1998,0.507350981235504
gab,1999,0.508391082286835
gab,2000,0.510234296321869
gab,2001,0.515738785266876
gab,2002,0.522922039031982
gab,2003,0.521470308303833
gab,2004,0.517379939556122
gab,2005,0.518189191818237
gab,2006,0.522759974002838
gab,2007,0.529630899429321
gab,2008,0.539131224155426
gab,2009,0.549623250961304
gab,2010,0.575352013111115
gab,2011,0.602945029735565
gab,2012,0.63620001077652
gab,2013,0.665217041969299
gab,2014,0.703802525997162
gab,2015,0.7287837266922
gab,2016,0.751495957374573
gab,2017,0.76571136713028
gab,2018,0.822144746780396
gab,2019,0.895715951919556
gab,2020,0.943992137908936
gab,2021,1.0
gab,2022,1.06118142604828
gab,2023,1.12724685668945
gbr,1954,0.102282702922821
gbr,1955,0.108475707471371
gbr,1956,0.114410638809204
gbr,1957,0.120620958507061
gbr,1958,0.125838786363602
gbr,1959,0.131873846054077
gbr,1960,0.140067845582962
gbr,1961,0.148173078894615
gbr,1962,0.154709875583649
gbr,1963,0.161796107888222
gbr,1964,0.173059612512589
gbr,1965,0.183545649051666
gbr,1966,0.193433329463005
gbr,1967,0.20419280230999
gbr,1968,0.216168954968452
gbr,1969,0.227088093757629
gbr,1970,0.237831175327301
gbr,1971,0.248529329895973
gbr,1972,0.258616894483566
gbr,1973,0.269945174455643
gbr,1974,0.279406070709229
gbr,1975,0.287301301956177
gbr,1976,0.295783251523972
gbr,1977,0.304250240325928
gbr,1978,0.31395947933197
gbr,1979,0.32386901974678
gbr,1980,0.330133765935898
gbr,1981,0.333601087331772
gbr,1982,0.339065551757813
gbr,1983,0.346266537904739
gbr,1984,0.356746256351471
gbr,1985,0.368843138217926
gbr,1986,0.380603045225143
gbr,1987,0.39476278424263
gbr,1988,0.414448112249374
gbr,1989,0.43681663274765
gbr,1990,0.458519011735916
gbr,1991,0.473607748746872
gbr,1992,0.486992597579956
gbr,1993,0.49984285235405
gbr,1994,0.516067445278168
gbr,1995,0.532917261123657
gbr,1996,0.55312842130661
gbr,1997,0.569285750389099
gbr,1998,0.588915467262268
gbr,1999,0.607571244239807
gbr,2000,0.628892660140991
gbr,2001,0.649220943450928
gbr,2002,0.667849004268646
gbr,2003,0.68525230884552
gbr,2004,0.702029585838318
gbr,2005,0.720530569553375
gbr,2006,0.740612626075745
gbr,2007,0.761783182621002
gbr,2008,0.779609322547913
gbr,2009,0.790045082569122
gbr,2010,0.803463757038117
gbr,2011,0.815057575702667
gbr,2012,0.827436923980713
gbr,2013,0.841151058673859
gbr,2014,0.858605086803436
gbr,2015,0.879022002220154
gbr,2016,0.902279734611511
gbr,2017,0.926197469234467
gbr,2018,0.948051273822784
gbr,2019,0.969682991504669
gbr,2020,0.9810591340065
gbr,2021,1.0
gbr,2022,1.01945412158966
gbr,2023,1.03776705265045
geo,1994,0.693819880485535
geo,1995,0.663533091545105
geo,1996,0.646936058998108
geo,1997,0.636244714260101
geo,1998,0.639280378818512
geo,1999,0.643343687057495
geo,2000,0.645317256450653
geo,2001,0.650818169116974
geo,2002,0.651715517044067
geo,2003,0.658994793891907
geo,2004,0.676426887512207
geo,2005,0.697964012622833
geo,2006,0.720032036304474
geo,2007,0.74526309967041
geo,2008,0.759231209754944
geo,2009,0.752109229564667
geo,2010,0.758008062839508
geo,2011,0.7690709233284
geo,2012,0.782711386680603
geo,2013,0.79158365726471
geo,2014,0.812366306781769
geo,2015,0.841849863529205
geo,2016,0.875286102294922
geo,2017,0.909835457801819
geo,2018,0.938847839832306
geo,2019,0.970234096050263
geo,2020,0.987924814224243
geo,2021,1.0
geo,2022,1.01787507534027
geo,2023,1.05426597595215
gin,1980,0.0812817141413689
gin,1981,0.0839798003435135
gin,1982,0.0866780877113342
gin,1983,0.0893614962697029
gin,1984,0.0915773585438728
gin,1985,0.0940422341227531
gin,1986,0.0979741960763931
gin,1987,0.102716282010078
gin,1988,0.108232192695141
gin,1989,0.113832533359528
gin,1990,0.123402118682861
gin,1991,0.130548864603043
gin,1992,0.136950686573982
gin,1993,0.143727689981461
gin,1994,0.149795740842819
gin,1995,0.156584993004799
gin,1996,0.162941545248032
gin,1997,0.170232534408569
gin,1998,0.176937282085419
gin,1999,0.184110999107361
gin,2000,0.19203719496727
gin,2001,0.198329284787178
gin,2002,0.208585023880005
gin,2003,0.220372527837753
gin,2004,0.235570251941681
gin,2005,0.258072853088379
gin,2006,0.281791627407074
gin,2007,0.315922915935516
gin,2008,0.350486725568771
gin,2009,0.377518355846405
gin,2010,0.403016358613968
gin,2011,0.443047672510147
gin,2012,0.488107800483704
gin,2013,0.530108273029327
gin,2014,0.571908473968506
gin,2015,0.61874270439148
gin,2016,0.782666265964508
gin,2017,0.84010124206543
gin,2018,0.874795436859131
gin,2019,0.916255176067352
gin,2020,0.960674047470093
gin,2021,1.0
gin,2022,1.03216695785522
gin,2023,1.04239988327026
grc,1955,0.135512173175812
grc,1956,0.1344323605299
grc,1957,0.134211450815201
grc,1958,0.135016039013863
grc,1959,0.136542722582817
grc,1960,0.138988688588142
grc,1961,0.144322097301483
grc,1962,0.148758709430695
grc,1963,0.156737446784973
grc,1964,0.166415065526962
grc,1965,0.178682819008827
grc,1966,0.190399810671806
grc,1967,0.202066525816917
grc,1968,0.214866608381271
grc,1969,0.232692807912827
grc,1970,0.252300798892975
grc,1971,0.27397033572197
grc,1972,0.301073282957077
grc,1973,0.330062329769135
grc,1974,0.346500784158707
grc,1975,0.363202601671219
grc,1976,0.381562471389771
grc,1977,0.402246981859207
grc,1978,0.425874799489975
grc,1979,0.451353579759598
grc,1980,0.471648782491684
grc,1981,0.488403111696243
grc,1982,0.504416227340698
grc,1983,0.520478427410126
grc,1984,0.532272279262543
grc,1985,0.546356558799744
grc,1986,0.558760702610016
grc,1987,0.568820059299469
grc,1988,0.580828607082367
grc,1989,0.595839858055115
grc,1990,0.611699879169464
grc,1991,0.628858804702759
grc,1992,0.645338356494904
grc,1993,0.659776031970978
grc,1994,0.672512233257294
grc,1995,0.6865473985672
grc,1996,0.705300390720367
grc,1997,0.726083099842072
grc,1998,0.755835235118866
grc,1999,0.786188542842865
grc,2000,0.818928241729736
grc,2001,0.851487874984741
grc,2002,0.880494356155396
grc,2003,0.914300382137299
grc,2004,0.945533514022827
grc,2005,0.966683924198151
grc,2006,1.00184202194214
grc,2007,1.04660844802856
grc,2008,1.08039355278015
grc,2009,1.09846174716949
grc,2010,1.10212707519531
grc,2011,1.08848464488983
grc,2012,1.06703007221222
grc,2013,1.04685032367706
grc,2014,1.03330087661743
grc,2015,1.02332293987274
grc,2016,1.01228177547455
grc,2017,1.00705766677856
grc,2018,1.00125515460968
grc,2019,0.996473908424377
grc,2020,0.992549061775208
grc,2021,1.0
grc,2022,1.01488029956818
grc,2023,1.02698218822479
gtm,1954,0.0567396990954876
gtm,1955,0.0607562772929668
gtm,1956,0.0673313960433006
gtm,1957,0.0740814357995987
gtm,1958,0.079119935631752
gtm,1959,0.0833425298333168
gtm,1960,0.0868593454360962
gtm,1961,0.0894350185990334
gtm,1962,0.0921176746487618
gtm,1963,0.0969806537032127
gtm,1964,0.103353030979633
gtm,1965,0.109582036733627
gtm,1966,0.114181086421013
gtm,1967,0.1207285374403
gtm,1968,0.13037246465683
gtm,1969,0.135759994387627
gtm,1970,0.143287464976311
gtm,1971,0.151730731129646
gtm,1972,0.159455433487892
gtm,1973,0.168442249298096
gtm,1974,0.177000686526299
gtm,1975,0.186645820736885
gtm,1976,0.202669948339462
gtm,1977,0.219886794686317
gtm,1978,0.238737836480141
gtm,1979,0.254607915878296
gtm,1980,0.26646026968956
gtm,1981,0.279471606016159
gtm,1982,0.289188146591187
gtm,1983,0.291893929243088
gtm,1984,0.2941934466362
gtm,1985,0.296229600906372
gtm,1986,0.298642575740814
gtm,1987,0.30458801984787
gtm,1988,0.312631011009216
gtm,1989,0.321570873260498
gtm,1990,0.327742278575897
gtm,1991,0.334297031164169
gtm,1992,0.348079890012741
gtm,1993,0.363601863384247
gtm,1994,0.377229273319244
gtm,1995,0.39264777302742
gtm,1996,0.40607076883316
gtm,1997,0.427155941724777
gtm,1998,0.455314040184021
gtm,1999,0.486680895090103
gtm,2000,0.511242568492889
gtm,2001,0.533694982528687
gtm,2002,0.558559834957123
gtm,2003,0.58171933889389
gtm,2004,0.606212556362152
gtm,2005,0.630054116249085
gtm,2006,0.662346541881561
gtm,2007,0.694529592990875
gtm,2008,0.719527542591095
gtm,2009,0.735652148723602
gtm,2010,0.751498281955719
gtm,2011,0.771168231964111
gtm,2012,0.792865097522736
gtm,2013,0.814047813415527
gtm,2014,0.836162149906158
gtm,2015,0.856164991855621
gtm,2016,0.874025762081146
gtm,2017,0.893936514854431
gtm,2018,0.915393114089966
gtm,2019,0.941373646259308
gtm,2020,0.963692367076874
gtm,2021,1.0
gtm,2022,1.03721559047699
gtm,2023,1.07810473442078
hkg,1964,0.0347215496003628
hkg,1965,0.039458192884922
hkg,1966,0.0432255938649178
hkg,1967,0.0459396168589592
hkg,1968,0.0480908565223217
hkg,1969,0.0503883138298988
hkg,1970,0.0534716844558716
hkg,1971,0.0578000992536545
hkg,1972,0.0622715018689632
hkg,1973,0.0672555267810822
hkg,1974,0.0717991143465042
hkg,1975,0.0760758891701698
hkg,1976,0.0813572406768799
hkg,1977,0.0887825414538384
hkg,1978,0.0979288220405579
hkg,1979,0.109403781592846
hkg,1980,0.12357746809721
hkg,1981,0.137327656149864
hkg,1982,0.149989068508148
hkg,1983,0.160452365875244
hkg,1984,0.171448796987534
hkg,1985,0.181969821453094
hkg,1986,0.193570762872696
hkg,1987,0.207941502332687
hkg,1988,0.22392749786377
hkg,1989,0.239653930068016
hkg,1990,0.256312996149063
hkg,1991,0.274143397808075
hkg,1992,0.294966787099838
hkg,1993,0.315142065286636
hkg,1994,0.339654952287674
hkg,1995,0.367761671543121
hkg,1996,0.39906045794487
hkg,1997,0.434630781412125
hkg,1998,0.463477939367294
hkg,1999,0.482313603162766
hkg,2000,0.508730590343475
hkg,2001,0.534957945346832
hkg,2002,0.552785813808441
hkg,2003,0.570981740951538
hkg,2004,0.589418888092041
hkg,2005,0.612510561943054
hkg,2006,0.64182722568512
hkg,2007,0.667825818061829
hkg,2008,0.695865273475647
hkg,2009,0.719921171665192
hkg,2010,0.749106109142304
hkg,2011,0.793009221553803
hkg,2012,0.838497221469879
hkg,2013,0.876749753952026
hkg,2014,0.905035257339478
hkg,2015,0.926474213600159
hkg,2016,0.94350528717041
hkg,2017,0.962457180023193
hkg,2018,0.983695030212402
hkg,2019,0.991169512271881
hkg,2020,0.992611527442932
hkg,2021,1.0
hkg,2022,1.00371718406677
hkg,2023,1.01343059539795
hnd,1970,0.112221457064152
hnd,1971,0.117301285266876
hnd,1972,0.1210997402668
hnd,1973,0.127780273556709
hnd,1974,0.136178091168404
hnd,1975,0.144827708601952
hnd,1976,0.153735816478729
hnd,1977,0.165340274572372
hnd,1978,0.180869892239571
hnd,1979,0.194542720913887
hnd,1980,0.207906857132912
hnd,1981,0.213666453957558
hnd,1982,0.215231314301491
hnd,1983,0.217268034815788
hnd,1984,0.222974389791489
hnd,1985,0.228462070226669
hnd,1986,0.230412200093269
hnd,1987,0.23406645655632
hnd,1988,0.241101399064064
hnd,1989,0.251352250576019
hnd,1990,0.2613944709301
hnd,1991,0.270166754722595
hnd,1992,0.285225212574005
hnd,1993,0.311214476823807
hnd,1994,0.336432039737701
hnd,1995,0.353108257055283
hnd,1996,0.371557950973511
hnd,1997,0.395840287208557
hnd,1998,0.423209309577942
hnd,1999,0.451034218072891
hnd,2000,0.471187561750412
hnd,2001,0.487826347351074
hnd,2002,0.49936506152153
hnd,2003,0.513812780380249
hnd,2004,0.54323011636734
hnd,2005,0.568754434585571
hnd,2006,0.602975010871887
hnd,2007,0.65495777130127
hnd,2008,0.693092167377472
hnd,2009,0.700267314910889
hnd,2010,0.710068464279175
hnd,2011,0.731761574745178
hnd,2012,0.755285561084747
hnd,2013,0.776024162769318
hnd,2014,0.796266973018646
hnd,2015,0.826384663581848
hnd,2016,0.849615931510925
hnd,2017,0.881573677062988
hnd,2018,0.919739842414856
hnd,2019,0.953233301639557
hnd,2020,0.959830701351166
hnd,2021,1.0
hnd,2022,1.04359877109528
hnd,2023,1.09132790565491
hrv,1994,0.427988201379776
hrv,1995,0.429003924131393
hrv,1996,0.437879800796509
hrv,1997,0.457232177257538
hrv,1998,0.474306553602219
hrv,1999,0.494183212518692
hrv,2000,0.51302981376648
hrv,2001,0.53607165813446
hrv,2002,0.561582326889038
hrv,2003,0.596609055995941
hrv,2004,0.632088959217072
hrv,2005,0.667142629623413
hrv,2006,0.706532180309296
hrv,2007,0.74868905544281
hrv,2008,0.796329379081726
hrv,2009,0.819517970085144
hrv,2010,0.830789983272553
hrv,2011,0.841554522514343
hrv,2012,0.849141061306
hrv,2013,0.8579261302948
hrv,2014,0.865208864212036
hrv,2015,0.879104256629944
hrv,2016,0.897216558456421
hrv,2017,0.915293276309967
hrv,2018,0.934260487556458
hrv,2019,0.961226165294647
hrv,2020,0.979884684085846
hrv,2021,1.0
hrv,2022,1.03140735626221
hrv,2023,1.06379413604736
hun,1974,0.214958712458611
hun,1975,0.235062405467033
hun,1976,0.253603100776672
hun,1977,0.274926990270615
hun,1978,0.297070354223251
hun,1979,0.315199673175812
hun,1980,0.330524384975433
hun,1981,0.344064056873322
hun,1982,0.356567144393921
hun,1983,0.367545992136002
hun,1984,0.378273665904999
hun,1985,0.384599328041077
hun,1986,0.393500834703445
hun,1987,0.406065613031387
hun,1988,0.414883732795715
hun,1989,0.426588177680969
hun,1990,0.435617417097092
hun,1991,0.44131988286972
hun,1992,0.446885854005814
hun,1993,0.453621000051498
hun,1994,0.465168356895447
hun,1995,0.475509971380234
hun,1996,0.487570881843567
hun,1997,0.502080917358398
hun,1998,0.522790372371674
hun,1999,0.546693027019501
hun,2000,0.570650398731232
hun,2001,0.592820644378662
hun,2002,0.614394545555115
hun,2003,0.6356161236763
hun,2004,0.658926784992218
hun,2005,0.682234883308411
hun,2006,0.705856323242188
hun,2007,0.731937348842621
hun,2008,0.755057513713837
hun,2009,0.767775475978851
hun,2010,0.775168240070343
hun,2011,0.782954812049866
hun,2012,0.789754807949066
hun,2013,0.80184805393219
hun,2014,0.82024097442627
hun,2015,0.840358138084412
hun,2016,0.853667497634888
hun,2017,0.877244055271149
hun,2018,0.908682227134705
hun,2019,0.946725487709045
hun,2020,0.971156597137451
hun,2021,1.0
hun,2022,1.0274304151535
hun,2023,1.04147791862488
idn,1964,0.0294847786426544
idn,1965,0.0293703749775887
idn,1966,0.0294192526489496
idn,1967,0.0291715878993273
idn,1968,0.0294476486742497
idn,1969,0.0299354195594788
idn,1970,0.0309755299240351
idn,1971,0.0324394665658474
idn,1972,0.0343486815690994
idn,1973,0.0366775654256344
idn,1974,0.0395487621426582
idn,1975,0.0428784750401974
idn,1976,0.0462654381990433
idn,1977,0.050332348793745
idn,1978,0.0550996065139771
idn,1979,0.0597780309617519
idn,1980,0.0656857714056969
idn,1981,0.0721178948879242
idn,1982,0.0792938098311424
idn,1983,0.0862467214465141
idn,1984,0.0918389409780502
idn,1985,0.0978875830769539
idn,1986,0.105217322707176
idn,1987,0.11311986297369
idn,1988,0.12262699753046
idn,1989,0.134327858686447
idn,1990,0.148679152131081
idn,1991,0.164253607392311
idn,1992,0.179500311613083
idn,1993,0.195123195648193
idn,1994,0.213319331407547
idn,1995,0.234920427203178
idn,1996,0.261744171380997
idn,1997,0.290048688650131
idn,1998,0.300027996301651
idn,1999,0.305213958024979
idn,2000,0.314813911914825
idn,2001,0.326378375291824
idn,2002,0.338957935571671
idn,2003,0.350615561008453
idn,2004,0.367913097143173
idn,2005,0.389180362224579
idn,2006,0.409116148948669
idn,2007,0.432222813367844
idn,2008,0.461806088685989
idn,2009,0.489326059818268
idn,2010,0.520099878311157
idn,2011,0.55483865737915
idn,2012,0.593263745307922
idn,2013,0.63202315568924
idn,2014,0.671395897865295
idn,2015,0.712692975997925
idn,2016,0.755755007266998
idn,2017,0.801622331142426
idn,2018,0.850501656532288
idn,2019,0.905764698982239
idn,2020,0.95241916179657
idn,2021,1.0
idn,2022,1.04872465133667
idn,2023,1.09939694404602
ind,1954,0.0127570535987616
ind,1955,0.0137026254087687
ind,1956,0.0148215210065246
ind,1957,0.0157360918819904
ind,1958,0.0166047178208828
ind,1959,0.0174443814903498
ind,1960,0.0189405027776957
ind,1961,0.0203263126313686
ind,1962,0.0218859910964966
ind,1963,0.0235676988959312
ind,1964,0.025470744818449
ind,1965,0.0273882318288088
ind,1966,0.0293003711849451
ind,1967,0.0310993548482656
ind,1968,0.0326254963874817
ind,1969,0.0344214253127575
ind,1970,0.036333329975605
ind,1971,0.0384893082082272
ind,1972,0.0407075732946396
ind,1973,0.0426544174551964
ind,1974,0.0446571074426174
ind,1975,0.0465303510427475
ind,1976,0.0488981604576111
ind,1977,0.0518758073449135
ind,1978,0.0548476874828339
ind,1979,0.0575600378215313
ind,1980,0.0601974241435528
ind,1981,0.0626986175775528
ind,1982,0.0656680911779404
ind,1983,0.0690880790352821
ind,1984,0.0725940093398094
ind,1985,0.0762431472539902
ind,1986,0.0805542692542076
ind,1987,0.0858196169137955
ind,1988,0.0908840969204903
ind,1989,0.0967153310775757
ind,1990,0.103928744792938
ind,1991,0.109924048185349
ind,1992,0.116862609982491
ind,1993,0.122670330107212
ind,1994,0.129404753446579
ind,1995,0.137371003627777
ind,1996,0.145800679922104
ind,1997,0.156312629580498
ind,1998,0.167645707726479
ind,1999,0.183180645108223
ind,2000,0.196593955159187
ind,2001,0.213924154639244
ind,2002,0.229203477501869
ind,2003,0.245122611522675
ind,2004,0.265135705471039
ind,2005,0.29015788435936
ind,2006,0.319190889596939
ind,2007,0.354596644639969
ind,2008,0.388070732355118
ind,2009,0.423895448446274
ind,2010,0.464844554662704
ind,2011,0.510516464710236
ind,2012,0.55702418088913
ind,2013,0.597238719463348
ind,2014,0.637029767036438
ind,2015,0.681408524513245
ind,2016,0.730105459690094
ind,2017,0.784328877925873
ind,2018,0.844109535217285
ind,2019,0.897437930107117
ind,2020,0.94020426273346
ind,2021,1.0
ind,2022,1.06106269359589
ind,2023,1.13294160366058
irl,1954,0.0297188349068165
irl,1955,0.0317021012306213
irl,1956,0.0326566807925701
irl,1957,0.0329920090734959
irl,1958,0.0332511067390442
irl,1959,0.0347369164228439
irl,1960,0.0358793064951897
irl,1961,0.0374723598361015
irl,1962,0.039509441703558
irl,1963,0.041902981698513
irl,1964,0.0446696802973747
irl,1965,0.0478282868862152
irl,1966,0.0502071343362331
irl,1967,0.0526438020169735
irl,1968,0.0559262484312058
irl,1969,0.0606512911617756
irl,1970,0.0648411512374878
irl,1971,0.0694032609462738
irl,1972,0.0743676871061325
irl,1973,0.0806418880820274
irl,1974,0.0846535712480545
irl,1975,0.0880982130765915
irl,1976,0.0930866003036499
irl,1977,0.0983741581439972
irl,1978,0.105696372687817
irl,1979,0.11423134803772
irl,1980,0.121102027595043
irl,1981,0.129509702324867
irl,1982,0.135880634188652
irl,1983,0.140606060624123
irl,1984,0.144898176193237
irl,1985,0.147504314780235
irl,1986,0.149438366293907
irl,1987,0.151226505637169
irl,1988,0.153995797038078
irl,1989,0.158150792121887
irl,1990,0.163972228765488
irl,1991,0.167940437793732
irl,1992,0.171800777316093
irl,1993,0.175022542476654
irl,1994,0.180013954639435
irl,1995,0.187793850898743
irl,1996,0.198156028985977
irl,1997,0.210836499929428
irl,1998,0.2271409034729
irl,1999,0.24658714234829
irl,2000,0.265111207962036
irl,2001,0.284084320068359
irl,2002,0.303328573703766
irl,2003,0.323670208454132
irl,2004,0.346372306346893
irl,2005,0.375023066997528
irl,2006,0.405769824981689
irl,2007,0.434745192527771
irl,2008,0.455329537391663
irl,2009,0.469464272260666
irl,2010,0.478043258190155
irl,2011,0.486607313156128
irl,2012,0.500855922698975
irl,2013,0.511080622673035
irl,2014,0.52938723564148
irl,2015,0.575889945030212
irl,2016,0.649149894714356
irl,2017,0.714907288551331
irl,2018,0.756928384304047
irl,2019,0.90764594078064
irl,2020,0.99259752035141
irl,2021,1.0
irl,2022,1.01300454139709
irl,2023,1.02823197841644
irn,1959,0.0369846411049366
irn,1960,0.0398848839104176
irn,1961,0.0429808497428894
irn,1962,0.0465678535401821
irn,1963,0.0503840185701847
irn,1964,0.0563186332583427
irn,1965,0.063539631664753
irn,1966,0.0721845477819443
irn,1967,0.0814098790287972
irn,1968,0.0939518511295319
irn,1969,0.105235196650028
irn,1970,0.11298543214798
irn,1971,0.123106732964516
irn,1972,0.136169388890266
irn,1973,0.150997906923294
irn,1974,0.169020980596542
irn,1975,0.197580933570862
irn,1976,0.237592026591301
irn,1977,0.266814082860947
irn,1978,0.290084540843964
irn,1979,0.300311714410782
irn,1980,0.31052353978157
irn,1981,0.31863459944725
irn,1982,0.329135924577713
irn,1983,0.349471122026444
irn,1984,0.366180211305618
irn,1985,0.375813126564026
irn,1986,0.382226586341858
irn,1987,0.385651826858521
irn,1988,0.382808953523636
irn,1989,0.384361624717712
irn,1990,0.38916340470314
irn,1991,0.412047535181046
irn,1992,0.429171621799469
irn,1993,0.437750428915024
irn,1994,0.442222714424133
irn,1995,0.444975972175598
irn,1996,0.454878181219101
irn,1997,0.468398302793503
irn,1998,0.483101278543472
irn,1999,0.498749077320099
irn,2000,0.51721578836441
irn,2001,0.547933757305145
irn,2002,0.578008949756622
irn,2003,0.610477030277252
irn,2004,0.646441876888275
irn,2005,0.681986927986145
irn,2006,0.712259769439697
irn,2007,0.750236213207245
irn,2008,0.794904708862305
irn,2009,0.839163243770599
irn,2010,0.885680973529816
irn,2011,0.936236143112183
irn,2012,0.957728147506714
irn,2013,0.969191670417786
irn,2014,0.98655366897583
irn,2015,0.994210422039032
irn,2016,1.00244164466858
irn,2017,1.01067709922791
irn,2018,1.00841927528381
irn,2019,1.00309777259827
irn,2020,0.999593138694763
irn,2021,1.0
irn,2022,1.00070452690125
irn,2023,1.00936853885651
irq,1974,0.101825878024101
irq,1975,0.120722748339176
irq,1976,0.141107484698296
irq,1977,0.158399775624275
irq,1978,0.183780491352081
irq,1979,0.209541544318199
irq,1980,0.231739357113838
irq,1981,0.285368919372559
irq,1982,0.330583512783051
irq,1983,0.339151859283447
irq,1984,0.3376684486866
irq,1985,0.335847914218903
irq,1986,0.336472868919373
irq,1987,0.338297933340073
irq,1988,0.344287753105164
irq,1989,0.35824179649353
irq,1990,0.36809316277504
irq,1991,0.352410912513733
irq,1992,0.340801358222961
irq,1993,0.336849302053452
irq,1994,0.324828833341599
irq,1995,0.311988234519959
irq,1996,0.299238175153732
irq,1997,0.291597157716751
irq,1998,0.287862092256546
irq,1999,0.284543931484222
irq,2000,0.284809947013855
irq,2001,0.29651290178299
irq,2002,0.300298750400543
irq,2003,0.315216839313507
irq,2004,0.323906511068344
irq,2005,0.369040906429291
irq,2006,0.41885569691658
irq,2007,0.418337374925613
irq,2008,0.455603301525116
irq,2009,0.470672249794006
irq,2010,0.510439217090607
irq,2011,0.555648326873779
irq,2012,0.601092875003815
irq,2013,0.676398932933807
irq,2014,0.75394207239151
irq,2015,0.846644818782806
irq,2016,0.880219399929047
irq,2017,0.911920666694641
irq,2018,0.9437215924263
irq,2019,1.0187656879425
irq,2020,0.998805642127991
irq,2021,1.0
irq,2022,1.00650751590729
irq,2023,1.0038914680481
isl,1954,0.0566442497074604
isl,1955,0.0613007470965385
isl,1956,0.064547173678875
isl,1957,0.0680087804794312
isl,1958,0.0724669396877289
isl,1959,0.0772915109992027
isl,1960,0.0819654613733292
isl,1961,0.0858728736639023
isl,1962,0.0888807699084282
isl,1963,0.094786249101162
isl,1964,0.103852719068527
isl,1965,0.112266466021538
isl,1966,0.121918313205242
isl,1967,0.132377192378044
isl,1968,0.138374820351601
isl,1969,0.141307950019836
isl,1970,0.145491689443588
isl,1971,0.157203733921051
isl,1972,0.16586646437645
isl,1973,0.178873002529144
isl,1974,0.194524720311165
isl,1975,0.204571038484573
isl,1976,0.211708754301071
isl,1977,0.223420098423958
isl,1978,0.232412412762642
isl,1979,0.241065204143524
isl,1980,0.253231465816498
isl,1981,0.265247881412506
isl,1982,0.275337725877762
isl,1983,0.281512916088104
isl,1984,0.290152549743652
isl,1985,0.300243645906448
isl,1986,0.309546500444412
isl,1987,0.322124838829041
isl,1988,0.333925753831863
isl,1989,0.341835975646973
isl,1990,0.352632075548172
isl,1991,0.362900167703629
isl,1992,0.369555652141571
isl,1993,0.372066825628281
isl,1994,0.375850200653076
isl,1995,0.380094796419144
isl,1996,0.392162829637527
isl,1997,0.462647378444672
isl,1998,0.515850365161896
isl,1999,0.546170949935913
isl,2000,0.580717265605927
isl,2001,0.605663359165192
isl,2002,0.617391288280487
isl,2003,0.632849752902985
isl,2004,0.661560714244843
isl,2005,0.71994948387146
isl,2006,0.785225749015808
isl,2007,0.825516760349274
isl,2008,0.847526431083679
isl,2009,0.840091288089752
isl,2010,0.830879807472229
isl,2011,0.831139922142029
isl,2012,0.830973863601685
isl,2013,0.830170810222626
isl,2014,0.836098194122315
isl,2015,0.858049511909485
isl,2016,0.888924360275269
isl,2017,0.920092046260834
isl,2018,0.948818147182465
isl,2019,0.965632319450378
isl,2020,0.976734519004822
isl,2021,1.0
isl,2022,1.03618633747101
isl,2023,1.0713415145874
isr,1954,0.0264272801578045
isr,1955,0.02808534540236
isr,1956,0.0295933485031128
isr,1957,0.0314925014972687
isr,1958,0.0335722304880619
isr,1959,0.0357822403311729
isr,1960,0.0381750836968422
isr,1961,0.0412770882248879
isr,1962,0.044678807258606
isr,1963,0.0481911674141884
isr,1964,0.0529613494873047
isr,1965,0.0571110881865025
isr,1966,0.0610659718513489
isr,1967,0.0636730119585991
isr,1968,0.0657201409339905
isr,1969,0.0700628459453583
isr,1970,0.0761934071779251
isr,1971,0.0848379135131836
isr,1972,0.0937126502394676
isr,1973,0.103210508823395
isr,1974,0.111266084015369
isr,1975,0.11930413544178
isr,1976,0.125232711434364
isr,1977,0.130119249224663
isr,1978,0.137392163276672
isr,1979,0.146116629242897
isr,1980,0.150531992316246
isr,1981,0.154938563704491
isr,1982,0.161462768912315
isr,1983,0.170276552438736
isr,1984,0.177230596542358
isr,1985,0.181458279490471
isr,1986,0.186429381370544
isr,1987,0.192688673734665
isr,1988,0.197671577334404
isr,1989,0.201079905033112
isr,1990,0.209867238998413
isr,1991,0.22562412917614
isr,1992,0.241992115974426
isr,1993,0.259824812412262
isr,1994,0.280275851488113
isr,1995,0.307004749774933
isr,1996,0.336496859788895
isr,1997,0.363829463720322
isr,1998,0.389212161302567
isr,1999,0.41559162735939
isr,2000,0.441935956478119
isr,2001,0.464843481779099
isr,2002,0.483329117298126
isr,2003,0.498213589191437
isr,2004,0.513886451721191
isr,2005,0.532728791236877
isr,2006,0.553528487682343
isr,2007,0.579872965812683
isr,2008,0.605039238929749
isr,2009,0.624546408653259
isr,2010,0.646600723266602
isr,2011,0.674263954162598
isr,2012,0.703657388687134
isr,2013,0.729927957057953
isr,2014,0.754802167415619
isr,2015,0.778081595897675
isr,2016,0.810015618801117
isr,2017,0.842550277709961
isr,2018,0.881460785865784
isr,2019,0.92082679271698
isr,2020,0.954114973545075
isr,2021,1.0
isr,2022,1.0552054643631
isr,2023,1.10443615913391
ita,1954,0.0797965154051781
ita,1955,0.0849023908376694
ita,1956,0.0900566279888153
ita,1957,0.0953543931245804
ita,1958,0.100702874362469
ita,1959,0.106826767325401
ita,1960,0.11453066021204
ita,1961,0.123449712991714
ita,1962,0.132680922746658
ita,1963,0.14202456176281
ita,1964,0.149330154061317
ita,1965,0.155410394072533
ita,1966,0.162182286381722
ita,1967,0.170647993683815
ita,1968,0.179539695382118
ita,1969,0.190020754933357
ita,1970,0.207794591784477
ita,1971,0.225677639245987
ita,1972,0.243811532855034
ita,1973,0.263710826635361
ita,1974,0.283268690109253
ita,1975,0.298855781555176
ita,1976,0.314987301826477
ita,1977,0.33151713013649
ita,1978,0.348158895969391
ita,1979,0.367267847061157
ita,1980,0.389177232980728
ita,1981,0.408314615488052
ita,1982,0.42401796579361
ita,1983,0.437423020601273
ita,1984,0.453297555446625
ita,1985,0.468618422746658
ita,1986,0.484854847192764
ita,1987,0.502915263175964
ita,1988,0.523182988166809
ita,1989,0.543858349323273
ita,1990,0.565157353878021
ita,1991,0.585381209850311
ita,1992,0.604620158672333
ita,1993,0.615311563014984
ita,1994,0.62766969203949
ita,1995,0.643506467342377
ita,1996,0.660175621509552
ita,1997,0.67771452665329
ita,1998,0.697441697120667
ita,1999,0.718519747257233
ita,2000,0.742388188838959
ita,2001,0.765209496021271
ita,2002,0.788470983505249
ita,2003,0.808535516262054
ita,2004,0.82877504825592
ita,2005,0.849291086196899
ita,2006,0.870467483997345
ita,2007,0.891801297664642
ita,2008,0.909085869789124
ita,2009,0.917656481266022
ita,2010,0.928188264369965
ita,2011,0.937608957290649
ita,2012,0.94109171628952
ita,2013,0.941281974315643
ita,2014,0.942577064037323
ita,2015,0.946346700191498
ita,2016,0.952797830104828
ita,2017,0.960947930812836
ita,2018,0.970523357391357
ita,2019,0.979902505874634
ita,2020,0.982453048229218
ita,2021,1.0
ita,2022,1.02232313156128
ita,2023,1.04687976837158
jam,1957,0.387181520462036
jam,1958,0.395715475082397
jam,1959,0.401363879442215
jam,1960,0.409380167722702
jam,1961,0.415033489465714
jam,1962,0.41875571012497
jam,1963,0.422069996595383
jam,1964,0.431155532598496
jam,1965,0.442828148603439
jam,1966,0.457242846488953
jam,1967,0.473804622888565
jam,1968,0.499150782823563
jam,1969,0.527585506439209
jam,1970,0.555033445358276
jam,1971,0.577507317066193
jam,1972,0.599261999130249
jam,1973,0.621342837810516
jam,1974,0.631143391132355
jam,1975,0.648186385631561
jam,1976,0.645211279392242
jam,1977,0.630912899971008
jam,1978,0.622984766960144
jam,1979,0.618863761425018
jam,1980,0.607806921005249
jam,1981,0.605063378810883
jam,1982,0.606144368648529
jam,1983,0.606500923633575
jam,1984,0.604604423046112
jam,1985,0.604251682758331
jam,1986,0.598162055015564
jam,1987,0.600472927093506
jam,1988,0.606568574905396
jam,1989,0.618789315223694
jam,1990,0.634988605976105
jam,1991,0.646656513214111
jam,1992,0.669680833816528
jam,1993,0.692660331726074
jam,1994,0.711784183979034
jam,1995,0.733023107051849
jam,1996,0.758445858955383
jam,1997,0.784561514854431
jam,1998,0.796531677246094
jam,1999,0.802365660667419
jam,2000,0.816194474697113
jam,2001,0.839870750904083
jam,2002,0.868177115917206
jam,2003,0.887668669223785
jam,2004,0.905693888664246
jam,2005,0.920705497264862
jam,2006,0.94495153427124
jam,2007,0.962851881980896
jam,2008,0.971767127513886
jam,2009,0.965582966804504
jam,2010,0.9587242603302
jam,2011,0.959919214248657
jam,2012,0.957881808280945
jam,2013,0.961295604705811
jam,2014,0.968108773231506
jam,2015,0.97087973356247
jam,2016,0.976423382759094
jam,2017,0.985310673713684
jam,2018,0.996468424797058
jam,2019,1.00784659385681
jam,2020,1.0019109249115
jam,2021,1.0
jam,2022,1.0085711479187
jam,2023,1.01663446426392
jor,1958,0.0241954810917377
jor,1959,0.0258396659046412
jor,1960,0.0284584313631058
jor,1961,0.031256627291441
jor,1962,0.0343409441411495
jor,1963,0.0370769649744034
jor,1964,0.0409682206809521
jor,1965,0.0450521372258663
jor,1966,0.0488070510327816
jor,1967,0.0521205849945545
jor,1968,0.0577846951782703
jor,1969,0.0679277330636978
jor,1970,0.0723765268921852
jor,1971,0.0781523361802101
jor,1972,0.0844292268157005
jor,1973,0.0918046310544014
jor,1974,0.101195842027664
jor,1975,0.111623853445053
jor,1976,0.126168012619019
jor,1977,0.153116211295128
jor,1978,0.175066813826561
jor,1979,0.198021799325943
jor,1980,0.224065601825714
jor,1981,0.272838085889816
jor,1982,0.309262365102768
jor,1983,0.328746736049652
jor,1984,0.351236253976822
jor,1985,0.365496128797531
jor,1986,0.381493866443634
jor,1987,0.416312009096146
jor,1988,0.435424387454987
jor,1989,0.437391191720963
jor,1990,0.4385906457901
jor,1991,0.435921221971512
jor,1992,0.44657501578331
jor,1993,0.460140079259872
jor,1994,0.471994012594223
jor,1995,0.482203334569931
jor,1996,0.487518757581711
jor,1997,0.495331525802612
jor,1998,0.500150144100189
jor,1999,0.507166922092438
jor,2000,0.513010382652283
jor,2001,0.516142904758453
jor,2002,0.519493937492371
jor,2003,0.527304828166962
jor,2004,0.546994984149933
jor,2005,0.586772322654724
jor,2006,0.613962948322296
jor,2007,0.64433366060257
jor,2008,0.686919569969177
jor,2009,0.728691875934601
jor,2010,0.771062791347504
jor,2011,0.811685264110565
jor,2012,0.829744517803192
jor,2013,0.848965525627136
jor,2014,0.873134255409241
jor,2015,0.899483144283295
jor,2016,0.921885907649994
jor,2017,0.939918160438538
jor,2018,0.953836679458618
jor,2019,0.971232950687408
jor,2020,0.984207451343536
jor,2021,1.0
jor,2022,1.0171959400177
jor,2023,1.03821623325348
jpn,1954,0.0228193160146475
jpn,1955,0.0239759255200624
jpn,1956,0.0254589207470417
jpn,1957,0.0274741183966398
jpn,1958,0.0293464418500662
jpn,1959,0.0317477136850357
jpn,1960,0.0353202112019062
jpn,1961,0.0400567203760147
jpn,1962,0.0450063310563564
jpn,1963,0.0504213869571686
jpn,1964,0.0566221997141838
jpn,1965,0.0625074580311775
jpn,1966,0.0695132836699486
jpn,1967,0.078309141099453
jpn,1968,0.0891578495502472
jpn,1969,0.102022141218185
jpn,1970,0.117939285933971
jpn,1971,0.133786559104919
jpn,1972,0.150532498955727
jpn,1973,0.168585240840912
jpn,1974,0.183366984128952
jpn,1975,0.196933582425118
jpn,1976,0.210626974701881
jpn,1977,0.224947646260262
jpn,1978,0.241904079914093
jpn,1979,0.260460048913956
jpn,1980,0.278754770755768
jpn,1981,0.29672709107399
jpn,1982,0.313503324985504
jpn,1983,0.329700201749802
jpn,1984,0.348153084516525
jpn,1985,0.368086010217667
jpn,1986,0.388498216867447
jpn,1987,0.411168843507767
jpn,1988,0.438995778560638
jpn,1989,0.470403462648392
jpn,1990,0.503772139549255
jpn,1991,0.536750376224518
jpn,1992,0.566432416439056
jpn,1993,0.59069299697876
jpn,1994,0.612858295440674
jpn,1995,0.638675153255463
jpn,1996,0.670604109764099
jpn,1997,0.701560139656067
jpn,1998,0.727586269378662
jpn,1999,0.752706468105316
jpn,2000,0.776667475700378
jpn,2001,0.797792911529541
jpn,2002,0.813048422336578
jpn,2003,0.827759683132172
jpn,2004,0.842525243759155
jpn,2005,0.859733104705811
jpn,2006,0.876322329044342
jpn,2007,0.892065167427063
jpn,2008,0.904262781143189
jpn,2009,0.905691027641296
jpn,2010,0.908022701740265
jpn,2011,0.910903990268707
jpn,2012,0.916325032711029
jpn,2013,0.923502326011658
jpn,2014,0.932930111885071
jpn,2015,0.943554580211639
jpn,2016,0.952803134918213
jpn,2017,0.963126420974731
jpn,2018,0.974059820175171
jpn,2019,0.985113561153412
jpn,2020,0.99195122718811
jpn,2021,1.0
jpn,2022,1.00881493091583
jpn,2023,1.018195271492
kaz,1994,0.41490039229393
kaz,1995,0.412997573614121
kaz,1996,0.407223880290985
kaz,1997,0.404742270708084
kaz,1998,0.401540845632553
kaz,1999,0.399214267730713
kaz,2000,0.400456756353378
kaz,2001,0.411209851503372
kaz,2002,0.418909549713135
kaz,2003,0.42839527130127
kaz,2004,0.444637656211853
kaz,2005,0.469794601202011
kaz,2006,0.499137580394745
kaz,2007,0.532245457172394
kaz,2008,0.56530374288559
kaz,2009,0.592073559761047
kaz,2010,0.62116938829422
kaz,2011,0.646439373493195
kaz,2012,0.676915526390076
kaz,2013,0.708788394927979
kaz,2014,0.74111008644104
kaz,2015,0.773264467716217
kaz,2016,0.804945409297943
kaz,2017,0.838505268096924
kaz,2018,0.874263405799866
kaz,2019,0.920088112354279
kaz,2020,0.960930347442627
kaz,2021,1.0
kaz,2022,1.03920781612396
kaz,2023,1.1030101776123
ken,1954,0.0556816011667252
ken,1955,0.0598374865949154
ken,1956,0.063817210495472
ken,1957,0.0672660619020462
ken,1958,0.0693111643195152
ken,1959,0.0711237713694572
ken,1960,0.0730909034609795
ken,1961,0.0727620869874954
ken,1962,0.0722858905792236
ken,1963,0.0727082043886185
ken,1964,0.072630763053894
ken,1965,0.0728683993220329
ken,1966,0.0751616433262825
ken,1967,0.0777842700481415
ken,1968,0.0823532938957214
ken,1969,0.0869816094636917
ken,1970,0.094813346862793
ken,1971,0.104204960167408
ken,1972,0.112315393984318
ken,1973,0.119929760694504
ken,1974,0.125859707593918
ken,1975,0.132081598043442
ken,1976,0.138219341635704
ken,1977,0.147033452987671
ken,1978,0.158819168806076
ken,1979,0.16788224875927
ken,1980,0.176826879382133
ken,1981,0.186291202902794
ken,1982,0.191021203994751
ken,1983,0.194423571228981
ken,1984,0.19735324382782
ken,1985,0.201164856553078
ken,1986,0.206588223576546
ken,1987,0.21264311671257
ken,1988,0.219247952103615
ken,1989,0.225724548101425
ken,1990,0.233064591884613
ken,1991,0.239217787981033
ken,1992,0.244324207305908
ken,1993,0.248747438192368
ken,1994,0.256590962409973
ken,1995,0.266982883214951
ken,1996,0.27600085735321
ken,1997,0.284909576177597
ken,1998,0.295456796884537
ken,1999,0.305215030908585
ken,2000,0.316081702709198
ken,2001,0.329645067453384
ken,2002,0.340644061565399
ken,2003,0.349068760871887
ken,2004,0.359402447938919
ken,2005,0.381565153598785
ken,2006,0.410752236843109
ken,2007,0.435856431722641
ken,2008,0.461758762598038
ken,2009,0.488909065723419
ken,2010,0.524203956127167
ken,2011,0.557044565677643
ken,2012,0.594933569431305
ken,2013,0.63153463602066
ken,2014,0.685353577136993
ken,2015,0.734522104263306
ken,2016,0.772798478603363
ken,2017,0.819149851799011
ken,2018,0.858824670314789
ken,2019,0.901586890220642
ken,2020,0.945956230163574
ken,2021,1.0
ken,2022,1.04940247535706
ken,2023,1.09807693958282
kgz,1994,0.507471978664398
kgz,1995,0.502279818058014
kgz,1996,0.498144060373306
kgz,1997,0.479053646326065
kgz,1998,0.46660104393959
kgz,1999,0.464095056056976
kgz,2000,0.463820070028305
kgz,2001,0.462340444326401
kgz,2002,0.461233228445053
kgz,2003,0.460691720247269
kgz,2004,0.463250815868378
kgz,2005,0.466868072748184
kgz,2006,0.490016251802444
kgz,2007,0.510642230510712
kgz,2008,0.532240271568298
kgz,2009,0.551891386508942
kgz,2010,0.576040923595429
kgz,2011,0.597457349300385
kgz,2012,0.633046925067902
kgz,2013,0.664604127407074
kgz,2014,0.702676296234131
kgz,2015,0.73770809173584
kgz,2016,0.776494324207306
kgz,2017,0.818650543689728
kgz,2018,0.869507610797882
kgz,2019,0.925189077854157
kgz,2020,0.958414435386658
kgz,2021,1.0
kgz,2022,1.09137177467346
kgz,2023,1.1568216085434
kor,1957,0.00926034711301327
kor,1958,0.00926122441887856
kor,1959,0.00916189793497324
kor,1960,0.00909555703401566
kor,1961,0.00912536680698395
kor,1962,0.00915008690208197
kor,1963,0.00960407499223948
kor,1964,0.00980664603412151
kor,1965,0.0100203454494476
kor,1966,0.0107948845252395
kor,1967,0.0116829127073288
kor,1968,0.0129529507830739
kor,1969,0.0141899976879358
kor,1970,0.0151182627305388
kor,1971,0.0161461252719164
kor,1972,0.0171756111085415
kor,1973,0.0186230540275574
kor,1974,0.0203540530055761
kor,1975,0.022245554253459
kor,1976,0.0249129980802536
kor,1977,0.0286885257810354
kor,1978,0.0341827943921089
kor,1979,0.0400042496621609
kor,1980,0.0442882739007473
kor,1981,0.0481730364263058
kor,1982,0.0525140389800072
kor,1983,0.0577400177717209
kor,1984,0.0637819468975067
kor,1985,0.0701534077525139
kor,1986,0.077958270907402
kor,1987,0.0873997882008553
kor,1988,0.0982783511281014
kor,1989,0.11091922968626
kor,1990,0.12712824344635
kor,1991,0.145824328064919
kor,1992,0.164131611585617
kor,1993,0.182887464761734
kor,1994,0.206303492188454
kor,1995,0.232965677976608
kor,1996,0.262075394392014
kor,1997,0.288682371377945
kor,1998,0.303325861692429
kor,1999,0.323911637067795
kor,2000,0.351964205503464
kor,2001,0.376690298318863
kor,2002,0.402906477451324
kor,2003,0.429299712181091
kor,2004,0.456546664237976
kor,2005,0.48401814699173
kor,2006,0.513391494750977
kor,2007,0.54487270116806
kor,2008,0.57458233833313
kor,2009,0.601738810539246
kor,2010,0.634264528751373
kor,2011,0.666668474674225
kor,2012,0.696839034557343
kor,2013,0.725186765193939
kor,2014,0.754841983318329
kor,2015,0.785641372203827
kor,2016,0.818868637084961
kor,2017,0.859457492828369
kor,2018,0.896078824996948
kor,2019,0.928929924964905
kor,2020,0.962321221828461
kor,2021,1.0
kor,2022,1.03762829303741
kor,2023,1.07201945781708
kwt,1974,0.034792073071003
kwt,1975,0.0425708815455437
kwt,1976,0.0526392199099064
kwt,1977,0.067968375980854
kwt,1978,0.0795404091477394
kwt,1979,0.0878815054893494
kwt,1980,0.0978025794029236
kwt,1981,0.107863903045654
kwt,1982,0.120317213237286
kwt,1983,0.135461285710335
kwt,1984,0.149319246411324
kwt,1985,0.160205096006393
kwt,1986,0.167335778474808
kwt,1987,0.172636047005653
kwt,1988,0.172738775610924
kwt,1989,0.172620087862015
kwt,1990,0.174099192023277
kwt,1991,0.179832175374031
kwt,1992,0.181915014982224
kwt,1993,0.186449483036995
kwt,1994,0.189334943890572
kwt,1995,0.194005340337753
kwt,1996,0.198205068707466
kwt,1997,0.202501192688942
kwt,1998,0.215614572167397
kwt,1999,0.221391633152962
kwt,2000,0.22186316549778
kwt,2001,0.226957380771637
kwt,2002,0.235315322875977
kwt,2003,0.249103099107742
kwt,2004,0.264027416706085
kwt,2005,0.284786522388458
kwt,2006,0.318136394023895
kwt,2007,0.356741935014725
kwt,2008,0.406555712223053
kwt,2009,0.442354321479797
kwt,2010,0.479902237653732
kwt,2011,0.514851689338684
kwt,2012,0.543406009674072
kwt,2013,0.578645825386047
kwt,2014,0.623501896858215
kwt,2015,0.685737490653992
kwt,2016,0.788024365901947
kwt,2017,0.871174514293671
kwt,2018,0.950904548168182
kwt,2019,0.99674516916275
kwt,2020,0.998876452445984
kwt,2021,1.0
kwt,2022,1.04131972789764
kwt,2023,1.07713770866394
lao,1980,0.031155189499259
lao,1981,0.0320002138614655
lao,1982,0.0331377573311329
lao,1983,0.0347032956779003
lao,1984,0.035160269588232
lao,1985,0.0361889861524105
lao,1986,0.0371433347463608
lao,1987,0.0396019890904427
lao,1988,0.043312095105648
lao,1989,0.0500403270125389
lao,1990,0.0560559742152691
lao,1991,0.0617227405309677
lao,1992,0.0670985653996468
lao,1993,0.0725834593176842
lao,1994,0.0788890570402145
lao,1995,0.085300974547863
lao,1996,0.0934005007147789
lao,1997,0.101121321320534
lao,1998,0.107722319662571
lao,1999,0.116424366831779
lao,2000,0.120877556502819
lao,2001,0.12639257311821
lao,2002,0.136937469244003
lao,2003,0.14717110991478
lao,2004,0.162859961390495
lao,2005,0.180233433842659
lao,2006,0.205742597579956
lao,2007,0.241014271974564
lao,2008,0.274497985839844
lao,2009,0.305014073848724
lao,2010,0.32667151093483
lao,2011,0.355279594659805
lao,2012,0.398407071828842
lao,2013,0.440287619829178
lao,2014,0.48806431889534
lao,2015,0.540865778923035
lao,2016,0.596884548664093
lao,2017,0.668666422367096
lao,2018,0.74820214509964
lao,2019,0.837435662746429
lao,2020,0.921352505683899
lao,2021,1.0
lao,2022,1.0639580488205
lao,2023,1.10999226570129
lbn,1974,0.3518306016922
lbn,1975,0.358413636684418
lbn,1976,0.34698548913002
lbn,1977,0.349462985992432
lbn,1978,0.348761558532715
lbn,1979,0.349632978439331
lbn,1980,0.349090963602066
lbn,1981,0.355351328849793
lbn,1982,0.341311603784561
lbn,1983,0.339042365550995
lbn,1984,0.356155574321747
lbn,1985,0.384278565645218
lbn,1986,0.396611332893372
lbn,1987,0.432782799005508
lbn,1988,0.444373399019241
lbn,1989,0.435214519500732
lbn,1990,0.436763674020767
lbn,1991,0.446710020303726
lbn,1992,0.452399551868439
lbn,1993,0.461051315069199
lbn,1994,0.472903281450272
lbn,1995,0.489024013280869
lbn,1996,0.508715629577637
lbn,1997,0.520884394645691
lbn,1998,0.533463537693024
lbn,1999,0.538064062595367
lbn,2000,0.541142046451569
lbn,2001,0.545817255973816
lbn,2002,0.552222549915314
lbn,2003,0.560970783233643
lbn,2004,0.57425594329834
lbn,2005,0.587048888206482
lbn,2006,0.599507093429565
lbn,2007,0.62095707654953
lbn,2008,0.651862621307373
lbn,2009,0.706444919109345
lbn,2010,0.747028827667236
lbn,2011,0.781992912292481
lbn,2012,0.815081596374512
lbn,2013,0.854999482631683
lbn,2014,0.888298571109772
lbn,2015,0.918988168239594
lbn,2016,0.957494139671326
lbn,2017,0.994951784610748
lbn,2018,1.03587532043457
lbn,2019,1.04118001461029
lbn,2020,1.01225650310516
lbn,2021,1.0
lbn,2022,1.00972998142242
lbn,2023,0.998984634876251
lka,1954,0.02404610440135
lka,1955,0.0254311412572861
lka,1956,0.026573684066534
lka,1957,0.0274195801466703
lka,1958,0.0285048130899668
lka,1959,0.0297281108796597
lka,1960,0.0308642908930779
lka,1961,0.032256368547678
lka,1962,0.0334614664316177
lka,1963,0.0349877551198006
lka,1964,0.0362086929380894
lka,1965,0.0371830314397812
lka,1966,0.0385584533214569
lka,1967,0.0400959588587284
lka,1968,0.0420700050890446
lka,1969,0.0450543947517872
lka,1970,0.0483638383448124
lka,1971,0.0511743724346161
lka,1972,0.0543594099581242
lka,1973,0.0574125498533249
lka,1974,0.060770258307457
lka,1975,0.0642892122268677
lka,1976,0.0685775056481361
lka,1977,0.07250165194273
lka,1978,0.0784085467457771
lka,1979,0.0854707434773445
lka,1980,0.0944299399852753
lka,1981,0.102840580046177
lka,1982,0.110639587044716
lka,1983,0.117740757763386
lka,1984,0.122985199093819
lka,1985,0.128155946731567
lka,1986,0.132779896259308
lka,1987,0.137997269630432
lka,1988,0.141783356666565
lka,1989,0.144978195428848
lka,1990,0.148913353681564
lka,1991,0.154031291604042
lka,1992,0.159167900681496
lka,1993,0.166393086314201
lka,1994,0.174375951290131
lka,1995,0.182656601071358
lka,1996,0.191024765372276
lka,1997,0.200276657938957
lka,1998,0.212104022502899
lka,1999,0.223449066281319
lka,2000,0.235790997743607
lka,2001,0.242321759462357
lka,2002,0.250576794147491
lka,2003,0.26296204328537
lka,2004,0.279836803674698
lka,2005,0.300457209348679
lka,2006,0.327165961265564
lka,2007,0.357415109872818
lka,2008,0.384754568338394
lka,2009,0.411033004522324
lka,2010,0.448492228984833
lka,2011,0.493961066007614
lka,2012,0.545452654361725
lka,2013,0.598640382289887
lka,2014,0.647905111312866
lka,2015,0.696977257728577
lka,2016,0.756108045578003
lka,2017,0.824641287326813
lka,2018,0.888161718845367
lka,2019,0.930223286151886
lka,2020,0.96178936958313
lka,2021,1.0
lka,2022,1.00504899024963
lka,2023,1.00578284263611
lso,1970,0.0485985763370991
lso,1971,0.050909623503685
lso,1972,0.05373914539814
lso,1973,0.0591178573668003
lso,1974,0.0631416216492653
lso,1975,0.0707532241940498
lso,1976,0.0861819237470627
lso,1977,0.108768627047539
lso,1978,0.125632300972939
lso,1979,0.153928384184837
lso,1980,0.178907707333565
lso,1981,0.202133819460869
lso,1982,0.230727076530457
lso,1983,0.229360058903694
lso,1984,0.239294424653053
lso,1985,0.262417823076248
lso,1986,0.271836519241333
lso,1987,0.280939012765884
lso,1988,0.301807343959808
lso,1989,0.323695510625839
lso,1990,0.350485473871231
lso,1991,0.386826038360596
lso,1992,0.42833223938942
lso,1993,0.441956967115402
lso,1994,0.456324905157089
lso,1995,0.485989272594452
lso,1996,0.516551911830902
lso,1997,0.558727145195007
lso,1998,0.586403667926788
lso,1999,0.597630500793457
lso,2000,0.59925639629364
lso,2001,0.592902064323425
lso,2002,0.588020920753479
lso,2003,0.584518730640411
lso,2004,0.561411678791046
lso,2005,0.542627394199371
lso,2006,0.536070048809052
lso,2007,0.563908517360687
lso,2008,0.605657935142517
lso,2009,0.645407855510712
lso,2010,0.665715336799622
lso,2011,0.674852788448334
lso,2012,0.707270383834839
lso,2013,0.730347633361816
lso,2014,0.756743252277374
lso,2015,0.7883021235466
lso,2016,0.817725002765656
lso,2017,0.845014452934265
lso,2018,0.874941527843475
lso,2019,0.915075063705444
lso,2020,0.953661739826202
lso,2021,1.0
lso,2022,1.04631984233856
lso,2023,1.09048652648926
ltu,1994,0.414845764636993
ltu,1995,0.412241369485855
ltu,1996,0.417911678552628
ltu,1997,0.432290613651276
ltu,1998,0.452788174152374
ltu,1999,0.469451546669006
ltu,2000,0.483152568340302
ltu,2001,0.500026047229767
ltu,2002,0.517679274082184
ltu,2003,0.537359118461609
ltu,2004,0.563913941383362
ltu,2005,0.593001306056976
ltu,2006,0.628682792186737
ltu,2007,0.675516486167908
ltu,2008,0.70949125289917
ltu,2009,0.712078928947449
ltu,2010,0.718822121620178
ltu,2011,0.734695255756378
ltu,2012,0.748382925987244
ltu,2013,0.764872252941132
ltu,2014,0.783098101615906
ltu,2015,0.804567396640778
ltu,2016,0.829089164733887
ltu,2017,0.858636856079102
ltu,2018,0.891764044761658
ltu,2019,0.927173018455505
ltu,2020,0.955831587314606
ltu,2021,1.0
ltu,2022,1.05013763904572
ltu,2023,1.1036456823349
lux,1954,0.0650758147239685
lux,1955,0.0692059695720673
lux,1956,0.0733494162559509
lux,1957,0.0786839351058006
lux,1958,0.0837367996573448
lux,1959,0.0879503935575485
lux,1960,0.09228515625
lux,1961,0.0976299419999123
lux,1962,0.103670068085194
lux,1963,0.109298937022686
lux,1964,0.115938104689121
lux,1965,0.121518045663834
lux,1966,0.125945851206779
lux,1967,0.127772703766823
lux,1968,0.129435405135155
lux,1969,0.132586598396301
lux,1970,0.137916192412376
lux,1971,0.144731923937798
lux,1972,0.15206116437912
lux,1973,0.159847393631935
lux,1974,0.166161969304085
lux,1975,0.170733273029327
lux,1976,0.174615070223808
lux,1977,0.180460408329964
lux,1978,0.18678306043148
lux,1979,0.193209558725357
lux,1980,0.202890977263451
lux,1981,0.209938481450081
lux,1982,0.216772064566612
lux,1983,0.221669539809227
lux,1984,0.226956307888031
lux,1985,0.229693531990051
lux,1986,0.241220206022263
lux,1987,0.255702078342438
lux,1988,0.271446019411087
lux,1989,0.287701994180679
lux,1990,0.301940262317657
lux,1991,0.321441888809204
lux,1992,0.330537348985672
lux,1993,0.347885429859161
lux,1994,0.362302392721176
lux,1995,0.375985652208328
lux,1996,0.388455837965012
lux,1997,0.406126946210861
lux,1998,0.426240146160126
lux,1999,0.454963833093643
lux,2000,0.477905452251434
lux,2001,0.501725375652313
lux,2002,0.521378457546234
lux,2003,0.541709184646606
lux,2004,0.566216349601746
lux,2005,0.58739697933197
lux,2006,0.607234179973602
lux,2007,0.635731935501099
lux,2008,0.668260931968689
lux,2009,0.686983704566956
lux,2010,0.707985997200012
lux,2011,0.738190054893494
lux,2012,0.770298421382904
lux,2013,0.79895281791687
lux,2014,0.831604182720184
lux,2015,0.853717744350433
lux,2016,0.875709533691406
lux,2017,0.90136182308197
lux,2018,0.918536126613617
lux,2019,0.945780396461487
lux,2020,0.965633273124695
lux,2021,1.0
lux,2022,1.02409183979034
lux,2023,1.04682219028473
lva,1994,0.510749816894531
lva,1995,0.497642070055008
lva,1996,0.49325105547905
lva,1997,0.492251217365265
lva,1998,0.505723297595978
lva,1999,0.514777660369873
lva,2000,0.529903650283814
lva,2001,0.551676392555237
lva,2002,0.568588137626648
lva,2003,0.596165895462036
lva,2004,0.637513995170593
lva,2005,0.692399263381958
lva,2006,0.754089295864105
lva,2007,0.835370123386383
lva,2008,0.884064793586731
lva,2009,0.872262358665466
lva,2010,0.85902327299118
lva,2011,0.862636744976044
lva,2012,0.874534547328949
lva,2013,0.886864900588989
lva,2014,0.895694553852081
lva,2015,0.902624666690826
lva,2016,0.909358024597168
lva,2017,0.921553611755371
lva,2018,0.940533459186554
lva,2019,0.959097027778626
lva,2020,0.973815619945526
lva,2021,1.0
lva,2022,1.01823794841766
lva,2023,1.03933417797089
mac,1980,0.0557997711002827
mac,1981,0.0607741884887219
mac,1982,0.0662297606468201
mac,1983,0.0718687698245049
mac,1984,0.0772229582071304
mac,1985,0.0828367844223976
mac,1986,0.0907754898071289
mac,1987,0.09832563996315
mac,1988,0.107292674481869
mac,1989,0.116655141115189
mac,1990,0.127455338835716
mac,1991,0.14247165620327
mac,1992,0.163722664117813
mac,1993,0.184904634952545
mac,1994,0.205439046025276
mac,1995,0.222327157855034
mac,1996,0.232136890292168
mac,1997,0.24226076900959
mac,1998,0.249127805233002
mac,1999,0.256720960140228
mac,2000,0.257731527090073
mac,2001,0.258906036615372
mac,2002,0.261356115341187
mac,2003,0.271386474370956
mac,2004,0.290235698223114
mac,2005,0.326381504535675
mac,2006,0.380503118038178
mac,2007,0.449411630630493
mac,2008,0.502523362636566
mac,2009,0.530746042728424
mac,2010,0.55057156085968
mac,2011,0.578360021114349
mac,2012,0.615820348262787
mac,2013,0.657895565032959
mac,2014,0.724398732185364
mac,2015,0.79364550113678
mac,2016,0.848996996879578
mac,2017,0.90023273229599
mac,2018,0.943477511405945
mac,2019,0.969672799110413
mac,2020,0.985780715942383
mac,2021,1.0
mac,2022,1.0020489692688
mac,2023,1.01639437675476
mar,1954,0.0501853786408901
mar,1955,0.0505478158593178
mar,1956,0.0505269430577755
mar,1957,0.0497891791164875
mar,1958,0.050555732101202
mar,1959,0.0501045547425747
mar,1960,0.0503830015659332
mar,1961,0.0505324974656105
mar,1962,0.0516554303467274
mar,1963,0.053301252424717
mar,1964,0.0544683486223221
mar,1965,0.0557929091155529
mar,1966,0.0568832382559776
mar,1967,0.0593296326696873
mar,1968,0.0615689754486084
mar,1969,0.0639378055930138
mar,1970,0.0683995708823204
mar,1971,0.0724378824234009
mar,1972,0.0754916295409203
mar,1973,0.0784185007214546
mar,1974,0.0808584690093994
mar,1975,0.0916901603341103
mar,1976,0.105218507349491
mar,1977,0.121179074048996
mar,1978,0.128982067108154
mar,1979,0.136401191353798
mar,1980,0.144339188933373
mar,1981,0.152381241321564
mar,1982,0.160639867186546
mar,1983,0.166867926716805
mar,1984,0.172299280762672
mar,1985,0.179127395153046
mar,1986,0.185596153140068
mar,1987,0.192025631666183
mar,1988,0.199741140007973
mar,1989,0.209858104586601
mar,1990,0.220636963844299
mar,1991,0.231529802083969
mar,1992,0.241373464465141
mar,1993,0.249995291233063
mar,1994,0.257612198591232
mar,1995,0.266687661409378
mar,1996,0.275558859109879
mar,1997,0.28618523478508
mar,1998,0.300413817167282
mar,1999,0.317447155714035
mar,2000,0.334653675556183
mar,2001,0.348977863788605
mar,2002,0.365508526563644
mar,2003,0.384485870599747
mar,2004,0.406216651201248
mar,2005,0.429794132709503
mar,2006,0.456753790378571
mar,2007,0.488848716020584
mar,2008,0.529675126075745
mar,2009,0.56631076335907
mar,2010,0.598190009593964
mar,2011,0.635415494441986
mar,2012,0.672797501087189
mar,2013,0.707735061645508
mar,2014,0.739290416240692
mar,2015,0.771872758865356
mar,2016,0.815582513809204
mar,2017,0.856980264186859
mar,2018,0.898409187793732
mar,2019,0.939217984676361
mar,2020,0.965774893760681
mar,2021,1.0
mar,2022,1.02425146102905
mar,2023,1.04870462417603
mda,1994,0.663977980613709
mda,1995,0.65086042881012
mda,1996,0.646761357784271
mda,1997,0.636467337608337
mda,1998,0.636995136737824
mda,1999,0.622242152690888
mda,2000,0.611364483833313
mda,2001,0.605969130992889
mda,2002,0.601820170879364
mda,2003,0.603800714015961
mda,2004,0.608924031257629
mda,2005,0.620638012886047
mda,2006,0.638047218322754
mda,2007,0.671053767204285
mda,2008,0.703664243221283
mda,2009,0.706338286399841
mda,2010,0.718874990940094
mda,2011,0.736003398895264
mda,2012,0.752922773361206
mda,2013,0.770436406135559
mda,2014,0.800873994827271
mda,2015,0.822045981884003
mda,2016,0.840679526329041
mda,2017,0.862637758255005
mda,2018,0.892009198665619
mda,2019,0.927195489406586
mda,2020,0.960919260978699
mda,2021,1.0
mda,2022,1.02720940113068
mda,2023,0.965839087963104
mex,1954,0.0432624667882919
mex,1955,0.0464994162321091
mex,1956,0.050774484872818
mex,1957,0.0552820451557636
mex,1958,0.0589974969625473
mex,1959,0.0625381022691727
mex,1960,0.0666643679141998
mex,1961,0.0709370002150536
mex,1962,0.0749382972717285
mex,1963,0.0800529196858406
mex,1964,0.0867771506309509
mex,1965,0.0946236476302147
mex,1966,0.102893844246864
mex,1967,0.111274875700474
mex,1968,0.121443890035152
mex,1969,0.129638090729713
mex,1970,0.138380214571953
mex,1971,0.146379485726357
mex,1972,0.155957460403442
mex,1973,0.167654931545258
mex,1974,0.180308476090431
mex,1975,0.19428838789463
mex,1976,0.207367971539497
mex,1977,0.21816174685955
mex,1978,0.23199374973774
mex,1979,0.250763803720474
mex,1980,0.272983908653259
mex,1981,0.299493908882141
mex,1982,0.316579043865204
mex,1983,0.323075741529465
mex,1984,0.331157982349396
mex,1985,0.341753542423248
mex,1986,0.348958849906921
mex,1987,0.355724543333054
mex,1988,0.363977015018463
mex,1989,0.379503041505814
mex,1990,0.397566109895706
mex,1991,0.417695373296738
mex,1992,0.441082656383514
mex,1993,0.462578326463699
mex,1994,0.48431608080864
mex,1995,0.489567905664444
mex,1996,0.501016318798065
mex,1997,0.518738269805908
mex,1998,0.540067076683044
mex,1999,0.5617915391922
mex,2000,0.585618853569031
mex,2001,0.604156374931335
mex,2002,0.620283246040344
mex,2003,0.635799288749695
mex,2004,0.653392791748047
mex,2005,0.672590911388397
mex,2006,0.694783568382263
mex,2007,0.71854704618454
mex,2008,0.744413614273071
mex,2009,0.761310338973999
mex,2010,0.781628608703613
mex,2011,0.806233167648315
mex,2012,0.831763207912445
mex,2013,0.853439807891846
mex,2014,0.875430941581726
mex,2015,0.900611460208893
mex,2016,0.925689697265625
mex,2017,0.948122501373291
mex,2018,0.969859898090363
mex,2019,0.986549735069275
mex,2020,0.989975333213806
mex,2021,1.0
mex,2022,1.01403725147247
mex,2023,1.04119324684143
mkd,1994,0.498100072145462
mkd,1995,0.50365424156189
mkd,1996,0.514946520328522
mkd,1997,0.518727421760559
mkd,1998,0.52417379617691
mkd,1999,0.529859066009522
mkd,2000,0.536410510540009
mkd,2001,0.546591341495514
mkd,2002,0.555646359920502
mkd,2003,0.561425030231476
mkd,2004,0.569779932498932
mkd,2005,0.575317740440369
mkd,2006,0.583993256092072
mkd,2007,0.601202368736267
mkd,2008,0.625153839588165
mkd,2009,0.647464752197266
mkd,2010,0.665298938751221
mkd,2011,0.687387943267822
mkd,2012,0.711818218231201
mkd,2013,0.73809427022934
mkd,2014,0.765734910964966
mkd,2015,0.797891974449158
mkd,2016,0.835460484027863
mkd,2017,0.880457520484924
mkd,2018,0.90680855512619
mkd,2019,0.93693345785141
mkd,2020,0.967034697532654
mkd,2021,1.0
mkd,2022,1.03476464748383
mkd,2023,1.06995820999146
mlt,1958,0.0177780278027058
mlt,1959,0.0188288018107414
mlt,1960,0.0200154222548008
mlt,1961,0.0209508910775185
mlt,1962,0.02185701392591
mlt,1963,0.0228407140821219
mlt,1964,0.0245174467563629
mlt,1965,0.0261477660387754
mlt,1966,0.0278317797929049
mlt,1967,0.0298079568892717
mlt,1968,0.0324918329715729
mlt,1969,0.0355505049228668
mlt,1970,0.0380411632359028
mlt,1971,0.0404301881790161
mlt,1972,0.0430294163525105
mlt,1973,0.0461290702223778
mlt,1974,0.0506179146468639
mlt,1975,0.0556822195649147
mlt,1976,0.0614844337105751
mlt,1977,0.067425861954689
mlt,1978,0.0728297457098961
mlt,1979,0.0795430615544319
mlt,1980,0.0862102210521698
mlt,1981,0.0935268476605415
mlt,1982,0.102258279919624
mlt,1983,0.113149799406528
mlt,1984,0.122211717069149
mlt,1985,0.130696639418602
mlt,1986,0.137204006314278
mlt,1987,0.148211911320686
mlt,1988,0.159498855471611
mlt,1989,0.17020446062088
mlt,1990,0.184062346816063
mlt,1991,0.196801170706749
mlt,1992,0.208736538887024
mlt,1993,0.222755864262581
mlt,1994,0.239524587988853
mlt,1995,0.260305166244507
mlt,1996,0.278493076562881
mlt,1997,0.297741174697876
mlt,1998,0.319609194993973
mlt,1999,0.344415783882141
mlt,2000,0.369605988264084
mlt,2001,0.385150641202927
mlt,2002,0.391298711299896
mlt,2003,0.411780714988709
mlt,2004,0.431172728538513
mlt,2005,0.455876708030701
mlt,2006,0.477280646562576
mlt,2007,0.50447016954422
mlt,2008,0.528814613819122
mlt,2009,0.55013507604599
mlt,2010,0.580836236476898
mlt,2011,0.599998533725739
mlt,2012,0.625728309154511
mlt,2013,0.644571006298065
mlt,2014,0.665808260440826
mlt,2015,0.720486462116242
mlt,2016,0.765890538692474
mlt,2017,0.800374329090118
mlt,2018,0.840674757957459
mlt,2019,0.887427508831024
mlt,2020,0.929349601268768
mlt,2021,1.0
mlt,2022,1.07879674434662
mlt,2023,1.11580586433411
mng,1980,0.185728594660759
mng,1981,0.201159998774529
mng,1982,0.218653172254562
mng,1983,0.231890365481377
mng,1984,0.246390923857689
mng,1985,0.260645121335983
mng,1986,0.279939979314804
mng,1987,0.296290904283524
mng,1988,0.313878864049912
mng,1989,0.336422145366669
mng,1990,0.327066659927368
mng,1991,0.342189639806747
mng,1992,0.350649446249008
mng,1993,0.361168771982193
mng,1994,0.36950296163559
mng,1995,0.368178635835648
mng,1996,0.375897526741028
mng,1997,0.387166559696198
mng,1998,0.399325042963028
mng,1999,0.409718126058579
mng,2000,0.425517529249191
mng,2001,0.434130758047104
mng,2002,0.440705537796021
mng,2003,0.4523805975914
mng,2004,0.468127965927124
mng,2005,0.485239386558533
mng,2006,0.521160483360291
mng,2007,0.559456467628479
mng,2008,0.598569750785828
mng,2009,0.627691447734833
mng,2010,0.662148475646973
mng,2011,0.738382279872894
mng,2012,0.816756546497345
mng,2013,0.870503544807434
mng,2014,0.890147089958191
mng,2015,0.871585428714752
mng,2016,0.860468327999115
mng,2017,0.868378877639771
mng,2018,0.905436992645264
mng,2019,0.949370324611664
mng,2020,0.960501194000244
mng,2021,1.0
mng,2022,1.05271852016449
mng,2023,1.10278129577637
moz,1964,0.0381609760224819
moz,1965,0.0386803522706032
moz,1966,0.039649773389101
moz,1967,0.0403725616633892
moz,1968,0.0415261350572109
moz,1969,0.0431332066655159
moz,1970,0.0454305484890938
moz,1971,0.0478531308472157
moz,1972,0.0502798706293106
moz,1973,0.0527225658297539
moz,1974,0.0552914999425411
moz,1975,0.0577375032007694
moz,1976,0.0603185519576073
moz,1977,0.0626627579331398
moz,1978,0.06489098072052
moz,1979,0.0671943426132202
moz,1980,0.0695614889264107
moz,1981,0.0717504546046257
moz,1982,0.0737529844045639
moz,1983,0.0716284438967705
moz,1984,0.0708919912576675
moz,1985,0.0694204270839691
moz,1986,0.0700501874089241
moz,1987,0.0723826587200165
moz,1988,0.0729441568255425
moz,1989,0.075449101626873
moz,1990,0.0822142437100411
moz,1991,0.0917879790067673
moz,1992,0.0979824066162109
moz,1993,0.105341427028179
moz,1994,0.113175109028816
moz,1995,0.123235076665878
moz,1996,0.130312815308571
moz,1997,0.13875724375248
moz,1998,0.148716896772385
moz,1999,0.169990316033363
moz,2000,0.188964441418648
moz,2001,0.20204159617424
moz,2002,0.224844247102737
moz,2003,0.244837179780006
moz,2004,0.261177629232407
moz,2005,0.277626216411591
moz,2006,0.295687586069107
moz,2007,0.312443345785141
moz,2008,0.336096525192261
moz,2009,0.359528213739395
moz,2010,0.390421330928803
moz,2011,0.433277368545532
moz,2012,0.53013414144516
moz,2013,0.640794217586517
moz,2014,0.742623209953308
moz,2015,0.815963506698608
moz,2016,0.893769979476929
moz,2017,0.876959323883057
moz,2018,0.95165342092514
moz,2019,0.970881640911102
moz,2020,0.994193017482758
moz,2021,1.0
moz,2022,1.09998750686646
moz,2023,1.11060965061188
mrt,1977,0.322289258241653
mrt,1978,0.316942095756531
mrt,1979,0.315853893756866
mrt,1980,0.317454934120178
mrt,1981,0.323745399713516
mrt,1982,0.331695258617401
mrt,1983,0.339708358049393
mrt,1984,0.353104442358017
mrt,1985,0.364167988300324
mrt,1986,0.368864148855209
mrt,1987,0.372185349464417
mrt,1988,0.370790302753449
mrt,1989,0.367944955825806
mrt,1990,0.364642769098282
mrt,1991,0.365188449621201
mrt,1992,0.370909482240677
mrt,1993,0.374453753232956
mrt,1994,0.379900723695755
mrt,1995,0.39054137468338
mrt,1996,0.392804503440857
mrt,1997,0.390755206346512
mrt,1998,0.394636213779449
mrt,1999,0.401408553123474
mrt,2000,0.417336374521256
mrt,2001,0.434484839439392
mrt,2002,0.458375811576843
mrt,2003,0.489915937185288
mrt,2004,0.524495184421539
mrt,2005,0.556535720825195
mrt,2006,0.582941591739655
mrt,2007,0.621045827865601
mrt,2008,0.646973133087158
mrt,2009,0.668617606163025
mrt,2010,0.703104257583618
mrt,2011,0.734533429145813
mrt,2012,0.773708939552307
mrt,2013,0.811034440994263
mrt,2014,0.843232870101929
mrt,2015,0.864063858985901
mrt,2016,0.878002762794495
mrt,2017,0.900575220584869
mrt,2018,0.931515097618103
mrt,2019,0.963407099246979
mrt,2020,0.976461112499237
mrt,2021,1.0
mrt,2022,1.02925789356232
mrt,2023,1.04090082645416
mus,1954,0.055435985326767
mus,1955,0.0577504076063633
mus,1956,0.0593343786895275
mus,1957,0.0614389106631279
mus,1958,0.064684197306633
mus,1959,0.0675492137670517
mus,1960,0.0743400603532791
mus,1961,0.0779130831360817
mus,1962,0.0806104466319084
mus,1963,0.0837508887052536
mus,1964,0.0850616320967674
mus,1965,0.0877901315689087
mus,1966,0.0876256600022316
mus,1967,0.0895656272768974
mus,1968,0.0897713378071785
mus,1969,0.0913574174046516
mus,1970,0.0906998589634895
mus,1971,0.0912085250020027
mus,1972,0.0924337431788445
mus,1973,0.0984751507639885
mus,1974,0.103317596018314
mus,1975,0.112554758787155
mus,1976,0.121213130652905
mus,1977,0.129874363541603
mus,1978,0.138891696929932
mus,1979,0.146587237715721
mus,1980,0.151636928319931
mus,1981,0.155585065484047
mus,1982,0.15727673470974
mus,1983,0.159754693508148
mus,1984,0.163041189312935
mus,1985,0.167620539665222
mus,1986,0.174739971756935
mus,1987,0.1855688393116
mus,1988,0.20478281378746
mus,1989,0.218654677271843
mus,1990,0.238808006048203
mus,1991,0.254439115524292
mus,1992,0.270506739616394
mus,1993,0.287415266036987
mus,1994,0.307993501424789
mus,1995,0.320090413093567
mus,1996,0.337926357984543
mus,1997,0.360321551561356
mus,1998,0.378312915563583
mus,1999,0.406308740377426
mus,2000,0.426490217447281
mus,2001,0.448354303836823
mus,2002,0.468004763126373
mus,2003,0.494270592927933
mus,2004,0.519522190093994
mus,2005,0.543132364749908
mus,2006,0.57693076133728
mus,2007,0.610722899436951
mus,2008,0.641495406627655
mus,2009,0.677107930183411
mus,2010,0.709432899951935
mus,2011,0.742103636264801
mus,2012,0.774239659309387
mus,2013,0.804458677768707
mus,2014,0.829684197902679
mus,2015,0.850180387496948
mus,2016,0.873443067073822
mus,2017,0.898714363574982
mus,2018,0.930877387523651
mus,2019,0.96600866317749
mus,2020,0.979390919208527
mus,2021,1.0
mus,2022,1.02609884738922
mus,2023,1.07310914993286
mys,1959,0.00920803472399712
mys,1960,0.00956879556179047
mys,1961,0.0099846264347434
mys,1962,0.0105664823204279
mys,1963,0.0111809596419334
mys,1964,0.011790880933404
mys,1965,0.0124853299930692
mys,1966,0.0132256867364049
mys,1967,0.0140226325020194
mys,1968,0.0148394666612148
mys,1969,0.0155189679935575
mys,1970,0.016682455316186
mys,1971,0.0187372323125601
mys,1972,0.0210656244307756
mys,1973,0.0238230489194393
mys,1974,0.0272325556725264
mys,1975,0.0300328377634287
mys,1976,0.0329547375440598
mys,1977,0.036493968218565
mys,1978,0.0406183861196041
mys,1979,0.0457315109670162
mys,1980,0.0526192635297775
mys,1981,0.0612382590770721
mys,1982,0.0702752843499184
mys,1983,0.079040490090847
mys,1984,0.0887032076716423
mys,1985,0.0963833406567574
mys,1986,0.101271286606789
mys,1987,0.105080731213093
mys,1988,0.111092686653137
mys,1989,0.120945543050766
mys,1990,0.134386122226715
mys,1991,0.151422083377838
mys,1992,0.169991374015808
mys,1993,0.192189112305641
mys,1994,0.217958405613899
mys,1995,0.250854343175888
mys,1996,0.285609304904938
mys,1997,0.322416454553604
mys,1998,0.330724000930786
mys,1999,0.334918022155762
mys,2000,0.349741339683533
mys,2001,0.364449322223663
mys,2002,0.380343437194824
mys,2003,0.39751923084259
mys,2004,0.415562957525253
mys,2005,0.437588334083557
mys,2006,0.459591090679169
mys,2007,0.484909534454346
mys,2008,0.508387684822083
mys,2009,0.529463291168213
mys,2010,0.55700147151947
mys,2011,0.586062967777252
mys,2012,0.625719249248505
mys,2013,0.668666303157806
mys,2014,0.712092936038971
mys,2015,0.755238592624664
mys,2016,0.798865854740143
mys,2017,0.846339464187622
mys,2018,0.892487466335297
mys,2019,0.934488594532013
mys,2020,0.968608677387238
mys,2021,1.0
mys,2022,1.03490495681763
mys,2023,1.07184851169586
nam,1964,0.0541960634291172
nam,1965,0.0591435618698597
nam,1966,0.0655479654669762
nam,1967,0.0724169164896011
nam,1968,0.0799141079187393
nam,1969,0.0878264531493187
nam,1970,0.0981884896755219
nam,1971,0.108572646975517
nam,1972,0.118476398289204
nam,1973,0.128259181976318
nam,1974,0.138729378581047
nam,1975,0.148857697844505
nam,1976,0.158294036984444
nam,1977,0.167636945843697
nam,1978,0.176808893680573
nam,1979,0.185037791728973
nam,1980,0.197543457150459
nam,1981,0.206433206796646
nam,1982,0.210144549608231
nam,1983,0.209558606147766
nam,1984,0.207069903612137
nam,1985,0.204662084579468
nam,1986,0.202046647667885
nam,1987,0.20250079035759
nam,1988,0.204750046133995
nam,1989,0.20824471116066
nam,1990,0.218520835042
nam,1991,0.219646230340004
nam,1992,0.228005915880203
nam,1993,0.234877377748489
nam,1994,0.244190245866776
nam,1995,0.256324261426926
nam,1996,0.272275507450104
nam,1997,0.281578242778778
nam,1998,0.29840275645256
nam,1999,0.315390318632126
nam,2000,0.325445950031281
nam,2001,0.346909463405609
nam,2002,0.37156143784523
nam,2003,0.389396399259567
nam,2004,0.406078070402145
nam,2005,0.422657996416092
nam,2006,0.451425075531006
nam,2007,0.481301337480545
nam,2008,0.521828472614288
nam,2009,0.574865639209747
nam,2010,0.621425688266754
nam,2011,0.654356300830841
nam,2012,0.718968451023102
nam,2013,0.79206770658493
nam,2014,0.882955610752106
nam,2015,0.948038041591644
nam,2016,0.974509298801422
nam,2017,0.986948251724243
nam,2018,0.997957766056061
nam,2019,1.00057196617126
nam,2020,0.987625598907471
nam,2021,1.0
nam,2022,1.0262359380722
nam,2023,1.12017869949341
ner,1964,0.364790707826614
ner,1965,0.361805975437164
ner,1966,0.358456909656525
ner,1967,0.35666298866272
ner,1968,0.355880290269852
ner,1969,0.34988734126091
ner,1970,0.350144177675247
ner,1971,0.346841901540756
ner,1972,0.347495228052139
ner,1973,0.353425890207291
ner,1974,0.357658803462982
ner,1975,0.359401404857636
ner,1976,0.362098455429077
ner,1977,0.368010729551315
ner,1978,0.377581804990768
ner,1979,0.391460686922073
ner,1980,0.411670923233032
ner,1981,0.425597786903381
ner,1982,0.428042709827423
ner,1983,0.428159326314926
ner,1984,0.423516839742661
ner,1985,0.418517649173737
ner,1986,0.413593709468842
ner,1987,0.409302681684494
ner,1988,0.404711812734604
ner,1989,0.401589959859848
ner,1990,0.39727857708931
ner,1991,0.392181426286697
ner,1992,0.38714063167572
ner,1993,0.384054601192474
ner,1994,0.384111434221268
ner,1995,0.384090781211853
ner,1996,0.383483022451401
ner,1997,0.383836358785629
ner,1998,0.386061489582062
ner,1999,0.387674242258072
ner,2000,0.38911646604538
ner,2001,0.395662575960159
ner,2002,0.402180671691895
ner,2003,0.407488793134689
ner,2004,0.415175974369049
ner,2005,0.428750157356262
ner,2006,0.446498960256577
ner,2007,0.459110200405121
ner,2008,0.48624050617218
ner,2009,0.52196604013443
ner,2010,0.56373131275177
ner,2011,0.603677272796631
ner,2012,0.637192249298096
ner,2013,0.674452364444733
ner,2014,0.714625895023346
ner,2015,0.756776392459869
ner,2016,0.791019260883331
ner,2017,0.820822536945343
ner,2018,0.863215804100037
ner,2019,0.915428042411804
ner,2020,0.956203639507294
ner,2021,1.0
ner,2022,1.04734969139099
ner,2023,1.07759928703308
nga,1954,0.0453723259270191
nga,1955,0.0499520748853684
nga,1956,0.0542064718902111
nga,1957,0.0593099072575569
nga,1958,0.0635384023189545
nga,1959,0.0687815621495247
nga,1960,0.0739056468009949
nga,1961,0.0800514668226242
nga,1962,0.0856173560023308
nga,1963,0.0919283628463745
nga,1964,0.0997334271669388
nga,1965,0.111177802085876
nga,1966,0.121350049972534
nga,1967,0.129038944840431
nga,1968,0.134833961725235
nga,1969,0.14200134575367
nga,1970,0.15961816906929
nga,1971,0.178653433918953
nga,1972,0.199376985430717
nga,1973,0.22383850812912
nga,1974,0.24199615418911
nga,1975,0.269380360841751
nga,1976,0.311049550771713
nga,1977,0.360128432512283
nga,1978,0.405655980110168
nga,1979,0.440701365470886
nga,1980,0.479183793067932
nga,1981,0.527424156665802
nga,1982,0.559128165245056
nga,1983,0.576095461845398
nga,1984,0.580052793025971
nga,1985,0.581728518009186
nga,1986,0.584966361522675
nga,1987,0.589184641838074
nga,1988,0.594413816928864
nga,1989,0.600546777248383
nga,1990,0.61421412229538
nga,1991,0.626666784286499
nga,1992,0.641952633857727
nga,1993,0.658751487731934
nga,1994,0.669378101825714
nga,1995,0.676273465156555
nga,1996,0.68835437297821
nga,1997,0.702684223651886
nga,1998,0.710832417011261
nga,1999,0.721260845661163
nga,2000,0.734898209571838
nga,2001,0.745135188102722
nga,2002,0.76030969619751
nga,2003,0.787980258464813
nga,2004,0.795771956443787
nga,2005,0.798327624797821
nga,2006,0.820663213729858
nga,2007,0.825659811496735
nga,2008,0.830825626850128
nga,2009,0.842989802360535
nga,2010,0.855134248733521
nga,2011,0.860909283161163
nga,2012,0.866818368434906
nga,2013,0.875008642673492
nga,2014,0.890117287635803
nga,2015,0.904964208602905
nga,2016,0.916460573673248
nga,2017,0.925375401973724
nga,2018,0.942163407802582
nga,2019,0.966647684574127
nga,2020,0.985150098800659
nga,2021,1.0
nga,2022,1.01488947868347
nga,2023,1.03397619724274
nic,1980,0.333341926336288
nic,1981,0.350520581007004
nic,1982,0.360673725605011
nic,1983,0.371126919984818
nic,1984,0.381721943616867
nic,1985,0.391658008098602
nic,1986,0.401241987943649
nic,1987,0.410347282886505
nic,1988,0.415231615304947
nic,1989,0.415401697158814
nic,1990,0.413872450590134
nic,1991,0.412233620882034
nic,1992,0.414397031068802
nic,1993,0.415144354104996
nic,1994,0.418364316225052
nic,1995,0.422244071960449
nic,1996,0.428961783647537
nic,1997,0.439815551042557
nic,1998,0.452128320932388
nic,1999,0.473320007324219
nic,2000,0.489256024360657
nic,2001,0.502458930015564
nic,2002,0.515358090400696
nic,2003,0.529603660106659
nic,2004,0.54519122838974
nic,2005,0.564150214195252
nic,2006,0.584173023700714
nic,2007,0.609622240066528
nic,2008,0.635203003883362
nic,2009,0.645989894866943
nic,2010,0.663596868515015
nic,2011,0.690185070037842
nic,2012,0.727479875087738
nic,2013,0.765591859817505
nic,2014,0.803490698337555
nic,2015,0.852022290229797
nic,2016,0.897887170314789
nic,2017,0.942324638366699
nic,2018,0.961691558361054
nic,2019,0.962867438793182
nic,2020,0.970225870609283
nic,2021,1.0
nic,2022,1.0252845287323
nic,2023,1.05539488792419
nld,1954,0.0842746272683144
nld,1955,0.0901552811264992
nld,1956,0.0968204587697983
nld,1957,0.103423535823822
nld,1958,0.108102887868881
nld,1959,0.113748393952847
nld,1960,0.120506346225739
nld,1961,0.127502247691154
nld,1962,0.134481862187386
nld,1963,0.141207724809647
nld,1964,0.150730788707733
nld,1965,0.160534530878067
nld,1966,0.171436622738838
nld,1967,0.183152720332146
nld,1968,0.196424320340157
nld,1969,0.208360895514488
nld,1970,0.22197388112545
nld,1971,0.235962867736816
nld,1972,0.247557640075684
nld,1973,0.259592622518539
nld,1974,0.269925564527512
nld,1975,0.279159516096115
nld,1976,0.287892609834671
nld,1977,0.299069404602051
nld,1978,0.311216205358505
nld,1979,0.322568893432617
nld,1980,0.334741115570068
nld,1981,0.342652410268784
nld,1982,0.349820584058762
nld,1983,0.358416110277176
nld,1984,0.369167804718018
nld,1985,0.381950885057449
nld,1986,0.396061301231384
nld,1987,0.410193145275116
nld,1988,0.427413254976273
nld,1989,0.44418939948082
nld,1990,0.461357027292252
nld,1991,0.47736319899559
nld,1992,0.493203461170197
nld,1993,0.506524622440338
nld,1994,0.519180715084076
nld,1995,0.534535765647888
nld,1996,0.553609192371368
nld,1997,0.574932396411896
nld,1998,0.599622368812561
nld,1999,0.628660142421722
nld,2000,0.653641700744629
nld,2001,0.67561012506485
nld,2002,0.691413104534149
nld,2003,0.706173419952393
nld,2004,0.720645606517792
nld,2005,0.736060678958893
nld,2006,0.754858195781708
nld,2007,0.784121930599213
nld,2008,0.805184066295624
nld,2009,0.81857031583786
nld,2010,0.829421162605286
nld,2011,0.843463957309723
nld,2012,0.853725016117096
nld,2013,0.864301204681397
nld,2014,0.870900571346283
nld,2015,0.899911940097809
nld,2016,0.912873506546021
nld,2017,0.927619159221649
nld,2018,0.943222403526306
nld,2019,0.964167177677155
nld,2020,0.980577886104584
nld,2021,1.0
nld,2022,1.02177000045776
nld,2023,1.04213047027588
nor,1954,0.0925531685352325
nor,1955,0.0971845015883446
nor,1956,0.101576320827007
nor,1957,0.10572837293148
nor,1958,0.11007995903492
nor,1959,0.113334879279137
nor,1960,0.116502143442631
nor,1961,0.121006175875664
nor,1962,0.125054612755775
nor,1963,0.129148200154305
nor,1964,0.133500963449478
nor,1965,0.13960337638855
nor,1966,0.146436288952827
nor,1967,0.154576405882835
nor,1968,0.159987166523933
nor,1969,0.163498625159264
nor,1970,0.171036675572395
nor,1971,0.18164336681366
nor,1972,0.189991399645805
nor,1973,0.200086191296577
nor,1974,0.210968688130379
nor,1975,0.224340081214905
nor,1976,0.239871561527252
nor,1977,0.255318701267242
nor,1978,0.268829494714737
nor,1979,0.280706852674484
nor,1980,0.292581707239151
nor,1981,0.305976986885071
nor,1982,0.318408846855164
nor,1983,0.330861061811447
nor,1984,0.344821512699127
nor,1985,0.35873681306839
nor,1986,0.374704957008362
nor,1987,0.389213293790817
nor,1988,0.401562929153442
nor,1989,0.409571766853333
nor,1990,0.413147747516632
nor,1991,0.416856169700623
nor,1992,0.420243352651596
nor,1993,0.426181614398956
nor,1994,0.434512764215469
nor,1995,0.444103956222534
nor,1996,0.458346635103226
nor,1997,0.479452252388001
nor,1998,0.507798671722412
nor,1999,0.531276226043701
nor,2000,0.547477304935455
nor,2001,0.562994658946991
nor,2002,0.576420366764069
nor,2003,0.587914049625397
nor,2004,0.603475451469421
nor,2005,0.623022437095642
nor,2006,0.646921753883362
nor,2007,0.675982236862183
nor,2008,0.705077767372131
nor,2009,0.726734399795532
nor,2010,0.743028461933136
nor,2011,0.761738359928131
nor,2012,0.78237384557724
nor,2013,0.805717706680298
nor,2014,0.827348113059998
nor,2015,0.845807671546936
nor,2016,0.869448781013489
nor,2017,0.893853664398193
nor,2018,0.918673276901245
nor,2019,0.950343251228333
nor,2020,0.978531241416931
nor,2021,1.0
nor,2022,1.02356266975403
nor,2023,1.05282783508301
nzl,1954,0.0688258856534958
nzl,1955,0.0726867765188217
nzl,1956,0.0761550068855286
nzl,1957,0.0798930004239082
nzl,1958,0.0833607986569405
nzl,1959,0.086880624294281
nzl,1960,0.0905445739626885
nzl,1961,0.0949051976203919
nzl,1962,0.0984881669282913
nzl,1963,0.10291051119566
nzl,1964,0.108546398580074
nzl,1965,0.115990698337555
nzl,1966,0.124011687934399
nzl,1967,0.128476962447166
nzl,1968,0.130696475505829
nzl,1969,0.135514125227928
nzl,1970,0.140433296561241
nzl,1971,0.147069692611694
nzl,1972,0.156721785664558
nzl,1973,0.166688442230225
nzl,1974,0.177303805947304
nzl,1975,0.186290800571442
nzl,1976,0.193304821848869
nzl,1977,0.197890684008598
nzl,1978,0.202475056052208
nzl,1979,0.205882489681244
nzl,1980,0.210249170660973
nzl,1981,0.218382254242897
nzl,1982,0.227769255638123
nzl,1983,0.23931111395359
nzl,1984,0.252040386199951
nzl,1985,0.265466004610062
nzl,1986,0.276309937238693
nzl,1987,0.287144362926483
nzl,1988,0.296933948993683
nzl,1989,0.30796605348587
nzl,1990,0.316988676786423
nzl,1991,0.320697814226151
nzl,1992,0.325821816921234
nzl,1993,0.335297435522079
nzl,1994,0.348896056413651
nzl,1995,0.364732712507248
nzl,1996,0.381244331598282
nzl,1997,0.397471636533737
nzl,1998,0.41219425201416
nzl,1999,0.429852187633514
nzl,2000,0.44562903046608
nzl,2001,0.46390974521637
nzl,2002,0.484441846609116
nzl,2003,0.509516596794128
nzl,2004,0.538759887218475
nzl,2005,0.569136083126068
nzl,2006,0.595554172992706
nzl,2007,0.624104022979736
nzl,2008,0.646738052368164
nzl,2009,0.660284101963043
nzl,2010,0.67669415473938
nzl,2011,0.696702301502228
nzl,2012,0.718415260314941
nzl,2013,0.74311751127243
nzl,2014,0.772675275802612
nzl,2015,0.802856862545013
nzl,2016,0.830524325370789
nzl,2017,0.862227857112885
nzl,2018,0.897075116634369
nzl,2019,0.930812180042267
nzl,2020,0.959627628326416
nzl,2021,1.0
nzl,2022,1.0395473241806
nzl,2023,1.0730847120285
omn,1974,0.0377577133476734
omn,1975,0.0418227538466454
omn,1976,0.0469122901558876
omn,1977,0.0532802641391754
omn,1978,0.060982208698988
omn,1979,0.0683336481451988
omn,1980,0.0756877586245537
omn,1981,0.0848169401288033
omn,1982,0.0955094248056412
omn,1983,0.105337895452976
omn,1984,0.11678472161293
omn,1985,0.131774961948395
omn,1986,0.143666192889214
omn,1987,0.147446528077126
omn,1988,0.150123402476311
omn,1989,0.153529301285744
omn,1990,0.157612755894661
omn,1991,0.162141174077988
omn,1992,0.168418481945992
omn,1993,0.176807165145874
omn,1994,0.183743521571159
omn,1995,0.19106037914753
omn,1996,0.1982431858778
omn,1997,0.212080135941505
omn,1998,0.232425019145012
omn,1999,0.245450183749199
omn,2000,0.253550350666046
omn,2001,0.263878673315048
omn,2002,0.27633997797966
omn,2003,0.294834852218628
omn,2004,0.319209039211273
omn,2005,0.345275342464447
omn,2006,0.369834154844284
omn,2007,0.408386677503586
omn,2008,0.464540302753449
omn,2009,0.510295212268829
omn,2010,0.537003219127655
omn,2011,0.571368396282196
omn,2012,0.60355544090271
omn,2013,0.651340544223785
omn,2014,0.698609292507172
omn,2015,0.740468680858612
omn,2016,0.798641979694367
omn,2017,0.848408162593842
omn,2018,0.895857453346252
omn,2019,0.932345509529114
omn,2020,0.972337365150452
omn,2021,1.0
omn,2022,1.03074264526367
omn,2023,1.06552863121033
pan,1969,0.0296015441417694
pan,1970,0.0340355522930622
pan,1971,0.0390068590641022
pan,1972,0.0452796705067158
pan,1973,0.0512143149971962
pan,1974,0.0560591667890549
pan,1975,0.0610983334481716
pan,1976,0.0661962181329727
pan,1977,0.0682372227311134
pan,1978,0.0719613656401634
pan,1979,0.0755626931786537
pan,1980,0.0806427597999573
pan,1981,0.0875106826424599
pan,1982,0.0941304564476013
pan,1983,0.0971636474132538
pan,1984,0.0992904603481293
pan,1985,0.101266488432884
pan,1986,0.104893632233143
pan,1987,0.109361849725246
pan,1988,0.107571378350258
pan,1989,0.104783996939659
pan,1990,0.103955544531345
pan,1991,0.106743201613426
pan,1992,0.112464152276516
pan,1993,0.121763803064823
pan,1994,0.131237953901291
pan,1995,0.141178131103516
pan,1996,0.150483757257462
pan,1997,0.160644724965096
pan,1998,0.173792868852615
pan,1999,0.187155365943909
pan,2000,0.197438329458237
pan,2001,0.201542556285858
pan,2002,0.204928666353226
pan,2003,0.211992248892784
pan,2004,0.220655620098114
pan,2005,0.23106424510479
pan,2006,0.244426175951958
pan,2007,0.268003761768341
pan,2008,0.297737836837769
pan,2009,0.323507755994797
pan,2010,0.356560438871384
pan,2011,0.396930426359177
pan,2012,0.444904893636704
pan,2013,0.505726933479309
pan,2014,0.572198688983917
pan,2015,0.642977297306061
pan,2016,0.717297077178955
pan,2017,0.800192534923554
pan,2018,0.879626035690308
pan,2019,0.953364312648773
pan,2020,0.967041075229645
pan,2021,1.0
pan,2022,1.05057597160339
pan,2023,1.12657606601715
per,1954,0.0491079390048981
per,1955,0.052737008780241
per,1956,0.0578527264297009
per,1957,0.0637559294700623
per,1958,0.0674520283937454
per,1959,0.069667674601078
per,1960,0.0735581740736961
per,1961,0.0775764361023903
per,1962,0.0824419036507607
per,1963,0.0868706256151199
per,1964,0.0910656973719597
per,1965,0.0960637405514717
per,1966,0.103130549192429
per,1967,0.109017394483089
per,1968,0.110603205859661
per,1969,0.112783327698708
per,1970,0.115650273859501
per,1971,0.120215572416782
per,1972,0.123415738344193
per,1973,0.133400350809097
per,1974,0.148926094174385
per,1975,0.162258952856064
per,1976,0.170144438743591
per,1977,0.174312442541122
per,1978,0.176528334617615
per,1979,0.182021349668503
per,1980,0.19637493789196
per,1981,0.215953305363655
per,1982,0.230353131890297
per,1983,0.228865966200829
per,1984,0.226270824670792
per,1985,0.22187077999115
per,1986,0.223665207624435
per,1987,0.230838015675545
per,1988,0.234083354473114
per,1989,0.231053620576859
per,1990,0.228201702237129
per,1991,0.227839425206184
per,1992,0.229301944375038
per,1993,0.233324900269508
per,1994,0.243820503354073
per,1995,0.25872603058815
per,1996,0.272223263978958
per,1997,0.28974574804306
per,1998,0.30580148100853
per,1999,0.317558348178864
per,2000,0.327699959278107
per,2001,0.335268586874008
per,2002,0.342293530702591
per,2003,0.350974351167679
per,2004,0.361712127923965
per,2005,0.375808954238892
per,2006,0.395661950111389
per,2007,0.423901498317719
per,2008,0.464920699596405
per,2009,0.497261047363281
per,2010,0.541149020195007
per,2011,0.589594125747681
per,2012,0.644938468933106
per,2013,0.69995242357254
per,2014,0.749034821987152
per,2015,0.78983873128891
per,2016,0.824297308921814
per,2017,0.857861697673798
per,2018,0.894070327281952
per,2019,0.931849837303162
per,2020,0.954053282737732
per,2021,1.0
per,2022,1.04472076892853
per,2023,1.0815532207489
phl,1954,0.0271584130823612
phl,1955,0.0290977861732245
phl,1956,0.0308171715587378
phl,1957,0.0329700522124767
phl,1958,0.0349969789385796
phl,1959,0.0374115742743015
phl,1960,0.0391766466200352
phl,1961,0.0414160117506981
phl,1962,0.0435110256075859
phl,1963,0.0462776012718678
phl,1964,0.0494569018483162
phl,1965,0.0527594089508057
phl,1966,0.0559423007071018
phl,1967,0.0596790015697479
phl,1968,0.0633388832211494
phl,1969,0.0669862106442452
phl,1970,0.0701586231589317
phl,1971,0.0738341361284256
phl,1972,0.0772187113761902
phl,1973,0.0806659683585167
phl,1974,0.085643008351326
phl,1975,0.0930072218179703
phl,1976,0.101671777665615
phl,1977,0.109980888664722
phl,1978,0.119233794510365
phl,1979,0.129800528287888
phl,1980,0.141392797231674
phl,1981,0.154390171170235
phl,1982,0.167536869645119
phl,1983,0.182094007730484
phl,1984,0.188102453947067
phl,1985,0.187685415148735
phl,1986,0.187800228595734
phl,1987,0.189126431941986
phl,1988,0.193034172058105
phl,1989,0.200860559940338
phl,1990,0.21137760579586
phl,1991,0.218112155795097
phl,1992,0.226059705018997
phl,1993,0.235632702708244
phl,1994,0.246303796768188
phl,1995,0.257969677448273
phl,1996,0.271808981895447
phl,1997,0.288033217191696
phl,1998,0.298385292291641
phl,1999,0.306707471609116
phl,2000,0.3180311024189
phl,2001,0.327530115842819
phl,2002,0.337637156248093
phl,2003,0.351683467626572
phl,2004,0.36646118760109
phl,2005,0.3807412981987
phl,2006,0.395825088024139
phl,2007,0.413828939199448
phl,2008,0.43419674038887
phl,2009,0.454252332448959
phl,2010,0.483167260885239
phl,2011,0.508214473724365
phl,2012,0.537278413772583
phl,2013,0.57137542963028
phl,2014,0.608371794223785
phl,2015,0.653168618679047
phl,2016,0.71312814950943
phl,2017,0.779246151447296
phl,2018,0.853550612926483
phl,2019,0.925003886222839
phl,2020,0.958471179008484
phl,2021,1.0
phl,2022,1.04906451702118
phl,2023,1.10471773147583
pol,1974,0.0971799641847611
pol,1975,0.105913184583187
pol,1976,0.114800743758678
pol,1977,0.124659158289433
pol,1978,0.134796321392059
pol,1979,0.144379407167435
pol,1980,0.154744043946266
pol,1981,0.16105517745018
pol,1982,0.165158629417419
pol,1983,0.170499995350838
pol,1984,0.177289098501205
pol,1985,0.18461237847805
pol,1986,0.192979648709297
pol,1987,0.201975882053375
pol,1988,0.211594268679619
pol,1989,0.21686577796936
pol,1990,0.221887454390526
pol,1991,0.226759672164917
pol,1992,0.232177868485451
pol,1993,0.238878920674324
pol,1994,0.247226148843765
pol,1995,0.260049939155579
pol,1996,0.27790766954422
pol,1997,0.30113610625267
pol,1998,0.328980833292007
pol,1999,0.357682108879089
pol,2000,0.385440677404404
pol,2001,0.405188381671906
pol,2002,0.419700801372528
pol,2003,0.433993279933929
pol,2004,0.450726747512817
pol,2005,0.470203459262848
pol,2006,0.497053414583206
pol,2007,0.53327614068985
pol,2008,0.571311771869659
pol,2009,0.601379990577698
pol,2010,0.626473248004913
pol,2011,0.657694816589356
pol,2012,0.685312390327454
pol,2013,0.712092578411102
pol,2014,0.746130168437958
pol,2015,0.78409606218338
pol,2016,0.813494503498077
pol,2017,0.843214213848114
pol,2018,0.883595705032349
pol,2019,0.927146196365356
pol,2020,0.962602138519287
pol,2021,1.0
pol,2022,1.03291392326355
pol,2023,1.06999635696411
prt,1954,0.0422363504767418
prt,1955,0.0438183173537254
prt,1956,0.0457133166491985
prt,1957,0.0486445873975754
prt,1958,0.0513039976358414
prt,1959,0.0538321100175381
prt,1960,0.0579045675694943
prt,1961,0.0632593110203743
prt,1962,0.0675022751092911
prt,1963,0.0737061649560928
prt,1964,0.0801834017038345
prt,1965,0.0878157764673233
prt,1966,0.0953795462846756
prt,1967,0.102317705750465
prt,1968,0.10978027433157
prt,1969,0.116562724113464
prt,1970,0.128381013870239
prt,1971,0.141188740730286
prt,1972,0.155356779694557
prt,1973,0.170709580183029
prt,1974,0.184147074818611
prt,1975,0.195049300789833
prt,1976,0.207007601857185
prt,1977,0.220139041543007
prt,1978,0.23572763800621
prt,1979,0.246266648173332
prt,1980,0.263515681028366
prt,1981,0.281763106584549
prt,1982,0.298355579376221
prt,1983,0.312089532613754
prt,1984,0.318059116601944
prt,1985,0.32368403673172
prt,1986,0.333206593990326
prt,1987,0.349092692136765
prt,1988,0.367378443479538
prt,1989,0.385622680187225
prt,1990,0.40808567404747
prt,1991,0.431560873985291
prt,1992,0.453138053417206
prt,1993,0.471091449260712
prt,1994,0.488937377929688
prt,1995,0.508518874645233
prt,1996,0.531167209148407
prt,1997,0.561054110527039
prt,1998,0.599252998828888
prt,1999,0.639082491397858
prt,2000,0.678370356559753
prt,2001,0.714039742946625
prt,2002,0.74344128370285
prt,2003,0.766187608242035
prt,2004,0.789088368415833
prt,2005,0.811953246593475
prt,2006,0.83473664522171
prt,2007,0.860057234764099
prt,2008,0.88594263792038
prt,2009,0.902065396308899
prt,2010,0.917866408824921
prt,2011,0.922888994216919
prt,2012,0.919963598251343
prt,2013,0.917398154735565
prt,2014,0.918168544769287
prt,2015,0.922258198261261
prt,2016,0.928167045116425
prt,2017,0.941245973110199
prt,2018,0.957199394702911
prt,2019,0.974404156208038
prt,2020,0.984142065048218
prt,2021,1.0
prt,2022,1.01598823070526
prt,2023,1.03128790855408
pry,1955,0.030736681073904
pry,1956,0.0314005650579929
pry,1957,0.0338133946061134
pry,1958,0.0359803736209869
pry,1959,0.0374468863010407
pry,1960,0.0395335331559181
pry,1961,0.0416870042681694
pry,1962,0.0426389649510384
pry,1963,0.0438225083053112
pry,1964,0.0445872396230698
pry,1965,0.0471354424953461
pry,1966,0.0501464828848839
pry,1967,0.0541033633053303
pry,1968,0.0573844164609909
pry,1969,0.0607758425176144
pry,1970,0.0637642815709114
pry,1971,0.0672134608030319
pry,1972,0.0714631676673889
pry,1973,0.0781931132078171
pry,1974,0.0860022380948067
pry,1975,0.0926589295268059
pry,1976,0.102943152189255
pry,1977,0.116083025932312
pry,1978,0.131762087345123
pry,1979,0.1510419100523
pry,1980,0.174081400036812
pry,1981,0.202604591846466
pry,1982,0.221377551555634
pry,1983,0.234291672706604
pry,1984,0.248095840215683
pry,1985,0.261072158813477
pry,1986,0.275793671607971
pry,1987,0.291637867689133
pry,1988,0.306484907865524
pry,1989,0.326197624206543
pry,1990,0.349704265594482
pry,1991,0.374701350927353
pry,1992,0.395036101341248
pry,1993,0.415720671415329
pry,1994,0.438201248645782
pry,1995,0.462165713310242
pry,1996,0.480292469263077
pry,1997,0.498049020767212
pry,1998,0.506447017192841
pry,1999,0.508938252925873
pry,2000,0.511658191680908
pry,2001,0.513144135475159
pry,2002,0.515404462814331
pry,2003,0.524409115314484
pry,2004,0.537005126476288
pry,2005,0.552522301673889
pry,2006,0.568871557712555
pry,2007,0.586429357528687
pry,2008,0.610599994659424
pry,2009,0.62717616558075
pry,2010,0.658912241458893
pry,2011,0.689109623432159
pry,2012,0.704485952854157
pry,2013,0.726053237915039
pry,2014,0.75314736366272
pry,2015,0.779331624507904
pry,2016,0.806510388851166
pry,2017,0.84484326839447
pry,2018,0.886525571346283
pry,2019,0.91986894607544
pry,2020,0.953604400157929
pry,2021,1.0
pry,2022,1.04461359977722
pry,2023,1.08130240440369
qat,1974,0.0166486967355013
qat,1975,0.0192542225122452
qat,1976,0.0211141463369131
qat,1977,0.023754945024848
qat,1978,0.0260898936539888
qat,1979,0.0276671554893255
qat,1980,0.0286745708435774
qat,1981,0.0300766751170158
qat,1982,0.0325829572975636
qat,1983,0.0331898778676987
qat,1984,0.0331583246588707
qat,1985,0.0334190614521503
qat,1986,0.0333358459174633
qat,1987,0.0331302955746651
qat,1988,0.0334555990993977
qat,1989,0.0340352989733219
qat,1990,0.0351370647549629
qat,1991,0.0361349284648895
qat,1992,0.0377691276371479
qat,1993,0.0385924130678177
qat,1994,0.0399749539792538
qat,1995,0.0440196357667446
qat,1996,0.0488271601498127
qat,1997,0.0539616607129574
qat,1998,0.0587975047528744
qat,1999,0.0601629093289375
qat,2000,0.0647955760359764
qat,2001,0.0729412585496903
qat,2002,0.0804724916815758
qat,2003,0.0964061766862869
qat,2004,0.110320933163166
qat,2005,0.127631187438965
qat,2006,0.164325937628746
qat,2007,0.214278295636177
qat,2008,0.267265439033508
qat,2009,0.314498215913773
qat,2010,0.356218099594116
qat,2011,0.423706382513046
qat,2012,0.485715389251709
qat,2013,0.54200142621994
qat,2014,0.600436866283417
qat,2015,0.652058184146881
qat,2016,0.728768885135651
qat,2017,0.788296461105347
qat,2018,0.853338241577148
qat,2019,0.914862930774689
qat,2020,0.955775320529938
qat,2021,1.0
qat,2022,1.06307053565979
qat,2023,1.14873743057251
rou,1964,0.0526497326791287
rou,1965,0.0567044913768768
rou,1966,0.0612043440341949
rou,1967,0.0673798173666
rou,1968,0.0735427588224411
rou,1969,0.079809658229351
rou,1970,0.086922399699688
rou,1971,0.09544388204813
rou,1972,0.105072095990181
rou,1973,0.114238642156124
rou,1974,0.126542717218399
rou,1975,0.142585173249245
rou,1976,0.156596943736076
rou,1977,0.177960932254791
rou,1978,0.204519987106323
rou,1979,0.228811055421829
rou,1980,0.253358751535416
rou,1981,0.271302878856659
rou,1982,0.283698350191116
rou,1983,0.294799834489822
rou,1984,0.310417294502258
rou,1985,0.325998246669769
rou,1986,0.343933463096619
rou,1987,0.359637558460236
rou,1988,0.371359407901764
rou,1989,0.378934532403946
rou,1990,0.371500760316849
rou,1991,0.360231965780258
rou,1992,0.350846201181412
rou,1993,0.342626333236694
rou,1994,0.341327100992203
rou,1995,0.343425631523132
rou,1996,0.34834349155426
rou,1997,0.352832734584808
rou,1998,0.355285912752152
rou,1999,0.35871347784996
rou,2000,0.365721195936203
rou,2001,0.376654028892517
rou,2002,0.39039272069931
rou,2003,0.406778037548065
rou,2004,0.425523698329926
rou,2005,0.449099391698837
rou,2006,0.485602647066116
rou,2007,0.548025250434876
rou,2008,0.617251932621002
rou,2009,0.643142879009247
rou,2010,0.662845194339752
rou,2011,0.691118776798248
rou,2012,0.716152489185333
rou,2013,0.739409029483795
rou,2014,0.768711090087891
rou,2015,0.797113001346588
rou,2016,0.825551092624664
rou,2017,0.856268703937531
rou,2018,0.884065866470337
rou,2019,0.924015402793884
rou,2020,0.959745585918427
rou,2021,1.0
rou,2022,1.04178380966187
rou,2023,1.10110926628113
rus,1994,0.897411704063416
rus,1995,0.86224627494812
rus,1996,0.826229870319367
rus,1997,0.796500086784363
rus,1998,0.769385695457459
rus,1999,0.747633457183838
rus,2000,0.736966013908386
rus,2001,0.730295360088348
rus,2002,0.724265813827515
rus,2003,0.723634660243988
rus,2004,0.729122042655945
rus,2005,0.743277549743652
rus,2006,0.76650857925415
rus,2007,0.7996044754982
rus,2008,0.835427343845367
rus,2009,0.847079038619995
rus,2010,0.868584096431732
rus,2011,0.888646900653839
rus,2012,0.912315726280212
rus,2013,0.93075156211853
rus,2014,0.943479716777802
rus,2015,0.945671200752258
rus,2016,0.949467897415161
rus,2017,0.957494914531708
rus,2018,0.966877460479736
rus,2019,0.978352606296539
rus,2020,0.989687919616699
rus,2021,1.0
rus,2022,1.01317429542542
rus,2023,1.03597855567932
rwa,1964,0.0112768178805709
rwa,1965,0.0121568199247122
rwa,1966,0.012828222475946
rwa,1967,0.0130634345114231
rwa,1968,0.0136002153158188
rwa,1969,0.0139404004439712
rwa,1970,0.0144787384197116
rwa,1971,0.0156542006880045
rwa,1972,0.0174632743000984
rwa,1973,0.019118694588542
rwa,1974,0.0208607818931341
rwa,1975,0.0238688308745623
rwa,1976,0.0267807208001614
rwa,1977,0.029803579673171
rwa,1978,0.0327389314770699
rwa,1979,0.0363452956080437
rwa,1980,0.0388336069881916
rwa,1981,0.0424627549946308
rwa,1982,0.0477420575916767
rwa,1983,0.0536313727498055
rwa,1984,0.0615245290100575
rwa,1985,0.0691181048750877
rwa,1986,0.0770116373896599
rwa,1987,0.084294393658638
rwa,1988,0.0909145250916481
rwa,1989,0.094965472817421
rwa,1990,0.0973431244492531
rwa,1991,0.0991080552339554
rwa,1992,0.103356957435608
rwa,1993,0.106824740767479
rwa,1994,0.0996315628290176
rwa,1995,0.0967906937003136
rwa,1996,0.0992041081190109
rwa,1997,0.102877281606197
rwa,1998,0.106859065592289
rwa,1999,0.111385434865952
rwa,2000,0.118037067353725
rwa,2001,0.123994909226894
rwa,2002,0.13091479241848
rwa,2003,0.138850063085556
rwa,2004,0.147318139672279
rwa,2005,0.159234464168549
rwa,2006,0.174860581755638
rwa,2007,0.198416665196419
rwa,2008,0.234328284859657
rwa,2009,0.270127654075623
rwa,2010,0.305103689432144
rwa,2011,0.339640885591507
rwa,2012,0.386714607477188
rwa,2013,0.433971464633942
rwa,2014,0.478482574224472
rwa,2015,0.535456657409668
rwa,2016,0.603512704372406
rwa,2017,0.664341270923615
rwa,2018,0.726177513599396
rwa,2019,0.826039612293243
rwa,2020,0.901556730270386
rwa,2021,1.0
rwa,2022,1.07837164402008
rwa,2023,1.16352736949921
sau,1974,0.0333007723093033
sau,1975,0.0388813838362694
sau,1976,0.0484528094530106
sau,1977,0.0607191547751427
sau,1978,0.0781197920441628
sau,1979,0.0930057987570763
sau,1980,0.102714583277702
sau,1981,0.113589808344841
sau,1982,0.127062857151032
sau,1983,0.140520200133324
sau,1984,0.149488478899002
sau,1985,0.151932314038277
sau,1986,0.155443489551544
sau,1987,0.158247232437134
sau,1988,0.159297376871109
sau,1989,0.160752967000008
sau,1990,0.164519771933556
sau,1991,0.171179845929146
sau,1992,0.179273471236229
sau,1993,0.188456431031227
sau,1994,0.192387297749519
sau,1995,0.19774717092514
sau,1996,0.201669976115227
sau,1997,0.206805467605591
sau,1998,0.214517757296562
sau,1999,0.22392612695694
sau,2000,0.232670426368713
sau,2001,0.242105737328529
sau,2002,0.251411288976669
sau,2003,0.264996767044067
sau,2004,0.283381521701813
sau,2005,0.30750247836113
sau,2006,0.338655471801758
sau,2007,0.377647370100021
sau,2008,0.41901695728302
sau,2009,0.458167165517807
sau,2010,0.498343408107758
sau,2011,0.549053192138672
sau,2012,0.597882032394409
sau,2013,0.647468447685242
sau,2014,0.704106330871582
sau,2015,0.765293419361115
sau,2016,0.808634996414185
sau,2017,0.848483562469482
sau,2018,0.887872278690338
sau,2019,0.933059453964233
sau,2020,0.962032616138458
sau,2021,1.0
sau,2022,1.05990207195282
sau,2023,1.12226986885071
sdn,1974,0.0915096923708916
sdn,1975,0.100708685815334
sdn,1976,0.107072755694389
sdn,1977,0.112034380435944
sdn,1978,0.120919771492481
sdn,1979,0.13064706325531
sdn,1980,0.13939967751503
sdn,1981,0.146963089704514
sdn,1982,0.154083862900734
sdn,1983,0.152413815259933
sdn,1984,0.150281935930252
sdn,1985,0.151768520474434
sdn,1986,0.156628414988518
sdn,1987,0.161806344985962
sdn,1988,0.164964437484741
sdn,1989,0.168259665369988
sdn,1990,0.176645845174789
sdn,1991,0.188554957509041
sdn,1992,0.202928423881531
sdn,1993,0.213173717260361
sdn,1994,0.224177971482277
sdn,1995,0.234130367636681
sdn,1996,0.24528069794178
sdn,1997,0.271865725517273
sdn,1998,0.307281941175461
sdn,1999,0.31919801235199
sdn,2000,0.329117208719254
sdn,2001,0.353091180324554
sdn,2002,0.39183783531189
sdn,2003,0.420230865478516
sdn,2004,0.455279439687729
sdn,2005,0.510982036590576
sdn,2006,0.579038798809052
sdn,2007,0.636911392211914
sdn,2008,0.684896111488342
sdn,2009,0.726001799106598
sdn,2010,0.795337975025177
sdn,2011,0.834802448749542
sdn,2012,0.867134034633637
sdn,2013,0.900130331516266
sdn,2014,0.918002784252167
sdn,2015,0.944972038269043
sdn,2016,0.962574303150177
sdn,2017,0.962905526161194
sdn,2018,1.12019121646881
sdn,2019,0.979480624198914
sdn,2020,0.989831566810608
sdn,2021,1.0
sdn,2022,1.01148235797882
sdn,2023,1.00776219367981
sen,1964,0.134264707565308
sen,1965,0.134285971522331
sen,1966,0.133684650063515
sen,1967,0.133573576807976
sen,1968,0.133984416723251
sen,1969,0.134905233979225
sen,1970,0.137296572327614
sen,1971,0.139772996306419
sen,1972,0.143214136362076
sen,1973,0.146305397152901
sen,1974,0.149910062551498
sen,1975,0.153371751308441
sen,1976,0.156406760215759
sen,1977,0.158244326710701
sen,1978,0.159882962703705
sen,1979,0.162264287471771
sen,1980,0.164846956729889
sen,1981,0.166337370872498
sen,1982,0.168470367789269
sen,1983,0.171254172921181
sen,1984,0.174156323075295
sen,1985,0.176803514361382
sen,1986,0.181184470653534
sen,1987,0.18633970618248
sen,1988,0.191708713769913
sen,1989,0.197299063205719
sen,1990,0.202719047665596
sen,1991,0.20809705555439
sen,1992,0.213956817984581
sen,1993,0.218490988016129
sen,1994,0.22379532456398
sen,1995,0.229919493198395
sen,1996,0.238905802369118
sen,1997,0.246509939432144
sen,1998,0.257536113262177
sen,1999,0.267686814069748
sen,2000,0.276617348194122
sen,2001,0.286784887313843
sen,2002,0.295738339424133
sen,2003,0.304023444652557
sen,2004,0.314128339290619
sen,2005,0.325136601924896
sen,2006,0.340464204549789
sen,2007,0.35715925693512
sen,2008,0.379110008478165
sen,2009,0.400232970714569
sen,2010,0.418973535299301
sen,2011,0.44162130355835
sen,2012,0.464092612266541
sen,2013,0.494129657745361
sen,2014,0.529900074005127
sen,2015,0.568007349967957
sen,2016,0.613965630531311
sen,2017,0.670989871025085
sen,2018,0.738016366958618
sen,2019,0.813436806201935
sen,2020,0.898010671138763
sen,2021,1.0
sen,2022,1.11954593658447
sen,2023,1.23387682437897
sgp,1964,0.00780940055847168
sgp,1965,0.00841852091252804
sgp,1966,0.00923699140548706
sgp,1967,0.0102225812152028
sgp,1968,0.0114677157253027
sgp,1969,0.0132848136126995
sgp,1970,0.0159185398370028
sgp,1971,0.0193524044007063
sgp,1972,0.0230997446924448
sgp,1973,0.0269664768129587
sgp,1974,0.0312375426292419
sgp,1975,0.0348366871476173
sgp,1976,0.0385257340967655
sgp,1977,0.0421547032892704
sgp,1978,0.0469469763338566
sgp,1979,0.0522995367646217
sgp,1980,0.0592998377978802
sgp,1981,0.0669877231121063
sgp,1982,0.0760303512215614
sgp,1983,0.0850323364138603
sgp,1984,0.0952667593955994
sgp,1985,0.103398695588112
sgp,1986,0.109789073467255
sgp,1987,0.116238042712212
sgp,1988,0.123329184949398
sgp,1989,0.132984951138496
sgp,1990,0.144292056560516
sgp,1991,0.156705752015114
sgp,1992,0.170387253165245
sgp,1993,0.185748517513275
sgp,1994,0.201699733734131
sgp,1995,0.220345973968506
sgp,1996,0.246311411261559
sgp,1997,0.274112701416016
sgp,1998,0.297663688659668
sgp,1999,0.319652765989304
sgp,2000,0.345106363296509
sgp,2001,0.367016345262527
sgp,2002,0.383875876665115
sgp,2003,0.398218721151352
sgp,2004,0.416836351156235
sgp,2005,0.436140209436417
sgp,2006,0.458805203437805
sgp,2007,0.486563295125961
sgp,2008,0.517438471317291
sgp,2009,0.546563029289246
sgp,2010,0.58278900384903
sgp,2011,0.619208216667175
sgp,2012,0.658321976661682
sgp,2013,0.70001882314682
sgp,2014,0.742986261844635
sgp,2015,0.784050583839417
sgp,2016,0.825749218463898
sgp,2017,0.873049139976502
sgp,2018,0.909257531166077
sgp,2019,0.944678604602814
sgp,2020,0.962782800197601
sgp,2021,1.0
sgp,2022,1.0348984003067
sgp,2023,1.06923580169678
sle,1980,0.233145952224731
sle,1981,0.249243974685669
sle,1982,0.260935217142105
sle,1983,0.272058039903641
sle,1984,0.279128521680832
sle,1985,0.285660415887833
sle,1986,0.293836116790772
sle,1987,0.298348546028137
sle,1988,0.30589759349823
sle,1989,0.317588061094284
sle,1990,0.324586182832718
sle,1991,0.332142055034637
sle,1992,0.341682732105255
sle,1993,0.336264729499817
sle,1994,0.340572535991669
sle,1995,0.337105125188828
sle,1996,0.337870866060257
sle,1997,0.326137900352478
sle,1998,0.316978812217712
sle,1999,0.305540442466736
sle,2000,0.302671760320663
sle,2001,0.305927872657776
sle,2002,0.311933904886246
sle,2003,0.319611489772797
sle,2004,0.322969377040863
sle,2005,0.331004679203033
sle,2006,0.336071044206619
sle,2007,0.341565161943436
sle,2008,0.349160045385361
sle,2009,0.361724495887756
sle,2010,0.444399654865265
sle,2011,0.572138011455536
sle,2012,0.640794098377228
sle,2013,0.679838061332703
sle,2014,0.712315022945404
sle,2015,0.744121015071869
sle,2016,0.782227218151093
sle,2017,0.847198724746704
sle,2018,0.888151526451111
sle,2019,0.941134572029114
sle,2020,0.970235764980316
sle,2021,1.0
sle,2022,1.05544543266296
sle,2023,1.13607597351074
slv,1975,0.217790454626083
slv,1976,0.236970484256744
slv,1977,0.263954490423203
slv,1978,0.290651589632034
slv,1979,0.305711835622788
slv,1980,0.307088315486908
slv,1981,0.306942701339722
slv,1982,0.304385483264923
slv,1983,0.302040666341782
slv,1984,0.301543444395065
slv,1985,0.303910851478577
slv,1986,0.309666484594345
slv,1987,0.318341732025147
slv,1988,0.326608419418335
slv,1989,0.336976498365402
slv,1990,0.340492606163025
slv,1991,0.348606288433075
slv,1992,0.363253980875015
slv,1993,0.38263326883316
slv,1994,0.404871702194214
slv,1995,0.43059566617012
slv,1996,0.447419255971909
slv,1997,0.46690908074379
slv,1998,0.489388823509216
slv,1999,0.509753048419952
slv,2000,0.531593680381775
slv,2001,0.551038444042206
slv,2002,0.571594297885895
slv,2003,0.593800485134125
slv,2004,0.613468170166016
slv,2005,0.631953179836273
slv,2006,0.655596613883972
slv,2007,0.686181008815765
slv,2008,0.710775315761566
slv,2009,0.72220379114151
slv,2010,0.731838583946228
slv,2011,0.746860325336456
slv,2012,0.76403820514679
slv,2013,0.78511381149292
slv,2014,0.799915492534638
slv,2015,0.819935083389282
slv,2016,0.842164218425751
slv,2017,0.866723120212555
slv,2018,0.89535129070282
slv,2019,0.926486909389496
slv,2020,0.950559139251709
slv,2021,1.0
slv,2022,1.0480535030365
slv,2023,1.09525156021118
srb,1994,0.626993298530579
srb,1995,0.604343354701996
srb,1996,0.588394045829773
srb,1997,0.586830735206604
srb,1998,0.585476160049439
srb,1999,0.579071223735809
srb,2000,0.574939548969269
srb,2001,0.571664094924927
srb,2002,0.576379716396332
srb,2003,0.591746330261231
srb,2004,0.617957830429077
srb,2005,0.638997495174408
srb,2006,0.668899238109589
srb,2007,0.710654199123383
srb,2008,0.748618364334106
srb,2009,0.759859204292297
srb,2010,0.767101407051086
srb,2011,0.775317490100861
srb,2012,0.792109727859497
srb,2013,0.801462233066559
srb,2014,0.807973444461823
srb,2015,0.818737089633942
srb,2016,0.829980254173279
srb,2017,0.843491137027741
srb,2018,0.867089867591858
srb,2019,0.896632790565491
srb,2020,0.942476212978363
srb,2021,1.0
srb,2022,1.05612504482269
srb,2023,1.09452199935913
stp,1980,0.121728532016277
stp,1981,0.128954991698265
stp,1982,0.136030539870262
stp,1983,0.141927182674408
stp,1984,0.146480083465576
stp,1985,0.150767624378204
stp,1986,0.153158634901047
stp,1987,0.154420495033264
stp,1988,0.162085816264153
stp,1989,0.178568169474602
stp,1990,0.197753831744194
stp,1991,0.226583555340767
stp,1992,0.254619210958481
stp,1993,0.274369388818741
stp,1994,0.304367661476135
stp,1995,0.385257452726364
stp,1996,0.43222513794899
stp,1997,0.461506694555283
stp,1998,0.460965305566788
stp,1999,0.459041088819504
stp,2000,0.456755071878433
stp,2001,0.461236506700516
stp,2002,0.470109045505524
stp,2003,0.488985151052475
stp,2004,0.502062022686005
stp,2005,0.520684003829956
stp,2006,0.540873110294342
stp,2007,0.579222142696381
stp,2008,0.624610126018524
stp,2009,0.656626641750336
stp,2010,0.678953528404236
stp,2011,0.698415219783783
stp,2012,0.732076227664948
stp,2013,0.761996328830719
stp,2014,0.795560956001282
stp,2015,0.836506068706513
stp,2016,0.860886693000794
stp,2017,0.888043999671936
stp,2018,0.910370469093323
stp,2019,0.930686354637146
stp,2020,0.929435133934021
stp,2021,1.0
stp,2022,1.13605093955994
stp,2023,1.14132237434387
sur,1974,0.0950499847531319
sur,1975,0.103509701788425
sur,1976,0.114109098911285
sur,1977,0.122657895088196
sur,1978,0.130829602479935
sur,1979,0.134573206305504
sur,1980,0.137798100709915
sur,1981,0.145150199532509
sur,1982,0.151673406362534
sur,1983,0.152388140559196
sur,1984,0.151845797896385
sur,1985,0.153311163187027
sur,1986,0.156120359897614
sur,1987,0.156666338443756
sur,1988,0.156661957502365
sur,1989,0.160231292247772
sur,1990,0.162151277065277
sur,1991,0.164323166012764
sur,1992,0.166619673371315
sur,1993,0.16601949930191
sur,1994,0.178778126835823
sur,1995,0.196040466427803
sur,1996,0.203720808029175
sur,1997,0.208797842264175
sur,1998,0.212490305304527
sur,1999,0.262896001338959
sur,2000,0.285739690065384
sur,2001,0.317244797945023
sur,2002,0.340791165828705
sur,2003,0.354334533214569
sur,2004,0.383374631404877
sur,2005,0.416675686836243
sur,2006,0.432367712259293
sur,2007,0.46823513507843
sur,2008,0.502113401889801
sur,2009,0.547501564025879
sur,2010,0.575747072696686
sur,2011,0.627045691013336
sur,2012,0.677095532417297
sur,2013,0.720627367496491
sur,2014,0.768853068351746
sur,2015,0.808497667312622
sur,2016,0.838781893253326
sur,2017,0.860131978988648
sur,2018,0.904211521148682
sur,2019,0.958525776863098
sur,2020,0.970326125621796
sur,2021,1.0
sur,2022,1.03905916213989
sur,2023,1.08029997348785
svk,1994,0.469225972890854
svk,1995,0.4759561419487
svk,1996,0.497749298810959
svk,1997,0.526003837585449
svk,1998,0.560130715370178
svk,1999,0.579113960266113
svk,2000,0.583714902400971
svk,2001,0.599224925041199
svk,2002,0.614651203155518
svk,2003,0.627063751220703
svk,2004,0.641780018806458
svk,2005,0.665087878704071
svk,2006,0.688252031803131
svk,2007,0.718915224075317
svk,2008,0.750191926956177
svk,2009,0.760562717914581
svk,2010,0.783114612102509
svk,2011,0.807965576648712
svk,2012,0.822229743003845
svk,2013,0.838030517101288
svk,2014,0.856380224227905
svk,2015,0.888835549354553
svk,2016,0.91040301322937
svk,2017,0.92856502532959
svk,2018,0.948266565799713
svk,2019,0.972803354263306
svk,2020,0.984024882316589
svk,2021,1.0
svk,2022,1.01038312911987
svk,2023,1.03515207767487
svn,1994,0.417890906333923
svn,1995,0.442357867956162
svn,1996,0.465762078762054
svn,1997,0.493821710348129
svn,1998,0.527035117149353
svn,1999,0.567098617553711
svn,2000,0.599166333675385
svn,2001,0.632789671421051
svn,2002,0.660509288311005
svn,2003,0.687891602516174
svn,2004,0.719159066677094
svn,2005,0.750518202781677
svn,2006,0.791895031929016
svn,2007,0.83476448059082
svn,2008,0.875125586986542
svn,2009,0.886616110801697
svn,2010,0.891468286514282
svn,2011,0.898468375205994
svn,2012,0.897844731807709
svn,2013,0.902543127536774
svn,2014,0.905822932720184
svn,2015,0.911882162094116
svn,2016,0.917616724967957
svn,2017,0.929175019264221
svn,2018,0.947057783603668
svn,2019,0.966695487499237
svn,2020,0.978483736515045
svn,2021,1.0
svn,2022,1.02234041690826
svn,2023,1.04038083553314
swe,1954,0.107569299638271
swe,1955,0.112456530332565
swe,1956,0.117156565189362
swe,1957,0.121848464012146
swe,1958,0.12663346529007
swe,1959,0.131943315267563
swe,1960,0.139062389731407
swe,1961,0.14619405567646
swe,1962,0.153342723846436
swe,1963,0.160555422306061
swe,1964,0.170005455613136
swe,1965,0.180242240428925
swe,1966,0.18987375497818
swe,1967,0.198990762233734
swe,1968,0.207248777151108
swe,1969,0.216506823897362
swe,1970,0.228613823652267
swe,1971,0.240154355764389
swe,1972,0.252282410860062
swe,1973,0.265081286430359
swe,1974,0.277284651994705
swe,1975,0.289022654294968
swe,1976,0.301298558712006
swe,1977,0.312278091907501
swe,1978,0.319173991680145
swe,1979,0.328459531068802
swe,1980,0.339349627494812
swe,1981,0.347582966089249
swe,1982,0.35617271065712
swe,1983,0.366528689861298
swe,1984,0.37949675321579
swe,1985,0.395908147096634
swe,1986,0.410753786563873
swe,1987,0.428342789411545
swe,1988,0.447986483573914
swe,1989,0.473200917243958
swe,1990,0.494979709386826
swe,1991,0.505231142044067
swe,1992,0.509546756744385
swe,1993,0.509700179100037
swe,1994,0.515244603157044
swe,1995,0.524487018585205
swe,1996,0.536071121692658
swe,1997,0.549358487129211
swe,1998,0.56902688741684
swe,1999,0.591048419475555
swe,2000,0.613518834114075
swe,2001,0.632522761821747
swe,2002,0.646411120891571
swe,2003,0.661007404327393
swe,2004,0.676002264022827
swe,2005,0.692298233509064
swe,2006,0.712297916412354
swe,2007,0.734779477119446
swe,2008,0.75574803352356
swe,2009,0.763753414154053
swe,2010,0.776340842247009
swe,2011,0.792252242565155
swe,2012,0.805609107017517
swe,2013,0.818122744560242
swe,2014,0.83348822593689
swe,2015,0.855036497116089
swe,2016,0.876536726951599
swe,2017,0.90120393037796
swe,2018,0.926730155944824
swe,2019,0.949791133403778
swe,2020,0.970636069774628
swe,2021,1.0
swe,2022,1.02859997749329
swe,2023,1.04780900478363
swz,1980,0.217347830533981
swz,1981,0.24287523329258
swz,1982,0.263446837663651
swz,1983,0.30640509724617
swz,1984,0.34520560503006
swz,1985,0.358167111873627
swz,1986,0.363631576299667
swz,1987,0.397162228822708
swz,1988,0.436013221740723
swz,1989,0.477770447731018
swz,1990,0.514781594276428
swz,1991,0.552780330181122
swz,1992,0.601099073886871
swz,1993,0.640829920768738
swz,1994,0.677594423294067
swz,1995,0.710508108139038
swz,1996,0.736240386962891
swz,1997,0.762243866920471
swz,1998,0.794020354747772
swz,1999,0.8097003698349
swz,2000,0.804101943969727
swz,2001,0.803782820701599
swz,2002,0.804877102375031
swz,2003,0.797636151313782
swz,2004,0.795708000659943
swz,2005,0.792430520057678
swz,2006,0.793933689594269
swz,2007,0.785985887050629
swz,2008,0.780120670795441
swz,2009,0.788370490074158
swz,2010,0.804281175136566
swz,2011,0.816897571086884
swz,2012,0.826199889183044
swz,2013,0.837720692157745
swz,2014,0.849704504013062
swz,2015,0.862842082977295
swz,2016,0.877850949764252
swz,2017,0.890956938266754
swz,2018,0.923211574554443
swz,2019,0.953698754310608
swz,2020,0.972923338413239
swz,2021,1.0
swz,2022,1.01169812679291
swz,2023,1.036749958992
tcd,1964,0.0418483093380928
tcd,1965,0.0441650524735451
tcd,1966,0.0470614396035671
tcd,1967,0.0507509224116802
tcd,1968,0.0541488341987133
tcd,1969,0.0583892017602921
tcd,1970,0.0623954795300961
tcd,1971,0.0666816458106041
tcd,1972,0.0710498541593552
tcd,1973,0.0750902965664864
tcd,1974,0.0816611126065254
tcd,1975,0.0919162929058075
tcd,1976,0.100883074104786
tcd,1977,0.107911698520184
tcd,1978,0.113258823752403
tcd,1979,0.113843649625778
tcd,1980,0.113545604050159
tcd,1981,0.11291565746069
tcd,1982,0.112314350903034
tcd,1983,0.110226169228554
tcd,1984,0.108257129788399
tcd,1985,0.107151970267296
tcd,1986,0.106817856431007
tcd,1987,0.107950516045094
tcd,1988,0.109277315437794
tcd,1989,0.110302492976189
tcd,1990,0.111935347318649
tcd,1991,0.113534107804298
tcd,1992,0.115314461290836
tcd,1993,0.116702012717724
tcd,1994,0.118506386876106
tcd,1995,0.119950495660305
tcd,1996,0.12188321352005
tcd,1997,0.12380987405777
tcd,1998,0.126044675707817
tcd,1999,0.128941148519516
tcd,2000,0.133125871419907
tcd,2001,0.158581599593163
tcd,2002,0.208134815096855
tcd,2003,0.241404548287392
tcd,2004,0.265602856874466
tcd,2005,0.290530204772949
tcd,2006,0.328212440013886
tcd,2007,0.363179206848145
tcd,2008,0.398967504501343
tcd,2009,0.43787556886673
tcd,2010,0.49151822924614
tcd,2011,0.580340027809143
tcd,2012,0.638508200645447
tcd,2013,0.693601727485657
tcd,2014,0.741691946983337
tcd,2015,0.803880751132965
tcd,2016,0.829476177692413
tcd,2017,0.845088541507721
tcd,2018,0.878671586513519
tcd,2019,0.93877786397934
tcd,2020,0.955601096153259
tcd,2021,1.0
tcd,2022,1.01638829708099
tcd,2023,1.06258237361908
tgo,1980,0.460537791252136
tgo,1981,0.465651512145996
tgo,1982,0.462445586919785
tgo,1983,0.448166280984879
tgo,1984,0.433241307735443
tgo,1985,0.423954993486404
tgo,1986,0.419693112373352
tgo,1987,0.420456498861313
tgo,1988,0.419744431972504
tgo,1989,0.435240745544434
tgo,1990,0.45184588432312
tgo,1991,0.446740299463272
tgo,1992,0.436900228261948
tgo,1993,0.415928959846497
tgo,1994,0.404842227697372
tgo,1995,0.402862757444382
tgo,1996,0.402605473995209
tgo,1997,0.400228589773178
tgo,1998,0.408160418272018
tgo,1999,0.406765639781952
tgo,2000,0.41161459684372
tgo,2001,0.416903972625732
tgo,2002,0.424484848976135
tgo,2003,0.432457566261292
tgo,2004,0.438764721155167
tgo,2005,0.449945271015167
tgo,2006,0.463298052549362
tgo,2007,0.475538969039917
tgo,2008,0.496108859777451
tgo,2009,0.524760365486145
tgo,2010,0.558488845825195
tgo,2011,0.601075291633606
tgo,2012,0.631717324256897
tgo,2013,0.668527543544769
tgo,2014,0.71731972694397
tgo,2015,0.773372769355774
tgo,2016,0.8185014128685
tgo,2017,0.841988682746887
tgo,2018,0.872603416442871
tgo,2019,0.908502399921417
tgo,2020,0.957246243953705
tgo,2021,1.0
tgo,2022,1.05236721038818
tgo,2023,1.12226963043213
tha,1954,0.00856471061706543
tha,1955,0.00892408657819033
tha,1956,0.00918142776936293
tha,1957,0.00965531915426254
tha,1958,0.0101280994713306
tha,1959,0.0107647385448217
tha,1960,0.0114977927878499
tha,1961,0.0122322114184499
tha,1962,0.0133118983358145
tha,1963,0.0147854378446937
tha,1964,0.0162475537508726
tha,1965,0.0178652387112379
tha,1966,0.020193113014102
tha,1967,0.0226739663630724
tha,1968,0.0254035294055939
tha,1969,0.0287141222506762
tha,1970,0.032993096858263
tha,1971,0.036976832896471
tha,1972,0.0407395996153355
tha,1973,0.0449190437793732
tha,1974,0.0487935617566109
tha,1975,0.0521445088088512
tha,1976,0.0562252476811409
tha,1977,0.0622483566403389
tha,1978,0.0690700635313988
tha,1979,0.0762139707803726
tha,1980,0.0830020606517792
tha,1981,0.0900581702589989
tha,1982,0.0963085144758225
tha,1983,0.104045517742634
tha,1984,0.112398691475391
tha,1985,0.119888633489609
tha,1986,0.126815661787987
tha,1987,0.136719062924385
tha,1988,0.150355100631714
tha,1989,0.168487921357155
tha,1990,0.194087788462639
tha,1991,0.221843972802162
tha,1992,0.251881748437881
tha,1993,0.284545838832855
tha,1994,0.32072713971138
tha,1995,0.36329972743988
tha,1996,0.410386919975281
tha,1997,0.439954191446304
tha,1998,0.437089920043945
tha,1999,0.438261240720749
tha,2000,0.445466846227646
tha,2001,0.457149833440781
tha,2002,0.468696147203445
tha,2003,0.486124664545059
tha,2004,0.511011302471161
tha,2005,0.544499576091766
tha,2006,0.576318323612213
tha,2007,0.605462551116943
tha,2008,0.635774791240692
tha,2009,0.652069985866547
tha,2010,0.676149070262909
tha,2011,0.705457329750061
tha,2012,0.741036713123322
tha,2013,0.771538615226746
tha,2014,0.799427509307861
tha,2015,0.830351233482361
tha,2016,0.859097719192505
tha,2017,0.888991177082062
tha,2018,0.919879794120789
tha,2019,0.950638115406036
tha,2020,0.973735868930817
tha,2021,1.0
tha,2022,1.02737963199615
tha,2023,1.05146849155426
tjk,1994,1.81573700904846
tjk,1995,1.73002600669861
tjk,1996,1.64147365093231
tjk,1997,1.56890058517456
tjk,1998,1.49587643146515
tjk,1999,1.43324637413025
tjk,2000,1.36698424816132
tjk,2001,1.31121647357941
tjk,2002,1.26053726673126
tjk,2003,1.22067415714264
tjk,2004,1.18386197090149
tjk,2005,1.1515793800354
tjk,2006,1.12529194355011
tjk,2007,1.10037219524384
tjk,2008,1.07617127895355
tjk,2009,1.05126321315765
tjk,2010,1.0271121263504
tjk,2011,1.00816869735718
tjk,2012,0.986143469810486
tjk,2013,0.969625532627106
tjk,2014,0.957649648189545
tjk,2015,0.956578314304352
tjk,2016,0.965263068675995
tjk,2017,0.967705845832825
tjk,2018,0.97491729259491
tjk,2019,0.983099758625031
tjk,2020,0.986707866191864
tjk,2021,1.0
tjk,2022,1.01748251914978
tjk,2023,1.0492342710495
tto,1954,0.0593876205384731
tto,1955,0.0643391087651253
tto,1956,0.0692881867289543
tto,1957,0.0771767720580101
tto,1958,0.0861703455448151
tto,1959,0.0964185744524002
tto,1960,0.107171475887299
tto,1961,0.114800184965134
tto,1962,0.124053679406643
tto,1963,0.130201905965805
tto,1964,0.136168986558914
tto,1965,0.144467055797577
tto,1966,0.149966761469841
tto,1967,0.151193782687187
tto,1968,0.15442830324173
tto,1969,0.154902637004852
tto,1970,0.161272585391998
tto,1971,0.178230285644531
tto,1972,0.18929897248745
tto,1973,0.196681827306747
tto,1974,0.21381588280201
tto,1975,0.235930696129799
tto,1976,0.259965300559998
tto,1977,0.284471839666367
tto,1978,0.320057928562164
tto,1979,0.349955528974533
tto,1980,0.394891679286957
tto,1981,0.423360824584961
tto,1982,0.447976857423782
tto,1983,0.465427815914154
tto,1984,0.478609353303909
tto,1985,0.485526382923126
tto,1986,0.482789665460587
tto,1987,0.478948086500168
tto,1988,0.4588483273983
tto,1989,0.448792308568954
tto,1990,0.44164451956749
tto,1991,0.441238641738892
tto,1992,0.433868855237961
tto,1993,0.425835072994232
tto,1994,0.426604002714157
tto,1995,0.433722794055939
tto,1996,0.444073677062988
tto,1997,0.470476388931274
tto,1998,0.489131510257721
tto,1999,0.487829983234406
tto,2000,0.485684305429459
tto,2001,0.496129870414734
tto,2002,0.496807783842087
tto,2003,0.517732560634613
tto,2004,0.533759117126465
tto,2005,0.572032988071442
tto,2006,0.586879432201386
tto,2007,0.598215341567993
tto,2008,0.609731376171112
tto,2009,0.629236459732056
tto,2010,0.638638079166412
tto,2011,0.642156064510346
tto,2012,0.679081678390503
tto,2013,0.695378720760346
tto,2014,0.731325387954712
tto,2015,0.810357868671417
tto,2016,0.901492178440094
tto,2017,0.939862489700317
tto,2018,0.956710696220398
tto,2019,0.982625663280487
tto,2020,1.01964783668518
tto,2021,1.0
tto,2022,0.944153070449829
tto,2023,0.936130166053772
tun,1964,0.0828897804021835
tun,1965,0.0870199427008629
tun,1966,0.0908556282520294
tun,1967,0.0945400819182396
tun,1968,0.0983632728457451
tun,1969,0.1023288667202
tun,1970,0.107195109128952
tun,1971,0.113491617143154
tun,1972,0.121209263801575
tun,1973,0.128659024834633
tun,1974,0.13791923224926
tun,1975,0.150170415639877
tun,1976,0.164405584335327
tun,1977,0.178522333502769
tun,1978,0.19315131008625
tun,1979,0.20863251388073
tun,1980,0.224637389183044
tun,1981,0.244640946388245
tun,1982,0.265737652778626
tun,1983,0.283111661672592
tun,1984,0.302292704582214
tun,1985,0.316786199808121
tun,1986,0.326337575912476
tun,1987,0.331819534301758
tun,1988,0.337039887905121
tun,1989,0.346346259117126
tun,1990,0.359470784664154
tun,1991,0.372424453496933
tun,1992,0.387155562639236
tun,1993,0.402235954999924
tun,1994,0.416283160448074
tun,1995,0.427239209413528
tun,1996,0.438637286424637
tun,1997,0.45288559794426
tun,1998,0.468654632568359
tun,1999,0.488519906997681
tun,2000,0.509305953979492
tun,2001,0.532609641551971
tun,2002,0.552830696105957
tun,2003,0.570496320724487
tun,2004,0.58703488111496
tun,2005,0.6034055352211
tun,2006,0.625151753425598
tun,2007,0.649819552898407
tun,2008,0.676125586032867
tun,2009,0.704086482524872
tun,2010,0.736652314662933
tun,2011,0.756461620330811
tun,2012,0.781914532184601
tun,2013,0.80730527639389
tun,2014,0.828913807868958
tun,2015,0.851408302783966
tun,2016,0.877330303192139
tun,2017,0.903841197490692
tun,2018,0.939438283443451
tun,2019,0.977108299732208
tun,2020,0.985136926174164
tun,2021,1.0
tun,2022,1.00075209140778
tun,2023,1.00175189971924
tur,1954,0.0109894834458828
tur,1955,0.0117385536432266
tur,1956,0.012495887465775
tur,1957,0.0134992180392146
tur,1958,0.0149286203086376
tur,1959,0.016052508726716
tur,1960,0.0171043425798416
tur,1961,0.0181617755442858
tur,1962,0.0193039868026972
tur,1963,0.020616676658392
tur,1964,0.021876621991396
tur,1965,0.023086354136467
tur,1966,0.0251909606158733
tur,1967,0.0271802358329296
tur,1968,0.0294372830539942
tur,1969,0.0316379070281982
tur,1970,0.0345586650073528
tur,1971,0.037009846419096
tur,1972,0.0401681959629059
tur,1973,0.0435911938548088
tur,1974,0.0493239164352417
tur,1975,0.0550001040101051
tur,1976,0.0623361021280289
tur,1977,0.0667348578572273
tur,1978,0.0691060945391655
tur,1979,0.0722574219107628
tur,1980,0.0736229568719864
tur,1981,0.0772167071700096
tur,1982,0.080468513071537
tur,1983,0.0838343799114227
tur,1984,0.0871810540556908
tur,1985,0.0914956405758858
tur,1986,0.0963781923055649
tur,1987,0.105083137750626
tur,1988,0.113061472773552
tur,1989,0.120482012629509
tur,1990,0.130615100264549
tur,1991,0.140205889940262
tur,1992,0.150613263249397
tur,1993,0.16568198800087
tur,1994,0.174891695380211
tur,1995,0.186166152358055
tur,1996,0.200251713395119
tur,1997,0.217367351055145
tur,1998,0.231363549828529
tur,1999,0.239267572760582
tur,2000,0.253111749887466
tur,2001,0.257275819778442
tur,2002,0.266032695770264
tur,2003,0.280024498701096
tur,2004,0.304763525724411
tur,2005,0.335476458072662
tur,2006,0.370537430047989
tur,2007,0.404625654220581
tur,2008,0.433808714151382
tur,2009,0.449525862932205
tur,2010,0.476194322109222
tur,2011,0.51480370759964
tur,2012,0.552085280418396
tur,2013,0.595790922641754
tur,2014,0.641143381595612
tur,2015,0.693482756614685
tur,2016,0.744352757930756
tur,2017,0.800337195396423
tur,2018,0.853740930557251
tur,2019,0.893805623054504
tur,2020,0.94271582365036
tur,2021,1.0
tur,2022,1.05766558647156
tur,2023,1.11675763130188
twn,1955,0.00366388540714979
twn,1956,0.00386959803290665
twn,1957,0.0040852427482605
twn,1958,0.00436785211786628
twn,1959,0.00473972782492638
twn,1960,0.00516877975314856
twn,1961,0.00563034554943442
twn,1962,0.00605208007618785
twn,1963,0.00657971389591694
twn,1964,0.00717519922181964
twn,1965,0.00807138253003359
twn,1966,0.00929143931716681
twn,1967,0.0108139039948583
twn,1968,0.012632024474442
twn,1969,0.014702508226037
twn,1970,0.0172366667538881
twn,1971,0.0203516837209463
twn,1972,0.023926617577672
twn,1973,0.0278529468923807
twn,1974,0.0325436815619469
twn,1975,0.0376653149724007
twn,1976,0.0424884259700775
twn,1977,0.04679149761796
twn,1978,0.0522027350962162
twn,1979,0.0589455254375935
twn,1980,0.0677821263670921
twn,1981,0.0765370950102806
twn,1982,0.0843706801533699
twn,1983,0.0915568545460701
twn,1984,0.0990324541926384
twn,1985,0.104660607874393
twn,1986,0.111969031393528
twn,1987,0.122598499059677
twn,1988,0.135440692305565
twn,1989,0.150818973779678
twn,1990,0.167307764291763
twn,1991,0.184905126690865
twn,1992,0.207066401839256
twn,1993,0.229084089398384
twn,1994,0.253225535154343
twn,1995,0.278317213058472
twn,1996,0.305461168289185
twn,1997,0.338030904531479
twn,1998,0.374687969684601
twn,1999,0.415136188268662
twn,2000,0.462332457304001
twn,2001,0.487571716308594
twn,2002,0.515082955360413
twn,2003,0.541889607906342
twn,2004,0.578376889228821
twn,2005,0.614303410053253
twn,2006,0.646555721759796
twn,2007,0.680837512016296
twn,2008,0.70087993144989
twn,2009,0.712132513523102
twn,2010,0.734536647796631
twn,2011,0.751349270343781
twn,2012,0.76588773727417
twn,2013,0.783799111843109
twn,2014,0.803312957286835
twn,2015,0.822253704071045
twn,2016,0.843604803085327
twn,2017,0.863107681274414
twn,2018,0.88436084985733
twn,2019,0.915738344192505
twn,2020,0.949657797813416
twn,2021,1.0
twn,2022,1.05633103847504
twn,2023,1.09130477905273
tza,1964,0.0369767658412457
tza,1965,0.0400252118706703
tza,1966,0.0435012057423592
tza,1967,0.0477643124759197
tza,1968,0.0524170435965061
tza,1969,0.056073147803545
tza,1970,0.062610886991024
tza,1971,0.0709734857082367
tza,1972,0.0781278237700462
tza,1973,0.0843673348426819
tza,1974,0.0901985093951225
tza,1975,0.0962289720773697
tza,1976,0.103243872523308
tza,1977,0.111008815467358
tza,1978,0.119024030864239
tza,1979,0.127449557185173
tza,1980,0.13292883336544
tza,1981,0.134323880076408
tza,1982,0.134249791502953
tza,1983,0.132499203085899
tza,1984,0.129580199718475
tza,1985,0.126026764512062
tza,1986,0.123905539512634
tza,1987,0.124976187944412
tza,1988,0.125045970082283
tza,1989,0.127741903066635
tza,1990,0.135068103671074
tza,1991,0.143111512064934
tza,1992,0.150857418775558
tza,1993,0.155915528535843
tza,1994,0.160585805773735
tza,1995,0.165913388133049
tza,1996,0.169386684894562
tza,1997,0.171728789806366
tza,1998,0.176497772336006
tza,1999,0.181318566203117
tza,2000,0.186767354607582
tza,2001,0.194000899791718
tza,2002,0.20203010737896
tza,2003,0.211846932768822
tza,2004,0.22292797267437
tza,2005,0.237752467393875
tza,2006,0.25727978348732
tza,2007,0.281449198722839
tza,2008,0.307187616825104
tza,2009,0.329879194498062
tza,2010,0.356348276138306
tza,2011,0.391120553016663
tza,2012,0.42460110783577
tza,2013,0.46325495839119
tza,2014,0.507176756858826
tza,2015,0.550210952758789
tza,2016,0.600736439228058
tza,2017,0.658236145973206
tza,2018,0.729188501834869
tza,2019,0.813012361526489
tza,2020,0.90506112575531
tza,2021,1.0
tza,2022,1.09690380096436
tza,2023,1.19318330287933
ukr,1994,1.39426958560944
ukr,1995,1.32868623733521
ukr,1996,1.26679289340973
ukr,1997,1.21511995792389
ukr,1998,1.17283093929291
ukr,1999,1.13662886619568
ukr,2000,1.11049020290375
ukr,2001,1.0880960226059
ukr,2002,1.07078230381012
ukr,2003,1.06427407264709
ukr,2004,1.06028640270233
ukr,2005,1.06370627880096
ukr,2006,1.07414770126343
ukr,2007,1.09315991401672
ukr,2008,1.10910832881928
ukr,2009,1.0836296081543
ukr,2010,1.06507575511932
ukr,2011,1.05341589450836
ukr,2012,1.04925131797791
ukr,2013,1.03839921951294
ukr,2014,1.0143666267395
ukr,2015,0.992968916893005
ukr,2016,0.988926827907562
ukr,2017,0.993747889995575
ukr,2018,1.00678634643555
ukr,2019,1.01801824569702
ukr,2020,1.00500357151032
ukr,2021,1.0
ukr,2022,0.984071791172028
ukr,2023,0.986322522163391
ury,1954,0.134669363498688
ury,1955,0.151495262980461
ury,1956,0.164027705788612
ury,1957,0.178285196423531
ury,1958,0.178553104400635
ury,1959,0.18554051220417
ury,1960,0.195992395281792
ury,1961,0.209085270762444
ury,1962,0.220271065831184
ury,1963,0.225527971982956
ury,1964,0.219112351536751
ury,1965,0.211549520492554
ury,1966,0.203741163015366
ury,1967,0.205940261483192
ury,1968,0.203218817710876
ury,1969,0.210247024893761
ury,1970,0.218029871582985
ury,1971,0.224529445171356
ury,1972,0.227126643061638
ury,1973,0.227939829230309
ury,1974,0.230842277407646
ury,1975,0.240084320306778
ury,1976,0.255320399999619
ury,1977,0.271362960338593
ury,1978,0.289477914571762
ury,1979,0.312598317861557
ury,1980,0.337016463279724
ury,1981,0.35745707154274
ury,1982,0.370277494192123
ury,1983,0.373534440994263
ury,1984,0.371468871831894
ury,1985,0.367986172437668
ury,1986,0.367620438337326
ury,1987,0.371624320745468
ury,1988,0.376034498214722
ury,1989,0.379901170730591
ury,1990,0.382884830236435
ury,1991,0.390249073505402
ury,1992,0.40473073720932
ury,1993,0.420538365840912
ury,1994,0.43764191865921
ury,1995,0.452630400657654
ury,1996,0.470461517572403
ury,1997,0.491119742393494
ury,1998,0.513664603233337
ury,1999,0.528784930706024
ury,2000,0.539761602878571
ury,2001,0.547863483428955
ury,2002,0.548808932304382
ury,2003,0.551041603088379
ury,2004,0.560232222080231
ury,2005,0.575561046600342
ury,2006,0.595552504062653
ury,2007,0.617865145206451
ury,2008,0.650741696357727
ury,2009,0.674684286117554
ury,2010,0.709077954292297
ury,2011,0.742806196212769
ury,2012,0.7841836810112
ury,2013,0.824055194854736
ury,2014,0.861875474452972
ury,2015,0.88911360502243
ury,2016,0.914260745048523
ury,2017,0.935764789581299
ury,2018,0.950413227081299
ury,2019,0.963188529014587
ury,2020,0.974897503852844
ury,2021,1.0
ury,2022,1.03164458274841
ury,2023,1.05422246456146
usa,1954,0.102432027459145
usa,1955,0.106222711503506
usa,1956,0.109992899000645
usa,1957,0.113754764199257
usa,1958,0.116867370903492
usa,1959,0.12101885676384
usa,1960,0.12514728307724
usa,1961,0.129381880164146
usa,1962,0.134366244077683
usa,1963,0.139888271689415
usa,1964,0.145988464355469
usa,1965,0.152983844280243
usa,1966,0.161097094416618
usa,1967,0.168617770075798
usa,1968,0.176181957125664
usa,1969,0.183685138821602
usa,1970,0.189834445714951
usa,1971,0.196704998612404
usa,1972,0.204770669341087
usa,1973,0.214054018259048
usa,1974,0.222247868776321
usa,1975,0.228026628494263
usa,1976,0.235120341181755
usa,1977,0.244139909744263
usa,1978,0.255575120449066
usa,1979,0.268109977245331
usa,1980,0.278932958841324
usa,1981,0.289913445711136
usa,1982,0.298479527235031
usa,1983,0.308374732732773
usa,1984,0.322181016206741
usa,1985,0.336513698101044
usa,1986,0.349991589784622
usa,1987,0.362960278987885
usa,1988,0.375860691070557
usa,1989,0.38917887210846
usa,1990,0.400994539260864
usa,1991,0.41057875752449
usa,1992,0.421337842941284
usa,1993,0.433281779289246
usa,1994,0.446637660264969
usa,1995,0.462101012468338
usa,1996,0.480075746774673
usa,1997,0.501066207885742
usa,1998,0.525703489780426
usa,1999,0.553684055805206
usa,2000,0.582016289234161
usa,2001,0.604675710201263
usa,2002,0.62253350019455
usa,2003,0.641169726848602
usa,2004,0.662558257579804
usa,2005,0.686971962451935
usa,2006,0.712970852851868
usa,2007,0.737508594989777
usa,2008,0.756874799728394
usa,2009,0.765623509883881
usa,2010,0.777264177799225
usa,2011,0.790961742401123
usa,2012,0.807570934295654
usa,2013,0.824991703033447
usa,2014,0.844705939292908
usa,2015,0.865255653858185
usa,2016,0.885826170444489
usa,2017,0.907810807228088
usa,2018,0.932361483573914
usa,2019,0.956479370594025
usa,2020,0.976277709007263
usa,2021,1.0
usa,2022,1.02548205852509
usa,2023,1.05089008808136
uzb,1994,0.0778680294752121
uzb,1995,0.0851063951849937
uzb,1996,0.093276634812355
uzb,1997,0.102054722607136
uzb,1998,0.110469095408916
uzb,1999,0.11878814548254
uzb,2000,0.126963526010513
uzb,2001,0.137911438941956
uzb,2002,0.146801829338074
uzb,2003,0.155686482787132
uzb,2004,0.165594220161438
uzb,2005,0.176097750663757
uzb,2006,0.186786234378815
uzb,2007,0.201046586036682
uzb,2008,0.222298488020897
uzb,2009,0.248312026262283
uzb,2010,0.281083077192307
uzb,2011,0.313204169273376
uzb,2012,0.349130034446716
uzb,2013,0.38790836930275
uzb,2014,0.430332630872726
uzb,2015,0.475825130939484
uzb,2016,0.521792948246002
uzb,2017,0.581167638301849
uzb,2018,0.666591107845306
uzb,2019,0.791240334510803
uzb,2020,0.896700978279114
uzb,2021,1.0
uzb,2022,1.09554731845856
uzb,2023,1.22599565982819
ven,1954,0.083382748067379
ven,1955,0.0894569903612137
ven,1956,0.0960337892174721
ven,1957,0.10299851000309
ven,1958,0.109404712915421
ven,1959,0.115589201450348
ven,1960,0.117240257561207
ven,1961,0.118856586515903
ven,1962,0.1220743060112
ven,1963,0.12521630525589
ven,1964,0.131835222244263
ven,1965,0.13819245994091
ven,1966,0.143174305558205
ven,1967,0.148372069001198
ven,1968,0.158094316720963
ven,1969,0.16818068921566
ven,1970,0.183461830019951
ven,1971,0.201806828379631
ven,1972,0.223628520965576
ven,1973,0.245387986302376
ven,1974,0.264398127794266
ven,1975,0.295148253440857
ven,1976,0.340024590492249
ven,1977,0.407323896884918
ven,1978,0.490811169147491
ven,1979,0.530509412288666
ven,1980,0.558893442153931
ven,1981,0.590780079364777
ven,1982,0.620997190475464
ven,1983,0.626211822032929
ven,1984,0.6355020403862
ven,1985,0.65223228931427
ven,1986,0.676267206668854
ven,1987,0.704542994499207
ven,1988,0.736502170562744
ven,1989,0.742128252983093
ven,1990,0.739536583423615
ven,1991,0.758202254772186
ven,1992,0.79387378692627
ven,1993,0.822392523288727
ven,1994,0.832070529460907
ven,1995,0.844567775726318
ven,1996,0.850858509540558
ven,1997,0.876967430114746
ven,1998,0.907485365867615
ven,1999,0.922187030315399
ven,2000,0.938705444335938
ven,2001,0.96267694234848
ven,2002,0.969617187976837
ven,2003,0.957186877727509
ven,2004,0.966861724853516
ven,2005,0.996094346046448
ven,2006,1.04134476184845
ven,2007,1.10597681999207
ven,2008,1.16258585453033
ven,2009,1.20207405090332
ven,2010,1.23313295841217
ven,2011,1.26514911651611
ven,2012,1.31529593467712
ven,2013,1.35307097434998
ven,2014,1.37169122695923
ven,2015,1.37022531032562
ven,2016,1.33443892002106
ven,2017,1.27606916427612
ven,2018,1.21114051342011
ven,2019,1.14271330833435
ven,2020,1.06645202636719
ven,2021,1.0
ven,2022,0.941933870315552
ven,2023,0.892269551753998
vgb,1991,0.0941127091646195
vgb,1992,0.105306267738342
vgb,1993,0.120142631232739
vgb,1994,0.139394700527191
vgb,1995,0.164628386497498
vgb,1996,0.191087558865547
vgb,1997,0.221280828118324
vgb,1998,0.255850583314896
vgb,1999,0.290835678577423
vgb,2000,0.329177379608154
vgb,2001,0.366235166788101
vgb,2002,0.399765282869339
vgb,2003,0.432247221469879
vgb,2004,0.465093314647675
vgb,2005,0.503080189228058
vgb,2006,0.542396605014801
vgb,2007,0.572066247463226
vgb,2008,0.601562142372131
vgb,2009,0.633232712745667
vgb,2010,0.668949365615845
vgb,2011,0.700746953487396
vgb,2012,0.729992926120758
vgb,2013,0.759708940982819
vgb,2014,0.789079964160919
vgb,2015,0.817420542240143
vgb,2016,0.848176062107086
vgb,2017,0.876774072647095
vgb,2018,0.906015992164612
vgb,2019,0.939918696880341
vgb,2020,0.969012379646301
vgb,2021,1.0
vgb,2022,1.03197586536407
vgb,2023,1.06463193893433
zaf,1954,0.0690886154770851
zaf,1955,0.0746710896492004
zaf,1956,0.0798510685563088
zaf,1957,0.0858844071626663
zaf,1958,0.0916716381907463
zaf,1959,0.0942419767379761
zaf,1960,0.0987161621451378
zaf,1961,0.102825187146664
zaf,1962,0.106315143406391
zaf,1963,0.112560987472534
zaf,1964,0.120671048760414
zaf,1965,0.130234688520432
zaf,1966,0.137735143303871
zaf,1967,0.148305386304855
zaf,1968,0.15734601020813
zaf,1969,0.16795040667057
zaf,1970,0.181665927171707
zaf,1971,0.197003766894341
zaf,1972,0.212600573897362
zaf,1973,0.22870384156704
zaf,1974,0.245661824941635
zaf,1975,0.265416890382767
zaf,1976,0.283696562051773
zaf,1977,0.298004925251007
zaf,1978,0.311499416828156
zaf,1979,0.325221538543701
zaf,1980,0.344691514968872
zaf,1981,0.368404686450958
zaf,1982,0.389556288719177
zaf,1983,0.405861049890518
zaf,1984,0.421270728111267
zaf,1985,0.431819260120392
zaf,1986,0.433127492666245
zaf,1987,0.432135730981827
zaf,1988,0.437792211771011
zaf,1989,0.444384127855301
zaf,1990,0.448466151952744
zaf,1991,0.449772924184799
zaf,1992,0.451012521982193
zaf,1993,0.454519927501678
zaf,1994,0.46149805188179
zaf,1995,0.472743064165115
zaf,1996,0.48742213845253
zaf,1997,0.504264771938324
zaf,1998,0.52434378862381
zaf,1999,0.537458062171936
zaf,2000,0.549939870834351
zaf,2001,0.563054382801056
zaf,2002,0.57618910074234
zaf,2003,0.591552555561066
zaf,2004,0.610267698764801
zaf,2005,0.632853329181671
zaf,2006,0.660958528518677
zaf,2007,0.695393025875092
zaf,2008,0.735321402549744
zaf,2009,0.763272702693939
zaf,2010,0.787889659404755
zaf,2011,0.816230237483978
zaf,2012,0.84493625164032
zaf,2013,0.875806093215942
zaf,2014,0.901933491230011
zaf,2015,0.927886843681335
zaf,2016,0.9493847489357
zaf,2017,0.966718137264252
zaf,2018,0.982213616371155
zaf,2019,0.996332049369812
zaf,2020,0.996785581111908
zaf,2021,1.0
zaf,2022,1.01025140285492
zaf,2023,1.02369010448456
zmb,1959,0.367371022701263
zmb,1960,0.369857907295227
zmb,1961,0.372089773416519
zmb,1962,0.373544305562973
zmb,1963,0.371505916118622
zmb,1964,0.36834841966629
zmb,1965,0.385757684707642
zmb,1966,0.406549572944641
zmb,1967,0.432122260332108
zmb,1968,0.461186766624451
zmb,1969,0.475418984889984
zmb,1970,0.51697164773941
zmb,1971,0.550465524196625
zmb,1972,0.588072657585144
zmb,1973,0.618787288665772
zmb,1974,0.646006345748901
zmb,1975,0.67570823431015
zmb,1976,0.678957164287567
zmb,1977,0.677470207214356
zmb,1978,0.670724272727966
zmb,1979,0.658422648906708
zmb,1980,0.650773286819458
zmb,1981,0.643086016178131
zmb,1982,0.632311820983887
zmb,1983,0.6172154545784
zmb,1984,0.599534928798676
zmb,1985,0.581725299358368
zmb,1986,0.562702238559723
zmb,1987,0.543212950229645
zmb,1988,0.523388504981995
zmb,1989,0.501891493797302
zmb,1990,0.48442929983139
zmb,1991,0.462917029857636
zmb,1992,0.443112373352051
zmb,1993,0.427907794713974
zmb,1994,0.412220001220703
zmb,1995,0.40118020772934
zmb,1996,0.394323587417603
zmb,1997,0.389651983976364
zmb,1998,0.389582097530365
zmb,1999,0.39313331246376
zmb,2000,0.400675266981125
zmb,2001,0.413755655288696
zmb,2002,0.428367048501968
zmb,2003,0.447848856449127
zmb,2004,0.462448179721832
zmb,2005,0.475719213485718
zmb,2006,0.490470200777054
zmb,2007,0.507706761360169
zmb,2008,0.529060125350952
zmb,2009,0.546813905239105
zmb,2010,0.558479249477387
zmb,2011,0.584521770477295
zmb,2012,0.607482016086578
zmb,2013,0.637806713581085
zmb,2014,0.68305903673172
zmb,2015,0.750607550144196
zmb,2016,0.80201119184494
zmb,2017,0.860939979553223
zmb,2018,0.913674175739288
zmb,2019,0.957754015922546
zmb,2020,0.976269006729126
zmb,2021,1.0
zmb,2022,1.02393579483032
zmb,2023,1.05830895900726
zwe,1958,0.493172973394394
zwe,1959,0.484331756830215
zwe,1960,0.47688901424408
zwe,1961,0.470496863126755
zwe,1962,0.461462199687958
zwe,1963,0.452370882034302
zwe,1964,0.444174915552139
zwe,1965,0.438405781984329
zwe,1966,0.434130549430847
zwe,1967,0.432731419801712
zwe,1968,0.434294998645782
zwe,1969,0.434107959270477
zwe,1970,0.436679720878601
zwe,1971,0.442039638757706
zwe,1972,0.44843715429306
zwe,1973,0.45890200138092
zwe,1974,0.473354071378708
zwe,1975,0.485052317380905
zwe,1976,0.489960640668869
zwe,1977,0.489244282245636
zwe,1978,0.484558343887329
zwe,1979,0.480486333370209
zwe,1980,0.480449676513672
zwe,1981,0.486711472272873
zwe,1982,0.493830800056458
zwe,1983,0.499017924070358
zwe,1984,0.499544501304626
zwe,1985,0.496729910373688
zwe,1986,0.495660454034805
zwe,1987,0.496039927005768
zwe,1988,0.498605906963348
zwe,1989,0.500815987586975
zwe,1990,0.509958565235138
zwe,1991,0.524603009223938
zwe,1992,0.535854160785675
zwe,1993,0.548584699630737
zwe,1994,0.561162710189819
zwe,1995,0.574465572834015
zwe,1996,0.577396035194397
zwe,1997,0.580622136592865
zwe,1998,0.588648736476898
zwe,1999,0.591704308986664
zwe,2000,0.624841213226318
zwe,2001,0.653037965297699
zwe,2002,0.664496839046478
zwe,2003,0.689204931259155
zwe,2004,0.670740783214569
zwe,2005,0.641282975673676
zwe,2006,0.615709841251373
zwe,2007,0.602705478668213
zwe,2008,0.583499133586884
zwe,2009,0.606040954589844
zwe,2010,0.665719151496887
zwe,2011,0.710828542709351
zwe,2012,0.763574779033661
zwe,2013,0.787701606750488
zwe,2014,0.81825989484787
zwe,2015,0.850613594055176
zwe,2016,0.880821943283081
zwe,2017,0.915139377117157
zwe,2018,0.94829261302948
zwe,2019,0.972796857357025
zwe,2020,0.985810220241547
zwe,2021,1.0
zwe,2022,1.02568960189819
zwe,2023,1.07763373851776
