country,year,ck
abw,1991,0.000154146167915314
abw,1992,0.000165404620929621
abw,1993,0.000176130706677213
abw,1994,0.000179763170308433
abw,1995,0.000194712411030196
abw,1996,0.000202679380890913
abw,1997,0.000210303027415648
abw,1998,0.000217602428165264
abw,1999,0.000224317816901021
abw,2000,0.000221967915422283
abw,2001,0.000223767216084525
abw,2002,0.000236221123486757
abw,2003,0.00024918737472035
abw,2004,0.00026340177282691
abw,2005,0.000286115828203037
abw,2006,0.000302962522255257
abw,2007,0.000317251135129482
abw,2008,0.000335434160660952
abw,2009,0.000372007954865694
abw,2010,0.000391289300750941
abw,2011,0.000399778306018561
abw,2012,0.000359867291990668
abw,2013,0.000337698147632182
abw,2014,0.000304678513202816
abw,2015,0.000272203469648957
abw,2016,0.000234930659644306
abw,2017,0.000211442107683979
abw,2018,0.000229445155127905
abw,2019,0.000215408988879062
abw,2020,0.00022218530648388
abw,2021,0.000222196380491368
abw,2022,0.00022352572705131
abw,2023,0.000221795606194064
ago,1974,0.00418478716164827
ago,1975,0.00436285883188248
ago,1976,0.00444521475583315
ago,1977,0.00446706311777234
ago,1978,0.00438452558591962
ago,1979,0.00437881611287594
ago,1980,0.00425360025838018
ago,1981,0.00434903893619776
ago,1982,0.00453401543200016
ago,1983,0.00468778144568205
ago,1984,0.00474441284313798
ago,1985,0.00474030850455165
ago,1986,0.0047426694072783
ago,1987,0.0047548902221024
ago,1988,0.00480002583935857
ago,1989,0.00490468740463257
ago,1990,0.00511018419638276
ago,1991,0.00561738479882479
ago,1992,0.00634474074468017
ago,1993,0.006825000513345
ago,1994,0.00744099589064717
ago,1995,0.00839772634208202
ago,1996,0.00970176979899406
ago,1997,0.010144148953259
ago,1998,0.0108690243214369
ago,1999,0.0112899346277118
ago,2000,0.0107386764138937
ago,2001,0.0102464612573385
ago,2002,0.0101836370304227
ago,2003,0.0103546837344766
ago,2004,0.0101577900350094
ago,2005,0.00969447195529938
ago,2006,0.0101669998839498
ago,2007,0.0112307881936431
ago,2008,0.0134712988510728
ago,2009,0.0191350430250168
ago,2010,0.0206888075917959
ago,2011,0.0224630814045668
ago,2012,0.0223642066121101
ago,2013,0.0211284160614014
ago,2014,0.0217333510518074
ago,2015,0.0213712882250547
ago,2016,0.019563365727663
ago,2017,0.0223307739943266
ago,2018,0.0181872043758631
ago,2019,0.0163608882576227
ago,2020,0.010847358033061
ago,2021,0.00842446740716696
ago,2022,0.00851076561957598
ago,2023,0.00844203121960163
alb,1974,0.000760374765377492
alb,1975,0.000772881438024342
alb,1976,0.000779426482040435
alb,1977,0.000775470572989434
alb,1978,0.000774063926655799
alb,1979,0.000779671361669898
alb,1980,0.000742769043426961
alb,1981,0.000818289932794869
alb,1982,0.000838171283248812
alb,1983,0.000839658896438777
alb,1984,0.000810029276181012
alb,1985,0.000801213725935668
alb,1986,0.000864785397425294
alb,1987,0.000827930634841323
alb,1988,0.000793885090388358
alb,1989,0.00085710862185806
alb,1990,0.000758961250539869
alb,1991,0.000545020564459264
alb,1992,0.000539580476470292
alb,1993,0.000678386422805488
alb,1994,0.000798255321569741
alb,1995,0.000739953014999628
alb,1996,0.00083486718358472
alb,1997,0.000633492891211063
alb,1998,0.000651221605949104
alb,1999,0.000729831692297012
alb,2000,0.000709644926246256
alb,2001,0.000705993152223527
alb,2002,0.000722488679457456
alb,2003,0.000732684682589024
alb,2004,0.000778205634560436
alb,2005,0.000812318874523044
alb,2006,0.000952480651903898
alb,2007,0.00104242411907762
alb,2008,0.00117500685155392
alb,2009,0.00129728706087917
alb,2010,0.001499536447227
alb,2011,0.00166940968483686
alb,2012,0.00161114730872214
alb,2013,0.00152890325989574
alb,2014,0.00181036617141217
alb,2015,0.00128152838442475
alb,2016,0.00100883364211768
alb,2017,0.000894391792826355
alb,2018,0.00183012441266328
alb,2019,0.00185465894173831
alb,2020,0.00176147522870451
alb,2021,0.00178208004217595
alb,2022,0.00185392634011805
alb,2023,0.00188359047751874
arg,1954,0.00613479455932975
arg,1955,0.00632003415375948
arg,1956,0.00640571629628539
arg,1957,0.00647933827713132
arg,1958,0.00654531503096223
arg,1959,0.00647366791963577
arg,1960,0.00673720147460699
arg,1961,0.00701577914878726
arg,1962,0.00707912584766746
arg,1963,0.00695237331092358
arg,1964,0.00677153328433633
arg,1965,0.00678546214476228
arg,1966,0.00668811937794089
arg,1967,0.00661744829267263
arg,1968,0.00658308062702417
arg,1969,0.00671844137832522
arg,1970,0.00683857686817646
arg,1971,0.00703057646751404
arg,1972,0.00711499294266105
arg,1973,0.00711556477472186
arg,1974,0.00701850932091475
arg,1975,0.00720105227082968
arg,1976,0.0073016588576138
arg,1977,0.00749264471232891
arg,1978,0.00739500857889652
arg,1979,0.00747690303251147
arg,1980,0.00740940263494849
arg,1981,0.00757826678454876
arg,1982,0.00774593977257609
arg,1983,0.00809929333627224
arg,1984,0.0083437692373991
arg,1985,0.00864466838538647
arg,1986,0.00914770271629095
arg,1987,0.00978430081158876
arg,1988,0.0106951678171754
arg,1989,0.0118522997945547
arg,1990,0.0133445272222161
arg,1991,0.0155761251226068
arg,1992,0.0187807604670525
arg,1993,0.0229134280234575
arg,1994,0.0271583031862974
arg,1995,0.0305269025266171
arg,1996,0.0321224443614483
arg,1997,0.0320337004959583
arg,1998,0.0314106233417988
arg,1999,0.029998691752553
arg,2000,0.0277641378343105
arg,2001,0.0259806867688894
arg,2002,0.0239838622510433
arg,2003,0.0228796675801277
arg,2004,0.0225844271481037
arg,2005,0.022838681936264
arg,2006,0.0231600161641836
arg,2007,0.0245672967284918
arg,2008,0.0269135981798172
arg,2009,0.0290566943585873
arg,2010,0.0321124233305454
arg,2011,0.0344420336186886
arg,2012,0.0345600917935371
arg,2013,0.0335750170052052
arg,2014,0.0331161618232727
arg,2015,0.0329837985336781
arg,2016,0.0317229889333248
arg,2017,0.0328349843621254
arg,2018,0.0339869149029255
arg,2019,0.0341663621366024
arg,2020,0.0345544777810574
arg,2021,0.0363846942782402
arg,2022,0.0373814553022385
arg,2023,0.0373649150133133
arm,1994,0.000810968689620495
arm,1995,0.000852278375532478
arm,1996,0.000822894449811429
arm,1997,0.00078794511500746
arm,1998,0.000732226297259331
arm,1999,0.000691860972438008
arm,2000,0.000636134063825011
arm,2001,0.000581268395762891
arm,2002,0.000563085603062064
arm,2003,0.00054960057605058
arm,2004,0.000540909764822573
arm,2005,0.000549984630197287
arm,2006,0.000566106464248151
arm,2007,0.000589128176216036
arm,2008,0.000621595652773976
arm,2009,0.000636965967714787
arm,2010,0.000667136278934777
arm,2011,0.000683467951603234
arm,2012,0.000747911864891648
arm,2013,0.000934903509914875
arm,2014,0.0008842259994708
arm,2015,0.000926478183828294
arm,2016,0.000939575023949146
arm,2017,0.000979787902906537
arm,2018,0.00124634359963238
arm,2019,0.00152025907300413
arm,2020,0.00175569369457662
arm,2021,0.00206330535002053
arm,2022,0.00216241204179823
arm,2023,0.00222444906830788
aus,1954,0.0593916103243828
aus,1955,0.0620506405830383
aus,1956,0.0629632323980331
aus,1957,0.0640242546796799
aus,1958,0.0645810887217522
aus,1959,0.0675892010331154
aus,1960,0.0731752291321755
aus,1961,0.0721914023160934
aus,1962,0.0675890371203423
aus,1963,0.0638882219791412
aus,1964,0.0637378618121147
aus,1965,0.0619542896747589
aus,1966,0.0577707625925541
aus,1967,0.0584692135453224
aus,1968,0.0576025135815144
aus,1969,0.0570738799870014
aus,1970,0.0585255064070225
aus,1971,0.0607785098254681
aus,1972,0.0595666766166687
aus,1973,0.0666752532124519
aus,1974,0.0753888115286827
aus,1975,0.0702494606375694
aus,1976,0.064379908144474
aus,1977,0.0626850724220276
aus,1978,0.0580165535211563
aus,1979,0.0553553774952889
aus,1980,0.0540453754365444
aus,1981,0.0563539229333401
aus,1982,0.0572329834103584
aus,1983,0.0568533204495907
aus,1984,0.0575395114719868
aus,1985,0.0579187981784344
aus,1986,0.0566908195614815
aus,1987,0.0556191392242909
aus,1988,0.0561877936124802
aus,1989,0.0570036135613918
aus,1990,0.0569498166441917
aus,1991,0.0569152757525444
aus,1992,0.0576634369790554
aus,1993,0.0592546686530113
aus,1994,0.061123576015234
aus,1995,0.0618264228105545
aus,1996,0.0622657127678394
aus,1997,0.062424186617136
aus,1998,0.0622467547655106
aus,1999,0.0617472380399704
aus,2000,0.0583729706704617
aus,2001,0.0569181032478809
aus,2002,0.0570680387318134
aus,2003,0.0586587823927403
aus,2004,0.0603119358420372
aus,2005,0.0625284314155579
aus,2006,0.0640275403857231
aus,2007,0.0662803575396538
aus,2008,0.0672216340899468
aus,2009,0.0694934278726578
aus,2010,0.071325771510601
aus,2011,0.0723497048020363
aus,2012,0.0750071778893471
aus,2013,0.0910711064934731
aus,2014,0.0908685028553009
aus,2015,0.085223026573658
aus,2016,0.0845941826701164
aus,2017,0.0820555910468102
aus,2018,0.08273746073246
aus,2019,0.0865511372685432
aus,2020,0.0861296579241753
aus,2021,0.087598629295826
aus,2022,0.0895627364516258
aus,2023,0.0909851565957069
aut,1954,0.0124352369457483
aut,1955,0.0127114010974765
aut,1956,0.0126730632036924
aut,1957,0.0127582466229796
aut,1958,0.0126986596733332
aut,1959,0.0125161604955792
aut,1960,0.0128403892740607
aut,1961,0.0131430234760046
aut,1962,0.0131928427144885
aut,1963,0.0130739631131291
aut,1964,0.0129266604781151
aut,1965,0.0129167046397924
aut,1966,0.012847701087594
aut,1967,0.0128193944692612
aut,1968,0.0128296231850982
aut,1969,0.0127710904926062
aut,1970,0.0131643144413829
aut,1971,0.0139323426410556
aut,1972,0.0142193818464875
aut,1973,0.0146734900772572
aut,1974,0.0147079015150666
aut,1975,0.0151525065302849
aut,1976,0.0150915374979377
aut,1977,0.0153879132121801
aut,1978,0.0152467060834169
aut,1979,0.0152511773630977
aut,1980,0.0152450306341052
aut,1981,0.0159838106483221
aut,1982,0.0168884079903364
aut,1983,0.0182532630860806
aut,1984,0.0195036102086306
aut,1985,0.0203963983803988
aut,1986,0.0208436828106642
aut,1987,0.0212865211069584
aut,1988,0.022067753598094
aut,1989,0.023208225145936
aut,1990,0.0246022529900074
aut,1991,0.0262266788631678
aut,1992,0.0274470187723637
aut,1993,0.0285411328077316
aut,1994,0.0293965209275484
aut,1995,0.0293541457504034
aut,1996,0.0289144050329924
aut,1997,0.0275639649480581
aut,1998,0.0260950997471809
aut,1999,0.0245768148452044
aut,2000,0.0229805279523134
aut,2001,0.0209091044962406
aut,2002,0.0202793516218662
aut,2003,0.0207067374140024
aut,2004,0.0206994228065014
aut,2005,0.0207396596670151
aut,2006,0.0216697528958321
aut,2007,0.022570313885808
aut,2008,0.0244895126670599
aut,2009,0.0275329668074846
aut,2010,0.0291586462408304
aut,2011,0.03090232424438
aut,2012,0.0317302606999874
aut,2013,0.0329060815274715
aut,2014,0.03284115716815
aut,2015,0.0342599637806416
aut,2016,0.0343671105802059
aut,2017,0.0354228727519512
aut,2018,0.0364570394158363
aut,2019,0.036928940564394
aut,2020,0.0364637263119221
aut,2021,0.0353337563574314
aut,2022,0.0357856713235378
aut,2023,0.035874966531992
aze,1994,0.000685460399836302
aze,1995,0.000622512947302312
aze,1996,0.000689708685968071
aze,1997,0.000749263737816364
aze,1998,0.000851272896397859
aze,1999,0.000956169329583645
aze,2000,0.000996186397969723
aze,2001,0.00104613730218261
aze,2002,0.00124770600814372
aze,2003,0.001639494439587
aze,2004,0.00211941543966532
aze,2005,0.00229485402815044
aze,2006,0.00220240675844252
aze,2007,0.00217490596696734
aze,2008,0.00216253497637808
aze,2009,0.0023635511752218
aze,2010,0.00235753343440592
aze,2011,0.00251071131788194
aze,2012,0.00305952318012714
aze,2013,0.00374291255138814
aze,2014,0.0037355434615165
aze,2015,0.00415794039145112
aze,2016,0.00402460619807243
aze,2017,0.0039850021712482
aze,2018,0.00471774488687515
aze,2019,0.00570898922160268
aze,2020,0.00659312540665269
aze,2021,0.00709869060665369
aze,2022,0.00726917618885636
aze,2023,0.00737927109003067
bdi,1980,0.000222956849029288
bdi,1981,0.000233872095122933
bdi,1982,0.000247673742705956
bdi,1983,0.000270659162197262
bdi,1984,0.000288388080662116
bdi,1985,0.000302075990475714
bdi,1986,0.000308310962282121
bdi,1987,0.000314636767143384
bdi,1988,0.000302594067761675
bdi,1989,0.00032785237999633
bdi,1990,0.000204433788894676
bdi,1991,0.000182962641702034
bdi,1992,0.00017607759218663
bdi,1993,0.000270012504188344
bdi,1994,0.000254942598985508
bdi,1995,0.000209151534363627
bdi,1996,0.000204015435883775
bdi,1997,0.000354215531842783
bdi,1998,0.00038197758840397
bdi,1999,0.000602719082962722
bdi,2000,0.00025786311016418
bdi,2001,0.000280198291875422
bdi,2002,0.000219206864130683
bdi,2003,0.000324869499308988
bdi,2004,0.000367660861229524
bdi,2005,0.00019183914992027
bdi,2006,0.00045520585263148
bdi,2007,0.000482422590721399
bdi,2008,0.00044125271961093
bdi,2009,0.000422305514803156
bdi,2010,0.000411781307775527
bdi,2011,0.000389364722650498
bdi,2012,0.000333437550580129
bdi,2013,0.000293654098641127
bdi,2014,0.000294011289952323
bdi,2015,0.00028396409470588
bdi,2016,0.000301250605843961
bdi,2017,0.000314335513394326
bdi,2018,0.00032339381868951
bdi,2019,0.000316335790557787
bdi,2020,0.000293617980787531
bdi,2021,0.000333170493831858
bdi,2022,0.000340341153787449
bdi,2023,0.000343646912369877
bel,1954,0.033644825220108
bel,1955,0.0334527306258678
bel,1956,0.0335023887455463
bel,1957,0.0335181802511215
bel,1958,0.0329735726118088
bel,1959,0.0326963774859905
bel,1960,0.0324310623109341
bel,1961,0.0324422717094421
bel,1962,0.0323926955461502
bel,1963,0.0322648771107197
bel,1964,0.032078430056572
bel,1965,0.0317922905087471
bel,1966,0.03166713565588
bel,1967,0.0313756838440895
bel,1968,0.0309811774641275
bel,1969,0.0310468524694443
bel,1970,0.0315053388476372
bel,1971,0.0326555483043194
bel,1972,0.0324286334216595
bel,1973,0.0330540351569653
bel,1974,0.0342026948928833
bel,1975,0.0355013199150562
bel,1976,0.0343410596251488
bel,1977,0.0347279757261276
bel,1978,0.0338291972875595
bel,1979,0.0302690025418997
bel,1980,0.0278345476835966
bel,1981,0.0277644768357277
bel,1982,0.0263193212449551
bel,1983,0.0257237441837788
bel,1984,0.0258037094026804
bel,1985,0.0258755758404732
bel,1986,0.0260494239628315
bel,1987,0.0246893353760242
bel,1988,0.0245685614645481
bel,1989,0.0252340212464333
bel,1990,0.0260671507567167
bel,1991,0.0272849928587675
bel,1992,0.0281982608139515
bel,1993,0.0283075999468565
bel,1994,0.0275784432888031
bel,1995,0.027961652725935
bel,1996,0.0275648776441813
bel,1997,0.0261511821299791
bel,1998,0.0249254498630762
bel,1999,0.0249600168317556
bel,2000,0.0235600657761097
bel,2001,0.0226612072438002
bel,2002,0.0221942514181137
bel,2003,0.0234864242374897
bel,2004,0.0238297544419765
bel,2005,0.0245983954519033
bel,2006,0.0264313984662294
bel,2007,0.0279761496931314
bel,2008,0.0305396467447281
bel,2009,0.0336518660187721
bel,2010,0.0376555770635605
bel,2011,0.0385366752743721
bel,2012,0.0387956723570824
bel,2013,0.040164515376091
bel,2014,0.0377798080444336
bel,2015,0.0383188165724278
bel,2016,0.0392963029444218
bel,2017,0.0405750647187233
bel,2018,0.0417889840900898
bel,2019,0.0421744324266911
bel,2020,0.0421592481434345
bel,2021,0.0407897792756557
bel,2022,0.0414607860147953
bel,2023,0.0422138310968876
ben,1980,0.000304744695313275
ben,1981,0.000314913137117401
ben,1982,0.000347440276527777
ben,1983,0.000351786322426051
ben,1984,0.000342035724315792
ben,1985,0.000323408690746874
ben,1986,0.000319659331580624
ben,1987,0.000324142689350992
ben,1988,0.000331243820255622
ben,1989,0.000348798872437328
ben,1990,0.000383459788281471
ben,1991,0.000431193475378677
ben,1992,0.000488962279632688
ben,1993,0.000555902486667037
ben,1994,0.000625910528469831
ben,1995,0.000666853913571686
ben,1996,0.000678596145007759
ben,1997,0.000673630915116519
ben,1998,0.00066965096630156
ben,1999,0.000665234692860395
ben,2000,0.000643912644591183
ben,2001,0.000641490507405251
ben,2002,0.000652830465696752
ben,2003,0.000662086997181177
ben,2004,0.000666053034365177
ben,2005,0.000666192092467099
ben,2006,0.000663556391373277
ben,2007,0.000681268575135618
ben,2008,0.00070576649159193
ben,2009,0.000745056953746826
ben,2010,0.000792084611020982
ben,2011,0.00081568502355367
ben,2012,0.000775876629631966
ben,2013,0.000772002909798175
ben,2014,0.000810131256002933
ben,2015,0.000790985999628902
ben,2016,0.000829056371003389
ben,2017,0.000871472584549338
ben,2018,0.000937148928642273
ben,2019,0.000944769359193742
ben,2020,0.000997569877654314
ben,2021,0.00110548292286694
ben,2022,0.00123077782336622
ben,2023,0.00135609391145408
bfa,1963,0.00015668170817662
bfa,1964,0.000148622013512068
bfa,1965,0.000147873201058246
bfa,1966,0.000145456448080949
bfa,1967,0.000142835400765762
bfa,1968,0.000140307296533138
bfa,1969,0.000140976306283847
bfa,1970,0.00014162014122121
bfa,1971,0.0001607184385648
bfa,1972,0.000165805337019265
bfa,1973,0.000173328589880839
bfa,1974,0.000179096779902466
bfa,1975,0.000188801132026128
bfa,1976,0.000194516585906968
bfa,1977,0.000198259600438178
bfa,1978,0.000198981739231385
bfa,1979,0.000218617569771595
bfa,1980,0.000228524528210983
bfa,1981,0.000255452352575958
bfa,1982,0.000279086088994518
bfa,1983,0.000296137441182509
bfa,1984,0.000307025446090847
bfa,1985,0.000330139446305111
bfa,1986,0.000345673644915223
bfa,1987,0.000357323006028309
bfa,1988,0.000371323607396334
bfa,1989,0.000389335880754516
bfa,1990,0.000407756073400378
bfa,1991,0.00042839371599257
bfa,1992,0.000446776713943109
bfa,1993,0.000462038296973333
bfa,1994,0.000474324566312134
bfa,1995,0.000495481595862657
bfa,1996,0.000514104787725955
bfa,1997,0.000535560073330998
bfa,1998,0.000547757721506059
bfa,1999,0.000539960048627108
bfa,2000,0.000516326632350683
bfa,2001,0.000505100935697556
bfa,2002,0.000513658858835697
bfa,2003,0.000517561624292284
bfa,2004,0.00052941165631637
bfa,2005,0.000562541419640183
bfa,2006,0.000586902548093349
bfa,2007,0.000626940687652677
bfa,2008,0.000699166615959257
bfa,2009,0.000775813648942858
bfa,2010,0.000885260466020554
bfa,2011,0.000961287820246071
bfa,2012,0.000969108426943421
bfa,2013,0.00104093283880502
bfa,2014,0.00100246584042907
bfa,2015,0.00096494983881712
bfa,2016,0.00104947516229004
bfa,2017,0.00116913067176938
bfa,2018,0.00117121753282845
bfa,2019,0.00110846816096455
bfa,2020,0.00109239446464926
bfa,2021,0.00119211548008025
bfa,2022,0.00125598255544901
bfa,2023,0.00130104913841933
bgr,1974,0.000345310749253258
bgr,1975,0.000387744599720463
bgr,1976,0.000425916281528771
bgr,1977,0.000458943366538733
bgr,1978,0.000481914117699489
bgr,1979,0.000502950337249786
bgr,1980,0.000525438750628382
bgr,1981,0.000565314665436745
bgr,1982,0.000609594397246838
bgr,1983,0.000652488961350173
bgr,1984,0.000669881701469421
bgr,1985,0.000693229492753744
bgr,1986,0.000718737894203514
bgr,1987,0.000733454478904605
bgr,1988,0.000760721391998231
bgr,1989,0.000801492715254426
bgr,1990,0.000778704124968499
bgr,1991,0.000743075448554009
bgr,1992,0.000724996440112591
bgr,1993,0.000737392285373062
bgr,1994,0.000825951923616231
bgr,1995,0.000930605921894312
bgr,1996,0.000818514206912369
bgr,1997,0.000885829387698323
bgr,1998,0.00107686698902398
bgr,1999,0.0012049509678036
bgr,2000,0.00126747193280607
bgr,2001,0.0014400293584913
bgr,2002,0.00154929934069514
bgr,2003,0.00143835844937712
bgr,2004,0.0015976233407855
bgr,2005,0.00193902861792594
bgr,2006,0.00229264702647924
bgr,2007,0.00261577684432268
bgr,2008,0.00309236906468868
bgr,2009,0.0035543404519558
bgr,2010,0.00425120862200856
bgr,2011,0.00434882612898946
bgr,2012,0.00443833786994219
bgr,2013,0.00444648647680879
bgr,2014,0.00455828756093979
bgr,2015,0.00464136572554708
bgr,2016,0.00457865232601762
bgr,2017,0.00493574561551213
bgr,2018,0.00495075481012464
bgr,2019,0.00498969713225961
bgr,2020,0.00508831534534693
bgr,2021,0.00497953500598669
bgr,2022,0.00511813769116998
bgr,2023,0.00521661108359695
bhr,1974,0.00191147462464869
bhr,1975,0.00176486768759787
bhr,1976,0.00229349709115922
bhr,1977,0.00221915286965668
bhr,1978,0.00221937661990523
bhr,1979,0.00242864433676004
bhr,1980,0.00266825524158776
bhr,1981,0.00220255926251411
bhr,1982,0.00180417415685952
bhr,1983,0.00168142362963408
bhr,1984,0.00159707106649876
bhr,1985,0.00145058229099959
bhr,1986,0.00133790110703558
bhr,1987,0.00120256200898439
bhr,1988,0.00112664408516139
bhr,1989,0.00109702395275235
bhr,1990,0.00106780172791332
bhr,1991,0.0010743192397058
bhr,1992,0.00109052064362913
bhr,1993,0.00109663500916213
bhr,1994,0.0010715665994212
bhr,1995,0.00104524008929729
bhr,1996,0.00101349258329719
bhr,1997,0.00101265602279454
bhr,1998,0.00106322532519698
bhr,1999,0.00112879171501845
bhr,2000,0.00124148838222027
bhr,2001,0.00145533273462206
bhr,2002,0.00181867275387049
bhr,2003,0.00226604053750634
bhr,2004,0.00268989684991539
bhr,2005,0.00303747993893921
bhr,2006,0.00319076306186616
bhr,2007,0.00344302877783775
bhr,2008,0.00373103027231991
bhr,2009,0.00394584843888879
bhr,2010,0.00414373958483338
bhr,2011,0.00420612096786499
bhr,2012,0.00505151273682714
bhr,2013,0.00429960479959846
bhr,2014,0.00436275871470571
bhr,2015,0.00427200878039002
bhr,2016,0.00438775261864066
bhr,2017,0.00507709942758083
bhr,2018,0.00437743309885263
bhr,2019,0.00474113365635276
bhr,2020,0.00517466850578785
bhr,2021,0.00469580525532365
bhr,2022,0.0049168523401022
bhr,2023,0.0050737326964736
bhs,1974,0.000130787186208181
bhs,1975,0.000132022250909358
bhs,1976,0.000131956301629543
bhs,1977,0.000134075889945962
bhs,1978,0.000132097586174496
bhs,1979,0.000134621353936382
bhs,1980,0.000139616153319366
bhs,1981,0.000151334083057009
bhs,1982,0.000166316342074424
bhs,1983,0.00018229779379908
bhs,1984,0.000191807412193157
bhs,1985,0.000204858501092531
bhs,1986,0.000210439146030694
bhs,1987,0.000204770141863264
bhs,1988,0.000198335794266313
bhs,1989,0.000205079471925274
bhs,1990,0.000206136028282344
bhs,1991,0.000207966557354666
bhs,1992,0.000207189994398505
bhs,1993,0.000201266288058832
bhs,1994,0.000201807648409158
bhs,1995,0.000210217927815393
bhs,1996,0.000217075343243778
bhs,1997,0.0002413394395262
bhs,1998,0.000279138941550627
bhs,1999,0.000300305022392422
bhs,2000,0.000319367769407108
bhs,2001,0.000353407493093982
bhs,2002,0.000387306994525716
bhs,2003,0.00042656998266466
bhs,2004,0.000460861774627119
bhs,2005,0.00051257957238704
bhs,2006,0.000599147460889071
bhs,2007,0.000683644437231123
bhs,2008,0.000764092896133661
bhs,2009,0.000857838429510593
bhs,2010,0.000911511306185275
bhs,2011,0.000921260798349977
bhs,2012,0.000855303893331438
bhs,2013,0.000847525720018894
bhs,2014,0.000848446215968579
bhs,2015,0.000844386988319457
bhs,2016,0.00083334743976593
bhs,2017,0.000844876805786043
bhs,2018,0.00082816940266639
bhs,2019,0.000797344371676445
bhs,2020,0.000764506519772112
bhs,2021,0.000755114364437759
bhs,2022,0.000758643785957247
bhs,2023,0.000752811145503074
bih,1994,0.000260253058513626
bih,1995,0.000251385732553899
bih,1996,0.000325729022733867
bih,1997,0.000412011431762949
bih,1998,0.000491132377646864
bih,1999,0.000546739262063056
bih,2000,0.000585275876801461
bih,2001,0.000622442865278572
bih,2002,0.00068204163108021
bih,2003,0.000740590272471309
bih,2004,0.000783999741543084
bih,2005,0.000855735910590738
bih,2006,0.00102511502336711
bih,2007,0.00109074043575674
bih,2008,0.00125317776110023
bih,2009,0.00137967325281352
bih,2010,0.00155667949002236
bih,2011,0.00174924090970308
bih,2012,0.00178606284316629
bih,2013,0.00180122279562056
bih,2014,0.00175306410528719
bih,2015,0.00171770772431046
bih,2016,0.00162472133524716
bih,2017,0.00174014107324183
bih,2018,0.00184983492363244
bih,2019,0.00183276948519051
bih,2020,0.00181882991455495
bih,2021,0.00167430681176484
bih,2022,0.00172737101092935
bih,2023,0.00179818598553538
blr,1994,0.0116777075454593
blr,1995,0.0112186539918184
blr,1996,0.0108985407277942
blr,1997,0.0102758919820189
blr,1998,0.00939660705626011
blr,1999,0.00825899746268988
blr,2000,0.00715326704084873
blr,2001,0.00617741141468287
blr,2002,0.00555539503693581
blr,2003,0.00512876268476248
blr,2004,0.0048592472448945
blr,2005,0.00475293910130858
blr,2006,0.00481567811220884
blr,2007,0.00489216297864914
blr,2008,0.00509880483150482
blr,2009,0.00538331596180797
blr,2010,0.00572963617742062
blr,2011,0.00582903623580933
blr,2012,0.00573275377973914
blr,2013,0.00741840293630958
blr,2014,0.00689908396452665
blr,2015,0.00710506876930594
blr,2016,0.00687913922592998
blr,2017,0.00680207554250956
blr,2018,0.00820811558514834
blr,2019,0.0094975782558322
blr,2020,0.0108593925833702
blr,2021,0.0120389442890883
blr,2022,0.0120078129693866
blr,2023,0.0119155598804355
bmu,1986,7.32934568077326e-05
bmu,1987,7.39417155273259e-05
bmu,1988,7.79867841629311e-05
bmu,1989,7.96805979916826e-05
bmu,1990,7.95634841779247e-05
bmu,1991,7.74192449171096e-05
bmu,1992,7.49378305044957e-05
bmu,1993,7.20794123481028e-05
bmu,1994,6.97338400641456e-05
bmu,1995,6.63391911075451e-05
bmu,1996,6.4042120357044e-05
bmu,1997,6.27636618446559e-05
bmu,1998,6.64245817461051e-05
bmu,1999,6.97581781423651e-05
bmu,2000,7.47242374927737e-05
bmu,2001,8.1719146692194e-05
bmu,2002,8.96198544069193e-05
bmu,2003,9.43667619139887e-05
bmu,2004,0.000105523213278502
bmu,2005,0.000123001067549922
bmu,2006,0.000139394076541066
bmu,2007,0.000158931565238163
bmu,2008,0.000186554287211038
bmu,2009,0.000219855181057937
bmu,2010,0.000238713822909631
bmu,2011,0.000234445411479101
bmu,2012,0.000205824006116018
bmu,2013,0.000182548959855922
bmu,2014,0.000163956443429925
bmu,2015,0.00015081322635524
bmu,2016,0.000139043186209165
bmu,2017,0.000131720575154759
bmu,2018,0.000133760535391048
bmu,2019,0.00013275450328365
bmu,2020,0.000128801591927186
bmu,2021,0.000132596425828524
bmu,2022,0.000125979364383966
bmu,2023,0.000123290301417001
bol,1954,0.00101633206941187
bol,1955,0.00106410111766309
bol,1956,0.00108519976492971
bol,1957,0.00108759745489806
bol,1958,0.00108183652628213
bol,1959,0.00104872568044811
bol,1960,0.00104833545628935
bol,1961,0.00101955514401197
bol,1962,0.00104124052450061
bol,1963,0.00105321779847145
bol,1964,0.00104151736013591
bol,1965,0.00104167906101793
bol,1966,0.00104850332718343
bol,1967,0.00105080183129758
bol,1968,0.00103533174842596
bol,1969,0.00101519806776196
bol,1970,0.000994393951259553
bol,1971,0.00100006570573896
bol,1972,0.00101214204914868
bol,1973,0.00104972172994167
bol,1974,0.00102868978865445
bol,1975,0.00106249004602432
bol,1976,0.00108225259464234
bol,1977,0.00109705689828843
bol,1978,0.00115186534821987
bol,1979,0.00117482652422041
bol,1980,0.00113607686944306
bol,1981,0.00112388236448169
bol,1982,0.00106188200879842
bol,1983,0.00103628693614155
bol,1984,0.00100923771969974
bol,1985,0.000900874612852931
bol,1986,0.000847312912810594
bol,1987,0.000820509158074856
bol,1988,0.00081140297697857
bol,1989,0.000797344837337732
bol,1990,0.000800269132014364
bol,1991,0.000821884430479258
bol,1992,0.000850336160510778
bol,1993,0.000883127562701702
bol,1994,0.000887417758349329
bol,1995,0.000893283693585545
bol,1996,0.000917729921638966
bol,1997,0.000964289007242769
bol,1998,0.00101955246645957
bol,1999,0.00106307747773826
bol,2000,0.00110801460687071
bol,2001,0.00111954705789685
bol,2002,0.00119201373308897
bol,2003,0.00128197798039764
bol,2004,0.00135875237174332
bol,2005,0.00142833567224443
bol,2006,0.0014604328898713
bol,2007,0.00152260763570666
bol,2008,0.00161720265168697
bol,2009,0.0018066402990371
bol,2010,0.00198533409275115
bol,2011,0.00218523084186018
bol,2012,0.00222596945241094
bol,2013,0.00231356034055352
bol,2014,0.00246043689548969
bol,2015,0.00269310083240271
bol,2016,0.00280580599792302
bol,2017,0.00299745053052902
bol,2018,0.00343432370573282
bol,2019,0.00362647883594036
bol,2020,0.00367269548587501
bol,2021,0.00375305628404021
bol,2022,0.003821877297014
bol,2023,0.00387271889485419
bra,1954,0.0247844122350216
bra,1955,0.0250661633908749
bra,1956,0.0248898304998875
bra,1957,0.0254492461681366
bra,1958,0.0256873313337564
bra,1959,0.026342885568738
bra,1960,0.0266022589057684
bra,1961,0.0271637830883265
bra,1962,0.027289817109704
bra,1963,0.0274861659854651
bra,1964,0.0268465857952833
bra,1965,0.0270443670451641
bra,1966,0.0271161291748285
bra,1967,0.0269073005765677
bra,1968,0.0271558985114098
bra,1969,0.0285800360143185
bra,1970,0.0298812836408615
bra,1971,0.0315984226763248
bra,1972,0.0332548543810844
bra,1973,0.035400778055191
bra,1974,0.0374572426080704
bra,1975,0.0411288850009441
bra,1976,0.0436062999069691
bra,1977,0.044316690415144
bra,1978,0.0449654646217823
bra,1979,0.0462395697832108
bra,1980,0.0479180999100208
bra,1981,0.0505284667015076
bra,1982,0.0533096641302109
bra,1983,0.0556087344884872
bra,1984,0.0561774745583534
bra,1985,0.0578381158411503
bra,1986,0.0608753152191639
bra,1987,0.0630484819412231
bra,1988,0.0655728578567505
bra,1989,0.0688373222947121
bra,1990,0.0722082331776619
bra,1991,0.0758967623114586
bra,1992,0.0793214812874794
bra,1993,0.0827395021915436
bra,1994,0.0855352580547333
bra,1995,0.0903447270393372
bra,1996,0.0922032222151756
bra,1997,0.0923421382904053
bra,1998,0.0912893712520599
bra,1999,0.088751994073391
bra,2000,0.0847822204232216
bra,2001,0.0829850509762764
bra,2002,0.0831154212355614
bra,2003,0.0833144187927246
bra,2004,0.0841324701905251
bra,2005,0.0865239948034287
bra,2006,0.0916265025734901
bra,2007,0.102372400462627
bra,2008,0.120529539883137
bra,2009,0.1445242613554
bra,2010,0.171972960233688
bra,2011,0.187675654888153
bra,2012,0.184102609753609
bra,2013,0.181905701756477
bra,2014,0.178628131747246
bra,2015,0.173924401402473
bra,2016,0.166115045547485
bra,2017,0.163589492440224
bra,2018,0.165378123521805
bra,2019,0.165633082389832
bra,2020,0.162042960524559
bra,2021,0.159703612327576
bra,2022,0.16331347823143
bra,2023,0.163424924015999
brb,1964,0.000109343840449583
brb,1965,0.00011023273691535
brb,1966,0.000110856526589487
brb,1967,0.00011203353642486
brb,1968,0.000115927941806149
brb,1969,0.00012027908815071
brb,1970,0.000127724721096456
brb,1971,0.000131533233798109
brb,1972,0.000132775079691783
brb,1973,0.000133492081658915
brb,1974,0.000130593936773948
brb,1975,0.000134548710775562
brb,1976,0.000143374840263277
brb,1977,0.000145595229696482
brb,1978,0.00014756852760911
brb,1979,0.000150629464769736
brb,1980,0.000148960636579432
brb,1981,0.000156952315592207
brb,1982,0.000161604388267733
brb,1983,0.000164274810231291
brb,1984,0.000162003067089245
brb,1985,0.000159396673552692
brb,1986,0.000154576715431176
brb,1987,0.000143767989357002
brb,1988,0.000133872992591932
brb,1989,0.000126439845189452
brb,1990,0.000119813223136589
brb,1991,0.000113562127808109
brb,1992,0.000104840539279394
brb,1993,9.90565094980411e-05
brb,1994,9.55780997173861e-05
brb,1995,9.73816349869594e-05
brb,1996,9.82005658443086e-05
brb,1997,0.000104422455478925
brb,1998,0.000115839684440289
brb,1999,0.000124494006740861
brb,2000,0.00012822452117689
brb,2001,0.000134969406644814
brb,2002,0.000152341890498064
brb,2003,0.000170556566445157
brb,2004,0.000181064082426019
brb,2005,0.000196355846128427
brb,2006,0.000221415626583621
brb,2007,0.000238452645135112
brb,2008,0.000264497997704893
brb,2009,0.000290018535451964
brb,2010,0.000307798705762252
brb,2011,0.00031266623409465
brb,2012,0.000300120678730309
brb,2013,0.000304574146866798
brb,2014,0.000296517595415935
brb,2015,0.000293184275506064
brb,2016,0.000293293065624312
brb,2017,0.000279720610706136
brb,2018,0.000267649505985901
brb,2019,0.000250432116445154
brb,2020,0.000245641334913671
brb,2021,0.000233226310228929
brb,2022,0.000237543834373355
brb,2023,0.000238460197579116
bwa,1964,4.25406033173204e-05
bwa,1965,4.06941726396326e-05
bwa,1966,4.11647743021604e-05
bwa,1967,4.40560579590965e-05
bwa,1968,4.97946566611063e-05
bwa,1969,5.18669730809052e-05
bwa,1970,6.13945667282678e-05
bwa,1971,8.19022679934278e-05
bwa,1972,0.00010482789366506
bwa,1973,0.00012421548308339
bwa,1974,0.000135928159579635
bwa,1975,0.000143570214277133
bwa,1976,0.000145972167956643
bwa,1977,0.000144685021950863
bwa,1978,0.000142500939546153
bwa,1979,0.000147175203892402
bwa,1980,0.000154101799125783
bwa,1981,0.000167235339176841
bwa,1982,0.000179936076165177
bwa,1983,0.000191787985386327
bwa,1984,0.00019924488151446
bwa,1985,0.000212287981412373
bwa,1986,0.000226271513383836
bwa,1987,0.000237690284848213
bwa,1988,0.000257930747466162
bwa,1989,0.000310389528749511
bwa,1990,0.000369371642591432
bwa,1991,0.000424671015935019
bwa,1992,0.000471252074930817
bwa,1993,0.000519449065905064
bwa,1994,0.000557715946342796
bwa,1995,0.000594171578995884
bwa,1996,0.000613359559793025
bwa,1997,0.000641088641714305
bwa,1998,0.000682799436617643
bwa,1999,0.00071667943848297
bwa,2000,0.000741571595426649
bwa,2001,0.000788624747656286
bwa,2002,0.000858490646351129
bwa,2003,0.000905943103134632
bwa,2004,0.000926815380807966
bwa,2005,0.000944104336667806
bwa,2006,0.000970023684203625
bwa,2007,0.0010537204798311
bwa,2008,0.00118266779463738
bwa,2009,0.00133287732023746
bwa,2010,0.00147570401895791
bwa,2011,0.00157770328223705
bwa,2012,0.00151899247430265
bwa,2013,0.00144640309736133
bwa,2014,0.00143043696880341
bwa,2015,0.0013883396750316
bwa,2016,0.00135756749659777
bwa,2017,0.00133388640824705
bwa,2018,0.00135067664086819
bwa,2019,0.00136326579377055
bwa,2020,0.00132504245266318
bwa,2021,0.00144020013976842
bwa,2022,0.00149364664684981
bwa,2023,0.00152416888158768
caf,1980,0.000234287057537586
caf,1981,0.000232103280723095
caf,1982,0.000225051044253632
caf,1983,0.000225184325245209
caf,1984,0.000217391978367232
caf,1985,0.000217341643292457
caf,1986,0.000214412488276139
caf,1987,0.000208367520826869
caf,1988,0.000202132418053225
caf,1989,0.000199117173906416
caf,1990,0.000199518370209262
caf,1991,0.000199351401533932
caf,1992,0.000199296904611401
caf,1993,0.00019689516921062
caf,1994,0.000193787505850196
caf,1995,0.000194355437997729
caf,1996,0.000183332187589258
caf,1997,0.000174636312294751
caf,1998,0.000166113983141258
caf,1999,0.000163408592925407
caf,2000,0.000155063884449191
caf,2001,0.000149148851050995
caf,2002,0.000147434824611992
caf,2003,0.000141467404318973
caf,2004,0.000136735339765437
caf,2005,0.000135753856739029
caf,2006,0.000137234266730957
caf,2007,0.000149296130985022
caf,2008,0.000170875617186539
caf,2009,0.000204893935006112
caf,2010,0.000253365898970515
caf,2011,0.000289897056063637
caf,2012,0.000291727686999366
caf,2013,0.000294806697638705
caf,2014,0.000315222656354308
caf,2015,0.000325264147249982
caf,2016,0.000333736243192107
caf,2017,0.000379839504603297
caf,2018,0.000390391971450299
caf,2019,0.00040028037619777
caf,2020,0.000414660782553256
caf,2021,0.000434521673014388
caf,2022,0.000439979805378243
caf,2023,0.000437653798144311
can,1954,0.0657095909118652
can,1955,0.065549835562706
can,1956,0.0677554830908775
can,1957,0.0694824829697609
can,1958,0.0694806352257729
can,1959,0.0696767643094063
can,1960,0.0698481872677803
can,1961,0.0694262385368347
can,1962,0.0691195502877235
can,1963,0.0688104182481766
can,1964,0.0672260224819183
can,1965,0.0692025125026703
can,1966,0.0707972943782806
can,1967,0.0714880377054215
can,1968,0.0707099512219429
can,1969,0.0716588199138641
can,1970,0.0720008239150047
can,1971,0.0745602175593376
can,1972,0.0772138237953186
can,1973,0.0778403133153915
can,1974,0.077629454433918
can,1975,0.0796654671430588
can,1976,0.082321435213089
can,1977,0.0823523253202438
can,1978,0.0808141008019447
can,1979,0.080079697072506
can,1980,0.0790388658642769
can,1981,0.0833747461438179
can,1982,0.0874631404876709
can,1983,0.0872647911310196
can,1984,0.0863619744777679
can,1985,0.0875722542405129
can,1986,0.0894225537776947
can,1987,0.0887913256883621
can,1988,0.0906964987516403
can,1989,0.0934177041053772
can,1990,0.0963651910424233
can,1991,0.0992919653654099
can,1992,0.101297691464424
can,1993,0.100640788674355
can,1994,0.100088395178318
can,1995,0.0999079123139381
can,1996,0.0992875397205353
can,1997,0.0970734432339668
can,1998,0.0966096892952919
can,1999,0.0936295092105866
can,2000,0.0860495492815971
can,2001,0.0822295397520065
can,2002,0.0796240344643593
can,2003,0.0800491124391556
can,2004,0.080446295440197
can,2005,0.0816551223397255
can,2006,0.0845384374260902
can,2007,0.0870254337787628
can,2008,0.088340125977993
can,2009,0.0956124812364578
can,2010,0.0989233031868935
can,2011,0.101403877139091
can,2012,0.103179909288883
can,2013,0.113725624978542
can,2014,0.11031100153923
can,2015,0.107895828783512
can,2016,0.10638901591301
can,2017,0.104423478245735
can,2018,0.104529216885567
can,2019,0.106005512177944
can,2020,0.101829163730145
can,2021,0.104211166501045
can,2022,0.105628564953804
can,2023,0.107101872563362
che,1954,0.0316354222595692
che,1955,0.0311795510351658
che,1956,0.0316377095878124
che,1957,0.0327365323901176
che,1958,0.0334152989089489
che,1959,0.0326862148940563
che,1960,0.0334507115185261
che,1961,0.0354094915091991
che,1962,0.0378924757242203
che,1963,0.038298737257719
che,1964,0.0388676524162293
che,1965,0.0380077622830868
che,1966,0.0368661917746067
che,1967,0.035964198410511
che,1968,0.03589728474617
che,1969,0.0357318446040154
che,1970,0.0380191318690777
che,1971,0.0398879051208496
che,1972,0.0411742962896824
che,1973,0.0404753834009171
che,1974,0.0384698659181595
che,1975,0.0375412292778492
che,1976,0.0359779894351959
che,1977,0.034686490893364
che,1978,0.0342557169497013
che,1979,0.0307112075388432
che,1980,0.029388913884759
che,1981,0.0306403134018183
che,1982,0.03115020878613
che,1983,0.0302578117698431
che,1984,0.0318888686597347
che,1985,0.0363382361829281
che,1986,0.0373120717704296
che,1987,0.0373168438673019
che,1988,0.0379430875182152
che,1989,0.0394815169274807
che,1990,0.0393726080656052
che,1991,0.0395111925899982
che,1992,0.0385745763778687
che,1993,0.0381631292402744
che,1994,0.037339199334383
che,1995,0.0365956053137779
che,1996,0.0367377772927284
che,1997,0.0352995917201042
che,1998,0.0344093292951584
che,1999,0.0330681800842285
che,2000,0.0296602174639702
che,2001,0.0283016413450241
che,2002,0.0272994581609964
che,2003,0.0273390170186758
che,2004,0.0259410832077265
che,2005,0.0292665008455515
che,2006,0.0326570235192776
che,2007,0.0344536378979683
che,2008,0.0374908596277237
che,2009,0.044489074498415
che,2010,0.0412260480225086
che,2011,0.0474587306380272
che,2012,0.0450200289487839
che,2013,0.0411169417202473
che,2014,0.043194942176342
che,2015,0.0457291826605797
che,2016,0.0462310314178467
che,2017,0.0491736866533756
che,2018,0.0461835488677025
che,2019,0.047235582023859
che,2020,0.0531093068420887
che,2021,0.0480257831513882
che,2022,0.0477463789284229
che,2023,0.0481164865195751
chl,1955,0.00604290375486016
chl,1956,0.00591809069737792
chl,1957,0.00573257589712739
chl,1958,0.00560487015172839
chl,1959,0.00543046928942204
chl,1960,0.00528534315526485
chl,1961,0.00518013350665569
chl,1962,0.00508769368752837
chl,1963,0.00500846328213811
chl,1964,0.00492097903043032
chl,1965,0.00489236833527684
chl,1966,0.00504469033330679
chl,1967,0.0050766677595675
chl,1968,0.00514789717271924
chl,1969,0.00527027063071728
chl,1970,0.00540842767804861
chl,1971,0.00543005159124732
chl,1972,0.00531957997009158
chl,1973,0.005433214828372
chl,1974,0.00565944844856858
chl,1975,0.00572865875437856
chl,1976,0.00566394673660398
chl,1977,0.00573154585435987
chl,1978,0.00563891557976604
chl,1979,0.00553683843463659
chl,1980,0.00558129884302616
chl,1981,0.00598388211801648
chl,1982,0.00605636741966009
chl,1983,0.00602837186306715
chl,1984,0.00611864542588592
chl,1985,0.00607988983392715
chl,1986,0.00601671822369099
chl,1987,0.00595961697399616
chl,1988,0.00610909331589937
chl,1989,0.00639997748658061
chl,1990,0.00677882926538587
chl,1991,0.00726430537179112
chl,1992,0.00790029019117355
chl,1993,0.00840036571025848
chl,1994,0.00891513004899025
chl,1995,0.00950169190764427
chl,1996,0.00991228595376015
chl,1997,0.0099669462069869
chl,1998,0.00975681189447641
chl,1999,0.00918783433735371
chl,2000,0.00859186705201864
chl,2001,0.0080728018656373
chl,2002,0.00784038472920656
chl,2003,0.00782707799226046
chl,2004,0.00792933255434036
chl,2005,0.00827632006257772
chl,2006,0.00855602044612169
chl,2007,0.00919552333652973
chl,2008,0.0102546820417047
chl,2009,0.0109288319945335
chl,2010,0.0121557945385575
chl,2011,0.0130155980587006
chl,2012,0.0133986156433821
chl,2013,0.0139335738494992
chl,2014,0.013602796010673
chl,2015,0.0139042856171727
chl,2016,0.0137086380273104
chl,2017,0.0143719734624028
chl,2018,0.0136518413200974
chl,2019,0.012844642624259
chl,2020,0.0113703813403845
chl,2021,0.0114360013976693
chl,2022,0.011958971619606
chl,2023,0.011924521997571
chn,1956,0.034654576331377
chn,1957,0.0357851274311543
chn,1958,0.0386933237314224
chn,1959,0.043105062097311
chn,1960,0.0462099723517895
chn,1961,0.0446671694517136
chn,1962,0.0418925397098064
chn,1963,0.0403076410293579
chn,1964,0.0384494476020336
chn,1965,0.0388370640575886
chn,1966,0.0397322438657284
chn,1967,0.0392722077667713
chn,1968,0.0387348309159279
chn,1969,0.0388408489525318
chn,1970,0.0406995788216591
chn,1971,0.0439217165112495
chn,1972,0.0470274575054646
chn,1973,0.0504298694431782
chn,1974,0.053574662655592
chn,1975,0.0599559992551804
chn,1976,0.0652268901467323
chn,1977,0.0701092779636383
chn,1978,0.0753991976380348
chn,1979,0.0811032429337502
chn,1980,0.0851154550909996
chn,1981,0.0903562158346176
chn,1982,0.0963019207119942
chn,1983,0.102332018315792
chn,1984,0.105707488954067
chn,1985,0.110577531158924
chn,1986,0.114311411976814
chn,1987,0.117052853107452
chn,1988,0.121633321046829
chn,1989,0.123071402311325
chn,1990,0.123932264745235
chn,1991,0.12765796482563
chn,1992,0.134866029024124
chn,1993,0.147067680954933
chn,1994,0.158171027898788
chn,1995,0.168695613741875
chn,1996,0.180010885000229
chn,1997,0.189682826399803
chn,1998,0.202819988131523
chn,1999,0.216113150119782
chn,2000,0.224343553185463
chn,2001,0.239293083548546
chn,2002,0.266284227371216
chn,2003,0.297589838504791
chn,2004,0.331326842308044
chn,2005,0.372845619916916
chn,2006,0.417782783508301
chn,2007,0.472399264574051
chn,2008,0.5474893450737
chn,2009,0.659750044345856
chn,2010,0.783228158950806
chn,2011,0.874945998191834
chn,2012,0.924400091171265
chn,2013,0.971490263938904
chn,2014,0.999732136726379
chn,2015,1.02047407627106
chn,2016,1.05467128753662
chn,2017,1.08872199058533
chn,2018,1.17528462409973
chn,2019,1.24563634395599
chn,2020,1.26663625240326
chn,2021,1.37489640712738
chn,2022,1.47330665588379
chn,2023,1.54798007011414
civ,1964,0.000310170842567459
civ,1965,0.00034963313373737
civ,1966,0.000381541001843289
civ,1967,0.000404594902647659
civ,1968,0.000418853014707565
civ,1969,0.000447319878730923
civ,1970,0.000493318191729486
civ,1971,0.000534745864570141
civ,1972,0.000560160493478179
civ,1973,0.000597807229496539
civ,1974,0.000612738716881722
civ,1975,0.000656136951874942
civ,1976,0.000697497569490224
civ,1977,0.000770400685723871
civ,1978,0.000856831087730825
civ,1979,0.000916377000976354
civ,1980,0.000921874889172614
civ,1981,0.000944738218095154
civ,1982,0.00098106823861599
civ,1983,0.00104813906364143
civ,1984,0.00109907425940037
civ,1985,0.00115047104191035
civ,1986,0.00117404793854803
civ,1987,0.00118400878272951
civ,1988,0.00120851153042167
civ,1989,0.00126516819000244
civ,1990,0.00131371594034135
civ,1991,0.00136580190155655
civ,1992,0.0014325485099107
civ,1993,0.00149434851482511
civ,1994,0.00150742032565176
civ,1995,0.00154884462244809
civ,1996,0.00156843697186559
civ,1997,0.00146829569712281
civ,1998,0.00129049911629409
civ,1999,0.00111153034958988
civ,2000,0.000921606842894107
civ,2001,0.000780064961872995
civ,2002,0.000708531879354268
civ,2003,0.000646284956019372
civ,2004,0.000607674766797572
civ,2005,0.000594666867982596
civ,2006,0.000613266427535564
civ,2007,0.000700116797816008
civ,2008,0.000853768549859524
civ,2009,0.00112729868851602
civ,2010,0.00158988055773079
civ,2011,0.00193787913303822
civ,2012,0.00202571228146553
civ,2013,0.00202913908287883
civ,2014,0.00225587841123343
civ,2015,0.00247719092294574
civ,2016,0.00254475953988731
civ,2017,0.00273835798725486
civ,2018,0.00298700970597565
civ,2019,0.00327939074486494
civ,2020,0.00306278024800122
civ,2021,0.00325713609345257
civ,2022,0.00358838029205799
civ,2023,0.00385712110437453
cmr,1964,0.000677627860568464
cmr,1965,0.000720931508112699
cmr,1966,0.000764475262258202
cmr,1967,0.000797338725533336
cmr,1968,0.000813849561382085
cmr,1969,0.000813297578133643
cmr,1970,0.000870583520736545
cmr,1971,0.000923149462323636
cmr,1972,0.000930005160626024
cmr,1973,0.00093376322183758
cmr,1974,0.000945459818467498
cmr,1975,0.00100284384097904
cmr,1976,0.00105067354161292
cmr,1977,0.00110310700256377
cmr,1978,0.001188495894894
cmr,1979,0.00127867248374969
cmr,1980,0.00132752431090921
cmr,1981,0.00132685503922403
cmr,1982,0.00127215578686446
cmr,1983,0.00124487048014998
cmr,1984,0.00124720414169133
cmr,1985,0.00129069748800248
cmr,1986,0.00134469382464886
cmr,1987,0.00138094997964799
cmr,1988,0.00143806962296367
cmr,1989,0.00148084247484803
cmr,1990,0.00154371384996921
cmr,1991,0.00160610117018223
cmr,1992,0.00160417403094471
cmr,1993,0.00165465194731951
cmr,1994,0.0017592686926946
cmr,1995,0.00178836239501834
cmr,1996,0.00182959588710219
cmr,1997,0.00185018545016646
cmr,1998,0.00183235271833837
cmr,1999,0.00177755474578589
cmr,2000,0.00170279177837074
cmr,2001,0.00169054209254682
cmr,2002,0.00172683398704976
cmr,2003,0.00173146231099963
cmr,2004,0.00175023369956762
cmr,2005,0.00180078053381294
cmr,2006,0.00184501288458705
cmr,2007,0.00194054818712175
cmr,2008,0.00209544179961085
cmr,2009,0.00226919236592948
cmr,2010,0.00243073143064976
cmr,2011,0.00257006078027189
cmr,2012,0.00246290769428015
cmr,2013,0.00238589686341584
cmr,2014,0.00237895757891238
cmr,2015,0.00236857077106833
cmr,2016,0.0024488961789757
cmr,2017,0.00258310325443745
cmr,2018,0.00263718701899052
cmr,2019,0.00262627238407731
cmr,2020,0.00259401835501194
cmr,2021,0.00269758398644626
cmr,2022,0.00282426062040031
cmr,2023,0.00289674662053585
col,1954,0.019324004650116
col,1955,0.0200560167431831
col,1956,0.0208565164357424
col,1957,0.0209901910275221
col,1958,0.0204152632504702
col,1959,0.0200859922915697
col,1960,0.0203100331127644
col,1961,0.0200489554554224
col,1962,0.0197383221238852
col,1963,0.0196372102946043
col,1964,0.0194495990872383
col,1965,0.0193938724696636
col,1966,0.0191357862204313
col,1967,0.0189670938998461
col,1968,0.0191822908818722
col,1969,0.0193457156419754
col,1970,0.019490959122777
col,1971,0.0199273545295
col,1972,0.0198393017053604
col,1973,0.019569668918848
col,1974,0.0189637709408999
col,1975,0.0190297923982143
col,1976,0.0185642186552286
col,1977,0.0176501087844372
col,1978,0.01680101826787
col,1979,0.0166194308549166
col,1980,0.016466561704874
col,1981,0.0171991232782602
col,1982,0.0181134287267923
col,1983,0.0189959071576595
col,1984,0.0191439259797335
col,1985,0.0190566647797823
col,1986,0.019126595929265
col,1987,0.0189868435263634
col,1988,0.0191464554518461
col,1989,0.0194005556404591
col,1990,0.0193623322993517
col,1991,0.0192199535667896
col,1992,0.0194067750126123
col,1993,0.0201005227863789
col,1994,0.0207109767943621
col,1995,0.0210461691021919
col,1996,0.0211153645068407
col,1997,0.0211384147405624
col,1998,0.0210135728120804
col,1999,0.0202031806111336
col,2000,0.0190092325210571
col,2001,0.0185103956609964
col,2002,0.0187536310404539
col,2003,0.0188663620501757
col,2004,0.0191529896110296
col,2005,0.0198949705809355
col,2006,0.0208078548312187
col,2007,0.0220206025987864
col,2008,0.023430148139596
col,2009,0.0250085666775703
col,2010,0.0265545379370451
col,2011,0.0276480969041586
col,2012,0.0266869533807039
col,2013,0.0257826540619135
col,2014,0.0258442740887404
col,2015,0.0249477997422218
col,2016,0.0226697772741318
col,2017,0.0235607288777828
col,2018,0.0251767504960299
col,2019,0.0267323013395071
col,2020,0.0272713601589203
col,2021,0.0269278902560473
col,2022,0.027653930708766
col,2023,0.0277778934687376
cpv,1980,0.000115370232379064
cpv,1981,0.000115862807433587
cpv,1982,0.000122358484077267
cpv,1983,0.000131809443701059
cpv,1984,0.000140522301080637
cpv,1985,0.000138302755658515
cpv,1986,0.000155072193592787
cpv,1987,0.000158778100740165
cpv,1988,0.000165315388585441
cpv,1989,0.000172028303495608
cpv,1990,0.000168388782185502
cpv,1991,0.000175292298081331
cpv,1992,0.000182487041456625
cpv,1993,0.000194457519683056
cpv,1994,0.000214189378311858
cpv,1995,0.000209614896448329
cpv,1996,0.000252359546720982
cpv,1997,0.000216192755033262
cpv,1998,0.000256480037933216
cpv,1999,0.00025379381258972
cpv,2000,0.00024166633374989
cpv,2001,0.000245653704041615
cpv,2002,0.000269146956270561
cpv,2003,0.000291017146082595
cpv,2004,0.000324695312883705
cpv,2005,0.000329612725181505
cpv,2006,0.000362086138920859
cpv,2007,0.000411980872740969
cpv,2008,0.000442168733570725
cpv,2009,0.000430679530836642
cpv,2010,0.000434974383097142
cpv,2011,0.00044905039248988
cpv,2012,0.000375536852516234
cpv,2013,0.000386697647627443
cpv,2014,0.000354844116372988
cpv,2015,0.000340100465109572
cpv,2016,0.000341082835802808
cpv,2017,0.00034220569068566
cpv,2018,0.000316312361974269
cpv,2019,0.000311618729028851
cpv,2020,0.000280039326753467
cpv,2021,0.000273716053925455
cpv,2022,0.000273974204901606
cpv,2023,0.000263233494479209
cri,1954,0.000704139354638755
cri,1955,0.000715092988684773
cri,1956,0.000727707287296653
cri,1957,0.000746033038012683
cri,1958,0.00073984864866361
cri,1959,0.000744325341656804
cri,1960,0.000751713872887194
cri,1961,0.000756473338697106
cri,1962,0.000763550924602896
cri,1963,0.000770614366047084
cri,1964,0.000740465126000345
cri,1965,0.000754083157517016
cri,1966,0.000762739451602101
cri,1967,0.000772447441704571
cri,1968,0.000772155355662108
cri,1969,0.000793997896835208
cri,1970,0.000821207650005817
cri,1971,0.000871697091497481
cri,1972,0.000908694870304316
cri,1973,0.00094140728469938
cri,1974,0.000952352595049888
cri,1975,0.000993684981949627
cri,1976,0.00105052685830742
cri,1977,0.00108912866562605
cri,1978,0.00114772282540798
cri,1979,0.00122528104111552
cri,1980,0.00119605066720396
cri,1981,0.00118425884284079
cri,1982,0.00115244637709111
cri,1983,0.00114928849507123
cri,1984,0.00113925512414426
cri,1985,0.00113997771404684
cri,1986,0.00113355577923357
cri,1987,0.00114519009366632
cri,1988,0.00114802620373666
cri,1989,0.00118133239448071
cri,1990,0.00122096890117973
cri,1991,0.00121891754679382
cri,1992,0.00127165101002902
cri,1993,0.00133254425600171
cri,1994,0.00138818460982293
cri,1995,0.00141756294760853
cri,1996,0.00142397650051862
cri,1997,0.00144795712549239
cri,1998,0.00153165846131742
cri,1999,0.00156754057388753
cri,2000,0.00154215272050351
cri,2001,0.00155895086936653
cri,2002,0.00162444647867233
cri,2003,0.0016785990446806
cri,2004,0.00173179933335632
cri,2005,0.0018127040239051
cri,2006,0.00189581140875816
cri,2007,0.00200085458345711
cri,2008,0.00214008498005569
cri,2009,0.00227712956257164
cri,2010,0.00243036705069244
cri,2011,0.00252442131750286
cri,2012,0.00255538430064917
cri,2013,0.00257595418952405
cri,2014,0.00256861466914415
cri,2015,0.00257726921699941
cri,2016,0.00239870860241354
cri,2017,0.00254463194869459
cri,2018,0.00297181447967887
cri,2019,0.00342866871505976
cri,2020,0.00372466142289341
cri,2021,0.0036549826618284
cri,2022,0.00376783637329936
cri,2023,0.00381882884539664
cym,1991,6.47829365334474e-05
cym,1992,6.89248918206431e-05
cym,1993,7.29860257706605e-05
cym,1994,7.4582094384823e-05
cym,1995,7.84915391704999e-05
cym,1996,8.14644226920791e-05
cym,1997,8.4135404904373e-05
cym,1998,9.27444343687967e-05
cym,1999,9.8261923994869e-05
cym,2000,0.000100020428362768
cym,2001,0.000103847138234414
cym,2002,0.000109855973278172
cym,2003,0.000115952003397979
cym,2004,0.000121126628073398
cym,2005,0.000127348321257159
cym,2006,0.000132593006128445
cym,2007,0.000136687609483488
cym,2008,0.000143638389999978
cym,2009,0.000150161125930026
cym,2010,0.000157528440468013
cym,2011,0.000160698924446478
cym,2012,0.000159221177455038
cym,2013,0.000157838643644936
cym,2014,0.000153992950799875
cym,2015,0.000152578213601373
cym,2016,0.00014822676894255
cym,2017,0.000147282553371042
cym,2018,0.00015352715854533
cym,2019,0.000159031522343867
cym,2020,0.000168653903529048
cym,2021,0.000180059098056518
cym,2022,0.000188969672308303
cym,2023,0.000194521737284958
cyp,1954,0.0014345544623211
cyp,1955,0.00154376425780356
cyp,1956,0.00161889183800668
cyp,1957,0.00168582634069026
cyp,1958,0.00163337914273143
cyp,1959,0.00157605647109449
cyp,1960,0.00151362747419626
cyp,1961,0.00146855716593564
cyp,1962,0.0014885189011693
cyp,1963,0.00146946497261524
cyp,1964,0.00138204847462475
cyp,1965,0.00137272698339075
cyp,1966,0.00134089216589928
cyp,1967,0.0013332252856344
cyp,1968,0.00133759970776737
cyp,1969,0.00135171669535339
cyp,1970,0.00137189112138003
cyp,1971,0.00138651649467647
cyp,1972,0.00139831868000329
cyp,1973,0.0013789510121569
cyp,1974,0.00127118756063283
cyp,1975,0.00119015155360103
cyp,1976,0.0011423280229792
cyp,1977,0.00116235646419227
cyp,1978,0.00115895224735141
cyp,1979,0.00118658121209592
cyp,1980,0.00119389616884291
cyp,1981,0.00124062888789922
cyp,1982,0.00131274503655732
cyp,1983,0.00137057085521519
cyp,1984,0.00143868592567742
cyp,1985,0.00145780085586011
cyp,1986,0.00143453979399055
cyp,1987,0.00141812791116536
cyp,1988,0.00143561360891908
cyp,1989,0.00150469993241131
cyp,1990,0.00155327375978231
cyp,1991,0.00157655542716384
cyp,1992,0.00163443002384156
cyp,1993,0.00163823855109513
cyp,1994,0.00161277619190514
cyp,1995,0.00158633198589087
cyp,1996,0.00155187130440027
cyp,1997,0.00152025441639125
cyp,1998,0.00145760842133313
cyp,1999,0.00143161218147725
cyp,2000,0.00136614392977208
cyp,2001,0.00131776079069823
cyp,2002,0.00128931552171707
cyp,2003,0.00116314203478396
cyp,2004,0.00123331928625703
cyp,2005,0.00131490000057966
cyp,2006,0.00143553013913333
cyp,2007,0.00151517754420638
cyp,2008,0.00165751890745014
cyp,2009,0.00181223463732749
cyp,2010,0.00207167631015182
cyp,2011,0.0020493739284575
cyp,2012,0.00217283284291625
cyp,2013,0.0021446340251714
cyp,2014,0.00189265096560121
cyp,2015,0.00196122843772173
cyp,2016,0.00193949765525758
cyp,2017,0.00202376302331686
cyp,2018,0.00209858524613082
cyp,2019,0.00213653594255447
cyp,2020,0.00201506586745381
cyp,2021,0.00199686083942652
cyp,2022,0.00205755070783198
cyp,2023,0.00209619663655758
cze,1994,0.0161922387778759
cze,1995,0.0168308634310961
cze,1996,0.0208713281899691
cze,1997,0.02266282774508
cze,1998,0.0235451776534319
cze,1999,0.022545600309968
cze,2000,0.0208299700170755
cze,2001,0.0194747596979141
cze,2002,0.0190375503152609
cze,2003,0.0200729891657829
cze,2004,0.0201707184314728
cze,2005,0.0203770268708468
cze,2006,0.0215559024363756
cze,2007,0.0226975698024035
cze,2008,0.0240057650953531
cze,2009,0.0252968482673168
cze,2010,0.0252386629581451
cze,2011,0.0271355342119932
cze,2012,0.0266216155141592
cze,2013,0.0266332048922777
cze,2014,0.0259437020868063
cze,2015,0.026300510391593
cze,2016,0.0270560216158628
cze,2017,0.0282319858670235
cze,2018,0.0294538699090481
cze,2019,0.0304077714681625
cze,2020,0.0302016269415617
cze,2021,0.0289892610162497
cze,2022,0.0296771768480539
cze,2023,0.0297391898930073
deu,1954,0.167720898985863
deu,1955,0.179356038570404
deu,1956,0.188770055770874
deu,1957,0.196976155042648
deu,1958,0.203517988324165
deu,1959,0.210615068674088
deu,1960,0.221542060375214
deu,1961,0.231099963188171
deu,1962,0.239521324634552
deu,1963,0.24472188949585
deu,1964,0.246626749634743
deu,1965,0.252918303012848
deu,1966,0.254663944244385
deu,1967,0.251127302646637
deu,1968,0.250854581594467
deu,1969,0.255341827869415
deu,1970,0.264130115509033
deu,1971,0.267632305622101
deu,1972,0.260474771261215
deu,1973,0.250866204500198
deu,1974,0.23701748251915
deu,1975,0.235525041818619
deu,1976,0.236349239945412
deu,1977,0.238271430134773
deu,1978,0.2396080493927
deu,1979,0.243276178836823
deu,1980,0.24076047539711
deu,1981,0.240679800510407
deu,1982,0.235621750354767
deu,1983,0.230708181858063
deu,1984,0.220127895474434
deu,1985,0.217375814914703
deu,1986,0.217842876911163
deu,1987,0.218473702669144
deu,1988,0.221254497766495
deu,1989,0.228755831718445
deu,1990,0.238399982452393
deu,1991,0.251255303621292
deu,1992,0.259862840175629
deu,1993,0.264691472053528
deu,1994,0.264268457889557
deu,1995,0.259086132049561
deu,1996,0.254174768924713
deu,1997,0.240401044487953
deu,1998,0.227577447891235
deu,1999,0.216492131352425
deu,2000,0.203934699296951
deu,2001,0.191759780049324
deu,2002,0.183970168232918
deu,2003,0.186374828219414
deu,2004,0.185774371027946
deu,2005,0.187525138258934
deu,2006,0.19633187353611
deu,2007,0.204617887735367
deu,2008,0.215199619531631
deu,2009,0.227508917450905
deu,2010,0.23731629550457
deu,2011,0.242774665355682
deu,2012,0.238457262516022
deu,2013,0.232140854001045
deu,2014,0.22919163107872
deu,2015,0.227810591459274
deu,2016,0.227272972464561
deu,2017,0.230011746287346
deu,2018,0.231263309717178
deu,2019,0.230812355875969
deu,2020,0.224380537867546
deu,2021,0.217752560973167
deu,2022,0.218581184744835
deu,2023,0.215762987732887
dji,1980,1.87163368536858e-05
dji,1981,1.91718572750688e-05
dji,1982,2.1754074623459e-05
dji,1983,2.44329330598703e-05
dji,1984,2.62941321125254e-05
dji,1985,2.71629596682033e-05
dji,1986,2.68155017693061e-05
dji,1987,2.66499009740073e-05
dji,1988,2.6894333132077e-05
dji,1989,2.69053998636082e-05
dji,1990,2.74367466772674e-05
dji,1991,2.90667721856153e-05
dji,1992,3.0850016628392e-05
dji,1993,3.3208605600521e-05
dji,1994,3.33844945998862e-05
dji,1995,3.38330282829702e-05
dji,1996,3.34592768922448e-05
dji,1997,3.38242862198968e-05
dji,1998,3.46354136127047e-05
dji,1999,3.24616376019549e-05
dji,2000,3.0929299100535e-05
dji,2001,3.07453301502392e-05
dji,2002,3.24255743180402e-05
dji,2003,3.66670101357158e-05
dji,2004,3.93761220038869e-05
dji,2005,4.50422994617838e-05
dji,2006,5.83697328693233e-05
dji,2007,7.55654982640408e-05
dji,2008,8.90374358277768e-05
dji,2009,0.000105470127891749
dji,2010,0.000121746554214042
dji,2011,0.000139310766826384
dji,2012,0.000154309716890566
dji,2013,0.000108519700006582
dji,2014,0.000114080634375568
dji,2015,0.000123541205539368
dji,2016,0.000123400503071025
dji,2017,0.000128580679302104
dji,2018,0.00014655313862022
dji,2019,0.000166050129337236
dji,2020,0.000179035938344896
dji,2021,0.000200354610569775
dji,2022,0.000213517312658951
dji,2023,0.000222580318222754
dnk,1954,0.0151557764038444
dnk,1955,0.0148014491423965
dnk,1956,0.0145589476451278
dnk,1957,0.0144601128995419
dnk,1958,0.0141572104766965
dnk,1959,0.0141457915306091
dnk,1960,0.0144540295004845
dnk,1961,0.014694644138217
dnk,1962,0.0149847064167261
dnk,1963,0.0149307893589139
dnk,1964,0.0148391397669911
dnk,1965,0.0151371667161584
dnk,1966,0.0151660228148103
dnk,1967,0.015167367644608
dnk,1968,0.0152725866064429
dnk,1969,0.0155663033947349
dnk,1970,0.0158645827323198
dnk,1971,0.0161105841398239
dnk,1972,0.0161824133247137
dnk,1973,0.0162904784083366
dnk,1974,0.0160329286009073
dnk,1975,0.0162091627717018
dnk,1976,0.0162817258387804
dnk,1977,0.0161138605326414
dnk,1978,0.015683626756072
dnk,1979,0.0153456758707762
dnk,1980,0.0146842449903488
dnk,1981,0.0142665738239884
dnk,1982,0.0139742810279131
dnk,1983,0.0137857310473919
dnk,1984,0.013318607583642
dnk,1985,0.0132928136736155
dnk,1986,0.0136343482881784
dnk,1987,0.0138476835563779
dnk,1988,0.0140250390395522
dnk,1989,0.0144015904515982
dnk,1990,0.0148830404505134
dnk,1991,0.0152704184874892
dnk,1992,0.0154192196205258
dnk,1993,0.0156646445393562
dnk,1994,0.0156156634911895
dnk,1995,0.01567193120718
dnk,1996,0.0155765535309911
dnk,1997,0.0151298744603992
dnk,1998,0.0148013923317194
dnk,1999,0.0141101907938719
dnk,2000,0.0131061784923077
dnk,2001,0.0131357526406646
dnk,2002,0.0128922900184989
dnk,2003,0.0132950507104397
dnk,2004,0.0138127412647009
dnk,2005,0.0140406833961606
dnk,2006,0.0148783922195435
dnk,2007,0.0153840919956565
dnk,2008,0.0167641025036573
dnk,2009,0.0184189584106207
dnk,2010,0.0199862308800221
dnk,2011,0.0203184522688389
dnk,2012,0.0199918337166309
dnk,2013,0.0196741111576557
dnk,2014,0.0187453795224428
dnk,2015,0.0187402293086052
dnk,2016,0.019562279805541
dnk,2017,0.0203079376369715
dnk,2018,0.021032489836216
dnk,2019,0.0213089734315872
dnk,2020,0.0213330183178186
dnk,2021,0.0207523815333843
dnk,2022,0.0211314968764782
dnk,2023,0.0216284859925509
dom,1955,0.00111550674773753
dom,1956,0.00121958064846694
dom,1957,0.00122280686628073
dom,1958,0.00114677322562784
dom,1959,0.00117193255573511
dom,1960,0.0011972482316196
dom,1961,0.00102962204255164
dom,1962,0.000975054339505732
dom,1963,0.00109837343916297
dom,1964,0.00102701573632658
dom,1965,0.000886934343725443
dom,1966,0.000911691633518785
dom,1967,0.000937076518312097
dom,1968,0.000912554562091827
dom,1969,0.000866796530317515
dom,1970,0.000974222493823618
dom,1971,0.000995064154267311
dom,1972,0.0010339462896809
dom,1973,0.00111758522689343
dom,1974,0.00115954806096852
dom,1975,0.00125930155627429
dom,1976,0.00135700101964176
dom,1977,0.00139674043748528
dom,1978,0.00138065568171442
dom,1979,0.00143380754161626
dom,1980,0.00149985833559185
dom,1981,0.00158694956917316
dom,1982,0.00160871422849596
dom,1983,0.00120801304001361
dom,1984,0.00159423728473485
dom,1985,0.00139173539355397
dom,1986,0.00156087847426534
dom,1987,0.00170929706655443
dom,1988,0.00156799890100956
dom,1989,0.00175759580451995
dom,1990,0.00184461253229529
dom,1991,0.00185936223715544
dom,1992,0.000903438194654882
dom,1993,0.000992913614027202
dom,1994,0.00113276834599674
dom,1995,0.00190114520955831
dom,1996,0.00205641565844417
dom,1997,0.00231921602971852
dom,1998,0.00266500213183463
dom,1999,0.00273042684420943
dom,2000,0.00299910036846995
dom,2001,0.00314470147714019
dom,2002,0.00334969046525657
dom,2003,0.00350265670567751
dom,2004,0.00358642032369971
dom,2005,0.00382199627347291
dom,2006,0.00410635955631733
dom,2007,0.00430637691169977
dom,2008,0.00473346374928951
dom,2009,0.00509330257773399
dom,2010,0.00525705702602863
dom,2011,0.00551304686814547
dom,2012,0.00559187913313508
dom,2013,0.00552131235599518
dom,2014,0.00572108989581466
dom,2015,0.00632373429834843
dom,2016,0.00687498738989234
dom,2017,0.0073548941873014
dom,2018,0.00786784011870623
dom,2019,0.00857023987919092
dom,2020,0.00885704997926951
dom,2021,0.00954988040030003
dom,2022,0.0101252049207687
dom,2023,0.0105001023039222
ecu,1954,0.00275135575793684
ecu,1955,0.00288429018110037
ecu,1956,0.0029788576066494
ecu,1957,0.00302993273362517
ecu,1958,0.00303943874314427
ecu,1959,0.00307756522670388
ecu,1960,0.00313144829124212
ecu,1961,0.00315054808743298
ecu,1962,0.00312760449014604
ecu,1963,0.00310285505838692
ecu,1964,0.00305587355978787
ecu,1965,0.00301916943863034
ecu,1966,0.00299194524995983
ecu,1967,0.00301545578986406
ecu,1968,0.00304135074838996
ecu,1969,0.00302834995090961
ecu,1970,0.00299922958947718
ecu,1971,0.00310121942311525
ecu,1972,0.00316658290103078
ecu,1973,0.00318542774766684
ecu,1974,0.00318026565946639
ecu,1975,0.00337773747742176
ecu,1976,0.00352444057352841
ecu,1977,0.00369369797408581
ecu,1978,0.00381567981094122
ecu,1979,0.00390983745455742
ecu,1980,0.00385435950011015
ecu,1981,0.00401130924001336
ecu,1982,0.0042368988506496
ecu,1983,0.00431162351742387
ecu,1984,0.00422750506550074
ecu,1985,0.00421513291075826
ecu,1986,0.00425786664709449
ecu,1987,0.00415366888046265
ecu,1988,0.00402683159336448
ecu,1989,0.00392577797174454
ecu,1990,0.00384660460986197
ecu,1991,0.00379693484865129
ecu,1992,0.0037994054146111
ecu,1993,0.00381735758855939
ecu,1994,0.00384355965070426
ecu,1995,0.00382283120416105
ecu,1996,0.00378645886667073
ecu,1997,0.00376304890960455
ecu,1998,0.00390959298238158
ecu,1999,0.00406528729945421
ecu,2000,0.00419989973306656
ecu,2001,0.00466723833233118
ecu,2002,0.00548113882541657
ecu,2003,0.00636040093377233
ecu,2004,0.00725876772776246
ecu,2005,0.00805906392633915
ecu,2006,0.0084881205111742
ecu,2007,0.00877784285694361
ecu,2008,0.00915227085351944
ecu,2009,0.00993372220546007
ecu,2010,0.0102939307689667
ecu,2011,0.0106156030669808
ecu,2012,0.0108106294646859
ecu,2013,0.0111001562327147
ecu,2014,0.0112675204873085
ecu,2015,0.0111970212310553
ecu,2016,0.011553393676877
ecu,2017,0.0116915619000793
ecu,2018,0.0116290776059031
ecu,2019,0.0116378562524915
ecu,2020,0.0117231113836169
ecu,2021,0.0120652094483376
ecu,2022,0.0122650284320116
ecu,2023,0.0122464625164866
egy,1954,0.000416559691075236
egy,1955,0.000421162112616003
egy,1956,0.000412021559895948
egy,1957,0.00040602489025332
egy,1958,0.000399868818931282
egy,1959,0.000394608272472397
egy,1960,0.000393669906770811
egy,1961,0.000396846269723028
egy,1962,0.000402852921979502
egy,1963,0.000416634167777374
egy,1964,0.00041691679507494
egy,1965,0.000435323134297505
egy,1966,0.000435014662798494
egy,1967,0.000429979234468192
egy,1968,0.000420099415350705
egy,1969,0.000423766032326967
egy,1970,0.000429025123594329
egy,1971,0.000427860504714772
egy,1972,0.000417706643929705
egy,1973,0.000415766524383798
egy,1974,0.000426295562647283
egy,1975,0.00046245675184764
egy,1976,0.000528071774169803
egy,1977,0.000570253236219287
egy,1978,0.000610946794040501
egy,1979,0.00067374249920249
egy,1980,0.000736820918973535
egy,1981,0.0008227180223912
egy,1982,0.000933368981350213
egy,1983,0.00104032980743796
egy,1984,0.00114437122829258
egy,1985,0.00125427404418588
egy,1986,0.00137686217203736
egy,1987,0.00153092027176172
egy,1988,0.00174294493626803
egy,1989,0.00200353818945587
egy,1990,0.00239663920365274
egy,1991,0.00284212315455079
egy,1992,0.00342360604554415
egy,1993,0.00427454430609942
egy,1994,0.00542152859270573
egy,1995,0.00686714937910438
egy,1996,0.00794720184057951
egy,1997,0.00825962610542774
egy,1998,0.00871206168085337
egy,1999,0.00902854278683662
egy,2000,0.00907756574451923
egy,2001,0.00927996914833784
egy,2002,0.00968608725816011
egy,2003,0.00997768808156252
egy,2004,0.010240226984024
egy,2005,0.0109452810138464
egy,2006,0.0117271030321717
egy,2007,0.0128934737294912
egy,2008,0.0146594205871224
egy,2009,0.0164844710379839
egy,2010,0.0187082663178444
egy,2011,0.0201226603239775
egy,2012,0.0206473842263222
egy,2013,0.0202500708401203
egy,2014,0.0176273733377457
egy,2015,0.0202215500175953
egy,2016,0.0197125691920519
egy,2017,0.0201932433992624
egy,2018,0.0224188826978207
egy,2019,0.0239909626543522
egy,2020,0.0272587984800339
egy,2021,0.0262062698602676
egy,2022,0.0273305848240852
egy,2023,0.0271722245961428
esp,1954,0.0333325453102589
esp,1955,0.0340776070952416
esp,1956,0.0351196192204952
esp,1957,0.0363947637379169
esp,1958,0.0375228971242905
esp,1959,0.0369573086500168
esp,1960,0.0372071750462055
esp,1961,0.0385002717375755
esp,1962,0.0406423173844814
esp,1963,0.0423133298754692
esp,1964,0.0424899123609066
esp,1965,0.0444479025900364
esp,1966,0.0457813590764999
esp,1967,0.0462348870933056
esp,1968,0.0470520257949829
esp,1969,0.049084085971117
esp,1970,0.0505272261798382
esp,1971,0.0512552112340927
esp,1972,0.0517913326621056
esp,1973,0.0533629357814789
esp,1974,0.0531553290784359
esp,1975,0.0546938516199589
esp,1976,0.0571172274649143
esp,1977,0.0607513003051281
esp,1978,0.0632716193795204
esp,1979,0.0679620951414108
esp,1980,0.0688634067773819
esp,1981,0.0674116834998131
esp,1982,0.065383791923523
esp,1983,0.0626883804798126
esp,1984,0.0581288188695908
esp,1985,0.0554736033082008
esp,1986,0.0555893182754517
esp,1987,0.0566329807043076
esp,1988,0.0593778565526009
esp,1989,0.0636097937822342
esp,1990,0.0694469660520554
esp,1991,0.0753211677074432
esp,1992,0.0800287500023842
esp,1993,0.083810530602932
esp,1994,0.0855927690863609
esp,1995,0.086917094886303
esp,1996,0.086927630007267
esp,1997,0.0838186964392662
esp,1998,0.0812745690345764
esp,1999,0.0788184925913811
esp,2000,0.0745506659150124
esp,2001,0.0686363652348518
esp,2002,0.0682133212685585
esp,2003,0.0713140368461609
esp,2004,0.0769180580973625
esp,2005,0.0828761532902718
esp,2006,0.0983832329511643
esp,2007,0.114982046186924
esp,2008,0.12212323397398
esp,2009,0.129124939441681
esp,2010,0.138256534934044
esp,2011,0.141362518072128
esp,2012,0.140028610825539
esp,2013,0.137201964855194
esp,2014,0.131238967180252
esp,2015,0.127500221133232
esp,2016,0.128975808620453
esp,2017,0.129237949848175
esp,2018,0.125632956624031
esp,2019,0.127112179994583
esp,2020,0.122040584683418
esp,2021,0.121293723583221
esp,2022,0.122586287558079
esp,2023,0.122673831880093
est,1994,0.00114964519161731
est,1995,0.00124813616275787
est,1996,0.00129484699573368
est,1997,0.00123177189379931
est,1998,0.00116569781675935
est,1999,0.00109167350456119
est,2000,0.00102902529761195
est,2001,0.00100641453173012
est,2002,0.000958875170908868
est,2003,0.00107964791823179
est,2004,0.00118160014972091
est,2005,0.00132415548432618
est,2006,0.00152265559881926
est,2007,0.00172188563738018
est,2008,0.00192474504001439
est,2009,0.00214189989492297
est,2010,0.00222872849553823
est,2011,0.00245607737451792
est,2012,0.00243074167519808
est,2013,0.00242379866540432
est,2014,0.00235478417016566
est,2015,0.00236379075795412
est,2016,0.00233538914471865
est,2017,0.00251844525337219
est,2018,0.00272932113148272
est,2019,0.00284802098758519
est,2020,0.00290701910853386
est,2021,0.00287790293805301
est,2022,0.00291330856271088
est,2023,0.00300382892601192
fin,1954,0.0118824671953917
fin,1955,0.0124391224235296
fin,1956,0.01294104475528
fin,1957,0.0132874241098762
fin,1958,0.0135302906855941
fin,1959,0.0138636669144034
fin,1960,0.0144911212846637
fin,1961,0.01507618278265
fin,1962,0.0154210962355137
fin,1963,0.015427109785378
fin,1964,0.0152212493121624
fin,1965,0.0153633141890168
fin,1966,0.0154255414381623
fin,1967,0.0151613904163241
fin,1968,0.0149540491402149
fin,1969,0.0150049012154341
fin,1970,0.0155259594321251
fin,1971,0.0159126035869122
fin,1972,0.016224417835474
fin,1973,0.0164757966995239
fin,1974,0.0178643856197596
fin,1975,0.0180790424346924
fin,1976,0.0171227995306253
fin,1977,0.016953818500042
fin,1978,0.0162899699062109
fin,1979,0.0153648238629103
fin,1980,0.0151004521176219
fin,1981,0.0151447989046574
fin,1982,0.0149833103641868
fin,1983,0.0147358812391758
fin,1984,0.0141978515312076
fin,1985,0.0141602652147412
fin,1986,0.0143960602581501
fin,1987,0.0146759934723377
fin,1988,0.0153066953644156
fin,1989,0.0161664839833975
fin,1990,0.017162324860692
fin,1991,0.0177115369588137
fin,1992,0.0176600012928247
fin,1993,0.0177559666335583
fin,1994,0.017590245231986
fin,1995,0.0172732342034578
fin,1996,0.016333756968379
fin,1997,0.0154120279476047
fin,1998,0.0147905787453055
fin,1999,0.0141679206863046
fin,2000,0.01341937109828
fin,2001,0.0124363852664828
fin,2002,0.0119324792176485
fin,2003,0.0122089330106974
fin,2004,0.0126276165246964
fin,2005,0.0132528953254223
fin,2006,0.0138720842078328
fin,2007,0.0141574339941144
fin,2008,0.0157591458410025
fin,2009,0.0177736897021532
fin,2010,0.0182507261633873
fin,2011,0.0185468550771475
fin,2012,0.0185207258909941
fin,2013,0.0181639175862074
fin,2014,0.0169776752591133
fin,2015,0.01631810516119
fin,2016,0.0162624288350344
fin,2017,0.0161005053669214
fin,2018,0.0166862402111292
fin,2019,0.0171225015074015
fin,2020,0.0174321848899126
fin,2021,0.0177960842847824
fin,2022,0.0180351361632347
fin,2023,0.017906604334712
fji,1980,0.000204211100935936
fji,1981,0.000215266627492383
fji,1982,0.000224667383008637
fji,1983,0.000228436576435342
fji,1984,0.000220513727981597
fji,1985,0.000213216771953739
fji,1986,0.000205400516279042
fji,1987,0.000198365494725294
fji,1988,0.000179646915057674
fji,1989,0.000172085507074371
fji,1990,0.000171470353961922
fji,1991,0.000171232153661549
fji,1992,0.000166545054526068
fji,1993,0.000169971375726163
fji,1994,0.000170506624272093
fji,1995,0.000166839949088171
fji,1996,0.000169481616467237
fji,1997,0.000173023203387856
fji,1998,0.000182758260052651
fji,1999,0.000183406824362464
fji,2000,0.000171645486261696
fji,2001,0.000165392601047643
fji,2002,0.000171685373061337
fji,2003,0.000180310555151664
fji,2004,0.000183688898687251
fji,2005,0.000176826375536621
fji,2006,0.000177635869476944
fji,2007,0.000181808660272509
fji,2008,0.000206593453185633
fji,2009,0.000236820080317557
fji,2010,0.00026819427148439
fji,2011,0.000289054587483406
fji,2012,0.000284197856672108
fji,2013,0.00030929537024349
fji,2014,0.000336574797984213
fji,2015,0.000379181612515822
fji,2016,0.00036715847090818
fji,2017,0.000382304948288947
fji,2018,0.000377233722247183
fji,2019,0.000365483487257734
fji,2020,0.000352980539901182
fji,2021,0.000341327046044171
fji,2022,0.000341008475515991
fji,2023,0.000339856254868209
fra,1954,0.139283671975136
fra,1955,0.138607263565063
fra,1956,0.139325752854347
fra,1957,0.14007805287838
fra,1958,0.141920238733292
fra,1959,0.140614062547684
fra,1960,0.142687112092972
fra,1961,0.144071504473686
fra,1962,0.144663572311401
fra,1963,0.14613188803196
fra,1964,0.145874083042145
fra,1965,0.1475650370121
fra,1966,0.14886012673378
fra,1967,0.150512427091599
fra,1968,0.153363093733788
fra,1969,0.158433631062508
fra,1970,0.163292288780212
fra,1971,0.167388111352921
fra,1972,0.168353050947189
fra,1973,0.171068400144577
fra,1974,0.170128926634789
fra,1975,0.173534765839577
fra,1976,0.177066594362259
fra,1977,0.181260883808136
fra,1978,0.182818681001663
fra,1979,0.185349926352501
fra,1980,0.182642683386803
fra,1981,0.181580126285553
fra,1982,0.177016571164131
fra,1983,0.172153994441032
fra,1984,0.163551360368729
fra,1985,0.159280747175217
fra,1986,0.156557336449623
fra,1987,0.15453727543354
fra,1988,0.154290929436684
fra,1989,0.156771674752235
fra,1990,0.159873798489571
fra,1991,0.163037225604057
fra,1992,0.164075002074242
fra,1993,0.164389252662659
fra,1994,0.162354469299316
fra,1995,0.160129144787788
fra,1996,0.156817018985748
fra,1997,0.148264825344086
fra,1998,0.139227628707886
fra,1999,0.133270382881165
fra,2000,0.125943288207054
fra,2001,0.119487762451172
fra,2002,0.11687446385622
fra,2003,0.116010762751102
fra,2004,0.12910558283329
fra,2005,0.140280067920685
fra,2006,0.150826662778854
fra,2007,0.161997392773628
fra,2008,0.170166105031967
fra,2009,0.181711658835411
fra,2010,0.196239665150642
fra,2011,0.20348633825779
fra,2012,0.202888995409012
fra,2013,0.202290192246437
fra,2014,0.195743575692177
fra,2015,0.192988246679306
fra,2016,0.19308052957058
fra,2017,0.202772244811058
fra,2018,0.211754411458969
fra,2019,0.232178971171379
fra,2020,0.226173654198647
fra,2021,0.215031087398529
fra,2022,0.218624651432037
fra,2023,0.217950195074081
gab,1964,0.000331764051225036
gab,1965,0.000328740017721429
gab,1966,0.000337566714733839
gab,1967,0.000331645569531247
gab,1968,0.000326514069456607
gab,1969,0.000327343354001641
gab,1970,0.000330677954480052
gab,1971,0.000362776103429496
gab,1972,0.00040167971746996
gab,1973,0.000417022383771837
gab,1974,0.000471347389975563
gab,1975,0.000617660523857921
gab,1976,0.0007478310726583
gab,1977,0.00091516989050433
gab,1978,0.000968031061347574
gab,1979,0.000963458092883229
gab,1980,0.000908079498913139
gab,1981,0.000919459387660027
gab,1982,0.000920272374060005
gab,1983,0.000932955939788371
gab,1984,0.00092283240519464
gab,1985,0.000924556807149202
gab,1986,0.000910765666048974
gab,1987,0.000865931157022715
gab,1988,0.000878046150319278
gab,1989,0.000873630458954722
gab,1990,0.000880163162946701
gab,1991,0.000898179423529655
gab,1992,0.00089873478282243
gab,1993,0.000910777482204139
gab,1994,0.000904417713172734
gab,1995,0.000893270946107805
gab,1996,0.000890625407919288
gab,1997,0.000937019649427384
gab,1998,0.00103988964110613
gab,1999,0.00114916195161641
gab,2000,0.00128848734311759
gab,2001,0.00154769385699183
gab,2002,0.00202945177443326
gab,2003,0.00266992836259305
gab,2004,0.0031711480114609
gab,2005,0.00329878181219101
gab,2006,0.00329889543354511
gab,2007,0.00324925919994712
gab,2008,0.00319382199086249
gab,2009,0.00318321934901178
gab,2010,0.00318665523082018
gab,2011,0.00304761831648648
gab,2012,0.00263640959747136
gab,2013,0.00280033703893423
gab,2014,0.00293139228597283
gab,2015,0.00275692366994917
gab,2016,0.00242245080880821
gab,2017,0.00187826727051288
gab,2018,0.00116024422459304
gab,2019,0.00118219619616866
gab,2020,0.00117047189269215
gab,2021,0.00119384774006903
gab,2022,0.00126668764278293
gab,2023,0.00132864573970437
gbr,1954,0.138081327080727
gbr,1955,0.142074167728424
gbr,1956,0.144618630409241
gbr,1957,0.147816479206085
gbr,1958,0.148948535323143
gbr,1959,0.150001049041748
gbr,1960,0.153797343373299
gbr,1961,0.156779050827026
gbr,1962,0.155845731496811
gbr,1963,0.155196294188499
gbr,1964,0.153928220272064
gbr,1965,0.155276328325272
gbr,1966,0.154382690787315
gbr,1967,0.154203921556473
gbr,1968,0.154748395085335
gbr,1969,0.155296176671982
gbr,1970,0.155988439917564
gbr,1971,0.152696460485458
gbr,1972,0.14404208958149
gbr,1973,0.136264503002167
gbr,1974,0.12981915473938
gbr,1975,0.129599690437317
gbr,1976,0.127277866005898
gbr,1977,0.125145047903061
gbr,1978,0.125373855233192
gbr,1979,0.127165630459785
gbr,1980,0.124241888523102
gbr,1981,0.11882458627224
gbr,1982,0.115745462477207
gbr,1983,0.1152233928442
gbr,1984,0.113632895052433
gbr,1985,0.112669214606285
gbr,1986,0.113311775028706
gbr,1987,0.113183073699474
gbr,1988,0.115482278168201
gbr,1989,0.123934857547283
gbr,1990,0.125099807977676
gbr,1991,0.124870680272579
gbr,1992,0.123913109302521
gbr,1993,0.120396681129932
gbr,1994,0.118981175124645
gbr,1995,0.126316756010056
gbr,1996,0.140954703092575
gbr,1997,0.144875258207321
gbr,1998,0.137175142765045
gbr,1999,0.129906669259071
gbr,2000,0.120859995484352
gbr,2001,0.110285721719265
gbr,2002,0.10687880218029
gbr,2003,0.107777461409569
gbr,2004,0.109826885163784
gbr,2005,0.116382382810116
gbr,2006,0.121099598705769
gbr,2007,0.121561653912067
gbr,2008,0.131861507892609
gbr,2009,0.143740862607956
gbr,2010,0.159338623285294
gbr,2011,0.152652576565743
gbr,2012,0.161023825407028
gbr,2013,0.176743745803833
gbr,2014,0.170502051711082
gbr,2015,0.178551226854324
gbr,2016,0.16908660531044
gbr,2017,0.17475625872612
gbr,2018,0.174777403473854
gbr,2019,0.176081374287605
gbr,2020,0.168939054012299
gbr,2021,0.165915071964264
gbr,2022,0.166381686925888
gbr,2023,0.165579944849014
geo,1994,0.00153308548033237
geo,1995,0.00141817587427795
geo,1996,0.00134648603852838
geo,1997,0.00128007552120835
geo,1998,0.00124699936714023
geo,1999,0.00122566637583077
geo,2000,0.00117444037459791
geo,2001,0.00115842837840319
geo,2002,0.00117119785863906
geo,2003,0.00119035912211984
geo,2004,0.0012255294714123
geo,2005,0.00126806693151593
geo,2006,0.00127281143795699
geo,2007,0.00125329033471644
geo,2008,0.00121596630197018
geo,2009,0.00116876803804189
geo,2010,0.0011558715486899
geo,2011,0.00115611706860363
geo,2012,0.00142274715472013
geo,2013,0.0015612265560776
geo,2014,0.00169835530687124
geo,2015,0.00196803361177444
geo,2016,0.00236456096172333
geo,2017,0.00270648673176765
geo,2018,0.0028523828368634
geo,2019,0.00331155303865671
geo,2020,0.003290721680969
geo,2021,0.00325684947893024
geo,2022,0.00331587134860456
geo,2023,0.00336260721087456
gin,1980,0.000430346204666421
gin,1981,0.000439816387370229
gin,1982,0.000452803476946428
gin,1983,0.000467773294076324
gin,1984,0.000472174870083109
gin,1985,0.000474804633995518
gin,1986,0.000485761993331835
gin,1987,0.000481512921396643
gin,1988,0.00048390423762612
gin,1989,0.000489679223392159
gin,1990,0.000515529827680439
gin,1991,0.000526343821547926
gin,1992,0.00053209241013974
gin,1993,0.000538976397365332
gin,1994,0.000532657548319548
gin,1995,0.000533193175215274
gin,1996,0.000532772275619209
gin,1997,0.000524015922565013
gin,1998,0.000501884729601443
gin,1999,0.000474622414913029
gin,2000,0.000441115262219682
gin,2001,0.000412446795962751
gin,2002,0.000405915343435481
gin,2003,0.000399887416278943
gin,2004,0.000400307268137112
gin,2005,0.00042172591201961
gin,2006,0.000445760582806543
gin,2007,0.000472529733087868
gin,2008,0.000497532542794943
gin,2009,0.000529368175193667
gin,2010,0.000555156380869448
gin,2011,0.000590056763030589
gin,2012,0.000637330405879766
gin,2013,0.000609242706559598
gin,2014,0.000597744830884039
gin,2015,0.000624329666607082
gin,2016,0.000775002292357385
gin,2017,0.00086172140436247
gin,2018,0.000832879974041134
gin,2019,0.000874311605002731
gin,2020,0.000837291241623461
gin,2021,0.000818723055999726
gin,2022,0.000846606679260731
gin,2023,0.000840838765725493
grc,1955,0.0168722085654736
grc,1956,0.0162051450461149
grc,1957,0.0155530273914337
grc,1958,0.0150567786768079
grc,1959,0.0145181035622954
grc,1960,0.0141562884673476
grc,1961,0.0140074715018272
grc,1962,0.0137333683669567
grc,1963,0.0139179285615683
grc,1964,0.0138559713959694
grc,1965,0.0141957448795438
grc,1966,0.0145378727465868
grc,1967,0.0148524101823568
grc,1968,0.0150634124875069
grc,1969,0.0157665070146322
grc,1970,0.0167228244245052
grc,1971,0.017423776909709
grc,1972,0.0181004777550697
grc,1973,0.0190715752542019
grc,1974,0.0188544578850269
grc,1975,0.0191805548965931
grc,1976,0.0194333400577307
grc,1977,0.0196893326938152
grc,1978,0.0198896564543247
grc,1979,0.0202512834221125
grc,1980,0.0202489476650953
grc,1981,0.020501459017396
grc,1982,0.0202882494777441
grc,1983,0.0199351515620947
grc,1984,0.0190892685204744
grc,1985,0.0185656882822514
grc,1986,0.0184140726923943
grc,1987,0.0183672625571489
grc,1988,0.0188907217234373
grc,1989,0.0199087858200073
grc,1990,0.0213146787136793
grc,1991,0.0233112163841724
grc,1992,0.0250130575150251
grc,1993,0.0264743585139513
grc,1994,0.0271184705197811
grc,1995,0.027330219745636
grc,1996,0.0266887210309505
grc,1997,0.0254971981048584
grc,1998,0.0244941581040621
grc,1999,0.0234948713332415
grc,2000,0.0221813805401325
grc,2001,0.0202284995466471
grc,2002,0.0202729161828756
grc,2003,0.0211635194718838
grc,2004,0.0220320094376802
grc,2005,0.0215346198529005
grc,2006,0.0243098512291908
grc,2007,0.0260633938014507
grc,2008,0.0272832699120045
grc,2009,0.0282797403633595
grc,2010,0.0280051734298468
grc,2011,0.026116082444787
grc,2012,0.027108745649457
grc,2013,0.0312332790344954
grc,2014,0.0295294523239136
grc,2015,0.0272213499993086
grc,2016,0.0249717812985182
grc,2017,0.0243579745292664
grc,2018,0.0237549133598804
grc,2019,0.0232991296797991
grc,2020,0.0220119655132294
grc,2021,0.0212344005703926
grc,2022,0.0216670297086239
grc,2023,0.0216156765818596
gtm,1954,0.000907182053197175
gtm,1955,0.00093259266577661
gtm,1956,0.000989771564491093
gtm,1957,0.00105026259552687
gtm,1958,0.00106747669633478
gtm,1959,0.00104798760730773
gtm,1960,0.0010503277881071
gtm,1961,0.00103746145032346
gtm,1962,0.00102035969030112
gtm,1963,0.00102507078554481
gtm,1964,0.000995357055217028
gtm,1965,0.00101069663651288
gtm,1966,0.000998900039121509
gtm,1967,0.00100871757604182
gtm,1968,0.00104505673516542
gtm,1969,0.00104830879718065
gtm,1970,0.00106515549123287
gtm,1971,0.00109202670864761
gtm,1972,0.00109898252412677
gtm,1973,0.00111073232255876
gtm,1974,0.00108831981197
gtm,1975,0.00112372566945851
gtm,1976,0.00118211377412081
gtm,1977,0.00122291699517518
gtm,1978,0.00124958297237754
gtm,1979,0.0012935500126332
gtm,1980,0.00125809595920146
gtm,1981,0.00129137886688113
gtm,1982,0.00132365233730525
gtm,1983,0.0013255012454465
gtm,1984,0.00129900430329144
gtm,1985,0.00127949356101453
gtm,1986,0.00126714573707432
gtm,1987,0.00126175419427454
gtm,1988,0.00127538572996855
gtm,1989,0.00130702473688871
gtm,1990,0.00134158541914076
gtm,1991,0.00137066293973476
gtm,1992,0.00143807695712894
gtm,1993,0.00151684146840125
gtm,1994,0.0015692722517997
gtm,1995,0.00165856862440705
gtm,1996,0.00170268537476659
gtm,1997,0.00177470303606242
gtm,1998,0.00188525987323374
gtm,1999,0.00202432577498257
gtm,2000,0.00206897314637899
gtm,2001,0.00215582340024412
gtm,2002,0.00232127844356
gtm,2003,0.00245641893707216
gtm,2004,0.00258358963765204
gtm,2005,0.00274728424847126
gtm,2006,0.00293605448678136
gtm,2007,0.00312490691430867
gtm,2008,0.00332550425082445
gtm,2009,0.00360588752664626
gtm,2010,0.00385142141021788
gtm,2011,0.00402003992348909
gtm,2012,0.00406849384307861
gtm,2013,0.00406786659732461
gtm,2014,0.00433841161429882
gtm,2015,0.0046539050526917
gtm,2016,0.00492247939109802
gtm,2017,0.00516176549717784
gtm,2018,0.00515963835641742
gtm,2019,0.00534183066338301
gtm,2020,0.00544638838618994
gtm,2021,0.00608538556843996
gtm,2022,0.00635021692141891
gtm,2023,0.00647532101720572
hkg,1964,0.00253155454993248
hkg,1965,0.00274048652499914
hkg,1966,0.00281331618316472
hkg,1967,0.00281307171098888
hkg,1968,0.00281582656316459
hkg,1969,0.00288974586874247
hkg,1970,0.00298674334771931
hkg,1971,0.00312577374279499
hkg,1972,0.00321585591882467
hkg,1973,0.00330399605445564
hkg,1974,0.00323313730768859
hkg,1975,0.00333246518857777
hkg,1976,0.00344638852402568
hkg,1977,0.00359276705421507
hkg,1978,0.00374133395962417
hkg,1979,0.00401264429092407
hkg,1980,0.00418681791052222
hkg,1981,0.00451703509315848
hkg,1982,0.00484618963673711
hkg,1983,0.00511756725609303
hkg,1984,0.00535013806074858
hkg,1985,0.00561534520238638
hkg,1986,0.00604701042175293
hkg,1987,0.00660749617964029
hkg,1988,0.0072358874604106
hkg,1989,0.00795584172010422
hkg,1990,0.00892615783959627
hkg,1991,0.00996691919863224
hkg,1992,0.0112064806744456
hkg,1993,0.012509360909462
hkg,1994,0.0138044012710452
hkg,1995,0.0156086413189769
hkg,1996,0.0171311739832163
hkg,1997,0.0179414805024862
hkg,1998,0.0181255768984556
hkg,1999,0.0178334936499596
hkg,2000,0.0172357521951199
hkg,2001,0.0171523168683052
hkg,2002,0.0172007698565722
hkg,2003,0.0171476323157549
hkg,2004,0.0172462891787291
hkg,2005,0.0177880544215441
hkg,2006,0.018516207113862
hkg,2007,0.0192888155579567
hkg,2008,0.0204191505908966
hkg,2009,0.021801695227623
hkg,2010,0.0234874337911606
hkg,2011,0.0248711127787828
hkg,2012,0.0254610609263182
hkg,2013,0.0272285044193268
hkg,2014,0.0272195320576429
hkg,2015,0.0271705202758312
hkg,2016,0.0267077293246984
hkg,2017,0.0266632195562124
hkg,2018,0.0256903488188982
hkg,2019,0.023874593898654
hkg,2020,0.0223471727222204
hkg,2021,0.021281935274601
hkg,2022,0.0211674831807613
hkg,2023,0.0208479836583138
hnd,1970,0.000561275170184672
hnd,1971,0.000567895011045039
hnd,1972,0.000559140578843653
hnd,1973,0.000564153539016843
hnd,1974,0.000567646988201886
hnd,1975,0.000589612580370158
hnd,1976,0.000603021064307541
hnd,1977,0.000614991877228022
hnd,1978,0.000633654941339046
hnd,1979,0.000651759270112962
hnd,1980,0.000652715330943465
hnd,1981,0.000654939096421003
hnd,1982,0.000650604430120438
hnd,1983,0.000647264008875936
hnd,1984,0.000642317405436188
hnd,1985,0.000640150217805058
hnd,1986,0.000629430753178895
hnd,1987,0.000620111590251327
hnd,1988,0.000626755238045007
hnd,1989,0.000647413427941501
hnd,1990,0.000678539683576673
hnd,1991,0.000699113064911217
hnd,1992,0.000734427652787417
hnd,1993,0.000797372777014971
hnd,1994,0.000849215895868838
hnd,1995,0.000872908334713429
hnd,1996,0.000904898217413575
hnd,1997,0.000943562714383006
hnd,1998,0.000990535481832922
hnd,1999,0.00103940512053669
hnd,2000,0.00104639143683016
hnd,2001,0.00106817937921733
hnd,2002,0.00111133267637342
hnd,2003,0.00115217489656061
hnd,2004,0.00121373881120235
hnd,2005,0.00127750751562417
hnd,2006,0.00136640516575426
hnd,2007,0.00150113680865616
hnd,2008,0.00162966758944094
hnd,2009,0.00172735366504639
hnd,2010,0.00183098530396819
hnd,2011,0.00192956253886223
hnd,2012,0.0020300776232034
hnd,2013,0.00206317892298102
hnd,2014,0.00217914744280279
hnd,2015,0.00235642958432436
hnd,2016,0.00249424250796437
hnd,2017,0.0026423919480294
hnd,2018,0.00268870033323765
hnd,2019,0.00262445164844394
hnd,2020,0.00248616957105696
hnd,2021,0.00244799698702991
hnd,2022,0.00253929081372917
hnd,2023,0.00260606361553073
hrv,1994,0.00314305536448956
hrv,1995,0.00306974048726261
hrv,1996,0.00303598796017468
hrv,1997,0.00305087142623961
hrv,1998,0.0030675227753818
hrv,1999,0.0031136367470026
hrv,2000,0.00310692470520735
hrv,2001,0.0031762660946697
hrv,2002,0.00336529454216361
hrv,2003,0.00355720100924373
hrv,2004,0.0037950393743813
hrv,2005,0.00394348986446857
hrv,2006,0.00460803043097258
hrv,2007,0.00528695620596409
hrv,2008,0.00546206906437874
hrv,2009,0.00583189353346825
hrv,2010,0.00583294965326786
hrv,2011,0.0063131432980299
hrv,2012,0.00642161443829536
hrv,2013,0.00647539086639881
hrv,2014,0.00610956735908985
hrv,2015,0.0060763219371438
hrv,2016,0.00602467218413949
hrv,2017,0.00643981155008078
hrv,2018,0.00664404360577464
hrv,2019,0.00699402438476682
hrv,2020,0.006638886872679
hrv,2021,0.00657403841614723
hrv,2022,0.00675112148746848
hrv,2023,0.00683947373181582
hun,1974,0.00809022411704063
hun,1975,0.00861151982098818
hun,1976,0.0091221621260047
hun,1977,0.00976950954645872
hun,1978,0.0104119069874287
hun,1979,0.0110357031226158
hun,1980,0.0111925397068262
hun,1981,0.011570724658668
hun,1982,0.0119402054697275
hun,1983,0.0122329918667674
hun,1984,0.01211301330477
hun,1985,0.0118969064205885
hun,1986,0.0117394560948014
hun,1987,0.0115124927833676
hun,1988,0.0112447077408433
hun,1989,0.0111625613644719
hun,1990,0.0110688982531428
hun,1991,0.0109022343531251
hun,1992,0.0106996409595013
hun,1993,0.0105827040970325
hun,1994,0.0104379961267114
hun,1995,0.0102294031530619
hun,1996,0.0100701730698347
hun,1997,0.00947852898389101
hun,1998,0.00906897522509098
hun,1999,0.00877464562654495
hun,2000,0.00872175861150026
hun,2001,0.00956079084426165
hun,2002,0.00912344269454479
hun,2003,0.0097314789891243
hun,2004,0.00985440984368324
hun,2005,0.00991829019039869
hun,2006,0.0107992207631469
hun,2007,0.0116298273205757
hun,2008,0.0130209280177951
hun,2009,0.0145365511998534
hun,2010,0.0154168736189604
hun,2011,0.0159542597830296
hun,2012,0.0166004300117493
hun,2013,0.0169849283993244
hun,2014,0.0161392912268639
hun,2015,0.016757894307375
hun,2016,0.0171324405819178
hun,2017,0.0173278208822012
hun,2018,0.0178987234830856
hun,2019,0.0186574459075928
hun,2020,0.0184543393552303
hun,2021,0.0186062380671501
hun,2022,0.0190580263733864
hun,2023,0.0189702399075031
idn,1964,0.0162565633654594
idn,1965,0.0157640092074871
idn,1966,0.0151431113481522
idn,1967,0.0140216127038002
idn,1968,0.0135558787733316
idn,1969,0.0131353409960866
idn,1970,0.0130144478753209
idn,1971,0.0136825134977698
idn,1972,0.0143456449732184
idn,1973,0.0153135852888227
idn,1974,0.0160518735647202
idn,1975,0.0173608046025038
idn,1976,0.0185177847743034
idn,1977,0.0197491310536861
idn,1978,0.0206266157329083
idn,1979,0.0215326957404614
idn,1980,0.0221225917339325
idn,1981,0.0238954927772284
idn,1982,0.0254264753311872
idn,1983,0.0265875160694122
idn,1984,0.0262708440423012
idn,1985,0.0258856937289238
idn,1986,0.0256428048014641
idn,1987,0.0251976884901524
idn,1988,0.0252957437187433
idn,1989,0.0260557979345322
idn,1990,0.0273260101675987
idn,1991,0.0287859551608562
idn,1992,0.0302411746233702
idn,1993,0.0311867669224739
idn,1994,0.0325333513319492
idn,1995,0.0342836678028107
idn,1996,0.0368618704378605
idn,1997,0.0384132415056229
idn,1998,0.0377785004675388
idn,1999,0.0359479412436485
idn,2000,0.0344184339046478
idn,2001,0.0345628932118416
idn,2002,0.0364643223583698
idn,2003,0.0383802466094494
idn,2004,0.040658175945282
idn,2005,0.0452148355543613
idn,2006,0.051455844193697
idn,2007,0.0616938471794128
idn,2008,0.0794291794300079
idn,2009,0.105097338557243
idn,2010,0.13911084830761
idn,2011,0.161468669772148
idn,2012,0.163038790225983
idn,2013,0.165525317192078
idn,2014,0.167937844991684
idn,2015,0.170465141534805
idn,2016,0.17354579269886
idn,2017,0.17766971886158
idn,2018,0.177946329116821
idn,2019,0.182025000452995
idn,2020,0.183037295937538
idn,2021,0.18553514778614
idn,2022,0.195326462388039
idn,2023,0.205068230628967
ind,1954,0.0618955455720425
ind,1955,0.0639018192887306
ind,1956,0.0659675449132919
ind,1957,0.0667038187384605
ind,1958,0.0675600618124008
ind,1959,0.0683662965893745
ind,1960,0.0708712786436081
ind,1961,0.0722735524177551
ind,1962,0.0745342001318932
ind,1963,0.0759849920868874
ind,1964,0.0767056718468666
ind,1965,0.0780082195997238
ind,1966,0.0784382447600365
ind,1967,0.0789728462696075
ind,1968,0.0789812803268433
ind,1969,0.0800672471523285
ind,1970,0.081351675093174
ind,1971,0.0827936306595802
ind,1972,0.0819348841905594
ind,1973,0.0802100971341133
ind,1974,0.0773883685469627
ind,1975,0.0768649205565453
ind,1976,0.0755110159516335
ind,1977,0.0754358917474747
ind,1978,0.072687178850174
ind,1979,0.0701869800686836
ind,1980,0.0694368034601212
ind,1981,0.0665592476725578
ind,1982,0.0636957958340645
ind,1983,0.0624071918427944
ind,1984,0.0605346672236919
ind,1985,0.0600009225308895
ind,1986,0.0613997727632523
ind,1987,0.0622324459254742
ind,1988,0.0630987584590912
ind,1989,0.0651622340083122
ind,1990,0.0685432553291321
ind,1991,0.0711528062820435
ind,1992,0.0743042156100273
ind,1993,0.0764889866113663
ind,1994,0.0789957642555237
ind,1995,0.0819298774003983
ind,1996,0.0852035284042358
ind,1997,0.089229129254818
ind,1998,0.0928782373666763
ind,1999,0.0992589071393013
ind,2000,0.103033944964409
ind,2001,0.110897250473499
ind,2002,0.121182382106781
ind,2003,0.131955280900002
ind,2004,0.144057780504227
ind,2005,0.161278620362282
ind,2006,0.179291740059853
ind,2007,0.201366782188416
ind,2008,0.228211060166359
ind,2009,0.262435227632523
ind,2010,0.301477909088135
ind,2011,0.332552284002304
ind,2012,0.346280515193939
ind,2013,0.354531288146973
ind,2014,0.354953855276108
ind,2015,0.360724091529846
ind,2016,0.371494948863983
ind,2017,0.385404497385025
ind,2018,0.397469252347946
ind,2019,0.410990864038467
ind,2020,0.423824906349182
ind,2021,0.433849602937698
ind,2022,0.460554838180542
ind,2023,0.484108448028564
irl,1954,0.00322772096842527
irl,1955,0.00335990847088397
irl,1956,0.00335017452016473
irl,1957,0.00328215956687927
irl,1958,0.0031927302479744
irl,1959,0.00324585405178368
irl,1960,0.00322879734449089
irl,1961,0.0032520939130336
irl,1962,0.00329700158908963
irl,1963,0.00336989527568221
irl,1964,0.00346222729422152
irl,1965,0.00357100157998502
irl,1966,0.00352078280411661
irl,1967,0.00347958249039948
irl,1968,0.00352183193899691
irl,1969,0.0036945843603462
irl,1970,0.00382152805104852
irl,1971,0.00396968005225062
irl,1972,0.0040246183052659
irl,1973,0.0041663870215416
irl,1974,0.00426494656130672
irl,1975,0.00433271378278732
irl,1976,0.0044943131506443
irl,1977,0.00468608923256397
irl,1978,0.00516432849690318
irl,1979,0.0057573770172894
irl,1980,0.00614039786159992
irl,1981,0.0062563200481236
irl,1982,0.0061514051631093
irl,1983,0.00600030273199081
irl,1984,0.00564618920907378
irl,1985,0.00542447296902537
irl,1986,0.00532527267932892
irl,1987,0.00525930523872376
irl,1988,0.00524627091363072
irl,1989,0.0054650348611176
irl,1990,0.00580770010128617
irl,1991,0.00614463584497571
irl,1992,0.00643040239810944
irl,1993,0.00673894304782152
irl,1994,0.0069950963370502
irl,1995,0.00705822883173823
irl,1996,0.00711187068372965
irl,1997,0.0068751210346818
irl,1998,0.00681469589471817
irl,1999,0.00675016641616821
irl,2000,0.00655011227354407
irl,2001,0.00662859668955207
irl,2002,0.00697610573843122
irl,2003,0.00720701506361365
irl,2004,0.00773846264928579
irl,2005,0.00818728376179934
irl,2006,0.0101920254528523
irl,2007,0.0123081188648939
irl,2008,0.0126235652714968
irl,2009,0.0126704685389996
irl,2010,0.0148937376216054
irl,2011,0.015562878921628
irl,2012,0.0162820871919394
irl,2013,0.0172026436775923
irl,2014,0.0173197407275438
irl,2015,0.0183286648243666
irl,2016,0.0231776144355536
irl,2017,0.0264999996870756
irl,2018,0.0271143168210983
irl,2019,0.0373956449329853
irl,2020,0.0389242544770241
irl,2021,0.0356477200984955
irl,2022,0.0352354161441326
irl,2023,0.0358843579888344
irn,1959,0.00996898300945759
irn,1960,0.0102133229374886
irn,1961,0.0104059614241123
irn,1962,0.0106054721400142
irn,1963,0.0108315069228411
irn,1964,0.0116446726024151
irn,1965,0.0123940529301763
irn,1966,0.0132056307047606
irn,1967,0.014078707434237
irn,1968,0.0154821779578924
irn,1969,0.016573891043663
irn,1970,0.0170917175710201
irn,1971,0.0174106303602457
irn,1972,0.0174502898007631
irn,1973,0.0175707340240479
irn,1974,0.0180131681263447
irn,1975,0.0195599645376205
irn,1976,0.0216478984802961
irn,1977,0.0214196033775806
irn,1978,0.0199334435164928
irn,1979,0.0181112475693226
irn,1980,0.0166079048067331
irn,1981,0.0157008804380894
irn,1982,0.0151515388861299
irn,1983,0.0153054175898433
irn,1984,0.0150877898558974
irn,1985,0.014862010255456
irn,1986,0.0146491630002856
irn,1987,0.0142402378842235
irn,1988,0.0141327138990164
irn,1989,0.0147094978019595
irn,1990,0.0152755277231336
irn,1991,0.0171329360455275
irn,1992,0.0195291191339493
irn,1993,0.0211840867996216
irn,1994,0.0229807458817959
irn,1995,0.0235600061714649
irn,1996,0.0241100583225489
irn,1997,0.0241107884794474
irn,1998,0.0242058988660574
irn,1999,0.0240199416875839
irn,2000,0.0235330797731876
irn,2001,0.0236505903303623
irn,2002,0.024593697860837
irn,2003,0.0254524052143097
irn,2004,0.0265845004469156
irn,2005,0.0285131521522999
irn,2006,0.0292233191430569
irn,2007,0.0304216295480728
irn,2008,0.0322922766208649
irn,2009,0.0335598886013031
irn,2010,0.0365590378642082
irn,2011,0.0387660451233387
irn,2012,0.0392465442419052
irn,2013,0.0396941788494587
irn,2014,0.0390588715672493
irn,2015,0.0399007573723793
irn,2016,0.0389502197504044
irn,2017,0.0391314253211021
irn,2018,0.0343374647200108
irn,2019,0.0362425409257412
irn,2020,0.0406937077641487
irn,2021,0.0303534623235464
irn,2022,0.0309055112302303
irn,2023,0.0299579184502363
irq,1974,0.0045287786051631
irq,1975,0.00574002647772431
irq,1976,0.00681192614138126
irq,1977,0.00740816351026297
irq,1978,0.00793059729039669
irq,1979,0.00820882711559534
irq,1980,0.00797596666961908
irq,1981,0.00947558786720038
irq,1982,0.0103790443390608
irq,1983,0.0100403092801571
irq,1984,0.0091073252260685
irq,1985,0.00835479889065027
irq,1986,0.00777391251176596
irq,1987,0.00728100398555398
irq,1988,0.00714684370905161
irq,1989,0.00740824639797211
irq,1990,0.00769452517852187
irq,1991,0.0078869815915823
irq,1992,0.00771087920293212
irq,1993,0.00772046437487006
irq,1994,0.0073418072424829
irq,1995,0.00707112532109022
irq,1996,0.00672759767621756
irq,1997,0.00654754089191556
irq,1998,0.00694318860769272
irq,1999,0.00649857195094228
irq,2000,0.00628142850473523
irq,2001,0.00717616407200694
irq,2002,0.00803052354604006
irq,2003,0.00958587881177664
irq,2004,0.0109685873612762
irq,2005,0.0121947107836604
irq,2006,0.0149026373401284
irq,2007,0.0160335842519999
irq,2008,0.019863735884428
irq,2009,0.02918422780931
irq,2010,0.0301539488136768
irq,2011,0.0318066254258156
irq,2012,0.0294717270880938
irq,2013,0.0300948843359947
irq,2014,0.0331339314579964
irq,2015,0.0255214814096689
irq,2016,0.0215382874011993
irq,2017,0.0269034951925278
irq,2018,0.0258106868714094
irq,2019,0.0252550821751356
irq,2020,0.0305617041885853
irq,2021,0.0308066606521606
irq,2022,0.030840065330267
irq,2023,0.0301335509866476
isl,1954,0.000612768635619432
isl,1955,0.000648272398393601
isl,1956,0.000653594150207937
isl,1957,0.000665432424284518
isl,1958,0.000679414311889559
isl,1959,0.000691621564328671
isl,1960,0.000705372891388834
isl,1961,0.000708606326952577
isl,1962,0.000696457515005022
isl,1963,0.000712336041033268
isl,1964,0.000710046326275915
isl,1965,0.000728218525182456
isl,1966,0.000741736555937678
isl,1967,0.000756078923586756
isl,1968,0.000761041534133256
isl,1969,0.000756340217776597
isl,1970,0.000745008059311658
isl,1971,0.000785783166065812
isl,1972,0.000799993402324617
isl,1973,0.000806593161541969
isl,1974,0.000804883195087314
isl,1975,0.000824159767944366
isl,1976,0.000841099245008081
isl,1977,0.000854804529808462
isl,1978,0.000845284608658403
isl,1979,0.000843404210172594
isl,1980,0.000848353607580066
isl,1981,0.000868885254021734
isl,1982,0.00089755147928372
isl,1983,0.000924244639463723
isl,1984,0.000938559765927494
isl,1985,0.000949629989918321
isl,1986,0.000956866599153727
isl,1987,0.000962283695116639
isl,1988,0.000969153421465308
isl,1989,0.000968875072430819
isl,1990,0.000981899444013834
isl,1991,0.000993292545899749
isl,1992,0.000987770268693566
isl,1993,0.000974791357293725
isl,1994,0.000950348214246333
isl,1995,0.000923008425161243
isl,1996,0.000919834536034614
isl,1997,0.00101061153691262
isl,1998,0.000990989385172725
isl,1999,0.000972536508925259
isl,2000,0.000941803155001253
isl,2001,0.000901396851986647
isl,2002,0.000887415546458215
isl,2003,0.000911637675017119
isl,2004,0.000942658924032003
isl,2005,0.00100721069611609
isl,2006,0.000995594426058233
isl,2007,0.000930349866393954
isl,2008,0.000990609638392925
isl,2009,0.00116859248373657
isl,2010,0.00092991697601974
isl,2011,0.000894596450962126
isl,2012,0.000951958063524216
isl,2013,0.00100675749126822
isl,2014,0.000980219105258584
isl,2015,0.000990993576124311
isl,2016,0.00104930601082742
isl,2017,0.00109591707587242
isl,2018,0.00121773139107972
isl,2019,0.00127102283295244
isl,2020,0.00122478569392115
isl,2021,0.00130139384418726
isl,2022,0.00133580539841205
isl,2023,0.00135556678287685
isr,1954,0.00443319883197546
isr,1955,0.00454759877175093
isr,1956,0.00461989408358932
isr,1957,0.00475049577653408
isr,1958,0.00489854905754328
isr,1959,0.00501183280721307
isr,1960,0.00516811059787869
isr,1961,0.00533020775765181
isr,1962,0.00557769648730755
isr,1963,0.00578652741387487
isr,1964,0.00597337260842323
isr,1965,0.00605275109410286
isr,1966,0.00609524827450514
isr,1967,0.0060088993050158
isr,1968,0.0059569044969976
isr,1969,0.00612097978591919
isr,1970,0.00638966448605061
isr,1971,0.00679929228499532
isr,1972,0.00695395888760686
isr,1973,0.00742346746847034
isr,1974,0.00724284024909139
isr,1975,0.00747449090704322
isr,1976,0.00746622076258063
isr,1977,0.00736812921240926
isr,1978,0.00728298956528306
isr,1979,0.00729415193200111
isr,1980,0.00694417813792825
isr,1981,0.00695444084703922
isr,1982,0.00723583996295929
isr,1983,0.00771373882889748
isr,1984,0.00784933846443892
isr,1985,0.0079266419634223
isr,1986,0.00805828254669905
isr,1987,0.00815992616117001
isr,1988,0.00826482102274895
isr,1989,0.00831343606114388
isr,1990,0.00872568041086197
isr,1991,0.00948451738804579
isr,1992,0.0101549150422215
isr,1993,0.0109587991610169
isr,1994,0.0118652926757932
isr,1995,0.0126505130901933
isr,1996,0.0136830173432827
isr,1997,0.0141539452597499
isr,1998,0.0142011484131217
isr,1999,0.0142047824338079
isr,2000,0.0142323123291135
isr,2001,0.0142097547650337
isr,2002,0.0145476870238781
isr,2003,0.0139076691120863
isr,2004,0.0133483372628689
isr,2005,0.0130474809557199
isr,2006,0.012910345569253
isr,2007,0.0129092093557119
isr,2008,0.0131188686937094
isr,2009,0.0135233839973807
isr,2010,0.0139419352635741
isr,2011,0.014292704872787
isr,2012,0.0146312676370144
isr,2013,0.0174576751887798
isr,2014,0.0169589910656214
isr,2015,0.0161824226379395
isr,2016,0.0163517612963915
isr,2017,0.0159309878945351
isr,2018,0.0153979752212763
isr,2019,0.0149000594392419
isr,2020,0.01407865062356
isr,2021,0.0143096670508385
isr,2022,0.0149944610893726
isr,2023,0.0155042130500078
ita,1954,0.0883736908435822
ita,1955,0.0909831300377846
ita,1956,0.0926844328641892
ita,1957,0.0943282842636108
ita,1958,0.0956131666898727
ita,1959,0.0964979529380798
ita,1960,0.0993010103702545
ita,1961,0.102513588964939
ita,1962,0.105317458510399
ita,1963,0.107544273138046
ita,1964,0.10465420037508
ita,1965,0.103576086461544
ita,1966,0.102568492293358
ita,1967,0.102690942585468
ita,1968,0.103002741932869
ita,1969,0.104794971644878
ita,1970,0.11056112498045
ita,1971,0.115075550973415
ita,1972,0.116454094648361
ita,1973,0.11809341609478
ita,1974,0.117616653442383
ita,1975,0.120156720280647
ita,1976,0.123040340840817
ita,1977,0.12686476111412
ita,1978,0.128801792860031
ita,1979,0.132337138056755
ita,1980,0.133158564567566
ita,1981,0.134577378630638
ita,1982,0.133877083659172
ita,1983,0.132561951875687
ita,1984,0.128990605473518
ita,1985,0.12730772793293
ita,1986,0.12929904460907
ita,1987,0.132629528641701
ita,1988,0.138919308781624
ita,1989,0.147973269224167
ita,1990,0.158824071288109
ita,1991,0.170197188854218
ita,1992,0.179854556918144
ita,1993,0.186928078532219
ita,1994,0.18868100643158
ita,1995,0.18939034640789
ita,1996,0.186507135629654
ita,1997,0.177112445235252
ita,1998,0.168347090482712
ita,1999,0.158163979649544
ita,2000,0.148499667644501
ita,2001,0.138120174407959
ita,2002,0.133227705955505
ita,2003,0.133136510848999
ita,2004,0.135179221630096
ita,2005,0.142299771308899
ita,2006,0.151877894997597
ita,2007,0.159840196371079
ita,2008,0.169545203447342
ita,2009,0.186690449714661
ita,2010,0.181403562426567
ita,2011,0.19915945827961
ita,2012,0.200978204607964
ita,2013,0.204441279172897
ita,2014,0.193098142743111
ita,2015,0.19344936311245
ita,2016,0.201343923807144
ita,2017,0.198552399873734
ita,2018,0.194023281335831
ita,2019,0.189207941293716
ita,2020,0.182096913456917
ita,2021,0.183041006326675
ita,2022,0.186469420790672
ita,2023,0.188093975186348
jam,1957,0.00272902031429112
jam,1958,0.00267845904454589
jam,1959,0.00257591367699206
jam,1960,0.00252510351128876
jam,1961,0.00244396179914475
jam,1962,0.00235366448760033
jam,1963,0.00227365246973932
jam,1964,0.00216996157541871
jam,1965,0.0021355205681175
jam,1966,0.0020989365875721
jam,1967,0.00208072829991579
jam,1968,0.00209646206349134
jam,1969,0.00213837041519582
jam,1970,0.00217730621807277
jam,1971,0.00220579421147704
jam,1972,0.00221165688708425
jam,1973,0.00222324160858989
jam,1974,0.00212820316664875
jam,1975,0.00216523534618318
jam,1976,0.00212145107798278
jam,1977,0.00199720379896462
jam,1978,0.00181032891850919
jam,1979,0.00166655087377876
jam,1980,0.00152629869990051
jam,1981,0.00146807380951941
jam,1982,0.00145158870145679
jam,1983,0.00139942695386708
jam,1984,0.00129293615464121
jam,1985,0.00121149979531765
jam,1986,0.00112417864147574
jam,1987,0.00103329890407622
jam,1988,0.000957892276346684
jam,1989,0.000906418892554939
jam,1990,0.000871857802849263
jam,1991,0.000831501325592399
jam,1992,0.000818819156847894
jam,1993,0.000807651435025036
jam,1994,0.000784901552833617
jam,1995,0.000773545645643026
jam,1996,0.000773454376030713
jam,1997,0.000771611870732158
jam,1998,0.000765661767218262
jam,1999,0.000754240492824465
jam,2000,0.000751534826122224
jam,2001,0.000786891032475978
jam,2002,0.000863727822434157
jam,2003,0.000935165502596647
jam,2004,0.00101517292205244
jam,2005,0.00112182728480548
jam,2006,0.00126221787650138
jam,2007,0.00142173946369439
jam,2008,0.00160969141870737
jam,2009,0.00179739005398005
jam,2010,0.00196605315431952
jam,2011,0.00200903741642833
jam,2012,0.00186090334318578
jam,2013,0.00174846651498228
jam,2014,0.00168261537328362
jam,2015,0.00164009956642985
jam,2016,0.00157695333473384
jam,2017,0.00156613369472325
jam,2018,0.00158119946718216
jam,2019,0.00157228240277618
jam,2020,0.00130868819542229
jam,2021,0.00123695214278996
jam,2022,0.0012261375086382
jam,2023,0.00121204776223749
jor,1958,0.00031945132650435
jor,1959,0.000323115236824378
jor,1960,0.000341873674187809
jor,1961,0.000359013880370185
jor,1962,0.000375547184376046
jor,1963,0.000386375701054931
jor,1964,0.000399309588829055
jor,1965,0.000417942617787048
jor,1966,0.000429016130510718
jor,1967,0.000437141512520611
jor,1968,0.0004622885317076
jor,1969,0.000526354589965195
jor,1970,0.000537622137926519
jor,1971,0.00056187022710219
jor,1972,0.000579936488065869
jor,1973,0.000600780942477286
jor,1974,0.00062651006737724
jor,1975,0.000676412717439234
jor,1976,0.000743056472856551
jor,1977,0.000864782487042248
jor,1978,0.000928914465475828
jor,1979,0.00101041770540178
jor,1980,0.00107974163256586
jor,1981,0.00130354496650398
jor,1982,0.00147513928823173
jor,1983,0.00156351376790553
jor,1984,0.00162079185247421
jor,1985,0.00162973557598889
jor,1986,0.00165023806039244
jor,1987,0.00173587375320494
jor,1988,0.00176148326136172
jor,1989,0.0017213219543919
jor,1990,0.00169729453045875
jor,1991,0.00166266760788858
jor,1992,0.00169148971326649
jor,1993,0.00171750294975936
jor,1994,0.00169972749426961
jor,1995,0.00167874596081674
jor,1996,0.00163143069949001
jor,1997,0.00161116989329457
jor,1998,0.0016222505364567
jor,1999,0.00167123507708311
jor,2000,0.0017200184520334
jor,2001,0.00180332851596177
jor,2002,0.00195295258890837
jor,2003,0.00212555658072233
jor,2004,0.00233451114036143
jor,2005,0.0026472678873688
jor,2006,0.00280570355243981
jor,2007,0.00297171622514725
jor,2008,0.00322403595782816
jor,2009,0.00351754482835531
jor,2010,0.00383366318419576
jor,2011,0.00411042803898454
jor,2012,0.00434846570715308
jor,2013,0.00422187522053719
jor,2014,0.00417088437825441
jor,2015,0.00446602655574679
jor,2016,0.00436760811135173
jor,2017,0.0047397892922163
jor,2018,0.00438828300684691
jor,2019,0.0039117350243032
jor,2020,0.00462947133928537
jor,2021,0.00487973121926189
jor,2022,0.00501153897494078
jor,2023,0.00499609624966979
jpn,1954,0.0727812200784683
jpn,1955,0.0737807601690292
jpn,1956,0.0754381194710732
jpn,1957,0.0786362662911415
jpn,1958,0.0806463211774826
jpn,1959,0.0829271823167801
jpn,1960,0.0891805812716484
jpn,1961,0.0986535325646401
jpn,1962,0.106342144310474
jpn,1963,0.113482311367989
jpn,1964,0.117174811661243
jpn,1965,0.122538097202778
jpn,1966,0.128798976540566
jpn,1967,0.137116238474846
jpn,1968,0.148502141237259
jpn,1969,0.163100630044937
jpn,1970,0.182535156607628
jpn,1971,0.202021345496178
jpn,1972,0.218570530414581
jpn,1973,0.235964730381966
jpn,1974,0.249217540025711
jpn,1975,0.271115273237228
jpn,1976,0.282923996448517
jpn,1977,0.296525985002518
jpn,1978,0.315493166446686
jpn,1979,0.336723983287811
jpn,1980,0.340082466602325
jpn,1981,0.334166467189789
jpn,1982,0.316082715988159
jpn,1983,0.295408636331558
jpn,1984,0.273629665374756
jpn,1985,0.27191236615181
jpn,1986,0.280948221683502
jpn,1987,0.291297256946564
jpn,1988,0.310252964496613
jpn,1989,0.33896815776825
jpn,1990,0.373422801494598
jpn,1991,0.411573946475983
jpn,1992,0.44708913564682
jpn,1993,0.47921946644783
jpn,1994,0.505753576755524
jpn,1995,0.521046280860901
jpn,1996,0.531048357486725
jpn,1997,0.516393721103668
jpn,1998,0.494097858667374
jpn,1999,0.474504739046097
jpn,2000,0.447023421525955
jpn,2001,0.429414242506027
jpn,2002,0.420551091432571
jpn,2003,0.417588472366333
jpn,2004,0.413001745939255
jpn,2005,0.415778934955597
jpn,2006,0.426386207342148
jpn,2007,0.43447533249855
jpn,2008,0.447661608457565
jpn,2009,0.453018933534622
jpn,2010,0.451117545366287
jpn,2011,0.443661630153656
jpn,2012,0.434509038925171
jpn,2013,0.408174455165863
jpn,2014,0.396988868713379
jpn,2015,0.374754786491394
jpn,2016,0.372215628623962
jpn,2017,0.357293009757996
jpn,2018,0.351499080657959
jpn,2019,0.355385333299637
jpn,2020,0.345149040222168
jpn,2021,0.337681353092194
jpn,2022,0.33799734711647
jpn,2023,0.334167748689652
kaz,1994,0.0135822491720319
kaz,1995,0.0113418325781822
kaz,1996,0.0107597354799509
kaz,1997,0.0113997301086783
kaz,1998,0.0117731923237443
kaz,1999,0.0120631223544478
kaz,2000,0.0132398558780551
kaz,2001,0.0125017939135432
kaz,2002,0.0142843639478087
kaz,2003,0.0157317146658897
kaz,2004,0.0166283063590527
kaz,2005,0.0179518479853869
kaz,2006,0.0181341003626585
kaz,2007,0.0200273543596268
kaz,2008,0.0193290840834379
kaz,2009,0.0197868999093771
kaz,2010,0.0201752092689276
kaz,2011,0.0195479355752468
kaz,2012,0.0198567938059568
kaz,2013,0.0227786283940077
kaz,2014,0.0198682844638824
kaz,2015,0.0197384767234325
kaz,2016,0.0187413971871138
kaz,2017,0.0186275541782379
kaz,2018,0.0216078814119101
kaz,2019,0.0253544338047504
kaz,2020,0.0287481527775526
kaz,2021,0.032243262976408
kaz,2022,0.0334816575050354
kaz,2023,0.0353842191398144
ken,1954,0.00225516618229449
ken,1955,0.0023411400616169
ken,1956,0.00239719823002815
ken,1957,0.00243138708174229
ken,1958,0.00240043341182172
ken,1959,0.00234153680503368
ken,1960,0.00231305486522615
ken,1961,0.00219591031782329
ken,1962,0.00207844865508378
ken,1963,0.00200982857495546
ken,1964,0.00185496651101857
ken,1965,0.00176965969149023
ken,1966,0.00173100735992193
ken,1967,0.00170949648600072
ken,1968,0.00174137589056045
ken,1969,0.00176188990008086
ken,1970,0.00186169822700322
ken,1971,0.00201385677792132
ken,1972,0.00207027839496732
ken,1973,0.00218473677523434
ken,1974,0.00223665637895465
ken,1975,0.00231584627181292
ken,1976,0.00228802091442049
ken,1977,0.00226164609193802
ken,1978,0.00225202273577452
ken,1979,0.00225700670853257
ken,1980,0.00222027604468167
ken,1981,0.00217453436926007
ken,1982,0.00206067808903754
ken,1983,0.00195071287453175
ken,1984,0.00186261988710612
ken,1985,0.00184788624756038
ken,1986,0.00184657017234713
ken,1987,0.00184584246017039
ken,1988,0.00196659448556602
ken,1989,0.002119594020769
ken,1990,0.00226708198897541
ken,1991,0.00246441899798811
ken,1992,0.00268366769887507
ken,1993,0.00290259532630444
ken,1994,0.00311442255042493
ken,1995,0.00332454801537097
ken,1996,0.00335008464753628
ken,1997,0.00326729216612875
ken,1998,0.00310993473976851
ken,1999,0.00289386440999806
ken,2000,0.00259801093488932
ken,2001,0.0024508610367775
ken,2002,0.00240011815913022
ken,2003,0.00228580227121711
ken,2004,0.00221657659858465
ken,2005,0.00230224383994937
ken,2006,0.00246148416772485
ken,2007,0.0026505677960813
ken,2008,0.00297514442354441
ken,2009,0.00347728421911597
ken,2010,0.00411557452753186
ken,2011,0.00444692512974143
ken,2012,0.00456394394859672
ken,2013,0.00481479521840811
ken,2014,0.00511660240590572
ken,2015,0.00555627513676882
ken,2016,0.00590192992240191
ken,2017,0.00643896078690887
ken,2018,0.00639286171644926
ken,2019,0.00625021569430828
ken,2020,0.00600672326982021
ken,2021,0.00592466350644827
ken,2022,0.00621086545288563
ken,2023,0.0063668480142951
kgz,1994,0.00106202613096684
kgz,1995,0.00101214926689863
kgz,1996,0.000876887061167508
kgz,1997,0.000906395085621625
kgz,1998,0.000801341142505407
kgz,1999,0.000714899739250541
kgz,2000,0.000617076526395977
kgz,2001,0.000537522893864662
kgz,2002,0.000485867203678936
kgz,2003,0.000444429693743587
kgz,2004,0.000422600278398022
kgz,2005,0.000408432999392971
kgz,2006,0.000417572242440656
kgz,2007,0.000421471282606944
kgz,2008,0.000432651402661577
kgz,2009,0.000453135726274923
kgz,2010,0.000485591095639393
kgz,2011,0.000505706178955734
kgz,2012,0.000604218279477209
kgz,2013,0.000813504215329886
kgz,2014,0.000835332437418401
kgz,2015,0.000857775914482772
kgz,2016,0.0008856903295964
kgz,2017,0.000909019086975604
kgz,2018,0.00121201458387077
kgz,2019,0.00147215905599296
kgz,2020,0.00165821239352226
kgz,2021,0.00188698025885969
kgz,2022,0.00205804337747395
kgz,2023,0.00209789001382887
kor,1957,0.0136606283485889
kor,1958,0.0132473660632968
kor,1959,0.0124370902776718
kor,1960,0.011778230778873
kor,1961,0.0111020775511861
kor,1962,0.0107596255838871
kor,1963,0.0109210619702935
kor,1964,0.0101885516196489
kor,1965,0.00988031178712845
kor,1966,0.0101349884644151
kor,1967,0.0103442100808024
kor,1968,0.0108780674636364
kor,1969,0.011331926099956
kor,1970,0.0116026056930423
kor,1971,0.0120082404464483
kor,1972,0.0123793072998524
kor,1973,0.0131508568301797
kor,1974,0.0138892866671085
kor,1975,0.0150754610076547
kor,1976,0.0155126973986626
kor,1977,0.0156700517982245
kor,1978,0.0164641030132771
kor,1979,0.0176324062049389
kor,1980,0.0178418830037117
kor,1981,0.0185180827975273
kor,1982,0.019306780770421
kor,1983,0.0202408935874701
kor,1984,0.0209873262792826
kor,1985,0.0224894806742668
kor,1986,0.0248848460614681
kor,1987,0.028020104393363
kor,1988,0.0321515053510666
kor,1989,0.0377931222319603
kor,1990,0.045635748654604
kor,1991,0.0550334490835667
kor,1992,0.0638611391186714
kor,1993,0.0739775970578194
kor,1994,0.0859713181853294
kor,1995,0.0965363085269928
kor,1996,0.106467336416245
kor,1997,0.0974492654204369
kor,1998,0.0790127888321877
kor,1999,0.0711926147341728
kor,2000,0.0721941143274307
kor,2001,0.0736733824014664
kor,2002,0.0772018358111382
kor,2003,0.0837206393480301
kor,2004,0.0902064219117165
kor,2005,0.0990161299705505
kor,2006,0.104681402444839
kor,2007,0.110287003219128
kor,2008,0.11668511480093
kor,2009,0.11751700937748
kor,2010,0.119559027254581
kor,2011,0.119129195809364
kor,2012,0.1246068328619
kor,2013,0.131589233875275
kor,2014,0.135782226920128
kor,2015,0.133326128125191
kor,2016,0.135946720838547
kor,2017,0.141545787453651
kor,2018,0.148430660367012
kor,2019,0.155390858650208
kor,2020,0.156795680522919
kor,2021,0.155898630619049
kor,2022,0.162035301327705
kor,2023,0.164968684315681
kwt,1974,0.00431368267163634
kwt,1975,0.00577200530096889
kwt,1976,0.00730425259098411
kwt,1977,0.00915016885846853
kwt,1978,0.00976148806512356
kwt,1979,0.0092801908031106
kwt,1980,0.00875468272715807
kwt,1981,0.00848819501698017
kwt,1982,0.00846341345459223
kwt,1983,0.00853523425757885
kwt,1984,0.00825587939471006
kwt,1985,0.0078993197530508
kwt,1986,0.00761704053729773
kwt,1987,0.00715488428249955
kwt,1988,0.00669147865846753
kwt,1989,0.00639149779453874
kwt,1990,0.00631778920069337
kwt,1991,0.00677680131047964
kwt,1992,0.00647860392928124
kwt,1993,0.00652549928054214
kwt,1994,0.00660541374236345
kwt,1995,0.00671457452699542
kwt,1996,0.00679302820935845
kwt,1997,0.00674034934490919
kwt,1998,0.00707240728661418
kwt,1999,0.0071139526553452
kwt,2000,0.00685563823208213
kwt,2001,0.00687181111425161
kwt,2002,0.00723732216283679
kwt,2003,0.00774985738098621
kwt,2004,0.0082879401743412
kwt,2005,0.00898552779108286
kwt,2006,0.00936759728938341
kwt,2007,0.00994772091507912
kwt,2008,0.01024807151407
kwt,2009,0.0110576450824738
kwt,2010,0.0119529739022255
kwt,2011,0.0123941749334335
kwt,2012,0.0110757285729051
kwt,2013,0.0117025142535567
kwt,2014,0.0120099894702435
kwt,2015,0.0129421455785632
kwt,2016,0.0136895421892405
kwt,2017,0.0151627799496055
kwt,2018,0.0126699972897768
kwt,2019,0.01183114759624
kwt,2020,0.0125394091010094
kwt,2021,0.00968971941620112
kwt,2022,0.0100274262949824
kwt,2023,0.0101784681901336
lao,1980,0.000186264704097994
lao,1981,0.000190691978787072
lao,1982,0.000198515132069588
lao,1983,0.000209958845516667
lao,1984,0.000209181191166863
lao,1985,0.00021457216644194
lao,1986,0.000218331217183732
lao,1987,0.000229468161705881
lao,1988,0.000248907454079017
lao,1989,0.000285546557279304
lao,1990,0.000319627928547561
lao,1991,0.000348088215105236
lao,1992,0.000372310605598614
lao,1993,0.000395270966691896
lao,1994,0.000415432470617816
lao,1995,0.000433834531577304
lao,1996,0.000457721122074872
lao,1997,0.000475500419270247
lao,1998,0.000487630546558648
lao,1999,0.000507662305608392
lao,2000,0.000497681263368577
lao,2001,0.000504193129017949
lao,2002,0.000557979859877378
lao,2003,0.000598823127802461
lao,2004,0.000657996570225805
lao,2005,0.000730771338567138
lao,2006,0.00083098269533366
lao,2007,0.000985639402642846
lao,2008,0.00115690473467112
lao,2009,0.0013499726774171
lao,2010,0.00150218408089131
lao,2011,0.00162530201487243
lao,2012,0.00174539780709893
lao,2013,0.00182785314973444
lao,2014,0.00199395092204213
lao,2015,0.00202876143157482
lao,2016,0.00222957995720208
lao,2017,0.00233063194900751
lao,2018,0.00237790518440306
lao,2019,0.00241909036412835
lao,2020,0.00241893390193582
lao,2021,0.00239807437174022
lao,2022,0.00255010486580431
lao,2023,0.00261292909272015
lbn,1974,0.00162008719053119
lbn,1975,0.0016512485453859
lbn,1976,0.00166422233451158
lbn,1977,0.00151929398998618
lbn,1978,0.00143604830373079
lbn,1979,0.00137713074218482
lbn,1980,0.00128903612494469
lbn,1981,0.00130272365640849
lbn,1982,0.00126982689835131
lbn,1983,0.00124682695604861
lbn,1984,0.00127216009423137
lbn,1985,0.0013575047487393
lbn,1986,0.00138348224572837
lbn,1987,0.00148130173329264
lbn,1988,0.0015279296785593
lbn,1989,0.00157288240734488
lbn,1990,0.00149796437472105
lbn,1991,0.0014822194352746
lbn,1992,0.00146096281241626
lbn,1993,0.00143936451058835
lbn,1994,0.00141785165760666
lbn,1995,0.00139234960079193
lbn,1996,0.00138148153200746
lbn,1997,0.00140470918267965
lbn,1998,0.0014539104886353
lbn,1999,0.00152596330735832
lbn,2000,0.00163964170496911
lbn,2001,0.00185728794895113
lbn,2002,0.00225841789506376
lbn,2003,0.00283902953378856
lbn,2004,0.00356851331889629
lbn,2005,0.00412480486556888
lbn,2006,0.00432064151391387
lbn,2007,0.00462156115099788
lbn,2008,0.00507834646850824
lbn,2009,0.00581053644418716
lbn,2010,0.00647676736116409
lbn,2011,0.00694480957463384
lbn,2012,0.00721353990957141
lbn,2013,0.00753162242472172
lbn,2014,0.00776230078190565
lbn,2015,0.00782482139766216
lbn,2016,0.00795548502355814
lbn,2017,0.00797451473772526
lbn,2018,0.00663389125838876
lbn,2019,0.00674859900027514
lbn,2020,0.00304089370183647
lbn,2021,0.00368576613254845
lbn,2022,0.00374454981647432
lbn,2023,0.00364767201244831
lka,1954,0.00191981974057853
lka,1955,0.00196055439300835
lka,1956,0.00194972148165107
lka,1957,0.00191123434342444
lka,1958,0.0019027111120522
lka,1959,0.00189463782589883
lka,1960,0.00186858139932156
lka,1961,0.00184230587910861
lka,1962,0.00182231271173805
lka,1963,0.00181706668809056
lka,1964,0.00179072411265224
lka,1965,0.00175348890479654
lka,1966,0.00173140247352421
lka,1967,0.0017213198589161
lka,1968,0.00172847125213593
lka,1969,0.00177964055910707
lka,1970,0.00184247095603496
lka,1971,0.00186438322998583
lka,1972,0.00186731538269669
lka,1973,0.00186719419434667
lka,1974,0.00189457845408469
lka,1975,0.00197011814452708
lka,1976,0.00196219072677195
lka,1977,0.00185947120189667
lka,1978,0.00175949453841895
lka,1979,0.00167596177197993
lka,1980,0.00167466187849641
lka,1981,0.00193047395441681
lka,1982,0.0022523757070303
lka,1983,0.00272769783623517
lka,1984,0.00322257610969245
lka,1985,0.00357750034891069
lka,1986,0.00342671107500792
lka,1987,0.00299839116632938
lka,1988,0.002608064096421
lka,1989,0.00230540405027568
lka,1990,0.00211558793671429
lka,1991,0.00206611421890557
lka,1992,0.00207438762299716
lka,1993,0.00203790236264467
lka,1994,0.00207166862674058
lka,1995,0.00219694152474403
lka,1996,0.00237413356080651
lka,1997,0.00237418152391911
lka,1998,0.00234136986546218
lka,1999,0.00237555312924087
lka,2000,0.00232351361773908
lka,2001,0.00224062521010637
lka,2002,0.00230697682127357
lka,2003,0.00240001711063087
lka,2004,0.00249080592766404
lka,2005,0.00268467329442501
lka,2006,0.00298605835996568
lka,2007,0.00337800895795226
lka,2008,0.00392212206497788
lka,2009,0.00454392051324248
lka,2010,0.00540312239900231
lka,2011,0.00614180788397789
lka,2012,0.00660979608073831
lka,2013,0.00705697946250439
lka,2014,0.00752889271825552
lka,2015,0.00802134349942207
lka,2016,0.00866303034126759
lka,2017,0.00937980506569147
lka,2018,0.00953980255872011
lka,2019,0.00947793293744326
lka,2020,0.00921301357448101
lka,2021,0.0090129217132926
lka,2022,0.00915021914988756
lka,2023,0.00892744585871697
lso,1970,8.00266207079403e-05
lso,1971,8.36671169963665e-05
lso,1972,8.33498852443881e-05
lso,1973,8.56643819133751e-05
lso,1974,8.91823146957904e-05
lso,1975,0.000102330108347815
lso,1976,0.000132470318931155
lso,1977,0.000139526091516018
lso,1978,0.000155857545905747
lso,1979,0.000190508479136042
lso,1980,0.000219318550080061
lso,1981,0.000229598881560378
lso,1982,0.000228869495913386
lso,1983,0.000209994628676213
lso,1984,0.000206618788070045
lso,1985,0.000219273322727531
lso,1986,0.000193902043974958
lso,1987,0.000193519532331266
lso,1988,0.000211512189707719
lso,1989,0.000220975940464996
lso,1990,0.000223152892431244
lso,1991,0.000226721822400577
lso,1992,0.000251205870881677
lso,1993,0.000249506061663851
lso,1994,0.000250090699410066
lso,1995,0.000243688293267041
lso,1996,0.000258477404713631
lso,1997,0.000275500991847366
lso,1998,0.000264806731138378
lso,1999,0.000267684721620753
lso,2000,0.000270366930635646
lso,2001,0.000256540253758431
lso,2002,0.000236505598877557
lso,2003,0.000231822530622594
lso,2004,0.000213667648495175
lso,2005,0.00019712740322575
lso,2006,0.000190190898138098
lso,2007,0.00020963118004147
lso,2008,0.000247790187131614
lso,2009,0.000304914254229516
lso,2010,0.000351422058884054
lso,2011,0.000362792314263061
lso,2012,0.000353665876900777
lso,2013,0.000349422422004864
lso,2014,0.000345004664268345
lso,2015,0.000361648912075907
lso,2016,0.000354317249730229
lso,2017,0.000344216910889372
lso,2018,0.000316734134685248
lso,2019,0.000298424536595121
lso,2020,0.000275665894150734
lso,2021,0.000259992288192734
lso,2022,0.000271592318313196
lso,2023,0.000278304796665907
ltu,1994,0.00211948272772133
ltu,1995,0.00201809103600681
ltu,1996,0.00197538966313005
ltu,1997,0.00198632711544633
ltu,1998,0.00203797477297485
ltu,1999,0.00205070851370692
ltu,2000,0.00197975011542439
ltu,2001,0.00207795342430472
ltu,2002,0.00196845573373139
ltu,2003,0.00208120886236429
ltu,2004,0.00209685205481946
ltu,2005,0.00217381282709539
ltu,2006,0.00244684517383575
ltu,2007,0.00276328600011766
ltu,2008,0.00295947748236358
ltu,2009,0.00302954390645027
ltu,2010,0.00365322874858975
ltu,2011,0.00374227878637612
ltu,2012,0.0037422850728035
ltu,2013,0.00392089551314712
ltu,2014,0.00379224959760904
ltu,2015,0.0038852016441524
ltu,2016,0.00395851535722613
ltu,2017,0.00407262239605188
ltu,2018,0.00423103198409081
ltu,2019,0.00447347806766629
ltu,2020,0.00449211243540049
ltu,2021,0.00471242610365152
ltu,2022,0.00494175683706999
ltu,2023,0.00515905534848571
lux,1954,0.0013257039245218
lux,1955,0.00136673368979245
lux,1956,0.00138450739905238
lux,1957,0.00144046486821026
lux,1958,0.00148102198727429
lux,1959,0.00148065690882504
lux,1960,0.00147095846477896
lux,1961,0.00149979954585433
lux,1962,0.00154001754708588
lux,1963,0.00154983741231263
lux,1964,0.00152689462993294
lux,1965,0.001525076222606
lux,1966,0.00149613188114017
lux,1967,0.00142509501893073
lux,1968,0.00136615498922765
lux,1969,0.00133386882953346
lux,1970,0.00133941264357418
lux,1971,0.00136931973975152
lux,1972,0.00136560958344489
lux,1973,0.00135610718280077
lux,1974,0.00131796253845096
lux,1975,0.00133178161922842
lux,1976,0.00131437659729272
lux,1977,0.00132899801246822
lux,1978,0.00131987931672484
lux,1979,0.00131929886993021
lux,1980,0.00130959926173091
lux,1981,0.0012971778633073
lux,1982,0.00126826297491789
lux,1983,0.00123931374400854
lux,1984,0.00118800951167941
lux,1985,0.00114643492270261
lux,1986,0.00118400482460856
lux,1987,0.00124155171215534
lux,1988,0.00131606811191887
lux,1989,0.00142320222221315
lux,1990,0.00151556427590549
lux,1991,0.00165084155742079
lux,1992,0.0017110810149461
lux,1993,0.00181712687481195
lux,1994,0.00185094296466559
lux,1995,0.00187524151988328
lux,1996,0.00185480434447527
lux,1997,0.0018329742597416
lux,1998,0.00179978390224278
lux,1999,0.00179479084908962
lux,2000,0.0017865754198283
lux,2001,0.00161040341481566
lux,2002,0.00153839308768511
lux,2003,0.00163978757336736
lux,2004,0.00166029541287571
lux,2005,0.00188495486509055
lux,2006,0.00180996651761234
lux,2007,0.00184068898670375
lux,2008,0.00205058860592544
lux,2009,0.00213904120028019
lux,2010,0.0023677134886384
lux,2011,0.00270874565467238
lux,2012,0.00261605344712734
lux,2013,0.00260919774882495
lux,2014,0.00272071757353842
lux,2015,0.00297725759446621
lux,2016,0.00296234060078859
lux,2017,0.00295958761125803
lux,2018,0.00295577198266983
lux,2019,0.00306295487098396
lux,2020,0.00291706225834787
lux,2021,0.00297759007662535
lux,2022,0.00303701008670032
lux,2023,0.00306313624605536
lva,1994,0.00223999214358628
lva,1995,0.00214686361141503
lva,1996,0.00206972938030958
lva,1997,0.00200573168694973
lva,1998,0.00202413788065314
lva,1999,0.00202089920639992
lva,2000,0.00179901497904211
lva,2001,0.00148111209273338
lva,2002,0.00158030784223229
lva,2003,0.00177115469705313
lva,2004,0.00173681729938835
lva,2005,0.00166950526181608
lva,2006,0.00232778978534043
lva,2007,0.00257710739970207
lva,2008,0.00323942606337369
lva,2009,0.00376680423505604
lva,2010,0.00395937636494637
lva,2011,0.00442877504974604
lva,2012,0.00423123454675078
lva,2013,0.00388122745789588
lva,2014,0.00394153641536832
lva,2015,0.00417199172079563
lva,2016,0.00422447826713324
lva,2017,0.00432162219658494
lva,2018,0.00441478751599789
lva,2019,0.00438052229583263
lva,2020,0.00439874175935984
lva,2021,0.00422666314989328
lva,2022,0.00431868806481361
lva,2023,0.00438196305185556
mac,1980,0.000201655522687361
mac,1981,0.000217520631849766
mac,1982,0.000236659587244503
mac,1983,0.000256358965998516
mac,1984,0.000265748822130263
mac,1985,0.000276936218142509
mac,1986,0.000297796213999391
mac,1987,0.000312062067678198
mac,1988,0.000331238203216344
mac,1989,0.000358869729097933
mac,1990,0.000388218322768807
mac,1991,0.000429518171586096
mac,1992,0.000481265131384134
mac,1993,0.000532148696947843
mac,1994,0.000570301082916558
mac,1995,0.000591994321439415
mac,1996,0.000593012489844114
mac,1997,0.000592077034525573
mac,1998,0.000584508874453604
mac,1999,0.000579412968363613
mac,2000,0.00054507254390046
mac,2001,0.000526238582096994
mac,2002,0.000527619209606201
mac,2003,0.000541766872629523
mac,2004,0.000569117430131882
mac,2005,0.000630441296380013
mac,2006,0.00073588133091107
mac,2007,0.00091410567983985
mac,2008,0.001123724039644
mac,2009,0.00134785252157599
mac,2010,0.00157970492728055
mac,2011,0.00172585342079401
mac,2012,0.00177811784669757
mac,2013,0.00183569570071995
mac,2014,0.00192999595310539
mac,2015,0.00202152947895229
mac,2016,0.00207672547549009
mac,2017,0.00208914768882096
mac,2018,0.00211839866824448
mac,2019,0.00209460593760014
mac,2020,0.00202396837994456
mac,2021,0.00196884688921273
mac,2022,0.00194970611482859
mac,2023,0.00192287925165147
mar,1954,0.00202617864124477
mar,1955,0.00195087993051857
mar,1956,0.00185006414540112
mar,1957,0.00174163212068379
mar,1958,0.00169036071747541
mar,1959,0.00156605092342943
mar,1960,0.0015023733722046
mar,1961,0.00143721851054579
mar,1962,0.00140795006882399
mar,1963,0.00139901123475283
mar,1964,0.00134084827732295
mar,1965,0.0013179435627535
mar,1966,0.00127935665659606
mar,1967,0.00128789199516177
mar,1968,0.00130105565767735
mar,1969,0.00130038533825427
mar,1970,0.00138912198599428
mar,1971,0.00146564154420048
mar,1972,0.00149316410534084
mar,1973,0.00152088736649603
mar,1974,0.00151241559069604
mar,1975,0.00172117887996137
mar,1976,0.00197489187121391
mar,1977,0.00220358511433005
mar,1978,0.00223571248352528
mar,1979,0.00226738909259439
mar,1980,0.00222812755964696
mar,1981,0.00229484844021499
mar,1982,0.0024595046415925
mar,1983,0.00283297058194876
mar,1984,0.00340088992379606
mar,1985,0.00402531726285815
mar,1986,0.00439026672393084
mar,1987,0.00479230564087629
mar,1988,0.00535581493750215
mar,1989,0.00613626837730408
mar,1990,0.00709452480077744
mar,1991,0.00828818138688803
mar,1992,0.00959225092083216
mar,1993,0.0110049517825246
mar,1994,0.0124193225055933
mar,1995,0.0134642655029893
mar,1996,0.0138544607907534
mar,1997,0.0131751345470548
mar,1998,0.0117937605828047
mar,1999,0.0104457996785641
mar,2000,0.0091338288038969
mar,2001,0.00817771069705486
mar,2002,0.0077357329428196
mar,2003,0.00742125231772661
mar,2004,0.00724073639139533
mar,2005,0.00734029104933143
mar,2006,0.0078322971239686
mar,2007,0.00881839822977781
mar,2008,0.0106116887181997
mar,2009,0.0132727082818747
mar,2010,0.0163950175046921
mar,2011,0.0185923390090466
mar,2012,0.0189452320337296
mar,2013,0.0181628484278917
mar,2014,0.0168347470462322
mar,2015,0.0179600771516562
mar,2016,0.01844722032547
mar,2017,0.0182473957538605
mar,2018,0.0163938291370869
mar,2019,0.0154596194624901
mar,2020,0.0161607768386602
mar,2021,0.0133120799437165
mar,2022,0.0135893588885665
mar,2023,0.0136144617572427
mda,1994,0.000977882882580161
mda,1995,0.000932160008233041
mda,1996,0.000894100347068161
mda,1997,0.000842918991111219
mda,1998,0.000800108071416616
mda,1999,0.000750938372220844
mda,2000,0.000698697112966329
mda,2001,0.000668391643557698
mda,2002,0.000660862657241523
mda,2003,0.000659541285131127
mda,2004,0.000651537266094238
mda,2005,0.000650176603812724
mda,2006,0.000653086695820093
mda,2007,0.000673417293000966
mda,2008,0.000712664856109768
mda,2009,0.000751449260860682
mda,2010,0.000745818426366895
mda,2011,0.000740053423214704
mda,2012,0.000819706183392555
mda,2013,0.000973485701251775
mda,2014,0.000989372259937227
mda,2015,0.00101311795879155
mda,2016,0.00102465855889022
mda,2017,0.00101050990633667
mda,2018,0.00120805541519076
mda,2019,0.00138878705911338
mda,2020,0.00155787251424044
mda,2021,0.00170989218167961
mda,2022,0.00181654712650925
mda,2023,0.000911584123969078
mex,1954,0.0324512086808682
mex,1955,0.0337158627808094
mex,1956,0.0353920385241509
mex,1957,0.0370049215853214
mex,1958,0.0377849601209164
mex,1959,0.0380350463092327
mex,1960,0.0388969257473946
mex,1961,0.039366077631712
mex,1962,0.039458941668272
mex,1963,0.0402943752706051
mex,1964,0.0406078472733498
mex,1965,0.0420044437050819
mex,1966,0.0434607490897179
mex,1967,0.0446704626083374
mex,1968,0.0464766398072243
mex,1969,0.0478481985628605
mex,1970,0.049106378108263
mex,1971,0.050413690507412
mex,1972,0.0517593920230866
mex,1973,0.0536985173821449
mex,1974,0.0545716993510723
mex,1975,0.0580240152776241
mex,1976,0.0591328218579292
mex,1977,0.0564363859593868
mex,1978,0.0538267716765404
mex,1979,0.0543992631137371
mex,1980,0.0552971549332142
mex,1981,0.0603588819503784
mex,1982,0.0635391026735306
mex,1983,0.0645909905433655
mex,1984,0.0638483017683029
mex,1985,0.0637408792972565
mex,1986,0.0630787461996079
mex,1987,0.0615855567157269
mex,1988,0.0594742186367512
mex,1989,0.0594579540193081
mex,1990,0.0627447739243507
mex,1991,0.0646112337708473
mex,1992,0.0665624365210533
mex,1993,0.0710828527808189
mex,1994,0.0723666921257973
mex,1995,0.0710754245519638
mex,1996,0.0699646323919296
mex,1997,0.0705645754933357
mex,1998,0.0727245658636093
mex,1999,0.0743926092982292
mex,2000,0.070246621966362
mex,2001,0.0674444437026978
mex,2002,0.0667912289500237
mex,2003,0.0687352120876312
mex,2004,0.0714641138911247
mex,2005,0.0759764462709427
mex,2006,0.077147014439106
mex,2007,0.0786835998296738
mex,2008,0.0810162201523781
mex,2009,0.092257022857666
mex,2010,0.106328897178173
mex,2011,0.121416479349136
mex,2012,0.121300712227821
mex,2013,0.126989766955376
mex,2014,0.123152889311314
mex,2015,0.121799431741238
mex,2016,0.121468923985958
mex,2017,0.121941223740578
mex,2018,0.115487098693848
mex,2019,0.1085559502244
mex,2020,0.0988814756274223
mex,2021,0.0936480015516281
mex,2022,0.0946877896785736
mex,2023,0.0956334099173546
mkd,1994,0.000786607211921364
mkd,1995,0.000767923658713698
mkd,1996,0.000756360648665577
mkd,1997,0.000736787042114884
mkd,1998,0.000738324248231947
mkd,1999,0.000758339941967279
mkd,2000,0.000781989307142794
mkd,2001,0.000837208819575608
mkd,2002,0.000916003889869899
mkd,2003,0.000966675055678934
mkd,2004,0.00102971855085343
mkd,2005,0.00111234863288701
mkd,2006,0.00120866450015455
mkd,2007,0.00123541883658618
mkd,2008,0.00135414570104331
mkd,2009,0.00143456924706697
mkd,2010,0.0015646304236725
mkd,2011,0.00145323784090579
mkd,2012,0.00143388798460364
mkd,2013,0.00147072889376432
mkd,2014,0.00149591674562544
mkd,2015,0.00142183422576636
mkd,2016,0.00143769942224026
mkd,2017,0.00126909650862217
mkd,2018,0.00158403441309929
mkd,2019,0.00158854643814266
mkd,2020,0.00148698128759861
mkd,2021,0.0014835256151855
mkd,2022,0.00152978941332549
mkd,2023,0.0015537318540737
mlt,1958,0.000105301762232557
mlt,1959,0.000105929670098703
mlt,1960,0.000108521053334698
mlt,1961,0.000108989035652485
mlt,1962,0.000108732696389779
mlt,1963,0.000108730622741859
mlt,1964,0.000109279339085333
mlt,1965,0.000112482244730927
mlt,1966,0.000113650159619283
mlt,1967,0.000115850962174591
mlt,1968,0.000120292286737822
mlt,1969,0.000126620841911063
mlt,1970,0.000129492414998822
mlt,1971,0.000131222972413525
mlt,1972,0.000131071385112591
mlt,1973,0.000133673616801389
mlt,1974,0.000138407180202194
mlt,1975,0.000148875071317889
mlt,1976,0.000157955786562525
mlt,1977,0.000165291668963619
mlt,1978,0.000167716571013443
mlt,1979,0.000175784545717761
mlt,1980,0.000178684058482759
mlt,1981,0.000191038532648236
mlt,1982,0.000207587305339985
mlt,1983,0.000229525248869322
mlt,1984,0.000240181019762531
mlt,1985,0.000250075943768024
mlt,1986,0.000254605372902006
mlt,1987,0.000265802344074473
mlt,1988,0.000277616258244962
mlt,1989,0.000291164615191519
mlt,1990,0.000310524919768795
mlt,1991,0.000325832079397514
mlt,1992,0.000339231599355117
mlt,1993,0.000357453624019399
mlt,1994,0.000374376977561042
mlt,1995,0.000399369630031288
mlt,1996,0.000415813294239342
mlt,1997,0.000421744858613238
mlt,1998,0.000433038745541126
mlt,1999,0.000450751162134111
mlt,2000,0.000434786546975374
mlt,2001,0.000393771537346765
mlt,2002,0.00038404346560128
mlt,2003,0.000400229269871488
mlt,2004,0.000400821707444266
mlt,2005,0.000395493465475738
mlt,2006,0.000415572867495939
mlt,2007,0.000446573423687369
mlt,2008,0.000459963426692411
mlt,2009,0.00049903109902516
mlt,2010,0.000600808649323881
mlt,2011,0.000623915286269039
mlt,2012,0.000651460082735866
mlt,2013,0.0006927908398211
mlt,2014,0.000616453180555254
mlt,2015,0.000649615132715553
mlt,2016,0.000686553597915918
mlt,2017,0.000701441720593721
mlt,2018,0.000706454215105623
mlt,2019,0.000756057968828827
mlt,2020,0.000822965987026691
mlt,2021,0.000846439972519875
mlt,2022,0.000916818215046078
mlt,2023,0.0009217758779414
mng,1980,0.000338880374329165
mng,1981,0.000362050137482584
mng,1982,0.000388313346775249
mng,1983,0.000410847598686814
mng,1984,0.00042245103395544
mng,1985,0.000436128117144108
mng,1986,0.0004523855750449
mng,1987,0.000463808508357033
mng,1988,0.000474157248390839
mng,1989,0.000494859938044101
mng,1990,0.000365448679076508
mng,1991,0.000481247145216912
mng,1992,0.00047644178266637
mng,1993,0.000489237892907113
mng,1994,0.000478306319564581
mng,1995,0.000463609787402675
mng,1996,0.000446598307462409
mng,1997,0.000444646371761337
mng,1998,0.000491137150675058
mng,1999,0.000549638119991869
mng,2000,0.000634510186500847
mng,2001,0.000748830323573202
mng,2002,0.000949579174630344
mng,2003,0.00124419829808176
mng,2004,0.0015679937787354
mng,2005,0.00186615611892194
mng,2006,0.00201043509878218
mng,2007,0.00223545148037374
mng,2008,0.00263008545152843
mng,2009,0.00299896695651114
mng,2010,0.00298690120689571
mng,2011,0.00331230158917606
mng,2012,0.00341821415349841
mng,2013,0.00335874315351248
mng,2014,0.0031040059402585
mng,2015,0.00289111281745136
mng,2016,0.00257909018546343
mng,2017,0.00256616529077292
mng,2018,0.0025952837895602
mng,2019,0.00263550993986428
mng,2020,0.00271646422334015
mng,2021,0.00269555929116905
mng,2022,0.00283555337227881
mng,2023,0.00291635352186859
moz,1964,0.000477061956189573
moz,1965,0.000462980504380539
moz,1966,0.00045194462290965
moz,1967,0.000439609168097377
moz,1968,0.000432285887654871
moz,1969,0.000433007051469758
moz,1970,0.000441584968939424
moz,1971,0.000451147381681949
moz,1972,0.000454256165539846
moz,1973,0.000456159352324903
moz,1974,0.000445285870227963
moz,1975,0.000457398011349142
moz,1976,0.000462899275589734
moz,1977,0.000460010982351378
moz,1978,0.000451026979135349
moz,1979,0.000449559825938195
moz,1980,0.000434964778833091
moz,1981,0.00044464529491961
moz,1982,0.000457638612715527
moz,1983,0.000441338255768642
moz,1984,0.000418740266468376
moz,1985,0.000394739967305213
moz,1986,0.000385744264349341
moz,1987,0.00038884425885044
moz,1988,0.000396772229578346
moz,1989,0.000402453355491161
moz,1990,0.000435994967119768
moz,1991,0.000464240118162707
moz,1992,0.000488363031763583
moz,1993,0.000510876765474677
moz,1994,0.000514106533955783
moz,1995,0.000536206352990121
moz,1996,0.000531638797838241
moz,1997,0.000534010294359177
moz,1998,0.00052924663759768
moz,1999,0.00057686580112204
moz,2000,0.000587351561989635
moz,2001,0.000611828581895679
moz,2002,0.000683663296513259
moz,2003,0.000737900554668158
moz,2004,0.000778658606577665
moz,2005,0.000827969168312848
moz,2006,0.000878919614478946
moz,2007,0.000921846309211105
moz,2008,0.000994046684354544
moz,2009,0.00109185290057212
moz,2010,0.00121937890071422
moz,2011,0.00135466805659235
moz,2012,0.00164976238738745
moz,2013,0.00194666453171521
moz,2014,0.00219319760799408
moz,2015,0.00233400985598564
moz,2016,0.00264899269677699
moz,2017,0.00256876857019961
moz,2018,0.00254928506910801
moz,2019,0.00278775417245924
moz,2020,0.00276980642229319
moz,2021,0.00300889485515654
moz,2022,0.00327096157707274
moz,2023,0.00327775906771421
mrt,1977,0.00104475195985287
mrt,1978,0.000985456281341612
mrt,1979,0.000975816161371768
mrt,1980,0.000955060357227922
mrt,1981,0.000986074912361801
mrt,1982,0.00101850717328489
mrt,1983,0.00105403724592179
mrt,1984,0.00106036325450987
mrt,1985,0.0010524868266657
mrt,1986,0.00102041440550238
mrt,1987,0.000968164182268083
mrt,1988,0.00091359531506896
mrt,1989,0.000868306786287576
mrt,1990,0.000828451360575855
mrt,1991,0.000799186003860086
mrt,1992,0.000783632334787399
mrt,1993,0.000769220350775868
mrt,1994,0.000739838695153594
mrt,1995,0.000728877086658031
mrt,1996,0.000710578460711986
mrt,1997,0.000681777426507324
mrt,1998,0.000669361383188516
mrt,1999,0.000669550616294146
mrt,2000,0.000675211544148624
mrt,2001,0.000702926015947014
mrt,2002,0.000768561963923276
mrt,2003,0.000849419448059052
mrt,2004,0.000934616255108267
mrt,2005,0.0010454747825861
mrt,2006,0.0010912959696725
mrt,2007,0.00120299344416708
mrt,2008,0.00129510334227234
mrt,2009,0.00138290866743773
mrt,2010,0.00149346387479454
mrt,2011,0.00153374415822327
mrt,2012,0.00154045387171209
mrt,2013,0.00151213444769382
mrt,2014,0.00147696095518768
mrt,2015,0.00139940937515348
mrt,2016,0.00135895528364927
mrt,2017,0.00134471920318902
mrt,2018,0.0012107549700886
mrt,2019,0.00112691672984511
mrt,2020,0.000991718494333327
mrt,2021,0.000986708328127861
mrt,2022,0.00102221209090203
mrt,2023,0.00101663440000266
mus,1954,0.000215618725633249
mus,1955,0.000216305808862671
mus,1956,0.00021394481882453
mus,1957,0.000214957763091661
mus,1958,0.000218820336158387
mus,1959,0.000214936939300969
mus,1960,0.000231341036851518
mus,1961,0.000232889360631816
mus,1962,0.000229425801080652
mus,1963,0.000226208430831321
mus,1964,0.000207599499844946
mus,1965,0.000204747237148695
mus,1966,0.00019333184172865
mus,1967,0.000188861537026241
mus,1968,0.000180090311914682
mus,1969,0.000175879526068456
mus,1970,0.00016780846635811
mus,1971,0.000162993092089891
mus,1972,0.000158638111315668
mus,1973,0.000162365060532466
mus,1974,0.000159523115144111
mus,1975,0.000172102401847951
mus,1976,0.000180575530976057
mus,1977,0.000186023855349049
mus,1978,0.000155743575305678
mus,1979,0.000158341601490974
mus,1980,0.000155357833136804
mus,1981,0.000155731060658582
mus,1982,0.000155292989802547
mus,1983,0.000155924935825169
mus,1984,0.000154646462760866
mus,1985,0.000152809647261165
mus,1986,0.00015627003449481
mus,1987,0.000165790741448291
mus,1988,0.000188005113159306
mus,1989,0.000215490406844765
mus,1990,0.000256222527241334
mus,1991,0.00030739331850782
mus,1992,0.000370979309082031
mus,1993,0.00045464831055142
mus,1994,0.000564417976420373
mus,1995,0.000638647121377289
mus,1996,0.000677237869240344
mus,1997,0.000658260018099099
mus,1998,0.00060905353166163
mus,1999,0.000558507221285254
mus,2000,0.00048833223991096
mus,2001,0.000438086193753406
mus,2002,0.000406854000175372
mus,2003,0.000385475083021447
mus,2004,0.000372451497241855
mus,2005,0.000370776338968426
mus,2006,0.000389232794987038
mus,2007,0.000425645761424676
mus,2008,0.000479445065138862
mus,2009,0.000546609633602202
mus,2010,0.000632100971415639
mus,2011,0.000669055269099772
mus,2012,0.000632823561318219
mus,2013,0.000592399563174695
mus,2014,0.000563806155696511
mus,2015,0.000550721713807434
mus,2016,0.00053792359540239
mus,2017,0.000532099686097354
mus,2018,0.000506490934640169
mus,2019,0.00050214008660987
mus,2020,0.000652323476970196
mus,2021,0.000684406608343124
mus,2022,0.000713325978722423
mus,2023,0.00073294440517202
mys,1959,0.00679333554580808
mys,1960,0.00673687225207686
mys,1961,0.00661877589300275
mys,1962,0.00671734800562263
mys,1963,0.00681164162233472
mys,1964,0.00682135485112667
mys,1965,0.00689943833276629
mys,1966,0.00698482478037477
mys,1967,0.00705641554668546
mys,1968,0.007145413197577
mys,1969,0.00721763400360942
mys,1970,0.00748282577842474
mys,1971,0.00812236219644547
mys,1972,0.00841415207833052
mys,1973,0.00869552232325077
mys,1974,0.00901404861360788
mys,1975,0.00949427857995033
mys,1976,0.0101006766781211
mys,1977,0.0106759704649448
mys,1978,0.011047251522541
mys,1979,0.0116931209340692
mys,1980,0.0123236067593098
mys,1981,0.0135474381968379
mys,1982,0.0148278893902898
mys,1983,0.0160438176244497
mys,1984,0.0167330261319876
mys,1985,0.0170006211847067
mys,1986,0.0166349355131388
mys,1987,0.0158534087240696
mys,1988,0.0155397225171328
mys,1989,0.0158061683177948
mys,1990,0.0164299104362726
mys,1991,0.0173720754683018
mys,1992,0.0181788094341755
mys,1993,0.0192021671682596
mys,1994,0.0203364454209805
mys,1995,0.0216600280255079
mys,1996,0.0229075308889151
mys,1997,0.024013590067625
mys,1998,0.0230324361473322
mys,1999,0.0219282303005457
mys,2000,0.0213393624871969
mys,2001,0.0213395208120346
mys,2002,0.0220298860222101
mys,2003,0.022666173055768
mys,2004,0.023099722340703
mys,2005,0.0241958312690258
mys,2006,0.0251283831894398
mys,2007,0.0265340320765972
mys,2008,0.0284488778561354
mys,2009,0.0307518057525158
mys,2010,0.0328182019293308
mys,2011,0.0341783314943314
mys,2012,0.035065084695816
mys,2013,0.0358674898743629
mys,2014,0.0367338620126247
mys,2015,0.0383325964212418
mys,2016,0.039349514991045
mys,2017,0.0407072603702545
mys,2018,0.0413293838500977
mys,2019,0.0415201634168625
mys,2020,0.0406727865338326
mys,2021,0.04014777764678
mys,2022,0.0412570387125015
mys,2023,0.0418751575052738
nam,1964,0.000263217749306932
nam,1965,0.000274837686447427
nam,1966,0.000290288327960297
nam,1967,0.000309358903905377
nam,1968,0.000328206311678514
nam,1969,0.000348500092513859
nam,1970,0.00037846397026442
nam,1971,0.000405714497901499
nam,1972,0.00042405110434629
nam,1973,0.00043856303091161
nam,1974,0.000444183737272397
nam,1975,0.000466946221422404
nam,1976,0.000481335067888722
nam,1977,0.000487478391733021
nam,1978,0.000487105804495513
nam,1979,0.000491100654471666
nam,1980,0.000495526823215187
nam,1981,0.000531364348717034
nam,1982,0.000557691440917552
nam,1983,0.000576730875764042
nam,1984,0.000572525837924331
nam,1985,0.000566794187761843
nam,1986,0.000562546483706683
nam,1987,0.000562208646442741
nam,1988,0.000562807021196932
nam,1989,0.00055973167764023
nam,1990,0.000606327084824443
nam,1991,0.000595318095292896
nam,1992,0.000560069165658206
nam,1993,0.000537657702807337
nam,1994,0.000507626100443304
nam,1995,0.000506533833686262
nam,1996,0.000502147944644094
nam,1997,0.000484938354929909
nam,1998,0.000489062047563493
nam,1999,0.000492753519210964
nam,2000,0.000473377062007785
nam,2001,0.000482911767903715
nam,2002,0.000517718028277159
nam,2003,0.000541230838280171
nam,2004,0.000545979011803865
nam,2005,0.000562653644010425
nam,2006,0.000585791713092476
nam,2007,0.000632228329777718
nam,2008,0.000736882269848138
nam,2009,0.000919551064725965
nam,2010,0.00110151222907007
nam,2011,0.00116886931937188
nam,2012,0.00115032063331455
nam,2013,0.00127113645430654
nam,2014,0.0012824380537495
nam,2015,0.00121005240362138
nam,2016,0.0011207110946998
nam,2017,0.00104532367549837
nam,2018,0.00108811957761645
nam,2019,0.00107917061541229
nam,2020,0.00105533457826823
nam,2021,0.00109939195681363
nam,2022,0.0011059392709285
nam,2023,0.00117583316750824
ner,1964,0.00198071054182947
ner,1965,0.00187554745934904
ner,1966,0.00176686991471797
ner,1967,0.00168361095711589
ner,1968,0.00160548440180719
ner,1969,0.00152066338341683
ner,1970,0.00147404347080737
ner,1971,0.00139664695598185
ner,1972,0.00135176221374422
ner,1973,0.00131018634419888
ner,1974,0.0012443084269762
ner,1975,0.00117536692414433
ner,1976,0.00115982349961996
ner,1977,0.00112777366302907
ner,1978,0.00111089320853353
ner,1979,0.00112732953857631
ner,1980,0.00114307238254696
ner,1981,0.00115832581650466
ner,1982,0.00114872492849827
ner,1983,0.00117737823165953
ner,1984,0.00115362647920847
ner,1985,0.0010747853666544
ner,1986,0.00105985545087606
ner,1987,0.00100546225439757
ner,1988,0.000967170170042664
ner,1989,0.000952897302340716
ner,1990,0.000936615455430001
ner,1991,0.000924046384170651
ner,1992,0.000912022194825113
ner,1993,0.000894563156180084
ner,1994,0.000873171258717775
ner,1995,0.000852356548421085
ner,1996,0.000822898116894066
ner,1997,0.000796582899056375
ner,1998,0.000783748691901565
ner,1999,0.000758116948418319
ner,2000,0.000717589980922639
ner,2001,0.000709905696567148
ner,2002,0.00072000827640295
ner,2003,0.00071521574864164
ner,2004,0.000715500791557133
ner,2005,0.000730531057342887
ner,2006,0.000750613806303591
ner,2007,0.000777532579377294
ner,2008,0.000864115660078824
ner,2009,0.00099230045452714
ner,2010,0.00115550821647048
ner,2011,0.00130765733774751
ner,2012,0.00144546118099242
ner,2013,0.00130822346545756
ner,2014,0.00136039650533348
ner,2015,0.00140817917417735
ner,2016,0.00140660628676415
ner,2017,0.00151612004265189
ner,2018,0.00150065706111491
ner,2019,0.00156144029460847
ner,2020,0.00153595418669283
ner,2021,0.00151300337165594
ner,2022,0.00157409941311926
ner,2023,0.00158840976655483
nga,1954,0.0188865661621094
nga,1955,0.0199360605329275
nga,1956,0.0207934584468603
nga,1957,0.0218151248991489
nga,1958,0.0222414713352919
nga,1959,0.0226461458951235
nga,1960,0.023226086050272
nga,1961,0.0238048024475575
nga,1962,0.0241544432938099
nga,1963,0.0246164742857218
nga,1964,0.0249958317726851
nga,1965,0.026623796671629
nga,1966,0.0277252979576588
nga,1967,0.0282445587217808
nga,1968,0.0279928036034107
nga,1969,0.0279159657657146
nga,1970,0.0303572919219732
nga,1971,0.0346046462655067
nga,1972,0.0386149175465107
nga,1973,0.0434386804699898
nga,1974,0.0466355793178082
nga,1975,0.0538949742913246
nga,1976,0.0629634410142899
nga,1977,0.0719554647803307
nga,1978,0.0771600008010864
nga,1979,0.0792063549160957
nga,1980,0.0787560790777206
nga,1981,0.0825381726026535
nga,1982,0.0842784494161606
nga,1983,0.0854034647345543
nga,1984,0.0842420607805252
nga,1985,0.0826496332883835
nga,1986,0.0616605915129185
nga,1987,0.047907181084156
nga,1988,0.0346829257905483
nga,1989,0.0255278013646603
nga,1990,0.0206663925200701
nga,1991,0.0175063032656908
nga,1992,0.0151346866041422
nga,1993,0.0140884863212705
nga,1994,0.0130047053098679
nga,1995,0.0116402506828308
nga,1996,0.0111163714900613
nga,1997,0.011228958144784
nga,1998,0.0117488335818052
nga,1999,0.0126874092966318
nga,2000,0.0140014700591564
nga,2001,0.0170587953180075
nga,2002,0.0238205082714558
nga,2003,0.0322183929383755
nga,2004,0.0431691519916058
nga,2005,0.0495622307062149
nga,2006,0.0533685870468617
nga,2007,0.0545278489589691
nga,2008,0.0567656420171261
nga,2009,0.0602442510426044
nga,2010,0.0643845051527023
nga,2011,0.0630438402295113
nga,2012,0.0522965677082539
nga,2013,0.046971257776022
nga,2014,0.0437998995184898
nga,2015,0.0392876788973808
nga,2016,0.0360236205160618
nga,2017,0.0349675193428993
nga,2018,0.0401702746748924
nga,2019,0.0513374656438828
nga,2020,0.0610308609902859
nga,2021,0.0754426121711731
nga,2022,0.0781916752457619
nga,2023,0.0802522078156471
nic,1980,0.001175865996629
nic,1981,0.00123471475671977
nic,1982,0.00127193320076913
nic,1983,0.00130641588475555
nic,1984,0.00130741414614022
nic,1985,0.00130151712801307
nic,1986,0.00130616512615234
nic,1987,0.00128956080880016
nic,1988,0.00124847318511456
nic,1989,0.0012270932784304
nic,1990,0.00122778932563961
nic,1991,0.00121013505849987
nic,1992,0.00120485725346953
nic,1993,0.00118681415915489
nic,1994,0.0011456161737442
nic,1995,0.00111649476457387
nic,1996,0.00108922924846411
nic,1997,0.00106652616523206
nic,1998,0.00105861725751311
nic,1999,0.00106707494705915
nic,2000,0.00103754072915763
nic,2001,0.00102110335137695
nic,2002,0.00103649904485792
nic,2003,0.00104962359182537
nic,2004,0.00106128980405629
nic,2005,0.00109034625347704
nic,2006,0.00111064338125288
nic,2007,0.00114550243597478
nic,2008,0.00119099696166813
nic,2009,0.00122295448090881
nic,2010,0.00127813033759594
nic,2011,0.00132165476679802
nic,2012,0.00134914682712406
nic,2013,0.00138007267378271
nic,2014,0.0014073959318921
nic,2015,0.00145605392754078
nic,2016,0.00152053229976445
nic,2017,0.00156286905985326
nic,2018,0.00170427234843373
nic,2019,0.00183101487345994
nic,2020,0.00194376392755657
nic,2021,0.00212584482505918
nic,2022,0.00217356812208891
nic,2023,0.00220036180689931
nld,1954,0.0376427620649338
nld,1955,0.0390267260372639
nld,1956,0.0407159626483917
nld,1957,0.0423130951821804
nld,1958,0.0431057065725327
nld,1959,0.0446304380893707
nld,1960,0.0457845218479633
nld,1961,0.0463876947760582
nld,1962,0.0464967042207718
nld,1963,0.0467198304831982
nld,1964,0.0488663502037525
nld,1965,0.0489959865808487
nld,1966,0.0494356155395508
nld,1967,0.0499638915061951
nld,1968,0.0507308132946491
nld,1969,0.0517186187207699
nld,1970,0.0523392520844936
nld,1971,0.0534548424184322
nld,1972,0.0522540584206581
nld,1973,0.0513767451047897
nld,1974,0.0506762489676476
nld,1975,0.0526221357285976
nld,1976,0.0517609603703022
nld,1977,0.0517694801092148
nld,1978,0.0513869374990463
nld,1979,0.0499913170933723
nld,1980,0.0484881065785885
nld,1981,0.045607004314661
nld,1982,0.0430757515132427
nld,1983,0.0414405316114426
nld,1984,0.039611928164959
nld,1985,0.0389253534376621
nld,1986,0.0389995574951172
nld,1987,0.0392999053001404
nld,1988,0.0401002131402493
nld,1989,0.0408342629671097
nld,1990,0.0418358780443668
nld,1991,0.0434554368257523
nld,1992,0.0446718782186508
nld,1993,0.0452747456729412
nld,1994,0.0448575243353844
nld,1995,0.0439058765769005
nld,1996,0.043792150914669
nld,1997,0.0423362217843533
nld,1998,0.0410314276814461
nld,1999,0.0399604812264442
nld,2000,0.0382673069834709
nld,2001,0.0357385873794556
nld,2002,0.0355709716677666
nld,2003,0.0369293205440044
nld,2004,0.037792157381773
nld,2005,0.0388218648731709
nld,2006,0.0418727956712246
nld,2007,0.045539565384388
nld,2008,0.0480094142258167
nld,2009,0.0512863695621491
nld,2010,0.0588888414204121
nld,2011,0.061014361679554
nld,2012,0.063014343380928
nld,2013,0.0653790310025215
nld,2014,0.0604323036968708
nld,2015,0.0607345029711723
nld,2016,0.059465941041708
nld,2017,0.0590509809553623
nld,2018,0.058337863534689
nld,2019,0.0574446693062782
nld,2020,0.0596725009381771
nld,2021,0.0587943308055401
nld,2022,0.0585735253989697
nld,2023,0.0585120916366577
nor,1954,0.0143049079924822
nor,1955,0.0145901590585709
nor,1956,0.0146693205460906
nor,1957,0.0147292744368315
nor,1958,0.0149952210485935
nor,1959,0.014696747995913
nor,1960,0.0144803281873465
nor,1961,0.0145147135481238
nor,1962,0.0143525488674641
nor,1963,0.0141398040577769
nor,1964,0.0134438369423151
nor,1965,0.0133283864706755
nor,1966,0.0131610594689846
nor,1967,0.0129617340862751
nor,1968,0.0126871997490525
nor,1969,0.0124321905896068
nor,1970,0.0125065352767706
nor,1971,0.0127937998622656
nor,1972,0.0130797745659947
nor,1973,0.013207140378654
nor,1974,0.0131069030612707
nor,1975,0.0139663340523839
nor,1976,0.0147654116153717
nor,1977,0.0152874952182174
nor,1978,0.015108191408217
nor,1979,0.0150931384414434
nor,1980,0.0145816039294004
nor,1981,0.015257298015058
nor,1982,0.0161029957234859
nor,1983,0.0169612690806389
nor,1984,0.0171056967228651
nor,1985,0.0178507007658482
nor,1986,0.0187225565314293
nor,1987,0.0186407174915075
nor,1988,0.0181428138166666
nor,1989,0.0175310801714659
nor,1990,0.0168032646179199
nor,1991,0.0162823032587767
nor,1992,0.0157997198402882
nor,1993,0.0155350547283888
nor,1994,0.0154640804976225
nor,1995,0.0152747668325901
nor,1996,0.0155702531337738
nor,1997,0.0156143456697464
nor,1998,0.0159097407013178
nor,1999,0.0153415454551578
nor,2000,0.0140134831890464
nor,2001,0.0141255585476756
nor,2002,0.0139823984354734
nor,2003,0.0142888426780701
nor,2004,0.0150287123396993
nor,2005,0.0158069040626287
nor,2006,0.0165262948721647
nor,2007,0.0174594186246395
nor,2008,0.0186231173574924
nor,2009,0.0211688373237848
nor,2010,0.0225468780845404
nor,2011,0.0230132956057787
nor,2012,0.023873470723629
nor,2013,0.0250874683260918
nor,2014,0.0245096385478973
nor,2015,0.0245418753474951
nor,2016,0.024424534291029
nor,2017,0.0241196993738413
nor,2018,0.0246419627219439
nor,2019,0.0247744806110859
nor,2020,0.0248433016240597
nor,2021,0.0235750935971737
nor,2022,0.0232799425721169
nor,2023,0.0232173949480057
nzl,1954,0.00535575300455093
nzl,1955,0.00544621702283621
nzl,1956,0.00553763331845403
nzl,1957,0.00562398135662079
nzl,1958,0.00562306586652994
nzl,1959,0.00555140199139714
nzl,1960,0.00559145724400878
nzl,1961,0.00560603104531765
nzl,1962,0.00556416483595967
nzl,1963,0.00557351158931851
nzl,1964,0.0053983717225492
nzl,1965,0.00553126353770495
nzl,1966,0.00563771836459637
nzl,1967,0.00557219376787543
nzl,1968,0.00540710613131523
nzl,1969,0.00536370929330587
nzl,1970,0.00538114132359624
nzl,1971,0.00542076164856553
nzl,1972,0.00557629810646176
nzl,1973,0.00556856114417315
nzl,1974,0.00562524469569325
nzl,1975,0.00603570602834225
nzl,1976,0.00584193179383874
nzl,1977,0.00594277121126652
nzl,1978,0.0058909454382956
nzl,1979,0.00577530963346362
nzl,1980,0.00550518883392215
nzl,1981,0.00584026938304305
nzl,1982,0.00595874292775989
nzl,1983,0.00622594216838479
nzl,1984,0.00633896561339498
nzl,1985,0.00664367154240608
nzl,1986,0.00671630166471005
nzl,1987,0.00674128206446767
nzl,1988,0.00681352149695158
nzl,1989,0.00696055730804801
nzl,1990,0.00702851405367255
nzl,1991,0.00709693692624569
nzl,1992,0.00708618434146047
nzl,1993,0.00720468815416098
nzl,1994,0.0072986613959074
nzl,1995,0.00736173940822482
nzl,1996,0.00737920450046659
nzl,1997,0.00697382120415568
nzl,1998,0.00657004863023758
nzl,1999,0.00617407122626901
nzl,2000,0.00597671093419194
nzl,2001,0.00593277998268604
nzl,2002,0.00608140416443348
nzl,2003,0.00608604121953249
nzl,2004,0.00609948532655835
nzl,2005,0.00615642126649618
nzl,2006,0.00632699346169829
nzl,2007,0.00649645878002048
nzl,2008,0.00664118677377701
nzl,2009,0.00691106636077166
nzl,2010,0.00725223962217569
nzl,2011,0.00750462105497718
nzl,2012,0.00755878211930394
nzl,2013,0.00870687328279018
nzl,2014,0.00870200153440237
nzl,2015,0.00820824690163136
nzl,2016,0.008335892111063
nzl,2017,0.00800512358546257
nzl,2018,0.00792479608207941
nzl,2019,0.00806563533842564
nzl,2020,0.00766136776655912
nzl,2021,0.00773141346871853
nzl,2022,0.00796417985111475
nzl,2023,0.00806389469653368
omn,1974,0.00169850839301944
omn,1975,0.00183504819869995
omn,1976,0.00176707771606743
omn,1977,0.00235171988606453
omn,1978,0.00275378488004208
omn,1979,0.0030420608818531
omn,1980,0.00279404874891043
omn,1981,0.00267250486649573
omn,1982,0.00265338458120823
omn,1983,0.00259039760567248
omn,1984,0.00253579812124372
omn,1985,0.00255074631422758
omn,1986,0.0025624530389905
omn,1987,0.00236296094954014
omn,1988,0.00225995853543282
omn,1989,0.00212476029992104
omn,1990,0.0020267425570637
omn,1991,0.00200119661167264
omn,1992,0.00200668745674193
omn,1993,0.00211468245834112
omn,1994,0.00213387259282172
omn,1995,0.00206028087995946
omn,1996,0.0019512859871611
omn,1997,0.00203938502818346
omn,1998,0.00262093311175704
omn,1999,0.00257075461558998
omn,2000,0.00251095625571907
omn,2001,0.00296982238069177
omn,2002,0.00378396967425942
omn,2003,0.0048026847653091
omn,2004,0.00587755115702748
omn,2005,0.00625312747433782
omn,2006,0.0069264923222363
omn,2007,0.00833142641931772
omn,2008,0.00896179769188166
omn,2009,0.0115039143711329
omn,2010,0.012616797350347
omn,2011,0.0127146886661649
omn,2012,0.0117409192025661
omn,2013,0.011597478762269
omn,2014,0.0109838983044028
omn,2015,0.0109576862305403
omn,2016,0.0107949934899807
omn,2017,0.0105684986338019
omn,2018,0.00927616376429796
omn,2019,0.00915673840790987
omn,2020,0.00873961113393307
omn,2021,0.0105920815840364
omn,2022,0.0110262436792254
omn,2023,0.0110631352290511
pan,1969,0.000449229177320376
pan,1970,0.000501313887070864
pan,1971,0.000558338186237961
pan,1972,0.000621679704636335
pan,1973,0.000674725160934031
pan,1974,0.000690688902977854
pan,1975,0.000739430892281234
pan,1976,0.000774544139858335
pan,1977,0.00075949146412313
pan,1978,0.000752878317143768
pan,1979,0.000755433284211904
pan,1980,0.000746223609894514
pan,1981,0.000796138716395944
pan,1982,0.000846212729811668
pan,1983,0.000859645544551313
pan,1984,0.00084175483789295
pan,1985,0.000827301759272814
pan,1986,0.000827141222544015
pan,1987,0.000825222407002002
pan,1988,0.000782161543611437
pan,1989,0.000741267227567732
pan,1990,0.000726238009519875
pan,1991,0.000734333822038025
pan,1992,0.000763565127272159
pan,1993,0.000817983993329108
pan,1994,0.000856421480420977
pan,1995,0.000901068095117807
pan,1996,0.00093984289560467
pan,1997,0.000974904047325254
pan,1998,0.00102782854810357
pan,1999,0.00106627948116511
pan,2000,0.00106524827424437
pan,2001,0.00105167319998145
pan,2002,0.00106846040580422
pan,2003,0.00109781126957387
pan,2004,0.001128118368797
pan,2005,0.00118656852282584
pan,2006,0.0012552224798128
pan,2007,0.00137822842225432
pan,2008,0.00155089655891061
pan,2009,0.00173703627660871
pan,2010,0.00198677321895957
pan,2011,0.00223158136941493
pan,2012,0.00251622661016881
pan,2013,0.00286543648689985
pan,2014,0.00325804320164025
pan,2015,0.00374937173910439
pan,2016,0.00431799050420523
pan,2017,0.00499939545989037
pan,2018,0.00543444184586406
pan,2019,0.00600068876519799
pan,2020,0.00615139212459326
pan,2021,0.00662836199626327
pan,2022,0.00691888760775328
pan,2023,0.00726374099031091
per,1954,0.00291770114563406
per,1955,0.00301807071082294
per,1956,0.0031702471897006
per,1957,0.00338166183792055
per,1958,0.0034393360838294
per,1959,0.00341216567903757
per,1960,0.00345066864974797
per,1961,0.0034854281693697
per,1962,0.00351162883453071
per,1963,0.00353203644044697
per,1964,0.00343156699091196
per,1965,0.00338785001076758
per,1966,0.00336525239981711
per,1967,0.00336702191270888
per,1968,0.00325502222403884
per,1969,0.00315225939266384
per,1970,0.00306310504674912
per,1971,0.00312814814969897
per,1972,0.00312961754389107
per,1973,0.00326097663491964
per,1974,0.00342928990721703
per,1975,0.00374216889031231
per,1976,0.00386934611015022
per,1977,0.00392003683373332
per,1978,0.00373048288747668
per,1979,0.00365920667536557
per,1980,0.00381881510838866
per,1981,0.00425402820110321
per,1982,0.0046929894015193
per,1983,0.00493550579994917
per,1984,0.0048432219773531
per,1985,0.00475852331146598
per,1986,0.00496891932561994
per,1987,0.00528771383687854
per,1988,0.00536479894071817
per,1989,0.00556834693998098
per,1990,0.00577356480062008
per,1991,0.00607679691165686
per,1992,0.00650065625086427
per,1993,0.00694997143000364
per,1994,0.00767443189397454
per,1995,0.0083192540332675
per,1996,0.0085847033187747
per,1997,0.00875203963369131
per,1998,0.00881186779588461
per,1999,0.00873170793056488
per,2000,0.00843696855008602
per,2001,0.00829507410526276
per,2002,0.00844502542167902
per,2003,0.00856478605419397
per,2004,0.00874878652393818
per,2005,0.00912283640354872
per,2006,0.00947373360395432
per,2007,0.00989938899874687
per,2008,0.0106604462489486
per,2009,0.0112696290016174
per,2010,0.0120242349803448
per,2011,0.0127089098095894
per,2012,0.0136440796777606
per,2013,0.0142303053289652
per,2014,0.014948021620512
per,2015,0.0156657956540585
per,2016,0.0163198541849852
per,2017,0.0172606389969587
per,2018,0.017913555726409
per,2019,0.0188210140913725
per,2020,0.018981147557497
per,2021,0.0200028214603663
per,2022,0.0209533981978893
per,2023,0.0213185753673315
phl,1954,0.00775433704257011
phl,1955,0.00806603860110045
phl,1956,0.00824660621583462
phl,1957,0.00848957616835833
phl,1958,0.0086568770930171
phl,1959,0.00887541100382805
phl,1960,0.00893004145473242
phl,1961,0.0090429000556469
phl,1962,0.00909664388746023
phl,1963,0.00928672961890698
phl,1964,0.00932898558676243
phl,1965,0.00945277977734804
phl,1966,0.00953798554837704
phl,1967,0.00970830209553242
phl,1968,0.00978257413953543
phl,1969,0.0099116675555706
phl,1970,0.00994800962507725
phl,1971,0.009537055157125
phl,1972,0.0085226483643055
phl,1973,0.00780376559123397
phl,1974,0.00715278135612607
phl,1975,0.00717019429430366
phl,1976,0.00762187922373414
phl,1977,0.00781727209687233
phl,1978,0.00780925946310163
phl,1979,0.00829378049820662
phl,1980,0.00825748685747385
phl,1981,0.00868157483637333
phl,1982,0.00916570145636797
phl,1983,0.00974436104297638
phl,1984,0.00989001616835594
phl,1985,0.0097237890586257
phl,1986,0.00971714872866869
phl,1987,0.0096899876371026
phl,1988,0.0102212065830827
phl,1989,0.0109380232170224
phl,1990,0.011645020917058
phl,1991,0.0123684359714389
phl,1992,0.0134118758141994
phl,1993,0.0145215541124344
phl,1994,0.0160466227680445
phl,1995,0.0169091261923313
phl,1996,0.0175960678607225
phl,1997,0.0177218858152628
phl,1998,0.0171045288443565
phl,1999,0.016222445294261
phl,2000,0.0151390256360173
phl,2001,0.0143040958791971
phl,2002,0.0140302516520023
phl,2003,0.0140862837433815
phl,2004,0.0141521422192454
phl,2005,0.0143919205293059
phl,2006,0.0150736859068275
phl,2007,0.0162735786288977
phl,2008,0.0181447397917509
phl,2009,0.0205540787428617
phl,2010,0.0232171677052975
phl,2011,0.0248644649982452
phl,2012,0.0243128389120102
phl,2013,0.0236840266734362
phl,2014,0.0233850926160812
phl,2015,0.0245178621262312
phl,2016,0.0263432320207357
phl,2017,0.0273209717124701
phl,2018,0.0301151536405087
phl,2019,0.0328161418437958
phl,2020,0.0336711183190346
phl,2021,0.0353218242526054
phl,2022,0.0372104719281197
phl,2023,0.0385114774107933
pol,1974,0.0143574476242065
pol,1975,0.0152422524988651
pol,1976,0.0156447105109692
pol,1977,0.0157401841133833
pol,1978,0.015558716841042
pol,1979,0.0155968796461821
pol,1980,0.0157030895352364
pol,1981,0.0165927447378635
pol,1982,0.0183798838406801
pol,1983,0.0209707748144865
pol,1984,0.0231596566736698
pol,1985,0.0245134737342596
pol,1986,0.0249552484601736
pol,1987,0.0249734241515398
pol,1988,0.0249913781881332
pol,1989,0.0242873672395945
pol,1990,0.0238170716911554
pol,1991,0.0231493525207043
pol,1992,0.0226375311613083
pol,1993,0.0221860576421022
pol,1994,0.0216642674058676
pol,1995,0.0216980148106813
pol,1996,0.022132508456707
pol,1997,0.0222108438611031
pol,1998,0.0224715620279312
pol,1999,0.0225712303072214
pol,2000,0.0220752153545618
pol,2001,0.0217390265315771
pol,2002,0.0209315158426762
pol,2003,0.0210859645158052
pol,2004,0.0219769589602947
pol,2005,0.0230918601155281
pol,2006,0.0226360149681568
pol,2007,0.022398455068469
pol,2008,0.0243296660482883
pol,2009,0.0262213461101055
pol,2010,0.0308357775211334
pol,2011,0.0317819267511368
pol,2012,0.0323794819414616
pol,2013,0.0331848487257957
pol,2014,0.0329673364758492
pol,2015,0.0348097272217274
pol,2016,0.0353397242724896
pol,2017,0.036344051361084
pol,2018,0.0365143269300461
pol,2019,0.0378152914345264
pol,2020,0.0369590632617474
pol,2021,0.0362647995352745
pol,2022,0.0371433235704899
pol,2023,0.0376051478087902
prt,1954,0.00549006974324584
prt,1955,0.00550226494669914
prt,1956,0.00553492456674576
prt,1957,0.00568358646705747
prt,1958,0.00577321276068687
prt,1959,0.00579378427937627
prt,1960,0.00601491332054138
prt,1961,0.00631041452288628
prt,1962,0.00642257742583752
prt,1963,0.00670328829437494
prt,1964,0.00681678857654333
prt,1965,0.00706846360117197
prt,1966,0.00726231094449759
prt,1967,0.00730808405205607
prt,1968,0.00741801084950566
prt,1969,0.00754332588985562
prt,1970,0.00802368391305208
prt,1971,0.00844260863959789
prt,1972,0.00874227657914162
prt,1973,0.00917589291930199
prt,1974,0.00924337934702635
prt,1975,0.00944995414465666
prt,1976,0.00962317921221256
prt,1977,0.00981166772544384
prt,1978,0.00987761747092009
prt,1979,0.00976916216313839
prt,1980,0.00973528902977705
prt,1981,0.0101359514519572
prt,1982,0.010635782033205
prt,1983,0.0112826265394688
prt,1984,0.011424046009779
prt,1985,0.011683315038681
prt,1986,0.0120268752798438
prt,1987,0.0125347226858139
prt,1988,0.0132718542590737
prt,1989,0.0141896530985832
prt,1990,0.0153366951271892
prt,1991,0.0166391301900148
prt,1992,0.0178435556590557
prt,1993,0.0189051032066345
prt,1994,0.0196576938033104
prt,1995,0.0200569611042738
prt,1996,0.0201361756771803
prt,1997,0.0195310711860657
prt,1998,0.0190588906407356
prt,1999,0.0187644548714161
prt,2000,0.0180145353078842
prt,2001,0.0163662899285555
prt,2002,0.0167790837585926
prt,2003,0.0175463426858187
prt,2004,0.0179126244038343
prt,2005,0.0186824109405279
prt,2006,0.0202200543135405
prt,2007,0.0216050613671541
prt,2008,0.0230222959071398
prt,2009,0.0246967989951372
prt,2010,0.0275879371911287
prt,2011,0.0275900699198246
prt,2012,0.0282724350690842
prt,2013,0.0286715291440487
prt,2014,0.0282865855842829
prt,2015,0.0269751232117414
prt,2016,0.0277603846043348
prt,2017,0.0271605812013149
prt,2018,0.0258882120251656
prt,2019,0.0256537217646837
prt,2020,0.0252095516771078
prt,2021,0.023709412664175
prt,2022,0.0239928066730499
prt,2023,0.0240239854902029
pry,1955,0.000420715165091679
pry,1956,0.000413720612414181
pry,1957,0.000431355903856456
pry,1958,0.000437530310591683
pry,1959,0.000427089835284278
pry,1960,0.000434969755588099
pry,1961,0.000441254960605875
pry,1962,0.000429233128670603
pry,1963,0.000417614792240784
pry,1964,0.000382402737159282
pry,1965,0.000385198771255091
pry,1966,0.000389857828849927
pry,1967,0.000402693374780938
pry,1968,0.000408621999667957
pry,1969,0.00041657715337351
pry,1970,0.000419991119997576
pry,1971,0.000427364924689755
pry,1972,0.000434138288255781
pry,1973,0.000456075766123831
pry,1974,0.000468271900899708
pry,1975,0.000494317791890353
pry,1976,0.000532579200807959
pry,1977,0.000577072845771909
pry,1978,0.000620908744167537
pry,1979,0.000685041304677725
pry,1980,0.00073807273292914
pry,1981,0.000855817808769643
pry,1982,0.000936587515752763
pry,1983,0.000994529924355447
pry,1984,0.00103193975519389
pry,1985,0.00106517865788192
pry,1986,0.00110075005795807
pry,1987,0.00113605218939483
pry,1988,0.00117180508095771
pry,1989,0.001240293844603
pry,1990,0.00133514101617038
pry,1991,0.00142730330117047
pry,1992,0.00149992702063173
pry,1993,0.00157788814976811
pry,1994,0.00164689205121249
pry,1995,0.00171145715285093
pry,1996,0.00174795964267105
pry,1997,0.00177531992085278
pry,1998,0.00176801963243634
pry,1999,0.00173514802008867
pry,2000,0.00169581780210137
pry,2001,0.00168008264154196
pry,2002,0.00174466008320451
pry,2003,0.00179318222217262
pry,2004,0.00184602732770145
pry,2005,0.00193091772962362
pry,2006,0.00202981242910028
pry,2007,0.00220080139115453
pry,2008,0.00245051132515073
pry,2009,0.00271919695660472
pry,2010,0.00304902088828385
pry,2011,0.00321869365870953
pry,2012,0.00305048725567758
pry,2013,0.00295259128324688
pry,2014,0.00288162776269019
pry,2015,0.0028782666195184
pry,2016,0.00282562570646405
pry,2017,0.00289676850661635
pry,2018,0.0031149962451309
pry,2019,0.00332001084461808
pry,2020,0.00347983813844621
pry,2021,0.00373283098451793
pry,2022,0.00389797752723098
pry,2023,0.00396521901711822
qat,1974,0.00409401208162308
qat,1975,0.00495111383497715
qat,1976,0.00522007141262293
qat,1977,0.00463171349838376
qat,1978,0.00481159845367074
qat,1979,0.00486639328300953
qat,1980,0.00410804012790322
qat,1981,0.00335306930355728
qat,1982,0.00316310743801296
qat,1983,0.00273148994892836
qat,1984,0.00219569774344564
qat,1985,0.0019575827755034
qat,1986,0.00175606727134436
qat,1987,0.00151211873162538
qat,1988,0.00140904576983303
qat,1989,0.0013575884513557
qat,1990,0.00135830463841558
qat,1991,0.00137468986213207
qat,1992,0.00141075532883406
qat,1993,0.00145906361285597
qat,1994,0.00149587728083134
qat,1995,0.00161475606728345
qat,1996,0.00182092655450106
qat,1997,0.00196243426762521
qat,1998,0.00218196213245392
qat,1999,0.00221645063720644
qat,2000,0.00217148358933628
qat,2001,0.00280629750341177
qat,2002,0.00360531662590802
qat,2003,0.00460302736610174
qat,2004,0.00569075252860785
qat,2005,0.00653335591778159
qat,2006,0.00825718138366938
qat,2007,0.0106651410460472
qat,2008,0.0126504730433226
qat,2009,0.0158795360475779
qat,2010,0.0179917346686125
qat,2011,0.020158501341939
qat,2012,0.0218062717467546
qat,2013,0.0250227767974138
qat,2014,0.0242214314639568
qat,2015,0.0244940388947725
qat,2016,0.0279501564800739
qat,2017,0.0288677047938108
qat,2018,0.0254210270941257
qat,2019,0.0288677830249071
qat,2020,0.0259772427380085
qat,2021,0.0251018088310957
qat,2022,0.0259219780564308
qat,2023,0.0277469735592604
rou,1964,0.00395556725561619
rou,1965,0.00407847482711077
rou,1966,0.0042005768045783
rou,1967,0.00441004987806082
rou,1968,0.00461536226794124
rou,1969,0.00483264587819576
rou,1970,0.00504190055653453
rou,1971,0.00530697777867317
rou,1972,0.00555865652859211
rou,1973,0.00571435038000345
rou,1974,0.00587567267939448
rou,1975,0.00649454398080707
rou,1976,0.00688022002577782
rou,1977,0.00745139364153147
rou,1978,0.00808644201606512
rou,1979,0.00866347644478083
rou,1980,0.00905188173055649
rou,1981,0.00962755549699068
rou,1982,0.0100427828729153
rou,1983,0.0104899210855365
rou,1984,0.0105926720425487
rou,1985,0.0108124203979969
rou,1986,0.0110011147335172
rou,1987,0.0110428389161825
rou,1988,0.0109393112361431
rou,1989,0.0109264180064201
rou,1990,0.0106938323006034
rou,1991,0.00950292311608791
rou,1992,0.00883119739592075
rou,1993,0.0082855960354209
rou,1994,0.00803191587328911
rou,1995,0.00754796247929335
rou,1996,0.00746402936056256
rou,1997,0.00791052263230085
rou,1998,0.00830252468585968
rou,1999,0.00881118420511484
rou,2000,0.00793381687253714
rou,2001,0.00723093841224909
rou,2002,0.00664493348449469
rou,2003,0.0069265179336071
rou,2004,0.007464534137398
rou,2005,0.00858527328819037
rou,2006,0.0100860353559256
rou,2007,0.0118610309436917
rou,2008,0.0144875915721059
rou,2009,0.016285577788949
rou,2010,0.0178875662386417
rou,2011,0.0202699210494757
rou,2012,0.0201506447046995
rou,2013,0.0193465836346149
rou,2014,0.0184877440333366
rou,2015,0.0190028585493565
rou,2016,0.018010351806879
rou,2017,0.0205146223306656
rou,2018,0.0203955806791782
rou,2019,0.0206632539629936
rou,2020,0.0201740320771933
rou,2021,0.020802004262805
rou,2022,0.0214448794722557
rou,2023,0.0223092157393694
rus,1994,0.308974057435989
rus,1995,0.300035446882248
rus,1996,0.21391598880291
rus,1997,0.194607645273209
rus,1998,0.195507496595383
rus,1999,0.207772076129913
rus,2000,0.193897396326065
rus,2001,0.183796554803848
rus,2002,0.180161997675896
rus,2003,0.180469423532486
rus,2004,0.185785412788391
rus,2005,0.191300943493843
rus,2006,0.205802083015442
rus,2007,0.223997190594673
rus,2008,0.243975281715393
rus,2009,0.262028813362122
rus,2010,0.257288932800293
rus,2011,0.259760290384293
rus,2012,0.267998665571213
rus,2013,0.319927990436554
rus,2014,0.280064553022385
rus,2015,0.273997187614441
rus,2016,0.272185266017914
rus,2017,0.270260542631149
rus,2018,0.298896431922913
rus,2019,0.330998122692108
rus,2020,0.360046237707138
rus,2021,0.410284072160721
rus,2022,0.415360242128372
rus,2023,0.416574895381928
rwa,1964,4.76435197924729e-05
rwa,1965,4.90358215756714e-05
rwa,1966,4.88234691147227e-05
rwa,1967,4.71799794468097e-05
rwa,1968,4.67882855446078e-05
rwa,1969,4.58919166703709e-05
rwa,1970,4.5619199227076e-05
rwa,1971,4.79708760394715e-05
rwa,1972,5.10386707901489e-05
rwa,1973,5.44439899385907e-05
rwa,1974,5.70036718272604e-05
rwa,1975,6.3367529946845e-05
rwa,1976,6.82992322253995e-05
rwa,1977,6.43234525341541e-05
rwa,1978,5.55920487386175e-05
rwa,1979,7.100807124516e-05
rwa,1980,6.69032087898813e-05
rwa,1981,7.00426389812492e-05
rwa,1982,6.47235428914428e-05
rwa,1983,6.74669499858283e-05
rwa,1984,7.35276989871636e-05
rwa,1985,8.54691097629257e-05
rwa,1986,8.84202163433656e-05
rwa,1987,0.000104834682133514
rwa,1988,0.000101658719358966
rwa,1989,0.00010958422353724
rwa,1990,0.00011542236461537
rwa,1991,0.000122732511954382
rwa,1992,0.00013431477418635
rwa,1993,0.000147471961099654
rwa,1994,0.000141898359288462
rwa,1995,0.000152442400576547
rwa,1996,0.000157468588440679
rwa,1997,0.000161614603712223
rwa,1998,0.000166098645422608
rwa,1999,0.000171142324688844
rwa,2000,0.000174911619978957
rwa,2001,0.000180779257789254
rwa,2002,0.000193774452782236
rwa,2003,0.000206672717467882
rwa,2004,0.000218758374103345
rwa,2005,0.000235922605497763
rwa,2006,0.000253968813922256
rwa,2007,0.000281709304545075
rwa,2008,0.000327452522469685
rwa,2009,0.000371401925804094
rwa,2010,0.000412991852499545
rwa,2011,0.000441102689364925
rwa,2012,0.00045358610805124
rwa,2013,0.000475361244753003
rwa,2014,0.000477650435641408
rwa,2015,0.000476647488540038
rwa,2016,0.000543901172932237
rwa,2017,0.000560745364055038
rwa,2018,0.00059768813662231
rwa,2019,0.000640860351268202
rwa,2020,0.000636290817055851
rwa,2021,0.00073269905988127
rwa,2022,0.000785743293818086
rwa,2023,0.000822932575829327
sau,1974,0.0429146103560925
sau,1975,0.0623892545700073
sau,1976,0.0933308750391007
sau,1977,0.129663616418839
sau,1978,0.161422431468964
sau,1979,0.173994511365891
sau,1980,0.14796370267868
sau,1981,0.121280692517757
sau,1982,0.110686548054218
sau,1983,0.103571817278862
sau,1984,0.0896422192454338
sau,1985,0.076696127653122
sau,1986,0.068637065589428
sau,1987,0.0622241720557213
sau,1988,0.0570145100355148
sau,1989,0.0539396926760674
sau,1990,0.0515125095844269
sau,1991,0.0513989739120007
sau,1992,0.0520986244082451
sau,1993,0.0534201227128506
sau,1994,0.051593191921711
sau,1995,0.0507968366146088
sau,1996,0.0477629750967026
sau,1997,0.0477096624672413
sau,1998,0.0515049807727337
sau,1999,0.0502559505403042
sau,2000,0.0478425398468971
sau,2001,0.052498959004879
sau,2002,0.0570015273988247
sau,2003,0.0606226548552513
sau,2004,0.0637873411178589
sau,2005,0.065832756459713
sau,2006,0.0731890574097633
sau,2007,0.0838515385985375
sau,2008,0.0916329398751259
sau,2009,0.130238801240921
sau,2010,0.1451316177845
sau,2011,0.15424919128418
sau,2012,0.14613538980484
sau,2013,0.143729537725449
sau,2014,0.134476199746132
sau,2015,0.14327871799469
sau,2016,0.14084529876709
sau,2017,0.133414134383202
sau,2018,0.103935606777668
sau,2019,0.0996789932250977
sau,2020,0.102195702493191
sau,2021,0.107890866696835
sau,2022,0.113476790487766
sau,2023,0.119212932884693
sdn,1974,0.00089329679030925
sdn,1975,0.000966810388490558
sdn,1976,0.000996132497675717
sdn,1977,0.000998367322608829
sdn,1978,0.00101928878575563
sdn,1979,0.00106005859561265
sdn,1980,0.00105716497637331
sdn,1981,0.00110557524021715
sdn,1982,0.00116013293154538
sdn,1983,0.00114675145596266
sdn,1984,0.00109757902100682
sdn,1985,0.00107794092036784
sdn,1986,0.001085942145437
sdn,1987,0.00107957364525646
sdn,1988,0.00107067020144314
sdn,1989,0.00106455851346254
sdn,1990,0.00110599095933139
sdn,1991,0.0011603954480961
sdn,1992,0.00123070750851184
sdn,1993,0.00127215427346528
sdn,1994,0.00129378109704703
sdn,1995,0.00134626368526369
sdn,1996,0.00141486921347678
sdn,1997,0.00156391749624163
sdn,1998,0.0017421655356884
sdn,1999,0.00171618966851383
sdn,2000,0.00171160011086613
sdn,2001,0.00184559100307524
sdn,2002,0.00222991988994181
sdn,2003,0.00235702493228018
sdn,2004,0.00245378655381501
sdn,2005,0.00279384083114564
sdn,2006,0.00322594121098518
sdn,2007,0.00410991022363305
sdn,2008,0.00558603974059224
sdn,2009,0.00826275441795588
sdn,2010,0.0131561011075974
sdn,2011,0.0166218504309654
sdn,2012,0.0123890163376927
sdn,2013,0.00807585380971432
sdn,2014,0.00916351564228535
sdn,2015,0.00782712828367949
sdn,2016,0.00826261658221483
sdn,2017,0.012807029299438
sdn,2018,0.0110899964347482
sdn,2019,0.00591312441974878
sdn,2020,0.00679618399590254
sdn,2021,0.00431277230381966
sdn,2022,0.00435011368244886
sdn,2023,0.0042427834123373
sen,1964,0.000917277182452381
sen,1965,0.000874369405210018
sen,1966,0.000825220660772175
sen,1967,0.000788447621744126
sen,1968,0.000754938635509461
sen,1969,0.000732200162019581
sen,1970,0.00072242331225425
sen,1971,0.000713388726580888
sen,1972,0.000704460369888693
sen,1973,0.000693202193360776
sen,1974,0.000677477451972663
sen,1975,0.000681484874803573
sen,1976,0.00067654816666618
sen,1977,0.000654334260616452
sen,1978,0.000624433276243508
sen,1979,0.000612500472925603
sen,1980,0.000589103263337165
sen,1981,0.000569941592402756
sen,1982,0.000532805628608912
sen,1983,0.000499736925121397
sen,1984,0.000468805810669437
sen,1985,0.000455246976343915
sen,1986,0.000463701202534139
sen,1987,0.000480124726891518
sen,1988,0.000513051927555352
sen,1989,0.000566305068787187
sen,1990,0.000640951388049871
sen,1991,0.000739094917662442
sen,1992,0.00086364772869274
sen,1993,0.00101348373573273
sen,1994,0.00116273597814143
sen,1995,0.00130484881810844
sen,1996,0.00137646566145122
sen,1997,0.00134806719142944
sen,1998,0.00130773312412202
sen,1999,0.00124726677313447
sen,2000,0.00115510611794889
sen,2001,0.00110390863846987
sen,2002,0.00108356471173465
sen,2003,0.00106031494215131
sen,2004,0.00104780972469598
sen,2005,0.00107028766069561
sen,2006,0.00110787979792804
sen,2007,0.00116691761650145
sen,2008,0.00126781256403774
sen,2009,0.00139029044657946
sen,2010,0.00151351175736636
sen,2011,0.00158514094073325
sen,2012,0.00157118402421474
sen,2013,0.00147709005977958
sen,2014,0.00143421965185553
sen,2015,0.00146823830436915
sen,2016,0.00146647193469107
sen,2017,0.0015692850574851
sen,2018,0.00175046408548951
sen,2019,0.00195796438492835
sen,2020,0.00210094288922846
sen,2021,0.00248538120649755
sen,2022,0.00277788285166025
sen,2023,0.00301249418407679
sgp,1964,0.000910731265321374
sgp,1965,0.000906591536477208
sgp,1966,0.000924908090382814
sgp,1967,0.00092442415188998
sgp,1968,0.000991100678220391
sgp,1969,0.00110466766636819
sgp,1970,0.00127710122615099
sgp,1971,0.00147802196443081
sgp,1972,0.00163293781224638
sgp,1973,0.00176942208781838
sgp,1974,0.00187134393490851
sgp,1975,0.00200507114641368
sgp,1976,0.00212576054036617
sgp,1977,0.00220929854549468
sgp,1978,0.00231260037980974
sgp,1979,0.00247768894769251
sgp,1980,0.00263337860815227
sgp,1981,0.00286321714520454
sgp,1982,0.00326312775723636
sgp,1983,0.0036121211014688
sgp,1984,0.00386041286401451
sgp,1985,0.00406248075887561
sgp,1986,0.00418262230232358
sgp,1987,0.0042248978279531
sgp,1988,0.00441532302647829
sgp,1989,0.0047271316871047
sgp,1990,0.00508654955774546
sgp,1991,0.00543435383588076
sgp,1992,0.0057889437302947
sgp,1993,0.00608046492561698
sgp,1994,0.00635392684489489
sgp,1995,0.00669267447665334
sgp,1996,0.00722616212442517
sgp,1997,0.00764108076691628
sgp,1998,0.00810735393315554
sgp,1999,0.00842120125889778
sgp,2000,0.00889715645462275
sgp,2001,0.00991990696638823
sgp,2002,0.0111733572557569
sgp,2003,0.0124131962656975
sgp,2004,0.0136888679116964
sgp,2005,0.0147716365754604
sgp,2006,0.0156668424606323
sgp,2007,0.0167958904057741
sgp,2008,0.0183713808655739
sgp,2009,0.0201022289693356
sgp,2010,0.0222094021737576
sgp,2011,0.0237199384719133
sgp,2012,0.0238175075501204
sgp,2013,0.0241756495088339
sgp,2014,0.0247100256383419
sgp,2015,0.0252242367714643
sgp,2016,0.0252264849841595
sgp,2017,0.0258315689861774
sgp,2018,0.0262186210602522
sgp,2019,0.0262790098786354
sgp,2020,0.0260477885603905
sgp,2021,0.0259571634232998
sgp,2022,0.0266954302787781
sgp,2023,0.0273042600601912
sle,1980,3.57587268808857e-05
sle,1981,3.78184922738001e-05
sle,1982,3.96775285480544e-05
sle,1983,4.17560040659737e-05
sle,1984,4.18836352764629e-05
sle,1985,4.23671917815227e-05
sle,1986,4.48295068053994e-05
sle,1987,4.81951574329287e-05
sle,1988,5.42558773304336e-05
sle,1989,6.50448419037275e-05
sle,1990,7.95172672951594e-05
sle,1991,0.00010046725947177
sle,1992,0.000134298417833634
sle,1993,0.000183685609954409
sle,1994,0.0002683745988179
sle,1995,0.000407234270824119
sle,1996,0.000509550620336086
sle,1997,0.000458900176454335
sle,1998,0.000395589100662619
sle,1999,0.000332188792526722
sle,2000,0.000275941914878786
sle,2001,0.000238813896430656
sle,2002,0.00022038770839572
sle,2003,0.000205639589694329
sle,2004,0.000193339103134349
sle,2005,0.000191853265278041
sle,2006,0.000191951025044546
sle,2007,0.000194613632629626
sle,2008,0.000202776718651876
sle,2009,0.000218144297832623
sle,2010,0.000274824036750942
sle,2011,0.000344951928127557
sle,2012,0.000332117633661255
sle,2013,0.000244943075813353
sle,2014,0.000217805776628666
sle,2015,0.000251833029324189
sle,2016,0.000245866540353745
sle,2017,0.000219719629967585
sle,2018,0.000277024082606658
sle,2019,0.000292394601274282
sle,2020,0.000317499070661142
sle,2021,0.000412455527111888
sle,2022,0.000382202822947875
sle,2023,0.000401293975301087
slv,1975,0.000436686910688877
slv,1976,0.000460205803392455
slv,1977,0.000491024984512478
slv,1978,0.000518615241162479
slv,1979,0.000522000656928867
slv,1980,0.000484975927975029
slv,1981,0.00047803350025788
slv,1982,0.000469981896458194
slv,1983,0.000463768054032698
slv,1984,0.000449014274636284
slv,1985,0.000441507349023595
slv,1986,0.000443590921349824
slv,1987,0.000448669830802828
slv,1988,0.00045526894973591
slv,1989,0.000471561885206029
slv,1990,0.000483793264720589
slv,1991,0.000496091844979674
slv,1992,0.00052282796241343
slv,1993,0.000558701052796096
slv,1994,0.000588695926126093
slv,1995,0.000629453337751329
slv,1996,0.000653033959679306
slv,1997,0.000677438394632191
slv,1998,0.000710252032149583
slv,1999,0.000739546318072826
slv,2000,0.00075844582170248
slv,2001,0.000788278761319816
slv,2002,0.000848963332828134
slv,2003,0.000913115101866424
slv,2004,0.00097498286049813
slv,2005,0.00104953721165657
slv,2006,0.00113476032856852
slv,2007,0.00124387920368463
slv,2008,0.00135973584838212
slv,2009,0.00148359534796327
slv,2010,0.0016160043887794
slv,2011,0.00173267105128616
slv,2012,0.00181616318877786
slv,2013,0.00193505466450006
slv,2014,0.00208162260241807
slv,2015,0.00215922947973013
slv,2016,0.00230335257947445
slv,2017,0.00246626953594387
slv,2018,0.00258758431300521
slv,2019,0.0027010936755687
slv,2020,0.00276979082264006
slv,2021,0.00299300043843687
slv,2022,0.00311533082276583
slv,2023,0.00318853463977575
srb,1994,0.00509032653644681
srb,1995,0.00490963831543922
srb,1996,0.00545074325054884
srb,1997,0.00537594966590405
srb,1998,0.00535929994657636
srb,1999,0.00510131753981113
srb,2000,0.00484973192214966
srb,2001,0.00463045854121447
srb,2002,0.00458478927612305
srb,2003,0.00460379617288709
srb,2004,0.00473653851076961
srb,2005,0.00483489967882633
srb,2006,0.00590027496218681
srb,2007,0.00613816408440471
srb,2008,0.00678175780922174
srb,2009,0.0066719762980938
srb,2010,0.00696154171600938
srb,2011,0.00719117233529687
srb,2012,0.00644950196146965
srb,2013,0.00704418076202273
srb,2014,0.00656938413158059
srb,2015,0.00619426043704152
srb,2016,0.00597008084878326
srb,2017,0.00603666109964252
srb,2018,0.00625202525407076
srb,2019,0.0065365256741643
srb,2020,0.00651405565440655
srb,2021,0.00721159810200334
srb,2022,0.00775926094502211
srb,2023,0.00800782907754183
stp,1980,6.25254233455053e-06
stp,1981,6.56643396723666e-06
stp,1982,6.92384173817118e-06
stp,1983,7.29483326722402e-06
stp,1984,7.40013319955324e-06
stp,1985,7.44253202356049e-06
stp,1986,7.40915947972098e-06
stp,1987,7.25299287296366e-06
stp,1988,7.41131043469068e-06
stp,1989,8.03518287284533e-06
stp,1990,8.95896664587781e-06
stp,1991,1.01774512586417e-05
stp,1992,1.14044614747399e-05
stp,1993,1.2138803867856e-05
stp,1994,1.30472863020259e-05
stp,1995,1.28068622871069e-05
stp,1996,1.24574298752123e-05
stp,1997,1.20284021249972e-05
stp,1998,1.18331254270743e-05
stp,1999,1.13548840090516e-05
stp,2000,1.05888284451794e-05
stp,2001,1.30948437799816e-05
stp,2002,1.33402645587921e-05
stp,2003,1.34342917590402e-05
stp,2004,1.33673702293891e-05
stp,2005,1.36547632791917e-05
stp,2006,1.44574441947043e-05
stp,2007,1.72183335962473e-05
stp,2008,2.22771595872473e-05
stp,2009,3.06333859043662e-05
stp,2010,3.72175745724235e-05
stp,2011,4.46089979959652e-05
stp,2012,4.61877352790907e-05
stp,2013,4.07842926506419e-05
stp,2014,3.69133304047864e-05
stp,2015,4.69001752207987e-05
stp,2016,4.69845035695471e-05
stp,2017,4.5989243517397e-05
stp,2018,3.59096738975495e-05
stp,2019,3.10755422106013e-05
stp,2020,2.98810828098794e-05
stp,2021,3.99986965931021e-05
stp,2022,4.5665743527934e-05
stp,2023,4.52797758043744e-05
sur,1974,0.000239155444432981
sur,1975,0.000254646147368476
sur,1976,0.000269523385213688
sur,1977,0.000269213371211663
sur,1978,0.000264991860603914
sur,1979,0.000254500453593209
sur,1980,0.000237944434047677
sur,1981,0.000242082489421591
sur,1982,0.000248790223849937
sur,1983,0.000245171424467117
sur,1984,0.000234237901167944
sur,1985,0.00022850553796161
sur,1986,0.000228529126616195
sur,1987,0.000225476396735758
sur,1988,0.000223576338612475
sur,1989,0.000232378268265165
sur,1990,0.00024048937484622
sur,1991,0.000246050534769893
sur,1992,0.000249938690103591
sur,1993,0.000248191092396155
sur,1994,0.000264570291619748
sur,1995,0.00029241549782455
sur,1996,0.000300494983093813
sur,1997,0.000298283470328897
sur,1998,0.000296623475151137
sur,1999,0.000378881581127644
sur,2000,0.000406119623221457
sur,2001,0.000464003387605771
sur,2002,0.000526964722666889
sur,2003,0.000553263525944203
sur,2004,0.000602324958890677
sur,2005,0.000676566327456385
sur,2006,0.000722670694813132
sur,2007,0.000817720894701779
sur,2008,0.00085130671504885
sur,2009,0.00103390752337873
sur,2010,0.00112235464621335
sur,2011,0.00121597712859511
sur,2012,0.00123381707817316
sur,2013,0.0012275620829314
sur,2014,0.00122506020125002
sur,2015,0.00118917680811137
sur,2016,0.000791190017480403
sur,2017,0.000963375787250698
sur,2018,0.000891521514859051
sur,2019,0.000871223281137645
sur,2020,0.000599011953454465
sur,2021,0.000921672501135618
sur,2022,0.00094619404990226
sur,2023,0.000952882342971861
svk,1994,0.00738156912848353
svk,1995,0.00722184125334024
svk,1996,0.00717934919521213
svk,1997,0.0065221032127738
svk,1998,0.00604109605774283
svk,1999,0.00548861967399716
svk,2000,0.0050553479231894
svk,2001,0.004819396417588
svk,2002,0.00464335503056645
svk,2003,0.00475990539416671
svk,2004,0.0049639418721199
svk,2005,0.00530556729063392
svk,2006,0.00559622189030051
svk,2007,0.00612075161188841
svk,2008,0.00665147043764591
svk,2009,0.00719984667375684
svk,2010,0.00738977268338203
svk,2011,0.00758631573989987
svk,2012,0.00769066624343395
svk,2013,0.00788781326264143
svk,2014,0.00831526983529329
svk,2015,0.00842559244483709
svk,2016,0.00855652615427971
svk,2017,0.00892913900315762
svk,2018,0.00898697040975094
svk,2019,0.00885549373924732
svk,2020,0.00864491332322359
svk,2021,0.00824746862053871
svk,2022,0.00832730531692505
svk,2023,0.00833551678806543
svn,1994,0.00377045781351626
svn,1995,0.0038174451328814
svn,1996,0.00379612063989043
svn,1997,0.00378499855287373
svn,1998,0.00377887138165534
svn,1999,0.00374151952564716
svn,2000,0.00362351443618536
svn,2001,0.00343958148732781
svn,2002,0.00322787533514202
svn,2003,0.00326836644671857
svn,2004,0.00366467447020113
svn,2005,0.00403752969577909
svn,2006,0.00405601318925619
svn,2007,0.00401086127385497
svn,2008,0.00425096089020371
svn,2009,0.00444424478337169
svn,2010,0.00485445046797395
svn,2011,0.00504352943971753
svn,2012,0.00521522527560592
svn,2013,0.00558027811348438
svn,2014,0.00526599865406752
svn,2015,0.00521219382062554
svn,2016,0.00530704483389854
svn,2017,0.00541258230805397
svn,2018,0.00551092298701406
svn,2019,0.00557066174224019
svn,2020,0.0055051501840353
svn,2021,0.00547390757128596
svn,2022,0.00560101494193077
svn,2023,0.00558127695694566
swe,1954,0.0292211826890707
swe,1955,0.0291776563972235
swe,1956,0.0298598688095808
swe,1957,0.0301801189780235
swe,1958,0.0308067537844181
swe,1959,0.0310071110725403
swe,1960,0.0322038270533085
swe,1961,0.0327110551297665
swe,1962,0.0332548283040524
swe,1963,0.0339243933558464
swe,1964,0.0348345898091793
swe,1965,0.0351604856550694
swe,1966,0.0357984788715839
swe,1967,0.0350055694580078
swe,1968,0.0343494080007076
swe,1969,0.0333330444991589
swe,1970,0.0331531390547752
swe,1971,0.0339545905590057
swe,1972,0.0343604944646359
swe,1973,0.0333717167377472
swe,1974,0.0329723879694939
swe,1975,0.034590944647789
swe,1976,0.0368473418056965
swe,1977,0.0369263142347336
swe,1978,0.03619384765625
swe,1979,0.0345605500042439
swe,1980,0.0332190617918968
swe,1981,0.0323711447417736
swe,1982,0.0311011988669634
swe,1983,0.0304085779935122
swe,1984,0.030544051900506
swe,1985,0.0307493526488543
swe,1986,0.0312737599015236
swe,1987,0.0328009277582169
swe,1988,0.0340969599783421
swe,1989,0.0367755554616451
swe,1990,0.0393548049032688
swe,1991,0.0408051237463951
swe,1992,0.03817043825984
swe,1993,0.0364008061587811
swe,1994,0.0361372083425522
swe,1995,0.0352368392050266
swe,1996,0.0343759097158909
swe,1997,0.0330581553280354
swe,1998,0.031462773680687
swe,1999,0.0296724382787943
swe,2000,0.02811648696661
swe,2001,0.0260458793491125
swe,2002,0.0248860698193312
swe,2003,0.0260291118174791
swe,2004,0.0247524436563253
swe,2005,0.0232805479317904
swe,2006,0.0251016337424517
swe,2007,0.0275400020182133
swe,2008,0.0291324239224195
swe,2009,0.0309467241168022
swe,2010,0.0329184494912624
swe,2011,0.0338037647306919
swe,2012,0.0354131385684013
swe,2013,0.0371493883430958
swe,2014,0.034364040941
swe,2015,0.0337957292795181
swe,2016,0.0340787284076214
swe,2017,0.0358764305710793
swe,2018,0.0380412749946117
swe,2019,0.0384342297911644
swe,2020,0.0388972125947475
swe,2021,0.0370757915079594
swe,2022,0.0377474762499332
swe,2023,0.0378882735967636
swz,1980,0.000134612899273634
swz,1981,0.000155074681970291
swz,1982,0.000152553082443774
swz,1983,0.000212203536648303
swz,1984,0.000170363535289653
swz,1985,0.000172862171893939
swz,1986,0.000140739299240522
swz,1987,0.000147164260852151
swz,1988,0.000169253515196033
swz,1989,0.000181235460331664
swz,1990,0.00020198937272653
swz,1991,0.000240613459027372
swz,1992,0.000280476553598419
swz,1993,0.00032836853642948
swz,1994,0.000388601241866127
swz,1995,0.000440351490397006
swz,1996,0.000459806906292215
swz,1997,0.000454901368357241
swz,1998,0.000456796900834888
swz,1999,0.000446749501861632
swz,2000,0.000411756715038791
swz,2001,0.000394179107388482
swz,2002,0.000389118766179308
swz,2003,0.000371020229067653
swz,2004,0.000358027231413871
swz,2005,0.000348214060068131
swz,2006,0.000351461523678154
swz,2007,0.000369685469195247
swz,2008,0.00041391234844923
swz,2009,0.000496774388011545
swz,2010,0.000603515014518052
swz,2011,0.000649468041956425
swz,2012,0.000588894239626825
swz,2013,0.000562300556339324
swz,2014,0.00052894908003509
swz,2015,0.000473320193123072
swz,2016,0.000422494253143668
swz,2017,0.000394237489672378
swz,2018,0.00030477563268505
swz,2019,0.000308599846903235
swz,2020,0.00028570182621479
swz,2021,0.000309144903440028
swz,2022,0.000312113377731293
swz,2023,0.000317071680910885
tcd,1964,0.000196314111235552
tcd,1965,0.000196453605894931
tcd,1966,0.000197954155737534
tcd,1967,0.000203267205506563
tcd,1968,0.000206101278308779
tcd,1969,0.000213168430491351
tcd,1970,0.000219734822167084
tcd,1971,0.000229259894695133
tcd,1972,0.000235229090321809
tcd,1973,0.000240938519709744
tcd,1974,0.000252378609729931
tcd,1975,0.000284491688944399
tcd,1976,0.000306554808048531
tcd,1977,0.000318364123813808
tcd,1978,0.000318349688313901
tcd,1979,0.000307039386825636
tcd,1980,0.000287855305941775
tcd,1981,0.00028159492649138
tcd,1982,0.000277414306765422
tcd,1983,0.000269327312707901
tcd,1984,0.000255861057667062
tcd,1985,0.000244815077167004
tcd,1986,0.000235634273849428
tcd,1987,0.000228833087021485
tcd,1988,0.000224661824177019
tcd,1989,0.000221342124859802
tcd,1990,0.000222240923903883
tcd,1991,0.000222559334360994
tcd,1992,0.000223144845222123
tcd,1993,0.000223517185077071
tcd,1994,0.000219157518586144
tcd,1995,0.000220561487367377
tcd,1996,0.000226555217523128
tcd,1997,0.00022873813577462
tcd,1998,0.000232716061873361
tcd,1999,0.00023769871040713
tcd,2000,0.000252767000347376
tcd,2001,0.000349556095898151
tcd,2002,0.000478494068374857
tcd,2003,0.000544886337593198
tcd,2004,0.000562973378691822
tcd,2005,0.000589475966989994
tcd,2006,0.000707740779034793
tcd,2007,0.000780913047492504
tcd,2008,0.000854159297887236
tcd,2009,0.00103962991852313
tcd,2010,0.00120239984244108
tcd,2011,0.00131216435693204
tcd,2012,0.00115567317698151
tcd,2013,0.00107115891296417
tcd,2014,0.00121255964040756
tcd,2015,0.00118399632629007
tcd,2016,0.00139630353078246
tcd,2017,0.00143528007902205
tcd,2018,0.0014332584105432
tcd,2019,0.00151309766806662
tcd,2020,0.00125741877127439
tcd,2021,0.00136138894595206
tcd,2022,0.00136448093689978
tcd,2023,0.00144073460251093
tgo,1980,0.000722781231161207
tgo,1981,0.000639774021692574
tgo,1982,0.000650165893603116
tgo,1983,0.000601988460402936
tgo,1984,0.000481274997582659
tgo,1985,0.000511687656398863
tgo,1986,0.000473925203550607
tgo,1987,0.000446100311819464
tgo,1988,0.000425430422183126
tgo,1989,0.000429423729656264
tgo,1990,0.000433447567047551
tgo,1991,0.000422749668359756
tgo,1992,0.000407413288485259
tgo,1993,0.000382095138775185
tgo,1994,0.000362663588020951
tgo,1995,0.000352329225279391
tgo,1996,0.00034083312493749
tgo,1997,0.000323934043990448
tgo,1998,0.000314787263050675
tgo,1999,0.000299933511996642
tgo,2000,0.000283503672108054
tgo,2001,0.000275711325230077
tgo,2002,0.000279324711300433
tgo,2003,0.000281275104498491
tgo,2004,0.000281571206869558
tgo,2005,0.000290055148070678
tgo,2006,0.00030592453549616
tgo,2007,0.000339221704052761
tgo,2008,0.000401413795771077
tgo,2009,0.000495250569656491
tgo,2010,0.000602570013143122
tgo,2011,0.000671463087201119
tgo,2012,0.000635743723250926
tgo,2013,0.000618930498603731
tgo,2014,0.000614832388237119
tgo,2015,0.000635955075267702
tgo,2016,0.000628151814453304
tgo,2017,0.000633102841675282
tgo,2018,0.000641189399175346
tgo,2019,0.000660725345369428
tgo,2020,0.000671755813527852
tgo,2021,0.000699795898981392
tgo,2022,0.000734475674107671
tgo,2023,0.00076751847518608
tha,1954,0.00436039641499519
tha,1955,0.00438187085092068
tha,1956,0.00433198269456625
tha,1957,0.00437992997467518
tha,1958,0.0044015278108418
tha,1959,0.00444041099399328
tha,1960,0.00455332780256867
tha,1961,0.00462859123945236
tha,1962,0.0048087234608829
tha,1963,0.00510189775377512
tha,1964,0.00520182400941849
tha,1965,0.0054531223140657
tha,1966,0.00585366645827889
tha,1967,0.00627264194190502
tha,1968,0.0067066210322082
tha,1969,0.00727889500558376
tha,1970,0.00802231300622225
tha,1971,0.00867466814815998
tha,1972,0.00912916474044323
tha,1973,0.00956080202013254
tha,1974,0.00966961495578289
tha,1975,0.0101308189332485
tha,1976,0.0103930337354541
tha,1977,0.0105243343859911
tha,1978,0.0104435682296753
tha,1979,0.0104222921654582
tha,1980,0.00997156370431185
tha,1981,0.009962716139853
tha,1982,0.0101129738613963
tha,1983,0.0104207396507263
tha,1984,0.0104892970994115
tha,1985,0.0106734689325094
tha,1986,0.0109805995598435
tha,1987,0.0116276601329446
tha,1988,0.0129296872764826
tha,1989,0.0150388302281499
tha,1990,0.0182701963931322
tha,1991,0.0224704686552286
tha,1992,0.0276392102241516
tha,1993,0.0338435210287571
tha,1994,0.0414094440639019
tha,1995,0.0489471964538097
tha,1996,0.0547002591192722
tha,1997,0.0547669753432274
tha,1998,0.0491968505084515
tha,1999,0.0447212792932987
tha,2000,0.0403292924165726
tha,2001,0.0369941852986813
tha,2002,0.0354339331388474
tha,2003,0.0347553826868534
tha,2004,0.0346867740154266
tha,2005,0.0355754941701889
tha,2006,0.0372119769454002
tha,2007,0.0398867167532444
tha,2008,0.0441034659743309
tha,2009,0.0487926155328751
tha,2010,0.0544947125017643
tha,2011,0.057974349707365
tha,2012,0.0578339733183384
tha,2013,0.057881310582161
tha,2014,0.0572300963103771
tha,2015,0.0565297976136208
tha,2016,0.0563399419188499
tha,2017,0.0569013804197311
tha,2018,0.0572581365704536
tha,2019,0.057491909712553
tha,2020,0.0573019236326218
tha,2021,0.0568118244409561
tha,2022,0.0579764470458031
tha,2023,0.0582015216350555
tjk,1994,0.000635982374660671
tjk,1995,0.000682178768329322
tjk,1996,0.00070047122426331
tjk,1997,0.000674090755637735
tjk,1998,0.000635975797194988
tjk,1999,0.000621487502939999
tjk,2000,0.000457579997600988
tjk,2001,0.0006706781568937
tjk,2002,0.000859621271956712
tjk,2003,0.000991467852145433
tjk,2004,0.00103710580151528
tjk,2005,0.00112139084376395
tjk,2006,0.00104737083893269
tjk,2007,0.000911632960196585
tjk,2008,0.00107626197859645
tjk,2009,0.00108128495048732
tjk,2010,0.00145683670416474
tjk,2011,0.00147920858580619
tjk,2012,0.00163436273578554
tjk,2013,0.00238303793594241
tjk,2014,0.00238869083113968
tjk,2015,0.00270028272643685
tjk,2016,0.00261544319801033
tjk,2017,0.00289514451287687
tjk,2018,0.00345955556258559
tjk,2019,0.00445632403716445
tjk,2020,0.00490341288968921
tjk,2021,0.00532429525628686
tjk,2022,0.0054889190942049
tjk,2023,0.00544200278818607
tto,1954,0.000552013923879713
tto,1955,0.000578588456846774
tto,1956,0.00059891352429986
tto,1957,0.000650995469186455
tto,1958,0.000702967634424567
tto,1959,0.000746867619454861
tto,1960,0.000814258819445968
tto,1961,0.000843941350467503
tto,1962,0.000879049766808748
tto,1963,0.000875395606271923
tto,1964,0.000812920625321567
tto,1965,0.000829366501420736
tto,1966,0.000814871629700065
tto,1967,0.000777869136072695
tto,1968,0.000753255444578826
tto,1969,0.000727939943317324
tto,1970,0.000729728315491229
tto,1971,0.000904233835171908
tto,1972,0.00104948226362467
tto,1973,0.0010547210695222
tto,1974,0.000945885141845793
tto,1975,0.00110775092616677
tto,1976,0.00130680296570063
tto,1977,0.00141953828278929
tto,1978,0.00167641462758183
tto,1979,0.00170735991559923
tto,1980,0.0016557143535465
tto,1981,0.00191384006757289
tto,1982,0.00234624161385
tto,1983,0.0024215707089752
tto,1984,0.00227639451622963
tto,1985,0.00224549160338938
tto,1986,0.00220756349153817
tto,1987,0.00191302655730397
tto,1988,0.00159161898773164
tto,1989,0.00129200343508273
tto,1990,0.00114447122905403
tto,1991,0.00108567881397903
tto,1992,0.000997286289930344
tto,1993,0.000926500419154763
tto,1994,0.000822695612441748
tto,1995,0.000779732596129179
tto,1996,0.000799228087998927
tto,1997,0.000820146524347365
tto,1998,0.000865746405906975
tto,1999,0.000823676935397089
tto,2000,0.000756158027797937
tto,2001,0.000818812462966889
tto,2002,0.000867810682393611
tto,2003,0.000918028992600739
tto,2004,0.0010156580246985
tto,2005,0.00120433012489229
tto,2006,0.00136596406809986
tto,2007,0.00158397248014808
tto,2008,0.00185293913818896
tto,2009,0.00230280007235706
tto,2010,0.00263592670671642
tto,2011,0.00273172440938652
tto,2012,0.00212747184559703
tto,2013,0.00219549122266471
tto,2014,0.00192520348355174
tto,2015,0.00182673835661262
tto,2016,0.00189658591989428
tto,2017,0.0020327705424279
tto,2018,0.00207900046370924
tto,2019,0.00210331147536635
tto,2020,0.00209052744321525
tto,2021,0.0024169054813683
tto,2022,0.00217215903103352
tto,2023,0.00226871087215841
tun,1964,0.000821999332401902
tun,1965,0.000827194540761411
tun,1966,0.000820315442979336
tun,1967,0.000814048747997731
tun,1968,0.000808522920124233
tun,1969,0.00080968567635864
tun,1970,0.000820029759779573
tun,1971,0.000867394497618079
tun,1972,0.000920137041248381
tun,1973,0.000968642183579505
tun,1974,0.00102877733297646
tun,1975,0.00114321440923959
tun,1976,0.00125778478104621
tun,1977,0.00134615844581276
tun,1978,0.00141347700264305
tun,1979,0.00149577821139246
tun,1980,0.00153608073014766
tun,1981,0.00162876979447901
tun,1982,0.00172759452834725
tun,1983,0.00183749513234943
tun,1984,0.00194268184714019
tun,1985,0.0020239211153239
tun,1986,0.00209071720018983
tun,1987,0.00216725282371044
tun,1988,0.00232956348918378
tun,1989,0.00260387873277068
tun,1990,0.00300271972082555
tun,1991,0.00354489195160568
tun,1992,0.00424849987030029
tun,1993,0.00513334851711988
tun,1994,0.00605380302295089
tun,1995,0.0068427799269557
tun,1996,0.00714350817725062
tun,1997,0.00690501322969794
tun,1998,0.00646145828068256
tun,1999,0.00604907888919115
tun,2000,0.0055003734305501
tun,2001,0.00517273880541325
tun,2002,0.00502314092591405
tun,2003,0.0048822476528585
tun,2004,0.00479455571621656
tun,2005,0.00482012052088976
tun,2006,0.0050253919325769
tun,2007,0.00546258315443993
tun,2008,0.00614564819261432
tun,2009,0.00714904442429543
tun,2010,0.00816262885928154
tun,2011,0.00855992361903191
tun,2012,0.00769146764650941
tun,2013,0.00670740241184831
tun,2014,0.00576176401227713
tun,2015,0.0050832754932344
tun,2016,0.00431649899110198
tun,2017,0.0038907250855118
tun,2018,0.00422413647174835
tun,2019,0.00446128472685814
tun,2020,0.00441433349624276
tun,2021,0.00437222793698311
tun,2022,0.00435573607683182
tun,2023,0.00423773424699903
tur,1954,0.0171179138123989
tur,1955,0.0176479145884514
tur,1956,0.0180843286216259
tur,1957,0.0187813341617584
tur,1958,0.0201735533773899
tur,1959,0.0208866242319345
tur,1960,0.0212493743747473
tur,1961,0.0216799210757017
tur,1962,0.0220704097300768
tur,1963,0.0222689565271139
tur,1964,0.02158666215837
tur,1965,0.0216848980635405
tur,1966,0.0223882850259542
tur,1967,0.0229367204010487
tur,1968,0.0237571131438017
tur,1969,0.024339746683836
tur,1970,0.0256812795996666
tur,1971,0.0267065204679966
tur,1972,0.0276871025562286
tur,1973,0.029071033000946
tur,1974,0.031120665371418
tur,1975,0.034258633852005
tur,1976,0.0384988412261009
tur,1977,0.0400733351707459
tur,1978,0.0381874963641167
tur,1979,0.038183007389307
tur,1980,0.0364172980189323
tur,1981,0.0374877229332924
tur,1982,0.0389580354094505
tur,1983,0.0405349805951119
tur,1984,0.0410444401204586
tur,1985,0.0420877411961556
tur,1986,0.0419392436742783
tur,1987,0.041592076420784
tur,1988,0.0403927974402905
tur,1989,0.0381392054259777
tur,1990,0.0371030196547508
tur,1991,0.0360483378171921
tur,1992,0.0348198562860489
tur,1993,0.0351971611380577
tur,1994,0.0335735268890858
tur,1995,0.0330933332443237
tur,1996,0.0336700230836868
tur,1997,0.0349325574934483
tur,1998,0.0354214124381542
tur,1999,0.0350273475050926
tur,2000,0.0341785401105881
tur,2001,0.0286882948130369
tur,2002,0.0234047919511795
tur,2003,0.0248011648654938
tur,2004,0.0284070316702127
tur,2005,0.0315705165266991
tur,2006,0.0414898991584778
tur,2007,0.052894588559866
tur,2008,0.0551505759358406
tur,2009,0.0548456087708473
tur,2010,0.0668008625507355
tur,2011,0.0693471133708954
tur,2012,0.0775372087955475
tur,2013,0.0874489396810532
tur,2014,0.0955134704709053
tur,2015,0.101155743002892
tur,2016,0.10225322842598
tur,2017,0.102190129458904
tur,2018,0.0966122373938561
tur,2019,0.0891061201691628
tur,2020,0.0885036289691925
tur,2021,0.0841558948159218
tur,2022,0.0883537903428078
tur,2023,0.0924661159515381
twn,1955,0.00283244322054088
twn,1956,0.00284710596315563
twn,1957,0.0028382302261889
twn,1958,0.00290221115574241
twn,1959,0.0029969634488225
twn,1960,0.00313515518791974
twn,1961,0.00329151912592351
twn,1962,0.00338322343304753
twn,1963,0.00350377382710576
twn,1964,0.00355644011870027
twn,1965,0.00377386552281678
twn,1966,0.00408428255468607
twn,1967,0.0044664996676147
twn,1968,0.00489534484222531
twn,1969,0.00540192192420363
twn,1970,0.00605175783857703
twn,1971,0.00676730507984757
twn,1972,0.00750032160431147
twn,1973,0.00822538137435913
twn,1974,0.00886961817741394
twn,1975,0.00992129556834698
twn,1976,0.0107458252459764
twn,1977,0.0112235806882381
twn,1978,0.011841376312077
twn,1979,0.0127930920571089
twn,1980,0.0137431407347322
twn,1981,0.014921311289072
twn,1982,0.0162152275443077
twn,1983,0.0174467321485281
twn,1984,0.0180946905165911
twn,1985,0.0185980368405581
twn,1986,0.0192503202706575
twn,1987,0.0202332846820354
twn,1988,0.0216523744165897
twn,1989,0.0235061664134264
twn,1990,0.0254655461758375
twn,1991,0.0278251878917217
twn,1992,0.0303695760667324
twn,1993,0.0323246866464615
twn,1994,0.0349264889955521
twn,1995,0.0367472507059574
twn,1996,0.0377631075680256
twn,1997,0.0394849069416523
twn,1998,0.0415359735488892
twn,1999,0.0432961769402027
twn,2000,0.0447635240852833
twn,2001,0.0453816428780556
twn,2002,0.0473213084042072
twn,2003,0.0488606207072735
twn,2004,0.0490568429231644
twn,2005,0.0502742081880569
twn,2006,0.0520418807864189
twn,2007,0.0551322400569916
twn,2008,0.0581823624670506
twn,2009,0.0647866278886795
twn,2010,0.0705166906118393
twn,2011,0.0718052461743355
twn,2012,0.067647747695446
twn,2013,0.0665859803557396
twn,2014,0.0640430897474289
twn,2015,0.0622332468628883
twn,2016,0.0608475916087627
twn,2017,0.0600486733019352
twn,2018,0.0610017888247967
twn,2019,0.0626050606369972
twn,2020,0.0647958517074585
twn,2021,0.0686129331588745
twn,2022,0.072671689093113
twn,2023,0.074000395834446
tza,1964,0.00144141318742186
tza,1965,0.00150011270307004
tza,1966,0.0015578722814098
tza,1967,0.00164490565657616
tza,1968,0.00173252960667014
tza,1969,0.00178368471097201
tza,1970,0.00193734036292881
tza,1971,0.00213744887150824
tza,1972,0.00225191446952522
tza,1973,0.00232325377874076
tza,1974,0.0023419251665473
tza,1975,0.00245216116309166
tza,1976,0.00255123432725668
tza,1977,0.00263850088231266
tza,1978,0.00268756714649498
tza,1979,0.00277773523703218
tza,1980,0.00272462074644864
tza,1981,0.00285873794928193
tza,1982,0.00324167311191559
tza,1983,0.00378571543842554
tza,1984,0.00433938996866345
tza,1985,0.00451885303482413
tza,1986,0.0042823376134038
tza,1987,0.00402161339297891
tza,1988,0.00375226372852922
tza,1989,0.00359924556687474
tza,1990,0.00357776554301381
tza,1991,0.00357644888572395
tza,1992,0.00349271902814508
tza,1993,0.00336044421419501
tza,1994,0.00320011866278946
tza,1995,0.00308260694146156
tza,1996,0.00294581591151655
tza,1997,0.00276724528521299
tza,1998,0.00262067699804902
tza,1999,0.00249079475179315
tza,2000,0.0023411309812218
tza,2001,0.00225889543071389
tza,2002,0.00227665458805859
tza,2003,0.00231556943617761
tza,2004,0.00235290569253266
tza,2005,0.00249068439006805
tza,2006,0.00274763349443674
tza,2007,0.00316828861832619
tza,2008,0.00389870558865368
tza,2009,0.00497296685352922
tza,2010,0.00622929865494371
tza,2011,0.00720032351091504
tza,2012,0.0062579894438386
tza,2013,0.00537307327613235
tza,2014,0.00483531504869461
tza,2015,0.00464624492451549
tza,2016,0.00431885523721576
tza,2017,0.00413761008530855
tza,2018,0.00379769247956574
tza,2019,0.00442654406651855
tza,2020,0.00544816255569458
tza,2021,0.00648298067972064
tza,2022,0.00715242559090257
tza,2023,0.00763133401051164
ukr,1994,0.0486338026821613
ukr,1995,0.0281952563673258
ukr,1996,0.0239094570279121
ukr,1997,0.0245322771370411
ukr,1998,0.024534584954381
ukr,1999,0.0241046417504549
ukr,2000,0.0249453000724316
ukr,2001,0.02537901699543
ukr,2002,0.0266462899744511
ukr,2003,0.0283272564411163
ukr,2004,0.0278745517134666
ukr,2005,0.0284295491874218
ukr,2006,0.0283493362367153
ukr,2007,0.0286996327340603
ukr,2008,0.0292261727154255
ukr,2009,0.0285906512290239
ukr,2010,0.029143363237381
ukr,2011,0.0287939142435789
ukr,2012,0.0348474383354187
ukr,2013,0.0415922217071056
ukr,2014,0.0347042381763458
ukr,2015,0.0429881848394871
ukr,2016,0.0461487248539925
ukr,2017,0.0505815297365189
ukr,2018,0.0536458306014538
ukr,2019,0.0615515932440758
ukr,2020,0.0642841309309006
ukr,2021,0.068515807390213
ukr,2022,0.0659893378615379
ukr,2023,0.0667175874114037
ury,1954,0.00206137634813786
ury,1955,0.00224076001904905
ury,1956,0.00230890838429332
ury,1957,0.00248908647336066
ury,1958,0.00244054570794106
ury,1959,0.00244141696020961
ury,1960,0.00247448938898742
ury,1961,0.002510184654966
ury,1962,0.00254604127258062
ury,1963,0.00216462183743715
ury,1964,0.00212287553586066
ury,1965,0.00211384147405624
ury,1966,0.00201715133152902
ury,1967,0.00192262849304825
ury,1968,0.00188273075036705
ury,1969,0.00184676446951926
ury,1970,0.00190080830361694
ury,1971,0.00186347460839897
ury,1972,0.00178239715751261
ury,1973,0.00169933110009879
ury,1974,0.00163537240587175
ury,1975,0.00166382337920368
ury,1976,0.00171417009551078
ury,1977,0.00183687172830105
ury,1978,0.00198229821398854
ury,1979,0.00220488337799907
ury,1980,0.00231746444478631
ury,1981,0.00244054896757007
ury,1982,0.00252620782703161
ury,1983,0.00251731346361339
ury,1984,0.00240202574059367
ury,1985,0.0023213243111968
ury,1986,0.00225132750347257
ury,1987,0.00217597209848464
ury,1988,0.00213347352109849
ury,1989,0.00212491303682327
ury,1990,0.00210321880877018
ury,1991,0.00214271806180477
ury,1992,0.00222834758460522
ury,1993,0.00229581748135388
ury,1994,0.00231035216711462
ury,1995,0.00232553808018565
ury,1996,0.00232915277592838
ury,1997,0.00230816239491105
ury,1998,0.00227311509661376
ury,1999,0.00218875403515995
ury,2000,0.00204662419855595
ury,2001,0.00194344506599009
ury,2002,0.0018807970918715
ury,2003,0.00183303328230977
ury,2004,0.00182294961996377
ury,2005,0.00185466220136732
ury,2006,0.0019265670562163
ury,2007,0.00207591708749533
ury,2008,0.00236167293041945
ury,2009,0.00268661696463823
ury,2010,0.00309088872745633
ury,2011,0.00335638108663261
ury,2012,0.00338591053150594
ury,2013,0.00341496826149523
ury,2014,0.00341680180281401
ury,2015,0.00347721064463258
ury,2016,0.00347844278439879
ury,2017,0.00340982154011726
ury,2018,0.00336559233255684
ury,2019,0.00335340946912766
ury,2020,0.0033208189997822
ury,2021,0.00326242065057158
ury,2022,0.00335643580183387
ury,2023,0.00336575764231384
usa,1954,1.0
usa,1955,1.0
usa,1956,1.0
usa,1957,1.0
usa,1958,1.0
usa,1959,1.0
usa,1960,1.0
usa,1961,1.0
usa,1962,1.0
usa,1963,1.0
usa,1964,1.0
usa,1965,1.0
usa,1966,1.0
usa,1967,1.0
usa,1968,1.0
usa,1969,1.0
usa,1970,1.0
usa,1971,1.0
usa,1972,1.0
usa,1973,1.0
usa,1974,1.0
usa,1975,1.0
usa,1976,1.0
usa,1977,1.0
usa,1978,1.0
usa,1979,1.0
usa,1980,1.0
usa,1981,1.0
usa,1982,1.0
usa,1983,1.0
usa,1984,1.0
usa,1985,1.0
usa,1986,1.0
usa,1987,1.0
usa,1988,1.0
usa,1989,1.0
usa,1990,1.0
usa,1991,1.0
usa,1992,1.0
usa,1993,1.0
usa,1994,1.0
usa,1995,1.0
usa,1996,1.0
usa,1997,1.0
usa,1998,1.0
usa,1999,1.0
usa,2000,1.0
usa,2001,1.0
usa,2002,1.0
usa,2003,1.0
usa,2004,1.0
usa,2005,1.0
usa,2006,1.0
usa,2007,1.0
usa,2008,1.0
usa,2009,1.0
usa,2010,1.0
usa,2011,1.0
usa,2012,1.0
usa,2013,1.0
usa,2014,1.0
usa,2015,1.0
usa,2016,1.0
usa,2017,1.0
usa,2018,1.0
usa,2019,1.0
usa,2020,1.0
usa,2021,1.0
usa,2022,1.0
usa,2023,1.0
uzb,1994,0.00292465579696
uzb,1995,0.00313838385045528
uzb,1996,0.00338124553672969
uzb,1997,0.00359010067768395
uzb,1998,0.00378388026729226
uzb,1999,0.00398740451782942
uzb,2000,0.00411812169477344
uzb,2001,0.00452119437977672
uzb,2002,0.00493532186374068
uzb,2003,0.00529453903436661
uzb,2004,0.005648004822433
uzb,2005,0.00603838544338942
uzb,2006,0.00632417714223266
uzb,2007,0.0066581922583282
uzb,2008,0.00721163721755147
uzb,2009,0.00789557583630085
uzb,2010,0.00878054089844227
uzb,2011,0.0095478342846036
uzb,2012,0.010101743042469
uzb,2013,0.0104839317500591
uzb,2014,0.0107871815562248
uzb,2015,0.0114545971155167
uzb,2016,0.0122229224070907
uzb,2017,0.0129846362397075
uzb,2018,0.0144050139933825
uzb,2019,0.0167127531021833
uzb,2020,0.0179323144257069
uzb,2021,0.0194977689534426
uzb,2022,0.0211262833327055
uzb,2023,0.0230228845030069
ven,1954,0.011641095392406
ven,1955,0.0120907705277205
ven,1956,0.0124789625406265
ven,1957,0.012950437143445
ven,1958,0.0132190436124802
ven,1959,0.0132752386853099
ven,1960,0.0129645597189665
ven,1961,0.0125583922490478
ven,1962,0.0122256064787507
ven,1963,0.0118788322433829
ven,1964,0.0115094156935811
ven,1965,0.0115036321803927
ven,1966,0.011166830547154
ven,1967,0.0107661727815866
ven,1968,0.0109035894274712
ven,1969,0.0110973147675395
ven,1970,0.0115752508863807
ven,1971,0.0122650368139148
ven,1972,0.0128412721678615
ven,1973,0.0129379639402032
ven,1974,0.0127335172146559
ven,1975,0.014250710606575
ven,1976,0.0158766154199839
ven,1977,0.0191378016024828
ven,1978,0.0226403623819351
ven,1979,0.0200303383171558
ven,1980,0.0187110584229231
ven,1981,0.018698813393712
ven,1982,0.0188403874635696
ven,1983,0.0178557690232992
ven,1984,0.0169214084744453
ven,1985,0.0167403500527143
ven,1986,0.0165399517863989
ven,1987,0.0159348864108324
ven,1988,0.0158861987292767
ven,1989,0.0150046516209841
ven,1990,0.0141524523496628
ven,1991,0.0138597190380096
ven,1992,0.0139556927606463
ven,1993,0.0139433275908232
ven,1994,0.013373845256865
ven,1995,0.0128671787679195
ven,1996,0.0122890491038561
ven,1997,0.0119825769215822
ven,1998,0.0117380283772945
ven,1999,0.011393248103559
ven,2000,0.0109307402744889
ven,2001,0.0108037795871496
ven,2002,0.0109122432768345
ven,2003,0.0106811616569757
ven,2004,0.0108587136492133
ven,2005,0.0113904550671577
ven,2006,0.0122030964121223
ven,2007,0.0139817511662841
ven,2008,0.0166817530989647
ven,2009,0.0199314206838608
ven,2010,0.0241920240223408
ven,2011,0.0262044966220856
ven,2012,0.0256897937506437
ven,2013,0.0231171250343323
ven,2014,0.0160288866609335
ven,2015,0.0091007873415947
ven,2016,0.00313135865144432
ven,2017,0.00111371604725719
ven,2018,0.00104188232216984
ven,2019,0.000844777619931847
ven,2020,0.000455382745712996
ven,2021,0.000454657507361844
ven,2022,0.000698245305102319
ven,2023,0.000705952406860888
vgb,1991,1.07086434582016e-05
vgb,1992,1.16143464765628e-05
vgb,1993,1.26031864056131e-05
vgb,1994,1.35468371809111e-05
vgb,1995,1.49714242070331e-05
vgb,1996,1.65961300808704e-05
vgb,1997,1.86858706001658e-05
vgb,1998,2.0753333956236e-05
vgb,1999,2.2396039639716e-05
vgb,2000,2.42096120928181e-05
vgb,2001,2.57507545029512e-05
vgb,2002,2.76999362540664e-05
vgb,2003,3.00931787933223e-05
vgb,2004,3.24855027429294e-05
vgb,2005,3.51653834513854e-05
vgb,2006,3.82029720640276e-05
vgb,2007,3.91793364542536e-05
vgb,2008,4.07602565246634e-05
vgb,2009,4.31772969022859e-05
vgb,2010,4.62182724731974e-05
vgb,2011,4.79529298900161e-05
vgb,2012,4.91115970362444e-05
vgb,2013,4.74578810099047e-05
vgb,2014,4.87965626234654e-05
vgb,2015,5.20915273227729e-05
vgb,2016,5.41901754331775e-05
vgb,2017,5.08889279444702e-05
vgb,2018,5.06530086568091e-05
vgb,2019,5.06132128066383e-05
vgb,2020,4.94827145303134e-05
vgb,2021,4.90964557684492e-05
vgb,2022,5.01455033372622e-05
vgb,2023,5.0417580496287e-05
zaf,1954,0.014131611213088
zaf,1955,0.0147600919008255
zaf,1956,0.0151668917387724
zaf,1957,0.015752486884594
zaf,1958,0.0161815080791712
zaf,1959,0.0158307626843452
zaf,1960,0.015888961032033
zaf,1961,0.0158909633755684
zaf,1962,0.0156565178185701
zaf,1963,0.0159390475600958
zaf,1964,0.0157955083996058
zaf,1965,0.0161943603307009
zaf,1966,0.0162201225757599
zaf,1967,0.0166187305003405
zaf,1968,0.0166560430079699
zaf,1969,0.0169348102062941
zaf,1970,0.0176471248269081
zaf,1971,0.0187667794525623
zaf,1972,0.0196051616221666
zaf,1973,0.0205270834267139
zaf,1974,0.0211014449596405
zaf,1975,0.0228395517915487
zaf,1976,0.0240327529609203
zaf,1977,0.0248110853135586
zaf,1978,0.0250820498913527
zaf,1979,0.0252934135496616
zaf,1980,0.0248350165784359
zaf,1981,0.0274858344346285
zaf,1982,0.0289353877305985
zaf,1983,0.0301920361816883
zaf,1984,0.0299561880528927
zaf,1985,0.0291122831404209
zaf,1986,0.0283297579735518
zaf,1987,0.0269246678799391
zaf,1988,0.0258156824856997
zaf,1989,0.0253873988986015
zaf,1990,0.0249596759676933
zaf,1991,0.0240035951137543
zaf,1992,0.0230883099138737
zaf,1993,0.0224397890269756
zaf,1994,0.0218745656311512
zaf,1995,0.0214180331677198
zaf,1996,0.0211618226021528
zaf,1997,0.0208179000765085
zaf,1998,0.0206861346960068
zaf,1999,0.0201347265392542
zaf,2000,0.0190153028815985
zaf,2001,0.0186023451387882
zaf,2002,0.018663702532649
zaf,2003,0.0189489275217056
zaf,2004,0.0192041900008917
zaf,2005,0.019753023982048
zaf,2006,0.0208265706896782
zaf,2007,0.0229467153549194
zaf,2008,0.0262780245393515
zaf,2009,0.0301874484866858
zaf,2010,0.0346042551100254
zaf,2011,0.0376360230147839
zaf,2012,0.0372447073459625
zaf,2013,0.0366812311112881
zaf,2014,0.0363462008535862
zaf,2015,0.0362363830208778
zaf,2016,0.0357347577810288
zaf,2017,0.0358628816902638
zaf,2018,0.0341868475079536
zaf,2019,0.0328075997531414
zaf,2020,0.0309621170163155
zaf,2021,0.0300986561924219
zaf,2022,0.0304365884512663
zaf,2023,0.0303957685828209
zmb,1959,0.00212714821100235
zmb,1960,0.00204703537747264
zmb,1961,0.00195212312974036
zmb,1962,0.00186685670632869
zmb,1963,0.00176935468334705
zmb,1964,0.00165983673650771
zmb,1965,0.00168023514561355
zmb,1966,0.00168632820714265
zmb,1967,0.00171512772794813
zmb,1968,0.00174351246096194
zmb,1969,0.00173567491583526
zmb,1970,0.00183180533349514
zmb,1971,0.00170943222474307
zmb,1972,0.0015985609497875
zmb,1973,0.00149013556074351
zmb,1974,0.00136351131368428
zmb,1975,0.00130190106574446
zmb,1976,0.00120934715960175
zmb,1977,0.00115243846084923
zmb,1978,0.00112321751657873
zmb,1979,0.00112270878162235
zmb,1980,0.00106161634903401
zmb,1981,0.000970815715845674
zmb,1982,0.000873110780958086
zmb,1983,0.00079541903687641
zmb,1984,0.000727013859432191
zmb,1985,0.000689843902364373
zmb,1986,0.000676051480695605
zmb,1987,0.00067329773446545
zmb,1988,0.000698533665854484
zmb,1989,0.000743875512853265
zmb,1990,0.000647390261292458
zmb,1991,0.000638759112916887
zmb,1992,0.000834241393022239
zmb,1993,0.00124750135000795
zmb,1994,0.00152993341907859
zmb,1995,0.00207430659793317
zmb,1996,0.00227761431597173
zmb,1997,0.00208600820042193
zmb,1998,0.00188950484152883
zmb,1999,0.00169241533149034
zmb,2000,0.00149269599933177
zmb,2001,0.00136950961314142
zmb,2002,0.00131087971385568
zmb,2003,0.00128426949959248
zmb,2004,0.00127664615865797
zmb,2005,0.00130273716058582
zmb,2006,0.00158087478484958
zmb,2007,0.00188211083877832
zmb,2008,0.00237233168445528
zmb,2009,0.00308757927268744
zmb,2010,0.00398179423063993
zmb,2011,0.004591453820467
zmb,2012,0.00422565545886755
zmb,2013,0.0038791976403445
zmb,2014,0.00390602764673531
zmb,2015,0.00386126036755741
zmb,2016,0.00387443159706891
zmb,2017,0.00405467534437776
zmb,2018,0.00404394837096334
zmb,2019,0.00382469431497157
zmb,2020,0.0032815735321492
zmb,2021,0.00328374817036092
zmb,2022,0.00333492481149733
zmb,2023,0.00337568437680602
zwe,1958,0.00102852284908295
zwe,1959,0.000952262722421438
zwe,1960,0.000893018674105406
zwe,1961,0.000835555430967361
zwe,1962,0.000774841464590281
zwe,1963,0.000719993317034096
zwe,1964,0.000666912586893886
zwe,1965,0.000626746099442244
zwe,1966,0.00059042515931651
zwe,1967,0.000565161113627255
zwe,1968,0.000544981856364757
zwe,1969,0.000527462339960039
zwe,1970,0.000516819825861603
zwe,1971,0.000511847145389766
zwe,1972,0.000499774352647364
zwe,1973,0.000496632361318916
zwe,1974,0.000496053427923471
zwe,1975,0.000511398247908801
zwe,1976,0.000507184595335275
zwe,1977,0.000496674270834774
zwe,1978,0.000460813840618357
zwe,1979,0.000435410183854401
zwe,1980,0.000417681003455073
zwe,1981,0.000421884091338143
zwe,1982,0.000441568845417351
zwe,1983,0.000462737574707717
zwe,1984,0.000501547649037093
zwe,1985,0.000513231265358627
zwe,1986,0.000534469319973141
zwe,1987,0.000565250928048044
zwe,1988,0.000616477569565177
zwe,1989,0.000685256556607783
zwe,1990,0.000794815656263381
zwe,1991,0.000941930047702044
zwe,1992,0.00110294914338738
zwe,1993,0.00129026314243674
zwe,1994,0.00144597701728344
zwe,1995,0.00157474353909493
zwe,1996,0.00157661840785295
zwe,1997,0.00150825595483184
zwe,1998,0.00146457459777594
zwe,1999,0.00139516813214868
zwe,2000,0.00136704789474607
zwe,2001,0.00135158852208406
zwe,2002,0.00133927015122026
zwe,2003,0.00133292027749121
zwe,2004,0.00123472791165113
zwe,2005,0.00113215250894427
zwe,2006,0.00103036989457905
zwe,2007,0.000950088782701641
zwe,2008,0.000868693925440311
zwe,2009,0.00086340558482334
zwe,2010,0.000906057190150023
zwe,2011,0.000894449534825981
zwe,2012,0.00069997162790969
zwe,2013,0.000739305105526
zwe,2014,0.000695428694598377
zwe,2015,0.000729749968741089
zwe,2016,0.000752824475057423
zwe,2017,0.00092421198496595
zwe,2018,0.000558423635084182
zwe,2019,0.000890442461241037
zwe,2020,0.000886740221176297
zwe,2021,0.0010991474846378
zwe,2022,0.00111087155528367
zwe,2023,0.00114942842628807
