country,year,labsh
abw,1991,0.648357033729553
abw,1992,0.648357033729553
abw,1993,0.648357033729553
abw,1994,0.648357033729553
abw,1995,0.648357033729553
abw,1996,0.637259483337402
abw,1997,0.634907245635986
abw,1998,0.638231813907623
abw,1999,0.655210614204407
abw,2000,0.645106136798859
abw,2001,0.645106136798859
abw,2002,0.645106136798859
abw,2003,0.645106136798859
abw,2004,0.645106136798859
abw,2005,0.645106136798859
abw,2006,0.645106136798859
abw,2007,0.645106136798859
abw,2008,0.645106136798859
abw,2009,0.645106136798859
abw,2010,0.645106136798859
abw,2011,0.645106136798859
abw,2012,0.645106136798859
abw,2013,0.645106136798859
abw,2014,0.645106136798859
abw,2015,0.645106136798859
abw,2016,0.645106136798859
abw,2017,0.645106136798859
abw,2018,0.645106136798859
abw,2019,0.645106136798859
abw,2020,0.645106136798859
abw,2021,0.645106136798859
abw,2022,0.645106136798859
abw,2023,0.645106136798859
ago,1970,0.284878194332123
ago,1971,0.284878194332123
ago,1972,0.284878194332123
ago,1973,0.284878194332123
ago,1974,0.284878194332123
ago,1975,0.284878194332123
ago,1976,0.284878194332123
ago,1977,0.284878194332123
ago,1978,0.284878194332123
ago,1979,0.284878194332123
ago,1980,0.284878194332123
ago,1981,0.284878194332123
ago,1982,0.284878194332123
ago,1983,0.284878194332123
ago,1984,0.284878194332123
ago,1985,0.284878194332123
ago,1986,0.284878194332123
ago,1987,0.284878194332123
ago,1988,0.284878194332123
ago,1989,0.284878194332123
ago,1990,0.284878194332123
ago,1991,0.284878194332123
ago,1992,0.284878194332123
ago,1993,0.284878194332123
ago,1994,0.284878194332123
ago,1995,0.284878194332123
ago,1996,0.284878194332123
ago,1997,0.284878194332123
ago,1998,0.284878194332123
ago,1999,0.284878194332123
ago,2000,0.284878194332123
ago,2001,0.284878194332123
ago,2002,0.284878194332123
ago,2003,0.292056500911713
ago,2004,0.275794386863709
ago,2005,0.231408938765526
ago,2006,0.237053096294403
ago,2007,0.242810025811195
ago,2008,0.255410015583038
ago,2009,0.360357642173767
ago,2010,0.300431966781616
ago,2011,0.287133246660233
ago,2012,0.281907469034195
ago,2013,0.281047344207764
ago,2014,0.288764148950577
ago,2015,0.350048303604126
ago,2016,0.342457354068756
ago,2017,0.346645057201386
ago,2018,0.330805242061615
ago,2019,0.323519378900528
ago,2020,0.287629246711731
ago,2021,0.223235100507736
ago,2022,0.223235100507736
ago,2023,0.223235100507736
alb,1970,0.830771684646606
alb,1971,0.830771684646606
alb,1972,0.830771684646606
alb,1973,0.830771684646606
alb,1974,0.830771684646606
alb,1975,0.830771684646606
alb,1976,0.830771684646606
alb,1977,0.830771684646606
alb,1978,0.830771684646606
alb,1979,0.830771684646606
alb,1980,0.830771684646606
alb,1981,0.830771684646606
alb,1982,0.830771684646606
alb,1983,0.830771684646606
alb,1984,0.830771684646606
alb,1985,0.830771684646606
alb,1986,0.830771684646606
alb,1987,0.830771684646606
alb,1988,0.830771684646606
alb,1989,0.830771684646606
alb,1990,0.830771684646606
alb,1991,0.830771684646606
alb,1992,0.830771684646606
alb,1993,0.830771684646606
alb,1994,0.830771684646606
alb,1995,0.830771684646606
alb,1996,0.830771684646606
alb,1997,0.830771684646606
alb,1998,0.830771684646606
alb,1999,0.830771684646606
alb,2000,0.830771684646606
alb,2001,0.830771684646606
alb,2002,0.830771684646606
alb,2003,0.830771684646606
alb,2004,0.830771684646606
alb,2005,0.830771684646606
alb,2006,0.830771684646606
alb,2007,0.830771684646606
alb,2008,0.830771684646606
alb,2009,0.830771684646606
alb,2010,0.830771684646606
alb,2011,0.830771684646606
alb,2012,0.830771684646606
alb,2013,0.830771684646606
alb,2014,0.817436575889587
alb,2015,0.869714736938477
alb,2016,0.90033894777298
alb,2017,0.91199517250061
alb,2018,0.701292395591736
alb,2019,0.706303477287293
alb,2020,0.704890131950378
alb,2021,0.704890131950378
alb,2022,0.704890131950378
alb,2023,0.704890131950378
arg,1950,0.467761695384979
arg,1951,0.467761695384979
arg,1952,0.467761695384979
arg,1953,0.467761695384979
arg,1954,0.467761695384979
arg,1955,0.467761695384979
arg,1956,0.467761695384979
arg,1957,0.467761695384979
arg,1958,0.467761695384979
arg,1959,0.467761695384979
arg,1960,0.467761695384979
arg,1961,0.467761695384979
arg,1962,0.467761695384979
arg,1963,0.467761695384979
arg,1964,0.467761695384979
arg,1965,0.467761695384979
arg,1966,0.467761695384979
arg,1967,0.467761695384979
arg,1968,0.467761695384979
arg,1969,0.467761695384979
arg,1970,0.467761695384979
arg,1971,0.467761695384979
arg,1972,0.467761695384979
arg,1973,0.467761695384979
arg,1974,0.467761695384979
arg,1975,0.467761695384979
arg,1976,0.467761695384979
arg,1977,0.467761695384979
arg,1978,0.467761695384979
arg,1979,0.467761695384979
arg,1980,0.467761695384979
arg,1981,0.467761695384979
arg,1982,0.467761695384979
arg,1983,0.467761695384979
arg,1984,0.467761695384979
arg,1985,0.467761695384979
arg,1986,0.467761695384979
arg,1987,0.467761695384979
arg,1988,0.467761695384979
arg,1989,0.467761695384979
arg,1990,0.467761695384979
arg,1991,0.467761695384979
arg,1992,0.467761695384979
arg,1993,0.467761695384979
arg,1994,0.458000212907791
arg,1995,0.411868989467621
arg,1996,0.380585700273514
arg,1997,0.364353477954865
arg,1998,0.376827389001846
arg,1999,0.403305023908615
arg,2000,0.400277107954025
arg,2001,0.411081463098526
arg,2002,0.316750884056091
arg,2003,0.307681441307068
arg,2004,0.325439989566803
arg,2005,0.33866074681282
arg,2006,0.355213403701782
arg,2007,0.366409868001938
arg,2008,0.401706039905548
arg,2009,0.443571835756302
arg,2010,0.44017282128334
arg,2011,0.472903043031693
arg,2012,0.519548714160919
arg,2013,0.544279217720032
arg,2014,0.557846069335938
arg,2015,0.571412920951843
arg,2016,0.584979772567749
arg,2017,0.584801495075226
arg,2018,0.540641009807587
arg,2019,0.533033132553101
arg,2020,0.555041372776032
arg,2021,0.50031453371048
arg,2022,0.510082542896271
arg,2023,0.528471767902374
arm,1990,0.744815707206726
arm,1991,0.744815707206726
arm,1992,0.719028115272522
arm,1993,0.744815707206726
arm,1994,0.744815707206726
arm,1995,0.744815707206726
arm,1996,0.744815707206726
arm,1997,0.729505062103272
arm,1998,0.748906493186951
arm,1999,0.718738913536072
arm,2000,0.683684945106506
arm,2001,0.703645765781403
arm,2002,0.65802937746048
arm,2003,0.641965508460999
arm,2004,0.639502286911011
arm,2005,0.603701174259186
arm,2006,0.593769490718842
arm,2007,0.588961958885193
arm,2008,0.565741062164307
arm,2009,0.579095244407654
arm,2010,0.569885551929474
arm,2011,0.593116819858551
arm,2012,0.582260668277741
arm,2013,0.584861934185028
arm,2014,0.579672873020172
arm,2015,0.573664367198944
arm,2016,0.565172433853149
arm,2017,0.548754096031189
arm,2018,0.53120744228363
arm,2019,0.504585981369019
arm,2020,0.51909464597702
arm,2021,0.508563578128815
arm,2022,0.508563578128815
arm,2023,0.508563578128815
aus,1950,0.679780185222626
aus,1951,0.679780185222626
aus,1952,0.679780185222626
aus,1953,0.679780185222626
aus,1954,0.679780185222626
aus,1955,0.679780185222626
aus,1956,0.679780185222626
aus,1957,0.679780185222626
aus,1958,0.679780185222626
aus,1959,0.679780185222626
aus,1960,0.685091435909271
aus,1961,0.679827272891998
aus,1962,0.669902265071869
aus,1963,0.660960078239441
aus,1964,0.667436480522156
aus,1965,0.679783999919891
aus,1966,0.675305664539337
aus,1967,0.669578015804291
aus,1968,0.663482964038849
aus,1969,0.656078159809113
aus,1970,0.670249700546265
aus,1971,0.674707889556885
aus,1972,0.669175446033478
aus,1973,0.691512286663055
aus,1974,0.719121217727661
aus,1975,0.713194668292999
aus,1976,0.700187504291534
aus,1977,0.699400007724762
aus,1978,0.681958198547363
aus,1979,0.670736372470856
aus,1980,0.671567320823669
aus,1981,0.676764070987701
aus,1982,0.675029575824738
aus,1983,0.64524906873703
aus,1984,0.643118023872376
aus,1985,0.640367269515991
aus,1986,0.630575120449066
aus,1987,0.611905932426453
aus,1988,0.607828974723816
aus,1989,0.617014706134796
aus,1990,0.6245436668396
aus,1991,0.615730702877045
aus,1992,0.605830490589142
aus,1993,0.600053668022156
aus,1994,0.602428019046783
aus,1995,0.605877459049225
aus,1996,0.61635822057724
aus,1997,0.610626757144928
aus,1998,0.611968994140625
aus,1999,0.604052662849426
aus,2000,0.605064392089844
aus,2001,0.606984317302704
aus,2002,0.599807679653168
aus,2003,0.599910080432892
aus,2004,0.601517617702484
aus,2005,0.590798258781433
aus,2006,0.586387455463409
aus,2007,0.592022180557251
aus,2008,0.568356037139893
aus,2009,0.575622022151947
aus,2010,0.574317395687103
aus,2011,0.574950098991394
aus,2012,0.581968009471893
aus,2013,0.581848323345184
aus,2014,0.595910131931305
aus,2015,0.60457843542099
aus,2016,0.584962725639343
aus,2017,0.582688629627228
aus,2018,0.574934184551239
aus,2019,0.569040656089783
aus,2020,0.560350656509399
aus,2021,0.547128617763519
aus,2022,0.546087741851807
aus,2023,0.546087741851807
aut,1950,0.569767951965332
aut,1951,0.569767951965332
aut,1952,0.569767951965332
aut,1953,0.569767951965332
aut,1954,0.569767951965332
aut,1955,0.569767951965332
aut,1956,0.569767951965332
aut,1957,0.569767951965332
aut,1958,0.569767951965332
aut,1959,0.569767951965332
aut,1960,0.569767951965332
aut,1961,0.569767951965332
aut,1962,0.569767951965332
aut,1963,0.569767951965332
aut,1964,0.569767951965332
aut,1965,0.569767951965332
aut,1966,0.569767951965332
aut,1967,0.569767951965332
aut,1968,0.569767951965332
aut,1969,0.569767951965332
aut,1970,0.569767951965332
aut,1971,0.585240066051483
aut,1972,0.58218640089035
aut,1973,0.640552997589111
aut,1974,0.649395942687988
aut,1975,0.676052927970886
aut,1976,0.662499129772186
aut,1977,0.663077235221863
aut,1978,0.682971119880676
aut,1979,0.670350730419159
aut,1980,0.673504829406738
aut,1981,0.679935932159424
aut,1982,0.666589856147766
aut,1983,0.654911756515503
aut,1984,0.661840498447418
aut,1985,0.664117813110352
aut,1986,0.667495906352997
aut,1987,0.667709946632385
aut,1988,0.660595655441284
aut,1989,0.656049251556397
aut,1990,0.650768578052521
aut,1991,0.655740559101105
aut,1992,0.657958626747131
aut,1993,0.662599563598633
aut,1994,0.656719207763672
aut,1995,0.652517139911652
aut,1996,0.643284618854523
aut,1997,0.632818996906281
aut,1998,0.629087030887604
aut,1999,0.628308653831482
aut,2000,0.618841886520386
aut,2001,0.611665308475494
aut,2002,0.608660519123077
aut,2003,0.60524320602417
aut,2004,0.593671917915344
aut,2005,0.581101596355438
aut,2006,0.574733138084412
aut,2007,0.569526731967926
aut,2008,0.583829283714294
aut,2009,0.600847065448761
aut,2010,0.597598016262054
aut,2011,0.593102097511292
aut,2012,0.601977705955505
aut,2013,0.60887610912323
aut,2014,0.605553150177002
aut,2015,0.602150917053223
aut,2016,0.600066840648651
aut,2017,0.600424766540527
aut,2018,0.599839925765991
aut,2019,0.6048424243927
aut,2020,0.598010241985321
aut,2021,0.593212604522705
aut,2022,0.594138145446777
aut,2023,0.607999980449677
aze,1990,0.569162964820862
aze,1991,0.569162964820862
aze,1992,0.569162964820862
aze,1993,0.569162964820862
aze,1994,0.569162964820862
aze,1995,0.513965487480164
aze,1996,0.483230710029602
aze,1997,0.428940892219543
aze,1998,0.389421045780182
aze,1999,0.408844590187073
aze,2000,0.401025891304016
aze,2001,0.377947062253952
aze,2002,0.37708979845047
aze,2003,0.379396855831146
aze,2004,0.385607898235321
aze,2005,0.341337025165558
aze,2006,0.255411922931671
aze,2007,0.233612030744553
aze,2008,0.211909219622612
aze,2009,0.254765182733536
aze,2010,0.231506615877152
aze,2011,0.212224140763283
aze,2012,0.229299128055573
aze,2013,0.243061304092407
aze,2014,0.250905215740204
aze,2015,0.289259105920792
aze,2016,0.272547602653503
aze,2017,0.2545405626297
aze,2018,0.255480498075485
aze,2019,0.327482730150223
aze,2020,0.392302095890045
aze,2021,0.392302095890045
aze,2022,0.392302095890045
aze,2023,0.392302095890045
bdi,1980,0.750308871269226
bdi,1981,0.750308871269226
bdi,1982,0.750308871269226
bdi,1983,0.750308871269226
bdi,1984,0.750308871269226
bdi,1985,0.751651763916016
bdi,1986,0.730288982391357
bdi,1987,0.724469065666199
bdi,1988,0.711819410324097
bdi,1989,0.719200611114502
bdi,1990,0.726581752300263
bdi,1991,0.733962953090668
bdi,1992,0.741344153881073
bdi,1993,0.748725295066834
bdi,1994,0.756106495857239
bdi,1995,0.763487696647644
bdi,1996,0.770868837833405
bdi,1997,0.77825003862381
bdi,1998,0.78563117980957
bdi,1999,0.793012380599976
bdi,2000,0.800393581390381
bdi,2001,0.807774722576141
bdi,2002,0.815155923366547
bdi,2003,0.822537124156952
bdi,2004,0.829918265342712
bdi,2005,0.837299466133118
bdi,2006,0.618851184844971
bdi,2007,0.614920616149902
bdi,2008,0.606217503547669
bdi,2009,0.606217503547669
bdi,2010,0.606217503547669
bdi,2011,0.606217503547669
bdi,2012,0.606217503547669
bdi,2013,0.606217503547669
bdi,2014,0.606217503547669
bdi,2015,0.606217503547669
bdi,2016,0.606217503547669
bdi,2017,0.606217503547669
bdi,2018,0.606217503547669
bdi,2019,0.606217503547669
bdi,2020,0.606217503547669
bdi,2021,0.606217503547669
bdi,2022,0.606217503547669
bdi,2023,0.606217503547669
bel,1950,0.66414213180542
bel,1951,0.66414213180542
bel,1952,0.66414213180542
bel,1953,0.66414213180542
bel,1954,0.66414213180542
bel,1955,0.66414213180542
bel,1956,0.66414213180542
bel,1957,0.66414213180542
bel,1958,0.66414213180542
bel,1959,0.66414213180542
bel,1960,0.66414213180542
bel,1961,0.66414213180542
bel,1962,0.66414213180542
bel,1963,0.66414213180542
bel,1964,0.66414213180542
bel,1965,0.66414213180542
bel,1966,0.66414213180542
bel,1967,0.66414213180542
bel,1968,0.66414213180542
bel,1969,0.66414213180542
bel,1970,0.66414213180542
bel,1971,0.66414213180542
bel,1972,0.66414213180542
bel,1973,0.66414213180542
bel,1974,0.66414213180542
bel,1975,0.66414213180542
bel,1976,0.66414213180542
bel,1977,0.66414213180542
bel,1978,0.66414213180542
bel,1979,0.66414213180542
bel,1980,0.66414213180542
bel,1981,0.66414213180542
bel,1982,0.66414213180542
bel,1983,0.66414213180542
bel,1984,0.66414213180542
bel,1985,0.66414213180542
bel,1986,0.657494962215424
bel,1987,0.649960100650787
bel,1988,0.632412254810333
bel,1989,0.628126621246338
bel,1990,0.633197009563446
bel,1991,0.647891521453857
bel,1992,0.646496415138245
bel,1993,0.649921119213104
bel,1994,0.641644537448883
bel,1995,0.632158875465393
bel,1996,0.636581420898438
bel,1997,0.635677933692932
bel,1998,0.63352245092392
bel,1999,0.64173811674118
bel,2000,0.632380664348602
bel,2001,0.643422961235046
bel,2002,0.647515118122101
bel,2003,0.640514731407166
bel,2004,0.625207781791687
bel,2005,0.615302741527557
bel,2006,0.613067388534546
bel,2007,0.607697367668152
bel,2008,0.624550104141235
bel,2009,0.636493384838104
bel,2010,0.621141374111176
bel,2011,0.620073974132538
bel,2012,0.628418266773224
bel,2013,0.629071831703186
bel,2014,0.620788991451263
bel,2015,0.610845565795898
bel,2016,0.606113135814667
bel,2017,0.605088174343109
bel,2018,0.602487564086914
bel,2019,0.596357941627502
bel,2020,0.592523753643036
bel,2021,0.584589779376984
bel,2022,0.571623742580414
bel,2023,0.586125731468201
ben,1980,0.649636387825012
ben,1981,0.649636387825012
ben,1982,0.649636387825012
ben,1983,0.649636387825012
ben,1984,0.649636387825012
ben,1985,0.649636387825012
ben,1986,0.649636387825012
ben,1987,0.649636387825012
ben,1988,0.649636387825012
ben,1989,0.649636387825012
ben,1990,0.649636387825012
ben,1991,0.649636387825012
ben,1992,0.649636387825012
ben,1993,0.649636387825012
ben,1994,0.649636387825012
ben,1995,0.610204041004181
ben,1996,0.603259801864624
ben,1997,0.606281578540802
ben,1998,0.614448189735413
ben,1999,0.617155015468597
ben,2000,0.617155015468597
ben,2001,0.617155015468597
ben,2002,0.617155015468597
ben,2003,0.617155015468597
ben,2004,0.617155015468597
ben,2005,0.617155015468597
ben,2006,0.617155015468597
ben,2007,0.617155015468597
ben,2008,0.617155015468597
ben,2009,0.617155015468597
ben,2010,0.617155015468597
ben,2011,0.617155015468597
ben,2012,0.617155015468597
ben,2013,0.617155015468597
ben,2014,0.617155015468597
ben,2015,0.617155015468597
ben,2016,0.617155015468597
ben,2017,0.617155015468597
ben,2018,0.617155015468597
ben,2019,0.617155015468597
ben,2020,0.617155015468597
ben,2021,0.617155015468597
ben,2022,0.617155015468597
ben,2023,0.617155015468597
bfa,1959,0.460462599992752
bfa,1960,0.460462599992752
bfa,1961,0.460462599992752
bfa,1962,0.460462599992752
bfa,1963,0.460462599992752
bfa,1964,0.460462599992752
bfa,1965,0.460462599992752
bfa,1966,0.460462599992752
bfa,1967,0.460462599992752
bfa,1968,0.460462599992752
bfa,1969,0.460462599992752
bfa,1970,0.460462599992752
bfa,1971,0.460462599992752
bfa,1972,0.460462599992752
bfa,1973,0.460462599992752
bfa,1974,0.460462599992752
bfa,1975,0.460462599992752
bfa,1976,0.460462599992752
bfa,1977,0.460462599992752
bfa,1978,0.460462599992752
bfa,1979,0.460462599992752
bfa,1980,0.463514983654022
bfa,1981,0.486688554286957
bfa,1982,0.490319609642029
bfa,1983,0.492374956607819
bfa,1984,0.499627113342285
bfa,1985,0.502582728862763
bfa,1986,0.505538284778595
bfa,1987,0.508493900299072
bfa,1988,0.511449456214905
bfa,1989,0.514405071735382
bfa,1990,0.517360687255859
bfa,1991,0.520316243171692
bfa,1992,0.523271858692169
bfa,1993,0.526227414608002
bfa,1994,0.529183030128479
bfa,1995,0.532138645648956
bfa,1996,0.535094201564789
bfa,1997,0.538049817085266
bfa,1998,0.541005373001099
bfa,1999,0.543960988521576
bfa,2000,0.528489530086517
bfa,2001,0.527902126312256
bfa,2002,0.542967259883881
bfa,2003,0.513918817043304
bfa,2004,0.496135950088501
bfa,2005,0.534692466259003
bfa,2006,0.504025936126709
bfa,2007,0.460219979286194
bfa,2008,0.509193301200867
bfa,2009,0.468837797641754
bfa,2010,0.472345232963562
bfa,2011,0.456403851509094
bfa,2012,0.467508018016815
bfa,2013,0.481595307588577
bfa,2014,0.483652830123901
bfa,2015,0.481164634227753
bfa,2016,0.4637071788311
bfa,2017,0.460264682769775
bfa,2018,0.480174481868744
bfa,2019,0.462459951639175
bfa,2020,0.428802967071533
bfa,2021,0.425985455513001
bfa,2022,0.425985455513001
bfa,2023,0.425985455513001
bgr,1970,0.412147492170334
bgr,1971,0.412147492170334
bgr,1972,0.412147492170334
bgr,1973,0.412147492170334
bgr,1974,0.412147492170334
bgr,1975,0.412147492170334
bgr,1976,0.412147492170334
bgr,1977,0.412147492170334
bgr,1978,0.412147492170334
bgr,1979,0.412147492170334
bgr,1980,0.412147492170334
bgr,1981,0.412147492170334
bgr,1982,0.412147492170334
bgr,1983,0.412147492170334
bgr,1984,0.412147492170334
bgr,1985,0.412147492170334
bgr,1986,0.412147492170334
bgr,1987,0.412147492170334
bgr,1988,0.412147492170334
bgr,1989,0.412147492170334
bgr,1990,0.412147492170334
bgr,1991,0.412147492170334
bgr,1992,0.412147492170334
bgr,1993,0.412147492170334
bgr,1994,0.412147492170334
bgr,1995,0.412147492170334
bgr,1996,0.390041470527649
bgr,1997,0.503500640392304
bgr,1998,0.472105383872986
bgr,1999,0.542710661888123
bgr,2000,0.511753618717194
bgr,2001,0.501916825771332
bgr,2002,0.489353030920029
bgr,2003,0.50680273771286
bgr,2004,0.504935026168823
bgr,2005,0.501504719257355
bgr,2006,0.496580690145493
bgr,2007,0.476362526416779
bgr,2008,0.504120051860809
bgr,2009,0.476523786783218
bgr,2010,0.477598786354065
bgr,2011,0.467528909444809
bgr,2012,0.480846285820007
bgr,2013,0.507506191730499
bgr,2014,0.516087532043457
bgr,2015,0.512858211994171
bgr,2016,0.521905601024628
bgr,2017,0.516510665416718
bgr,2018,0.516510665416718
bgr,2019,0.516510665416718
bgr,2020,0.516510665416718
bgr,2021,0.516510665416718
bgr,2022,0.516510665416718
bgr,2023,0.516510665416718
bhr,1970,0.335175842046738
bhr,1971,0.335175842046738
bhr,1972,0.335175842046738
bhr,1973,0.335175842046738
bhr,1974,0.335175842046738
bhr,1975,0.335175842046738
bhr,1976,0.335175842046738
bhr,1977,0.335175842046738
bhr,1978,0.335175842046738
bhr,1979,0.335175842046738
bhr,1980,0.335175842046738
bhr,1981,0.335175842046738
bhr,1982,0.335175842046738
bhr,1983,0.335175842046738
bhr,1984,0.335175842046738
bhr,1985,0.335175842046738
bhr,1986,0.335175842046738
bhr,1987,0.335175842046738
bhr,1988,0.335175842046738
bhr,1989,0.335175842046738
bhr,1990,0.335175842046738
bhr,1991,0.335175842046738
bhr,1992,0.335175842046738
bhr,1993,0.335175842046738
bhr,1994,0.335175842046738
bhr,1995,0.335175842046738
bhr,1996,0.328505098819733
bhr,1997,0.330191552639008
bhr,1998,0.335175842046738
bhr,1999,0.335175842046738
bhr,2000,0.304058134555817
bhr,2001,0.329121887683868
bhr,2002,0.330940008163452
bhr,2003,0.315883576869965
bhr,2004,0.291502773761749
bhr,2005,0.266300171613693
bhr,2006,0.253301501274109
bhr,2007,0.263578623533249
bhr,2008,0.255114018917084
bhr,2009,0.301217079162598
bhr,2010,0.293745517730713
bhr,2011,0.275261372327805
bhr,2012,0.29101574420929
bhr,2013,0.286647915840149
bhr,2014,0.2935651242733
bhr,2015,0.2935651242733
bhr,2016,0.2935651242733
bhr,2017,0.2935651242733
bhr,2018,0.2935651242733
bhr,2019,0.2935651242733
bhr,2020,0.2935651242733
bhr,2021,0.2935651242733
bhr,2022,0.2935651242733
bhr,2023,0.2935651242733
bhs,1973,0.411397188901901
bhs,1974,0.411397188901901
bhs,1975,0.411397188901901
bhs,1976,0.411397188901901
bhs,1977,0.411397188901901
bhs,1978,0.411397188901901
bhs,1979,0.411397188901901
bhs,1980,0.411397188901901
bhs,1981,0.411397188901901
bhs,1982,0.411397188901901
bhs,1983,0.411397188901901
bhs,1984,0.411397188901901
bhs,1985,0.411397188901901
bhs,1986,0.411397188901901
bhs,1987,0.411397188901901
bhs,1988,0.411397188901901
bhs,1989,0.411397188901901
bhs,1990,0.418358772993088
bhs,1991,0.418358772993088
bhs,1992,0.418358772993088
bhs,1993,0.413703680038452
bhs,1994,0.418358772993088
bhs,1995,0.418358772993088
bhs,1996,0.409468948841095
bhs,1997,0.415872067213058
bhs,1998,0.400086879730225
bhs,1999,0.408206194639206
bhs,2000,0.391577124595642
bhs,2001,0.376865327358246
bhs,2002,0.381021499633789
bhs,2003,0.390356451272965
bhs,2004,0.393155962228775
bhs,2005,0.378183543682098
bhs,2006,0.406311750411987
bhs,2007,0.391525238752365
bhs,2008,0.373286694288254
bhs,2009,0.393413096666336
bhs,2010,0.397210270166397
bhs,2011,0.397210270166397
bhs,2012,0.397210270166397
bhs,2013,0.397210270166397
bhs,2014,0.397210270166397
bhs,2015,0.397210270166397
bhs,2016,0.397210270166397
bhs,2017,0.397210270166397
bhs,2018,0.397210270166397
bhs,2019,0.397210270166397
bhs,2020,0.397210270166397
bhs,2021,0.397210270166397
bhs,2022,0.397210270166397
bhs,2023,0.397210270166397
bih,1990,0.638702690601349
bih,1991,0.638702690601349
bih,1992,0.638702690601349
bih,1993,0.638702690601349
bih,1994,0.638702690601349
bih,1995,0.638702690601349
bih,1996,0.638702690601349
bih,1997,0.638702690601349
bih,1998,0.638702690601349
bih,1999,0.638702690601349
bih,2000,0.638702690601349
bih,2001,0.638702690601349
bih,2002,0.638702690601349
bih,2003,0.638702690601349
bih,2004,0.638702690601349
bih,2005,0.638702690601349
bih,2006,0.648814499378204
bih,2007,0.654797434806824
bih,2008,0.664813280105591
bih,2009,0.680418372154236
bih,2010,0.671102285385132
bih,2011,0.671102285385132
bih,2012,0.671102285385132
bih,2013,0.671102285385132
bih,2014,0.671102285385132
bih,2015,0.671102285385132
bih,2016,0.671102285385132
bih,2017,0.671102285385132
bih,2018,0.671102285385132
bih,2019,0.671102285385132
bih,2020,0.671102285385132
bih,2021,0.671102285385132
bih,2022,0.671102285385132
bih,2023,0.671102285385132
blr,1990,0.472658753395081
blr,1991,0.429568082094193
blr,1992,0.458323031663895
blr,1993,0.590677320957184
blr,1994,0.514280200004578
blr,1995,0.507910907268524
blr,1996,0.525573790073395
blr,1997,0.50770503282547
blr,1998,0.552851378917694
blr,1999,0.548978447914124
blr,2000,0.556154012680054
blr,2001,0.595304310321808
blr,2002,0.588404536247253
blr,2003,0.555482089519501
blr,2004,0.553924083709717
blr,2005,0.571293890476227
blr,2006,0.582285821437836
blr,2007,0.569092094898224
blr,2008,0.547837138175964
blr,2009,0.576468884944916
blr,2010,0.595528721809387
blr,2011,0.502661406993866
blr,2012,0.539222002029419
blr,2013,0.626019299030304
blr,2014,0.605881035327911
blr,2015,0.593227386474609
blr,2016,0.58321350812912
blr,2017,0.578589618206024
blr,2018,0.593878984451294
blr,2019,0.596932411193848
blr,2020,0.591923415660858
blr,2021,0.564649760723114
blr,2022,0.569543778896332
blr,2023,0.569543778896332
bmu,1986,0.506276726722717
bmu,1987,0.506276726722717
bmu,1988,0.506276726722717
bmu,1989,0.506276726722717
bmu,1990,0.506276726722717
bmu,1991,0.506276726722717
bmu,1992,0.506276726722717
bmu,1993,0.506276726722717
bmu,1994,0.506276726722717
bmu,1995,0.506276726722717
bmu,1996,0.506276726722717
bmu,1997,0.501696884632111
bmu,1998,0.5094895362854
bmu,1999,0.493916600942612
bmu,2000,0.540375530719757
bmu,2001,0.563643097877502
bmu,2002,0.575384378433228
bmu,2003,0.57115513086319
bmu,2004,0.577993631362915
bmu,2005,0.601756691932678
bmu,2006,0.58208692073822
bmu,2007,0.597699284553528
bmu,2008,0.590106010437012
bmu,2009,0.60765153169632
bmu,2010,0.605835914611816
bmu,2011,0.6070596575737
bmu,2012,0.6127610206604
bmu,2013,0.60482531785965
bmu,2014,0.605469882488251
bmu,2015,0.611866772174835
bmu,2016,0.595422506332398
bmu,2017,0.599025368690491
bmu,2018,0.591554939746857
bmu,2019,0.5938560962677
bmu,2020,0.610585749149323
bmu,2021,0.732251763343811
bmu,2022,0.586310386657715
bmu,2023,0.586310386657715
bol,1950,0.513199985027313
bol,1951,0.513199985027313
bol,1952,0.513199985027313
bol,1953,0.513199985027313
bol,1954,0.513199985027313
bol,1955,0.513199985027313
bol,1956,0.513199985027313
bol,1957,0.513199985027313
bol,1958,0.513199985027313
bol,1959,0.513199985027313
bol,1960,0.513199985027313
bol,1961,0.513199985027313
bol,1962,0.513199985027313
bol,1963,0.513199985027313
bol,1964,0.513199985027313
bol,1965,0.513199985027313
bol,1966,0.513199985027313
bol,1967,0.513199985027313
bol,1968,0.513199985027313
bol,1969,0.513199985027313
bol,1970,0.513199985027313
bol,1971,0.565072596073151
bol,1972,0.539929866790772
bol,1973,0.516550183296204
bol,1974,0.535919487476349
bol,1975,0.545427858829498
bol,1976,0.533041715621948
bol,1977,0.545704364776611
bol,1978,0.519968092441559
bol,1979,0.520562767982483
bol,1980,0.531391024589539
bol,1981,0.515103578567505
bol,1982,0.487915992736816
bol,1983,0.519157588481903
bol,1984,0.65257865190506
bol,1985,0.519825100898743
bol,1986,0.424118041992188
bol,1987,0.485334724187851
bol,1988,0.546551406383514
bol,1989,0.550016760826111
bol,1990,0.538079738616943
bol,1991,0.548705697059631
bol,1992,0.559890747070313
bol,1993,0.560883224010468
bol,1994,0.556451439857483
bol,1995,0.538919568061829
bol,1996,0.554492294788361
bol,1997,0.549319803714752
bol,1998,0.518672049045563
bol,1999,0.53787636756897
bol,2000,0.560121417045593
bol,2001,0.558589637279511
bol,2002,0.547475278377533
bol,2003,0.545152485370636
bol,2004,0.524885714054108
bol,2005,0.514479398727417
bol,2006,0.479564040899277
bol,2007,0.471076488494873
bol,2008,0.4520583152771
bol,2009,0.477365702390671
bol,2010,0.450848340988159
bol,2011,0.454684138298035
bol,2012,0.454781740903854
bol,2013,0.460143476724625
bol,2014,0.472381711006165
bol,2015,0.498441219329834
bol,2016,0.498441219329834
bol,2017,0.498441219329834
bol,2018,0.498441219329834
bol,2019,0.498441219329834
bol,2020,0.498441219329834
bol,2021,0.498441219329834
bol,2022,0.498441219329834
bol,2023,0.498441219329834
bra,1950,0.525693595409393
bra,1951,0.525693595409393
bra,1952,0.525693595409393
bra,1953,0.525693595409393
bra,1954,0.525693595409393
bra,1955,0.525693595409393
bra,1956,0.525693595409393
bra,1957,0.525693595409393
bra,1958,0.525693595409393
bra,1959,0.525693595409393
bra,1960,0.525693595409393
bra,1961,0.525693595409393
bra,1962,0.525693595409393
bra,1963,0.525693595409393
bra,1964,0.525693595409393
bra,1965,0.525693595409393
bra,1966,0.525693595409393
bra,1967,0.525693595409393
bra,1968,0.525693595409393
bra,1969,0.525693595409393
bra,1970,0.525693595409393
bra,1971,0.525693595409393
bra,1972,0.525693595409393
bra,1973,0.525693595409393
bra,1974,0.525693595409393
bra,1975,0.525693595409393
bra,1976,0.525693595409393
bra,1977,0.525693595409393
bra,1978,0.525693595409393
bra,1979,0.525693595409393
bra,1980,0.525693595409393
bra,1981,0.525693595409393
bra,1982,0.525693595409393
bra,1983,0.525693595409393
bra,1984,0.525693595409393
bra,1985,0.525693595409393
bra,1986,0.525693595409393
bra,1987,0.525693595409393
bra,1988,0.525693595409393
bra,1989,0.525693595409393
bra,1990,0.525693595409393
bra,1991,0.525693595409393
bra,1992,0.525693595409393
bra,1993,0.506977438926697
bra,1994,0.523473978042603
bra,1995,0.572019100189209
bra,1996,0.563141942024231
bra,1997,0.540196120738983
bra,1998,0.546779811382294
bra,1999,0.544569134712219
bra,2000,0.537806510925293
bra,2001,0.545147240161896
bra,2002,0.533069789409638
bra,2003,0.529577612876892
bra,2004,0.525227069854736
bra,2005,0.535445690155029
bra,2006,0.540471017360687
bra,2007,0.541516065597534
bra,2008,0.549669921398163
bra,2009,0.562467038631439
bra,2010,0.552456736564636
bra,2011,0.557016670703888
bra,2012,0.565820515155792
bra,2013,0.570314049720764
bra,2014,0.568103611469269
bra,2015,0.58119797706604
bra,2016,0.580193102359772
bra,2017,0.577995359897614
bra,2018,0.571876406669617
bra,2019,0.569700419902802
bra,2020,0.543360710144043
bra,2021,0.511414289474487
bra,2022,0.511414289474487
bra,2023,0.511414289474487
brb,1960,0.73346871137619
brb,1961,0.73346871137619
brb,1962,0.73346871137619
brb,1963,0.73346871137619
brb,1964,0.73346871137619
brb,1965,0.73346871137619
brb,1966,0.73346871137619
brb,1967,0.73346871137619
brb,1968,0.73346871137619
brb,1969,0.73346871137619
brb,1970,0.73346871137619
brb,1971,0.73346871137619
brb,1972,0.73346871137619
brb,1973,0.73346871137619
brb,1974,0.73346871137619
brb,1975,0.750565946102142
brb,1976,0.750565946102142
brb,1977,0.750565946102142
brb,1978,0.750565946102142
brb,1979,0.750565946102142
brb,1980,0.750565946102142
brb,1981,0.750565946102142
brb,1982,0.750565946102142
brb,1983,0.750565946102142
brb,1984,0.750565946102142
brb,1985,0.750565946102142
brb,1986,0.750565946102142
brb,1987,0.750565946102142
brb,1988,0.750565946102142
brb,1989,0.750565946102142
brb,1990,0.750565946102142
brb,1991,0.750565946102142
brb,1992,0.750565946102142
brb,1993,0.750565946102142
brb,1994,0.750565946102142
brb,1995,0.750565946102142
brb,1996,0.750565946102142
brb,1997,0.750565946102142
brb,1998,0.750565946102142
brb,1999,0.750565946102142
brb,2000,0.750565946102142
brb,2001,0.750565946102142
brb,2002,0.750565946102142
brb,2003,0.750565946102142
brb,2004,0.750565946102142
brb,2005,0.750565946102142
brb,2006,0.750565946102142
brb,2007,0.750565946102142
brb,2008,0.750565946102142
brb,2009,0.750565946102142
brb,2010,0.750565946102142
brb,2011,0.750565946102142
brb,2012,0.750565946102142
brb,2013,0.750565946102142
brb,2014,0.750565946102142
brb,2015,0.750565946102142
brb,2016,0.750565946102142
brb,2017,0.750565946102142
brb,2018,0.750565946102142
brb,2019,0.750565946102142
brb,2020,0.750565946102142
brb,2021,0.750565946102142
brb,2022,0.750565946102142
brb,2023,0.750565946102142
bwa,1960,0.349185019731522
bwa,1961,0.349185019731522
bwa,1962,0.349185019731522
bwa,1963,0.349185019731522
bwa,1964,0.349185019731522
bwa,1965,0.349185019731522
bwa,1966,0.349185019731522
bwa,1967,0.349185019731522
bwa,1968,0.349185019731522
bwa,1969,0.349185019731522
bwa,1970,0.349185019731522
bwa,1971,0.349185019731522
bwa,1972,0.349185019731522
bwa,1973,0.349185019731522
bwa,1974,0.349185019731522
bwa,1975,0.349185019731522
bwa,1976,0.349185019731522
bwa,1977,0.349185019731522
bwa,1978,0.349185019731522
bwa,1979,0.349185019731522
bwa,1980,0.349185019731522
bwa,1981,0.349185019731522
bwa,1982,0.349185019731522
bwa,1983,0.349185019731522
bwa,1984,0.349185019731522
bwa,1985,0.349185019731522
bwa,1986,0.349185019731522
bwa,1987,0.349185019731522
bwa,1988,0.349185019731522
bwa,1989,0.349185019731522
bwa,1990,0.349185019731522
bwa,1991,0.349185019731522
bwa,1992,0.349185019731522
bwa,1993,0.38288813829422
bwa,1994,0.327377855777741
bwa,1995,0.331589758396149
bwa,1996,0.316365987062454
bwa,1997,0.279382765293121
bwa,1998,0.294239908456802
bwa,1999,0.303253561258316
bwa,2000,0.277960985898972
bwa,2001,0.277960985898972
bwa,2002,0.277960985898972
bwa,2003,0.277960985898972
bwa,2004,0.277960985898972
bwa,2005,0.277960985898972
bwa,2006,0.277960985898972
bwa,2007,0.277960985898972
bwa,2008,0.277960985898972
bwa,2009,0.277960985898972
bwa,2010,0.277960985898972
bwa,2011,0.277960985898972
bwa,2012,0.277960985898972
bwa,2013,0.277960985898972
bwa,2014,0.277960985898972
bwa,2015,0.277960985898972
bwa,2016,0.277960985898972
bwa,2017,0.277960985898972
bwa,2018,0.277960985898972
bwa,2019,0.277960985898972
bwa,2020,0.277960985898972
bwa,2021,0.277960985898972
bwa,2022,0.277960985898972
bwa,2023,0.277960985898972
caf,1980,0.231892436742783
caf,1981,0.231892436742783
caf,1982,0.231892436742783
caf,1983,0.231892436742783
caf,1984,0.231892436742783
caf,1985,0.231892436742783
caf,1986,0.231892436742783
caf,1987,0.231892436742783
caf,1988,0.231892436742783
caf,1989,0.231892436742783
caf,1990,0.231892436742783
caf,1991,0.231892436742783
caf,1992,0.231892436742783
caf,1993,0.231892436742783
caf,1994,0.231892436742783
caf,1995,0.231892436742783
caf,1996,0.231892436742783
caf,1997,0.231892436742783
caf,1998,0.231892436742783
caf,1999,0.231892436742783
caf,2000,0.231892436742783
caf,2001,0.231892436742783
caf,2002,0.231892436742783
caf,2003,0.231892436742783
caf,2004,0.231892436742783
caf,2005,0.231892436742783
caf,2006,0.164315789937973
caf,2007,0.164315789937973
caf,2008,0.164315789937973
caf,2009,0.164315789937973
caf,2010,0.164315789937973
caf,2011,0.164315789937973
caf,2012,0.164315789937973
caf,2013,0.164315789937973
caf,2014,0.164315789937973
caf,2015,0.164315789937973
caf,2016,0.164315789937973
caf,2017,0.164315789937973
caf,2018,0.164315789937973
caf,2019,0.164315789937973
caf,2020,0.164315789937973
caf,2021,0.164315789937973
caf,2022,0.164315789937973
caf,2023,0.164315789937973
can,1950,0.720642685890198
can,1951,0.720642685890198
can,1952,0.720642685890198
can,1953,0.720642685890198
can,1954,0.720642685890198
can,1955,0.720642685890198
can,1956,0.720642685890198
can,1957,0.720642685890198
can,1958,0.720642685890198
can,1959,0.720642685890198
can,1960,0.720642685890198
can,1961,0.720642685890198
can,1962,0.718753397464752
can,1963,0.714493215084076
can,1964,0.715605854988098
can,1965,0.72273588180542
can,1966,0.727008104324341
can,1967,0.742672801017761
can,1968,0.740289688110352
can,1969,0.748302578926086
can,1970,0.751107513904572
can,1971,0.75379091501236
can,1972,0.757878303527832
can,1973,0.7451092004776
can,1974,0.735606133937836
can,1975,0.721967935562134
can,1976,0.72607159614563
can,1977,0.721867263317108
can,1978,0.703604936599731
can,1979,0.680134773254395
can,1980,0.667913734912872
can,1981,0.692736089229584
can,1982,0.707360446453095
can,1983,0.677225232124329
can,1984,0.661423683166504
can,1985,0.658374547958374
can,1986,0.679513037204742
can,1987,0.67333859205246
can,1988,0.681399405002594
can,1989,0.693052709102631
can,1990,0.710365831851959
can,1991,0.73360276222229
can,1992,0.7385174036026
can,1993,0.722486138343811
can,1994,0.695457935333252
can,1995,0.683057188987732
can,1996,0.676772058010101
can,1997,0.673506140708923
can,1998,0.686226963996887
can,1999,0.669298350811005
can,2000,0.653895318508148
can,2001,0.657381176948547
can,2002,0.657402634620667
can,2003,0.645753741264343
can,2004,0.639334261417389
can,2005,0.629435360431671
can,2006,0.634261846542358
can,2007,0.639494955539703
can,2008,0.63119775056839
can,2009,0.672544836997986
can,2010,0.650951683521271
can,2011,0.639589190483093
can,2012,0.650561571121216
can,2013,0.649688482284546
can,2014,0.641806542873383
can,2015,0.670259356498718
can,2016,0.661177635192871
can,2017,0.651702463626862
can,2018,0.654160618782044
can,2019,0.658807039260864
can,2020,0.652546226978302
can,2021,0.635081887245178
can,2022,0.628219187259674
can,2023,0.659301698207855
che,1950,0.642336785793304
che,1951,0.642336785793304
che,1952,0.642336785793304
che,1953,0.642336785793304
che,1954,0.642336785793304
che,1955,0.642336785793304
che,1956,0.642336785793304
che,1957,0.642336785793304
che,1958,0.642336785793304
che,1959,0.642336785793304
che,1960,0.642336785793304
che,1961,0.642336785793304
che,1962,0.642336785793304
che,1963,0.642336785793304
che,1964,0.642336785793304
che,1965,0.642336785793304
che,1966,0.642336785793304
che,1967,0.642336785793304
che,1968,0.642336785793304
che,1969,0.642336785793304
che,1970,0.642336785793304
che,1971,0.642336785793304
che,1972,0.642336785793304
che,1973,0.642336785793304
che,1974,0.642336785793304
che,1975,0.642336785793304
che,1976,0.642336785793304
che,1977,0.642336785793304
che,1978,0.642336785793304
che,1979,0.642336785793304
che,1980,0.642336785793304
che,1981,0.642336785793304
che,1982,0.642336785793304
che,1983,0.642336785793304
che,1984,0.642336785793304
che,1985,0.642336785793304
che,1986,0.642336785793304
che,1987,0.642336785793304
che,1988,0.642336785793304
che,1989,0.642336785793304
che,1990,0.642336785793304
che,1991,0.655172407627106
che,1992,0.659869194030762
che,1993,0.655876636505127
che,1994,0.645096004009247
che,1995,0.655129015445709
che,1996,0.648967802524567
che,1997,0.662297070026398
che,1998,0.65394526720047
che,1999,0.663573920726776
che,2000,0.654685854911804
che,2001,0.670151233673096
che,2002,0.684948563575745
che,2003,0.677805244922638
che,2004,0.666346728801727
che,2005,0.661233961582184
che,2006,0.644988536834717
che,2007,0.639930009841919
che,2008,0.64592981338501
che,2009,0.671875298023224
che,2010,0.653518199920654
che,2011,0.65764307975769
che,2012,0.657147645950317
che,2013,0.658707857131958
che,2014,0.655792117118835
che,2015,0.66509622335434
che,2016,0.660728991031647
che,2017,0.660808861255646
che,2018,0.647845923900604
che,2019,0.660974562168121
che,2020,0.671818315982819
che,2021,0.64603590965271
che,2022,0.640687942504883
che,2023,0.653461694717407
chl,1951,0.443323403596878
chl,1952,0.443323403596878
chl,1953,0.443323403596878
chl,1954,0.443323403596878
chl,1955,0.443323403596878
chl,1956,0.443323403596878
chl,1957,0.443323403596878
chl,1958,0.443323403596878
chl,1959,0.443323403596878
chl,1960,0.443323403596878
chl,1961,0.443323403596878
chl,1962,0.443323403596878
chl,1963,0.443323403596878
chl,1964,0.443323403596878
chl,1965,0.443323403596878
chl,1966,0.443323403596878
chl,1967,0.443323403596878
chl,1968,0.443323403596878
chl,1969,0.443323403596878
chl,1970,0.443323403596878
chl,1971,0.443323403596878
chl,1972,0.443323403596878
chl,1973,0.443323403596878
chl,1974,0.443323403596878
chl,1975,0.460733979940414
chl,1976,0.45685476064682
chl,1977,0.469725102186203
chl,1978,0.463427096605301
chl,1979,0.438264071941376
chl,1980,0.454615622758865
chl,1981,0.470191210508347
chl,1982,0.48444002866745
chl,1983,0.465674370527267
chl,1984,0.457631886005402
chl,1985,0.414118021726608
chl,1986,0.402771532535553
chl,1987,0.382431566715241
chl,1988,0.386054068803787
chl,1989,0.401525795459747
chl,1990,0.4231096804142
chl,1991,0.432725489139557
chl,1992,0.447142958641052
chl,1993,0.463149785995483
chl,1994,0.456608682870865
chl,1995,0.445341438055038
chl,1996,0.471460998058319
chl,1997,0.474865525960922
chl,1998,0.495927602052689
chl,1999,0.508959233760834
chl,2000,0.491676092147827
chl,2001,0.48680254817009
chl,2002,0.484493553638458
chl,2003,0.499886482954025
chl,2004,0.459456533193588
chl,2005,0.434962451457977
chl,2006,0.388719290494919
chl,2007,0.388664096593857
chl,2008,0.433321952819824
chl,2009,0.440223604440689
chl,2010,0.440223604440689
chl,2011,0.440223604440689
chl,2012,0.440223604440689
chl,2013,0.440223604440689
chl,2014,0.440223604440689
chl,2015,0.440223604440689
chl,2016,0.440223604440689
chl,2017,0.440223604440689
chl,2018,0.440223604440689
chl,2019,0.440223604440689
chl,2020,0.440223604440689
chl,2021,0.440223604440689
chl,2022,0.440223604440689
chl,2023,0.440223604440689
chn,1952,0.592194736003876
chn,1953,0.592194736003876
chn,1954,0.592194736003876
chn,1955,0.592194736003876
chn,1956,0.592194736003876
chn,1957,0.592194736003876
chn,1958,0.592194736003876
chn,1959,0.592194736003876
chn,1960,0.592194736003876
chn,1961,0.592194736003876
chn,1962,0.592194736003876
chn,1963,0.592194736003876
chn,1964,0.592194736003876
chn,1965,0.592194736003876
chn,1966,0.592194736003876
chn,1967,0.592194736003876
chn,1968,0.592194736003876
chn,1969,0.592194736003876
chn,1970,0.592194736003876
chn,1971,0.592194736003876
chn,1972,0.592194736003876
chn,1973,0.592194736003876
chn,1974,0.592194736003876
chn,1975,0.592194736003876
chn,1976,0.592194736003876
chn,1977,0.592194736003876
chn,1978,0.592194736003876
chn,1979,0.592194736003876
chn,1980,0.592194736003876
chn,1981,0.592194736003876
chn,1982,0.592194736003876
chn,1983,0.592194736003876
chn,1984,0.592194736003876
chn,1985,0.592194736003876
chn,1986,0.592194736003876
chn,1987,0.592194736003876
chn,1988,0.592194736003876
chn,1989,0.592194736003876
chn,1990,0.592194736003876
chn,1991,0.592194736003876
chn,1992,0.592194736003876
chn,1993,0.566835701465607
chn,1994,0.560853183269501
chn,1995,0.567277014255524
chn,1996,0.58803141117096
chn,1997,0.587999999523163
chn,1998,0.591839969158173
chn,1999,0.605469822883606
chn,2000,0.590660214424133
chn,2001,0.587249159812927
chn,2002,0.603073537349701
chn,2003,0.598181664943695
chn,2004,0.57622367143631
chn,2005,0.56974869966507
chn,2006,0.561830699443817
chn,2007,0.562760770320892
chn,2008,0.56485378742218
chn,2009,0.564468741416931
chn,2010,0.558413088321686
chn,2011,0.560839235782623
chn,2012,0.569530367851257
chn,2013,0.578751623630524
chn,2014,0.580333232879639
chn,2015,0.581012785434723
chn,2016,0.581159591674805
chn,2017,0.579817354679108
chn,2018,0.577055394649506
chn,2019,0.577753484249115
chn,2020,0.572499990463257
chn,2021,0.561180591583252
chn,2022,0.561180591583252
chn,2023,0.561180591583252
civ,1960,0.681114554405212
civ,1961,0.681114554405212
civ,1962,0.681114554405212
civ,1963,0.681114554405212
civ,1964,0.681114554405212
civ,1965,0.681114554405212
civ,1966,0.681114554405212
civ,1967,0.681114554405212
civ,1968,0.681114554405212
civ,1969,0.681114554405212
civ,1970,0.681114554405212
civ,1971,0.681114554405212
civ,1972,0.681114554405212
civ,1973,0.681114554405212
civ,1974,0.681114554405212
civ,1975,0.681114554405212
civ,1976,0.681114554405212
civ,1977,0.681114554405212
civ,1978,0.681114554405212
civ,1979,0.681114554405212
civ,1980,0.681114554405212
civ,1981,0.681114554405212
civ,1982,0.681114554405212
civ,1983,0.681114554405212
civ,1984,0.681114554405212
civ,1985,0.681114554405212
civ,1986,0.681114554405212
civ,1987,0.681114554405212
civ,1988,0.681114554405212
civ,1989,0.681114554405212
civ,1990,0.666245222091675
civ,1991,0.606130719184876
civ,1992,0.616755783557892
civ,1993,0.604513049125671
civ,1994,0.474948257207871
civ,1995,0.47397917509079
civ,1996,0.491205394268036
civ,1997,0.456953227519989
civ,1998,0.455065816640854
civ,1999,0.45774433016777
civ,2000,0.477792412042618
civ,2001,0.464601546525955
civ,2002,0.451410681009293
civ,2003,0.43821981549263
civ,2004,0.425028949975967
civ,2005,0.411838084459305
civ,2006,0.409566849470139
civ,2007,0.406819194555283
civ,2008,0.366295516490936
civ,2009,0.363198727369308
civ,2010,0.380723357200623
civ,2011,0.348051637411118
civ,2012,0.350562512874603
civ,2013,0.331920176744461
civ,2014,0.331920176744461
civ,2015,0.331920176744461
civ,2016,0.331920176744461
civ,2017,0.331920176744461
civ,2018,0.331920176744461
civ,2019,0.331920176744461
civ,2020,0.331920176744461
civ,2021,0.331920176744461
civ,2022,0.331920176744461
civ,2023,0.331920176744461
cmr,1960,0.555014967918396
cmr,1961,0.555014967918396
cmr,1962,0.555014967918396
cmr,1963,0.555014967918396
cmr,1964,0.555014967918396
cmr,1965,0.555014967918396
cmr,1966,0.555014967918396
cmr,1967,0.555014967918396
cmr,1968,0.555014967918396
cmr,1969,0.555014967918396
cmr,1970,0.555014967918396
cmr,1971,0.555014967918396
cmr,1972,0.555014967918396
cmr,1973,0.555014967918396
cmr,1974,0.555014967918396
cmr,1975,0.555014967918396
cmr,1976,0.555014967918396
cmr,1977,0.555014967918396
cmr,1978,0.555014967918396
cmr,1979,0.555014967918396
cmr,1980,0.555014967918396
cmr,1981,0.555014967918396
cmr,1982,0.555014967918396
cmr,1983,0.555014967918396
cmr,1984,0.555014967918396
cmr,1985,0.555014967918396
cmr,1986,0.555014967918396
cmr,1987,0.555014967918396
cmr,1988,0.555014967918396
cmr,1989,0.555014967918396
cmr,1990,0.555014967918396
cmr,1991,0.564736485481262
cmr,1992,0.574458003044128
cmr,1993,0.584179520606995
cmr,1994,0.625537097454071
cmr,1995,0.629804491996765
cmr,1996,0.64359712600708
cmr,1997,0.64359712600708
cmr,1998,0.64359712600708
cmr,1999,0.64359712600708
cmr,2000,0.64359712600708
cmr,2001,0.64359712600708
cmr,2002,0.64359712600708
cmr,2003,0.64359712600708
cmr,2004,0.64359712600708
cmr,2005,0.64359712600708
cmr,2006,0.64359712600708
cmr,2007,0.64359712600708
cmr,2008,0.64359712600708
cmr,2009,0.64359712600708
cmr,2010,0.64359712600708
cmr,2011,0.64359712600708
cmr,2012,0.64359712600708
cmr,2013,0.64359712600708
cmr,2014,0.64359712600708
cmr,2015,0.64359712600708
cmr,2016,0.64359712600708
cmr,2017,0.64359712600708
cmr,2018,0.64359712600708
cmr,2019,0.64359712600708
cmr,2020,0.64359712600708
cmr,2021,0.64359712600708
cmr,2022,0.64359712600708
cmr,2023,0.64359712600708
col,1950,0.47197362780571
col,1951,0.47197362780571
col,1952,0.47197362780571
col,1953,0.47197362780571
col,1954,0.47197362780571
col,1955,0.47197362780571
col,1956,0.47197362780571
col,1957,0.47197362780571
col,1958,0.47197362780571
col,1959,0.47197362780571
col,1960,0.47197362780571
col,1961,0.47197362780571
col,1962,0.47197362780571
col,1963,0.47197362780571
col,1964,0.47197362780571
col,1965,0.47197362780571
col,1966,0.47197362780571
col,1967,0.47197362780571
col,1968,0.47197362780571
col,1969,0.47197362780571
col,1970,0.47197362780571
col,1971,0.476662755012512
col,1972,0.468175530433655
col,1973,0.458529472351074
col,1974,0.450060665607452
col,1975,0.452930808067322
col,1976,0.444610804319382
col,1977,0.441564679145813
col,1978,0.468865245580673
col,1979,0.485348850488663
col,1980,0.494571834802628
col,1981,0.509342670440674
col,1982,0.512100636959076
col,1983,0.516733825206757
col,1984,0.502374231815338
col,1985,0.483181983232498
col,1986,0.454005360603333
col,1987,0.456234276294708
col,1988,0.458047240972519
col,1989,0.459124714136124
col,1990,0.448406875133514
col,1991,0.44645556807518
col,1992,0.472850859165192
col,1993,0.466528832912445
col,1994,0.502174377441406
col,1995,0.495093882083893
col,1996,0.5050448179245
col,1997,0.503299832344055
col,1998,0.500981271266937
col,1999,0.495707422494888
col,2000,0.476693034172058
col,2001,0.482329457998276
col,2002,0.488565623760223
col,2003,0.476767063140869
col,2004,0.467858701944351
col,2005,0.46635890007019
col,2006,0.468655347824097
col,2007,0.473968327045441
col,2008,0.462066918611527
col,2009,0.472745656967163
col,2010,0.468743205070496
col,2011,0.445209413766861
col,2012,0.455729424953461
col,2013,0.457877516746521
col,2014,0.469602674245834
col,2015,0.493319749832153
col,2016,0.494807720184326
col,2017,0.497105717658997
col,2018,0.495853841304779
col,2019,0.502067089080811
col,2020,0.538307785987854
col,2021,0.500458061695099
col,2022,0.474141001701355
col,2023,0.477649509906769
cpv,1980,0.564007699489594
cpv,1981,0.564007699489594
cpv,1982,0.564007699489594
cpv,1983,0.564007699489594
cpv,1984,0.564007699489594
cpv,1985,0.564007699489594
cpv,1986,0.564007699489594
cpv,1987,0.564007699489594
cpv,1988,0.564007699489594
cpv,1989,0.564007699489594
cpv,1990,0.564007699489594
cpv,1991,0.564007699489594
cpv,1992,0.564007699489594
cpv,1993,0.564007699489594
cpv,1994,0.564007699489594
cpv,1995,0.564007699489594
cpv,1996,0.564007699489594
cpv,1997,0.564007699489594
cpv,1998,0.564007699489594
cpv,1999,0.564007699489594
cpv,2000,0.564007699489594
cpv,2001,0.564007699489594
cpv,2002,0.564007699489594
cpv,2003,0.564007699489594
cpv,2004,0.564007699489594
cpv,2005,0.564007699489594
cpv,2006,0.564007699489594
cpv,2007,0.564007699489594
cpv,2008,0.563950538635254
cpv,2009,0.588653683662415
cpv,2010,0.605681896209717
cpv,2011,0.595851838588715
cpv,2012,0.637469530105591
cpv,2013,0.617282509803772
cpv,2014,0.641390323638916
cpv,2015,0.656700551509857
cpv,2016,0.621747374534607
cpv,2017,0.626130104064941
cpv,2018,0.626130104064941
cpv,2019,0.626130104064941
cpv,2020,0.626130104064941
cpv,2021,0.626130104064941
cpv,2022,0.626130104064941
cpv,2023,0.626130104064941
cri,1950,0.545093774795532
cri,1951,0.545093774795532
cri,1952,0.545093774795532
cri,1953,0.545093774795532
cri,1954,0.545093774795532
cri,1955,0.545093774795532
cri,1956,0.545093774795532
cri,1957,0.545093774795532
cri,1958,0.545093774795532
cri,1959,0.545093774795532
cri,1960,0.545093774795532
cri,1961,0.545093774795532
cri,1962,0.545093774795532
cri,1963,0.545093774795532
cri,1964,0.545093774795532
cri,1965,0.545093774795532
cri,1966,0.545093774795532
cri,1967,0.545093774795532
cri,1968,0.545093774795532
cri,1969,0.545093774795532
cri,1970,0.545093774795532
cri,1971,0.556584119796753
cri,1972,0.553147077560425
cri,1973,0.528353989124298
cri,1974,0.528062403202057
cri,1975,0.532436668872833
cri,1976,0.540161430835724
cri,1977,0.522400856018066
cri,1978,0.548743844032288
cri,1979,0.570724904537201
cri,1980,0.570439577102661
cri,1981,0.509382903575897
cri,1982,0.465636104345322
cri,1983,0.508874893188477
cri,1984,0.522685706615448
cri,1985,0.541658222675324
cri,1986,0.530687570571899
cri,1987,0.544407725334168
cri,1988,0.550073266029358
cri,1989,0.564812541007996
cri,1990,0.580186724662781
cri,1991,0.547890484333038
cri,1992,0.553987324237824
cri,1993,0.567772448062897
cri,1994,0.577347218990326
cri,1995,0.568532407283783
cri,1996,0.566548049449921
cri,1997,0.55686092376709
cri,1998,0.556466341018677
cri,1999,0.566676795482636
cri,2000,0.567329406738281
cri,2001,0.578791975975037
cri,2002,0.578185975551605
cri,2003,0.568065583705902
cri,2004,0.551592171192169
cri,2005,0.547377526760101
cri,2006,0.545718312263489
cri,2007,0.54577249288559
cri,2008,0.549268007278442
cri,2009,0.559508800506592
cri,2010,0.565435588359833
cri,2011,0.573375225067139
cri,2012,0.575477957725525
cri,2013,0.587377548217773
cri,2014,0.587744116783142
cri,2015,0.588890671730042
cri,2016,0.579786002635956
cri,2017,0.547652006149292
cri,2018,0.554892897605896
cri,2019,0.557753920555115
cri,2020,0.562917232513428
cri,2021,0.543824434280396
cri,2022,0.517000079154968
cri,2023,0.530688881874085
cuw,2010,0.648001909255981
cuw,2011,0.646168529987335
cuw,2012,0.669036746025085
cuw,2013,0.683062076568604
cuw,2014,0.664949417114258
cuw,2015,0.668316006660461
cuw,2016,0.678768336772919
cuw,2017,0.678768336772919
cuw,2018,0.678768336772919
cuw,2019,0.678768336772919
cuw,2020,0.678768336772919
cuw,2021,0.678768336772919
cuw,2022,0.678768336772919
cuw,2023,0.678768336772919
cym,1991,0.467722535133362
cym,1992,0.467722535133362
cym,1993,0.467722535133362
cym,1994,0.467722535133362
cym,1995,0.467722535133362
cym,1996,0.467722535133362
cym,1997,0.467722535133362
cym,1998,0.467722535133362
cym,1999,0.467722535133362
cym,2000,0.467722535133362
cym,2001,0.467722535133362
cym,2002,0.467722535133362
cym,2003,0.467722535133362
cym,2004,0.467722535133362
cym,2005,0.467722535133362
cym,2006,0.467722535133362
cym,2007,0.473084896802902
cym,2008,0.490966886281967
cym,2009,0.495003342628479
cym,2010,0.49193274974823
cym,2011,0.498872995376587
cym,2012,0.501525461673737
cym,2013,0.500174582004547
cym,2014,0.497471928596497
cym,2015,0.499035000801086
cym,2016,0.49675464630127
cym,2017,0.488296329975128
cym,2018,0.481373071670532
cym,2019,0.468909293413162
cym,2020,0.485741496086121
cym,2021,0.486027479171753
cym,2022,0.490830332040787
cym,2023,0.490830332040787
cyp,1950,0.514874160289764
cyp,1951,0.514874160289764
cyp,1952,0.514874160289764
cyp,1953,0.514874160289764
cyp,1954,0.514874160289764
cyp,1955,0.514874160289764
cyp,1956,0.514874160289764
cyp,1957,0.514874160289764
cyp,1958,0.514874160289764
cyp,1959,0.514874160289764
cyp,1960,0.514874160289764
cyp,1961,0.514874160289764
cyp,1962,0.514874160289764
cyp,1963,0.514874160289764
cyp,1964,0.514874160289764
cyp,1965,0.514874160289764
cyp,1966,0.514874160289764
cyp,1967,0.514874160289764
cyp,1968,0.514874160289764
cyp,1969,0.514874160289764
cyp,1970,0.514874160289764
cyp,1971,0.514874160289764
cyp,1972,0.514874160289764
cyp,1973,0.514874160289764
cyp,1974,0.514874160289764
cyp,1975,0.514874160289764
cyp,1976,0.514874160289764
cyp,1977,0.514874160289764
cyp,1978,0.514874160289764
cyp,1979,0.514874160289764
cyp,1980,0.514874160289764
cyp,1981,0.514874160289764
cyp,1982,0.514874160289764
cyp,1983,0.514874160289764
cyp,1984,0.514874160289764
cyp,1985,0.514874160289764
cyp,1986,0.514874160289764
cyp,1987,0.514874160289764
cyp,1988,0.514874160289764
cyp,1989,0.514874160289764
cyp,1990,0.514874160289764
cyp,1991,0.514874160289764
cyp,1992,0.514874160289764
cyp,1993,0.514874160289764
cyp,1994,0.514874160289764
cyp,1995,0.514874160289764
cyp,1996,0.521431922912598
cyp,1997,0.526362538337708
cyp,1998,0.509669423103333
cyp,1999,0.504897594451904
cyp,2000,0.500881433486939
cyp,2001,0.497543424367905
cyp,2002,0.512195110321045
cyp,2003,0.536077260971069
cyp,2004,0.540299892425537
cyp,2005,0.563951969146729
cyp,2006,0.56894862651825
cyp,2007,0.582620620727539
cyp,2008,0.585845947265625
cyp,2009,0.618383824825287
cyp,2010,0.615170776844025
cyp,2011,0.61335551738739
cyp,2012,0.61500358581543
cyp,2013,0.587500870227814
cyp,2014,0.579446136951447
cyp,2015,0.562309145927429
cyp,2016,0.548929393291473
cyp,2017,0.552608489990234
cyp,2018,0.554552316665649
cyp,2019,0.565436601638794
cyp,2020,0.565646290779114
cyp,2021,0.533123910427094
cyp,2022,0.534458756446838
cyp,2023,0.536577582359314
cze,1990,0.50076150894165
cze,1991,0.50076150894165
cze,1992,0.50076150894165
cze,1993,0.498392909765244
cze,1994,0.51240348815918
cze,1995,0.518792390823364
cze,1996,0.529629766941071
cze,1997,0.531847178936005
cze,1998,0.504414677619934
cze,1999,0.50546795129776
cze,2000,0.506789147853851
cze,2001,0.502159893512726
cze,2002,0.515706419944763
cze,2003,0.518571376800537
cze,2004,0.517019748687744
cze,2005,0.513573527336121
cze,2006,0.507731914520264
cze,2007,0.50179398059845
cze,2008,0.507628917694092
cze,2009,0.509890377521515
cze,2010,0.508870661258698
cze,2011,0.513243913650513
cze,2012,0.521611392498016
cze,2013,0.521222233772278
cze,2014,0.509506940841675
cze,2015,0.503146648406982
cze,2016,0.510790586471558
cze,2017,0.520398259162903
cze,2018,0.535867810249329
cze,2019,0.531808316707611
cze,2020,0.538415968418121
cze,2021,0.532007038593292
cze,2022,0.520278811454773
cze,2023,0.511502087116242
deu,1950,0.690643131732941
deu,1951,0.690643131732941
deu,1952,0.690643131732941
deu,1953,0.690643131732941
deu,1954,0.690643131732941
deu,1955,0.690643131732941
deu,1956,0.690643131732941
deu,1957,0.690643131732941
deu,1958,0.690643131732941
deu,1959,0.690643131732941
deu,1960,0.690643131732941
deu,1961,0.690643131732941
deu,1962,0.690643131732941
deu,1963,0.690643131732941
deu,1964,0.690643131732941
deu,1965,0.690643131732941
deu,1966,0.690643131732941
deu,1967,0.690643131732941
deu,1968,0.690643131732941
deu,1969,0.690643131732941
deu,1970,0.690643131732941
deu,1971,0.690643131732941
deu,1972,0.690643131732941
deu,1973,0.690643131732941
deu,1974,0.690643131732941
deu,1975,0.690643131732941
deu,1976,0.690643131732941
deu,1977,0.690643131732941
deu,1978,0.690643131732941
deu,1979,0.690643131732941
deu,1980,0.690643131732941
deu,1981,0.69346284866333
deu,1982,0.688290476799011
deu,1983,0.674544930458069
deu,1984,0.668716311454773
deu,1985,0.664667010307312
deu,1986,0.660916328430176
deu,1987,0.668619811534882
deu,1988,0.661977708339691
deu,1989,0.654494643211365
deu,1990,0.650870203971863
deu,1991,0.676948189735413
deu,1992,0.68569028377533
deu,1993,0.687093138694763
deu,1994,0.674394965171814
deu,1995,0.670392394065857
deu,1996,0.66611385345459
deu,1997,0.655517816543579
deu,1998,0.64860725402832
deu,1999,0.652836978435516
deu,2000,0.661848664283752
deu,2001,0.646413683891296
deu,2002,0.641230821609497
deu,2003,0.639192342758179
deu,2004,0.625171422958374
deu,2005,0.61660224199295
deu,2006,0.602283895015717
deu,2007,0.593248248100281
deu,2008,0.6085245013237
deu,2009,0.630578696727753
deu,2010,0.618756055831909
deu,2011,0.618771553039551
deu,2012,0.629968106746674
deu,2013,0.63374650478363
deu,2014,0.631911873817444
deu,2015,0.632662773132324
deu,2016,0.633437514305115
deu,2017,0.63476037979126
deu,2018,0.644703686237335
deu,2019,0.655867576599121
deu,2020,0.657273292541504
deu,2021,0.637341678142548
deu,2022,0.637464284896851
deu,2023,0.637351155281067
dji,1980,0.580827057361603
dji,1981,0.580827057361603
dji,1982,0.580827057361603
dji,1983,0.580827057361603
dji,1984,0.580827057361603
dji,1985,0.580827057361603
dji,1986,0.580827057361603
dji,1987,0.580827057361603
dji,1988,0.580827057361603
dji,1989,0.580827057361603
dji,1990,0.580827057361603
dji,1991,0.584103584289551
dji,1992,0.61767965555191
dji,1993,0.619098782539368
dji,1994,0.662249326705933
dji,1995,0.638127863407135
dji,1996,0.654624402523041
dji,1997,0.640179514884949
dji,1998,0.633568584918976
dji,1999,0.633568584918976
dji,2000,0.633568584918976
dji,2001,0.633568584918976
dji,2002,0.633568584918976
dji,2003,0.633568584918976
dji,2004,0.633568584918976
dji,2005,0.633568584918976
dji,2006,0.633568584918976
dji,2007,0.633568584918976
dji,2008,0.633568584918976
dji,2009,0.633568584918976
dji,2010,0.633568584918976
dji,2011,0.633568584918976
dji,2012,0.633568584918976
dji,2013,0.633568584918976
dji,2014,0.633568584918976
dji,2015,0.633568584918976
dji,2016,0.633568584918976
dji,2017,0.633568584918976
dji,2018,0.633568584918976
dji,2019,0.633568584918976
dji,2020,0.633568584918976
dji,2021,0.633568584918976
dji,2022,0.633568584918976
dji,2023,0.633568584918976
dnk,1950,0.632706940174103
dnk,1951,0.632706940174103
dnk,1952,0.632706940174103
dnk,1953,0.632706940174103
dnk,1954,0.632706940174103
dnk,1955,0.632706940174103
dnk,1956,0.632706940174103
dnk,1957,0.632706940174103
dnk,1958,0.632706940174103
dnk,1959,0.632706940174103
dnk,1960,0.632706940174103
dnk,1961,0.632706940174103
dnk,1962,0.632706940174103
dnk,1963,0.632706940174103
dnk,1964,0.632706940174103
dnk,1965,0.632706940174103
dnk,1966,0.632706940174103
dnk,1967,0.632706940174103
dnk,1968,0.632706940174103
dnk,1969,0.632706940174103
dnk,1970,0.632706940174103
dnk,1971,0.64571887254715
dnk,1972,0.625122129917145
dnk,1973,0.619901418685913
dnk,1974,0.640995025634766
dnk,1975,0.647510290145874
dnk,1976,0.64292585849762
dnk,1977,0.647219479084015
dnk,1978,0.649732947349548
dnk,1979,0.657581686973572
dnk,1980,0.670393407344818
dnk,1981,0.666028082370758
dnk,1982,0.658098816871643
dnk,1983,0.657352089881897
dnk,1984,0.646592020988464
dnk,1985,0.647912561893463
dnk,1986,0.656899631023407
dnk,1987,0.672873914241791
dnk,1988,0.681557714939117
dnk,1989,0.669569313526154
dnk,1990,0.666138172149658
dnk,1991,0.659968972206116
dnk,1992,0.655461013317108
dnk,1993,0.652769029140472
dnk,1994,0.637309312820435
dnk,1995,0.641372680664063
dnk,1996,0.645714044570923
dnk,1997,0.642176508903503
dnk,1998,0.65860641002655
dnk,1999,0.650450706481934
dnk,2000,0.624413907527924
dnk,2001,0.638926148414612
dnk,2002,0.642050564289093
dnk,2003,0.643206119537354
dnk,2004,0.632396459579468
dnk,2005,0.63110876083374
dnk,2006,0.628822386264801
dnk,2007,0.644316136837006
dnk,2008,0.644185423851013
dnk,2009,0.666098773479462
dnk,2010,0.639428198337555
dnk,2011,0.636041462421417
dnk,2012,0.630080103874207
dnk,2013,0.629985153675079
dnk,2014,0.623840689659119
dnk,2015,0.624795138835907
dnk,2016,0.623205482959747
dnk,2017,0.618127226829529
dnk,2018,0.623594105243683
dnk,2019,0.626783907413483
dnk,2020,0.618594586849213
dnk,2021,0.592619001865387
dnk,2022,0.567925989627838
dnk,2023,0.601182818412781
dom,1951,0.613713562488556
dom,1952,0.613713562488556
dom,1953,0.613713562488556
dom,1954,0.613713562488556
dom,1955,0.613713562488556
dom,1956,0.613713562488556
dom,1957,0.613713562488556
dom,1958,0.613713562488556
dom,1959,0.613713562488556
dom,1960,0.613713562488556
dom,1961,0.613713562488556
dom,1962,0.613713562488556
dom,1963,0.613713562488556
dom,1964,0.613713562488556
dom,1965,0.613713562488556
dom,1966,0.613713562488556
dom,1967,0.613713562488556
dom,1968,0.613713562488556
dom,1969,0.613713562488556
dom,1970,0.613713562488556
dom,1971,0.613713562488556
dom,1972,0.613713562488556
dom,1973,0.613713562488556
dom,1974,0.613713562488556
dom,1975,0.613713562488556
dom,1976,0.613713562488556
dom,1977,0.613713562488556
dom,1978,0.613713562488556
dom,1979,0.613713562488556
dom,1980,0.613713562488556
dom,1981,0.613713562488556
dom,1982,0.613713562488556
dom,1983,0.613713562488556
dom,1984,0.613713562488556
dom,1985,0.613713562488556
dom,1986,0.613713562488556
dom,1987,0.613713562488556
dom,1988,0.613713562488556
dom,1989,0.613713562488556
dom,1990,0.613713562488556
dom,1991,0.613713562488556
dom,1992,0.61562705039978
dom,1993,0.602831125259399
dom,1994,0.656945168972015
dom,1995,0.639609158039093
dom,1996,0.630915999412537
dom,1997,0.614461362361908
dom,1998,0.598006725311279
dom,1999,0.581552028656006
dom,2000,0.565097391605377
dom,2001,0.548642754554749
dom,2002,0.53218811750412
dom,2003,0.515733420848846
dom,2004,0.499278783798218
dom,2005,0.482824146747589
dom,2006,0.466369479894638
dom,2007,0.449914842844009
dom,2008,0.45933797955513
dom,2009,0.477586150169373
dom,2010,0.469760268926621
dom,2011,0.458313584327698
dom,2012,0.455862760543823
dom,2013,0.453506350517273
dom,2014,0.443986982107163
dom,2015,0.434347867965698
dom,2016,0.426505953073502
dom,2017,0.426505953073502
dom,2018,0.426505953073502
dom,2019,0.426505953073502
dom,2020,0.426505953073502
dom,2021,0.426505953073502
dom,2022,0.426505953073502
dom,2023,0.426505953073502
ecu,1950,0.487320452928543
ecu,1951,0.487320452928543
ecu,1952,0.487320452928543
ecu,1953,0.487320452928543
ecu,1954,0.487320452928543
ecu,1955,0.487320452928543
ecu,1956,0.487320452928543
ecu,1957,0.487320452928543
ecu,1958,0.487320452928543
ecu,1959,0.487320452928543
ecu,1960,0.487320452928543
ecu,1961,0.487320452928543
ecu,1962,0.487320452928543
ecu,1963,0.487320452928543
ecu,1964,0.487320452928543
ecu,1965,0.487320452928543
ecu,1966,0.487320452928543
ecu,1967,0.487320452928543
ecu,1968,0.487320452928543
ecu,1969,0.487320452928543
ecu,1970,0.487320452928543
ecu,1971,0.487320452928543
ecu,1972,0.487320452928543
ecu,1973,0.487320452928543
ecu,1974,0.487320452928543
ecu,1975,0.487320452928543
ecu,1976,0.487320452928543
ecu,1977,0.487320452928543
ecu,1978,0.487320452928543
ecu,1979,0.487320452928543
ecu,1980,0.487320452928543
ecu,1981,0.487320452928543
ecu,1982,0.487320452928543
ecu,1983,0.487320452928543
ecu,1984,0.487320452928543
ecu,1985,0.487320452928543
ecu,1986,0.487320452928543
ecu,1987,0.487320452928543
ecu,1988,0.487320452928543
ecu,1989,0.487320452928543
ecu,1990,0.487320452928543
ecu,1991,0.487320452928543
ecu,1992,0.487320452928543
ecu,1993,0.487320452928543
ecu,1994,0.487320452928543
ecu,1995,0.487320452928543
ecu,1996,0.487320452928543
ecu,1997,0.487320452928543
ecu,1998,0.487320452928543
ecu,1999,0.487320452928543
ecu,2000,0.487320452928543
ecu,2001,0.487320452928543
ecu,2002,0.487320452928543
ecu,2003,0.487320452928543
ecu,2004,0.487320452928543
ecu,2005,0.487320452928543
ecu,2006,0.487320452928543
ecu,2007,0.487320452928543
ecu,2008,0.475110232830048
ecu,2009,0.528697490692139
ecu,2010,0.506126940250397
ecu,2011,0.508069515228272
ecu,2012,0.525295197963715
ecu,2013,0.535783112049103
ecu,2014,0.538730144500732
ecu,2015,0.572310149669647
ecu,2016,0.562512814998627
ecu,2017,0.558391749858856
ecu,2018,0.56266587972641
ecu,2019,0.575622975826263
ecu,2020,0.596303403377533
ecu,2021,0.543581068515778
ecu,2022,0.529587686061859
ecu,2023,0.529587686061859
egy,1950,0.392437189817429
egy,1951,0.392437189817429
egy,1952,0.392437189817429
egy,1953,0.392437189817429
egy,1954,0.392437189817429
egy,1955,0.392437189817429
egy,1956,0.392437189817429
egy,1957,0.392437189817429
egy,1958,0.392437189817429
egy,1959,0.392437189817429
egy,1960,0.392437189817429
egy,1961,0.392437189817429
egy,1962,0.392437189817429
egy,1963,0.392437189817429
egy,1964,0.392437189817429
egy,1965,0.392437189817429
egy,1966,0.392437189817429
egy,1967,0.392437189817429
egy,1968,0.392437189817429
egy,1969,0.392437189817429
egy,1970,0.392437189817429
egy,1971,0.392437189817429
egy,1972,0.392437189817429
egy,1973,0.392437189817429
egy,1974,0.392437189817429
egy,1975,0.392437189817429
egy,1976,0.392437189817429
egy,1977,0.392437189817429
egy,1978,0.392437189817429
egy,1979,0.392437189817429
egy,1980,0.392437189817429
egy,1981,0.392437189817429
egy,1982,0.392437189817429
egy,1983,0.392437189817429
egy,1984,0.392437189817429
egy,1985,0.392437189817429
egy,1986,0.392437189817429
egy,1987,0.392437189817429
egy,1988,0.392437189817429
egy,1989,0.392437189817429
egy,1990,0.392437189817429
egy,1991,0.392437189817429
egy,1992,0.392437189817429
egy,1993,0.392437189817429
egy,1994,0.392437189817429
egy,1995,0.392437189817429
egy,1996,0.392437189817429
egy,1997,0.392378926277161
egy,1998,0.398951023817062
egy,1999,0.41426357626915
egy,2000,0.416866958141327
egy,2001,0.410213172435761
egy,2002,0.4064801633358
egy,2003,0.403162032365799
egy,2004,0.377091974020004
egy,2005,0.379845499992371
egy,2006,0.378495156764984
egy,2007,0.336380124092102
egy,2008,0.320334285497665
egy,2009,0.337830305099487
egy,2010,0.351503849029541
egy,2011,0.37579470872879
egy,2012,0.312721967697144
egy,2013,0.343802571296692
egy,2014,0.353693157434464
egy,2015,0.361513197422028
egy,2016,0.361513197422028
egy,2017,0.361513197422028
egy,2018,0.361513197422028
egy,2019,0.361513197422028
egy,2020,0.361513197422028
egy,2021,0.361513197422028
egy,2022,0.361513197422028
egy,2023,0.361513197422028
esp,1950,0.666634202003479
esp,1951,0.666634202003479
esp,1952,0.666634202003479
esp,1953,0.666634202003479
esp,1954,0.666634202003479
esp,1955,0.666634202003479
esp,1956,0.666634202003479
esp,1957,0.666634202003479
esp,1958,0.666634202003479
esp,1959,0.666634202003479
esp,1960,0.666634202003479
esp,1961,0.666634202003479
esp,1962,0.666634202003479
esp,1963,0.666634202003479
esp,1964,0.666634202003479
esp,1965,0.666634202003479
esp,1966,0.666634202003479
esp,1967,0.666634202003479
esp,1968,0.666634202003479
esp,1969,0.666634202003479
esp,1970,0.666634202003479
esp,1971,0.666634202003479
esp,1972,0.666634202003479
esp,1973,0.666634202003479
esp,1974,0.666634202003479
esp,1975,0.666634202003479
esp,1976,0.666634202003479
esp,1977,0.666634202003479
esp,1978,0.666634202003479
esp,1979,0.666634202003479
esp,1980,0.666634202003479
esp,1981,0.661225736141205
esp,1982,0.654078543186188
esp,1983,0.649690926074982
esp,1984,0.618390321731567
esp,1985,0.608665943145752
esp,1986,0.620632231235504
esp,1987,0.625771760940552
esp,1988,0.630041480064392
esp,1989,0.631247997283936
esp,1990,0.640929400920868
esp,1991,0.649199962615967
esp,1992,0.653245329856873
esp,1993,0.655017673969269
esp,1994,0.641958117485046
esp,1995,0.631362438201904
esp,1996,0.62958824634552
esp,1997,0.643827378749847
esp,1998,0.649291038513184
esp,1999,0.650967836380005
esp,2000,0.649630546569824
esp,2001,0.643457055091858
esp,2002,0.642015695571899
esp,2003,0.638362050056458
esp,2004,0.637142717838287
esp,2005,0.632956624031067
esp,2006,0.631668627262116
esp,2007,0.616612493991852
esp,2008,0.607204377651215
esp,2009,0.600605845451355
esp,2010,0.605392575263977
esp,2011,0.598026096820831
esp,2012,0.585376024246216
esp,2013,0.579704642295837
esp,2014,0.58068722486496
esp,2015,0.583292126655579
esp,2016,0.577109694480896
esp,2017,0.577075242996216
esp,2018,0.580975711345673
esp,2019,0.593126058578491
esp,2020,0.616052150726318
esp,2021,0.617825031280518
esp,2022,0.598189532756805
esp,2023,0.594492614269257
est,1990,0.547797739505768
est,1991,0.547797739505768
est,1992,0.547797739505768
est,1993,0.60702908039093
est,1994,0.682040691375732
est,1995,0.673023223876953
est,1996,0.659132301807404
est,1997,0.639668881893158
est,1998,0.615779995918274
est,1999,0.589498817920685
est,2000,0.586897015571594
est,2001,0.574303150177002
est,2002,0.561601340770721
est,2003,0.55776435136795
est,2004,0.557866513729096
est,2005,0.552694499492645
est,2006,0.558895647525787
est,2007,0.570177376270294
est,2008,0.610175728797913
est,2009,0.636008858680725
est,2010,0.582771003246307
est,2011,0.554378628730774
est,2012,0.554197371006012
est,2013,0.559221804141998
est,2014,0.567865550518036
est,2015,0.589030623435974
est,2016,0.59398365020752
est,2017,0.584855973720551
est,2018,0.590327262878418
est,2019,0.596545934677124
est,2020,0.603726387023926
est,2021,0.586597979068756
est,2022,0.576008021831513
est,2023,0.606712400913239
fin,1950,0.640154242515564
fin,1951,0.640154242515564
fin,1952,0.640154242515564
fin,1953,0.640154242515564
fin,1954,0.640154242515564
fin,1955,0.640154242515564
fin,1956,0.640154242515564
fin,1957,0.640154242515564
fin,1958,0.640154242515564
fin,1959,0.640154242515564
fin,1960,0.640154242515564
fin,1961,0.640154242515564
fin,1962,0.640154242515564
fin,1963,0.640154242515564
fin,1964,0.640154242515564
fin,1965,0.640154242515564
fin,1966,0.640154242515564
fin,1967,0.640154242515564
fin,1968,0.640154242515564
fin,1969,0.640154242515564
fin,1970,0.640154242515564
fin,1971,0.659525573253632
fin,1972,0.663898527622223
fin,1973,0.660378396511078
fin,1974,0.648966670036316
fin,1975,0.683632612228394
fin,1976,0.694307208061218
fin,1977,0.687122821807861
fin,1978,0.65339469909668
fin,1979,0.638063907623291
fin,1980,0.649702668190002
fin,1981,0.659432590007782
fin,1982,0.652789056301117
fin,1983,0.647110641002655
fin,1984,0.644649505615234
fin,1985,0.658360302448273
fin,1986,0.656699001789093
fin,1987,0.655125439167023
fin,1988,0.650437474250794
fin,1989,0.650641322135925
fin,1990,0.665733158588409
fin,1991,0.693924367427826
fin,1992,0.66640043258667
fin,1993,0.621047019958496
fin,1994,0.59550416469574
fin,1995,0.579093396663666
fin,1996,0.584406197071075
fin,1997,0.571009397506714
fin,1998,0.562438249588013
fin,1999,0.567132234573364
fin,2000,0.560236275196075
fin,2001,0.554820656776428
fin,2002,0.559508502483368
fin,2003,0.563240766525269
fin,2004,0.557537317276001
fin,2005,0.566015720367432
fin,2006,0.566071689128876
fin,2007,0.55107045173645
fin,2008,0.561909198760986
fin,2009,0.597606003284454
fin,2010,0.594347298145294
fin,2011,0.597608268260956
fin,2012,0.61171156167984
fin,2013,0.609193205833435
fin,2014,0.603710532188416
fin,2015,0.596131980419159
fin,2016,0.592865586280823
fin,2017,0.571427047252655
fin,2018,0.576554954051971
fin,2019,0.578412890434265
fin,2020,0.569117605686188
fin,2021,0.576503872871399
fin,2022,0.57607901096344
fin,2023,0.582876920700073
fji,1980,0.657001554965973
fji,1981,0.661931872367859
fji,1982,0.675520896911621
fji,1983,0.67994236946106
fji,1984,0.679165482521057
fji,1985,0.650872349739075
fji,1986,0.645808637142181
fji,1987,0.641510725021362
fji,1988,0.611494660377502
fji,1989,0.613487780094147
fji,1990,0.605169534683228
fji,1991,0.596851289272308
fji,1992,0.588533043861389
fji,1993,0.580214738845825
fji,1994,0.571896493434906
fji,1995,0.563578248023987
fji,1996,0.555260002613068
fji,1997,0.581686973571777
fji,1998,0.595314621925354
fji,1999,0.56383627653122
fji,2000,0.548898339271545
fji,2001,0.488626480102539
fji,2002,0.488626480102539
fji,2003,0.488626480102539
fji,2004,0.488626480102539
fji,2005,0.488626480102539
fji,2006,0.488626480102539
fji,2007,0.488626480102539
fji,2008,0.488626480102539
fji,2009,0.488626480102539
fji,2010,0.488626480102539
fji,2011,0.488626480102539
fji,2012,0.488626480102539
fji,2013,0.488626480102539
fji,2014,0.488626480102539
fji,2015,0.488626480102539
fji,2016,0.488626480102539
fji,2017,0.488626480102539
fji,2018,0.488626480102539
fji,2019,0.488626480102539
fji,2020,0.488626480102539
fji,2021,0.488626480102539
fji,2022,0.488626480102539
fji,2023,0.488626480102539
fra,1950,0.695767462253571
fra,1951,0.693430006504059
fra,1952,0.711373388767242
fra,1953,0.704870104789734
fra,1954,0.708994388580322
fra,1955,0.704220473766327
fra,1956,0.70608127117157
fra,1957,0.699081659317017
fra,1958,0.694167912006378
fra,1959,0.690214455127716
fra,1960,0.678758025169373
fra,1961,0.686041712760925
fra,1962,0.696742594242096
fra,1963,0.702463686466217
fra,1964,0.699062824249268
fra,1965,0.692444622516632
fra,1966,0.688451647758484
fra,1967,0.684761106967926
fra,1968,0.690189242362976
fra,1969,0.677895545959473
fra,1970,0.676935315132141
fra,1971,0.676985681056976
fra,1972,0.680983424186707
fra,1973,0.67610090970993
fra,1974,0.677209258079529
fra,1975,0.708117187023163
fra,1976,0.711885273456574
fra,1977,0.707897663116455
fra,1978,0.713638126850128
fra,1979,0.711945414543152
fra,1980,0.715394973754883
fra,1981,0.712995231151581
fra,1982,0.714063107967377
fra,1983,0.705234706401825
fra,1984,0.691752433776856
fra,1985,0.683908045291901
fra,1986,0.66286051273346
fra,1987,0.657962024211884
fra,1988,0.643887639045715
fra,1989,0.636721611022949
fra,1990,0.642377495765686
fra,1991,0.644216299057007
fra,1992,0.642386019229889
fra,1993,0.643948197364807
fra,1994,0.641714930534363
fra,1995,0.643985152244568
fra,1996,0.649006366729736
fra,1997,0.642640829086304
fra,1998,0.637105941772461
fra,1999,0.644181847572327
fra,2000,0.640165209770203
fra,2001,0.640553832054138
fra,2002,0.645952522754669
fra,2003,0.645994544029236
fra,2004,0.6413214802742
fra,2005,0.640329778194428
fra,2006,0.636263728141785
fra,2007,0.627540647983551
fra,2008,0.627383470535278
fra,2009,0.643806755542755
fra,2010,0.637518703937531
fra,2011,0.638834357261658
fra,2012,0.646535634994507
fra,2013,0.644080758094788
fra,2014,0.643806099891663
fra,2015,0.639457702636719
fra,2016,0.64395534992218
fra,2017,0.647948026657105
fra,2018,0.649032115936279
fra,2019,0.641715407371521
fra,2020,0.638886392116547
fra,2021,0.632983505725861
fra,2022,0.643309414386749
fra,2023,0.630978584289551
gab,1960,0.49964165687561
gab,1961,0.49964165687561
gab,1962,0.49964165687561
gab,1963,0.49964165687561
gab,1964,0.49964165687561
gab,1965,0.49964165687561
gab,1966,0.49964165687561
gab,1967,0.49964165687561
gab,1968,0.49964165687561
gab,1969,0.49964165687561
gab,1970,0.49964165687561
gab,1971,0.49964165687561
gab,1972,0.49964165687561
gab,1973,0.428104847669601
gab,1974,0.290678024291992
gab,1975,0.33262836933136
gab,1976,0.278141975402832
gab,1977,0.349795073270798
gab,1978,0.429176658391953
gab,1979,0.42485710978508
gab,1980,0.42053759098053
gab,1981,0.416218042373657
gab,1982,0.411898523569107
gab,1983,0.407578974962235
gab,1984,0.403259426355362
gab,1985,0.398939907550812
gab,1986,0.394620358943939
gab,1987,0.390300840139389
gab,1988,0.385981291532517
gab,1989,0.381661742925644
gab,1990,0.377342224121094
gab,1991,0.373022675514221
gab,1992,0.368703126907349
gab,1993,0.364383608102798
gab,1994,0.360064059495926
gab,1995,0.355744540691376
gab,1996,0.351424992084503
gab,1997,0.347105443477631
gab,1998,0.34278592467308
gab,1999,0.338466376066208
gab,2000,0.334146857261658
gab,2001,0.329827308654785
gab,2002,0.335809946060181
gab,2003,0.346138417720795
gab,2004,0.318286508321762
gab,2005,0.275395452976227
gab,2006,0.275395452976227
gab,2007,0.275395452976227
gab,2008,0.275395452976227
gab,2009,0.275395452976227
gab,2010,0.275395452976227
gab,2011,0.275395452976227
gab,2012,0.275395452976227
gab,2013,0.275395452976227
gab,2014,0.275395452976227
gab,2015,0.275395452976227
gab,2016,0.275395452976227
gab,2017,0.275395452976227
gab,2018,0.275395452976227
gab,2019,0.275395452976227
gab,2020,0.275395452976227
gab,2021,0.275395452976227
gab,2022,0.275395452976227
gab,2023,0.275395452976227
gbr,1950,0.618611693382263
gbr,1951,0.618611693382263
gbr,1952,0.618611693382263
gbr,1953,0.618611693382263
gbr,1954,0.618611693382263
gbr,1955,0.618611693382263
gbr,1956,0.618611693382263
gbr,1957,0.618611693382263
gbr,1958,0.618611693382263
gbr,1959,0.618611693382263
gbr,1960,0.618611693382263
gbr,1961,0.618611693382263
gbr,1962,0.618611693382263
gbr,1963,0.618611693382263
gbr,1964,0.618611693382263
gbr,1965,0.618611693382263
gbr,1966,0.618611693382263
gbr,1967,0.618611693382263
gbr,1968,0.618611693382263
gbr,1969,0.618611693382263
gbr,1970,0.618611693382263
gbr,1971,0.606237351894379
gbr,1972,0.601082146167755
gbr,1973,0.59327894449234
gbr,1974,0.622875511646271
gbr,1975,0.648237645626068
gbr,1976,0.625898241996765
gbr,1977,0.59708571434021
gbr,1978,0.596643269062042
gbr,1979,0.600953042507172
gbr,1980,0.610177218914032
gbr,1981,0.607614815235138
gbr,1982,0.588850557804108
gbr,1983,0.572620272636414
gbr,1984,0.571901023387909
gbr,1985,0.56492555141449
gbr,1986,0.570868909358978
gbr,1987,0.563655912876129
gbr,1988,0.564184248447418
gbr,1989,0.571065902709961
gbr,1990,0.590918004512787
gbr,1991,0.598653376102448
gbr,1992,0.595567643642426
gbr,1993,0.57701963186264
gbr,1994,0.56123673915863
gbr,1995,0.554620563983917
gbr,1996,0.543714940547943
gbr,1997,0.557113528251648
gbr,1998,0.563498139381409
gbr,1999,0.588195204734802
gbr,2000,0.598222374916077
gbr,2001,0.609430253505707
gbr,2002,0.602538406848908
gbr,2003,0.596740961074829
gbr,2004,0.605441391468048
gbr,2005,0.601074039936066
gbr,2006,0.606558680534363
gbr,2007,0.61191588640213
gbr,2008,0.600943565368652
gbr,2009,0.609267592430115
gbr,2010,0.613581418991089
gbr,2011,0.61012476682663
gbr,2012,0.602919220924377
gbr,2013,0.607200682163239
gbr,2014,0.59627765417099
gbr,2015,0.595930576324463
gbr,2016,0.595765888690949
gbr,2017,0.598658561706543
gbr,2018,0.601609408855438
gbr,2019,0.60789304971695
gbr,2020,0.601251065731049
gbr,2021,0.60364842414856
gbr,2022,0.600083351135254
gbr,2023,0.595121324062347
geo,1990,0.475229680538178
geo,1991,0.475229680538178
geo,1992,0.475229680538178
geo,1993,0.475229680538178
geo,1994,0.475229680538178
geo,1995,0.475229680538178
geo,1996,0.475229680538178
geo,1997,0.475229680538178
geo,1998,0.475229680538178
geo,1999,0.398090302944183
geo,2000,0.426979333162308
geo,2001,0.389131993055344
geo,2002,0.317676365375519
geo,2003,0.236238181591034
geo,2004,0.216802850365639
geo,2005,0.222547188401222
geo,2006,0.20620222389698
geo,2007,0.236618474125862
geo,2008,0.28689768910408
geo,2009,0.362254530191422
geo,2010,0.321065455675125
geo,2011,0.34080171585083
geo,2012,0.364897519350052
geo,2013,0.385636419057846
geo,2014,0.381861984729767
geo,2015,0.393652886152267
geo,2016,0.422906786203384
geo,2017,0.426571011543274
geo,2018,0.43255540728569
geo,2019,0.448765248060226
geo,2020,0.442575424909592
geo,2021,0.432893872261047
geo,2022,0.437597304582596
geo,2023,0.466998279094696
gin,1980,0.256607532501221
gin,1981,0.256607532501221
gin,1982,0.256607532501221
gin,1983,0.256607532501221
gin,1984,0.256607532501221
gin,1985,0.256607532501221
gin,1986,0.256607532501221
gin,1987,0.256607532501221
gin,1988,0.256607532501221
gin,1989,0.256607532501221
gin,1990,0.256607532501221
gin,1991,0.256607532501221
gin,1992,0.256607532501221
gin,1993,0.256607532501221
gin,1994,0.256607532501221
gin,1995,0.256607532501221
gin,1996,0.256607532501221
gin,1997,0.256607532501221
gin,1998,0.256607532501221
gin,1999,0.256607532501221
gin,2000,0.256607532501221
gin,2001,0.256607532501221
gin,2002,0.256607532501221
gin,2003,0.256607532501221
gin,2004,0.262606263160706
gin,2005,0.266318142414093
gin,2006,0.3161840736866
gin,2007,0.32781907916069
gin,2008,0.323460221290588
gin,2009,0.358136534690857
gin,2010,0.365463972091675
gin,2011,0.350754022598267
gin,2012,0.358856856822968
gin,2013,0.375534892082214
gin,2014,0.378633797168732
gin,2015,0.389480769634247
gin,2016,0.332712531089783
gin,2017,0.375446885824204
gin,2018,0.373524367809296
gin,2019,0.421574115753174
gin,2020,0.421574115753174
gin,2021,0.421574115753174
gin,2022,0.421574115753174
gin,2023,0.421574115753174
grc,1951,0.486407995223999
grc,1952,0.486407995223999
grc,1953,0.486407995223999
grc,1954,0.486407995223999
grc,1955,0.486407995223999
grc,1956,0.486407995223999
grc,1957,0.486407995223999
grc,1958,0.486407995223999
grc,1959,0.486407995223999
grc,1960,0.486407995223999
grc,1961,0.486407995223999
grc,1962,0.486407995223999
grc,1963,0.486407995223999
grc,1964,0.486407995223999
grc,1965,0.486407995223999
grc,1966,0.486407995223999
grc,1967,0.486407995223999
grc,1968,0.486407995223999
grc,1969,0.486407995223999
grc,1970,0.486407995223999
grc,1971,0.486407995223999
grc,1972,0.486407995223999
grc,1973,0.486407995223999
grc,1974,0.486407995223999
grc,1975,0.486407995223999
grc,1976,0.486407995223999
grc,1977,0.486407995223999
grc,1978,0.486407995223999
grc,1979,0.486407995223999
grc,1980,0.486407995223999
grc,1981,0.486407995223999
grc,1982,0.486407995223999
grc,1983,0.486407995223999
grc,1984,0.486407995223999
grc,1985,0.486407995223999
grc,1986,0.486407995223999
grc,1987,0.486407995223999
grc,1988,0.486407995223999
grc,1989,0.486407995223999
grc,1990,0.486407995223999
grc,1991,0.486407995223999
grc,1992,0.486407995223999
grc,1993,0.486407995223999
grc,1994,0.486407995223999
grc,1995,0.486407995223999
grc,1996,0.490376561880112
grc,1997,0.506778717041016
grc,1998,0.512806296348572
grc,1999,0.530596494674683
grc,2000,0.530056357383728
grc,2001,0.528904557228088
grc,2002,0.555566012859345
grc,2003,0.554228723049164
grc,2004,0.542681276798248
grc,2005,0.552316427230835
grc,2006,0.546665132045746
grc,2007,0.545571684837341
grc,2008,0.543301582336426
grc,2009,0.554613411426544
grc,2010,0.554088532924652
grc,2011,0.547340393066406
grc,2012,0.548924326896668
grc,2013,0.53199976682663
grc,2014,0.554626166820526
grc,2015,0.55182695388794
grc,2016,0.569194912910461
grc,2017,0.574471414089203
grc,2018,0.568458914756775
grc,2019,0.585107862949371
grc,2020,0.579330563545227
grc,2021,0.578941166400909
grc,2022,0.538706183433533
grc,2023,0.540112018585205
gtm,1950,0.462680697441101
gtm,1951,0.462680697441101
gtm,1952,0.462680697441101
gtm,1953,0.462680697441101
gtm,1954,0.462680697441101
gtm,1955,0.462680697441101
gtm,1956,0.462680697441101
gtm,1957,0.462680697441101
gtm,1958,0.462680697441101
gtm,1959,0.462680697441101
gtm,1960,0.462680697441101
gtm,1961,0.462680697441101
gtm,1962,0.462680697441101
gtm,1963,0.462680697441101
gtm,1964,0.462680697441101
gtm,1965,0.462680697441101
gtm,1966,0.462680697441101
gtm,1967,0.462680697441101
gtm,1968,0.462680697441101
gtm,1969,0.462680697441101
gtm,1970,0.462680697441101
gtm,1971,0.462680697441101
gtm,1972,0.462680697441101
gtm,1973,0.462680697441101
gtm,1974,0.462680697441101
gtm,1975,0.462680697441101
gtm,1976,0.462680697441101
gtm,1977,0.462680697441101
gtm,1978,0.462680697441101
gtm,1979,0.462680697441101
gtm,1980,0.462680697441101
gtm,1981,0.462680697441101
gtm,1982,0.462680697441101
gtm,1983,0.462680697441101
gtm,1984,0.462680697441101
gtm,1985,0.462680697441101
gtm,1986,0.462680697441101
gtm,1987,0.462680697441101
gtm,1988,0.462680697441101
gtm,1989,0.462680697441101
gtm,1990,0.462680697441101
gtm,1991,0.462680697441101
gtm,1992,0.462680697441101
gtm,1993,0.462680697441101
gtm,1994,0.462680697441101
gtm,1995,0.462680697441101
gtm,1996,0.462680697441101
gtm,1997,0.462680697441101
gtm,1998,0.462680697441101
gtm,1999,0.462680697441101
gtm,2000,0.462680697441101
gtm,2001,0.462680697441101
gtm,2002,0.454026252031326
gtm,2003,0.453831970691681
gtm,2004,0.448078513145447
gtm,2005,0.445262968540192
gtm,2006,0.442063242197037
gtm,2007,0.432137280702591
gtm,2008,0.426822870969772
gtm,2009,0.425131499767303
gtm,2010,0.423778861761093
gtm,2011,0.416042685508728
gtm,2012,0.416370868682861
gtm,2013,0.487174570560455
gtm,2014,0.481740415096283
gtm,2015,0.482863515615463
gtm,2016,0.484110951423645
gtm,2017,0.489513605833054
gtm,2018,0.493951499462128
gtm,2019,0.488610118627548
gtm,2020,0.481497287750244
gtm,2021,0.479919880628586
gtm,2022,0.473105132579803
gtm,2023,0.46945071220398
hkg,1960,0.458317011594772
hkg,1961,0.458317011594772
hkg,1962,0.458317011594772
hkg,1963,0.458317011594772
hkg,1964,0.458317011594772
hkg,1965,0.458317011594772
hkg,1966,0.458317011594772
hkg,1967,0.458317011594772
hkg,1968,0.458317011594772
hkg,1969,0.458317011594772
hkg,1970,0.458317011594772
hkg,1971,0.458317011594772
hkg,1972,0.458317011594772
hkg,1973,0.458317011594772
hkg,1974,0.458317011594772
hkg,1975,0.458317011594772
hkg,1976,0.458317011594772
hkg,1977,0.458317011594772
hkg,1978,0.458317011594772
hkg,1979,0.458317011594772
hkg,1980,0.458317011594772
hkg,1981,0.463786780834198
hkg,1982,0.475710213184357
hkg,1983,0.48605027794838
hkg,1984,0.472526133060455
hkg,1985,0.498365223407745
hkg,1986,0.490194499492645
hkg,1987,0.470898061990738
hkg,1988,0.464210987091064
hkg,1989,0.469397038221359
hkg,1990,0.48552793264389
hkg,1991,0.474616318941116
hkg,1992,0.465551435947418
hkg,1993,0.456341862678528
hkg,1994,0.447450160980225
hkg,1995,0.471821427345276
hkg,1996,0.474162936210632
hkg,1997,0.481079399585724
hkg,1998,0.505622863769531
hkg,1999,0.509033799171448
hkg,2000,0.50854355096817
hkg,2001,0.517630577087402
hkg,2002,0.515300631523132
hkg,2003,0.516641557216644
hkg,2004,0.501471757888794
hkg,2005,0.489635676145554
hkg,2006,0.486820787191391
hkg,2007,0.492145568132401
hkg,2008,0.487249225378037
hkg,2009,0.511698365211487
hkg,2010,0.516523122787476
hkg,2011,0.515623152256012
hkg,2012,0.521202147006989
hkg,2013,0.517768919467926
hkg,2014,0.519438743591309
hkg,2015,0.513577818870544
hkg,2016,0.51928985118866
hkg,2017,0.517419636249542
hkg,2018,0.506751954555512
hkg,2019,0.512341916561127
hkg,2020,0.533691644668579
hkg,2021,0.518862366676331
hkg,2022,0.526560127735138
hkg,2023,0.526560127735138
hnd,1970,0.600144326686859
hnd,1971,0.600144326686859
hnd,1972,0.600144326686859
hnd,1973,0.600144326686859
hnd,1974,0.600144326686859
hnd,1975,0.600144326686859
hnd,1976,0.600144326686859
hnd,1977,0.600144326686859
hnd,1978,0.600144326686859
hnd,1979,0.600144326686859
hnd,1980,0.600144326686859
hnd,1981,0.600144326686859
hnd,1982,0.600144326686859
hnd,1983,0.600144326686859
hnd,1984,0.600144326686859
hnd,1985,0.600144326686859
hnd,1986,0.600144326686859
hnd,1987,0.600144326686859
hnd,1988,0.600144326686859
hnd,1989,0.600144326686859
hnd,1990,0.600144326686859
hnd,1991,0.600144326686859
hnd,1992,0.600144326686859
hnd,1993,0.573171854019165
hnd,1994,0.555141031742096
hnd,1995,0.529183447360992
hnd,1996,0.530594050884247
hnd,1997,0.535146296024323
hnd,1998,0.535874247550964
hnd,1999,0.553553998470306
hnd,2000,0.579042851924896
hnd,2001,0.59143078327179
hnd,2002,0.598119735717773
hnd,2003,0.605490148067474
hnd,2004,0.597159624099731
hnd,2005,0.590365409851074
hnd,2006,0.584567308425903
hnd,2007,0.592595160007477
hnd,2008,0.593642890453339
hnd,2009,0.59912097454071
hnd,2010,0.607684552669525
hnd,2011,0.611270487308502
hnd,2012,0.595020473003388
hnd,2013,0.60156786441803
hnd,2014,0.596473336219788
hnd,2015,0.575889110565186
hnd,2016,0.573421120643616
hnd,2017,0.561448156833649
hnd,2018,0.560366928577423
hnd,2019,0.558255076408386
hnd,2020,0.565366387367249
hnd,2021,0.551338076591492
hnd,2022,0.534446656703949
hnd,2023,0.547430813312531
hrv,1990,0.625581979751587
hrv,1991,0.625581979751587
hrv,1992,0.625581979751587
hrv,1993,0.625581979751587
hrv,1994,0.625581979751587
hrv,1995,0.625581979751587
hrv,1996,0.656214594841003
hrv,1997,0.660642445087433
hrv,1998,0.686037540435791
hrv,1999,0.707023799419403
hrv,2000,0.702185034751892
hrv,2001,0.671064555644989
hrv,2002,0.673873126506805
hrv,2003,0.663444995880127
hrv,2004,0.6507208943367
hrv,2005,0.638508975505829
hrv,2006,0.62524825334549
hrv,2007,0.621343016624451
hrv,2008,0.612650871276856
hrv,2009,0.629952132701874
hrv,2010,0.616531133651733
hrv,2011,0.60278844833374
hrv,2012,0.607407152652741
hrv,2013,0.606354832649231
hrv,2014,0.610346734523773
hrv,2015,0.610216498374939
hrv,2016,0.608109891414642
hrv,2017,0.613077580928803
hrv,2018,0.625875592231751
hrv,2019,0.615967035293579
hrv,2020,0.636941909790039
hrv,2021,0.610735952854157
hrv,2022,0.599800944328308
hrv,2023,0.612615644931793
hun,1970,0.646804630756378
hun,1971,0.646804630756378
hun,1972,0.646804630756378
hun,1973,0.646804630756378
hun,1974,0.646804630756378
hun,1975,0.646804630756378
hun,1976,0.646804630756378
hun,1977,0.646804630756378
hun,1978,0.646804630756378
hun,1979,0.646804630756378
hun,1980,0.646804630756378
hun,1981,0.646804630756378
hun,1982,0.646804630756378
hun,1983,0.646804630756378
hun,1984,0.646804630756378
hun,1985,0.646804630756378
hun,1986,0.646804630756378
hun,1987,0.646804630756378
hun,1988,0.646804630756378
hun,1989,0.646804630756378
hun,1990,0.646804630756378
hun,1991,0.646804630756378
hun,1992,0.646804630756378
hun,1993,0.646804630756378
hun,1994,0.646804630756378
hun,1995,0.646804630756378
hun,1996,0.631845235824585
hun,1997,0.606513261795044
hun,1998,0.597559034824371
hun,1999,0.591871440410614
hun,2000,0.608486592769623
hun,2001,0.607607960700989
hun,2002,0.587432444095612
hun,2003,0.607425928115845
hun,2004,0.60379296541214
hun,2005,0.608136773109436
hun,2006,0.588750898838043
hun,2007,0.593278467655182
hun,2008,0.59200930595398
hun,2009,0.587819933891296
hun,2010,0.578542709350586
hun,2011,0.578401684761047
hun,2012,0.594106197357178
hun,2013,0.585697770118713
hun,2014,0.571379065513611
hun,2015,0.563643336296082
hun,2016,0.575057625770569
hun,2017,0.574086964130402
hun,2018,0.56746643781662
hun,2019,0.57034957408905
hun,2020,0.564104795455933
hun,2021,0.542102217674255
hun,2022,0.541318535804749
hun,2023,0.53658401966095
idn,1960,0.507035195827484
idn,1961,0.507035195827484
idn,1962,0.507035195827484
idn,1963,0.507035195827484
idn,1964,0.507035195827484
idn,1965,0.507035195827484
idn,1966,0.507035195827484
idn,1967,0.507035195827484
idn,1968,0.507035195827484
idn,1969,0.507035195827484
idn,1970,0.507035195827484
idn,1971,0.507035195827484
idn,1972,0.507035195827484
idn,1973,0.507035195827484
idn,1974,0.507035195827484
idn,1975,0.507035195827484
idn,1976,0.507035195827484
idn,1977,0.507035195827484
idn,1978,0.507035195827484
idn,1979,0.507035195827484
idn,1980,0.507035195827484
idn,1981,0.507035195827484
idn,1982,0.507035195827484
idn,1983,0.507035195827484
idn,1984,0.507035195827484
idn,1985,0.507035195827484
idn,1986,0.507035195827484
idn,1987,0.507035195827484
idn,1988,0.507035195827484
idn,1989,0.507035195827484
idn,1990,0.507035195827484
idn,1991,0.507035195827484
idn,1992,0.507035195827484
idn,1993,0.507035195827484
idn,1994,0.507035195827484
idn,1995,0.507035195827484
idn,1996,0.507035195827484
idn,1997,0.507035195827484
idn,1998,0.507035195827484
idn,1999,0.507035195827484
idn,2000,0.507035195827484
idn,2001,0.507035195827484
idn,2002,0.507035195827484
idn,2003,0.507035195827484
idn,2004,0.507035195827484
idn,2005,0.507035195827484
idn,2006,0.507035195827484
idn,2007,0.507035195827484
idn,2008,0.507035195827484
idn,2009,0.507035195827484
idn,2010,0.507035195827484
idn,2011,0.507035195827484
idn,2012,0.507035195827484
idn,2013,0.507035195827484
idn,2014,0.507035195827484
idn,2015,0.507035195827484
idn,2016,0.507035195827484
idn,2017,0.528811752796173
idn,2018,0.506813108921051
idn,2019,0.509304404258728
idn,2020,0.509304404258728
idn,2021,0.509304404258728
idn,2022,0.509304404258728
idn,2023,0.509304404258728
ind,1950,0.752550661563873
ind,1951,0.752550661563873
ind,1952,0.752550661563873
ind,1953,0.752550661563873
ind,1954,0.752550661563873
ind,1955,0.752550661563873
ind,1956,0.752550661563873
ind,1957,0.752550661563873
ind,1958,0.752550661563873
ind,1959,0.752550661563873
ind,1960,0.752550661563873
ind,1961,0.752550661563873
ind,1962,0.752550661563873
ind,1963,0.752550661563873
ind,1964,0.752550661563873
ind,1965,0.752550661563873
ind,1966,0.752550661563873
ind,1967,0.752550661563873
ind,1968,0.752550661563873
ind,1969,0.752550661563873
ind,1970,0.752550661563873
ind,1971,0.752550661563873
ind,1972,0.752550661563873
ind,1973,0.752550661563873
ind,1974,0.752550661563873
ind,1975,0.752550661563873
ind,1976,0.730385303497315
ind,1977,0.752550661563873
ind,1978,0.728504300117493
ind,1979,0.701032280921936
ind,1980,0.736875414848328
ind,1981,0.717560529708862
ind,1982,0.707476377487183
ind,1983,0.718774437904358
ind,1984,0.714489459991455
ind,1985,0.698085129261017
ind,1986,0.69414621591568
ind,1987,0.696953415870667
ind,1988,0.695802748203278
ind,1989,0.681281208992004
ind,1990,0.67919659614563
ind,1991,0.675671339035034
ind,1992,0.669406116008759
ind,1993,0.656428813934326
ind,1994,0.641440272331238
ind,1995,0.624699711799622
ind,1996,0.622315883636475
ind,1997,0.623064458370209
ind,1998,0.609902501106262
ind,1999,0.602100849151611
ind,2000,0.594913601875305
ind,2001,0.583523154258728
ind,2002,0.558088958263397
ind,2003,0.550625562667847
ind,2004,0.515326619148254
ind,2005,0.503881692886353
ind,2006,0.483481079339981
ind,2007,0.484044164419174
ind,2008,0.503058671951294
ind,2009,0.512515962123871
ind,2010,0.511766731739044
ind,2011,0.512665212154388
ind,2012,0.510984599590302
ind,2013,0.514694333076477
ind,2014,0.516265332698822
ind,2015,0.508266746997833
ind,2016,0.518146574497223
ind,2017,0.522744178771973
ind,2018,0.520604491233826
ind,2019,0.533480644226074
ind,2020,0.533480644226074
ind,2021,0.533480644226074
ind,2022,0.533480644226074
ind,2023,0.533480644226074
irl,1950,0.631123542785645
irl,1951,0.631123542785645
irl,1952,0.631123542785645
irl,1953,0.631123542785645
irl,1954,0.631123542785645
irl,1955,0.631123542785645
irl,1956,0.631123542785645
irl,1957,0.631123542785645
irl,1958,0.631123542785645
irl,1959,0.631123542785645
irl,1960,0.631123542785645
irl,1961,0.631123542785645
irl,1962,0.631123542785645
irl,1963,0.631123542785645
irl,1964,0.631123542785645
irl,1965,0.631123542785645
irl,1966,0.631123542785645
irl,1967,0.631123542785645
irl,1968,0.631123542785645
irl,1969,0.631123542785645
irl,1970,0.631123542785645
irl,1971,0.639250934123993
irl,1972,0.615807771682739
irl,1973,0.608279347419739
irl,1974,0.635461688041687
irl,1975,0.655029237270355
irl,1976,0.651504218578339
irl,1977,0.607905030250549
irl,1978,0.598308086395264
irl,1979,0.628231346607208
irl,1980,0.66481226682663
irl,1981,0.658458828926086
irl,1982,0.648434460163117
irl,1983,0.641636490821838
irl,1984,0.632528185844421
irl,1985,0.624224245548248
irl,1986,0.631699740886688
irl,1987,0.621017217636108
irl,1988,0.601343095302582
irl,1989,0.575649797916412
irl,1990,0.578746855258942
irl,1991,0.588074266910553
irl,1992,0.59720104932785
irl,1993,0.590950906276703
irl,1994,0.592372536659241
irl,1995,0.568541765213013
irl,1996,0.559728741645813
irl,1997,0.533525168895721
irl,1998,0.517827391624451
irl,1999,0.497042536735535
irl,2000,0.485427796840668
irl,2001,0.474183022975922
irl,2002,0.445635616779327
irl,2003,0.455790281295776
irl,2004,0.466107934713364
irl,2005,0.479631155729294
irl,2006,0.489285349845886
irl,2007,0.500989079475403
irl,2008,0.531657934188843
irl,2009,0.522242307662964
irl,2010,0.493700057268143
irl,2011,0.491163671016693
irl,2012,0.484241604804993
irl,2013,0.474980026483536
irl,2014,0.45130667090416
irl,2015,0.338943630456924
irl,2016,0.359049260616303
irl,2017,0.340818166732788
irl,2018,0.331428825855255
irl,2019,0.329267382621765
irl,2020,0.302549630403519
irl,2021,0.285173028707504
irl,2022,0.271447777748108
irl,2023,0.308987885713577
irn,1955,0.41786003112793
irn,1956,0.41786003112793
irn,1957,0.41786003112793
irn,1958,0.41786003112793
irn,1959,0.41786003112793
irn,1960,0.41786003112793
irn,1961,0.41786003112793
irn,1962,0.41786003112793
irn,1963,0.41786003112793
irn,1964,0.41786003112793
irn,1965,0.41786003112793
irn,1966,0.41786003112793
irn,1967,0.41786003112793
irn,1968,0.41786003112793
irn,1969,0.41786003112793
irn,1970,0.41786003112793
irn,1971,0.41786003112793
irn,1972,0.41786003112793
irn,1973,0.41786003112793
irn,1974,0.41786003112793
irn,1975,0.41786003112793
irn,1976,0.41786003112793
irn,1977,0.41786003112793
irn,1978,0.41786003112793
irn,1979,0.41786003112793
irn,1980,0.41786003112793
irn,1981,0.41786003112793
irn,1982,0.41786003112793
irn,1983,0.41786003112793
irn,1984,0.41786003112793
irn,1985,0.41786003112793
irn,1986,0.41786003112793
irn,1987,0.41786003112793
irn,1988,0.41786003112793
irn,1989,0.41786003112793
irn,1990,0.41786003112793
irn,1991,0.41786003112793
irn,1992,0.41786003112793
irn,1993,0.41786003112793
irn,1994,0.41786003112793
irn,1995,0.444293260574341
irn,1996,0.434789627790451
irn,1997,0.455301016569138
irn,1998,0.483745902776718
irn,1999,0.4439916908741
irn,2000,0.427043944597244
irn,2001,0.432018965482712
irn,2002,0.384958654642105
irn,2003,0.366466075181961
irn,2004,0.351578414440155
irn,2005,0.342175155878067
irn,2006,0.344034224748611
irn,2007,0.31663903594017
irn,2008,0.327025502920151
irn,2009,0.360697358846664
irn,2010,0.352103471755981
irn,2011,0.33488529920578
irn,2012,0.366404294967651
irn,2013,0.355823665857315
irn,2014,0.374879240989685
irn,2015,0.422887533903122
irn,2016,0.402125000953674
irn,2017,0.399862468242645
irn,2018,0.384537488222122
irn,2019,0.412954956293106
irn,2020,0.392824858427048
irn,2021,0.392824858427048
irn,2022,0.392824858427048
irn,2023,0.392824858427048
irq,1970,0.150848269462585
irq,1971,0.150848269462585
irq,1972,0.150848269462585
irq,1973,0.150848269462585
irq,1974,0.150848269462585
irq,1975,0.150848269462585
irq,1976,0.150848269462585
irq,1977,0.150848269462585
irq,1978,0.150848269462585
irq,1979,0.150848269462585
irq,1980,0.150848269462585
irq,1981,0.150848269462585
irq,1982,0.150848269462585
irq,1983,0.150848269462585
irq,1984,0.150848269462585
irq,1985,0.150848269462585
irq,1986,0.150848269462585
irq,1987,0.150848269462585
irq,1988,0.150848269462585
irq,1989,0.150848269462585
irq,1990,0.150848269462585
irq,1991,0.150848269462585
irq,1992,0.150848269462585
irq,1993,0.150848269462585
irq,1994,0.150848269462585
irq,1995,0.150848269462585
irq,1996,0.150848269462585
irq,1997,0.150848269462585
irq,1998,0.18970687687397
irq,1999,0.12710328400135
irq,2000,0.0896572172641754
irq,2001,0.134700760245323
irq,2002,0.167909651994705
irq,2003,0.20669561624527
irq,2004,0.233061134815216
irq,2005,0.215262040495873
irq,2006,0.231356590986252
irq,2007,0.240822583436966
irq,2008,0.257210671901703
irq,2009,0.32188805937767
irq,2010,0.296306312084198
irq,2011,0.296306312084198
irq,2012,0.296306312084198
irq,2013,0.296306312084198
irq,2014,0.296306312084198
irq,2015,0.296306312084198
irq,2016,0.296306312084198
irq,2017,0.296306312084198
irq,2018,0.296306312084198
irq,2019,0.296306312084198
irq,2020,0.296306312084198
irq,2021,0.296306312084198
irq,2022,0.296306312084198
irq,2023,0.296306312084198
isl,1950,0.67505693435669
isl,1951,0.67505693435669
isl,1952,0.67505693435669
isl,1953,0.67505693435669
isl,1954,0.67505693435669
isl,1955,0.67505693435669
isl,1956,0.67505693435669
isl,1957,0.67505693435669
isl,1958,0.67505693435669
isl,1959,0.67505693435669
isl,1960,0.67505693435669
isl,1961,0.67505693435669
isl,1962,0.67505693435669
isl,1963,0.67505693435669
isl,1964,0.67505693435669
isl,1965,0.67505693435669
isl,1966,0.67505693435669
isl,1967,0.67505693435669
isl,1968,0.67505693435669
isl,1969,0.67505693435669
isl,1970,0.67505693435669
isl,1971,0.67505693435669
isl,1972,0.67505693435669
isl,1973,0.67505693435669
isl,1974,0.67505693435669
isl,1975,0.67505693435669
isl,1976,0.67505693435669
isl,1977,0.67505693435669
isl,1978,0.67505693435669
isl,1979,0.67505693435669
isl,1980,0.67505693435669
isl,1981,0.67505693435669
isl,1982,0.67505693435669
isl,1983,0.67505693435669
isl,1984,0.67505693435669
isl,1985,0.67505693435669
isl,1986,0.67505693435669
isl,1987,0.67505693435669
isl,1988,0.67505693435669
isl,1989,0.67505693435669
isl,1990,0.67505693435669
isl,1991,0.67505693435669
isl,1992,0.67505693435669
isl,1993,0.67505693435669
isl,1994,0.67505693435669
isl,1995,0.67505693435669
isl,1996,0.67505693435669
isl,1997,0.67505693435669
isl,1998,0.67505693435669
isl,1999,0.67505693435669
isl,2000,0.67505693435669
isl,2001,0.640170276165009
isl,2002,0.640511751174927
isl,2003,0.66180944442749
isl,2004,0.658966481685638
isl,2005,0.68545937538147
isl,2006,0.709825694561005
isl,2007,0.702061414718628
isl,2008,0.618200182914734
isl,2009,0.540742635726929
isl,2010,0.56006646156311
isl,2011,0.586355030536652
isl,2012,0.602716207504273
isl,2013,0.615207731723785
isl,2014,0.627044439315796
isl,2015,0.617417812347412
isl,2016,0.617417812347412
isl,2017,0.617417812347412
isl,2018,0.617417812347412
isl,2019,0.617417812347412
isl,2020,0.617417812347412
isl,2021,0.617417812347412
isl,2022,0.617417812347412
isl,2023,0.617417812347412
isr,1950,0.53479677438736
isr,1951,0.53479677438736
isr,1952,0.53479677438736
isr,1953,0.53479677438736
isr,1954,0.53479677438736
isr,1955,0.53479677438736
isr,1956,0.53479677438736
isr,1957,0.53479677438736
isr,1958,0.53479677438736
isr,1959,0.53479677438736
isr,1960,0.53479677438736
isr,1961,0.53479677438736
isr,1962,0.53479677438736
isr,1963,0.53479677438736
isr,1964,0.53479677438736
isr,1965,0.53479677438736
isr,1966,0.53479677438736
isr,1967,0.53479677438736
isr,1968,0.53479677438736
isr,1969,0.53479677438736
isr,1970,0.53479677438736
isr,1971,0.53479677438736
isr,1972,0.53479677438736
isr,1973,0.53479677438736
isr,1974,0.53479677438736
isr,1975,0.53479677438736
isr,1976,0.53479677438736
isr,1977,0.53479677438736
isr,1978,0.53479677438736
isr,1979,0.53479677438736
isr,1980,0.53479677438736
isr,1981,0.53479677438736
isr,1982,0.53479677438736
isr,1983,0.53479677438736
isr,1984,0.53479677438736
isr,1985,0.53479677438736
isr,1986,0.53479677438736
isr,1987,0.53479677438736
isr,1988,0.53479677438736
isr,1989,0.53479677438736
isr,1990,0.53479677438736
isr,1991,0.53479677438736
isr,1992,0.53479677438736
isr,1993,0.53479677438736
isr,1994,0.53479677438736
isr,1995,0.53479677438736
isr,1996,0.547673583030701
isr,1997,0.546680450439453
isr,1998,0.543564200401306
isr,1999,0.54543149471283
isr,2000,0.543424069881439
isr,2001,0.556959450244904
isr,2002,0.543571591377258
isr,2003,0.529897153377533
isr,2004,0.520815312862396
isr,2005,0.524838387966156
isr,2006,0.529239654541016
isr,2007,0.530901849269867
isr,2008,0.541210830211639
isr,2009,0.518167614936829
isr,2010,0.521240293979645
isr,2011,0.519848585128784
isr,2012,0.517813146114349
isr,2013,0.513463795185089
isr,2014,0.516384661197662
isr,2015,0.518998682498932
isr,2016,0.526463747024536
isr,2017,0.535468280315399
isr,2018,0.541808724403381
isr,2019,0.534824013710022
isr,2020,0.512693524360657
isr,2021,0.51021546125412
isr,2022,0.49906313419342
isr,2023,0.49906313419342
ita,1950,0.579223155975342
ita,1951,0.579223155975342
ita,1952,0.579223155975342
ita,1953,0.579223155975342
ita,1954,0.579223155975342
ita,1955,0.579223155975342
ita,1956,0.579223155975342
ita,1957,0.579223155975342
ita,1958,0.579223155975342
ita,1959,0.579223155975342
ita,1960,0.579223155975342
ita,1961,0.579223155975342
ita,1962,0.579223155975342
ita,1963,0.579223155975342
ita,1964,0.579223155975342
ita,1965,0.579223155975342
ita,1966,0.579223155975342
ita,1967,0.579223155975342
ita,1968,0.579223155975342
ita,1969,0.579223155975342
ita,1970,0.579223155975342
ita,1971,0.600888133049011
ita,1972,0.609200775623322
ita,1973,0.610125541687012
ita,1974,0.603226900100708
ita,1975,0.625911951065064
ita,1976,0.620425760746002
ita,1977,0.624092876911163
ita,1978,0.616312682628632
ita,1979,0.612323820590973
ita,1980,0.605762183666229
ita,1981,0.60871958732605
ita,1982,0.60707151889801
ita,1983,0.607840418815613
ita,1984,0.585651457309723
ita,1985,0.581765294075012
ita,1986,0.569937348365784
ita,1987,0.569367825984955
ita,1988,0.564549148082733
ita,1989,0.565536856651306
ita,1990,0.575510978698731
ita,1991,0.582146406173706
ita,1992,0.579520106315613
ita,1993,0.566859781742096
ita,1994,0.546875178813934
ita,1995,0.527607023715973
ita,1996,0.53076845407486
ita,1997,0.537932813167572
ita,1998,0.530373573303223
ita,1999,0.529751062393189
ita,2000,0.51824563741684
ita,2001,0.513546466827393
ita,2002,0.518223702907562
ita,2003,0.521400332450867
ita,2004,0.520054519176483
ita,2005,0.524599850177765
ita,2006,0.528624534606934
ita,2007,0.526659727096558
ita,2008,0.53032511472702
ita,2009,0.54403030872345
ita,2010,0.540379881858826
ita,2011,0.536399364471436
ita,2012,0.544031858444214
ita,2013,0.538000285625458
ita,2014,0.534724891185761
ita,2015,0.536308705806732
ita,2016,0.527499735355377
ita,2017,0.530141055583954
ita,2018,0.534897446632385
ita,2019,0.537166178226471
ita,2020,0.538550138473511
ita,2021,0.530930161476135
ita,2022,0.518774628639221
ita,2023,0.511646032333374
jam,1953,0.554144144058228
jam,1954,0.554144144058228
jam,1955,0.554144144058228
jam,1956,0.554144144058228
jam,1957,0.554144144058228
jam,1958,0.554144144058228
jam,1959,0.554144144058228
jam,1960,0.554144144058228
jam,1961,0.554144144058228
jam,1962,0.554144144058228
jam,1963,0.554144144058228
jam,1964,0.554144144058228
jam,1965,0.554144144058228
jam,1966,0.554144144058228
jam,1967,0.554144144058228
jam,1968,0.554144144058228
jam,1969,0.554144144058228
jam,1970,0.554144144058228
jam,1971,0.562590777873993
jam,1972,0.579036951065064
jam,1973,0.592414200305939
jam,1974,0.594273507595062
jam,1975,0.611055612564087
jam,1976,0.628116250038147
jam,1977,0.62547904253006
jam,1978,0.580993711948395
jam,1979,0.560572624206543
jam,1980,0.567935824394226
jam,1981,0.562267243862152
jam,1982,0.575449883937836
jam,1983,0.543536603450775
jam,1984,0.497657597064972
jam,1985,0.475120067596436
jam,1986,0.457262516021729
jam,1987,0.46030205488205
jam,1988,0.471886724233627
jam,1989,0.483432114124298
jam,1990,0.494977533817291
jam,1991,0.50652289390564
jam,1992,0.518068313598633
jam,1993,0.529613733291626
jam,1994,0.541159093379974
jam,1995,0.552704513072968
jam,1996,0.564249932765961
jam,1997,0.575795292854309
jam,1998,0.587340712547302
jam,1999,0.585025787353516
jam,2000,0.583890497684479
jam,2001,0.576140403747559
jam,2002,0.566169857978821
jam,2003,0.577091872692108
jam,2004,0.571869909763336
jam,2005,0.564244508743286
jam,2006,0.571525096893311
jam,2007,0.578355550765991
jam,2008,0.592667400836945
jam,2009,0.59457790851593
jam,2010,0.584582626819611
jam,2011,0.590454459190369
jam,2012,0.597411632537842
jam,2013,0.601253747940064
jam,2014,0.594356119632721
jam,2015,0.593047976493835
jam,2016,0.596592009067535
jam,2017,0.597977876663208
jam,2018,0.595674693584442
jam,2019,0.608830451965332
jam,2020,0.608830451965332
jam,2021,0.608830451965332
jam,2022,0.608830451965332
jam,2023,0.608830451965332
jor,1954,0.483733803033829
jor,1955,0.483733803033829
jor,1956,0.483733803033829
jor,1957,0.483733803033829
jor,1958,0.483733803033829
jor,1959,0.483733803033829
jor,1960,0.483733803033829
jor,1961,0.483733803033829
jor,1962,0.483733803033829
jor,1963,0.483733803033829
jor,1964,0.483733803033829
jor,1965,0.483733803033829
jor,1966,0.483733803033829
jor,1967,0.483733803033829
jor,1968,0.483733803033829
jor,1969,0.483733803033829
jor,1970,0.483733803033829
jor,1971,0.498019754886627
jor,1972,0.498019754886627
jor,1973,0.470196664333344
jor,1974,0.498019754886627
jor,1975,0.485154122114182
jor,1976,0.498019754886627
jor,1977,0.471271812915802
jor,1978,0.457004696130753
jor,1979,0.458563536405563
jor,1980,0.489452600479126
jor,1981,0.471446990966797
jor,1982,0.480771631002426
jor,1983,0.498019754886627
jor,1984,0.48850291967392
jor,1985,0.45697683095932
jor,1986,0.457421898841858
jor,1987,0.47553414106369
jor,1988,0.485686630010605
jor,1989,0.483100831508637
jor,1990,0.48038524389267
jor,1991,0.485864460468292
jor,1992,0.498019754886627
jor,1993,0.498019754886627
jor,1994,0.493633538484573
jor,1995,0.498019754886627
jor,1996,0.498019754886627
jor,1997,0.49497777223587
jor,1998,0.495790779590607
jor,1999,0.498019754886627
jor,2000,0.482375204563141
jor,2001,0.467258602380753
jor,2002,0.466550767421722
jor,2003,0.467706143856049
jor,2004,0.45418706536293
jor,2005,0.452641844749451
jor,2006,0.455642759799957
jor,2007,0.460226684808731
jor,2008,0.4474136531353
jor,2009,0.478170871734619
jor,2010,0.467376053333282
jor,2011,0.472080796957016
jor,2012,0.474173128604889
jor,2013,0.472021520137787
jor,2014,0.471904098987579
jor,2015,0.482534348964691
jor,2016,0.493224442005157
jor,2017,0.493224442005157
jor,2018,0.493224442005157
jor,2019,0.493224442005157
jor,2020,0.493224442005157
jor,2021,0.493224442005157
jor,2022,0.493224442005157
jor,2023,0.493224442005157
jpn,1950,0.508122503757477
jpn,1951,0.508122503757477
jpn,1952,0.508122503757477
jpn,1953,0.508122503757477
jpn,1954,0.508122503757477
jpn,1955,0.508122503757477
jpn,1956,0.508122503757477
jpn,1957,0.508122503757477
jpn,1958,0.508122503757477
jpn,1959,0.508122503757477
jpn,1960,0.508122503757477
jpn,1961,0.508122503757477
jpn,1962,0.508122503757477
jpn,1963,0.508122503757477
jpn,1964,0.508122503757477
jpn,1965,0.508122503757477
jpn,1966,0.508122503757477
jpn,1967,0.508122503757477
jpn,1968,0.508122503757477
jpn,1969,0.508122503757477
jpn,1970,0.508122503757477
jpn,1971,0.541116416454315
jpn,1972,0.545465588569641
jpn,1973,0.554803788661957
jpn,1974,0.587797403335571
jpn,1975,0.61626672744751
jpn,1976,0.617358684539795
jpn,1977,0.62094646692276
jpn,1978,0.611576914787293
jpn,1979,0.607692360877991
jpn,1980,0.609879374504089
jpn,1981,0.611526310443878
jpn,1982,0.61301863193512
jpn,1983,0.61577320098877
jpn,1984,0.606810390949249
jpn,1985,0.595854163169861
jpn,1986,0.588725864887238
jpn,1987,0.581005036830902
jpn,1988,0.571993291378021
jpn,1989,0.568913221359253
jpn,1990,0.564595758914948
jpn,1991,0.572613179683685
jpn,1992,0.58065527677536
jpn,1993,0.586970508098602
jpn,1994,0.594818592071533
jpn,1995,0.589223384857178
jpn,1996,0.580601930618286
jpn,1997,0.587033569812775
jpn,1998,0.588018536567688
jpn,1999,0.583225250244141
jpn,2000,0.573852300643921
jpn,2001,0.572087109088898
jpn,2002,0.557095766067505
jpn,2003,0.550133347511292
jpn,2004,0.543767869472504
jpn,2005,0.546317756175995
jpn,2006,0.551968216896057
jpn,2007,0.548989593982697
jpn,2008,0.560106575489044
jpn,2009,0.570272445678711
jpn,2010,0.551162242889404
jpn,2011,0.561342477798462
jpn,2012,0.55913120508194
jpn,2013,0.553324937820435
jpn,2014,0.555949866771698
jpn,2015,0.545553267002106
jpn,2016,0.552027106285095
jpn,2017,0.552249729633331
jpn,2018,0.563811123371124
jpn,2019,0.574065268039703
jpn,2020,0.587774455547333
jpn,2021,0.585427045822144
jpn,2022,0.587487876415253
jpn,2023,0.587487876415253
kaz,1990,0.511739075183868
kaz,1991,0.467670440673828
kaz,1992,0.509629189968109
kaz,1993,0.594091176986694
kaz,1994,0.519792675971985
kaz,1995,0.588619351387024
kaz,1996,0.60598087310791
kaz,1997,0.60475891828537
kaz,1998,0.571768045425415
kaz,1999,0.54597145318985
kaz,2000,0.504670143127441
kaz,2001,0.50649094581604
kaz,2002,0.446110665798187
kaz,2003,0.465006768703461
kaz,2004,0.444437891244888
kaz,2005,0.43417164683342
kaz,2006,0.401660799980164
kaz,2007,0.446526557207108
kaz,2008,0.415302097797394
kaz,2009,0.413718730211258
kaz,2010,0.418811053037643
kaz,2011,0.418947696685791
kaz,2012,0.415362566709518
kaz,2013,0.399781882762909
kaz,2014,0.402215927839279
kaz,2015,0.407903701066971
kaz,2016,0.379780352115631
kaz,2017,0.3790343105793
kaz,2018,0.378789186477661
kaz,2019,0.381785005331039
kaz,2020,0.378500491380692
kaz,2021,0.373419225215912
kaz,2022,0.373419225215912
kaz,2023,0.373419225215912
ken,1950,0.659813404083252
ken,1951,0.659813404083252
ken,1952,0.659813404083252
ken,1953,0.659813404083252
ken,1954,0.659813404083252
ken,1955,0.659813404083252
ken,1956,0.659813404083252
ken,1957,0.659813404083252
ken,1958,0.659813404083252
ken,1959,0.659813404083252
ken,1960,0.659813404083252
ken,1961,0.659813404083252
ken,1962,0.659813404083252
ken,1963,0.659813404083252
ken,1964,0.659813404083252
ken,1965,0.659813404083252
ken,1966,0.659813404083252
ken,1967,0.659813404083252
ken,1968,0.659813404083252
ken,1969,0.659813404083252
ken,1970,0.659813404083252
ken,1971,0.654817342758179
ken,1972,0.509062349796295
ken,1973,0.488810002803803
ken,1974,0.474163234233856
ken,1975,0.476341366767883
ken,1976,0.478526055812836
ken,1977,0.471630752086639
ken,1978,0.456667959690094
ken,1979,0.45527857542038
ken,1980,0.455966830253601
ken,1981,0.462956964969635
ken,1982,0.494300842285156
ken,1983,0.473475068807602
ken,1984,0.450252264738083
ken,1985,0.447821855545044
ken,1986,0.451416671276093
ken,1987,0.455525100231171
ken,1988,0.453548669815064
ken,1989,0.452115058898926
ken,1990,0.436507761478424
ken,1991,0.41681033372879
ken,1992,0.451693654060364
ken,1993,0.45044019818306
ken,1994,0.482985019683838
ken,1995,0.501680731773377
ken,1996,0.440387547016144
ken,1997,0.453560709953308
ken,1998,0.471108973026276
ken,1999,0.487003147602081
ken,2000,0.496795177459717
ken,2001,0.488761007785797
ken,2002,0.499452531337738
ken,2003,0.496185481548309
ken,2004,0.492764592170715
ken,2005,0.482466161251068
ken,2006,0.488864243030548
ken,2007,0.48559507727623
ken,2008,0.461707830429077
ken,2009,0.493558406829834
ken,2010,0.532132267951965
ken,2011,0.527853906154633
ken,2012,0.529342353343964
ken,2013,0.537206053733826
ken,2014,0.537345886230469
ken,2015,0.534722924232483
ken,2016,0.525607466697693
ken,2017,0.537095129489899
ken,2018,0.534488141536713
ken,2019,0.540175199508667
ken,2020,0.540175199508667
ken,2021,0.540175199508667
ken,2022,0.540175199508667
ken,2023,0.540175199508667
kgz,1990,0.604545950889587
kgz,1991,0.579959809780121
kgz,1992,0.473712861537933
kgz,1993,0.503303408622742
kgz,1994,0.536889135837555
kgz,1995,0.697035193443298
kgz,1996,0.705962061882019
kgz,1997,0.642902553081513
kgz,1998,0.636451542377472
kgz,1999,0.607212245464325
kgz,2000,0.566690564155579
kgz,2001,0.515511751174927
kgz,2002,0.558135867118835
kgz,2003,0.556414425373077
kgz,2004,0.466284453868866
kgz,2005,0.480971336364746
kgz,2006,0.582513391971588
kgz,2007,0.548303365707398
kgz,2008,0.496080577373505
kgz,2009,0.484889268875122
kgz,2010,0.4759940803051
kgz,2011,0.461284428834915
kgz,2012,0.503733277320862
kgz,2013,0.465502828359604
kgz,2014,0.468586444854736
kgz,2015,0.450703650712967
kgz,2016,0.468777388334274
kgz,2017,0.436418145895004
kgz,2018,0.427567929029465
kgz,2019,0.395559251308441
kgz,2020,0.409320712089539
kgz,2021,0.40368726849556
kgz,2022,0.399924725294113
kgz,2023,0.399924725294113
kor,1953,0.422018796205521
kor,1954,0.422018796205521
kor,1955,0.422018796205521
kor,1956,0.422018796205521
kor,1957,0.422018796205521
kor,1958,0.422018796205521
kor,1959,0.422018796205521
kor,1960,0.422018796205521
kor,1961,0.422018796205521
kor,1962,0.422018796205521
kor,1963,0.422018796205521
kor,1964,0.422018796205521
kor,1965,0.422018796205521
kor,1966,0.422018796205521
kor,1967,0.422018796205521
kor,1968,0.422018796205521
kor,1969,0.422018796205521
kor,1970,0.422018796205521
kor,1971,0.419315606355667
kor,1972,0.413106590509415
kor,1973,0.417811661958694
kor,1974,0.402108073234558
kor,1975,0.404552429914475
kor,1976,0.418607234954834
kor,1977,0.439294338226318
kor,1978,0.463449209928513
kor,1979,0.480200350284576
kor,1980,0.495331913232803
kor,1981,0.488281667232513
kor,1982,0.496183484792709
kor,1983,0.512298762798309
kor,1984,0.508590400218964
kor,1985,0.505118250846863
kor,1986,0.501784980297089
kor,1987,0.508980572223663
kor,1988,0.523703813552856
kor,1989,0.547022819519043
kor,1990,0.558129608631134
kor,1991,0.566904783248901
kor,1992,0.567047834396362
kor,1993,0.56733638048172
kor,1994,0.569948256015778
kor,1995,0.577058136463165
kor,1996,0.589961767196655
kor,1997,0.569372832775116
kor,1998,0.544350266456604
kor,1999,0.535901188850403
kor,2000,0.529842376708984
kor,2001,0.535791516304016
kor,2002,0.532225131988525
kor,2003,0.537079870700836
kor,2004,0.52906084060669
kor,2005,0.538777351379395
kor,2006,0.547596454620361
kor,2007,0.53828501701355
kor,2008,0.537844598293304
kor,2009,0.529808759689331
kor,2010,0.513478875160217
kor,2011,0.519022107124329
kor,2012,0.520406246185303
kor,2013,0.521607935428619
kor,2014,0.528251647949219
kor,2015,0.529356598854065
kor,2016,0.52611917257309
kor,2017,0.521432936191559
kor,2018,0.528244853019714
kor,2019,0.543439209461212
kor,2020,0.548438251018524
kor,2021,0.538489878177643
kor,2022,0.545923173427582
kor,2023,0.545923173427582
kwt,1970,0.233743146061897
kwt,1971,0.233743146061897
kwt,1972,0.233743146061897
kwt,1973,0.233743146061897
kwt,1974,0.233743146061897
kwt,1975,0.233743146061897
kwt,1976,0.233743146061897
kwt,1977,0.233743146061897
kwt,1978,0.233743146061897
kwt,1979,0.233743146061897
kwt,1980,0.233743146061897
kwt,1981,0.233743146061897
kwt,1982,0.233743146061897
kwt,1983,0.233743146061897
kwt,1984,0.233743146061897
kwt,1985,0.233743146061897
kwt,1986,0.233743146061897
kwt,1987,0.233743146061897
kwt,1988,0.233743146061897
kwt,1989,0.233743146061897
kwt,1990,0.233743146061897
kwt,1991,0.233743146061897
kwt,1992,0.233743146061897
kwt,1993,0.233743146061897
kwt,1994,0.233743146061897
kwt,1995,0.233743146061897
kwt,1996,0.233743146061897
kwt,1997,0.233743146061897
kwt,1998,0.233743146061897
kwt,1999,0.233743146061897
kwt,2000,0.233743146061897
kwt,2001,0.233743146061897
kwt,2002,0.233743146061897
kwt,2003,0.233743146061897
kwt,2004,0.233743146061897
kwt,2005,0.230399131774902
kwt,2006,0.209404036402702
kwt,2007,0.220091551542282
kwt,2008,0.212122783064842
kwt,2009,0.225341379642487
kwt,2010,0.237416997551918
kwt,2011,0.245347037911415
kwt,2012,0.226588755846024
kwt,2013,0.241935655474663
kwt,2014,0.249492630362511
kwt,2015,0.249492630362511
kwt,2016,0.249492630362511
kwt,2017,0.249492630362511
kwt,2018,0.249492630362511
kwt,2019,0.249492630362511
kwt,2020,0.249492630362511
kwt,2021,0.249492630362511
kwt,2022,0.249492630362511
kwt,2023,0.249492630362511
lao,1980,0.420997589826584
lao,1981,0.420997589826584
lao,1982,0.420997589826584
lao,1983,0.420997589826584
lao,1984,0.420997589826584
lao,1985,0.420997589826584
lao,1986,0.420997589826584
lao,1987,0.420997589826584
lao,1988,0.420997589826584
lao,1989,0.420997589826584
lao,1990,0.420997589826584
lao,1991,0.420997589826584
lao,1992,0.420997589826584
lao,1993,0.420997589826584
lao,1994,0.420997589826584
lao,1995,0.420997589826584
lao,1996,0.420997589826584
lao,1997,0.420997589826584
lao,1998,0.420997589826584
lao,1999,0.420997589826584
lao,2000,0.420997589826584
lao,2001,0.420997589826584
lao,2002,0.420997589826584
lao,2003,0.412250399589539
lao,2004,0.407698571681976
lao,2005,0.397631108760834
lao,2006,0.397631108760834
lao,2007,0.397631108760834
lao,2008,0.397631108760834
lao,2009,0.397631108760834
lao,2010,0.397631108760834
lao,2011,0.397631108760834
lao,2012,0.397631108760834
lao,2013,0.397631108760834
lao,2014,0.397631108760834
lao,2015,0.397631108760834
lao,2016,0.397631108760834
lao,2017,0.397631108760834
lao,2018,0.397631108760834
lao,2019,0.397631108760834
lao,2020,0.397631108760834
lao,2021,0.397631108760834
lao,2022,0.397631108760834
lao,2023,0.397631108760834
lbn,1970,0.444517523050308
lbn,1971,0.444517523050308
lbn,1972,0.444517523050308
lbn,1973,0.444517523050308
lbn,1974,0.444517523050308
lbn,1975,0.444517523050308
lbn,1976,0.444517523050308
lbn,1977,0.444517523050308
lbn,1978,0.444517523050308
lbn,1979,0.444517523050308
lbn,1980,0.444517523050308
lbn,1981,0.444517523050308
lbn,1982,0.444517523050308
lbn,1983,0.444517523050308
lbn,1984,0.444517523050308
lbn,1985,0.444517523050308
lbn,1986,0.444517523050308
lbn,1987,0.444517523050308
lbn,1988,0.444517523050308
lbn,1989,0.444517523050308
lbn,1990,0.444517523050308
lbn,1991,0.444517523050308
lbn,1992,0.444517523050308
lbn,1993,0.444517523050308
lbn,1994,0.444517523050308
lbn,1995,0.444517523050308
lbn,1996,0.444517523050308
lbn,1997,0.444517523050308
lbn,1998,0.444517523050308
lbn,1999,0.444517523050308
lbn,2000,0.444517523050308
lbn,2001,0.444517523050308
lbn,2002,0.444517523050308
lbn,2003,0.444517523050308
lbn,2004,0.444517523050308
lbn,2005,0.444517523050308
lbn,2006,0.444517523050308
lbn,2007,0.444517523050308
lbn,2008,0.444517523050308
lbn,2009,0.444517523050308
lbn,2010,0.444517523050308
lbn,2011,0.444517523050308
lbn,2012,0.444517523050308
lbn,2013,0.444517523050308
lbn,2014,0.444517523050308
lbn,2015,0.444517523050308
lbn,2016,0.444517523050308
lbn,2017,0.444517523050308
lbn,2018,0.444517523050308
lbn,2019,0.444517523050308
lbn,2020,0.444517523050308
lbn,2021,0.444517523050308
lbn,2022,0.444517523050308
lbn,2023,0.444517523050308
lka,1950,0.383190482854843
lka,1951,0.383190482854843
lka,1952,0.383190482854843
lka,1953,0.383190482854843
lka,1954,0.383190482854843
lka,1955,0.383190482854843
lka,1956,0.383190482854843
lka,1957,0.383190482854843
lka,1958,0.383190482854843
lka,1959,0.383190482854843
lka,1960,0.383190482854843
lka,1961,0.383190482854843
lka,1962,0.383190482854843
lka,1963,0.383190482854843
lka,1964,0.383190482854843
lka,1965,0.383190482854843
lka,1966,0.383190482854843
lka,1967,0.383190482854843
lka,1968,0.383190482854843
lka,1969,0.383190482854843
lka,1970,0.383190482854843
lka,1971,0.383190482854843
lka,1972,0.383190482854843
lka,1973,0.383190482854843
lka,1974,0.383190482854843
lka,1975,0.383190482854843
lka,1976,0.383190482854843
lka,1977,0.383190482854843
lka,1978,0.383190482854843
lka,1979,0.383190482854843
lka,1980,0.383190482854843
lka,1981,0.383190482854843
lka,1982,0.383190482854843
lka,1983,0.383190482854843
lka,1984,0.365955621004105
lka,1985,0.387109756469727
lka,1986,0.403549909591675
lka,1987,0.407387733459473
lka,1988,0.395247459411621
lka,1989,0.389066606760025
lka,1990,0.385848671197891
lka,1991,0.397871196269989
lka,1992,0.384905159473419
lka,1993,0.375962883234024
lka,1994,0.385214447975159
lka,1995,0.371647506952286
lka,1996,0.377991825342178
lka,1997,0.379982858896256
lka,1998,0.387578696012497
lka,1999,0.387576043605804
lka,2000,0.38757598400116
lka,2001,0.387575805187225
lka,2002,0.387576401233673
lka,2003,0.456187874078751
lka,2004,0.456555902957916
lka,2005,0.456555843353272
lka,2006,0.456547141075134
lka,2007,0.45655569434166
lka,2008,0.456555902957916
lka,2009,0.45655483007431
lka,2010,0.456554621458054
lka,2011,0.447775363922119
lka,2012,0.442309856414795
lka,2013,0.449905246496201
lka,2014,0.453426361083984
lka,2015,0.459142357110977
lka,2016,0.455000221729279
lka,2017,0.431699603796005
lka,2018,0.446418911218643
lka,2019,0.459899485111237
lka,2020,0.48159858584404
lka,2021,0.45309254527092
lka,2022,0.431540757417679
lka,2023,0.380772799253464
lso,1970,0.721455216407776
lso,1971,0.721455216407776
lso,1972,0.721455216407776
lso,1973,0.721455216407776
lso,1974,0.721455216407776
lso,1975,0.721455216407776
lso,1976,0.721455216407776
lso,1977,0.721455216407776
lso,1978,0.721455216407776
lso,1979,0.721455216407776
lso,1980,0.721455216407776
lso,1981,0.721455216407776
lso,1982,0.721455216407776
lso,1983,0.721455216407776
lso,1984,0.721455216407776
lso,1985,0.721455216407776
lso,1986,0.721455216407776
lso,1987,0.721455216407776
lso,1988,0.721455216407776
lso,1989,0.721455216407776
lso,1990,0.721455216407776
lso,1991,0.721455216407776
lso,1992,0.721455216407776
lso,1993,0.721455216407776
lso,1994,0.721455216407776
lso,1995,0.721455216407776
lso,1996,0.721455216407776
lso,1997,0.717414677143097
lso,1998,0.712820470333099
lso,1999,0.707939982414246
lso,2000,0.693172097206116
lso,2001,0.651621043682098
lso,2002,0.623526155948639
lso,2003,0.641605079174042
lso,2004,0.639389097690582
lso,2005,0.608985006809235
lso,2006,0.56073808670044
lso,2007,0.544047892093658
lso,2008,0.537770748138428
lso,2009,0.591755449771881
lso,2010,0.613059043884277
lso,2011,0.596339285373688
lso,2012,0.623468041419983
lso,2013,0.661128878593445
lso,2014,0.661128878593445
lso,2015,0.661128878593445
lso,2016,0.661128878593445
lso,2017,0.661128878593445
lso,2018,0.661128878593445
lso,2019,0.661128878593445
lso,2020,0.661128878593445
lso,2021,0.661128878593445
lso,2022,0.661128878593445
lso,2023,0.661128878593445
ltu,1990,0.507342636585236
ltu,1991,0.507342636585236
ltu,1992,0.507342636585236
ltu,1993,0.507342636585236
ltu,1994,0.507342636585236
ltu,1995,0.507342636585236
ltu,1996,0.513635098934174
ltu,1997,0.532317578792572
ltu,1998,0.57062029838562
ltu,1999,0.587601959705353
ltu,2000,0.526659965515137
ltu,2001,0.49775043129921
ltu,2002,0.49779400229454
ltu,2003,0.494545727968216
ltu,2004,0.504281640052795
ltu,2005,0.508270740509033
ltu,2006,0.528496861457825
ltu,2007,0.519052803516388
ltu,2008,0.535319566726685
ltu,2009,0.536544024944305
ltu,2010,0.505165815353394
ltu,2011,0.479361414909363
ltu,2012,0.472665190696716
ltu,2013,0.475296944379807
ltu,2014,0.483830392360687
ltu,2015,0.508104801177979
ltu,2016,0.529246687889099
ltu,2017,0.529542982578278
ltu,2018,0.530662298202515
ltu,2019,0.548207700252533
ltu,2020,0.558141171932221
ltu,2021,0.564208507537842
ltu,2022,0.550656616687775
ltu,2023,0.570802509784699
lux,1950,0.477970361709595
lux,1951,0.477970361709595
lux,1952,0.477970361709595
lux,1953,0.477970361709595
lux,1954,0.477970361709595
lux,1955,0.477970361709595
lux,1956,0.477970361709595
lux,1957,0.477970361709595
lux,1958,0.477970361709595
lux,1959,0.477970361709595
lux,1960,0.477970361709595
lux,1961,0.477970361709595
lux,1962,0.477970361709595
lux,1963,0.477970361709595
lux,1964,0.477970361709595
lux,1965,0.477970361709595
lux,1966,0.477970361709595
lux,1967,0.477970361709595
lux,1968,0.477970361709595
lux,1969,0.477970361709595
lux,1970,0.477970361709595
lux,1971,0.528951704502106
lux,1972,0.524395763874054
lux,1973,0.502804040908814
lux,1974,0.519344806671143
lux,1975,0.610665857791901
lux,1976,0.58390748500824
lux,1977,0.61391007900238
lux,1978,0.597220778465271
lux,1979,0.608325362205505
lux,1980,0.637089967727661
lux,1981,0.639811158180237
lux,1982,0.561073780059815
lux,1983,0.529389500617981
lux,1984,0.53445303440094
lux,1985,0.511345207691193
lux,1986,0.514497876167297
lux,1987,0.537286341190338
lux,1988,0.52930474281311
lux,1989,0.54447728395462
lux,1990,0.55644291639328
lux,1991,0.555465638637543
lux,1992,0.569423854351044
lux,1993,0.583337247371674
lux,1994,0.534422874450684
lux,1995,0.525083065032959
lux,1996,0.518928587436676
lux,1997,0.505039036273956
lux,1998,0.510501384735107
lux,1999,0.487531334161758
lux,2000,0.479051202535629
lux,2001,0.496494919061661
lux,2002,0.503710746765137
lux,2003,0.491944491863251
lux,2004,0.485381007194519
lux,2005,0.478952050209045
lux,2006,0.445649921894074
lux,2007,0.435248970985413
lux,2008,0.43077626824379
lux,2009,0.45863288640976
lux,2010,0.432498008012772
lux,2011,0.448648124933243
lux,2012,0.440768718719482
lux,2013,0.436435163021088
lux,2014,0.434313207864761
lux,2015,0.420748859643936
lux,2016,0.421739995479584
lux,2017,0.442137807607651
lux,2018,0.46411868929863
lux,2019,0.471596986055374
lux,2020,0.473881989717484
lux,2021,0.452079743146896
lux,2022,0.460454404354095
lux,2023,0.498331904411316
lva,1990,0.508711993694305
lva,1991,0.508711993694305
lva,1992,0.508711993694305
lva,1993,0.508711993694305
lva,1994,0.508711993694305
lva,1995,0.553085625171661
lva,1996,0.596669495105743
lva,1997,0.547042429447174
lva,1998,0.531582236289978
lva,1999,0.526642143726349
lva,2000,0.526162803173065
lva,2001,0.510052740573883
lva,2002,0.489564955234528
lva,2003,0.500789284706116
lva,2004,0.501081645488739
lva,2005,0.52805495262146
lva,2006,0.54845130443573
lva,2007,0.573357701301575
lva,2008,0.603334128856659
lva,2009,0.575238347053528
lva,2010,0.538425922393799
lva,2011,0.529349505901337
lva,2012,0.51808375120163
lva,2013,0.530711114406586
lva,2014,0.547397375106812
lva,2015,0.567674219608307
lva,2016,0.582944810390472
lva,2017,0.591814398765564
lva,2018,0.606017112731934
lva,2019,0.619353294372559
lva,2020,0.625892877578735
lva,2021,0.583043575286865
lva,2022,0.60222327709198
lva,2023,0.622257053852081
mac,1980,0.35138213634491
mac,1981,0.35138213634491
mac,1982,0.35138213634491
mac,1983,0.35138213634491
mac,1984,0.35138213634491
mac,1985,0.35138213634491
mac,1986,0.35138213634491
mac,1987,0.35138213634491
mac,1988,0.35138213634491
mac,1989,0.35138213634491
mac,1990,0.35138213634491
mac,1991,0.35138213634491
mac,1992,0.35138213634491
mac,1993,0.35138213634491
mac,1994,0.35138213634491
mac,1995,0.35138213634491
mac,1996,0.35138213634491
mac,1997,0.362788140773773
mac,1998,0.38867598772049
mac,1999,0.399946242570877
mac,2000,0.394459784030914
mac,2001,0.40239828824997
mac,2002,0.394192755222321
mac,2003,0.374664485454559
mac,2004,0.352448791265488
mac,2005,0.371700614690781
mac,2006,0.385844975709915
mac,2007,0.422796040773392
mac,2008,0.434200376272202
mac,2009,0.421348422765732
mac,2010,0.366690367460251
mac,2011,0.342134803533554
mac,2012,0.338795244693756
mac,2013,0.322061330080032
mac,2014,0.322061330080032
mac,2015,0.322061330080032
mac,2016,0.322061330080032
mac,2017,0.322061330080032
mac,2018,0.322061330080032
mac,2019,0.322061330080032
mac,2020,0.322061330080032
mac,2021,0.322061330080032
mac,2022,0.322061330080032
mac,2023,0.322061330080032
mar,1950,0.523455262184143
mar,1951,0.523455262184143
mar,1952,0.523455262184143
mar,1953,0.523455262184143
mar,1954,0.523455262184143
mar,1955,0.523455262184143
mar,1956,0.523455262184143
mar,1957,0.523455262184143
mar,1958,0.523455262184143
mar,1959,0.523455262184143
mar,1960,0.523455262184143
mar,1961,0.523455262184143
mar,1962,0.523455262184143
mar,1963,0.523455262184143
mar,1964,0.523455262184143
mar,1965,0.523455262184143
mar,1966,0.523455262184143
mar,1967,0.523455262184143
mar,1968,0.523455262184143
mar,1969,0.523455262184143
mar,1970,0.523455262184143
mar,1971,0.523455262184143
mar,1972,0.523455262184143
mar,1973,0.523455262184143
mar,1974,0.523455262184143
mar,1975,0.523455262184143
mar,1976,0.523455262184143
mar,1977,0.523455262184143
mar,1978,0.523455262184143
mar,1979,0.523455262184143
mar,1980,0.523455262184143
mar,1981,0.523455262184143
mar,1982,0.523455262184143
mar,1983,0.523455262184143
mar,1984,0.523455262184143
mar,1985,0.523455262184143
mar,1986,0.523455262184143
mar,1987,0.523455262184143
mar,1988,0.523455262184143
mar,1989,0.523455262184143
mar,1990,0.523455262184143
mar,1991,0.523455262184143
mar,1992,0.523455262184143
mar,1993,0.523455262184143
mar,1994,0.523455262184143
mar,1995,0.523455262184143
mar,1996,0.523455262184143
mar,1997,0.523455262184143
mar,1998,0.523455262184143
mar,1999,0.510390877723694
mar,2000,0.500306904315949
mar,2001,0.521929681301117
mar,2002,0.520004987716675
mar,2003,0.517026305198669
mar,2004,0.511417508125305
mar,2005,0.507004499435425
mar,2006,0.514445185661316
mar,2007,0.492483854293823
mar,2008,0.487976133823395
mar,2009,0.510568380355835
mar,2010,0.501103937625885
mar,2011,0.50153374671936
mar,2012,0.499765813350678
mar,2013,0.507645547389984
mar,2014,0.498359203338623
mar,2015,0.503070712089539
mar,2016,0.492208629846573
mar,2017,0.494096487760544
mar,2018,0.492132723331451
mar,2019,0.489947557449341
mar,2020,0.487813830375671
mar,2021,0.489844441413879
mar,2022,0.464676827192307
mar,2023,0.464676827192307
mda,1990,0.539682567119598
mda,1991,0.641106009483337
mda,1992,0.607072055339813
mda,1993,0.387967169284821
mda,1994,0.507122099399567
mda,1995,0.506416916847229
mda,1996,0.663595795631409
mda,1997,0.652397930622101
mda,1998,0.661945462226868
mda,1999,0.491943687200546
mda,2000,0.516666054725647
mda,2001,0.551081597805023
mda,2002,0.60535854101181
mda,2003,0.654154241085053
mda,2004,0.619945228099823
mda,2005,0.626280963420868
mda,2006,0.628095149993897
mda,2007,0.601201415061951
mda,2008,0.642465591430664
mda,2009,0.673235058784485
mda,2010,0.627472579479218
mda,2011,0.600596129894257
mda,2012,0.629800736904144
mda,2013,0.599867343902588
mda,2014,0.571332216262817
mda,2015,0.579700767993927
mda,2016,0.560761332511902
mda,2017,0.458467543125153
mda,2018,0.532442152500153
mda,2019,0.51309597492218
mda,2020,0.51309597492218
mda,2021,0.51309597492218
mda,2022,0.51309597492218
mda,2023,0.51309597492218
mex,1950,0.395217776298523
mex,1951,0.395217776298523
mex,1952,0.395217776298523
mex,1953,0.395217776298523
mex,1954,0.395217776298523
mex,1955,0.395217776298523
mex,1956,0.395217776298523
mex,1957,0.395217776298523
mex,1958,0.395217776298523
mex,1959,0.395217776298523
mex,1960,0.395217776298523
mex,1961,0.395217776298523
mex,1962,0.395217776298523
mex,1963,0.395217776298523
mex,1964,0.395217776298523
mex,1965,0.395217776298523
mex,1966,0.395217776298523
mex,1967,0.395217776298523
mex,1968,0.395217776298523
mex,1969,0.395217776298523
mex,1970,0.395217776298523
mex,1971,0.395217776298523
mex,1972,0.395217776298523
mex,1973,0.395217776298523
mex,1974,0.395217776298523
mex,1975,0.395217776298523
mex,1976,0.395217776298523
mex,1977,0.395217776298523
mex,1978,0.395217776298523
mex,1979,0.395217776298523
mex,1980,0.395217776298523
mex,1981,0.395217776298523
mex,1982,0.395217776298523
mex,1983,0.395217776298523
mex,1984,0.395217776298523
mex,1985,0.395217776298523
mex,1986,0.395217776298523
mex,1987,0.395217776298523
mex,1988,0.395217776298523
mex,1989,0.395217776298523
mex,1990,0.395217776298523
mex,1991,0.395217776298523
mex,1992,0.395217776298523
mex,1993,0.395217776298523
mex,1994,0.400211781263351
mex,1995,0.347899556159973
mex,1996,0.322155565023422
mex,1997,0.332725346088409
mex,1998,0.34038245677948
mex,1999,0.347088217735291
mex,2000,0.358220428228378
mex,2001,0.374038606882095
mex,2002,0.366966277360916
mex,2003,0.362846523523331
mex,2004,0.345541328191757
mex,2005,0.343340754508972
mex,2006,0.333531588315964
mex,2007,0.331955283880234
mex,2008,0.32946452498436
mex,2009,0.358776718378067
mex,2010,0.350631505250931
mex,2011,0.340907216072083
mex,2012,0.334162443876267
mex,2013,0.351232379674912
mex,2014,0.351327627897263
mex,2015,0.354617178440094
mex,2016,0.347369760274887
mex,2017,0.336444705724716
mex,2018,0.338178485631943
mex,2019,0.347723752260208
mex,2020,0.370297104120255
mex,2021,0.379223078489304
mex,2022,0.380911499261856
mex,2023,0.380911499261856
mkd,1990,0.832751929759979
mkd,1991,0.864417731761932
mkd,1992,0.723275482654572
mkd,1993,0.765317440032959
mkd,1994,0.710578441619873
mkd,1995,0.695628643035889
mkd,1996,0.695628643035889
mkd,1997,0.673497915267944
mkd,1998,0.683626353740692
mkd,1999,0.68162339925766
mkd,2000,0.629977345466614
mkd,2001,0.602066576480866
mkd,2002,0.613640546798706
mkd,2003,0.607197880744934
mkd,2004,0.574672222137451
mkd,2005,0.513160467147827
mkd,2006,0.508153378963471
mkd,2007,0.472658693790436
mkd,2008,0.523647964000702
mkd,2009,0.53555166721344
mkd,2010,0.532059133052826
mkd,2011,0.514320135116577
mkd,2012,0.509544193744659
mkd,2013,0.481408298015595
mkd,2014,0.502080202102661
mkd,2015,0.490457683801651
mkd,2016,0.497395694255829
mkd,2017,0.494711846113205
mkd,2018,0.496715426445007
mkd,2019,0.501377284526825
mkd,2020,0.524812817573547
mkd,2021,0.524812817573547
mkd,2022,0.524812817573547
mkd,2023,0.524812817573547
mlt,1954,0.633094072341919
mlt,1955,0.633094072341919
mlt,1956,0.633094072341919
mlt,1957,0.633094072341919
mlt,1958,0.633094072341919
mlt,1959,0.633094072341919
mlt,1960,0.633094072341919
mlt,1961,0.633094072341919
mlt,1962,0.633094072341919
mlt,1963,0.633094072341919
mlt,1964,0.633094072341919
mlt,1965,0.633094072341919
mlt,1966,0.633094072341919
mlt,1967,0.633094072341919
mlt,1968,0.633094072341919
mlt,1969,0.633094072341919
mlt,1970,0.633094072341919
mlt,1971,0.651269614696503
mlt,1972,0.625586092472076
mlt,1973,0.611287176609039
mlt,1974,0.605851113796234
mlt,1975,0.603521347045898
mlt,1976,0.581043124198914
mlt,1977,0.575993299484253
mlt,1978,0.584848642349243
mlt,1979,0.581634104251862
mlt,1980,0.579704642295837
mlt,1981,0.583544850349426
mlt,1982,0.608095467090607
mlt,1983,0.597248196601868
mlt,1984,0.578983724117279
mlt,1985,0.57959520816803
mlt,1986,0.56370484828949
mlt,1987,0.57596629858017
mlt,1988,0.558962106704712
mlt,1989,0.545230984687805
mlt,1990,0.553309917449951
mlt,1991,0.560775578022003
mlt,1992,0.560504853725433
mlt,1993,0.575188040733337
mlt,1994,0.561671376228333
mlt,1995,0.584236860275269
mlt,1996,0.590873658657074
mlt,1997,0.580442786216736
mlt,1998,0.56680303812027
mlt,1999,0.572837889194489
mlt,2000,0.552238762378693
mlt,2001,0.578760027885437
mlt,2002,0.567605197429657
mlt,2003,0.56374603509903
mlt,2004,0.564826667308807
mlt,2005,0.55599308013916
mlt,2006,0.559738099575043
mlt,2007,0.547443687915802
mlt,2008,0.536117136478424
mlt,2009,0.549424409866333
mlt,2010,0.527034401893616
mlt,2011,0.550461947917938
mlt,2012,0.53770923614502
mlt,2013,0.528630316257477
mlt,2014,0.51137775182724
mlt,2015,0.489420205354691
mlt,2016,0.509243488311768
mlt,2017,0.476870387792587
mlt,2018,0.498698741197586
mlt,2019,0.514179289340973
mlt,2020,0.509093821048737
mlt,2021,0.476353943347931
mlt,2022,0.476132273674011
mlt,2023,0.459493517875671
mng,1980,0.372509449720383
mng,1981,0.372509449720383
mng,1982,0.372509449720383
mng,1983,0.372509449720383
mng,1984,0.372509449720383
mng,1985,0.372509449720383
mng,1986,0.372509449720383
mng,1987,0.372509449720383
mng,1988,0.372509449720383
mng,1989,0.372509449720383
mng,1990,0.372509449720383
mng,1991,0.372509449720383
mng,1992,0.372509449720383
mng,1993,0.372509449720383
mng,1994,0.372509449720383
mng,1995,0.372509449720383
mng,1996,0.364777743816376
mng,1997,0.304198712110519
mng,1998,0.414633363485336
mng,1999,0.387921869754791
mng,2000,0.409356266260147
mng,2001,0.374438047409058
mng,2002,0.378839999437332
mng,2003,0.384516656398773
mng,2004,0.343209266662598
mng,2005,0.373196005821228
mng,2006,0.316188991069794
mng,2007,0.339278042316437
mng,2008,0.403510004281998
mng,2009,0.436146259307861
mng,2010,0.363708943128586
mng,2011,0.387409299612045
mng,2012,0.408923596143723
mng,2013,0.427349120378494
mng,2014,0.417777478694916
mng,2015,0.437259525060654
mng,2016,0.437338709831238
mng,2017,0.406085252761841
mng,2018,0.40633225440979
mng,2019,0.398842662572861
mng,2020,0.442911446094513
mng,2021,0.400260716676712
mng,2022,0.405753165483475
mng,2023,0.405753165483475
moz,1960,0.432852417230606
moz,1961,0.432852417230606
moz,1962,0.432852417230606
moz,1963,0.432852417230606
moz,1964,0.432852417230606
moz,1965,0.432852417230606
moz,1966,0.432852417230606
moz,1967,0.432852417230606
moz,1968,0.432852417230606
moz,1969,0.432852417230606
moz,1970,0.432852417230606
moz,1971,0.432852417230606
moz,1972,0.432852417230606
moz,1973,0.432852417230606
moz,1974,0.432852417230606
moz,1975,0.432852417230606
moz,1976,0.432852417230606
moz,1977,0.432852417230606
moz,1978,0.432852417230606
moz,1979,0.432852417230606
moz,1980,0.432852417230606
moz,1981,0.432852417230606
moz,1982,0.432852417230606
moz,1983,0.432852417230606
moz,1984,0.432852417230606
moz,1985,0.432852417230606
moz,1986,0.432852417230606
moz,1987,0.432852417230606
moz,1988,0.432852417230606
moz,1989,0.432852417230606
moz,1990,0.432852417230606
moz,1991,0.432852417230606
moz,1992,0.432852417230606
moz,1993,0.432852417230606
moz,1994,0.432852417230606
moz,1995,0.432852417230606
moz,1996,0.432852417230606
moz,1997,0.44757017493248
moz,1998,0.426925748586655
moz,1999,0.466176867485046
moz,2000,0.433113068342209
moz,2001,0.513313710689545
moz,2002,0.539653122425079
moz,2003,0.539653122425079
moz,2004,0.539653122425079
moz,2005,0.539653122425079
moz,2006,0.539653122425079
moz,2007,0.539653122425079
moz,2008,0.539653122425079
moz,2009,0.539653122425079
moz,2010,0.539653122425079
moz,2011,0.539653122425079
moz,2012,0.539653122425079
moz,2013,0.539653122425079
moz,2014,0.539653122425079
moz,2015,0.539653122425079
moz,2016,0.539653122425079
moz,2017,0.539653122425079
moz,2018,0.539653122425079
moz,2019,0.539653122425079
moz,2020,0.539653122425079
moz,2021,0.539653122425079
moz,2022,0.539653122425079
moz,2023,0.539653122425079
mrt,1977,0.516631722450256
mrt,1978,0.516631722450256
mrt,1979,0.516631722450256
mrt,1980,0.516631722450256
mrt,1981,0.516631722450256
mrt,1982,0.516631722450256
mrt,1983,0.516631722450256
mrt,1984,0.516631722450256
mrt,1985,0.516631722450256
mrt,1986,0.516631722450256
mrt,1987,0.516631722450256
mrt,1988,0.516631722450256
mrt,1989,0.516631722450256
mrt,1990,0.516631722450256
mrt,1991,0.516631722450256
mrt,1992,0.516631722450256
mrt,1993,0.516631722450256
mrt,1994,0.516631722450256
mrt,1995,0.516631722450256
mrt,1996,0.516631722450256
mrt,1997,0.516631722450256
mrt,1998,0.516631722450256
mrt,1999,0.516631722450256
mrt,2000,0.516631722450256
mrt,2001,0.516631722450256
mrt,2002,0.503875851631165
mrt,2003,0.491120040416718
mrt,2004,0.478364199399948
mrt,2005,0.465608358383179
mrt,2006,0.404089570045471
mrt,2007,0.404089570045471
mrt,2008,0.404089570045471
mrt,2009,0.404089570045471
mrt,2010,0.404089570045471
mrt,2011,0.404089570045471
mrt,2012,0.404089570045471
mrt,2013,0.404089570045471
mrt,2014,0.404089570045471
mrt,2015,0.404089570045471
mrt,2016,0.404089570045471
mrt,2017,0.404089570045471
mrt,2018,0.404089570045471
mrt,2019,0.404089570045471
mrt,2020,0.404089570045471
mrt,2021,0.404089570045471
mrt,2022,0.404089570045471
mrt,2023,0.404089570045471
mus,1950,0.505826890468597
mus,1951,0.505826890468597
mus,1952,0.505826890468597
mus,1953,0.505826890468597
mus,1954,0.505826890468597
mus,1955,0.505826890468597
mus,1956,0.505826890468597
mus,1957,0.505826890468597
mus,1958,0.505826890468597
mus,1959,0.505826890468597
mus,1960,0.505826890468597
mus,1961,0.505826890468597
mus,1962,0.505826890468597
mus,1963,0.505826890468597
mus,1964,0.505826890468597
mus,1965,0.505826890468597
mus,1966,0.505826890468597
mus,1967,0.505826890468597
mus,1968,0.505826890468597
mus,1969,0.505826890468597
mus,1970,0.505826890468597
mus,1971,0.505826890468597
mus,1972,0.505826890468597
mus,1973,0.505826890468597
mus,1974,0.505826890468597
mus,1975,0.505826890468597
mus,1976,0.505826890468597
mus,1977,0.505826890468597
mus,1978,0.505826890468597
mus,1979,0.505826890468597
mus,1980,0.505826890468597
mus,1981,0.505826890468597
mus,1982,0.505826890468597
mus,1983,0.505826890468597
mus,1984,0.505826890468597
mus,1985,0.505826890468597
mus,1986,0.505826890468597
mus,1987,0.505826890468597
mus,1988,0.505826890468597
mus,1989,0.505826890468597
mus,1990,0.505826890468597
mus,1991,0.516390204429627
mus,1992,0.526953518390656
mus,1993,0.537516832351685
mus,1994,0.548080146312714
mus,1995,0.549980401992798
mus,1996,0.543856143951416
mus,1997,0.528053104877472
mus,1998,0.512632966041565
mus,1999,0.487051904201508
mus,2000,0.482990920543671
mus,2001,0.474899590015411
mus,2002,0.466506779193878
mus,2003,0.459957182407379
mus,2004,0.454597890377045
mus,2005,0.443956673145294
mus,2006,0.43162813782692
mus,2007,0.425263017416
mus,2008,0.425918161869049
mus,2009,0.426562815904617
mus,2010,0.42613610625267
mus,2011,0.43573060631752
mus,2012,0.44532510638237
mus,2013,0.45491960644722
mus,2014,0.435999870300293
mus,2015,0.435863614082336
mus,2016,0.43847331404686
mus,2017,0.437632948160172
mus,2018,0.43390953540802
mus,2019,0.437303125858307
mus,2020,0.465411365032196
mus,2021,0.475061416625977
mus,2022,0.459867179393768
mus,2023,0.456134647130966
mys,1955,0.304948508739471
mys,1956,0.304948508739471
mys,1957,0.304948508739471
mys,1958,0.304948508739471
mys,1959,0.304948508739471
mys,1960,0.304948508739471
mys,1961,0.304948508739471
mys,1962,0.304948508739471
mys,1963,0.304948508739471
mys,1964,0.304948508739471
mys,1965,0.304948508739471
mys,1966,0.304948508739471
mys,1967,0.304948508739471
mys,1968,0.304948508739471
mys,1969,0.304948508739471
mys,1970,0.304948508739471
mys,1971,0.304948508739471
mys,1972,0.304948508739471
mys,1973,0.304948508739471
mys,1974,0.304948508739471
mys,1975,0.304948508739471
mys,1976,0.304948508739471
mys,1977,0.304948508739471
mys,1978,0.304948508739471
mys,1979,0.304948508739471
mys,1980,0.304948508739471
mys,1981,0.304948508739471
mys,1982,0.304948508739471
mys,1983,0.304948508739471
mys,1984,0.304948508739471
mys,1985,0.304948508739471
mys,1986,0.304948508739471
mys,1987,0.304948508739471
mys,1988,0.304948508739471
mys,1989,0.304948508739471
mys,1990,0.304948508739471
mys,1991,0.304948508739471
mys,1992,0.304948508739471
mys,1993,0.304948508739471
mys,1994,0.304948508739471
mys,1995,0.304948508739471
mys,1996,0.304948508739471
mys,1997,0.304948508739471
mys,1998,0.304948508739471
mys,1999,0.304948508739471
mys,2000,0.304948508739471
mys,2001,0.304948508739471
mys,2002,0.304948508739471
mys,2003,0.304948508739471
mys,2004,0.304948508739471
mys,2005,0.304948508739471
mys,2006,0.304948508739471
mys,2007,0.319199949502945
mys,2008,0.345655739307404
mys,2009,0.3609559237957
mys,2010,0.354231834411621
mys,2011,0.357124626636505
mys,2012,0.367091625928879
mys,2013,0.375289112329483
mys,2014,0.38044336438179
mys,2015,0.396719485521317
mys,2016,0.396719485521317
mys,2017,0.396719485521317
mys,2018,0.396719485521317
mys,2019,0.396719485521317
mys,2020,0.396719485521317
mys,2021,0.396719485521317
mys,2022,0.396719485521317
mys,2023,0.396719485521317
nam,1960,0.60167121887207
nam,1961,0.60167121887207
nam,1962,0.60167121887207
nam,1963,0.60167121887207
nam,1964,0.60167121887207
nam,1965,0.60167121887207
nam,1966,0.60167121887207
nam,1967,0.60167121887207
nam,1968,0.60167121887207
nam,1969,0.60167121887207
nam,1970,0.60167121887207
nam,1971,0.60167121887207
nam,1972,0.60167121887207
nam,1973,0.60167121887207
nam,1974,0.60167121887207
nam,1975,0.60167121887207
nam,1976,0.60167121887207
nam,1977,0.60167121887207
nam,1978,0.60167121887207
nam,1979,0.60167121887207
nam,1980,0.60167121887207
nam,1981,0.60167121887207
nam,1982,0.60167121887207
nam,1983,0.60167121887207
nam,1984,0.60167121887207
nam,1985,0.60167121887207
nam,1986,0.60167121887207
nam,1987,0.60167121887207
nam,1988,0.60167121887207
nam,1989,0.60167121887207
nam,1990,0.648393571376801
nam,1991,0.682263016700745
nam,1992,0.668066263198853
nam,1993,0.669799387454987
nam,1994,0.65765780210495
nam,1995,0.676896750926971
nam,1996,0.667865693569183
nam,1997,0.657519578933716
nam,1998,0.65675812959671
nam,1999,0.649691998958588
nam,2000,0.65159398317337
nam,2001,0.620633661746979
nam,2002,0.606701791286469
nam,2003,0.622795403003693
nam,2004,0.60511314868927
nam,2005,0.605224132537842
nam,2006,0.56367552280426
nam,2007,0.547004282474518
nam,2008,0.544036626815796
nam,2009,0.568658769130707
nam,2010,0.573339104652405
nam,2011,0.574944257736206
nam,2012,0.571824848651886
nam,2013,0.57130378484726
nam,2014,0.564188361167908
nam,2015,0.544311285018921
nam,2016,0.5565025806427
nam,2017,0.559676349163055
nam,2018,0.562715530395508
nam,2019,0.560979843139648
nam,2020,0.587332963943481
nam,2021,0.582130134105682
nam,2022,0.55303567647934
nam,2023,0.529053270816803
ner,1960,0.503531992435455
ner,1961,0.503531992435455
ner,1962,0.503531992435455
ner,1963,0.503531992435455
ner,1964,0.503531992435455
ner,1965,0.503531992435455
ner,1966,0.503531992435455
ner,1967,0.503531992435455
ner,1968,0.503531992435455
ner,1969,0.503531992435455
ner,1970,0.503531992435455
ner,1971,0.503531992435455
ner,1972,0.503531992435455
ner,1973,0.503531992435455
ner,1974,0.503531992435455
ner,1975,0.503531992435455
ner,1976,0.503531992435455
ner,1977,0.503531992435455
ner,1978,0.503531992435455
ner,1979,0.503531992435455
ner,1980,0.503531992435455
ner,1981,0.503531992435455
ner,1982,0.503531992435455
ner,1983,0.503531992435455
ner,1984,0.503531992435455
ner,1985,0.503531992435455
ner,1986,0.503531992435455
ner,1987,0.503531992435455
ner,1988,0.503531992435455
ner,1989,0.503531992435455
ner,1990,0.503531992435455
ner,1991,0.503531992435455
ner,1992,0.503531992435455
ner,1993,0.503531992435455
ner,1994,0.503531992435455
ner,1995,0.503531992435455
ner,1996,0.477733701467514
ner,1997,0.464074373245239
ner,1998,0.517171144485474
ner,1999,0.525533080101013
ner,2000,0.520049393177033
ner,2001,0.500644683837891
ner,2002,0.509356737136841
ner,2003,0.514048755168915
ner,2004,0.550370275974274
ner,2005,0.555295765399933
ner,2006,0.563412070274353
ner,2007,0.502898573875427
ner,2008,0.47308087348938
ner,2009,0.454860389232636
ner,2010,0.41128334403038
ner,2011,0.422074347734451
ner,2012,0.354613810777664
ner,2013,0.370703786611557
ner,2014,0.385135799646378
ner,2015,0.386958777904511
ner,2016,0.392389416694641
ner,2017,0.385907202959061
ner,2018,0.406280755996704
ner,2019,0.390887498855591
ner,2020,0.390887498855591
ner,2021,0.390887498855591
ner,2022,0.390887498855591
ner,2023,0.390887498855591
nga,1950,0.330366373062134
nga,1951,0.330366373062134
nga,1952,0.330366373062134
nga,1953,0.330366373062134
nga,1954,0.330366373062134
nga,1955,0.330366373062134
nga,1956,0.330366373062134
nga,1957,0.330366373062134
nga,1958,0.330366373062134
nga,1959,0.330366373062134
nga,1960,0.330366373062134
nga,1961,0.330366373062134
nga,1962,0.330366373062134
nga,1963,0.330366373062134
nga,1964,0.330366373062134
nga,1965,0.330366373062134
nga,1966,0.330366373062134
nga,1967,0.330366373062134
nga,1968,0.330366373062134
nga,1969,0.330366373062134
nga,1970,0.330366373062134
nga,1971,0.330366373062134
nga,1972,0.330366373062134
nga,1973,0.330366373062134
nga,1974,0.330366373062134
nga,1975,0.330366373062134
nga,1976,0.330366373062134
nga,1977,0.330366373062134
nga,1978,0.330366373062134
nga,1979,0.330366373062134
nga,1980,0.330366373062134
nga,1981,0.330366373062134
nga,1982,0.350320309400558
nga,1983,0.354381233453751
nga,1984,0.348507076501846
nga,1985,0.359948813915253
nga,1986,0.355430662631989
nga,1987,0.302893102169037
nga,1988,0.328555524349213
nga,1989,0.271004796028137
nga,1990,0.265647649765015
nga,1991,0.274024903774262
nga,1992,0.240911990404129
nga,1993,0.295868217945099
nga,1994,0.347849130630493
nga,1995,0.299875468015671
nga,1996,0.28987792134285
nga,1997,0.309664756059647
nga,1998,0.327269047498703
nga,1999,0.30562499165535
nga,2000,0.256891041994095
nga,2001,0.301581144332886
nga,2002,0.412783205509186
nga,2003,0.376655161380768
nga,2004,0.380601465702057
nga,2005,0.316468000411987
nga,2006,0.338229209184647
nga,2007,0.304567068815231
nga,2008,0.292958676815033
nga,2009,0.31155726313591
nga,2010,0.31155726313591
nga,2011,0.31155726313591
nga,2012,0.31155726313591
nga,2013,0.31155726313591
nga,2014,0.31155726313591
nga,2015,0.31155726313591
nga,2016,0.31155726313591
nga,2017,0.31155726313591
nga,2018,0.31155726313591
nga,2019,0.31155726313591
nga,2020,0.31155726313591
nga,2021,0.31155726313591
nga,2022,0.31155726313591
nga,2023,0.31155726313591
nic,1980,0.541500866413117
nic,1981,0.541500866413117
nic,1982,0.541500866413117
nic,1983,0.541500866413117
nic,1984,0.541500866413117
nic,1985,0.541500866413117
nic,1986,0.541500866413117
nic,1987,0.541500866413117
nic,1988,0.541500866413117
nic,1989,0.541500866413117
nic,1990,0.541500866413117
nic,1991,0.541500866413117
nic,1992,0.541500866413117
nic,1993,0.541500866413117
nic,1994,0.541500866413117
nic,1995,0.541500866413117
nic,1996,0.541500866413117
nic,1997,0.541500866413117
nic,1998,0.541500866413117
nic,1999,0.541500866413117
nic,2000,0.541500866413117
nic,2001,0.541500866413117
nic,2002,0.541500866413117
nic,2003,0.541500866413117
nic,2004,0.541500866413117
nic,2005,0.541500866413117
nic,2006,0.541500866413117
nic,2007,0.545193076133728
nic,2008,0.553294658660889
nic,2009,0.544406771659851
nic,2010,0.545124053955078
nic,2011,0.553049087524414
nic,2012,0.552849113941193
nic,2013,0.557156264781952
nic,2014,0.552623808383942
nic,2015,0.537252008914948
nic,2016,0.527734279632568
nic,2017,0.521540224552155
nic,2018,0.520059883594513
nic,2019,0.520103871822357
nic,2020,0.520103871822357
nic,2021,0.520103871822357
nic,2022,0.520103871822357
nic,2023,0.520103871822357
nld,1950,0.694092690944672
nld,1951,0.694092690944672
nld,1952,0.694092690944672
nld,1953,0.694092690944672
nld,1954,0.694092690944672
nld,1955,0.694092690944672
nld,1956,0.694092690944672
nld,1957,0.694092690944672
nld,1958,0.694092690944672
nld,1959,0.694092690944672
nld,1960,0.694092690944672
nld,1961,0.694092690944672
nld,1962,0.694092690944672
nld,1963,0.694092690944672
nld,1964,0.694092690944672
nld,1965,0.694092690944672
nld,1966,0.694092690944672
nld,1967,0.694092690944672
nld,1968,0.694092690944672
nld,1969,0.694092690944672
nld,1970,0.694092690944672
nld,1971,0.704603254795075
nld,1972,0.697512805461884
nld,1973,0.705874025821686
nld,1974,0.716049909591675
nld,1975,0.730640828609467
nld,1976,0.717718839645386
nld,1977,0.720393061637878
nld,1978,0.721791684627533
nld,1979,0.724780917167664
nld,1980,0.721065640449524
nld,1981,0.703990161418915
nld,1982,0.696924924850464
nld,1983,0.683002531528473
nld,1984,0.664769649505615
nld,1985,0.663696229457855
nld,1986,0.671844661235809
nld,1987,0.688189208507538
nld,1988,0.678829073905945
nld,1989,0.660424649715424
nld,1990,0.647634327411652
nld,1991,0.651291906833649
nld,1992,0.6639204621315
nld,1993,0.664845585823059
nld,1994,0.649176239967346
nld,1995,0.618343114852905
nld,1996,0.614865362644196
nld,1997,0.606798827648163
nld,1998,0.606263518333435
nld,1999,0.616125524044037
nld,2000,0.617710709571838
nld,2001,0.615560829639435
nld,2002,0.61729109287262
nld,2003,0.618026793003082
nld,2004,0.605542302131653
nld,2005,0.592363595962524
nld,2006,0.576524674892426
nld,2007,0.569853186607361
nld,2008,0.574468851089478
nld,2009,0.599534869194031
nld,2010,0.588352978229523
nld,2011,0.590582966804504
nld,2012,0.596060037612915
nld,2013,0.594405710697174
nld,2014,0.595055520534515
nld,2015,0.581183791160584
nld,2016,0.589497625827789
nld,2017,0.584768772125244
nld,2018,0.588407278060913
nld,2019,0.58988344669342
nld,2020,0.601096093654633
nld,2021,0.579149842262268
nld,2022,0.55827134847641
nld,2023,0.558655858039856
nor,1950,0.52678644657135
nor,1951,0.52678644657135
nor,1952,0.52678644657135
nor,1953,0.52678644657135
nor,1954,0.52678644657135
nor,1955,0.52678644657135
nor,1956,0.52678644657135
nor,1957,0.52678644657135
nor,1958,0.52678644657135
nor,1959,0.52678644657135
nor,1960,0.52678644657135
nor,1961,0.52678644657135
nor,1962,0.52678644657135
nor,1963,0.52678644657135
nor,1964,0.52678644657135
nor,1965,0.52678644657135
nor,1966,0.52678644657135
nor,1967,0.52678644657135
nor,1968,0.52678644657135
nor,1969,0.52678644657135
nor,1970,0.52678644657135
nor,1971,0.553438603878021
nor,1972,0.564260601997376
nor,1973,0.559569776058197
nor,1974,0.55877697467804
nor,1975,0.585350155830383
nor,1976,0.592910051345825
nor,1977,0.603082895278931
nor,1978,0.585605025291443
nor,1979,0.553986310958862
nor,1980,0.521805047988892
nor,1981,0.517149031162262
nor,1982,0.518784582614899
nor,1983,0.509159028530121
nor,1984,0.492939382791519
nor,1985,0.498832195997238
nor,1986,0.556280732154846
nor,1987,0.571525752544403
nor,1988,0.574796438217163
nor,1989,0.537759721279144
nor,1990,0.523353219032288
nor,1991,0.526830613613129
nor,1992,0.534791886806488
nor,1993,0.52367502450943
nor,1994,0.528036892414093
nor,1995,0.525537550449371
nor,1996,0.514256119728088
nor,1997,0.517339587211609
nor,1998,0.560084342956543
nor,1999,0.547947287559509
nor,2000,0.477619081735611
nor,2001,0.487938463687897
nor,2002,0.514778137207031
nor,2003,0.504969477653503
nor,2004,0.479922860860825
nor,2005,0.454549521207809
nor,2006,0.445553749799728
nor,2007,0.467294871807098
nor,2008,0.454235196113586
nor,2009,0.506978869438171
nor,2010,0.49056750535965
nor,2011,0.482362419366837
nor,2012,0.484118640422821
nor,2013,0.494594097137451
nor,2014,0.505017340183258
nor,2015,0.528698265552521
nor,2016,0.544545829296112
nor,2017,0.526189684867859
nor,2018,0.511711835861206
nor,2019,0.538693726062775
nor,2020,0.561712980270386
nor,2021,0.484145492315292
nor,2022,0.384227871894836
nor,2023,0.384227871894836
nzl,1950,0.628498494625092
nzl,1951,0.628498494625092
nzl,1952,0.628498494625092
nzl,1953,0.628498494625092
nzl,1954,0.628498494625092
nzl,1955,0.628498494625092
nzl,1956,0.628498494625092
nzl,1957,0.628498494625092
nzl,1958,0.628498494625092
nzl,1959,0.628498494625092
nzl,1960,0.628498494625092
nzl,1961,0.628498494625092
nzl,1962,0.628498494625092
nzl,1963,0.628498494625092
nzl,1964,0.628498494625092
nzl,1965,0.628498494625092
nzl,1966,0.628498494625092
nzl,1967,0.628498494625092
nzl,1968,0.628498494625092
nzl,1969,0.628498494625092
nzl,1970,0.628498494625092
nzl,1971,0.628498494625092
nzl,1972,0.628498494625092
nzl,1973,0.628498494625092
nzl,1974,0.628498494625092
nzl,1975,0.628498494625092
nzl,1976,0.628498494625092
nzl,1977,0.628498494625092
nzl,1978,0.628498494625092
nzl,1979,0.628498494625092
nzl,1980,0.628498494625092
nzl,1981,0.628498494625092
nzl,1982,0.628498494625092
nzl,1983,0.593448400497437
nzl,1984,0.590669274330139
nzl,1985,0.589950144290924
nzl,1986,0.585332036018372
nzl,1987,0.599475860595703
nzl,1988,0.585813462734222
nzl,1989,0.582664728164673
nzl,1990,0.56752222776413
nzl,1991,0.571379601955414
nzl,1992,0.562079012393951
nzl,1993,0.551553726196289
nzl,1994,0.540818154811859
nzl,1995,0.538782775402069
nzl,1996,0.545571148395538
nzl,1997,0.543224334716797
nzl,1998,0.5421102643013
nzl,1999,0.528931260108948
nzl,2000,0.539823532104492
nzl,2001,0.54116415977478
nzl,2002,0.527591943740845
nzl,2003,0.52950119972229
nzl,2004,0.531800091266632
nzl,2005,0.535917639732361
nzl,2006,0.547533452510834
nzl,2007,0.556947708129883
nzl,2008,0.563100755214691
nzl,2009,0.56267124414444
nzl,2010,0.568903565406799
nzl,2011,0.565270304679871
nzl,2012,0.562921822071075
nzl,2013,0.563517093658447
nzl,2014,0.546429812908173
nzl,2015,0.544618427753449
nzl,2016,0.552447855472565
nzl,2017,0.550411283969879
nzl,2018,0.552992343902588
nzl,2019,0.552218377590179
nzl,2020,0.548028647899628
nzl,2021,0.554435253143311
nzl,2022,0.554435253143311
nzl,2023,0.554435253143311
omn,1970,0.346813708543777
omn,1971,0.346813708543777
omn,1972,0.346813708543777
omn,1973,0.346813708543777
omn,1974,0.346813708543777
omn,1975,0.346813708543777
omn,1976,0.346813708543777
omn,1977,0.346813708543777
omn,1978,0.346813708543777
omn,1979,0.346813708543777
omn,1980,0.346813708543777
omn,1981,0.346813708543777
omn,1982,0.346813708543777
omn,1983,0.346813708543777
omn,1984,0.346813708543777
omn,1985,0.346813708543777
omn,1986,0.346813708543777
omn,1987,0.346813708543777
omn,1988,0.346813708543777
omn,1989,0.346813708543777
omn,1990,0.346813708543777
omn,1991,0.346813708543777
omn,1992,0.357214748859406
omn,1993,0.373458445072174
omn,1994,0.36954191327095
omn,1995,0.360639095306397
omn,1996,0.33826732635498
omn,1997,0.335113018751144
omn,1998,0.386299818754196
omn,1999,0.352671444416046
omn,2000,0.305638074874878
omn,2001,0.312865972518921
omn,2002,0.314945846796036
omn,2003,0.321817934513092
omn,2004,0.310282409191132
omn,2005,0.277813911437988
omn,2006,0.262783795595169
omn,2007,0.276976346969605
omn,2008,0.227644249796867
omn,2009,0.30266872048378
omn,2010,0.30266872048378
omn,2011,0.30266872048378
omn,2012,0.30266872048378
omn,2013,0.30266872048378
omn,2014,0.30266872048378
omn,2015,0.30266872048378
omn,2016,0.30266872048378
omn,2017,0.30266872048378
omn,2018,0.30266872048378
omn,2019,0.30266872048378
omn,2020,0.30266872048378
omn,2021,0.30266872048378
omn,2022,0.30266872048378
omn,2023,0.30266872048378
pan,1969,0.518643736839294
pan,1970,0.518643736839294
pan,1971,0.518643736839294
pan,1972,0.518643736839294
pan,1973,0.518643736839294
pan,1974,0.518643736839294
pan,1975,0.518643736839294
pan,1976,0.518643736839294
pan,1977,0.518643736839294
pan,1978,0.518643736839294
pan,1979,0.518643736839294
pan,1980,0.518643736839294
pan,1981,0.518643736839294
pan,1982,0.518643736839294
pan,1983,0.518643736839294
pan,1984,0.518643736839294
pan,1985,0.518643736839294
pan,1986,0.518643736839294
pan,1987,0.518643736839294
pan,1988,0.518643736839294
pan,1989,0.518643736839294
pan,1990,0.485133498907089
pan,1991,0.476999968290329
pan,1992,0.446531027555466
pan,1993,0.433412671089172
pan,1994,0.430160522460938
pan,1995,0.430451452732086
pan,1996,0.452942430973053
pan,1997,0.451107323169708
pan,1998,0.458981722593308
pan,1999,0.457346379756928
pan,2000,0.470957726240158
pan,2001,0.457037836313248
pan,2002,0.446130394935608
pan,2003,0.439840883016586
pan,2004,0.437459528446198
pan,2005,0.420971095561981
pan,2006,0.417873710393906
pan,2007,0.416790395975113
pan,2008,0.387278854846954
pan,2009,0.368621945381165
pan,2010,0.366165488958359
pan,2011,0.345067173242569
pan,2012,0.334396243095398
pan,2013,0.320450663566589
pan,2014,0.310181111097336
pan,2015,0.313396751880646
pan,2016,0.315311253070831
pan,2017,0.32047176361084
pan,2018,0.32563242316246
pan,2019,0.334579050540924
pan,2020,0.314422607421875
pan,2021,0.328374564647675
pan,2022,0.328374564647675
pan,2023,0.328374564647675
per,1950,0.64063286781311
per,1951,0.64063286781311
per,1952,0.64063286781311
per,1953,0.64063286781311
per,1954,0.64063286781311
per,1955,0.64063286781311
per,1956,0.64063286781311
per,1957,0.64063286781311
per,1958,0.64063286781311
per,1959,0.64063286781311
per,1960,0.64063286781311
per,1961,0.64063286781311
per,1962,0.64063286781311
per,1963,0.64063286781311
per,1964,0.64063286781311
per,1965,0.64063286781311
per,1966,0.64063286781311
per,1967,0.64063286781311
per,1968,0.64063286781311
per,1969,0.64063286781311
per,1970,0.64063286781311
per,1971,0.654513239860535
per,1972,0.665787696838379
per,1973,0.671308219432831
per,1974,0.653425335884094
per,1975,0.656226754188538
per,1976,0.651792943477631
per,1977,0.655853986740112
per,1978,0.599507391452789
per,1979,0.557012856006622
per,1980,0.576253712177277
per,1981,0.586210250854492
per,1982,0.593905746936798
per,1983,0.605725646018982
per,1984,0.57659250497818
per,1985,0.54886394739151
per,1986,0.582287430763245
per,1987,0.604942619800568
per,1988,0.553624212741852
per,1989,0.55611789226532
per,1990,0.544607698917389
per,1991,0.50604921579361
per,1992,0.47275373339653
per,1993,0.458078026771545
per,1994,0.474910020828247
per,1995,0.476092338562012
per,1996,0.471714407205582
per,1997,0.463257879018784
per,1998,0.467853128910065
per,1999,0.470277935266495
per,2000,0.464019179344177
per,2001,0.471820145845413
per,2002,0.471100777387619
per,2003,0.47168892621994
per,2004,0.460426986217499
per,2005,0.449100285768509
per,2006,0.43485027551651
per,2007,0.430886119604111
per,2008,0.431643456220627
per,2009,0.450548380613327
per,2010,0.433591336011887
per,2011,0.4199578166008
per,2012,0.440781354904175
per,2013,0.44770160317421
per,2014,0.45765608549118
per,2015,0.460518926382065
per,2016,0.456231892108917
per,2017,0.448873430490494
per,2018,0.444472879171371
per,2019,0.454708963632584
per,2020,0.430932909250259
per,2021,0.390831530094147
per,2022,0.400533765554428
per,2023,0.400533765554428
phl,1950,0.440351277589798
phl,1951,0.440351277589798
phl,1952,0.440351277589798
phl,1953,0.440351277589798
phl,1954,0.440351277589798
phl,1955,0.440351277589798
phl,1956,0.440351277589798
phl,1957,0.440351277589798
phl,1958,0.440351277589798
phl,1959,0.440351277589798
phl,1960,0.440351277589798
phl,1961,0.440351277589798
phl,1962,0.440351277589798
phl,1963,0.440351277589798
phl,1964,0.440351277589798
phl,1965,0.440351277589798
phl,1966,0.440351277589798
phl,1967,0.440351277589798
phl,1968,0.440351277589798
phl,1969,0.440351277589798
phl,1970,0.440351277589798
phl,1971,0.440351277589798
phl,1972,0.440351277589798
phl,1973,0.440351277589798
phl,1974,0.440351277589798
phl,1975,0.440351277589798
phl,1976,0.440351277589798
phl,1977,0.440351277589798
phl,1978,0.440351277589798
phl,1979,0.440351277589798
phl,1980,0.440351277589798
phl,1981,0.440351277589798
phl,1982,0.440351277589798
phl,1983,0.440351277589798
phl,1984,0.440351277589798
phl,1985,0.440351277589798
phl,1986,0.440351277589798
phl,1987,0.440351277589798
phl,1988,0.440351277589798
phl,1989,0.440351277589798
phl,1990,0.440351277589798
phl,1991,0.440351277589798
phl,1992,0.440351277589798
phl,1993,0.441014289855957
phl,1994,0.445394337177277
phl,1995,0.442442655563355
phl,1996,0.439669728279114
phl,1997,0.436515301465988
phl,1998,0.429998457431793
phl,1999,0.423244476318359
phl,2000,0.39559268951416
phl,2001,0.384595632553101
phl,2002,0.382942080497742
phl,2003,0.376014053821564
phl,2004,0.416043430566788
phl,2005,0.412133067846298
phl,2006,0.41134774684906
phl,2007,0.4144566655159
phl,2008,0.423955678939819
phl,2009,0.416319936513901
phl,2010,0.458256602287293
phl,2011,0.469190448522568
phl,2012,0.460835039615631
phl,2013,0.451426237821579
phl,2014,0.449802279472351
phl,2015,0.438356876373291
phl,2016,0.440882593393326
phl,2017,0.440419465303421
phl,2018,0.441260159015656
phl,2019,0.432447373867035
phl,2020,0.449647128582001
phl,2021,0.467465728521347
phl,2022,0.459679156541824
phl,2023,0.449056535959244
pol,1970,0.542320549488068
pol,1971,0.542320549488068
pol,1972,0.542320549488068
pol,1973,0.542320549488068
pol,1974,0.542320549488068
pol,1975,0.542320549488068
pol,1976,0.542320549488068
pol,1977,0.542320549488068
pol,1978,0.542320549488068
pol,1979,0.542320549488068
pol,1980,0.542320549488068
pol,1981,0.542320549488068
pol,1982,0.542320549488068
pol,1983,0.542320549488068
pol,1984,0.542320549488068
pol,1985,0.542320549488068
pol,1986,0.542320549488068
pol,1987,0.542320549488068
pol,1988,0.542320549488068
pol,1989,0.542320549488068
pol,1990,0.542320549488068
pol,1991,0.542320549488068
pol,1992,0.608028173446655
pol,1993,0.602319121360779
pol,1994,0.642466843128204
pol,1995,0.637813746929169
pol,1996,0.654368221759796
pol,1997,0.65177321434021
pol,1998,0.660225808620453
pol,1999,0.650396287441254
pol,2000,0.635995924472809
pol,2001,0.660335123538971
pol,2002,0.635908722877502
pol,2003,0.612605273723602
pol,2004,0.580995261669159
pol,2005,0.578975558280945
pol,2006,0.576782464981079
pol,2007,0.581963241100311
pol,2008,0.594759464263916
pol,2009,0.569524228572846
pol,2010,0.58503657579422
pol,2011,0.569330334663391
pol,2012,0.57293051481247
pol,2013,0.571743190288544
pol,2014,0.575035214424133
pol,2015,0.563421607017517
pol,2016,0.58200067281723
pol,2017,0.588657975196838
pol,2018,0.595241248607636
pol,2019,0.588259398937225
pol,2020,0.586686670780182
pol,2021,0.569613397121429
pol,2022,0.541407823562622
pol,2023,0.547969162464142
prt,1950,0.700506508350372
prt,1951,0.700506508350372
prt,1952,0.700506508350372
prt,1953,0.700506508350372
prt,1954,0.700506508350372
prt,1955,0.700506508350372
prt,1956,0.700506508350372
prt,1957,0.700506508350372
prt,1958,0.700506508350372
prt,1959,0.700506508350372
prt,1960,0.700506508350372
prt,1961,0.700506508350372
prt,1962,0.700506508350372
prt,1963,0.700506508350372
prt,1964,0.700506508350372
prt,1965,0.700506508350372
prt,1966,0.700506508350372
prt,1967,0.700506508350372
prt,1968,0.700506508350372
prt,1969,0.700506508350372
prt,1970,0.700506508350372
prt,1971,0.700506508350372
prt,1972,0.700506508350372
prt,1973,0.700506508350372
prt,1974,0.700506508350372
prt,1975,0.700506508350372
prt,1976,0.700506508350372
prt,1977,0.700506508350372
prt,1978,0.667938888072968
prt,1979,0.657765567302704
prt,1980,0.657541036605835
prt,1981,0.668405294418335
prt,1982,0.657310485839844
prt,1983,0.646620690822601
prt,1984,0.632566928863525
prt,1985,0.615410327911377
prt,1986,0.631920278072357
prt,1987,0.630861580371857
prt,1988,0.62097430229187
prt,1989,0.619248926639557
prt,1990,0.628246426582336
prt,1991,0.64926016330719
prt,1992,0.664387345314026
prt,1993,0.658060133457184
prt,1994,0.644737362861633
prt,1995,0.63861757516861
prt,1996,0.649772465229034
prt,1997,0.646637439727783
prt,1998,0.649893820285797
prt,1999,0.646447062492371
prt,2000,0.650235891342163
prt,2001,0.652611017227173
prt,2002,0.652115106582642
prt,2003,0.64331042766571
prt,2004,0.644141435623169
prt,2005,0.650777578353882
prt,2006,0.639593720436096
prt,2007,0.621549248695374
prt,2008,0.626192092895508
prt,2009,0.622717261314392
prt,2010,0.617859661579132
prt,2011,0.608696281909943
prt,2012,0.590348720550537
prt,2013,0.586519181728363
prt,2014,0.58274906873703
prt,2015,0.581575036048889
prt,2016,0.577427625656128
prt,2017,0.583992302417755
prt,2018,0.595328569412231
prt,2019,0.601710617542267
prt,2020,0.622707962989807
prt,2021,0.624677002429962
prt,2022,0.612409949302673
prt,2023,0.617257416248322
pry,1951,0.465143918991089
pry,1952,0.465143918991089
pry,1953,0.465143918991089
pry,1954,0.465143918991089
pry,1955,0.465143918991089
pry,1956,0.465143918991089
pry,1957,0.465143918991089
pry,1958,0.465143918991089
pry,1959,0.465143918991089
pry,1960,0.465143918991089
pry,1961,0.465143918991089
pry,1962,0.465143918991089
pry,1963,0.465143918991089
pry,1964,0.465143918991089
pry,1965,0.465143918991089
pry,1966,0.465143918991089
pry,1967,0.465143918991089
pry,1968,0.465143918991089
pry,1969,0.465143918991089
pry,1970,0.465143918991089
pry,1971,0.465143918991089
pry,1972,0.465143918991089
pry,1973,0.465143918991089
pry,1974,0.465143918991089
pry,1975,0.465143918991089
pry,1976,0.465143918991089
pry,1977,0.465143918991089
pry,1978,0.465143918991089
pry,1979,0.465143918991089
pry,1980,0.465143918991089
pry,1981,0.465143918991089
pry,1982,0.465143918991089
pry,1983,0.465143918991089
pry,1984,0.465143918991089
pry,1985,0.465143918991089
pry,1986,0.465143918991089
pry,1987,0.465143918991089
pry,1988,0.465143918991089
pry,1989,0.465143918991089
pry,1990,0.465143918991089
pry,1991,0.465143918991089
pry,1992,0.465143918991089
pry,1993,0.465143918991089
pry,1994,0.465143918991089
pry,1995,0.472421675920486
pry,1996,0.487521708011627
pry,1997,0.516980767250061
pry,1998,0.502115607261658
pry,1999,0.504101455211639
pry,2000,0.515381693840027
pry,2001,0.47364804148674
pry,2002,0.450503528118134
pry,2003,0.437337338924408
pry,2004,0.435817450284958
pry,2005,0.436403721570969
pry,2006,0.44303560256958
pry,2007,0.447113394737244
pry,2008,0.436658203601837
pry,2009,0.419441372156143
pry,2010,0.448094606399536
pry,2011,0.46483439207077
pry,2012,0.454282164573669
pry,2013,0.475403249263763
pry,2014,0.467265903949738
pry,2015,0.446358203887939
pry,2016,0.453933537006378
pry,2017,0.442101001739502
pry,2018,0.450211465358734
pry,2019,0.453902155160904
pry,2020,0.465960443019867
pry,2021,0.454131364822388
pry,2022,0.444948136806488
pry,2023,0.444948136806488
qat,1970,0.32993346452713
qat,1971,0.32993346452713
qat,1972,0.32993346452713
qat,1973,0.32993346452713
qat,1974,0.32993346452713
qat,1975,0.32993346452713
qat,1976,0.32993346452713
qat,1977,0.32993346452713
qat,1978,0.32993346452713
qat,1979,0.32993346452713
qat,1980,0.32993346452713
qat,1981,0.32993346452713
qat,1982,0.32993346452713
qat,1983,0.32993346452713
qat,1984,0.32993346452713
qat,1985,0.32993346452713
qat,1986,0.32993346452713
qat,1987,0.32993346452713
qat,1988,0.32993346452713
qat,1989,0.32993346452713
qat,1990,0.32993346452713
qat,1991,0.32993346452713
qat,1992,0.32993346452713
qat,1993,0.32993346452713
qat,1994,0.32993346452713
qat,1995,0.32993346452713
qat,1996,0.32993346452713
qat,1997,0.32993346452713
qat,1998,0.311505138874054
qat,1999,0.2930768430233
qat,2000,0.215152755379677
qat,2001,0.234018266201019
qat,2002,0.230767726898193
qat,2003,0.206975683569908
qat,2004,0.200440749526024
qat,2005,0.172696158289909
qat,2006,0.184285178780556
qat,2007,0.180190682411194
qat,2008,0.15639965236187
qat,2009,0.187481507658958
qat,2010,0.184790760278702
qat,2011,0.150146394968033
qat,2012,0.160911306738853
qat,2013,0.176495671272278
qat,2014,0.176718503236771
qat,2015,0.176718503236771
qat,2016,0.176718503236771
qat,2017,0.176718503236771
qat,2018,0.176718503236771
qat,2019,0.176718503236771
qat,2020,0.176718503236771
qat,2021,0.176718503236771
qat,2022,0.176718503236771
qat,2023,0.176718503236771
rou,1960,0.637220442295075
rou,1961,0.637220442295075
rou,1962,0.637220442295075
rou,1963,0.637220442295075
rou,1964,0.637220442295075
rou,1965,0.637220442295075
rou,1966,0.637220442295075
rou,1967,0.637220442295075
rou,1968,0.637220442295075
rou,1969,0.637220442295075
rou,1970,0.637220442295075
rou,1971,0.637220442295075
rou,1972,0.637220442295075
rou,1973,0.637220442295075
rou,1974,0.637220442295075
rou,1975,0.637220442295075
rou,1976,0.637220442295075
rou,1977,0.637220442295075
rou,1978,0.637220442295075
rou,1979,0.637220442295075
rou,1980,0.637220442295075
rou,1981,0.637220442295075
rou,1982,0.637220442295075
rou,1983,0.637220442295075
rou,1984,0.637220442295075
rou,1985,0.637220442295075
rou,1986,0.637220442295075
rou,1987,0.637220442295075
rou,1988,0.637220442295075
rou,1989,0.637220442295075
rou,1990,0.673163652420044
rou,1991,0.572943329811096
rou,1992,0.520419418811798
rou,1993,0.485531210899353
rou,1994,0.44876965880394
rou,1995,0.460841834545136
rou,1996,0.460055738687515
rou,1997,0.405515253543854
rou,1998,0.50518673658371
rou,1999,0.467785686254501
rou,2000,0.52212780714035
rou,2001,0.546668589115143
rou,2002,0.526797950267792
rou,2003,0.521535754203796
rou,2004,0.500443518161774
rou,2005,0.536781907081604
rou,2006,0.526573896408081
rou,2007,0.468316346406937
rou,2008,0.498324930667877
rou,2009,0.447784125804901
rou,2010,0.456050753593445
rou,2011,0.438257724046707
rou,2012,0.425086289644241
rou,2013,0.456869691610336
rou,2014,0.45403191447258
rou,2015,0.452945619821548
rou,2016,0.491050720214844
rou,2017,0.502179741859436
rou,2018,0.506733953952789
rou,2019,0.512790441513062
rou,2020,0.518470585346222
rou,2021,0.496727555990219
rou,2022,0.48258501291275
rou,2023,0.499527931213379
rus,1990,0.523259580135346
rus,1991,0.442310392856598
rus,1992,0.337205678224564
rus,1993,0.460822433233261
rus,1994,0.503988206386566
rus,1995,0.483006149530411
rus,1996,0.550548374652863
rus,1997,0.555351972579956
rus,1998,0.519483923912048
rus,1999,0.435811400413513
rus,2000,0.442793875932694
rus,2001,0.483336329460144
rus,2002,0.519398927688599
rus,2003,0.503313422203064
rus,2004,0.494726479053497
rus,2005,0.486677974462509
rus,2006,0.497681856155396
rus,2007,0.515446364879608
rus,2008,0.525722205638886
rus,2009,0.575790941715241
rus,2010,0.535160779953003
rus,2011,0.547033846378326
rus,2012,0.550960004329681
rus,2013,0.57178795337677
rus,2014,0.58560311794281
rus,2015,0.575985252857208
rus,2016,0.578090786933899
rus,2017,0.572065055370331
rus,2018,0.537894904613495
rus,2019,0.529145956039429
rus,2020,0.529145956039429
rus,2021,0.529145956039429
rus,2022,0.529145956039429
rus,2023,0.529145956039429
rwa,1960,0.800919651985169
rwa,1961,0.800919651985169
rwa,1962,0.800919651985169
rwa,1963,0.800919651985169
rwa,1964,0.800919651985169
rwa,1965,0.800919651985169
rwa,1966,0.800919651985169
rwa,1967,0.800919651985169
rwa,1968,0.800919651985169
rwa,1969,0.800919651985169
rwa,1970,0.800919651985169
rwa,1971,0.800919651985169
rwa,1972,0.800919651985169
rwa,1973,0.800919651985169
rwa,1974,0.800919651985169
rwa,1975,0.800919651985169
rwa,1976,0.79982054233551
rwa,1977,0.775542318820953
rwa,1978,0.716733396053314
rwa,1979,0.794165134429932
rwa,1980,0.790910601615906
rwa,1981,0.798402547836304
rwa,1982,0.734284996986389
rwa,1983,0.695432424545288
rwa,1984,0.692861437797546
rwa,1985,0.753207564353943
rwa,1986,0.719487905502319
rwa,1987,0.790522575378418
rwa,1988,0.726969003677368
rwa,1989,0.741010069847107
rwa,1990,0.741010069847107
rwa,1991,0.741010069847107
rwa,1992,0.741010069847107
rwa,1993,0.741010069847107
rwa,1994,0.741010069847107
rwa,1995,0.741010069847107
rwa,1996,0.741010069847107
rwa,1997,0.741010069847107
rwa,1998,0.741010069847107
rwa,1999,0.741010069847107
rwa,2000,0.741010069847107
rwa,2001,0.741010069847107
rwa,2002,0.741010069847107
rwa,2003,0.741010069847107
rwa,2004,0.741010069847107
rwa,2005,0.741010069847107
rwa,2006,0.741010069847107
rwa,2007,0.741010069847107
rwa,2008,0.741010069847107
rwa,2009,0.741010069847107
rwa,2010,0.741010069847107
rwa,2011,0.741010069847107
rwa,2012,0.741010069847107
rwa,2013,0.741010069847107
rwa,2014,0.741010069847107
rwa,2015,0.741010069847107
rwa,2016,0.741010069847107
rwa,2017,0.741010069847107
rwa,2018,0.741010069847107
rwa,2019,0.741010069847107
rwa,2020,0.741010069847107
rwa,2021,0.741010069847107
rwa,2022,0.741010069847107
rwa,2023,0.741010069847107
sau,1970,0.362922936677933
sau,1971,0.362922936677933
sau,1972,0.362922936677933
sau,1973,0.362922936677933
sau,1974,0.362922936677933
sau,1975,0.362922936677933
sau,1976,0.362922936677933
sau,1977,0.362922936677933
sau,1978,0.362922936677933
sau,1979,0.362922936677933
sau,1980,0.362922936677933
sau,1981,0.362922936677933
sau,1982,0.362922936677933
sau,1983,0.362922936677933
sau,1984,0.362922936677933
sau,1985,0.362922936677933
sau,1986,0.362922936677933
sau,1987,0.362922936677933
sau,1988,0.362922936677933
sau,1989,0.362922936677933
sau,1990,0.362922936677933
sau,1991,0.362922936677933
sau,1992,0.362922936677933
sau,1993,0.362922936677933
sau,1994,0.362922936677933
sau,1995,0.362922936677933
sau,1996,0.341583281755447
sau,1997,0.34423702955246
sau,1998,0.375135391950607
sau,1999,0.346802830696106
sau,2000,0.308784931898117
sau,2001,0.329424738883972
sau,2002,0.327775806188583
sau,2003,0.311887890100479
sau,2004,0.291709303855896
sau,2005,0.256398230791092
sau,2006,0.245494619011879
sau,2007,0.234490349888802
sau,2008,0.199377626180649
sau,2009,0.279617875814438
sau,2010,0.279617875814438
sau,2011,0.279617875814438
sau,2012,0.279617875814438
sau,2013,0.279617875814438
sau,2014,0.279617875814438
sau,2015,0.279617875814438
sau,2016,0.279617875814438
sau,2017,0.279617875814438
sau,2018,0.279617875814438
sau,2019,0.279617875814438
sau,2020,0.279617875814438
sau,2021,0.279617875814438
sau,2022,0.279617875814438
sau,2023,0.279617875814438
sdn,1970,0.781123638153076
sdn,1971,0.781123638153076
sdn,1972,0.781123638153076
sdn,1973,0.781123638153076
sdn,1974,0.781123638153076
sdn,1975,0.781123638153076
sdn,1976,0.781123638153076
sdn,1977,0.781123638153076
sdn,1978,0.781123638153076
sdn,1979,0.781123638153076
sdn,1980,0.781123638153076
sdn,1981,0.781123638153076
sdn,1982,0.781123638153076
sdn,1983,0.781123638153076
sdn,1984,0.781123638153076
sdn,1985,0.781123638153076
sdn,1986,0.781123638153076
sdn,1987,0.781123638153076
sdn,1988,0.781123638153076
sdn,1989,0.781123638153076
sdn,1990,0.781123638153076
sdn,1991,0.781123638153076
sdn,1992,0.781123638153076
sdn,1993,0.781123638153076
sdn,1994,0.781123638153076
sdn,1995,0.781123638153076
sdn,1996,0.845459401607513
sdn,1997,0.895519018173218
sdn,1998,0.823793768882752
sdn,1999,0.721913039684296
sdn,2000,0.683447241783142
sdn,2001,0.681252598762512
sdn,2002,0.73121178150177
sdn,2003,0.70023512840271
sdn,2004,0.658584356307983
sdn,2005,0.662062764167786
sdn,2006,0.634533762931824
sdn,2007,0.634533762931824
sdn,2008,0.634533762931824
sdn,2009,0.634533762931824
sdn,2010,0.634533762931824
sdn,2011,0.634533762931824
sdn,2012,0.634533762931824
sdn,2013,0.634533762931824
sdn,2014,0.634533762931824
sdn,2015,0.634533762931824
sdn,2016,0.634533762931824
sdn,2017,0.634533762931824
sdn,2018,0.634533762931824
sdn,2019,0.634533762931824
sdn,2020,0.634533762931824
sdn,2021,0.634533762931824
sdn,2022,0.634533762931824
sdn,2023,0.634533762931824
sen,1960,0.487267881631851
sen,1961,0.487267881631851
sen,1962,0.487267881631851
sen,1963,0.487267881631851
sen,1964,0.487267881631851
sen,1965,0.487267881631851
sen,1966,0.487267881631851
sen,1967,0.487267881631851
sen,1968,0.487267881631851
sen,1969,0.487267881631851
sen,1970,0.487267881631851
sen,1971,0.487267881631851
sen,1972,0.487267881631851
sen,1973,0.487267881631851
sen,1974,0.487267881631851
sen,1975,0.487267881631851
sen,1976,0.487267881631851
sen,1977,0.487267881631851
sen,1978,0.487267881631851
sen,1979,0.487267881631851
sen,1980,0.487267881631851
sen,1981,0.487267881631851
sen,1982,0.487267881631851
sen,1983,0.487267881631851
sen,1984,0.487267881631851
sen,1985,0.487267881631851
sen,1986,0.487267881631851
sen,1987,0.487267881631851
sen,1988,0.487267881631851
sen,1989,0.487267881631851
sen,1990,0.487267881631851
sen,1991,0.487267881631851
sen,1992,0.487267881631851
sen,1993,0.487267881631851
sen,1994,0.487267881631851
sen,1995,0.487267881631851
sen,1996,0.487267881631851
sen,1997,0.487267881631851
sen,1998,0.487267881631851
sen,1999,0.487267881631851
sen,2000,0.487267881631851
sen,2001,0.487267881631851
sen,2002,0.487267881631851
sen,2003,0.487267881631851
sen,2004,0.487267881631851
sen,2005,0.487267881631851
sen,2006,0.487267881631851
sen,2007,0.487267881631851
sen,2008,0.487267881631851
sen,2009,0.487267881631851
sen,2010,0.487267881631851
sen,2011,0.487267881631851
sen,2012,0.487267881631851
sen,2013,0.487267881631851
sen,2014,0.487267881631851
sen,2015,0.491955012083054
sen,2016,0.482883244752884
sen,2017,0.495900481939316
sen,2018,0.494434624910355
sen,2019,0.503122806549072
sen,2020,0.516358852386475
sen,2021,0.523302435874939
sen,2022,0.523302435874939
sen,2023,0.523302435874939
sgp,1960,0.402062296867371
sgp,1961,0.402062296867371
sgp,1962,0.402062296867371
sgp,1963,0.402062296867371
sgp,1964,0.402062296867371
sgp,1965,0.402062296867371
sgp,1966,0.402062296867371
sgp,1967,0.402062296867371
sgp,1968,0.402062296867371
sgp,1969,0.402062296867371
sgp,1970,0.402062296867371
sgp,1971,0.402062296867371
sgp,1972,0.402062296867371
sgp,1973,0.402062296867371
sgp,1974,0.402062296867371
sgp,1975,0.402062296867371
sgp,1976,0.402062296867371
sgp,1977,0.402062296867371
sgp,1978,0.402062296867371
sgp,1979,0.402062296867371
sgp,1980,0.402062296867371
sgp,1981,0.414149612188339
sgp,1982,0.45169860124588
sgp,1983,0.465938478708267
sgp,1984,0.477884650230408
sgp,1985,0.491038382053375
sgp,1986,0.44835090637207
sgp,1987,0.42418184876442
sgp,1988,0.415926098823547
sgp,1989,0.425718814134598
sgp,1990,0.429348438978195
sgp,1991,0.438173770904541
sgp,1992,0.44707390666008
sgp,1993,0.43585130572319
sgp,1994,0.439308881759644
sgp,1995,0.440195173025131
sgp,1996,0.441730260848999
sgp,1997,0.437257081270218
sgp,1998,0.46197772026062
sgp,1999,0.455795347690582
sgp,2000,0.45759242773056
sgp,2001,0.489348441362381
sgp,2002,0.473075658082962
sgp,2003,0.464497894048691
sgp,2004,0.426251947879791
sgp,2005,0.421812415122986
sgp,2006,0.419800132513046
sgp,2007,0.423756182193756
sgp,2008,0.447557330131531
sgp,2009,0.457445800304413
sgp,2010,0.439467787742615
sgp,2011,0.439467787742615
sgp,2012,0.439467787742615
sgp,2013,0.439467787742615
sgp,2014,0.439467787742615
sgp,2015,0.439467787742615
sgp,2016,0.439467787742615
sgp,2017,0.439467787742615
sgp,2018,0.439467787742615
sgp,2019,0.439467787742615
sgp,2020,0.439467787742615
sgp,2021,0.439467787742615
sgp,2022,0.439467787742615
sgp,2023,0.439467787742615
sle,1980,0.535166084766388
sle,1981,0.535166084766388
sle,1982,0.535166084766388
sle,1983,0.535166084766388
sle,1984,0.535166084766388
sle,1985,0.535166084766388
sle,1986,0.535166084766388
sle,1987,0.535166084766388
sle,1988,0.535166084766388
sle,1989,0.535166084766388
sle,1990,0.535166084766388
sle,1991,0.535166084766388
sle,1992,0.535166084766388
sle,1993,0.535166084766388
sle,1994,0.535166084766388
sle,1995,0.535166084766388
sle,1996,0.535166084766388
sle,1997,0.535166084766388
sle,1998,0.535166084766388
sle,1999,0.535166084766388
sle,2000,0.535166084766388
sle,2001,0.535166084766388
sle,2002,0.537559509277344
sle,2003,0.532086491584778
sle,2004,0.528214693069458
sle,2005,0.530364274978638
sle,2006,0.531205832958221
sle,2007,0.528089463710785
sle,2008,0.527008473873138
sle,2009,0.53090763092041
sle,2010,0.534243583679199
sle,2011,0.535309970378876
sle,2012,0.538833022117615
sle,2013,0.531524300575256
sle,2014,0.545050203800201
sle,2015,0.553160846233368
sle,2016,0.554292500019074
sle,2017,0.547824025154114
sle,2018,0.547433972358704
sle,2019,0.56387197971344
sle,2020,0.563485324382782
sle,2021,0.689777493476868
sle,2022,0.596124589443207
sle,2023,0.596124589443207
slv,1975,0.479577362537384
slv,1976,0.479577362537384
slv,1977,0.479577362537384
slv,1978,0.479577362537384
slv,1979,0.479577362537384
slv,1980,0.479577362537384
slv,1981,0.479577362537384
slv,1982,0.479577362537384
slv,1983,0.479577362537384
slv,1984,0.479577362537384
slv,1985,0.479577362537384
slv,1986,0.479577362537384
slv,1987,0.479577362537384
slv,1988,0.479577362537384
slv,1989,0.479577362537384
slv,1990,0.479577362537384
slv,1991,0.479577362537384
slv,1992,0.479577362537384
slv,1993,0.479577362537384
slv,1994,0.479577362537384
slv,1995,0.479577362537384
slv,1996,0.479577362537384
slv,1997,0.479577362537384
slv,1998,0.479577362537384
slv,1999,0.479577362537384
slv,2000,0.479577362537384
slv,2001,0.479577362537384
slv,2002,0.479577362537384
slv,2003,0.479577362537384
slv,2004,0.479577362537384
slv,2005,0.479577362537384
slv,2006,0.479577362537384
slv,2007,0.479577362537384
slv,2008,0.479577362537384
slv,2009,0.479577362537384
slv,2010,0.479577362537384
slv,2011,0.479577362537384
slv,2012,0.479577362537384
slv,2013,0.479577362537384
slv,2014,0.479577362537384
slv,2015,0.483317911624908
slv,2016,0.486357808113098
slv,2017,0.493422985076904
slv,2018,0.497389316558838
slv,2019,0.499216109514236
slv,2020,0.521345615386963
slv,2021,0.521345615386963
slv,2022,0.521345615386963
slv,2023,0.521345615386963
srb,1990,0.784283876419067
srb,1991,0.784283876419067
srb,1992,0.784283876419067
srb,1993,0.784283876419067
srb,1994,0.784283876419067
srb,1995,0.784283876419067
srb,1996,0.784283876419067
srb,1997,0.784283876419067
srb,1998,0.649558424949646
srb,1999,0.578211486339569
srb,2000,0.545427441596985
srb,2001,0.587483882904053
srb,2002,0.635018110275269
srb,2003,0.661265015602112
srb,2004,0.61741578578949
srb,2005,0.595686078071594
srb,2006,0.606471836566925
srb,2007,0.533535420894623
srb,2008,0.536252737045288
srb,2009,0.535030841827393
srb,2010,0.574547588825226
srb,2011,0.533998429775238
srb,2012,0.535947799682617
srb,2013,0.530712008476257
srb,2014,0.557223260402679
srb,2015,0.548295736312866
srb,2016,0.539823830127716
srb,2017,0.549852013587952
srb,2018,0.576460659503937
srb,2019,0.590807020664215
srb,2020,0.616612255573273
srb,2021,0.628455400466919
srb,2022,0.636854469776154
srb,2023,0.636854469776154
stp,1980,0.738317966461182
stp,1981,0.738317966461182
stp,1982,0.738317966461182
stp,1983,0.738317966461182
stp,1984,0.738317966461182
stp,1985,0.738317966461182
stp,1986,0.738317966461182
stp,1987,0.738317966461182
stp,1988,0.738317966461182
stp,1989,0.738317966461182
stp,1990,0.738317966461182
stp,1991,0.738317966461182
stp,1992,0.738317966461182
stp,1993,0.738317966461182
stp,1994,0.738317966461182
stp,1995,0.738317966461182
stp,1996,0.738317966461182
stp,1997,0.738317966461182
stp,1998,0.738317966461182
stp,1999,0.738317966461182
stp,2000,0.738317966461182
stp,2001,0.738317966461182
stp,2002,0.738317966461182
stp,2003,0.738317966461182
stp,2004,0.738317966461182
stp,2005,0.738317966461182
stp,2006,0.738317966461182
stp,2007,0.738317966461182
stp,2008,0.738317966461182
stp,2009,0.738317966461182
stp,2010,0.738317966461182
stp,2011,0.738317966461182
stp,2012,0.738317966461182
stp,2013,0.738317966461182
stp,2014,0.738317966461182
stp,2015,0.738317966461182
stp,2016,0.738317966461182
stp,2017,0.738317966461182
stp,2018,0.738317966461182
stp,2019,0.738317966461182
stp,2020,0.738317966461182
stp,2021,0.738317966461182
stp,2022,0.738317966461182
stp,2023,0.738317966461182
sur,1973,0.470524221658707
sur,1974,0.470524221658707
sur,1975,0.470524221658707
sur,1976,0.470524221658707
sur,1977,0.470524221658707
sur,1978,0.470524221658707
sur,1979,0.470524221658707
sur,1980,0.470524221658707
sur,1981,0.470524221658707
sur,1982,0.470524221658707
sur,1983,0.470524221658707
sur,1984,0.470524221658707
sur,1985,0.470524221658707
sur,1986,0.470524221658707
sur,1987,0.470524221658707
sur,1988,0.470524221658707
sur,1989,0.470524221658707
sur,1990,0.470524221658707
sur,1991,0.470524221658707
sur,1992,0.470524221658707
sur,1993,0.470524221658707
sur,1994,0.470524221658707
sur,1995,0.470524221658707
sur,1996,0.470524221658707
sur,1997,0.470524221658707
sur,1998,0.470524221658707
sur,1999,0.470524221658707
sur,2000,0.470524221658707
sur,2001,0.470524221658707
sur,2002,0.470524221658707
sur,2003,0.470524221658707
sur,2004,0.470524221658707
sur,2005,0.470524221658707
sur,2006,0.470524221658707
sur,2007,0.470524221658707
sur,2008,0.424510031938553
sur,2009,0.458361983299255
sur,2010,0.458059996366501
sur,2011,0.458059996366501
sur,2012,0.458059996366501
sur,2013,0.458059996366501
sur,2014,0.458059996366501
sur,2015,0.458059996366501
sur,2016,0.458059996366501
sur,2017,0.458059996366501
sur,2018,0.458059996366501
sur,2019,0.458059996366501
sur,2020,0.458059996366501
sur,2021,0.458059996366501
sur,2022,0.458059996366501
sur,2023,0.458059996366501
svk,1990,0.530976414680481
svk,1991,0.530976414680481
svk,1992,0.530976414680481
svk,1993,0.530976414680481
svk,1994,0.484952807426453
svk,1995,0.485836267471314
svk,1996,0.514726102352142
svk,1997,0.523445188999176
svk,1998,0.527292549610138
svk,1999,0.511340796947479
svk,2000,0.517202377319336
svk,2001,0.508910238742828
svk,2002,0.513437747955322
svk,2003,0.507202208042145
svk,2004,0.480022728443146
svk,2005,0.497822284698486
svk,2006,0.483178824186325
svk,2007,0.47765839099884
svk,2008,0.478230476379395
svk,2009,0.507399797439575
svk,2010,0.485073804855347
svk,2011,0.484423816204071
svk,2012,0.478628754615784
svk,2013,0.486126244068146
svk,2014,0.491581588983536
svk,2015,0.493380486965179
svk,2016,0.510851144790649
svk,2017,0.529194593429565
svk,2018,0.543653905391693
svk,2019,0.55804705619812
svk,2020,0.561634063720703
svk,2021,0.554380178451538
svk,2022,0.567500948905945
svk,2023,0.531750798225403
svn,1990,0.703306198120117
svn,1991,0.703306198120117
svn,1992,0.703306198120117
svn,1993,0.703306198120117
svn,1994,0.703306198120117
svn,1995,0.703306198120117
svn,1996,0.692065894603729
svn,1997,0.671395719051361
svn,1998,0.664340555667877
svn,1999,0.651998102664948
svn,2000,0.666948437690735
svn,2001,0.666999995708466
svn,2002,0.666325449943543
svn,2003,0.653432548046112
svn,2004,0.654143929481506
svn,2005,0.658162772655487
svn,2006,0.644705593585968
svn,2007,0.63299697637558
svn,2008,0.637328386306763
svn,2009,0.656608164310455
svn,2010,0.660062432289124
svn,2011,0.650430500507355
svn,2012,0.651441931724548
svn,2013,0.639955818653107
svn,2014,0.633083283901215
svn,2015,0.63247948884964
svn,2016,0.639409363269806
svn,2017,0.635349690914154
svn,2018,0.640905737876892
svn,2019,0.649041712284088
svn,2020,0.650995433330536
svn,2021,0.653136432170868
svn,2022,0.656928718090057
svn,2023,0.632693946361542
swe,1950,0.624727666378021
swe,1951,0.595321357250214
swe,1952,0.640455603599548
swe,1953,0.650445282459259
swe,1954,0.645982146263123
swe,1955,0.660020232200623
swe,1956,0.651737809181213
swe,1957,0.6544588804245
swe,1958,0.649825930595398
swe,1959,0.635566294193268
swe,1960,0.652320921421051
swe,1961,0.66056627035141
swe,1962,0.67603987455368
swe,1963,0.680608928203583
swe,1964,0.675277531147003
swe,1965,0.681544899940491
swe,1966,0.695504248142242
swe,1967,0.689468801021576
swe,1968,0.699899792671204
swe,1969,0.697112202644348
swe,1970,0.693447053432465
swe,1971,0.711646318435669
swe,1972,0.698340356349945
swe,1973,0.671256184577942
swe,1974,0.656386733055115
swe,1975,0.663809299468994
swe,1976,0.691155731678009
swe,1977,0.719879627227783
swe,1978,0.706111550331116
swe,1979,0.687222540378571
swe,1980,0.673608362674713
swe,1981,0.674479126930237
swe,1982,0.646806120872498
swe,1983,0.625121533870697
swe,1984,0.610041558742523
swe,1985,0.616342425346375
swe,1986,0.618073105812073
swe,1987,0.622092843055725
swe,1988,0.613186120986939
swe,1989,0.622683346271515
swe,1990,0.646218538284302
swe,1991,0.64322030544281
swe,1992,0.623431980609894
swe,1993,0.593059480190277
swe,1994,0.581166625022888
swe,1995,0.559970319271088
swe,1996,0.58536434173584
swe,1997,0.584891140460968
swe,1998,0.577686369419098
swe,1999,0.581937074661255
swe,2000,0.594372391700745
swe,2001,0.614933967590332
swe,2002,0.613138556480408
swe,2003,0.609748065471649
swe,2004,0.599854171276093
swe,2005,0.600912928581238
swe,2006,0.589859127998352
swe,2007,0.602666318416596
swe,2008,0.616986036300659
swe,2009,0.626255750656128
swe,2010,0.605837225914002
swe,2011,0.610658884048462
swe,2012,0.632141053676605
swe,2013,0.637575209140778
swe,2014,0.632192313671112
swe,2015,0.617376029491425
swe,2016,0.627260029315949
swe,2017,0.632584929466248
swe,2018,0.639049768447876
swe,2019,0.62572169303894
swe,2020,0.618475437164307
swe,2021,0.608293950557709
swe,2022,0.607598006725311
swe,2023,0.610155045986176
swz,1980,0.711657524108887
swz,1981,0.735966145992279
swz,1982,0.726713836193085
swz,1983,0.770794451236725
swz,1984,0.681361138820648
swz,1985,0.683613181114197
swz,1986,0.631054401397705
swz,1987,0.612078845500946
swz,1988,0.612078845500946
swz,1989,0.612078845500946
swz,1990,0.612078845500946
swz,1991,0.612078845500946
swz,1992,0.612078845500946
swz,1993,0.612078845500946
swz,1994,0.612078845500946
swz,1995,0.612078845500946
swz,1996,0.612078845500946
swz,1997,0.612078845500946
swz,1998,0.612078845500946
swz,1999,0.612078845500946
swz,2000,0.612078845500946
swz,2001,0.612078845500946
swz,2002,0.612078845500946
swz,2003,0.612078845500946
swz,2004,0.612078845500946
swz,2005,0.612078845500946
swz,2006,0.612078845500946
swz,2007,0.612078845500946
swz,2008,0.612078845500946
swz,2009,0.612078845500946
swz,2010,0.612078845500946
swz,2011,0.612078845500946
swz,2012,0.612078845500946
swz,2013,0.612078845500946
swz,2014,0.612078845500946
swz,2015,0.612078845500946
swz,2016,0.612078845500946
swz,2017,0.612078845500946
swz,2018,0.612078845500946
swz,2019,0.612078845500946
swz,2020,0.612078845500946
swz,2021,0.612078845500946
swz,2022,0.612078845500946
swz,2023,0.612078845500946
tcd,1960,0.45519956946373
tcd,1961,0.45519956946373
tcd,1962,0.45519956946373
tcd,1963,0.45519956946373
tcd,1964,0.45519956946373
tcd,1965,0.45519956946373
tcd,1966,0.45519956946373
tcd,1967,0.45519956946373
tcd,1968,0.45519956946373
tcd,1969,0.45519956946373
tcd,1970,0.45519956946373
tcd,1971,0.45519956946373
tcd,1972,0.45519956946373
tcd,1973,0.45519956946373
tcd,1974,0.45519956946373
tcd,1975,0.45519956946373
tcd,1976,0.455716133117676
tcd,1977,0.456232666969299
tcd,1978,0.456749230623245
tcd,1979,0.457265794277191
tcd,1980,0.457782357931137
tcd,1981,0.458298921585083
tcd,1982,0.458815455436707
tcd,1983,0.459332019090652
tcd,1984,0.459848582744598
tcd,1985,0.460365116596222
tcd,1986,0.460881680250168
tcd,1987,0.461398243904114
tcd,1988,0.46191480755806
tcd,1989,0.462431371212006
tcd,1990,0.462947905063629
tcd,1991,0.463464468717575
tcd,1992,0.463981032371521
tcd,1993,0.464497566223145
tcd,1994,0.46501412987709
tcd,1995,0.465530693531036
tcd,1996,0.507219970226288
tcd,1997,0.516946315765381
tcd,1998,0.526380121707916
tcd,1999,0.523378312587738
tcd,2000,0.555143654346466
tcd,2001,0.593457221984863
tcd,2002,0.544290482997894
tcd,2003,0.49512380361557
tcd,2004,0.445957064628601
tcd,2005,0.396790355443954
tcd,2006,0.405594646930695
tcd,2007,0.390733748674393
tcd,2008,0.387469530105591
tcd,2009,0.450171530246735
tcd,2010,0.485394060611725
tcd,2011,0.485394060611725
tcd,2012,0.485394060611725
tcd,2013,0.485394060611725
tcd,2014,0.485394060611725
tcd,2015,0.485394060611725
tcd,2016,0.485394060611725
tcd,2017,0.485394060611725
tcd,2018,0.485394060611725
tcd,2019,0.485394060611725
tcd,2020,0.485394060611725
tcd,2021,0.485394060611725
tcd,2022,0.485394060611725
tcd,2023,0.485394060611725
tgo,1980,0.744685411453247
tgo,1981,0.737850308418274
tgo,1982,0.731015145778656
tgo,1983,0.724180042743683
tgo,1984,0.71734493970871
tgo,1985,0.710509836673737
tgo,1986,0.703674674034119
tgo,1987,0.696839570999146
tgo,1988,0.690004467964172
tgo,1989,0.683169364929199
tgo,1990,0.676334202289581
tgo,1991,0.669499099254608
tgo,1992,0.662663996219635
tgo,1993,0.655828893184662
tgo,1994,0.648993730545044
tgo,1995,0.642158627510071
tgo,1996,0.635323524475098
tgo,1997,0.628488421440125
tgo,1998,0.621653258800507
tgo,1999,0.614818155765533
tgo,2000,0.60798305273056
tgo,2001,0.601147949695587
tgo,2002,0.594312787055969
tgo,2003,0.587477684020996
tgo,2004,0.580642580986023
tgo,2005,0.57380747795105
tgo,2006,0.566972315311432
tgo,2007,0.560137212276459
tgo,2008,0.553302109241486
tgo,2009,0.546467006206513
tgo,2010,0.539631843566895
tgo,2011,0.532796740531921
tgo,2012,0.525961637496948
tgo,2013,0.519126534461975
tgo,2014,0.512291371822357
tgo,2015,0.505456268787384
tgo,2016,0.498621165752411
tgo,2017,0.492117464542389
tgo,2018,0.484288364648819
tgo,2019,0.500760853290558
tgo,2020,0.500760853290558
tgo,2021,0.500760853290558
tgo,2022,0.500760853290558
tgo,2023,0.500760853290558
tha,1950,0.424443364143372
tha,1951,0.424443364143372
tha,1952,0.424443364143372
tha,1953,0.424443364143372
tha,1954,0.424443364143372
tha,1955,0.424443364143372
tha,1956,0.424443364143372
tha,1957,0.424443364143372
tha,1958,0.424443364143372
tha,1959,0.424443364143372
tha,1960,0.424443364143372
tha,1961,0.424443364143372
tha,1962,0.424443364143372
tha,1963,0.424443364143372
tha,1964,0.424443364143372
tha,1965,0.424443364143372
tha,1966,0.424443364143372
tha,1967,0.424443364143372
tha,1968,0.424443364143372
tha,1969,0.424443364143372
tha,1970,0.424443364143372
tha,1971,0.424443364143372
tha,1972,0.424443364143372
tha,1973,0.424443364143372
tha,1974,0.424443364143372
tha,1975,0.424443364143372
tha,1976,0.424443364143372
tha,1977,0.424443364143372
tha,1978,0.424443364143372
tha,1979,0.424443364143372
tha,1980,0.424443364143372
tha,1981,0.423990815877914
tha,1982,0.441457748413086
tha,1983,0.442260146141052
tha,1984,0.438336998224258
tha,1985,0.435858994722366
tha,1986,0.433630168437958
tha,1987,0.425380557775497
tha,1988,0.413130193948746
tha,1989,0.408678859472275
tha,1990,0.414041817188263
tha,1991,0.419669300317764
tha,1992,0.433136641979218
tha,1993,0.4450463950634
tha,1994,0.44216588139534
tha,1995,0.459138482809067
tha,1996,0.453348636627197
tha,1997,0.461802005767822
tha,1998,0.467612385749817
tha,1999,0.474518656730652
tha,2000,0.47622337937355
tha,2001,0.481099337339401
tha,2002,0.473992675542831
tha,2003,0.468789279460907
tha,2004,0.47213739156723
tha,2005,0.474058449268341
tha,2006,0.457642138004303
tha,2007,0.461848080158234
tha,2008,0.46170175075531
tha,2009,0.469663321971893
tha,2010,0.452917665243149
tha,2011,0.456615567207336
tha,2012,0.462372779846191
tha,2013,0.453929334878922
tha,2014,0.464686155319214
tha,2015,0.466805547475815
tha,2016,0.456343531608582
tha,2017,0.446188867092133
tha,2018,0.439727813005447
tha,2019,0.450043261051178
tha,2020,0.464020967483521
tha,2021,0.442391246557236
tha,2022,0.437843501567841
tha,2023,0.437843501567841
tjk,1990,0.537161827087402
tjk,1991,0.537161827087402
tjk,1992,0.537161827087402
tjk,1993,0.537161827087402
tjk,1994,0.537161827087402
tjk,1995,0.537161827087402
tjk,1996,0.537161827087402
tjk,1997,0.537161827087402
tjk,1998,0.537161827087402
tjk,1999,0.537161827087402
tjk,2000,0.537161827087402
tjk,2001,0.518258273601532
tjk,2002,0.473854601383209
tjk,2003,0.425779402256012
tjk,2004,0.36644521355629
tjk,2005,0.396417617797852
tjk,2006,0.391745388507843
tjk,2007,0.374867022037506
tjk,2008,0.364177763462067
tjk,2009,0.362473011016846
tjk,2010,0.379664540290833
tjk,2011,0.428149938583374
tjk,2012,0.426648497581482
tjk,2013,0.410770535469055
tjk,2014,0.459076106548309
tjk,2015,0.436326235532761
tjk,2016,0.436326235532761
tjk,2017,0.436326235532761
tjk,2018,0.436326235532761
tjk,2019,0.436326235532761
tjk,2020,0.436326235532761
tjk,2021,0.436326235532761
tjk,2022,0.436326235532761
tjk,2023,0.436326235532761
tto,1950,0.587395310401917
tto,1951,0.587395310401917
tto,1952,0.587395310401917
tto,1953,0.587395310401917
tto,1954,0.587395310401917
tto,1955,0.587395310401917
tto,1956,0.587395310401917
tto,1957,0.587395310401917
tto,1958,0.587395310401917
tto,1959,0.587395310401917
tto,1960,0.587395310401917
tto,1961,0.587395310401917
tto,1962,0.587395310401917
tto,1963,0.587395310401917
tto,1964,0.587395310401917
tto,1965,0.587395310401917
tto,1966,0.587395310401917
tto,1967,0.587395310401917
tto,1968,0.587395310401917
tto,1969,0.587395310401917
tto,1970,0.587395310401917
tto,1971,0.620214700698853
tto,1972,0.623547792434692
tto,1973,0.572524070739746
tto,1974,0.424163788557053
tto,1975,0.420869261026382
tto,1976,0.461353957653046
tto,1977,0.455967158079147
tto,1978,0.49765008687973
tto,1979,0.480701565742493
tto,1980,0.433352708816528
tto,1981,0.504168629646301
tto,1982,0.59094101190567
tto,1983,0.610483765602112
tto,1984,0.609806180000305
tto,1985,0.628119051456451
tto,1986,0.655333817005158
tto,1987,0.63127875328064
tto,1988,0.615481674671173
tto,1989,0.564261794090271
tto,1990,0.557825148105621
tto,1991,0.568583786487579
tto,1992,0.564484775066376
tto,1993,0.565477669239044
tto,1994,0.493059158325195
tto,1995,0.493398487567902
tto,1996,0.493767410516739
tto,1997,0.475409984588623
tto,1998,0.483038574457169
tto,1999,0.47105872631073
tto,2000,0.408427119255066
tto,2001,0.42023965716362
tto,2002,0.41889151930809
tto,2003,0.362995743751526
tto,2004,0.340007901191711
tto,2005,0.315019071102142
tto,2006,0.2885981798172
tto,2007,0.290650606155396
tto,2008,0.267689287662506
tto,2009,0.338196009397507
tto,2010,0.338196009397507
tto,2011,0.338196009397507
tto,2012,0.338196009397507
tto,2013,0.338196009397507
tto,2014,0.338196009397507
tto,2015,0.338196009397507
tto,2016,0.338196009397507
tto,2017,0.338196009397507
tto,2018,0.338196009397507
tto,2019,0.338196009397507
tto,2020,0.338196009397507
tto,2021,0.338196009397507
tto,2022,0.338196009397507
tto,2023,0.338196009397507
tun,1960,0.551196694374085
tun,1961,0.551196694374085
tun,1962,0.551196694374085
tun,1963,0.551196694374085
tun,1964,0.551196694374085
tun,1965,0.551196694374085
tun,1966,0.551196694374085
tun,1967,0.551196694374085
tun,1968,0.551196694374085
tun,1969,0.551196694374085
tun,1970,0.551196694374085
tun,1971,0.551196694374085
tun,1972,0.551196694374085
tun,1973,0.551196694374085
tun,1974,0.551196694374085
tun,1975,0.551196694374085
tun,1976,0.551196694374085
tun,1977,0.551196694374085
tun,1978,0.551196694374085
tun,1979,0.551196694374085
tun,1980,0.551196694374085
tun,1981,0.551196694374085
tun,1982,0.551196694374085
tun,1983,0.551196694374085
tun,1984,0.551196694374085
tun,1985,0.551196694374085
tun,1986,0.551196694374085
tun,1987,0.551196694374085
tun,1988,0.551196694374085
tun,1989,0.551196694374085
tun,1990,0.551196694374085
tun,1991,0.551196694374085
tun,1992,0.551196694374085
tun,1993,0.541803956031799
tun,1994,0.521433174610138
tun,1995,0.518791675567627
tun,1996,0.525175333023071
tun,1997,0.529354870319367
tun,1998,0.524008274078369
tun,1999,0.520744144916534
tun,2000,0.513467013835907
tun,2001,0.510922431945801
tun,2002,0.505126774311066
tun,2003,0.512804448604584
tun,2004,0.508707702159882
tun,2005,0.495366722345352
tun,2006,0.488516539335251
tun,2007,0.485464423894882
tun,2008,0.472195565700531
tun,2009,0.486592411994934
tun,2010,0.47887396812439
tun,2011,0.503233850002289
tun,2012,0.508588373661041
tun,2013,0.513942837715149
tun,2014,0.519297361373901
tun,2015,0.524651885032654
tun,2016,0.525346994400024
tun,2017,0.538901507854462
tun,2018,0.534227669239044
tun,2019,0.522324502468109
tun,2020,0.579667150974274
tun,2021,0.560900449752808
tun,2022,0.560900449752808
tun,2023,0.560900449752808
tur,1950,0.435904085636139
tur,1951,0.435904085636139
tur,1952,0.435904085636139
tur,1953,0.435904085636139
tur,1954,0.435904085636139
tur,1955,0.435904085636139
tur,1956,0.435904085636139
tur,1957,0.435904085636139
tur,1958,0.435904085636139
tur,1959,0.435904085636139
tur,1960,0.435904085636139
tur,1961,0.435904085636139
tur,1962,0.435904085636139
tur,1963,0.435904085636139
tur,1964,0.435904085636139
tur,1965,0.435904085636139
tur,1966,0.435904085636139
tur,1967,0.435904085636139
tur,1968,0.435904085636139
tur,1969,0.435904085636139
tur,1970,0.435904085636139
tur,1971,0.435904085636139
tur,1972,0.435904085636139
tur,1973,0.435904085636139
tur,1974,0.435904085636139
tur,1975,0.435904085636139
tur,1976,0.435904085636139
tur,1977,0.435904085636139
tur,1978,0.435904085636139
tur,1979,0.435904085636139
tur,1980,0.435904085636139
tur,1981,0.435904085636139
tur,1982,0.435904085636139
tur,1983,0.435904085636139
tur,1984,0.435904085636139
tur,1985,0.435904085636139
tur,1986,0.435904085636139
tur,1987,0.435904085636139
tur,1988,0.435904085636139
tur,1989,0.435904085636139
tur,1990,0.435904085636139
tur,1991,0.435904085636139
tur,1992,0.435904085636139
tur,1993,0.435904085636139
tur,1994,0.435904085636139
tur,1995,0.435904085636139
tur,1996,0.435904085636139
tur,1997,0.435904085636139
tur,1998,0.435904085636139
tur,1999,0.435904085636139
tur,2000,0.435904085636139
tur,2001,0.424495428800583
tur,2002,0.400415420532227
tur,2003,0.398849934339523
tur,2004,0.400944322347641
tur,2005,0.404191553592682
tur,2006,0.399617701768875
tur,2007,0.39965894818306
tur,2008,0.399790555238724
tur,2009,0.399978071451187
tur,2010,0.415703028440475
tur,2011,0.405392915010452
tur,2012,0.424687027931213
tur,2013,0.418932437896729
tur,2014,0.42489692568779
tur,2015,0.427387535572052
tur,2016,0.458956331014633
tur,2017,0.434718281030655
tur,2018,0.427304685115814
tur,2019,0.436635941267014
tur,2020,0.410553187131882
tur,2021,0.390675991773605
tur,2022,0.350151389837265
tur,2023,0.425564736127853
twn,1951,0.746274173259735
twn,1952,0.746274173259735
twn,1953,0.746274173259735
twn,1954,0.746274173259735
twn,1955,0.746274173259735
twn,1956,0.746274173259735
twn,1957,0.746274173259735
twn,1958,0.746274173259735
twn,1959,0.746274173259735
twn,1960,0.746274173259735
twn,1961,0.746274173259735
twn,1962,0.746274173259735
twn,1963,0.746274173259735
twn,1964,0.746274173259735
twn,1965,0.746274173259735
twn,1966,0.746274173259735
twn,1967,0.746274173259735
twn,1968,0.746274173259735
twn,1969,0.746274173259735
twn,1970,0.746274173259735
twn,1971,0.746274173259735
twn,1972,0.746274173259735
twn,1973,0.746274173259735
twn,1974,0.746274173259735
twn,1975,0.746274173259735
twn,1976,0.746274173259735
twn,1977,0.746274173259735
twn,1978,0.746274173259735
twn,1979,0.746274173259735
twn,1980,0.746274173259735
twn,1981,0.746274173259735
twn,1982,0.746274173259735
twn,1983,0.746274173259735
twn,1984,0.746274173259735
twn,1985,0.746274173259735
twn,1986,0.746274173259735
twn,1987,0.746274173259735
twn,1988,0.746274173259735
twn,1989,0.746274173259735
twn,1990,0.746274173259735
twn,1991,0.746274173259735
twn,1992,0.746274173259735
twn,1993,0.746274173259735
twn,1994,0.746274173259735
twn,1995,0.746274173259735
twn,1996,0.746274173259735
twn,1997,0.746274173259735
twn,1998,0.746274173259735
twn,1999,0.746274173259735
twn,2000,0.746274173259735
twn,2001,0.74212771654129
twn,2002,0.742256581783295
twn,2003,0.733308136463165
twn,2004,0.722259759902954
twn,2005,0.712413787841797
twn,2006,0.706351339817047
twn,2007,0.695060670375824
twn,2008,0.692409455776215
twn,2009,0.684111714363098
twn,2010,0.675813913345337
twn,2011,0.667516171932221
twn,2012,0.659218370914459
twn,2013,0.650920629501343
twn,2014,0.650920629501343
twn,2015,0.650920629501343
twn,2016,0.650920629501343
twn,2017,0.650920629501343
twn,2018,0.650920629501343
twn,2019,0.650920629501343
twn,2020,0.650920629501343
twn,2021,0.650920629501343
twn,2022,0.650920629501343
twn,2023,0.650920629501343
tza,1960,0.476091027259827
tza,1961,0.476091027259827
tza,1962,0.476091027259827
tza,1963,0.476091027259827
tza,1964,0.476091027259827
tza,1965,0.476091027259827
tza,1966,0.476091027259827
tza,1967,0.476091027259827
tza,1968,0.476091027259827
tza,1969,0.476091027259827
tza,1970,0.476091027259827
tza,1971,0.476091027259827
tza,1972,0.476091027259827
tza,1973,0.476091027259827
tza,1974,0.476091027259827
tza,1975,0.476091027259827
tza,1976,0.476091027259827
tza,1977,0.476091027259827
tza,1978,0.476091027259827
tza,1979,0.476091027259827
tza,1980,0.476091027259827
tza,1981,0.476091027259827
tza,1982,0.476091027259827
tza,1983,0.476091027259827
tza,1984,0.476091027259827
tza,1985,0.476091027259827
tza,1986,0.476091027259827
tza,1987,0.476091027259827
tza,1988,0.476091027259827
tza,1989,0.476091027259827
tza,1990,0.476091027259827
tza,1991,0.476091027259827
tza,1992,0.476091027259827
tza,1993,0.476091027259827
tza,1994,0.476091027259827
tza,1995,0.499334096908569
tza,1996,0.503154814243317
tza,1997,0.496315836906433
tza,1998,0.485239326953888
tza,1999,0.466410517692566
tza,2000,0.461220622062683
tza,2001,0.450787037611008
tza,2002,0.437635600566864
tza,2003,0.427870541810989
tza,2004,0.426785826683044
tza,2005,0.40741503238678
tza,2006,0.422142207622528
tza,2007,0.388094633817673
tza,2008,0.396069467067719
tza,2009,0.406785368919373
tza,2010,0.401485055685043
tza,2011,0.409161120653152
tza,2012,0.43965882062912
tza,2013,0.454427719116211
tza,2014,0.460497498512268
tza,2015,0.511931717395783
tza,2016,0.536587953567505
tza,2017,0.573258638381958
tza,2018,0.578261196613312
tza,2019,0.574375987052918
tza,2020,0.576922476291657
tza,2021,0.593986809253693
tza,2022,0.594452738761902
tza,2023,0.582648754119873
ukr,1990,0.619470477104187
ukr,1991,0.599770128726959
ukr,1992,0.530048131942749
ukr,1993,0.418559581041336
ukr,1994,0.475399643182755
ukr,1995,0.558368802070618
ukr,1996,0.558368802070618
ukr,1997,0.558368802070618
ukr,1998,0.558368802070618
ukr,1999,0.558368802070618
ukr,2000,0.558368802070618
ukr,2001,0.558368802070618
ukr,2002,0.558368802070618
ukr,2003,0.558368802070618
ukr,2004,0.558368802070618
ukr,2005,0.558368802070618
ukr,2006,0.558368802070618
ukr,2007,0.558368802070618
ukr,2008,0.558368802070618
ukr,2009,0.558368802070618
ukr,2010,0.558368802070618
ukr,2011,0.558368802070618
ukr,2012,0.558368802070618
ukr,2013,0.558368802070618
ukr,2014,0.558368802070618
ukr,2015,0.558368802070618
ukr,2016,0.558368802070618
ukr,2017,0.558368802070618
ukr,2018,0.558368802070618
ukr,2019,0.558368802070618
ukr,2020,0.558368802070618
ukr,2021,0.558368802070618
ukr,2022,0.558368802070618
ukr,2023,0.558368802070618
ury,1950,0.516889154911041
ury,1951,0.516889154911041
ury,1952,0.516889154911041
ury,1953,0.516889154911041
ury,1954,0.516889154911041
ury,1955,0.516889154911041
ury,1956,0.516889154911041
ury,1957,0.516889154911041
ury,1958,0.516889154911041
ury,1959,0.516889154911041
ury,1960,0.516889154911041
ury,1961,0.516889154911041
ury,1962,0.516889154911041
ury,1963,0.516889154911041
ury,1964,0.516889154911041
ury,1965,0.516889154911041
ury,1966,0.516889154911041
ury,1967,0.516889154911041
ury,1968,0.516889154911041
ury,1969,0.516889154911041
ury,1970,0.516889154911041
ury,1971,0.516889154911041
ury,1972,0.516889154911041
ury,1973,0.516889154911041
ury,1974,0.516889154911041
ury,1975,0.516889154911041
ury,1976,0.516889154911041
ury,1977,0.516889154911041
ury,1978,0.516889154911041
ury,1979,0.516889154911041
ury,1980,0.516889154911041
ury,1981,0.516889154911041
ury,1982,0.516889154911041
ury,1983,0.516889154911041
ury,1984,0.516889154911041
ury,1985,0.516889154911041
ury,1986,0.516889154911041
ury,1987,0.516889154911041
ury,1988,0.516889154911041
ury,1989,0.516889154911041
ury,1990,0.516889154911041
ury,1991,0.516889154911041
ury,1992,0.516889154911041
ury,1993,0.516889154911041
ury,1994,0.516889154911041
ury,1995,0.516889154911041
ury,1996,0.516889154911041
ury,1997,0.516889154911041
ury,1998,0.540155708789825
ury,1999,0.56282389163971
ury,2000,0.56153804063797
ury,2001,0.557048082351685
ury,2002,0.512671887874603
ury,2003,0.454160809516907
ury,2004,0.447347283363342
ury,2005,0.474144816398621
ury,2006,0.478527575731277
ury,2007,0.482910305261612
ury,2008,0.487293064594269
ury,2009,0.491675794124603
ury,2010,0.49605855345726
ury,2011,0.500441312789917
ury,2012,0.504824042320252
ury,2013,0.508349776268005
ury,2014,0.511875510215759
ury,2015,0.515401244163513
ury,2016,0.518926978111267
ury,2017,0.518926978111267
ury,2018,0.518926978111267
ury,2019,0.518926978111267
ury,2020,0.518926978111267
ury,2021,0.518926978111267
ury,2022,0.518926978111267
ury,2023,0.518926978111267
usa,1950,0.628362953662872
usa,1951,0.633731722831726
usa,1952,0.644851565361023
usa,1953,0.644496023654938
usa,1954,0.637051999568939
usa,1955,0.626844048500061
usa,1956,0.640427887439728
usa,1957,0.638684749603272
usa,1958,0.635847270488739
usa,1959,0.629354357719421
usa,1960,0.636741757392883
usa,1961,0.633704721927643
usa,1962,0.629106163978577
usa,1963,0.626385748386383
usa,1964,0.624378800392151
usa,1965,0.619359791278839
usa,1966,0.622894942760468
usa,1967,0.630078673362732
usa,1968,0.634225606918335
usa,1969,0.643875360488892
usa,1970,0.64898556470871
usa,1971,0.637648820877075
usa,1972,0.639445066452026
usa,1973,0.640666723251343
usa,1974,0.64096862077713
usa,1975,0.625560820102692
usa,1976,0.621589839458466
usa,1977,0.621596217155457
usa,1978,0.622295022010803
usa,1979,0.622619867324829
usa,1980,0.624348938465118
usa,1981,0.614216208457947
usa,1982,0.616743266582489
usa,1983,0.603852272033691
usa,1984,0.601951777935028
usa,1985,0.60230153799057
usa,1986,0.607737064361572
usa,1987,0.615972578525543
usa,1988,0.620666325092316
usa,1989,0.611858665943146
usa,1990,0.615197956562042
usa,1991,0.615098834037781
usa,1992,0.620048522949219
usa,1993,0.614196300506592
usa,1994,0.607954382896423
usa,1995,0.607377350330353
usa,1996,0.607116162776947
usa,1997,0.609609842300415
usa,1998,0.62302178144455
usa,1999,0.625946164131165
usa,2000,0.637149453163147
usa,2001,0.640334188938141
usa,2002,0.630113065242767
usa,2003,0.621593117713928
usa,2004,0.616968631744385
usa,2005,0.605560302734375
usa,2006,0.60552328824997
usa,2007,0.603033602237701
usa,2008,0.601492047309876
usa,2009,0.589809656143189
usa,2010,0.58552098274231
usa,2011,0.590189278125763
usa,2012,0.590813398361206
usa,2013,0.587222754955292
usa,2014,0.588285446166992
usa,2015,0.59088522195816
usa,2016,0.589166939258575
usa,2017,0.591320931911469
usa,2018,0.59057229757309
usa,2019,0.591832935810089
usa,2020,0.605639159679413
usa,2021,0.593877077102661
usa,2022,0.576183140277863
usa,2023,0.568302690982819
uzb,1990,0.421050727367401
uzb,1991,0.421050727367401
uzb,1992,0.421050727367401
uzb,1993,0.421050727367401
uzb,1994,0.421050727367401
uzb,1995,0.421050727367401
uzb,1996,0.421050727367401
uzb,1997,0.421050727367401
uzb,1998,0.421050727367401
uzb,1999,0.421050727367401
uzb,2000,0.421050727367401
uzb,2001,0.421050727367401
uzb,2002,0.421050727367401
uzb,2003,0.421050727367401
uzb,2004,0.421050727367401
uzb,2005,0.421050727367401
uzb,2006,0.421050727367401
uzb,2007,0.421050727367401
uzb,2008,0.421050727367401
uzb,2009,0.421050727367401
uzb,2010,0.421050727367401
uzb,2011,0.447593212127686
uzb,2012,0.46932253241539
uzb,2013,0.469070136547089
uzb,2014,0.445883691310883
uzb,2015,0.442909091711044
uzb,2016,0.454000443220139
uzb,2017,0.405183553695679
uzb,2018,0.379897981882095
uzb,2019,0.385740637779236
uzb,2020,0.375224828720093
uzb,2021,0.379453539848328
uzb,2022,0.379453539848328
uzb,2023,0.379453539848328
ven,1950,0.521732687950134
ven,1951,0.521732687950134
ven,1952,0.521732687950134
ven,1953,0.521732687950134
ven,1954,0.521732687950134
ven,1955,0.521732687950134
ven,1956,0.521732687950134
ven,1957,0.521732687950134
ven,1958,0.521732687950134
ven,1959,0.521732687950134
ven,1960,0.521732687950134
ven,1961,0.521732687950134
ven,1962,0.521732687950134
ven,1963,0.521732687950134
ven,1964,0.521732687950134
ven,1965,0.521732687950134
ven,1966,0.521732687950134
ven,1967,0.521732687950134
ven,1968,0.521732687950134
ven,1969,0.521732687950134
ven,1970,0.521732687950134
ven,1971,0.519656419754028
ven,1972,0.532471716403961
ven,1973,0.500900149345398
ven,1974,0.434215843677521
ven,1975,0.494298934936523
ven,1976,0.504467189311981
ven,1977,0.511443793773651
ven,1978,0.546363294124603
ven,1979,0.520040690898895
ven,1980,0.51719456911087
ven,1981,0.51941043138504
ven,1982,0.528692364692688
ven,1983,0.515075206756592
ven,1984,0.460352122783661
ven,1985,0.469115436077118
ven,1986,0.478342652320862
ven,1987,0.468428075313568
ven,1988,0.476478725671768
ven,1989,0.464570432901382
ven,1990,0.419259041547775
ven,1991,0.445752650499344
ven,1992,0.461862742900848
ven,1993,0.457710742950439
ven,1994,0.434679210186005
ven,1995,0.440850406885147
ven,1996,0.375127196311951
ven,1997,0.42262214422226
ven,1998,0.474564373493195
ven,1999,0.462304472923279
ven,2000,0.410519808530808
ven,2001,0.445438295602798
ven,2002,0.413636296987534
ven,2003,0.376943826675415
ven,2004,0.376855939626694
ven,2005,0.354577571153641
ven,2006,0.378637135028839
ven,2007,0.402351558208466
ven,2008,0.369890719652176
ven,2009,0.442803531885147
ven,2010,0.368332535028458
ven,2011,0.366589903831482
ven,2012,0.404070019721985
ven,2013,0.402417540550232
ven,2014,0.488181322813034
ven,2015,0.294845402240753
ven,2016,0.293003350496292
ven,2017,0.234302878379822
ven,2018,0.148596912622452
ven,2019,0.0843637511134148
ven,2020,0.0843637511134148
ven,2021,0.0843637511134148
ven,2022,0.0843637511134148
ven,2023,0.0843637511134148
vgb,1991,0.389665007591248
vgb,1992,0.389665007591248
vgb,1993,0.389665007591248
vgb,1994,0.389665007591248
vgb,1995,0.389665007591248
vgb,1996,0.372447580099106
vgb,1997,0.402034670114517
vgb,1998,0.398839056491852
vgb,1999,0.380558252334595
vgb,2000,0.380558252334595
vgb,2001,0.380558252334595
vgb,2002,0.380558252334595
vgb,2003,0.380558252334595
vgb,2004,0.380558252334595
vgb,2005,0.380558252334595
vgb,2006,0.380558252334595
vgb,2007,0.380558252334595
vgb,2008,0.380558252334595
vgb,2009,0.380558252334595
vgb,2010,0.380558252334595
vgb,2011,0.380558252334595
vgb,2012,0.380558252334595
vgb,2013,0.380558252334595
vgb,2014,0.380558252334595
vgb,2015,0.380558252334595
vgb,2016,0.380558252334595
vgb,2017,0.380558252334595
vgb,2018,0.380558252334595
vgb,2019,0.380558252334595
vgb,2020,0.380558252334595
vgb,2021,0.380558252334595
vgb,2022,0.380558252334595
vgb,2023,0.380558252334595
zaf,1950,0.6030113697052
zaf,1951,0.6030113697052
zaf,1952,0.6030113697052
zaf,1953,0.6030113697052
zaf,1954,0.6030113697052
zaf,1955,0.6030113697052
zaf,1956,0.6030113697052
zaf,1957,0.6030113697052
zaf,1958,0.6030113697052
zaf,1959,0.6030113697052
zaf,1960,0.6030113697052
zaf,1961,0.6030113697052
zaf,1962,0.6030113697052
zaf,1963,0.6030113697052
zaf,1964,0.6030113697052
zaf,1965,0.6030113697052
zaf,1966,0.6030113697052
zaf,1967,0.6030113697052
zaf,1968,0.6030113697052
zaf,1969,0.6030113697052
zaf,1970,0.6030113697052
zaf,1971,0.6030113697052
zaf,1972,0.6030113697052
zaf,1973,0.6030113697052
zaf,1974,0.6030113697052
zaf,1975,0.6030113697052
zaf,1976,0.6030113697052
zaf,1977,0.6030113697052
zaf,1978,0.6030113697052
zaf,1979,0.599622309207916
zaf,1980,0.559101939201355
zaf,1981,0.6030113697052
zaf,1982,0.6030113697052
zaf,1983,0.6030113697052
zaf,1984,0.6030113697052
zaf,1985,0.6030113697052
zaf,1986,0.6030113697052
zaf,1987,0.6030113697052
zaf,1988,0.6030113697052
zaf,1989,0.6030113697052
zaf,1990,0.6030113697052
zaf,1991,0.6030113697052
zaf,1992,0.598554968833923
zaf,1993,0.590160191059113
zaf,1994,0.585806787014008
zaf,1995,0.577627778053284
zaf,1996,0.575823307037354
zaf,1997,0.576811611652374
zaf,1998,0.587436735630035
zaf,1999,0.583844900131226
zaf,2000,0.560959577560425
zaf,2001,0.545660257339478
zaf,2002,0.520398855209351
zaf,2003,0.522316336631775
zaf,2004,0.523549377918243
zaf,2005,0.517016589641571
zaf,2006,0.516635954380035
zaf,2007,0.515957415103912
zaf,2008,0.524619877338409
zaf,2009,0.52533894777298
zaf,2010,0.530748546123505
zaf,2011,0.539686560630798
zaf,2012,0.551815271377564
zaf,2013,0.560694217681885
zaf,2014,0.570490717887878
zaf,2015,0.581521689891815
zaf,2016,0.582387626171112
zaf,2017,0.58246785402298
zaf,2018,0.580403923988342
zaf,2019,0.575830936431885
zaf,2020,0.574991047382355
zaf,2021,0.549657166004181
zaf,2022,0.545401811599731
zaf,2023,0.542889833450317
zmb,1955,0.445720881223679
zmb,1956,0.445720881223679
zmb,1957,0.445720881223679
zmb,1958,0.445720881223679
zmb,1959,0.445720881223679
zmb,1960,0.445720881223679
zmb,1961,0.445720881223679
zmb,1962,0.445720881223679
zmb,1963,0.445720881223679
zmb,1964,0.445720881223679
zmb,1965,0.445720881223679
zmb,1966,0.445720881223679
zmb,1967,0.445720881223679
zmb,1968,0.445720881223679
zmb,1969,0.445720881223679
zmb,1970,0.445720881223679
zmb,1971,0.445720881223679
zmb,1972,0.445720881223679
zmb,1973,0.445720881223679
zmb,1974,0.445720881223679
zmb,1975,0.445720881223679
zmb,1976,0.445720881223679
zmb,1977,0.445720881223679
zmb,1978,0.445720881223679
zmb,1979,0.445720881223679
zmb,1980,0.445720881223679
zmb,1981,0.445720881223679
zmb,1982,0.445720881223679
zmb,1983,0.445720881223679
zmb,1984,0.445720881223679
zmb,1985,0.445720881223679
zmb,1986,0.445720881223679
zmb,1987,0.445720881223679
zmb,1988,0.445720881223679
zmb,1989,0.445720881223679
zmb,1990,0.445720881223679
zmb,1991,0.445720881223679
zmb,1992,0.445720881223679
zmb,1993,0.445720881223679
zmb,1994,0.445720881223679
zmb,1995,0.445720881223679
zmb,1996,0.445720881223679
zmb,1997,0.445720881223679
zmb,1998,0.445720881223679
zmb,1999,0.445720881223679
zmb,2000,0.445720881223679
zmb,2001,0.445720881223679
zmb,2002,0.445720881223679
zmb,2003,0.445720881223679
zmb,2004,0.445720881223679
zmb,2005,0.445720881223679
zmb,2006,0.445720881223679
zmb,2007,0.445720881223679
zmb,2008,0.445720881223679
zmb,2009,0.445720881223679
zmb,2010,0.445720881223679
zmb,2011,0.400813043117523
zmb,2012,0.441168904304504
zmb,2013,0.391215801239014
zmb,2014,0.398400843143463
zmb,2015,0.351851046085358
zmb,2016,0.340649783611298
zmb,2017,0.283235907554626
zmb,2018,0.347118228673935
zmb,2019,0.380491942167282
zmb,2020,0.316945940256119
zmb,2021,0.299980849027634
zmb,2022,0.299980849027634
zmb,2023,0.299980849027634
zwe,1954,0.660198390483856
zwe,1955,0.660198390483856
zwe,1956,0.660198390483856
zwe,1957,0.660198390483856
zwe,1958,0.660198390483856
zwe,1959,0.660198390483856
zwe,1960,0.660198390483856
zwe,1961,0.660198390483856
zwe,1962,0.660198390483856
zwe,1963,0.660198390483856
zwe,1964,0.660198390483856
zwe,1965,0.660198390483856
zwe,1966,0.660198390483856
zwe,1967,0.660198390483856
zwe,1968,0.660198390483856
zwe,1969,0.660198390483856
zwe,1970,0.660198390483856
zwe,1971,0.661649167537689
zwe,1972,0.652342677116394
zwe,1973,0.64673513174057
zwe,1974,0.635396480560303
zwe,1975,0.671461522579193
zwe,1976,0.681808888912201
zwe,1977,0.7165407538414
zwe,1978,0.693902015686035
zwe,1979,0.66696310043335
zwe,1980,0.68265962600708
zwe,1981,0.683451771736145
zwe,1982,0.695636749267578
zwe,1983,0.639040768146515
zwe,1984,0.694709181785584
zwe,1985,0.626013040542603
zwe,1986,0.587958335876465
zwe,1987,0.57580041885376
zwe,1988,0.557591497898102
zwe,1989,0.5311558842659
zwe,1990,0.533381104469299
zwe,1991,0.533381104469299
zwe,1992,0.533381104469299
zwe,1993,0.533381104469299
zwe,1994,0.533381104469299
zwe,1995,0.533381104469299
zwe,1996,0.533381104469299
zwe,1997,0.533381104469299
zwe,1998,0.533381104469299
zwe,1999,0.533381104469299
zwe,2000,0.533381104469299
zwe,2001,0.533381104469299
zwe,2002,0.533381104469299
zwe,2003,0.533381104469299
zwe,2004,0.533381104469299
zwe,2005,0.533381104469299
zwe,2006,0.533381104469299
zwe,2007,0.533381104469299
zwe,2008,0.533381104469299
zwe,2009,0.533381104469299
zwe,2010,0.533381104469299
zwe,2011,0.533381104469299
zwe,2012,0.533381104469299
zwe,2013,0.533381104469299
zwe,2014,0.533381104469299
zwe,2015,0.533381104469299
zwe,2016,0.533381104469299
zwe,2017,0.533381104469299
zwe,2018,0.533381104469299
zwe,2019,0.533381104469299
zwe,2020,0.533381104469299
zwe,2021,0.533381104469299
zwe,2022,0.533381104469299
zwe,2023,0.533381104469299
