country,year,cwtfp
ago,1974,0.644051194190979
ago,1975,0.601991713047028
ago,1976,0.535118341445923
ago,1977,0.521361470222473
ago,1978,0.477439671754837
ago,1979,0.465908646583557
ago,1980,0.457391023635864
ago,1981,0.448909670114517
ago,1982,0.468425780534744
ago,1983,0.424754112958908
ago,1984,0.416278272867203
ago,1985,0.396914333105087
ago,1986,0.352905571460724
ago,1987,0.347841799259186
ago,1988,0.316217124462128
ago,1989,0.308413743972778
ago,1990,0.290649324655533
ago,1991,0.293786317110062
ago,1992,0.307972520589829
ago,1993,0.203610226511955
ago,1994,0.195263460278511
ago,1995,0.212546199560165
ago,1996,0.20513641834259
ago,1997,0.20642814040184
ago,1998,0.219300240278244
ago,1999,0.192656233906746
ago,2000,0.122341699898243
ago,2001,0.14193058013916
ago,2002,0.144047543406487
ago,2003,0.151952564716339
ago,2004,0.159518003463745
ago,2005,0.172304779291153
ago,2006,0.187231257557869
ago,2007,0.204038366675377
ago,2008,0.231842502951622
ago,2009,0.220462441444397
ago,2010,0.218795359134674
ago,2011,0.258392989635468
ago,2012,0.283846169710159
ago,2013,0.314964950084686
ago,2014,0.341717749834061
ago,2015,0.359178572893143
ago,2016,0.330461263656616
ago,2017,0.298041999340057
ago,2018,0.30831915140152
ago,2019,0.300536632537842
ago,2020,0.33801594376564
ago,2021,0.362083375453949
ago,2022,0.395717889070511
ago,2023,0.390111833810806
alb,1974,0.440382480621338
alb,1975,0.448251813650131
alb,1976,0.431075096130371
alb,1977,0.420825362205505
alb,1978,0.414114952087402
alb,1979,0.414943307638168
alb,1980,0.441045850515366
alb,1981,0.420598894357681
alb,1982,0.416406482458115
alb,1983,0.392534464597702
alb,1984,0.364076226949692
alb,1985,0.350818544626236
alb,1986,0.338546067476273
alb,1987,0.330207854509354
alb,1988,0.320354044437408
alb,1989,0.325001657009125
alb,1990,0.336170524358749
alb,1991,0.328295677900314
alb,1992,0.421838134527206
alb,1993,0.405545711517334
alb,1994,0.369646012783051
alb,1995,0.40825566649437
alb,1996,0.447602093219757
alb,1997,0.39673987030983
alb,1998,0.36129355430603
alb,1999,0.360465884208679
alb,2000,0.379549622535706
alb,2001,0.414375394582748
alb,2002,0.443042665719986
alb,2003,0.475917607545853
alb,2004,0.492761641740799
alb,2005,0.517560839653015
alb,2006,0.529146254062653
alb,2007,0.562403202056885
alb,2008,0.635679841041565
alb,2009,0.643414556980133
alb,2010,0.581429779529572
alb,2011,0.618593692779541
alb,2012,0.563414514064789
alb,2013,0.561528205871582
alb,2014,0.572540879249573
alb,2015,0.618972778320313
alb,2016,0.614883840084076
alb,2017,0.624443173408508
alb,2018,0.503837585449219
alb,2019,0.508929014205933
alb,2020,0.515288352966309
alb,2021,0.509729623794556
alb,2022,0.511917591094971
alb,2023,0.529055833816528
arg,1954,0.696135759353638
arg,1955,0.713176310062408
arg,1956,0.675900459289551
arg,1957,0.694175899028778
arg,1958,0.719294846057892
arg,1959,0.640907108783722
arg,1960,0.663261413574219
arg,1961,0.67005467414856
arg,1962,0.633799612522125
arg,1963,0.583929836750031
arg,1964,0.614184260368347
arg,1965,0.656034529209137
arg,1966,0.617384433746338
arg,1967,0.622936189174652
arg,1968,0.624303877353668
arg,1969,0.655522525310516
arg,1970,0.648783624172211
arg,1971,0.648176431655884
arg,1972,0.626245141029358
arg,1973,0.622578024864197
arg,1974,0.679132759571075
arg,1975,0.670510828495026
arg,1976,0.605195105075836
arg,1977,0.60223513841629
arg,1978,0.561434626579285
arg,1979,0.623491525650024
arg,1980,0.680352807044983
arg,1981,0.647281110286713
arg,1982,0.618696928024292
arg,1983,0.623151898384094
arg,1984,0.615970373153687
arg,1985,0.545262217521668
arg,1986,0.601340234279633
arg,1987,0.612550437450409
arg,1988,0.57888799905777
arg,1989,0.519210577011108
arg,1990,0.521711766719818
arg,1991,0.597877502441406
arg,1992,0.644349455833435
arg,1993,0.66178172826767
arg,1994,0.691571295261383
arg,1995,0.699012875556946
arg,1996,0.826210081577301
arg,1997,0.818405508995056
arg,1998,0.775307714939117
arg,1999,0.718309760093689
arg,2000,0.68538373708725
arg,2001,0.646169245243073
arg,2002,0.54766047000885
arg,2003,0.589350759983063
arg,2004,0.620323896408081
arg,2005,0.636601388454437
arg,2006,0.681050658226013
arg,2007,0.724619269371033
arg,2008,0.746602416038513
arg,2009,0.696975708007813
arg,2010,0.745197653770447
arg,2011,0.800050020217896
arg,2012,0.786890864372253
arg,2013,0.803545773029327
arg,2014,0.769463121891022
arg,2015,0.784319162368774
arg,2016,0.805734992027283
arg,2017,0.877571403980255
arg,2018,0.872691333293915
arg,2019,0.77650511264801
arg,2020,0.761044859886169
arg,2021,0.741761982440949
arg,2022,0.795128107070923
arg,2023,0.760598659515381
arm,1994,0.243120938539505
arm,1995,0.258563011884689
arm,1996,0.262257426977158
arm,1997,0.260447144508362
arm,1998,0.252717137336731
arm,1999,0.253780901432037
arm,2000,0.275088787078857
arm,2001,0.301063627004623
arm,2002,0.367626965045929
arm,2003,0.405910462141037
arm,2004,0.447421163320541
arm,2005,0.499786555767059
arm,2006,0.573826730251312
arm,2007,0.657248914241791
arm,2008,0.65825355052948
arm,2009,0.665502309799194
arm,2010,0.685433566570282
arm,2011,0.713364720344544
arm,2012,0.755462765693665
arm,2013,0.649713933467865
arm,2014,0.666622459888458
arm,2015,0.663786768913269
arm,2016,0.701275885105133
arm,2017,0.806015968322754
arm,2018,0.700548112392426
arm,2019,0.720992386341095
arm,2020,0.643045961856842
arm,2021,0.548358917236328
arm,2022,0.553191781044006
arm,2023,0.580135345458984
aus,1954,0.854410231113434
aus,1955,0.820874989032745
aus,1956,0.772493422031403
aus,1957,0.780027747154236
aus,1958,0.814947426319122
aus,1959,0.823729336261749
aus,1960,0.797389209270477
aus,1961,0.769511580467224
aus,1962,0.80134916305542
aus,1963,0.825443089008331
aus,1964,0.851790368556976
aus,1965,0.836115419864655
aus,1966,0.842808723449707
aus,1967,0.843069434165955
aus,1968,0.854990959167481
aus,1969,0.873949885368347
aus,1970,0.873019397258759
aus,1971,0.844485461711884
aus,1972,0.83370578289032
aus,1973,0.829501688480377
aus,1974,0.789184093475342
aus,1975,0.827140152454376
aus,1976,0.83796501159668
aus,1977,0.820333540439606
aus,1978,0.852785587310791
aus,1979,0.860577702522278
aus,1980,0.920822083950043
aus,1981,0.943031370639801
aus,1982,0.917137563228607
aus,1983,0.916829764842987
aus,1984,0.870515167713165
aus,1985,0.866330981254578
aus,1986,0.827335238456726
aus,1987,0.842581450939179
aus,1988,0.858290195465088
aus,1989,0.860394239425659
aus,1990,0.819919466972351
aus,1991,0.839073121547699
aus,1992,0.835262298583984
aus,1993,0.830025792121887
aus,1994,0.840876996517181
aus,1995,0.837127685546875
aus,1996,0.837363421916962
aus,1997,0.854980766773224
aus,1998,0.85752934217453
aus,1999,0.84921658039093
aus,2000,0.811642825603485
aus,2001,0.838640868663788
aus,2002,0.8624307513237
aus,2003,0.868378520011902
aus,2004,0.856065452098846
aus,2005,0.828690826892853
aus,2006,0.825992286205292
aus,2007,0.834448456764221
aus,2008,0.802553236484528
aus,2009,0.833965659141541
aus,2010,0.841215670108795
aus,2011,0.862037062644959
aus,2012,0.856123745441437
aus,2013,0.801815390586853
aus,2014,0.805542767047882
aus,2015,0.7994544506073
aus,2016,0.801772058010101
aus,2017,0.800892949104309
aus,2018,0.783070266246796
aus,2019,0.742431938648224
aus,2020,0.769448101520538
aus,2021,0.758075952529907
aus,2022,0.775302231311798
aus,2023,0.770557165145874
aut,1954,0.678801715373993
aut,1955,0.715062081813812
aut,1956,0.713992655277252
aut,1957,0.726085960865021
aut,1958,0.74767529964447
aut,1959,0.755568563938141
aut,1960,0.803623676300049
aut,1961,0.813590824604034
aut,1962,0.797943592071533
aut,1963,0.818408489227295
aut,1964,0.841569006443024
aut,1965,0.846406877040863
aut,1966,0.864386796951294
aut,1967,0.876887261867523
aut,1968,0.885045349597931
aut,1969,0.899866104125977
aut,1970,0.947289407253265
aut,1971,0.947537422180176
aut,1972,0.953460395336151
aut,1973,0.984854876995087
aut,1974,1.00919210910797
aut,1975,1.03824377059937
aut,1976,1.03966081142426
aut,1977,1.04790163040161
aut,1978,1.00483751296997
aut,1979,1.04035186767578
aut,1980,1.06400048732758
aut,1981,1.03578555583954
aut,1982,1.00130832195282
aut,1983,0.948572218418121
aut,1984,0.871236801147461
aut,1985,0.852328538894653
aut,1986,0.8487908244133
aut,1987,0.865231513977051
aut,1988,0.883287787437439
aut,1989,0.898979187011719
aut,1990,0.905307292938232
aut,1991,0.931136667728424
aut,1992,0.926342010498047
aut,1993,0.920858502388001
aut,1994,0.938819944858551
aut,1995,0.981687247753143
aut,1996,0.953046381473541
aut,1997,0.959616363048554
aut,1998,0.975006878376007
aut,1999,0.96901923418045
aut,2000,0.968205034732819
aut,2001,0.968310594558716
aut,2002,0.956080615520477
aut,2003,0.939530491828919
aut,2004,0.918790102005005
aut,2005,0.896829128265381
aut,2006,0.896585047245026
aut,2007,0.897476494312286
aut,2008,0.899938464164734
aut,2009,0.898413896560669
aut,2010,0.859656989574432
aut,2011,0.867173850536346
aut,2012,0.876254916191101
aut,2013,0.858347535133362
aut,2014,0.843641400337219
aut,2015,0.842991292476654
aut,2016,0.856441020965576
aut,2017,0.84977400302887
aut,2018,0.845791101455689
aut,2019,0.859527289867401
aut,2020,0.848184823989868
aut,2021,0.855477809906006
aut,2022,0.876604437828064
aut,2023,0.830875813961029
bdi,1980,0.299672722816467
bdi,1981,0.299336344003677
bdi,1982,0.294444620609283
bdi,1983,0.277497112751007
bdi,1984,0.257345944643021
bdi,1985,0.258980065584183
bdi,1986,0.264025986194611
bdi,1987,0.260613441467285
bdi,1988,0.274986237287521
bdi,1989,0.25551438331604
bdi,1990,0.320467263460159
bdi,1991,0.342332750558853
bdi,1992,0.321653038263321
bdi,1993,0.265120506286621
bdi,1994,0.262190073728561
bdi,1995,0.234585255384445
bdi,1996,0.208090752363205
bdi,1997,0.161108180880547
bdi,1998,0.164270579814911
bdi,1999,0.130934298038483
bdi,2000,0.1600641310215
bdi,2001,0.152694180607796
bdi,2002,0.167130067944527
bdi,2003,0.146959662437439
bdi,2004,0.141369208693504
bdi,2005,0.172067701816559
bdi,2006,0.160859912633896
bdi,2007,0.154698565602303
bdi,2008,0.170734137296677
bdi,2009,0.173285201191902
bdi,2010,0.17681422829628
bdi,2011,0.192804723978043
bdi,2012,0.206676945090294
bdi,2013,0.234575524926186
bdi,2014,0.23695681989193
bdi,2015,0.232652485370636
bdi,2016,0.229182600975037
bdi,2017,0.230004459619522
bdi,2018,0.226946398615837
bdi,2019,0.244285434484482
bdi,2020,0.242862746119499
bdi,2021,0.224429115653038
bdi,2022,0.226701840758324
bdi,2023,0.225425213575363
bel,1954,0.721993863582611
bel,1955,0.712953329086304
bel,1956,0.73870861530304
bel,1957,0.738019526004791
bel,1958,0.712627232074738
bel,1959,0.727292239665985
bel,1960,0.755287408828735
bel,1961,0.776905953884125
bel,1962,0.78107613325119
bel,1963,0.795179307460785
bel,1964,0.833249092102051
bel,1965,0.833814680576325
bel,1966,0.83845853805542
bel,1967,0.85241574048996
bel,1968,0.859183967113495
bel,1969,0.892896771430969
bel,1970,0.927718818187714
bel,1971,0.922895193099976
bel,1972,0.946139752864838
bel,1973,1.00358963012695
bel,1974,1.071328997612
bel,1975,1.06007492542267
bel,1976,1.09524345397949
bel,1977,1.09706127643585
bel,1978,1.12595081329346
bel,1979,1.21682000160217
bel,1980,1.35471200942993
bel,1981,1.25742161273956
bel,1982,1.25351083278656
bel,1983,1.15395164489746
bel,1984,1.07646107673645
bel,1985,1.02154409885407
bel,1986,1.02370846271515
bel,1987,1.06567454338074
bel,1988,1.09748125076294
bel,1989,1.12859809398651
bel,1990,1.13146471977234
bel,1991,1.16004168987274
bel,1992,1.13532733917236
bel,1993,1.13233840465546
bel,1994,1.15040874481201
bel,1995,1.13667964935303
bel,1996,1.119065284729
bel,1997,1.15310037136078
bel,1998,1.14500331878662
bel,1999,1.12950968742371
bel,2000,1.16220951080322
bel,2001,1.16755199432373
bel,2002,1.15532171726227
bel,2003,1.07214391231537
bel,2004,1.03789246082306
bel,2005,1.00931489467621
bel,2006,0.981802642345429
bel,2007,0.987449049949646
bel,2008,1.02161705493927
bel,2009,1.00217509269714
bel,2010,0.957104444503784
bel,2011,0.98473072052002
bel,2012,0.988079488277435
bel,2013,0.961561799049377
bel,2014,0.980857968330383
bel,2015,0.967212617397308
bel,2016,0.978356599807739
bel,2017,0.959201812744141
bel,2018,0.958358407020569
bel,2019,0.964295566082001
bel,2020,0.945792734622955
bel,2021,0.921009063720703
bel,2022,0.930262804031372
bel,2023,0.92982828617096
ben,1980,0.704615950584412
ben,1981,0.738660931587219
ben,1982,0.637836217880249
ben,1983,0.599508762359619
ben,1984,0.576837360858917
ben,1985,0.616717278957367
ben,1986,0.546814143657684
ben,1987,0.480868369340897
ben,1988,0.463966220617294
ben,1989,0.397129684686661
ben,1990,0.386744350194931
ben,1991,0.383013039827347
ben,1992,0.354056864976883
ben,1993,0.332456827163696
ben,1994,0.299216628074646
ben,1995,0.3236423432827
ben,1996,0.332057297229767
ben,1997,0.365591198205948
ben,1998,0.382028639316559
ben,1999,0.417168438434601
ben,2000,0.427807241678238
ben,2001,0.452504903078079
ben,2002,0.453173518180847
ben,2003,0.462232023477554
ben,2004,0.473665356636047
ben,2005,0.466376304626465
ben,2006,0.472788244485855
ben,2007,0.482115238904953
ben,2008,0.481837421655655
ben,2009,0.484695881605148
ben,2010,0.458562016487122
ben,2011,0.449866831302643
ben,2012,0.455288112163544
ben,2013,0.467475920915604
ben,2014,0.46130296587944
ben,2015,0.482984840869904
ben,2016,0.471043735742569
ben,2017,0.467091262340546
ben,2018,0.454582929611206
ben,2019,0.455001026391983
ben,2020,0.443880379199982
ben,2021,0.420798271894455
ben,2022,0.417247802019119
ben,2023,0.408438354730606
bfa,1963,0.663927853107452
bfa,1964,0.677344501018524
bfa,1965,0.628402948379517
bfa,1966,0.608262121677399
bfa,1967,0.676886141300201
bfa,1968,0.680183708667755
bfa,1969,0.68144702911377
bfa,1970,0.64937949180603
bfa,1971,0.565886676311493
bfa,1972,0.663901031017304
bfa,1973,0.603857636451721
bfa,1974,0.653864920139313
bfa,1975,0.685517132282257
bfa,1976,0.629685997962952
bfa,1977,0.683626174926758
bfa,1978,0.724595725536346
bfa,1979,0.71057254076004
bfa,1980,0.707479178905487
bfa,1981,0.677816987037659
bfa,1982,0.660622954368591
bfa,1983,0.568644225597382
bfa,1984,0.489107638597488
bfa,1985,0.507085144519806
bfa,1986,0.520402193069458
bfa,1987,0.471343696117401
bfa,1988,0.470903784036636
bfa,1989,0.444633364677429
bfa,1990,0.417989194393158
bfa,1991,0.429361283779144
bfa,1992,0.393584460020065
bfa,1993,0.393083870410919
bfa,1994,0.321341782808304
bfa,1995,0.339036792516708
bfa,1996,0.37020269036293
bfa,1997,0.362285822629929
bfa,1998,0.367306709289551
bfa,1999,0.393756181001663
bfa,2000,0.389872968196869
bfa,2001,0.396993488073349
bfa,2002,0.400691956281662
bfa,2003,0.427269101142883
bfa,2004,0.447174102067947
bfa,2005,0.445167422294617
bfa,2006,0.454276591539383
bfa,2007,0.45512267947197
bfa,2008,0.427324146032333
bfa,2009,0.421061515808105
bfa,2010,0.404950737953186
bfa,2011,0.412083476781845
bfa,2012,0.432704955339432
bfa,2013,0.425837278366089
bfa,2014,0.403497815132141
bfa,2015,0.418203443288803
bfa,2016,0.441325217485428
bfa,2017,0.437713384628296
bfa,2018,0.414676398038864
bfa,2019,0.433357656002045
bfa,2020,0.448928594589233
bfa,2021,0.418731540441513
bfa,2022,0.433765828609467
bfa,2023,0.438113331794739
bgr,1974,2.39340996742249
bgr,1975,2.47441029548645
bgr,1976,2.41266703605652
bgr,1977,2.37498784065247
bgr,1978,2.38717007637024
bgr,1979,2.47032976150513
bgr,1980,2.4988648891449
bgr,1981,2.57683157920837
bgr,1982,2.60476756095886
bgr,1983,2.56162261962891
bgr,1984,2.41466212272644
bgr,1985,2.44353652000427
bgr,1986,2.45265245437622
bgr,1987,2.49120020866394
bgr,1988,2.45704293251038
bgr,1989,2.35250163078308
bgr,1990,2.50793480873108
bgr,1991,2.26269626617432
bgr,1992,2.1288743019104
bgr,1993,1.94472980499268
bgr,1994,1.65394878387451
bgr,1995,1.46915888786316
bgr,1996,1.4203268289566
bgr,1997,0.932900607585907
bgr,1998,1.04746997356415
bgr,1999,0.989518761634827
bgr,2000,1.01464784145355
bgr,2001,1.02295577526093
bgr,2002,1.01372861862183
bgr,2003,1.05847215652466
bgr,2004,1.01894390583038
bgr,2005,0.968505084514618
bgr,2006,0.966969728469849
bgr,2007,1.01452541351318
bgr,2008,0.991809964179993
bgr,2009,0.909636437892914
bgr,2010,0.821124196052551
bgr,2011,0.793245375156403
bgr,2012,0.805617809295654
bgr,2013,0.746975779533386
bgr,2014,0.742752194404602
bgr,2015,0.73869651556015
bgr,2016,0.751615285873413
bgr,2017,0.732578754425049
bgr,2018,0.753681182861328
bgr,2019,0.783954620361328
bgr,2020,0.776486814022064
bgr,2021,0.822620153427124
bgr,2022,0.855143427848816
bgr,2023,0.84175705909729
bhr,1974,0.722776234149933
bhr,1975,0.594151437282562
bhr,1976,0.775998830795288
bhr,1977,0.736700177192688
bhr,1978,0.667451918125153
bhr,1979,0.688731193542481
bhr,1980,0.728981256484985
bhr,1981,0.72800600528717
bhr,1982,0.718761146068573
bhr,1983,0.777254641056061
bhr,1984,0.810621023178101
bhr,1985,0.545069217681885
bhr,1986,0.508138000965118
bhr,1987,0.497248739004135
bhr,1988,0.549325048923492
bhr,1989,0.612422406673431
bhr,1990,0.587332785129547
bhr,1991,0.693976163864136
bhr,1992,0.717757642269135
bhr,1993,0.62570184469223
bhr,1994,0.603199481964111
bhr,1995,0.588992476463318
bhr,1996,0.566053628921509
bhr,1997,0.605552196502686
bhr,1998,0.587175309658051
bhr,1999,0.534943401813507
bhr,2000,0.555752694606781
bhr,2001,0.549725294113159
bhr,2002,0.502820014953613
bhr,2003,0.495574057102203
bhr,2004,0.476639807224274
bhr,2005,0.515317499637604
bhr,2006,0.529296398162842
bhr,2007,0.574656128883362
bhr,2008,0.638932406902313
bhr,2009,0.585496962070465
bhr,2010,0.646164000034332
bhr,2011,0.664111852645874
bhr,2012,0.687790870666504
bhr,2013,0.718376398086548
bhr,2014,0.686386346817017
bhr,2015,0.63152939081192
bhr,2016,0.602498531341553
bhr,2017,0.593062818050385
bhr,2018,0.628149390220642
bhr,2019,0.616831362247467
bhr,2020,0.609884798526764
bhr,2021,0.521422266960144
bhr,2022,0.522810280323029
bhr,2023,0.507139682769775
bol,1954,0.339834570884705
bol,1955,0.349973171949387
bol,1956,0.319084316492081
bol,1957,0.320211917161942
bol,1958,0.323749393224716
bol,1959,0.309442460536957
bol,1960,0.333802610635757
bol,1961,0.33691880106926
bol,1962,0.345894783735275
bol,1963,0.346590578556061
bol,1964,0.34323462843895
bol,1965,0.358765602111816
bol,1966,0.354095011949539
bol,1967,0.357191413640976
bol,1968,0.31694969534874
bol,1969,0.321876049041748
bol,1970,0.326046645641327
bol,1971,0.320750087499619
bol,1972,0.336241483688355
bol,1973,0.333470612764359
bol,1974,0.350488215684891
bol,1975,0.398737341165543
bol,1976,0.383256852626801
bol,1977,0.382112771272659
bol,1978,0.382389307022095
bol,1979,0.374040871858597
bol,1980,0.354633510112762
bol,1981,0.36441645026207
bol,1982,0.366849213838577
bol,1983,0.328068554401398
bol,1984,0.299976199865341
bol,1985,0.350070416927338
bol,1986,0.366115927696228
bol,1987,0.35917529463768
bol,1988,0.353724151849747
bol,1989,0.352050513029099
bol,1990,0.361984729766846
bol,1991,0.377464056015015
bol,1992,0.373340040445328
bol,1993,0.379659056663513
bol,1994,0.378988683223724
bol,1995,0.406617343425751
bol,1996,0.410646796226501
bol,1997,0.410010874271393
bol,1998,0.410346686840057
bol,1999,0.373833984136581
bol,2000,0.343928933143616
bol,2001,0.334200590848923
bol,2002,0.335707098245621
bol,2003,0.326215535402298
bol,2004,0.313395708799362
bol,2005,0.323594838380814
bol,2006,0.338728398084641
bol,2007,0.353831112384796
bol,2008,0.383426010608673
bol,2009,0.381027013063431
bol,2010,0.390648365020752
bol,2011,0.407845497131348
bol,2012,0.420648276805878
bol,2013,0.45096081495285
bol,2014,0.459388166666031
bol,2015,0.454099833965302
bol,2016,0.457707107067108
bol,2017,0.481428056955338
bol,2018,0.456521689891815
bol,2019,0.446485906839371
bol,2020,0.396038979291916
bol,2021,0.387135773897171
bol,2022,0.389894515275955
bol,2023,0.393129467964172
bra,1954,0.518629014492035
bra,1955,0.507789254188538
bra,1956,0.501810073852539
bra,1957,0.530454576015472
bra,1958,0.539143681526184
bra,1959,0.541748821735382
bra,1960,0.562889754772186
bra,1961,0.613239407539368
bra,1962,0.612360894680023
bra,1963,0.616542518138886
bra,1964,0.614328801631928
bra,1965,0.622017681598663
bra,1966,0.610914885997772
bra,1967,0.628036916255951
bra,1968,0.659638702869415
bra,1969,0.642437040805817
bra,1970,0.691672027111054
bra,1971,0.722314238548279
bra,1972,0.746923744678497
bra,1973,0.763926148414612
bra,1974,0.85035628080368
bra,1975,0.840591788291931
bra,1976,0.837977647781372
bra,1977,0.782270550727844
bra,1978,0.771592855453491
bra,1979,0.81902152299881
bra,1980,0.885622382164002
bra,1981,0.770386099815369
bra,1982,0.745072305202484
bra,1983,0.667405426502228
bra,1984,0.62915301322937
bra,1985,0.60799640417099
bra,1986,0.650278508663178
bra,1987,0.625135958194733
bra,1988,0.585719406604767
bra,1989,0.581857740879059
bra,1990,0.543915450572968
bra,1991,0.582200467586517
bra,1992,0.552197754383087
bra,1993,0.575266063213348
bra,1994,0.618552923202515
bra,1995,0.708206415176392
bra,1996,0.81876814365387
bra,1997,0.764083445072174
bra,1998,0.697833836078644
bra,1999,0.630464315414429
bra,2000,0.602379381656647
bra,2001,0.586870133876801
bra,2002,0.560949444770813
bra,2003,0.53056663274765
bra,2004,0.518247783184052
bra,2005,0.507775962352753
bra,2006,0.5261190533638
bra,2007,0.552032947540283
bra,2008,0.567716598510742
bra,2009,0.566650748252869
bra,2010,0.568624794483185
bra,2011,0.584829449653626
bra,2012,0.578079342842102
bra,2013,0.572946488857269
bra,2014,0.558066964149475
bra,2015,0.508305132389069
bra,2016,0.483835071325302
bra,2017,0.47927337884903
bra,2018,0.483623445034027
bra,2019,0.482473611831665
bra,2020,0.495258092880249
bra,2021,0.475468069314957
bra,2022,0.466971307992935
bra,2023,0.463821858167648
brb,1964,1.79616022109985
brb,1965,1.731032371521
brb,1966,1.69589817523956
brb,1967,1.76807105541229
brb,1968,1.72624242305756
brb,1969,1.89251792430878
brb,1970,2.03852653503418
brb,1971,1.95513260364532
brb,1972,1.91171717643738
brb,1973,1.91337406635284
brb,1974,1.80818545818329
brb,1975,1.9441614151001
brb,1976,1.46901988983154
brb,1977,1.38070499897003
brb,1978,1.31744992733002
brb,1979,1.30223906040192
brb,1980,1.27489376068115
brb,1981,1.25974273681641
brb,1982,1.15030467510223
brb,1983,1.0757896900177
brb,1984,1.03855657577515
brb,1985,0.97402036190033
brb,1986,1.07586455345154
brb,1987,1.12103867530823
brb,1988,1.15124464035034
brb,1989,1.18321692943573
brb,1990,1.17250394821167
brb,1991,1.24948108196259
brb,1992,0.959999799728394
brb,1993,1.09301722049713
brb,1994,1.49255883693695
brb,1995,1.54315340518951
brb,1996,1.54492092132568
brb,1997,1.44509792327881
brb,1998,1.40446937084198
brb,1999,1.30359935760498
brb,2000,1.19303357601166
brb,2001,1.1037232875824
brb,2002,1.06245088577271
brb,2003,0.932288885116577
brb,2004,0.936342537403107
brb,2005,0.917603969573975
brb,2006,0.899910271167755
brb,2007,0.880277872085571
brb,2008,0.853381276130676
brb,2009,0.782283544540405
brb,2010,0.74840247631073
brb,2011,0.730587780475617
brb,2012,0.701989054679871
brb,2013,0.667054533958435
brb,2014,0.65364807844162
brb,2015,0.612070977687836
brb,2016,0.593725681304932
brb,2017,0.576286911964417
brb,2018,0.542737007141113
brb,2019,0.528011202812195
brb,2020,0.514997601509094
brb,2021,0.484764993190765
brb,2022,0.547100722789764
brb,2023,0.542216956615448
bwa,1964,0.45022839307785
bwa,1965,0.414714217185974
bwa,1966,0.440786302089691
bwa,1967,0.520715832710266
bwa,1968,0.565959393978119
bwa,1969,0.545474410057068
bwa,1970,0.582325100898743
bwa,1971,0.562543630599976
bwa,1972,0.550641536712647
bwa,1973,0.58493709564209
bwa,1974,0.577191889286041
bwa,1975,0.588555991649628
bwa,1976,0.598807752132416
bwa,1977,0.608869731426239
bwa,1978,0.63639897108078
bwa,1979,0.686564385890961
bwa,1980,0.753175616264343
bwa,1981,0.766645133495331
bwa,1982,0.779655575752258
bwa,1983,0.72765976190567
bwa,1984,0.666420042514801
bwa,1985,0.715002715587616
bwa,1986,0.713554859161377
bwa,1987,0.695778727531433
bwa,1988,0.665821254253388
bwa,1989,0.856793999671936
bwa,1990,0.840780735015869
bwa,1991,0.781744837760925
bwa,1992,0.703967154026032
bwa,1993,0.658075928688049
bwa,1994,0.630440473556519
bwa,1995,0.668958008289337
bwa,1996,0.651509404182434
bwa,1997,0.685865104198456
bwa,1998,0.697548151016235
bwa,1999,0.594081223011017
bwa,2000,0.589293897151947
bwa,2001,0.545551478862763
bwa,2002,0.537961184978485
bwa,2003,0.53865772485733
bwa,2004,0.576206088066101
bwa,2005,0.591281592845917
bwa,2006,0.590809881687164
bwa,2007,0.60285609960556
bwa,2008,0.825196325778961
bwa,2009,0.673950493335724
bwa,2010,0.654073357582092
bwa,2011,0.645207643508911
bwa,2012,0.623801529407501
bwa,2013,0.59346878528595
bwa,2014,0.6144779920578
bwa,2015,0.625147581100464
bwa,2016,0.61492657661438
bwa,2017,0.617540061473846
bwa,2018,0.602059781551361
bwa,2019,0.634319126605988
bwa,2020,0.642491757869721
bwa,2021,0.577800571918488
bwa,2022,0.582982361316681
bwa,2023,0.592359960079193
caf,1980,0.473572582006454
caf,1981,0.521698594093323
caf,1982,0.542326271533966
caf,1983,0.494695454835892
caf,1984,0.508877158164978
caf,1985,0.532159805297852
caf,1986,0.524579882621765
caf,1987,0.483199268579483
caf,1988,0.478340119123459
caf,1989,0.489772319793701
caf,1990,0.484681159257889
caf,1991,0.47796294093132
caf,1992,0.442885935306549
caf,1993,0.404612839221954
caf,1994,0.453445732593536
caf,1995,0.455469816923142
caf,1996,0.38218155503273
caf,1997,0.385084927082062
caf,1998,0.396619826555252
caf,1999,0.398548513650894
caf,2000,0.393994778394699
caf,2001,0.39478150010109
caf,2002,0.382082998752594
caf,2003,0.340028613805771
caf,2004,0.365810960531235
caf,2005,0.378495901823044
caf,2006,0.428578734397888
caf,2007,0.433505445718765
caf,2008,0.425379395484924
caf,2009,0.417542934417725
caf,2010,0.377890110015869
caf,2011,0.342674106359482
caf,2012,0.370522201061249
caf,2013,0.2460657954216
caf,2014,0.235123500227928
caf,2015,0.241089567542076
caf,2016,0.252297729253769
caf,2017,0.243670955300331
caf,2018,0.250493317842484
caf,2019,0.264624863862991
caf,2020,0.269521504640579
caf,2021,0.254384905099869
caf,2022,0.254666656255722
caf,2023,0.239393785595894
can,1954,0.861485719680786
can,1955,0.90647166967392
can,1956,0.956421136856079
can,1957,0.936682879924774
can,1958,0.951445996761322
can,1959,0.952416002750397
can,1960,0.962221026420593
can,1961,0.970824599266052
can,1962,0.971396625041962
can,1963,0.973432540893555
can,1964,1.00549459457397
can,1965,1.0173465013504
can,1966,1.01675474643707
can,1967,1.00896155834198
can,1968,1.01952230930328
can,1969,1.04135298728943
can,1970,1.04163837432861
can,1971,1.04640960693359
can,1972,1.03906357288361
can,1973,1.04054570198059
can,1974,1.0926901102066
can,1975,1.11435258388519
can,1976,1.09814703464508
can,1977,1.07738077640533
can,1978,1.04476630687714
can,1979,1.04461538791657
can,1980,1.05352056026459
can,1981,1.05196213722229
can,1982,1.00167047977448
can,1983,0.983422219753265
can,1984,0.961102306842804
can,1985,0.963457405567169
can,1986,0.952584803104401
can,1987,0.958357214927673
can,1988,0.973295390605927
can,1989,0.988681495189667
can,1990,0.961846351623535
can,1991,0.968563377857208
can,1992,0.938388645648956
can,1993,0.928980648517609
can,1994,0.915806710720062
can,1995,0.90679407119751
can,1996,0.883478343486786
can,1997,0.903028607368469
can,1998,0.873835027217865
can,1999,0.854093551635742
can,2000,0.857249736785889
can,2001,0.860174655914307
can,2002,0.865855693817139
can,2003,0.858198702335358
can,2004,0.844410300254822
can,2005,0.851849257946014
can,2006,0.847213089466095
can,2007,0.843008100986481
can,2008,0.846236765384674
can,2009,0.837202429771423
can,2010,0.828162550926209
can,2011,0.83331972360611
can,2012,0.831365764141083
can,2013,0.806059956550598
can,2014,0.818371832370758
can,2015,0.81041157245636
can,2016,0.815057337284088
can,2017,0.832651078701019
can,2018,0.826686441898346
can,2019,0.793077170848846
can,2020,0.811689972877502
can,2021,0.773232936859131
can,2022,0.793378114700317
can,2023,0.772420227527618
che,1954,0.849491238594055
che,1955,0.879172682762146
che,1956,0.921769559383392
che,1957,0.919440507888794
che,1958,0.844763457775116
che,1959,0.891642272472382
che,1960,0.943240344524384
che,1961,0.976211130619049
che,1962,0.940157771110535
che,1963,0.938792645931244
che,1964,0.952977180480957
che,1965,0.928099513053894
che,1966,0.912671566009522
che,1967,0.927180707454681
che,1968,0.910829842090607
che,1969,0.932191610336304
che,1970,0.97695380449295
che,1971,0.976115107536316
che,1972,0.959093272686005
che,1973,0.968287587165833
che,1974,1.03106594085693
che,1975,0.93957793712616
che,1976,0.916054427623749
che,1977,0.923937976360321
che,1978,0.93815416097641
che,1979,1.02817392349243
che,1980,1.13158059120178
che,1981,1.06050288677216
che,1982,1.06562519073486
che,1983,1.06573975086212
che,1984,0.966473340988159
che,1985,0.90114152431488
che,1986,0.910202085971832
che,1987,0.89156037569046
che,1988,0.872767508029938
che,1989,0.880813777446747
che,1990,0.899502456188202
che,1991,0.865804493427277
che,1992,0.834870874881744
che,1993,0.820905268192291
che,1994,0.820534288883209
che,1995,0.839938461780548
che,1996,0.836516797542572
che,1997,0.861819446086884
che,1998,0.856609702110291
che,1999,0.832514584064484
che,2000,0.833613276481628
che,2001,0.855750560760498
che,2002,0.847163140773773
che,2003,0.809192597866058
che,2004,0.782030045986176
che,2005,0.764141499996185
che,2006,0.747072339057922
che,2007,0.7577183842659
che,2008,0.766832053661346
che,2009,0.765116214752197
che,2010,0.753097891807556
che,2011,0.789091527462006
che,2012,0.811010897159576
che,2013,0.814451336860657
che,2014,0.78991711139679
che,2015,0.777981877326965
che,2016,0.778646945953369
che,2017,0.774996101856232
che,2018,0.771723210811615
che,2019,0.796098589897156
che,2020,0.772771418094635
che,2021,0.734774470329285
che,2022,0.747305929660797
che,2023,0.753726541996002
chl,1955,0.824824392795563
chl,1956,0.816111028194428
chl,1957,0.896165370941162
chl,1958,0.91037255525589
chl,1959,0.886745750904083
chl,1960,0.974907398223877
chl,1961,1.00867176055908
chl,1962,1.00706911087036
chl,1963,1.02358937263489
chl,1964,0.99487715959549
chl,1965,0.960844397544861
chl,1966,1.02365243434906
chl,1967,1.03645968437195
chl,1968,1.00382030010223
chl,1969,1.00886154174805
chl,1970,1.02304971218109
chl,1971,1.04745030403137
chl,1972,1.020179271698
chl,1973,0.925810217857361
chl,1974,0.915160715579987
chl,1975,0.751181960105896
chl,1976,0.712799668312073
chl,1977,0.757744550704956
chl,1978,0.797385692596436
chl,1979,0.861408174037933
chl,1980,0.898902237415314
chl,1981,0.915902256965637
chl,1982,0.753047168254852
chl,1983,0.654554665088654
chl,1984,0.635005533695221
chl,1985,0.590180039405823
chl,1986,0.527807652950287
chl,1987,0.555180490016937
chl,1988,0.566907405853272
chl,1989,0.601498484611511
chl,1990,0.575732290744782
chl,1991,0.59164422750473
chl,1992,0.612823367118835
chl,1993,0.645517647266388
chl,1994,0.652178883552551
chl,1995,0.709116816520691
chl,1996,0.72494238615036
chl,1997,0.716603457927704
chl,1998,0.671839833259583
chl,1999,0.614076197147369
chl,2000,0.616453528404236
chl,2001,0.619047701358795
chl,2002,0.610269486904144
chl,2003,0.604130387306213
chl,2004,0.612776517868042
chl,2005,0.644947469234467
chl,2006,0.691319346427918
chl,2007,0.726328313350678
chl,2008,0.772449731826782
chl,2009,0.725449800491333
chl,2010,0.780991077423096
chl,2011,0.839342772960663
chl,2012,0.865048766136169
chl,2013,0.855560660362244
chl,2014,0.850459158420563
chl,2015,0.825396060943604
chl,2016,0.812816262245178
chl,2017,0.803154408931732
chl,2018,0.84624183177948
chl,2019,0.861054360866547
chl,2020,0.897973954677582
chl,2021,0.937010765075684
chl,2022,0.904746055603027
chl,2023,0.849575340747833
chn,1956,0.251552999019623
chn,1957,0.250244081020355
chn,1958,0.250597149133682
chn,1959,0.230465307831764
chn,1960,0.23541758954525
chn,1961,0.192738100886345
chn,1962,0.188779100775719
chn,1963,0.196128860116005
chn,1964,0.215669453144074
chn,1965,0.229661449790001
chn,1966,0.232406035065651
chn,1967,0.214214190840721
chn,1968,0.195077314972878
chn,1969,0.203566893935204
chn,1970,0.214947029948235
chn,1971,0.210251405835152
chn,1972,0.197884574532509
chn,1973,0.199982479214668
chn,1974,0.207444652915001
chn,1975,0.207148194313049
chn,1976,0.187501475214958
chn,1977,0.181738674640656
chn,1978,0.191593661904335
chn,1979,0.191887870430946
chn,1980,0.19678108394146
chn,1981,0.188765585422516
chn,1982,0.190534889698029
chn,1983,0.195573166012764
chn,1984,0.209765389561653
chn,1985,0.233590334653854
chn,1986,0.230951935052872
chn,1987,0.23623526096344
chn,1988,0.247191146016121
chn,1989,0.246524050831795
chn,1990,0.237243607640266
chn,1991,0.252142637968063
chn,1992,0.270539969205856
chn,1993,0.299825102090836
chn,1994,0.303709656000137
chn,1995,0.310941606760025
chn,1996,0.306853443384171
chn,1997,0.30335795879364
chn,1998,0.296553313732147
chn,1999,0.296906858682632
chn,2000,0.307807415723801
chn,2001,0.318992793560028
chn,2002,0.319475054740906
chn,2003,0.326930105686188
chn,2004,0.340103685855866
chn,2005,0.3432377576828
chn,2006,0.346655189990997
chn,2007,0.363178372383118
chn,2008,0.368095844984055
chn,2009,0.377647995948792
chn,2010,0.364071637392044
chn,2011,0.374738782644272
chn,2012,0.38692906498909
chn,2013,0.381900519132614
chn,2014,0.387079179286957
chn,2015,0.387050718069077
chn,2016,0.39630052447319
chn,2017,0.404887050390244
chn,2018,0.414784610271454
chn,2019,0.424297332763672
chn,2020,0.427301049232483
chn,2021,0.42217817902565
chn,2022,0.424478143453598
chn,2023,0.430936217308044
civ,1964,0.975138485431671
civ,1965,0.829900920391083
civ,1966,0.831795275211334
civ,1967,0.828085064888001
civ,1968,0.835329234600067
civ,1969,0.907059609889984
civ,1970,0.981510281562805
civ,1971,0.92063969373703
civ,1972,0.877716898918152
civ,1973,0.90360826253891
civ,1974,0.958974838256836
civ,1975,0.969249427318573
civ,1976,0.996603846549988
civ,1977,1.0258013010025
civ,1978,1.05762898921967
civ,1979,1.01720261573792
civ,1980,0.837933778762817
civ,1981,0.827966094017029
civ,1982,0.786888957023621
civ,1983,0.704476654529572
civ,1984,0.626144945621491
civ,1985,0.654263496398926
civ,1986,0.670475006103516
civ,1987,0.646217525005341
civ,1988,0.6244797706604
civ,1989,0.65768975019455
civ,1990,0.573932528495789
civ,1991,0.577347695827484
civ,1992,0.545123636722565
civ,1993,0.525409281253815
civ,1994,0.509010136127472
civ,1995,0.545518159866333
civ,1996,0.534370243549347
civ,1997,0.52774178981781
civ,1998,0.529267191886902
civ,1999,0.514515399932861
civ,2000,0.521286845207214
civ,2001,0.551203191280365
civ,2002,0.531900763511658
civ,2003,0.638090789318085
civ,2004,0.615846216678619
civ,2005,0.615994811058044
civ,2006,0.611266136169434
civ,2007,0.624485671520233
civ,2008,0.616766631603241
civ,2009,0.554831504821777
civ,2010,0.519823968410492
civ,2011,0.451533794403076
civ,2012,0.55594277381897
civ,2013,0.620196163654327
civ,2014,0.646251857280731
civ,2015,0.698377907276154
civ,2016,0.69575560092926
civ,2017,0.688913643360138
civ,2018,0.688745141029358
civ,2019,0.694928526878357
civ,2020,0.708387970924377
civ,2021,0.674890577793121
civ,2022,0.664545655250549
civ,2023,0.665023982524872
cmr,1964,0.633169174194336
cmr,1965,0.6303830742836
cmr,1966,0.616273999214172
cmr,1967,0.529414176940918
cmr,1968,0.539729356765747
cmr,1969,0.541548311710358
cmr,1970,0.546434104442596
cmr,1971,0.52293586730957
cmr,1972,0.493532299995422
cmr,1973,0.49950698018074
cmr,1974,0.538072466850281
cmr,1975,0.540338575839996
cmr,1976,0.481607258319855
cmr,1977,0.519853234291077
cmr,1978,0.573518216609955
cmr,1979,0.600413203239441
cmr,1980,0.669696271419525
cmr,1981,0.709849953651428
cmr,1982,0.772386193275452
cmr,1983,0.816507637500763
cmr,1984,0.847934067249298
cmr,1985,0.85215550661087
cmr,1986,0.739701271057129
cmr,1987,0.653950333595276
cmr,1988,0.596094250679016
cmr,1989,0.542758464813232
cmr,1990,0.507003545761108
cmr,1991,0.464563816785812
cmr,1992,0.443920731544495
cmr,1993,0.458273679018021
cmr,1994,0.434811234474182
cmr,1995,0.419683784246445
cmr,1996,0.41525149345398
cmr,1997,0.411406636238098
cmr,1998,0.394550919532776
cmr,1999,0.387953132390976
cmr,2000,0.385492771863937
cmr,2001,0.387680232524872
cmr,2002,0.379509836435318
cmr,2003,0.376804620027542
cmr,2004,0.37676015496254
cmr,2005,0.370670050382614
cmr,2006,0.3660948574543
cmr,2007,0.362758874893189
cmr,2008,0.371880322694778
cmr,2009,0.372576862573624
cmr,2010,0.363351583480835
cmr,2011,0.358436197042465
cmr,2012,0.364973962306976
cmr,2013,0.3761365711689
cmr,2014,0.388320773839951
cmr,2015,0.40110519528389
cmr,2016,0.408010512590408
cmr,2017,0.4108647108078
cmr,2018,0.437224417924881
cmr,2019,0.459238260984421
cmr,2020,0.462576895952225
cmr,2021,0.461543798446655
cmr,2022,0.457396954298019
cmr,2023,0.452452331781387
col,1954,0.624545514583588
col,1955,0.604190468788147
col,1956,0.579047441482544
col,1957,0.550608277320862
col,1958,0.528222441673279
col,1959,0.532508254051209
col,1960,0.556297361850739
col,1961,0.580669760704041
col,1962,0.575926005840302
col,1963,0.567495584487915
col,1964,0.588038444519043
col,1965,0.54768031835556
col,1966,0.564053297042847
col,1967,0.54717755317688
col,1968,0.555580317974091
col,1969,0.566906571388245
col,1970,0.597770035266876
col,1971,0.632577955722809
col,1972,0.637373685836792
col,1973,0.67242705821991
col,1974,0.777966380119324
col,1975,0.778883635997772
col,1976,0.792861223220825
col,1977,0.817322790622711
col,1978,0.868195116519928
col,1979,0.88597184419632
col,1980,0.94304895401001
col,1981,0.921785891056061
col,1982,0.908340036869049
col,1983,0.846269428730011
col,1984,0.793217122554779
col,1985,0.750316739082336
col,1986,0.726577281951904
col,1987,0.72231125831604
col,1988,0.720281720161438
col,1989,0.697078227996826
col,1990,0.693616032600403
col,1991,0.670207440853119
col,1992,0.692467272281647
col,1993,0.711443185806274
col,1994,0.705048620700836
col,1995,0.70427131652832
col,1996,0.665001809597015
col,1997,0.644662618637085
col,1998,0.59299647808075
col,1999,0.51082193851471
col,2000,0.493441820144653
col,2001,0.495020121335983
col,2002,0.475527763366699
col,2003,0.470839858055115
col,2004,0.467356741428375
col,2005,0.462317913770676
col,2006,0.482373237609863
col,2007,0.498631507158279
col,2008,0.516332983970642
col,2009,0.518108427524567
col,2010,0.526525616645813
col,2011,0.560483992099762
col,2012,0.575127363204956
col,2013,0.587980031967163
col,2014,0.600080251693726
col,2015,0.597174346446991
col,2016,0.604897022247315
col,2017,0.587278544902802
col,2018,0.582515716552734
col,2019,0.590268969535828
col,2020,0.603431761264801
col,2021,0.585804462432861
col,2022,0.609794676303864
col,2023,0.581303060054779
cri,1954,1.00722932815552
cri,1955,1.02651917934418
cri,1956,0.984550535678864
cri,1957,1.00943040847778
cri,1958,1.07460498809814
cri,1959,1.03857600688934
cri,1960,1.07854700088501
cri,1961,1.01666605472565
cri,1962,1.01260817050934
cri,1963,1.03681778907776
cri,1964,1.04857814311981
cri,1965,1.10909843444824
cri,1966,1.07410264015198
cri,1967,1.08839499950409
cri,1968,1.0837527513504
cri,1969,1.08741807937622
cri,1970,1.16388094425201
cri,1971,1.11663782596588
cri,1972,1.06186103820801
cri,1973,1.0434308052063
cri,1974,1.11614346504211
cri,1975,1.08729588985443
cri,1976,1.05578720569611
cri,1977,1.11029601097107
cri,1978,1.08922410011292
cri,1979,1.06401097774506
cri,1980,1.0718902349472
cri,1981,0.934593915939331
cri,1982,0.85016131401062
cri,1983,0.840740978717804
cri,1984,0.821585059165955
cri,1985,0.80801784992218
cri,1986,0.834910929203033
cri,1987,0.815497696399689
cri,1988,0.794893682003021
cri,1989,0.795029282569885
cri,1990,0.782774984836578
cri,1991,0.77724289894104
cri,1992,0.775945365428925
cri,1993,0.806803047657013
cri,1994,0.787497043609619
cri,1995,0.783673346042633
cri,1996,0.745996534824371
cri,1997,0.752740561962128
cri,1998,0.735082268714905
cri,1999,0.690957188606262
cri,2000,0.654771447181702
cri,2001,0.652934014797211
cri,2002,0.646873891353607
cri,2003,0.645090937614441
cri,2004,0.622341811656952
cri,2005,0.620456576347351
cri,2006,0.628016412258148
cri,2007,0.653341114521027
cri,2008,0.676221609115601
cri,2009,0.6638463139534
cri,2010,0.674439966678619
cri,2011,0.677666187286377
cri,2012,0.727860927581787
cri,2013,0.721802055835724
cri,2014,0.745986938476563
cri,2015,0.761324167251587
cri,2016,0.798790395259857
cri,2017,0.825428247451782
cri,2018,0.786093294620514
cri,2019,0.759523153305054
cri,2020,0.728543341159821
cri,2021,0.714904129505158
cri,2022,0.688686311244965
cri,2023,0.703046798706055
cyp,1954,0.609507560729981
cyp,1955,0.60035765171051
cyp,1956,0.646753191947937
cyp,1957,0.641089797019959
cyp,1958,0.5208420753479
cyp,1959,0.538869857788086
cyp,1960,0.496644407510757
cyp,1961,0.549068689346314
cyp,1962,0.624125838279724
cyp,1963,0.611509203910828
cyp,1964,0.49486717581749
cyp,1965,0.593203783035278
cyp,1966,0.590752899646759
cyp,1967,0.639941990375519
cyp,1968,0.635168492794037
cyp,1969,0.706843197345734
cyp,1970,0.726307272911072
cyp,1971,0.75096595287323
cyp,1972,0.752054035663605
cyp,1973,0.777739405632019
cyp,1974,0.732501685619354
cyp,1975,0.628766119480133
cyp,1976,0.721448183059692
cyp,1977,0.844495534896851
cyp,1978,0.888868570327759
cyp,1979,0.940699279308319
cyp,1980,0.974653601646423
cyp,1981,0.901866793632507
cyp,1982,0.934184551239014
cyp,1983,0.893590450286865
cyp,1984,0.894995093345642
cyp,1985,0.847666382789612
cyp,1986,0.794797539710999
cyp,1987,0.830005407333374
cyp,1988,0.871002793312073
cyp,1989,0.913733720779419
cyp,1990,0.906038701534271
cyp,1991,0.938201248645783
cyp,1992,0.967898845672607
cyp,1993,0.844043791294098
cyp,1994,0.876333117485046
cyp,1995,0.924848735332489
cyp,1996,0.906092882156372
cyp,1997,0.905081748962402
cyp,1998,0.868239939212799
cyp,1999,0.863871216773987
cyp,2000,0.884021937847138
cyp,2001,0.894576966762543
cyp,2002,0.932900488376617
cyp,2003,0.945013105869293
cyp,2004,0.962630808353424
cyp,2005,0.96571546792984
cyp,2006,1.00044715404511
cyp,2007,1.03691589832306
cyp,2008,1.16490423679352
cyp,2009,1.09400224685669
cyp,2010,1.04572653770447
cyp,2011,0.943630635738373
cyp,2012,0.887974619865418
cyp,2013,0.778343617916107
cyp,2014,0.788311958312988
cyp,2015,0.766455233097076
cyp,2016,0.822330176830292
cyp,2017,0.84421569108963
cyp,2018,0.797289729118347
cyp,2019,0.842729926109314
cyp,2020,0.842336773872376
cyp,2021,0.789850175380707
cyp,2022,0.835271835327148
cyp,2023,0.845766007900238
cze,1994,0.70244026184082
cze,1995,0.714784920215607
cze,1996,0.658537805080414
cze,1997,0.597775936126709
cze,1998,0.527561485767365
cze,1999,0.511844098567963
cze,2000,0.521390557289124
cze,2001,0.566887974739075
cze,2002,0.570603251457214
cze,2003,0.566988289356232
cze,2004,0.562483429908752
cze,2005,0.550319671630859
cze,2006,0.55682247877121
cze,2007,0.59150505065918
cze,2008,0.576974928379059
cze,2009,0.575777113437653
cze,2010,0.574034690856934
cze,2011,0.572964131832123
cze,2012,0.571045935153961
cze,2013,0.559058308601379
cze,2014,0.571871519088745
cze,2015,0.589272379875183
cze,2016,0.583886742591858
cze,2017,0.590520560741425
cze,2018,0.592952251434326
cze,2019,0.616804420948029
cze,2020,0.602719962596893
cze,2021,0.619476854801178
cze,2022,0.624500513076782
cze,2023,0.594668388366699
deu,1954,0.509453475475311
deu,1955,0.538155198097229
deu,1956,0.553836047649384
deu,1957,0.560488164424896
deu,1958,0.564144492149353
deu,1959,0.587162137031555
deu,1960,0.623286664485931
deu,1961,0.626625001430512
deu,1962,0.628114700317383
deu,1963,0.619696140289307
deu,1964,0.645921170711517
deu,1965,0.652925610542297
deu,1966,0.634326338768005
deu,1967,0.618306338787079
deu,1968,0.628695785999298
deu,1969,0.665118098258972
deu,1970,0.69812285900116
deu,1971,0.711768627166748
deu,1972,0.730362057685852
deu,1973,0.752565205097199
deu,1974,0.788131296634674
deu,1975,0.834577798843384
deu,1976,0.835484743118286
deu,1977,0.836805999279022
deu,1978,0.845005512237549
deu,1979,0.877952694892883
deu,1980,0.908217787742615
deu,1981,0.856230735778809
deu,1982,0.836187601089478
deu,1983,0.818769037723541
deu,1984,0.785289943218231
deu,1985,0.761737704277039
deu,1986,0.774050652980804
deu,1987,0.791136026382446
deu,1988,0.806362867355347
deu,1989,0.825511932373047
deu,1990,0.85420036315918
deu,1991,0.928962230682373
deu,1992,0.923054158687592
deu,1993,0.916077435016632
deu,1994,0.925579607486725
deu,1995,0.941199958324432
deu,1996,0.927954733371735
deu,1997,0.942963242530823
deu,1998,0.944437444210053
deu,1999,0.96240222454071
deu,2000,0.95783805847168
deu,2001,0.963123679161072
deu,2002,0.935807228088379
deu,2003,0.920653283596039
deu,2004,0.886810839176178
deu,2005,0.874428331851959
deu,2006,0.865526974201202
deu,2007,0.864505469799042
deu,2008,0.876737475395203
deu,2009,0.869026243686676
deu,2010,0.855339407920837
deu,2011,0.877907931804657
deu,2012,0.876451849937439
deu,2013,0.877981007099152
deu,2014,0.88035523891449
deu,2015,0.871051013469696
deu,2016,0.893398642539978
deu,2017,0.905298471450806
deu,2018,0.916650056838989
deu,2019,0.943503975868225
deu,2020,0.934139311313629
deu,2021,0.909314393997192
deu,2022,0.934844970703125
deu,2023,0.924478948116303
dnk,1954,0.752911686897278
dnk,1955,0.733249127864838
dnk,1956,0.75085186958313
dnk,1957,0.759723365306854
dnk,1958,0.757038235664368
dnk,1959,0.80520361661911
dnk,1960,0.830208539962769
dnk,1961,0.848406136035919
dnk,1962,0.857292711734772
dnk,1963,0.811648905277252
dnk,1964,0.865369081497192
dnk,1965,0.848196625709534
dnk,1966,0.824637949466705
dnk,1967,0.863855481147766
dnk,1968,0.876097679138184
dnk,1969,0.923561275005341
dnk,1970,0.93096274137497
dnk,1971,0.934688031673431
dnk,1972,0.919921159744263
dnk,1973,0.960336744785309
dnk,1974,0.985843360424042
dnk,1975,0.999211370944977
dnk,1976,1.03723692893982
dnk,1977,1.03428494930267
dnk,1978,1.04562330245972
dnk,1979,1.08159852027893
dnk,1980,1.08332586288452
dnk,1981,1.03217160701752
dnk,1982,1.04959583282471
dnk,1983,1.01017820835114
dnk,1984,0.984757721424103
dnk,1985,0.981308519840241
dnk,1986,1.00549495220184
dnk,1987,0.986002266407013
dnk,1988,0.966479420661926
dnk,1989,0.959578812122345
dnk,1990,0.933862924575806
dnk,1991,0.933908224105835
dnk,1992,0.910288214683533
dnk,1993,0.883183062076569
dnk,1994,0.924262464046478
dnk,1995,0.94788271188736
dnk,1996,0.940471470355988
dnk,1997,0.983168423175812
dnk,1998,1.00094616413116
dnk,1999,0.95210200548172
dnk,2000,0.949073612689972
dnk,2001,0.932277679443359
dnk,2002,0.942320823669434
dnk,2003,0.881566226482391
dnk,2004,0.884393095970154
dnk,2005,0.855546176433563
dnk,2006,0.875990629196167
dnk,2007,0.912228405475617
dnk,2008,0.906522035598755
dnk,2009,0.881779074668884
dnk,2010,0.836436331272125
dnk,2011,0.845392882823944
dnk,2012,0.857433199882507
dnk,2013,0.849123299121857
dnk,2014,0.849366426467896
dnk,2015,0.854245662689209
dnk,2016,0.858997702598572
dnk,2017,0.864168465137482
dnk,2018,0.873120427131653
dnk,2019,0.876165986061096
dnk,2020,0.883409738540649
dnk,2021,0.872965455055237
dnk,2022,0.841000497341156
dnk,2023,0.80206286907196
dom,1955,0.615376949310303
dom,1956,0.643176794052124
dom,1957,0.677562832832336
dom,1958,0.723932504653931
dom,1959,0.642044842243195
dom,1960,0.628622353076935
dom,1961,0.623349130153656
dom,1962,0.832625448703766
dom,1963,0.878242433071137
dom,1964,0.940436482429504
dom,1965,0.765555620193481
dom,1966,0.826605260372162
dom,1967,0.774527668952942
dom,1968,0.747005879878998
dom,1969,0.799899041652679
dom,1970,0.868120849132538
dom,1971,0.889192402362824
dom,1972,0.866042673587799
dom,1973,0.890810251235962
dom,1974,1.02682220935822
dom,1975,1.02734422683716
dom,1976,0.946575820446014
dom,1977,0.924622416496277
dom,1978,0.893118977546692
dom,1979,0.885731160640717
dom,1980,1.01188886165619
dom,1981,0.961819887161255
dom,1982,0.951989710330963
dom,1983,1.0589519739151
dom,1984,0.860603868961334
dom,1985,0.868919491767883
dom,1986,0.830688416957855
dom,1987,0.83701229095459
dom,1988,0.848638534545898
dom,1989,0.804343461990356
dom,1990,0.696758627891541
dom,1991,0.681675612926483
dom,1992,0.994932293891907
dom,1993,0.995483875274658
dom,1994,0.92601490020752
dom,1995,0.758902549743652
dom,1996,0.755166530609131
dom,1997,0.750362038612366
dom,1998,0.725807309150696
dom,1999,0.702097237110138
dom,2000,0.690541505813599
dom,2001,0.68885725736618
dom,2002,0.689496636390686
dom,2003,0.586174964904785
dom,2004,0.567485690116882
dom,2005,0.61630243062973
dom,2006,0.660690009593964
dom,2007,0.696323573589325
dom,2008,0.692619025707245
dom,2009,0.676208138465881
dom,2010,0.703809499740601
dom,2011,0.681116104125977
dom,2012,0.660849690437317
dom,2013,0.640551328659058
dom,2014,0.62995320558548
dom,2015,0.629452645778656
dom,2016,0.628277838230133
dom,2017,0.596664369106293
dom,2018,0.605029284954071
dom,2019,0.61976021528244
dom,2020,0.63726133108139
dom,2021,0.605079710483551
dom,2022,0.612830877304077
dom,2023,0.591663420200348
ecu,1954,1.5404417514801
ecu,1955,1.50385129451752
ecu,1956,1.47509491443634
ecu,1957,1.43906950950623
ecu,1958,1.38884675502777
ecu,1959,1.38652384281158
ecu,1960,1.45665085315704
ecu,1961,1.46755218505859
ecu,1962,1.37793147563934
ecu,1963,1.35828816890717
ecu,1964,1.38201534748077
ecu,1965,1.34303021430969
ecu,1966,1.30887460708618
ecu,1967,1.43284213542938
ecu,1968,1.43548011779785
ecu,1969,1.3850245475769
ecu,1970,1.46131348609924
ecu,1971,1.43898415565491
ecu,1972,1.37433862686157
ecu,1973,1.05582010746002
ecu,1974,0.974777340888977
ecu,1975,1.12433969974518
ecu,1976,1.09798753261566
ecu,1977,1.06866419315338
ecu,1978,1.05127036571503
ecu,1979,1.0323212146759
ecu,1980,1.07939875125885
ecu,1981,1.08464109897614
ecu,1982,1.05541777610779
ecu,1983,0.943272948265076
ecu,1984,0.864701569080353
ecu,1985,0.834776699542999
ecu,1986,0.779819786548615
ecu,1987,0.786074697971344
ecu,1988,0.697697579860687
ecu,1989,0.685232579708099
ecu,1990,0.672375917434692
ecu,1991,0.667146563529968
ecu,1992,0.626575231552124
ecu,1993,0.593428909778595
ecu,1994,0.569323182106018
ecu,1995,0.547923624515533
ecu,1996,0.51586776971817
ecu,1997,0.474517852067947
ecu,1998,0.452465981245041
ecu,1999,0.378697514533997
ecu,2000,0.374236464500427
ecu,2001,0.372696429491043
ecu,2002,0.37541651725769
ecu,2003,0.343718469142914
ecu,2004,0.343341946601868
ecu,2005,0.363830864429474
ecu,2006,0.371120691299439
ecu,2007,0.381709754467011
ecu,2008,0.413554608821869
ecu,2009,0.410483777523041
ecu,2010,0.425400346517563
ecu,2011,0.448755443096161
ecu,2012,0.460545659065247
ecu,2013,0.482073068618774
ecu,2014,0.484743744134903
ecu,2015,0.454670041799545
ecu,2016,0.42985126376152
ecu,2017,0.448255717754364
ecu,2018,0.467924535274506
ecu,2019,0.472060292959213
ecu,2020,0.44491308927536
ecu,2021,0.442212760448456
ecu,2022,0.467853635549545
ecu,2023,0.454576522111893
egy,1954,1.3297997713089
egy,1955,1.31905508041382
egy,1956,1.32825171947479
egy,1957,1.40883016586304
egy,1958,1.37648844718933
egy,1959,1.44979405403137
egy,1960,1.4968786239624
egy,1961,1.59726524353027
egy,1962,1.61231899261475
egy,1963,1.64167845249176
egy,1964,1.73194622993469
egy,1965,1.69381511211395
egy,1966,1.5880309343338
egy,1967,1.70441865921021
egy,1968,1.75838124752045
egy,1969,1.82956659793854
egy,1970,2.04454135894775
egy,1971,2.03039145469666
egy,1972,2.10628056526184
egy,1973,2.03014254570007
egy,1974,2.32299399375916
egy,1975,2.39307284355164
egy,1976,2.26933264732361
egy,1977,2.09057784080505
egy,1978,1.99031257629395
egy,1979,1.90567755699158
egy,1980,1.88249409198761
egy,1981,1.86592507362366
egy,1982,1.74114155769348
egy,1983,1.62763118743896
egy,1984,1.60594415664673
egy,1985,1.53438198566437
egy,1986,1.39978218078613
egy,1987,1.28828191757202
egy,1988,1.19787847995758
egy,1989,1.14781224727631
egy,1990,1.1167060136795
egy,1991,1.11465013027191
egy,1992,1.0300657749176
egy,1993,1.03343272209167
egy,1994,0.981523871421814
egy,1995,0.945640444755554
egy,1996,1.00870048999786
egy,1997,0.958980679512024
egy,1998,0.885119497776032
egy,1999,0.832456588745117
egy,2000,0.798846662044525
egy,2001,0.777961790561676
egy,2002,0.82340943813324
egy,2003,0.78779548406601
egy,2004,0.769605457782745
egy,2005,0.753399133682251
egy,2006,0.796834468841553
egy,2007,0.867290556430817
egy,2008,0.929036676883698
egy,2009,0.982973277568817
egy,2010,0.978093087673187
egy,2011,1.03214955329895
egy,2012,1.22241818904877
egy,2013,1.17652416229248
egy,2014,1.22188854217529
egy,2015,1.1379953622818
egy,2016,1.14215350151062
egy,2017,1.12980353832245
egy,2018,1.12885737419128
egy,2019,1.11810076236725
egy,2020,1.16926145553589
egy,2021,1.12967216968536
egy,2022,1.10649406909943
egy,2023,1.07997357845306
esp,1954,0.646216094493866
esp,1955,0.651399254798889
esp,1956,0.67722749710083
esp,1957,0.676380455493927
esp,1958,0.67879980802536
esp,1959,0.646787285804749
esp,1960,0.689262688159943
esp,1961,0.751690983772278
esp,1962,0.787421345710754
esp,1963,0.83615654706955
esp,1964,0.860491096973419
esp,1965,0.877165615558624
esp,1966,0.88912558555603
esp,1967,0.897931039333344
esp,1968,0.911006510257721
esp,1969,0.953293561935425
esp,1970,0.953792870044708
esp,1971,0.945346117019653
esp,1972,0.983956634998322
esp,1973,1.01361966133118
esp,1974,1.10155248641968
esp,1975,1.10941517353058
esp,1976,1.10204100608826
esp,1977,1.0651935338974
esp,1978,1.05874276161194
esp,1979,1.07235312461853
esp,1980,1.15295004844666
esp,1981,1.0868901014328
esp,1982,1.07128190994263
esp,1983,1.01480746269226
esp,1984,0.954096972942352
esp,1985,0.938811242580414
esp,1986,0.970004677772522
esp,1987,1.01282024383545
esp,1988,1.04327046871185
esp,1989,1.08149147033691
esp,1990,1.07336127758026
esp,1991,1.08554327487946
esp,1992,1.0583176612854
esp,1993,1.01970648765564
esp,1994,1.01733553409576
esp,1995,1.02934861183167
esp,1996,1.00672042369843
esp,1997,1.03909850120544
esp,1998,1.05787491798401
esp,1999,1.04769158363342
esp,2000,1.05950903892517
esp,2001,1.08982300758362
esp,2002,1.10222709178925
esp,2003,1.04451489448547
esp,2004,1.01991188526154
esp,2005,0.996089458465576
esp,2006,0.979104936122894
esp,2007,0.962651491165161
esp,2008,0.941206336021423
esp,2009,0.906467378139496
esp,2010,0.851388156414032
esp,2011,0.812155663967133
esp,2012,0.792994379997253
esp,2013,0.768447577953339
esp,2014,0.774875283241272
esp,2015,0.8018918633461
esp,2016,0.800682663917542
esp,2017,0.807274401187897
esp,2018,0.805793821811676
esp,2019,0.832134425640106
esp,2020,0.79577511548996
esp,2021,0.791678488254547
esp,2022,0.794888257980347
esp,2023,0.787834882736206
est,1994,0.484357506036758
est,1995,0.513682246208191
est,1996,0.517816722393036
est,1997,0.557055592536926
est,1998,0.558668851852417
est,1999,0.543547093868256
est,2000,0.57385915517807
est,2001,0.601402401924133
est,2002,0.667518734931946
est,2003,0.657500088214874
est,2004,0.66022002696991
est,2005,0.64021110534668
est,2006,0.676064848899841
est,2007,0.712686836719513
est,2008,0.665522634983063
est,2009,0.590818405151367
est,2010,0.581125140190125
est,2011,0.608328819274902
est,2012,0.664936065673828
est,2013,0.652178347110748
est,2014,0.668989658355713
est,2015,0.657292306423187
est,2016,0.687192142009735
est,2017,0.682689249515533
est,2018,0.702358305454254
est,2019,0.718537986278534
est,2020,0.74702376127243
est,2021,0.756955862045288
est,2022,0.73517519235611
est,2023,0.702970623970032
fin,1954,0.588418483734131
fin,1955,0.604785740375519
fin,1956,0.611802637577057
fin,1957,0.585621654987335
fin,1958,0.557808220386505
fin,1959,0.579007029533386
fin,1960,0.624185383319855
fin,1961,0.641937136650085
fin,1962,0.630880534648895
fin,1963,0.611999034881592
fin,1964,0.627106130123138
fin,1965,0.656703472137451
fin,1966,0.639597237110138
fin,1967,0.6385617852211
fin,1968,0.630035161972046
fin,1969,0.67406952381134
fin,1970,0.733841300010681
fin,1971,0.737013757228851
fin,1972,0.734882712364197
fin,1973,0.754036843776703
fin,1974,0.795466363430023
fin,1975,0.85942941904068
fin,1976,0.803845882415772
fin,1977,0.774646639823914
fin,1978,0.737688004970551
fin,1979,0.813236594200134
fin,1980,0.88514643907547
fin,1981,0.845690786838532
fin,1982,0.868861734867096
fin,1983,0.847574591636658
fin,1984,0.815202832221985
fin,1985,0.812887489795685
fin,1986,0.815956950187683
fin,1987,0.829711019992828
fin,1988,0.858388006687164
fin,1989,0.893638491630554
fin,1990,0.858478784561157
fin,1991,0.826852917671204
fin,1992,0.765561163425446
fin,1993,0.712655067443848
fin,1994,0.722287178039551
fin,1995,0.748170077800751
fin,1996,0.753182709217072
fin,1997,0.795016348361969
fin,1998,0.823639750480652
fin,1999,0.819769859313965
fin,2000,0.832068026065826
fin,2001,0.844142913818359
fin,2002,0.845642507076263
fin,2003,0.826478362083435
fin,2004,0.828339457511902
fin,2005,0.821516811847687
fin,2006,0.812072455883026
fin,2007,0.849475800991058
fin,2008,0.859034657478333
fin,2009,0.837705314159393
fin,2010,0.823432922363281
fin,2011,0.866791725158691
fin,2012,0.861145675182343
fin,2013,0.835608065128326
fin,2014,0.83580756187439
fin,2015,0.838679492473602
fin,2016,0.85969752073288
fin,2017,0.850237250328064
fin,2018,0.838471651077271
fin,2019,0.831984877586365
fin,2020,0.817039310932159
fin,2021,0.794106125831604
fin,2022,0.806997954845429
fin,2023,0.760950803756714
fji,1980,1.00747954845428
fji,1981,0.966946482658386
fji,1982,0.850572764873505
fji,1983,0.771830797195435
fji,1984,0.731217563152313
fji,1985,0.726121604442596
fji,1986,0.692927062511444
fji,1987,0.675778210163117
fji,1988,0.687041223049164
fji,1989,0.711892485618591
fji,1990,0.798373281955719
fji,1991,0.759881794452667
fji,1992,0.770766317844391
fji,1993,0.78749805688858
fji,1994,0.762218058109283
fji,1995,0.773366391658783
fji,1996,0.714610636234283
fji,1997,0.656055808067322
fji,1998,0.590769469738007
fji,1999,0.618837237358093
fji,2000,0.619948029518127
fji,2001,0.651838541030884
fji,2002,0.605682134628296
fji,2003,0.607443451881409
fji,2004,0.650997757911682
fji,2005,0.613380491733551
fji,2006,0.700998425483704
fji,2007,0.692417621612549
fji,2008,0.724503099918366
fji,2009,0.678354620933533
fji,2010,0.653725981712341
fji,2011,0.677782893180847
fji,2012,0.698985278606415
fji,2013,0.757158696651459
fji,2014,0.739287495613098
fji,2015,0.735691905021668
fji,2016,0.755018830299377
fji,2017,0.766555786132813
fji,2018,0.781338512897492
fji,2019,0.785543024539948
fji,2020,0.699471592903137
fji,2021,0.678804814815521
fji,2022,0.760684072971344
fji,2023,0.757415950298309
fra,1954,0.601651608943939
fra,1955,0.6099693775177
fra,1956,0.656458556652069
fra,1957,0.686758756637573
fra,1958,0.695412635803223
fra,1959,0.685798585414887
fra,1960,0.72226870059967
fra,1961,0.746641576290131
fra,1962,0.771477937698364
fra,1963,0.800508201122284
fra,1964,0.832498013973236
fra,1965,0.823342859745026
fra,1966,0.826701521873474
fra,1967,0.851166427135468
fra,1968,0.857360899448395
fra,1969,0.898728787899017
fra,1970,0.917174577713013
fra,1971,0.928132116794586
fra,1972,0.956612944602966
fra,1973,0.988356471061707
fra,1974,1.05768156051636
fra,1975,1.0690176486969
fra,1976,1.06674432754517
fra,1977,1.0534428358078
fra,1978,1.08208811283112
fra,1979,1.11048018932343
fra,1980,1.17897641658783
fra,1981,1.13140118122101
fra,1982,1.18211054801941
fra,1983,1.10886132717133
fra,1984,1.04296123981476
fra,1985,1.02588927745819
fra,1986,1.02586328983307
fra,1987,1.03341853618622
fra,1988,1.04273307323456
fra,1989,1.06045663356781
fra,1990,1.06231200695038
fra,1991,1.06516671180725
fra,1992,1.03073632717133
fra,1993,1.00721538066864
fra,1994,1.01413774490356
fra,1995,1.02877330780029
fra,1996,1.01955235004425
fra,1997,1.04953300952911
fra,1998,1.08425831794739
fra,1999,1.0896897315979
fra,2000,1.12551891803741
fra,2001,1.1681421995163
fra,2002,1.18497860431671
fra,2003,1.11053025722504
fra,2004,1.04659986495972
fra,2005,1.01564741134644
fra,2006,1.00697469711304
fra,2007,1.00910294055939
fra,2008,1.00695753097534
fra,2009,1.00515484809875
fra,2010,0.963811039924622
fra,2011,0.971388578414917
fra,2012,0.967763304710388
fra,2013,0.949347257614136
fra,2014,0.950150907039642
fra,2015,0.94475668668747
fra,2016,0.953205347061157
fra,2017,0.941764771938324
fra,2018,0.918772578239441
fra,2019,0.929002285003662
fra,2020,0.913552761077881
fra,2021,0.879663467407227
fra,2022,0.887958407402039
fra,2023,0.867140412330627
gab,1964,0.682781934738159
gab,1965,0.735989451408386
gab,1966,0.671074092388153
gab,1967,0.762316584587097
gab,1968,0.749036073684692
gab,1969,0.761047005653381
gab,1970,0.793468356132507
gab,1971,0.798904418945313
gab,1972,0.817875981330872
gab,1973,0.8384228348732
gab,1974,0.916011810302734
gab,1975,0.953094720840454
gab,1976,0.984508097171783
gab,1977,0.842184901237488
gab,1978,0.751177072525024
gab,1979,0.701371908187866
gab,1980,0.753515124320984
gab,1981,0.854581117630005
gab,1982,0.783842206001282
gab,1983,0.851970970630646
gab,1984,0.767180681228638
gab,1985,0.710094332695007
gab,1986,0.741809606552124
gab,1987,0.559254825115204
gab,1988,0.531130731105804
gab,1989,0.584635436534882
gab,1990,0.551648378372192
gab,1991,0.544334948062897
gab,1992,0.504745364189148
gab,1993,0.471017777919769
gab,1994,0.427874267101288
gab,1995,0.436797201633453
gab,1996,0.436339557170868
gab,1997,0.404095679521561
gab,1998,0.413152575492859
gab,1999,0.331103771924973
gab,2000,0.307834416627884
gab,2001,0.29524564743042
gab,2002,0.280096590518951
gab,2003,0.250449359416962
gab,2004,0.240057483315468
gab,2005,0.276591181755066
gab,2006,0.268081903457642
gab,2007,0.266466915607452
gab,2008,0.268161326646805
gab,2009,0.273877173662186
gab,2010,0.293522328138351
gab,2011,0.316864669322968
gab,2012,0.354151904582977
gab,2013,0.357203960418701
gab,2014,0.38287615776062
gab,2015,0.371395796537399
gab,2016,0.38596311211586
gab,2017,0.412502378225327
gab,2018,0.516853094100952
gab,2019,0.539721786975861
gab,2020,0.537597596645355
gab,2021,0.534849524497986
gab,2022,0.515377104282379
gab,2023,0.498834639787674
gbr,1954,0.891113340854645
gbr,1955,0.878403425216675
gbr,1956,0.862127959728241
gbr,1957,0.857611060142517
gbr,1958,0.85750412940979
gbr,1959,0.864886522293091
gbr,1960,0.884160399436951
gbr,1961,0.873387217521668
gbr,1962,0.858796417713165
gbr,1963,0.867498695850372
gbr,1964,0.897477984428406
gbr,1965,0.873502314090729
gbr,1966,0.863211631774902
gbr,1967,0.886674165725708
gbr,1968,0.884711146354675
gbr,1969,0.867163956165314
gbr,1970,0.889210224151611
gbr,1971,0.901192843914032
gbr,1972,0.914393365383148
gbr,1973,0.964884519577026
gbr,1974,0.99968546628952
gbr,1975,1.01370537281036
gbr,1976,1.01872003078461
gbr,1977,0.995564997196198
gbr,1978,1.02160680294037
gbr,1979,1.06197547912598
gbr,1980,1.10477221012115
gbr,1981,1.09934198856354
gbr,1982,1.12525475025177
gbr,1983,1.11513125896454
gbr,1984,1.06017577648163
gbr,1985,1.03621351718903
gbr,1986,1.04900133609772
gbr,1987,1.06316816806793
gbr,1988,1.09746730327606
gbr,1989,1.07276475429535
gbr,1990,1.05699634552002
gbr,1991,1.05692732334137
gbr,1992,1.05015766620636
gbr,1993,1.07555162906647
gbr,1994,1.08395838737488
gbr,1995,1.05243313312531
gbr,1996,1.00786411762238
gbr,1997,1.02139532566071
gbr,1998,1.04256641864777
gbr,1999,1.07195055484772
gbr,2000,1.11560273170471
gbr,2001,1.18174982070923
gbr,2002,1.17773044109344
gbr,2003,1.14295721054077
gbr,2004,1.13861572742462
gbr,2005,1.09044206142426
gbr,2006,1.0852392911911
gbr,2007,1.09041464328766
gbr,2008,1.03670763969421
gbr,2009,0.983644545078278
gbr,2010,0.899222612380981
gbr,2011,0.902952551841736
gbr,2012,0.884204983711243
gbr,2013,0.848659098148346
gbr,2014,0.853234469890595
gbr,2015,0.846894323825836
gbr,2016,0.876432418823242
gbr,2017,0.86440771818161
gbr,2018,0.842933058738709
gbr,2019,0.85764878988266
gbr,2020,0.838546693325043
gbr,2021,0.822036802768707
gbr,2022,0.842904269695282
gbr,2023,0.824785172939301
grc,1955,0.356152385473251
grc,1956,0.385162085294724
grc,1957,0.406920671463013
grc,1958,0.421341091394424
grc,1959,0.424040853977203
grc,1960,0.432713896036148
grc,1961,0.486169159412384
grc,1962,0.479329496622086
grc,1963,0.52447521686554
grc,1964,0.562456965446472
grc,1965,0.597841203212738
grc,1966,0.593133449554443
grc,1967,0.611414730548859
grc,1968,0.636354684829712
grc,1969,0.687516033649445
grc,1970,0.723964214324951
grc,1971,0.741048455238342
grc,1972,0.769573509693146
grc,1973,0.796809673309326
grc,1974,0.749261319637299
grc,1975,0.78975635766983
grc,1976,0.791383981704712
grc,1977,0.776756942272186
grc,1978,0.794417262077332
grc,1979,0.787551581859589
grc,1980,0.789060831069946
grc,1981,0.737841546535492
grc,1982,0.755821168422699
grc,1983,0.730509281158447
grc,1984,0.72014182806015
grc,1985,0.723055183887482
grc,1986,0.722932696342468
grc,1987,0.697404265403748
grc,1988,0.722849369049072
grc,1989,0.741273760795593
grc,1990,0.735271632671356
grc,1991,0.755039215087891
grc,1992,0.700211882591248
grc,1993,0.673019111156464
grc,1994,0.67005854845047
grc,1995,0.699276328086853
grc,1996,0.709751188755035
grc,1997,0.750705897808075
grc,1998,0.764531791210175
grc,1999,0.761899411678314
grc,2000,0.772777020931244
grc,2001,0.841676473617554
grc,2002,0.875679075717926
grc,2003,0.851027607917786
grc,2004,0.830496490001679
grc,2005,0.782321691513062
grc,2006,0.795406401157379
grc,2007,0.805784106254578
grc,2008,0.825150728225708
grc,2009,0.805590152740479
grc,2010,0.747297883033752
grc,2011,0.67462545633316
grc,2012,0.608609139919281
grc,2013,0.536185026168823
grc,2014,0.541688680648804
grc,2015,0.558967232704163
grc,2016,0.568238377571106
grc,2017,0.575035750865936
grc,2018,0.55914580821991
grc,2019,0.585656940937042
grc,2020,0.598959088325501
grc,2021,0.595475077629089
grc,2022,0.618372917175293
grc,2023,0.618859767913818
gtm,1954,0.871480643749237
gtm,1955,0.8303302526474
gtm,1956,0.873600661754608
gtm,1957,0.885261118412018
gtm,1958,0.888761878013611
gtm,1959,0.878240287303925
gtm,1960,0.881713449954987
gtm,1961,0.887542188167572
gtm,1962,0.877816796302795
gtm,1963,0.907407343387604
gtm,1964,0.924920976161957
gtm,1965,0.897852063179016
gtm,1966,0.869227886199951
gtm,1967,0.896081387996674
gtm,1968,0.892066359519959
gtm,1969,0.885076344013214
gtm,1970,0.934544086456299
gtm,1971,0.923212945461273
gtm,1972,0.905324697494507
gtm,1973,0.909015715122223
gtm,1974,1.01067399978638
gtm,1975,0.997579097747803
gtm,1976,1.01213037967682
gtm,1977,1.01924574375153
gtm,1978,1.01126980781555
gtm,1979,0.976988434791565
gtm,1980,0.994410157203674
gtm,1981,0.986510396003723
gtm,1982,0.951183497905731
gtm,1983,0.903461515903473
gtm,1984,0.863187313079834
gtm,1985,0.827968657016754
gtm,1986,0.828448832035065
gtm,1987,0.850466966629028
gtm,1988,0.844830393791199
gtm,1989,0.83216917514801
gtm,1990,0.832076966762543
gtm,1991,0.866512537002564
gtm,1992,0.874063551425934
gtm,1993,0.859670042991638
gtm,1994,0.850366175174713
gtm,1995,0.844724357128143
gtm,1996,0.809716522693634
gtm,1997,0.80229514837265
gtm,1998,0.789914071559906
gtm,1999,0.747347354888916
gtm,2000,0.727958679199219
gtm,2001,0.735067069530487
gtm,2002,0.729931831359863
gtm,2003,0.718506515026093
gtm,2004,0.70821487903595
gtm,2005,0.706271827220917
gtm,2006,0.717348992824554
gtm,2007,0.741173446178436
gtm,2008,0.734743058681488
gtm,2009,0.71075427532196
gtm,2010,0.710772812366486
gtm,2011,0.728183388710022
gtm,2012,0.716896951198578
gtm,2013,0.726478576660156
gtm,2014,0.710699558258057
gtm,2015,0.692549288272858
gtm,2016,0.679006278514862
gtm,2017,0.68571937084198
gtm,2018,0.678520321846008
gtm,2019,0.670757710933685
gtm,2020,0.660700917243958
gtm,2021,0.670259714126587
gtm,2022,0.673522412776947
gtm,2023,0.66482812166214
hkg,1964,0.734657049179077
hkg,1965,0.75089955329895
hkg,1966,0.730433464050293
hkg,1967,0.685166120529175
hkg,1968,0.687200665473938
hkg,1969,0.705290734767914
hkg,1970,0.748395264148712
hkg,1971,0.787403285503388
hkg,1972,0.785944283008575
hkg,1973,0.838347911834717
hkg,1974,0.852522790431976
hkg,1975,0.846156775951386
hkg,1976,0.863292694091797
hkg,1977,0.922479867935181
hkg,1978,0.981685817241669
hkg,1979,1.04680550098419
hkg,1980,1.12795329093933
hkg,1981,1.08533525466919
hkg,1982,1.06615161895752
hkg,1983,1.0261572599411
hkg,1984,0.967685401439667
hkg,1985,0.92211925983429
hkg,1986,0.914494216442108
hkg,1987,0.955576956272125
hkg,1988,0.953598022460938
hkg,1989,0.928758084774017
hkg,1990,0.939402639865875
hkg,1991,0.959162056446075
hkg,1992,0.96770590543747
hkg,1993,0.929564118385315
hkg,1994,0.948466122150421
hkg,1995,0.95855700969696
hkg,1996,0.901815712451935
hkg,1997,0.92711067199707
hkg,1998,0.822058796882629
hkg,1999,0.755426347255707
hkg,2000,0.78162956237793
hkg,2001,0.77092057466507
hkg,2002,0.752355873584747
hkg,2003,0.742445051670075
hkg,2004,0.738938331604004
hkg,2005,0.722294270992279
hkg,2006,0.735757827758789
hkg,2007,0.762361347675324
hkg,2008,0.757755875587463
hkg,2009,0.765238404273987
hkg,2010,0.758606493473053
hkg,2011,0.762912511825562
hkg,2012,0.777957916259766
hkg,2013,0.746509313583374
hkg,2014,0.734609365463257
hkg,2015,0.706068515777588
hkg,2016,0.718904912471771
hkg,2017,0.737150013446808
hkg,2018,0.744783818721771
hkg,2019,0.741243600845337
hkg,2020,0.725472271442413
hkg,2021,0.712597131729126
hkg,2022,0.701881170272827
hkg,2023,0.735963821411133
hnd,1970,0.691086828708649
hnd,1971,0.628396093845367
hnd,1972,0.628584980964661
hnd,1973,0.655169546604157
hnd,1974,0.701351642608643
hnd,1975,0.686153709888458
hnd,1976,0.732174813747406
hnd,1977,0.79387629032135
hnd,1978,0.78571367263794
hnd,1979,0.758053004741669
hnd,1980,0.797976195812225
hnd,1981,0.758813917636871
hnd,1982,0.727067530155182
hnd,1983,0.683969974517822
hnd,1984,0.69075745344162
hnd,1985,0.671222567558289
hnd,1986,0.672935307025909
hnd,1987,0.682388722896576
hnd,1988,0.694265604019165
hnd,1989,0.693089187145233
hnd,1990,0.655976533889771
hnd,1991,0.672441601753235
hnd,1992,0.626821756362915
hnd,1993,0.636988043785095
hnd,1994,0.608038485050201
hnd,1995,0.601990878582001
hnd,1996,0.563711047172546
hnd,1997,0.539824724197388
hnd,1998,0.51750510931015
hnd,1999,0.473338663578033
hnd,2000,0.474835962057114
hnd,2001,0.479057818651199
hnd,2002,0.469413846731186
hnd,2003,0.46617716550827
hnd,2004,0.484490185976028
hnd,2005,0.482742935419083
hnd,2006,0.499452292919159
hnd,2007,0.525105476379395
hnd,2008,0.52021735906601
hnd,2009,0.452622175216675
hnd,2010,0.439935177564621
hnd,2011,0.454205006361008
hnd,2012,0.461900442838669
hnd,2013,0.431402564048767
hnd,2014,0.434902846813202
hnd,2015,0.433841645717621
hnd,2016,0.434081643819809
hnd,2017,0.427064508199692
hnd,2018,0.421771258115768
hnd,2019,0.43375888466835
hnd,2020,0.402358204126358
hnd,2021,0.463437288999558
hnd,2022,0.490948557853699
hnd,2023,0.473347634077072
hrv,1994,0.589727759361267
hrv,1995,0.706326484680176
hrv,1996,0.707594573497772
hrv,1997,0.788911521434784
hrv,1998,0.758050739765167
hrv,1999,0.726834654808044
hrv,2000,0.721864640712738
hrv,2001,0.730454325675964
hrv,2002,0.789709866046906
hrv,2003,0.81638514995575
hrv,2004,0.790578842163086
hrv,2005,0.773232996463776
hrv,2006,0.740492582321167
hrv,2007,0.753908336162567
hrv,2008,0.781587600708008
hrv,2009,0.71484112739563
hrv,2010,0.658684611320496
hrv,2011,0.664549648761749
hrv,2012,0.664622485637665
hrv,2013,0.6553093791008
hrv,2014,0.636847972869873
hrv,2015,0.659615993499756
hrv,2016,0.669919967651367
hrv,2017,0.668096899986267
hrv,2018,0.664871633052826
hrv,2019,0.643463432788849
hrv,2020,0.618946492671967
hrv,2021,0.628231883049011
hrv,2022,0.661912441253662
hrv,2023,0.650700151920319
hun,1974,0.480204820632935
hun,1975,0.499812394380569
hun,1976,0.501273930072784
hun,1977,0.525705575942993
hun,1978,0.57258528470993
hun,1979,0.573180854320526
hun,1980,0.627373099327087
hun,1981,0.615443348884583
hun,1982,0.622254550457001
hun,1983,0.584981799125671
hun,1984,0.565855801105499
hun,1985,0.558025360107422
hun,1986,0.579369604587555
hun,1987,0.598956227302551
hun,1988,0.590230882167816
hun,1989,0.61382395029068
hun,1990,0.610528409481049
hun,1991,0.605175197124481
hun,1992,0.628846406936646
hun,1993,0.729086935520172
hun,1994,0.731719434261322
hun,1995,0.715800106525421
hun,1996,0.708594560623169
hun,1997,0.715998709201813
hun,1998,0.726149022579193
hun,1999,0.724790811538696
hun,2000,0.732993602752686
hun,2001,0.751766562461853
hun,2002,0.796828329563141
hun,2003,0.772196233272553
hun,2004,0.765909433364868
hun,2005,0.755947828292847
hun,2006,0.738564908504486
hun,2007,0.730093002319336
hun,2008,0.73305082321167
hun,2009,0.702560067176819
hun,2010,0.679138243198395
hun,2011,0.674262404441834
hun,2012,0.649732708930969
hun,2013,0.63448977470398
hun,2014,0.63931804895401
hun,2015,0.624418914318085
hun,2016,0.606859862804413
hun,2017,0.627319872379303
hun,2018,0.645664155483246
hun,2019,0.679077804088593
hun,2020,0.659894108772278
hun,2021,0.650431215763092
hun,2022,0.663792014122009
hun,2023,0.624427735805512
idn,1964,0.383285969495773
idn,1965,0.361781477928162
idn,1966,0.35754069685936
idn,1967,0.374933034181595
idn,1968,0.380943894386292
idn,1969,0.36813148856163
idn,1970,0.390627145767212
idn,1971,0.387855678796768
idn,1972,0.38984540104866
idn,1973,0.405955940485001
idn,1974,0.452097713947296
idn,1975,0.473360329866409
idn,1976,0.465464651584625
idn,1977,0.465799540281296
idn,1978,0.482096493244171
idn,1979,0.513253569602966
idn,1980,0.5607630610466
idn,1981,0.580456674098969
idn,1982,0.583540081977844
idn,1983,0.568120241165161
idn,1984,0.537479400634766
idn,1985,0.532805502414703
idn,1986,0.519762694835663
idn,1987,0.507660329341888
idn,1988,0.493496954441071
idn,1989,0.496858477592468
idn,1990,0.522698700428009
idn,1991,0.545666098594666
idn,1992,0.541624903678894
idn,1993,0.556070923805237
idn,1994,0.568009972572327
idn,1995,0.594812512397766
idn,1996,0.589750170707703
idn,1997,0.564948439598084
idn,1998,0.431708663702011
idn,1999,0.406057715415955
idn,2000,0.398109525442123
idn,2001,0.399376541376114
idn,2002,0.392095267772675
idn,2003,0.388907104730606
idn,2004,0.383468806743622
idn,2005,0.380783915519714
idn,2006,0.387388586997986
idn,2007,0.384408384561539
idn,2008,0.392767816781998
idn,2009,0.392976760864258
idn,2010,0.382198125123978
idn,2011,0.423679113388062
idn,2012,0.45307731628418
idn,2013,0.454963505268097
idn,2014,0.446674466133118
idn,2015,0.431089609861374
idn,2016,0.428497076034546
idn,2017,0.420720815658569
idn,2018,0.43562325835228
idn,2019,0.435921579599381
idn,2020,0.41929218173027
idn,2021,0.404189020395279
idn,2022,0.397250294685364
idn,2023,0.393086075782776
ind,1954,0.349191397428513
ind,1955,0.334851771593094
ind,1956,0.343515962362289
ind,1957,0.338489025831223
ind,1958,0.35419300198555
ind,1959,0.342433005571365
ind,1960,0.360545635223389
ind,1961,0.35989448428154
ind,1962,0.35348853468895
ind,1963,0.364671856164932
ind,1964,0.382307827472687
ind,1965,0.354604423046112
ind,1966,0.336192607879639
ind,1967,0.353478729724884
ind,1968,0.352388113737106
ind,1969,0.377350002527237
ind,1970,0.379921346902847
ind,1971,0.380436033010483
ind,1972,0.369164854288101
ind,1973,0.37849298119545
ind,1974,0.391881316900253
ind,1975,0.410517603158951
ind,1976,0.381434887647629
ind,1977,0.357482820749283
ind,1978,0.356775373220444
ind,1979,0.330320417881012
ind,1980,0.328607231378555
ind,1981,0.317998915910721
ind,1982,0.314508587121964
ind,1983,0.304264813661575
ind,1984,0.287219643592835
ind,1985,0.284390687942505
ind,1986,0.281768798828125
ind,1987,0.283549338579178
ind,1988,0.291066259145737
ind,1989,0.299464643001556
ind,1990,0.302092611789703
ind,1991,0.289910316467285
ind,1992,0.282263398170471
ind,1993,0.28566113114357
ind,1994,0.294400125741959
ind,1995,0.307287275791168
ind,1996,0.307124853134155
ind,1997,0.305743485689163
ind,1998,0.303598821163178
ind,1999,0.308541893959045
ind,2000,0.29331374168396
ind,2001,0.293034642934799
ind,2002,0.289073526859283
ind,2003,0.292073100805283
ind,2004,0.307931452989578
ind,2005,0.322707653045654
ind,2006,0.334039211273193
ind,2007,0.361157208681107
ind,2008,0.347752422094345
ind,2009,0.358155220746994
ind,2010,0.369303613901138
ind,2011,0.37416335940361
ind,2012,0.38353431224823
ind,2013,0.361157804727554
ind,2014,0.365660130977631
ind,2015,0.374468713998795
ind,2016,0.386373400688171
ind,2017,0.392530500888824
ind,2018,0.408633053302765
ind,2019,0.389220416545868
ind,2020,0.358542710542679
ind,2021,0.388276070356369
ind,2022,0.388421207666397
ind,2023,0.382499992847443
irl,1954,0.706120908260346
irl,1955,0.713492631912231
irl,1956,0.673848330974579
irl,1957,0.65531051158905
irl,1958,0.667148470878601
irl,1959,0.682887077331543
irl,1960,0.701649129390717
irl,1961,0.718231797218323
irl,1962,0.712889313697815
irl,1963,0.718586504459381
irl,1964,0.722695529460907
irl,1965,0.705738186836243
irl,1966,0.678390741348267
irl,1967,0.695449650287628
irl,1968,0.730761528015137
irl,1969,0.755725204944611
irl,1970,0.74578595161438
irl,1971,0.737575948238373
irl,1972,0.766301035881043
irl,1973,0.794728815555573
irl,1974,0.830511152744293
irl,1975,0.811849236488342
irl,1976,0.823692142963409
irl,1977,0.844330191612244
irl,1978,0.871000707149506
irl,1979,0.891761541366577
irl,1980,0.904787600040436
irl,1981,0.905975580215454
irl,1982,0.883908748626709
irl,1983,0.828234374523163
irl,1984,0.809528350830078
irl,1985,0.792542576789856
irl,1986,0.787721335887909
irl,1987,0.778249502182007
irl,1988,0.779591619968414
irl,1989,0.815269768238068
irl,1990,0.827433347702026
irl,1991,0.830834090709686
irl,1992,0.79756760597229
irl,1993,0.781684935092926
irl,1994,0.79415374994278
irl,1995,0.827232539653778
irl,1996,0.86688369512558
irl,1997,0.926947474479675
irl,1998,0.972181916236877
irl,1999,0.952298820018768
irl,2000,0.971775531768799
irl,2001,0.975825130939484
irl,2002,0.97186291217804
irl,2003,0.976848959922791
irl,2004,0.957803666591644
irl,2005,0.985268712043762
irl,2006,0.961040079593658
irl,2007,0.951253712177277
irl,2008,0.923124730587006
irl,2009,0.907593846321106
irl,2010,0.805763602256775
irl,2011,0.804569900035858
irl,2012,0.821227848529816
irl,2013,0.736397802829742
irl,2014,0.75599217414856
irl,2015,0.801665365695953
irl,2016,0.84119725227356
irl,2017,0.755184590816498
irl,2018,0.671666443347931
irl,2019,0.845855116844177
irl,2020,0.712830603122711
irl,2021,0.522110939025879
irl,2022,0.543731570243835
irl,2023,0.578565776348114
irn,1959,0.853894650936127
irn,1960,0.824986159801483
irn,1961,0.808006048202515
irn,1962,0.789456307888031
irn,1963,0.769007861614227
irn,1964,0.738503098487854
irn,1965,0.748103320598602
irn,1966,0.759063839912415
irn,1967,0.782509803771973
irn,1968,0.792330026626587
irn,1969,0.780778527259827
irn,1970,0.724292397499085
irn,1971,0.769334673881531
irn,1972,0.834895133972168
irn,1973,0.856344878673554
irn,1974,1.17329728603363
irn,1975,1.45238947868347
irn,1976,1.31580317020416
irn,1977,1.19233894348145
irn,1978,1.03335022926331
irn,1979,0.892117440700531
irn,1980,0.864249527454376
irn,1981,0.779362618923187
irn,1982,0.747986853122711
irn,1983,0.76647961139679
irn,1984,0.653875112533569
irn,1985,0.593809843063355
irn,1986,0.554527163505554
irn,1987,0.530685544013977
irn,1988,0.493471294641495
irn,1989,0.503601610660553
irn,1990,0.595895409584045
irn,1991,0.659839451313019
irn,1992,0.631715536117554
irn,1993,0.623683750629425
irn,1994,0.572542607784271
irn,1995,0.601319134235382
irn,1996,0.699648797512054
irn,1997,0.712878942489624
irn,1998,0.704532742500305
irn,1999,0.693180918693543
irn,2000,0.729983925819397
irn,2001,0.788883626461029
irn,2002,0.874392807483673
irn,2003,0.926694214344025
irn,2004,0.966808140277863
irn,2005,0.999406695365906
irn,2006,1.04271578788757
irn,2007,1.11711895465851
irn,2008,1.15030372142792
irn,2009,1.20998287200928
irn,2010,1.22623336315155
irn,2011,1.21278977394104
irn,2012,1.07875549793243
irn,2013,0.972931385040283
irn,2014,0.947022914886475
irn,2015,0.813141822814941
irn,2016,0.847942531108856
irn,2017,0.821617841720581
irn,2018,0.795860767364502
irn,2019,0.776863515377045
irn,2020,0.91969645023346
irn,2021,0.7699294090271
irn,2022,0.791250944137573
irn,2023,0.801878869533539
irq,1974,0.332381039857864
irq,1975,0.489692121744156
irq,1976,0.400750368833542
irq,1977,0.408426612615585
irq,1978,0.380328744649887
irq,1979,0.380279153585434
irq,1980,0.367826849222183
irq,1981,0.908128619194031
irq,1982,1.02899992465973
irq,1983,0.537417650222778
irq,1984,0.423889666795731
irq,1985,0.457634806632996
irq,1986,0.849577784538269
irq,1987,0.561530888080597
irq,1988,0.630985856056213
irq,1989,0.461784243583679
irq,1990,0.443534046411514
irq,1991,0.308434575796127
irq,1992,0.371963620185852
irq,1993,0.537759721279144
irq,1994,0.450045913457871
irq,1995,0.344487994909287
irq,1996,0.451557010412216
irq,1997,0.42851847410202
irq,1998,0.544180691242218
irq,1999,0.692089974880219
irq,2000,0.569130837917328
irq,2001,0.73050993680954
irq,2002,0.485290586948395
irq,2003,0.371787011623383
irq,2004,0.580547392368317
irq,2005,0.52498209476471
irq,2006,0.408057779073715
irq,2007,0.414167493581772
irq,2008,0.42211127281189
irq,2009,0.542250990867615
irq,2010,0.575982391834259
irq,2011,0.590883672237396
irq,2012,0.700381577014923
irq,2013,0.719886898994446
irq,2014,0.613179743289948
irq,2015,0.557930290699005
irq,2016,0.571972072124481
irq,2017,0.557394862174988
irq,2018,0.583777368068695
irq,2019,0.658654749393463
irq,2020,0.594327211380005
irq,2021,0.539439082145691
irq,2022,0.50751256942749
irq,2023,0.45455202460289
isl,1954,0.766923725605011
isl,1955,0.84041041135788
isl,1956,0.820878505706787
isl,1957,0.811758935451508
isl,1958,0.873724400997162
isl,1959,0.869009435176849
isl,1960,0.843177914619446
isl,1961,0.810398161411285
isl,1962,0.791874170303345
isl,1963,0.8935866355896
isl,1964,0.96434098482132
isl,1965,0.97228217124939
isl,1966,1.00053262710571
isl,1967,1.03882467746735
isl,1968,0.91166877746582
isl,1969,0.829430341720581
isl,1970,0.885965466499329
isl,1971,1.10576391220093
isl,1972,1.00235521793365
isl,1973,1.10570824146271
isl,1974,1.28698623180389
isl,1975,1.22022104263306
isl,1976,1.06140291690826
isl,1977,1.20042836666107
isl,1978,1.1614898443222
isl,1979,1.18624222278595
isl,1980,1.26778614521027
isl,1981,1.27769136428833
isl,1982,1.32516419887543
isl,1983,1.03936851024628
isl,1984,1.08672535419464
isl,1985,1.0171445608139
isl,1986,0.983973979949951
isl,1987,1.09615468978882
isl,1988,1.1119966506958
isl,1989,1.03588306903839
isl,1990,1.00094199180603
isl,1991,1.05192482471466
isl,1992,0.953512251377106
isl,1993,0.909247756004334
isl,1994,0.905818700790405
isl,1995,0.916102528572083
isl,1996,0.937592327594757
isl,1997,0.95482212305069
isl,1998,1.03757870197296
isl,1999,1.03214371204376
isl,2000,1.0056186914444
isl,2001,0.937039434909821
isl,2002,0.911380171775818
isl,2003,0.921890139579773
isl,2004,0.987383842468262
isl,2005,1.0529762506485
isl,2006,1.12500095367432
isl,2007,1.07354605197907
isl,2008,0.944613456726074
isl,2009,0.784317076206207
isl,2010,0.806901812553406
isl,2011,0.861514210700989
isl,2012,0.866719245910645
isl,2013,0.823968946933746
isl,2014,0.853628218173981
isl,2015,0.870633363723755
isl,2016,0.876086056232452
isl,2017,0.900512456893921
isl,2018,0.88410872220993
isl,2019,0.898000836372376
isl,2020,0.916605710983276
isl,2021,0.917042016983032
isl,2022,0.956756353378296
isl,2023,0.936156749725342
isr,1954,0.628841578960419
isr,1955,0.669251620769501
isr,1956,0.726609110832214
isr,1957,0.716050863265991
isr,1958,0.740025103092194
isr,1959,0.750330984592438
isr,1960,0.767346501350403
isr,1961,0.837425470352173
isr,1962,0.844564557075501
isr,1963,0.854378998279572
isr,1964,0.879410922527313
isr,1965,0.807951986789703
isr,1966,0.810129523277283
isr,1967,0.787468016147614
isr,1968,0.804215312004089
isr,1969,0.901898682117462
isr,1970,1.01802945137024
isr,1971,1.02704119682312
isr,1972,1.01833868026733
isr,1973,1.12026000022888
isr,1974,1.20420849323273
isr,1975,1.26647543907166
isr,1976,1.13714361190796
isr,1977,1.02956914901733
isr,1978,1.04595839977264
isr,1979,1.04852533340454
isr,1980,1.0607875585556
isr,1981,1.11420273780823
isr,1982,1.11583304405212
isr,1983,1.07409477233887
isr,1984,0.965411067008972
isr,1985,0.929809629917145
isr,1986,0.912334263324738
isr,1987,0.975781321525574
isr,1988,0.957498252391815
isr,1989,0.918156385421753
isr,1990,0.898678660392761
isr,1991,0.977599084377289
isr,1992,0.940892040729523
isr,1993,0.925158202648163
isr,1994,0.905830979347229
isr,1995,0.917799115180969
isr,1996,0.898923814296722
isr,1997,0.869007170200348
isr,1998,0.841336667537689
isr,1999,0.825318276882172
isr,2000,0.822056829929352
isr,2001,0.861437559127808
isr,2002,0.835840284824371
isr,2003,0.782151341438294
isr,2004,0.754334807395935
isr,2005,0.739898324012756
isr,2006,0.7409308552742
isr,2007,0.745422780513763
isr,2008,0.728861689567566
isr,2009,0.728337824344635
isr,2010,0.735413253307343
isr,2011,0.763174116611481
isr,2012,0.769010782241821
isr,2013,0.701889097690582
isr,2014,0.698167383670807
isr,2015,0.70269250869751
isr,2016,0.734983444213867
isr,2017,0.741315543651581
isr,2018,0.73692137002945
isr,2019,0.745999872684479
isr,2020,0.748147070407867
isr,2021,0.759308755397797
isr,2022,0.772733271121979
isr,2023,0.741477072238922
ita,1954,0.630908131599426
ita,1955,0.629927933216095
ita,1956,0.637212097644806
ita,1957,0.643562972545624
ita,1958,0.649316191673279
ita,1959,0.657394170761108
ita,1960,0.683004200458527
ita,1961,0.713971734046936
ita,1962,0.732173204421997
ita,1963,0.76386034488678
ita,1964,0.749271810054779
ita,1965,0.749924600124359
ita,1966,0.766373038291931
ita,1967,0.798121392726898
ita,1968,0.806211352348328
ita,1969,0.84150755405426
ita,1970,0.939560472965241
ita,1971,0.941109359264374
ita,1972,0.953609764575958
ita,1973,0.998348236083984
ita,1974,1.08369195461273
ita,1975,1.06919491291046
ita,1976,1.09343326091766
ita,1977,1.0904256105423
ita,1978,1.10890698432922
ita,1979,1.17864036560059
ita,1980,1.28643906116486
ita,1981,1.21980559825897
ita,1982,1.19863665103912
ita,1983,1.12691950798035
ita,1984,1.0758775472641
ita,1985,1.05235493183136
ita,1986,1.03471827507019
ita,1987,1.04508459568024
ita,1988,1.04066061973572
ita,1989,1.04591417312622
ita,1990,1.03619408607483
ita,1991,1.0380791425705
ita,1992,0.993989765644074
ita,1993,0.919675588607788
ita,1994,0.915487885475159
ita,1995,0.919270098209381
ita,1996,0.895724892616272
ita,1997,0.935554146766663
ita,1998,0.949790894985199
ita,1999,0.9555624127388
ita,2000,0.956293821334839
ita,2001,0.98342365026474
ita,2002,0.950988411903381
ita,2003,0.917162299156189
ita,2004,0.877660512924194
ita,2005,0.84534078836441
ita,2006,0.842232346534729
ita,2007,0.849759578704834
ita,2008,0.857678651809692
ita,2009,0.839716255664825
ita,2010,0.840112090110779
ita,2011,0.814392983913422
ita,2012,0.775233387947083
ita,2013,0.733852088451386
ita,2014,0.727501749992371
ita,2015,0.722780764102936
ita,2016,0.724222242832184
ita,2017,0.728674590587616
ita,2018,0.725168943405151
ita,2019,0.746420562267304
ita,2020,0.728985369205475
ita,2021,0.725737392902374
ita,2022,0.743126332759857
ita,2023,0.71515280008316
jam,1957,0.525056838989258
jam,1958,0.522159695625305
jam,1959,0.521146535873413
jam,1960,0.535819113254547
jam,1961,0.539377212524414
jam,1962,0.520449817180634
jam,1963,0.557010412216187
jam,1964,0.58260440826416
jam,1965,0.552430093288422
jam,1966,0.52112752199173
jam,1967,0.523770868778229
jam,1968,0.510462462902069
jam,1969,0.518888592720032
jam,1970,0.578451454639435
jam,1971,0.598637580871582
jam,1972,0.649164140224457
jam,1973,0.641684710979462
jam,1974,0.644499003887177
jam,1975,0.661450922489166
jam,1976,0.594640910625458
jam,1977,0.527814865112305
jam,1978,0.49183464050293
jam,1979,0.46565517783165
jam,1980,0.438286632299423
jam,1981,0.435532659292221
jam,1982,0.445568531751633
jam,1983,0.443818718194962
jam,1984,0.410075932741165
jam,1985,0.393424540758133
jam,1986,0.369226545095444
jam,1987,0.405274450778961
jam,1988,0.441039741039276
jam,1989,0.461893171072006
jam,1990,0.460888266563416
jam,1991,0.459458500146866
jam,1992,0.470743656158447
jam,1993,0.520413100719452
jam,1994,0.539655864238739
jam,1995,0.554808735847473
jam,1996,0.554217219352722
jam,1997,0.549713134765625
jam,1998,0.525018811225891
jam,1999,0.517971873283386
jam,2000,0.538022696971893
jam,2001,0.539796531200409
jam,2002,0.510353744029999
jam,2003,0.50205671787262
jam,2004,0.484916150569916
jam,2005,0.498938232660294
jam,2006,0.482037782669067
jam,2007,0.478036671876907
jam,2008,0.471655696630478
jam,2009,0.425099402666092
jam,2010,0.414957165718079
jam,2011,0.4429951608181
jam,2012,0.455744415521622
jam,2013,0.462675154209137
jam,2014,0.460741281509399
jam,2015,0.448016107082367
jam,2016,0.446946531534195
jam,2017,0.45077121257782
jam,2018,0.434333473443985
jam,2019,0.425815343856812
jam,2020,0.439083337783814
jam,2021,0.445036202669144
jam,2022,0.444024741649628
jam,2023,0.43384051322937
jor,1958,1.26192510128021
jor,1959,1.41776013374329
jor,1960,1.4480128288269
jor,1961,1.49541318416595
jor,1962,1.43531000614166
jor,1963,1.45999598503113
jor,1964,1.44176733493805
jor,1965,1.47051703929901
jor,1966,1.44889438152313
jor,1967,1.39367580413818
jor,1968,1.40167760848999
jor,1969,1.39119029045105
jor,1970,1.09134960174561
jor,1971,1.09443271160126
jor,1972,1.1035168170929
jor,1973,0.973337531089783
jor,1974,1.10082924365997
jor,1975,1.08100163936615
jor,1976,1.18600451946259
jor,1977,1.14069747924805
jor,1978,1.1500335931778
jor,1979,1.29115378856659
jor,1980,1.35537648200989
jor,1981,1.58047902584076
jor,1982,1.41597056388855
jor,1983,1.16961801052094
jor,1984,1.03912532329559
jor,1985,0.874300301074982
jor,1986,0.883395910263062
jor,1987,0.902758240699768
jor,1988,0.748716175556183
jor,1989,0.551646649837494
jor,1990,0.530384600162506
jor,1991,0.491271406412125
jor,1992,0.542464077472687
jor,1993,0.513566315174103
jor,1994,0.475951910018921
jor,1995,0.452591210603714
jor,1996,0.430693656206131
jor,1997,0.417351603507996
jor,1998,0.395171493291855
jor,1999,0.377263218164444
jor,2000,0.385399520397186
jor,2001,0.393974244594574
jor,2002,0.385829955339432
jor,2003,0.398504942655563
jor,2004,0.440279901027679
jor,2005,0.488422393798828
jor,2006,0.496036976575851
jor,2007,0.53232353925705
jor,2008,0.582884132862091
jor,2009,0.616072475910187
jor,2010,0.638143658638001
jor,2011,0.719911515712738
jor,2012,0.714753329753876
jor,2013,0.741117298603058
jor,2014,0.707241654396057
jor,2015,0.648248553276062
jor,2016,0.623113453388214
jor,2017,0.616366267204285
jor,2018,0.607479512691498
jor,2019,0.612888038158417
jor,2020,0.571398496627808
jor,2021,0.50598555803299
jor,2022,0.485795438289642
jor,2023,0.477884501218796
jpn,1954,0.465177536010742
jpn,1955,0.458698123693466
jpn,1956,0.465002626180649
jpn,1957,0.473397165536881
jpn,1958,0.471570640802383
jpn,1959,0.488973557949066
jpn,1960,0.518900334835053
jpn,1961,0.541073262691498
jpn,1962,0.535901784896851
jpn,1963,0.546710908412933
jpn,1964,0.563137531280518
jpn,1965,0.551682054996491
jpn,1966,0.557534277439117
jpn,1967,0.583045840263367
jpn,1968,0.59779566526413
jpn,1969,0.622012376785278
jpn,1970,0.647255599498749
jpn,1971,0.633204579353333
jpn,1972,0.646349310874939
jpn,1973,0.668010234832764
jpn,1974,0.678161323070526
jpn,1975,0.691994667053223
jpn,1976,0.673777997493744
jpn,1977,0.669155657291412
jpn,1978,0.679444849491119
jpn,1979,0.703880786895752
jpn,1980,0.727823555469513
jpn,1981,0.706475138664246
jpn,1982,0.71095609664917
jpn,1983,0.680532991886139
jpn,1984,0.656976103782654
jpn,1985,0.648907601833344
jpn,1986,0.657098412513733
jpn,1987,0.676605820655823
jpn,1988,0.708388805389404
jpn,1989,0.733136773109436
jpn,1990,0.742003381252289
jpn,1991,0.756090223789215
jpn,1992,0.727179765701294
jpn,1993,0.722572207450867
jpn,1994,0.719238340854645
jpn,1995,0.736226320266724
jpn,1996,0.748286843299866
jpn,1997,0.734934449195862
jpn,1998,0.703875362873077
jpn,1999,0.682835221290588
jpn,2000,0.683001697063446
jpn,2001,0.699029803276062
jpn,2002,0.689137578010559
jpn,2003,0.677813649177551
jpn,2004,0.66415548324585
jpn,2005,0.663237154483795
jpn,2006,0.654889941215515
jpn,2007,0.653057336807251
jpn,2008,0.655592560768127
jpn,2009,0.653115153312683
jpn,2010,0.644239127635956
jpn,2011,0.656026840209961
jpn,2012,0.665151715278626
jpn,2013,0.685219764709473
jpn,2014,0.668530583381653
jpn,2015,0.671678245067596
jpn,2016,0.647331655025482
jpn,2017,0.644035160541534
jpn,2018,0.640377342700958
jpn,2019,0.631377279758453
jpn,2020,0.61902391910553
jpn,2021,0.597671747207642
jpn,2022,0.606790721416473
jpn,2023,0.603592276573181
kaz,1994,0.448456794023514
kaz,1995,0.381796598434448
kaz,1996,0.332357048988342
kaz,1997,0.303249686956406
kaz,1998,0.271674066781998
kaz,1999,0.26009127497673
kaz,2000,0.241998001933098
kaz,2001,0.267854511737824
kaz,2002,0.248130604624748
kaz,2003,0.2499138712883
kaz,2004,0.262649744749069
kaz,2005,0.286154121160507
kaz,2006,0.332227170467377
kaz,2007,0.367793053388596
kaz,2008,0.387403637170792
kaz,2009,0.407302528619766
kaz,2010,0.43574532866478
kaz,2011,0.5032679438591
kaz,2012,0.544335961341858
kaz,2013,0.538138210773468
kaz,2014,0.58431613445282
kaz,2015,0.590113401412964
kaz,2016,0.619763731956482
kaz,2017,0.631131827831268
kaz,2018,0.542141258716583
kaz,2019,0.57916259765625
kaz,2020,0.571045875549316
kaz,2021,0.506513774394989
kaz,2022,0.504191339015961
kaz,2023,0.524177849292755
ken,1954,0.534450352191925
ken,1955,0.531939923763275
ken,1956,0.494994312524796
ken,1957,0.500842571258545
ken,1958,0.47339004278183
ken,1959,0.433294892311096
ken,1960,0.467300206422806
ken,1961,0.450271219015121
ken,1962,0.461281508207321
ken,1963,0.455577909946442
ken,1964,0.481026768684387
ken,1965,0.491030335426331
ken,1966,0.509841918945313
ken,1967,0.523176550865173
ken,1968,0.482204675674439
ken,1969,0.483279675245285
ken,1970,0.451797544956207
ken,1971,0.477176398038864
ken,1972,0.504687190055847
ken,1973,0.480513840913773
ken,1974,0.570799589157105
ken,1975,0.547471344470978
ken,1976,0.499694526195526
ken,1977,0.530571460723877
ken,1978,0.592547416687012
ken,1979,0.553754687309265
ken,1980,0.577213048934937
ken,1981,0.546523749828339
ken,1982,0.548430562019348
ken,1983,0.547495365142822
ken,1984,0.577010750770569
ken,1985,0.549852132797241
ken,1986,0.571123600006104
ken,1987,0.572629392147064
ken,1988,0.56384015083313
ken,1989,0.5487961769104
ken,1990,0.528501570224762
ken,1991,0.513820886611939
ken,1992,0.447348147630692
ken,1993,0.413719713687897
ken,1994,0.427739828824997
ken,1995,0.411716103553772
ken,1996,0.420072317123413
ken,1997,0.404296427965164
ken,1998,0.391942858695984
ken,1999,0.376670628786087
ken,2000,0.365294605493546
ken,2001,0.380805373191834
ken,2002,0.357132911682129
ken,2003,0.361538708209991
ken,2004,0.357735872268677
ken,2005,0.362235218286514
ken,2006,0.381576418876648
ken,2007,0.393329679965973
ken,2008,0.39288067817688
ken,2009,0.393444776535034
ken,2010,0.375976920127869
ken,2011,0.385542780160904
ken,2012,0.397085934877396
ken,2013,0.40716764330864
ken,2014,0.421433866024017
ken,2015,0.435494840145111
ken,2016,0.44019615650177
ken,2017,0.445051908493042
ken,2018,0.46401658654213
ken,2019,0.494518995285034
ken,2020,0.50104171037674
ken,2021,0.493668496608734
ken,2022,0.482117414474487
ken,2023,0.479502379894257
kgz,1994,0.491221129894257
kgz,1995,0.380521833896637
kgz,1996,0.403292179107666
kgz,1997,0.302732348442078
kgz,1998,0.286681264638901
kgz,1999,0.277806431055069
kgz,2000,0.276659309864044
kgz,2001,0.288000911474228
kgz,2002,0.280053496360779
kgz,2003,0.311133325099945
kgz,2004,0.352280050516129
kgz,2005,0.361061066389084
kgz,2006,0.395842134952545
kgz,2007,0.432668626308441
kgz,2008,0.523307383060455
kgz,2009,0.483616322278976
kgz,2010,0.498753935098648
kgz,2011,0.568499326705933
kgz,2012,0.587903022766113
kgz,2013,0.543517708778381
kgz,2014,0.545263171195984
kgz,2015,0.501991271972656
kgz,2016,0.516964435577393
kgz,2017,0.568928778171539
kgz,2018,0.464772135019302
kgz,2019,0.428240209817886
kgz,2020,0.376089721918106
kgz,2021,0.360090762376785
kgz,2022,0.409264594316483
kgz,2023,0.458590030670166
kor,1957,0.275991052389145
kor,1958,0.277601629495621
kor,1959,0.27747642993927
kor,1960,0.286642670631409
kor,1961,0.293250948190689
kor,1962,0.284594923257828
kor,1963,0.297947317361832
kor,1964,0.306245744228363
kor,1965,0.297745138406754
kor,1966,0.319988250732422
kor,1967,0.320748388767242
kor,1968,0.328969955444336
kor,1969,0.348736941814423
kor,1970,0.365580350160599
kor,1971,0.400228589773178
kor,1972,0.401008039712906
kor,1973,0.442393124103546
kor,1974,0.537675857543945
kor,1975,0.577427446842194
kor,1976,0.559577643871307
kor,1977,0.570481896400452
kor,1978,0.582679152488709
kor,1979,0.591369330883026
kor,1980,0.540649712085724
kor,1981,0.532904744148254
kor,1982,0.54687911272049
kor,1983,0.553520381450653
kor,1984,0.553661704063416
kor,1985,0.544261753559113
kor,1986,0.548252522945404
kor,1987,0.551538050174713
kor,1988,0.572465837001801
kor,1989,0.6012362241745
kor,1990,0.610470831394196
kor,1991,0.639738380908966
kor,1992,0.608865439891815
kor,1993,0.600453972816467
kor,1994,0.612646162509918
kor,1995,0.630282163619995
kor,1996,0.650175631046295
kor,1997,0.625458002090454
kor,1998,0.554592311382294
kor,1999,0.627249479293823
kor,2000,0.635821342468262
kor,2001,0.641857802867889
kor,2002,0.664794504642487
kor,2003,0.651726186275482
kor,2004,0.629286825656891
kor,2005,0.629916429519653
kor,2006,0.634592413902283
kor,2007,0.647441267967224
kor,2008,0.655701994895935
kor,2009,0.641519844532013
kor,2010,0.656912922859192
kor,2011,0.656747460365295
kor,2012,0.632282733917236
kor,2013,0.58082640171051
kor,2014,0.574904978275299
kor,2015,0.588439464569092
kor,2016,0.598766088485718
kor,2017,0.604320824146271
kor,2018,0.608447790145874
kor,2019,0.604774713516235
kor,2020,0.602425575256348
kor,2021,0.593465924263001
kor,2022,0.598084092140198
kor,2023,0.581268310546875
kwt,1974,0.808166682720184
kwt,1975,0.918203890323639
kwt,1976,0.933729588985443
kwt,1977,0.995771884918213
kwt,1978,0.823019564151764
kwt,1979,0.833181977272034
kwt,1980,0.913939654827118
kwt,1981,0.911907315254211
kwt,1982,1.0429208278656
kwt,1983,0.897442281246185
kwt,1984,0.807426154613495
kwt,1985,0.780074775218964
kwt,1986,0.66799783706665
kwt,1987,0.645805954933167
kwt,1988,0.636056303977966
kwt,1989,0.6817387342453
kwt,1990,0.696085035800934
kwt,1991,1.25559270381928
kwt,1992,0.751593232154846
kwt,1993,0.816557943820953
kwt,1994,0.800100564956665
kwt,1995,0.754303514957428
kwt,1996,0.691534161567688
kwt,1997,0.663004517555237
kwt,1998,0.78491473197937
kwt,1999,0.639582633972168
kwt,2000,0.511170923709869
kwt,2001,0.531634747982025
kwt,2002,0.581238329410553
kwt,2003,0.582304775714874
kwt,2004,0.597144663333893
kwt,2005,0.603874325752258
kwt,2006,0.61484169960022
kwt,2007,0.686117827892304
kwt,2008,0.697439253330231
kwt,2009,0.625489711761475
kwt,2010,0.591210722923279
kwt,2011,0.593321621417999
kwt,2012,0.622858166694641
kwt,2013,0.64058917760849
kwt,2014,0.627635776996613
kwt,2015,0.593696594238281
kwt,2016,0.597511410713196
kwt,2017,0.575280368328095
kwt,2018,0.623972058296204
kwt,2019,0.630661010742188
kwt,2020,0.546202480792999
kwt,2021,0.57836389541626
kwt,2022,0.591691315174103
kwt,2023,0.529223084449768
lao,1980,0.362353980541229
lao,1981,0.402930319309235
lao,1982,0.424511134624481
lao,1983,0.423087388277054
lao,1984,0.37974351644516
lao,1985,0.40433594584465
lao,1986,0.397183239459991
lao,1987,0.383768320083618
lao,1988,0.398076325654984
lao,1989,0.408196479082108
lao,1990,0.374193966388702
lao,1991,0.372702956199646
lao,1992,0.352862745523453
lao,1993,0.350124210119247
lao,1994,0.364473938941956
lao,1995,0.367142736911774
lao,1996,0.379990220069885
lao,1997,0.373429089784622
lao,1998,0.33363002538681
lao,1999,0.333727240562439
lao,2000,0.333653658628464
lao,2001,0.373265773057938
lao,2002,0.393166124820709
lao,2003,0.373145699501038
lao,2004,0.366320371627808
lao,2005,0.35848942399025
lao,2006,0.364133834838867
lao,2007,0.37461844086647
lao,2008,0.370783925056458
lao,2009,0.396768540143967
lao,2010,0.375534266233444
lao,2011,0.380840688943863
lao,2012,0.467388659715652
lao,2013,0.480767726898193
lao,2014,0.470293521881104
lao,2015,0.475724250078201
lao,2016,0.472159415483475
lao,2017,0.483461230993271
lao,2018,0.479467481374741
lao,2019,0.470929890871048
lao,2020,0.436069190502167
lao,2021,0.375766962766647
lao,2022,0.372612118721008
lao,2023,0.412359893321991
lka,1954,0.977079927921295
lka,1955,0.995896697044373
lka,1956,0.944218754768372
lka,1957,1.00987768173218
lka,1958,1.02187979221344
lka,1959,1.04171025753021
lka,1960,1.09702146053314
lka,1961,1.03214526176453
lka,1962,1.05612432956696
lka,1963,0.980237901210785
lka,1964,0.957925617694855
lka,1965,0.906660735607147
lka,1966,0.925685107707977
lka,1967,0.904248058795929
lka,1968,0.92918211221695
lka,1969,0.958396852016449
lka,1970,0.91213846206665
lka,1971,0.855711400508881
lka,1972,0.835723161697388
lka,1973,0.854205965995789
lka,1974,0.957707405090332
lka,1975,0.908054351806641
lka,1976,0.796145796775818
lka,1977,0.72324001789093
lka,1978,0.766957402229309
lka,1979,0.711333572864533
lka,1980,0.722979068756104
lka,1981,0.684785723686218
lka,1982,0.641901850700378
lka,1983,0.547836899757385
lka,1984,0.469354689121246
lka,1985,0.472624510526657
lka,1986,0.482623040676117
lka,1987,0.514340698719025
lka,1988,0.555131554603577
lka,1989,0.587763547897339
lka,1990,0.640737593173981
lka,1991,0.669450879096985
lka,1992,0.701382398605347
lka,1993,0.745675086975098
lka,1994,0.768959820270538
lka,1995,0.772944331169128
lka,1996,0.735138416290283
lka,1997,0.731678903102875
lka,1998,0.708594262599945
lka,1999,0.662625372409821
lka,2000,0.639565527439117
lka,2001,0.624860346317291
lka,2002,0.650628507137299
lka,2003,0.629739105701447
lka,2004,0.599680900573731
lka,2005,0.580867886543274
lka,2006,0.633876442909241
lka,2007,0.656782507896423
lka,2008,0.657635152339935
lka,2009,0.682942569255829
lka,2010,0.685978055000305
lka,2011,0.74514651298523
lka,2012,0.766847729682922
lka,2013,0.723960757255554
lka,2014,0.699889242649078
lka,2015,0.701678037643433
lka,2016,0.695524394512177
lka,2017,0.673239707946777
lka,2018,0.685599029064179
lka,2019,0.661735892295837
lka,2020,0.629625678062439
lka,2021,0.649813532829285
lka,2022,0.574987709522247
lka,2023,0.565548241138458
lso,1970,0.635168313980103
lso,1971,0.590554654598236
lso,1972,0.700563728809357
lso,1973,0.805136203765869
lso,1974,0.899415731430054
lso,1975,0.961029171943665
lso,1976,0.963294267654419
lso,1977,0.959653556346893
lso,1978,0.945347964763641
lso,1979,0.819036304950714
lso,1980,0.761856555938721
lso,1981,0.76149708032608
lso,1982,0.77996289730072
lso,1983,0.742077469825745
lso,1984,0.692435026168823
lso,1985,0.645188212394714
lso,1986,0.613141119480133
lso,1987,0.635180711746216
lso,1988,0.695230782032013
lso,1989,0.721297860145569
lso,1990,0.734846711158752
lso,1991,0.771034359931946
lso,1992,0.72300398349762
lso,1993,0.775976717472076
lso,1994,0.758667886257172
lso,1995,0.81301212310791
lso,1996,0.830379009246826
lso,1997,0.784047603607178
lso,1998,0.744149446487427
lso,1999,0.688193798065186
lso,2000,0.650036036968231
lso,2001,0.622568845748901
lso,2002,0.612723410129547
lso,2003,0.590985834598541
lso,2004,0.5794717669487
lso,2005,0.593525230884552
lso,2006,0.604287981987
lso,2007,0.630650520324707
lso,2008,0.626979053020477
lso,2009,0.589396297931671
lso,2010,0.56481009721756
lso,2011,0.545085489749908
lso,2012,0.571123421192169
lso,2013,0.528111696243286
lso,2014,0.524871110916138
lso,2015,0.518995881080627
lso,2016,0.464071899652481
lso,2017,0.46754789352417
lso,2018,0.45891398191452
lso,2019,0.459307581186295
lso,2020,0.459028393030167
lso,2021,0.436004370450974
lso,2022,0.434778183698654
lso,2023,0.446742624044418
ltu,1994,0.624124348163605
ltu,1995,0.688135027885437
ltu,1996,0.694092690944672
ltu,1997,0.730757474899292
ltu,1998,0.73090660572052
ltu,1999,0.725102603435516
ltu,2000,0.70662385225296
ltu,2001,0.73603093624115
ltu,2002,0.780868709087372
ltu,2003,0.8000568151474
ltu,2004,0.797771394252777
ltu,2005,0.801987528800964
ltu,2006,0.832166731357575
ltu,2007,0.886099994182587
ltu,2008,0.890595495700836
ltu,2009,0.764843463897705
ltu,2010,0.734631597995758
ltu,2011,0.814229726791382
ltu,2012,0.815339803695679
ltu,2013,0.794941902160645
ltu,2014,0.798158884048462
ltu,2015,0.805021941661835
ltu,2016,0.786162257194519
ltu,2017,0.807266116142273
ltu,2018,0.808863461017609
ltu,2019,0.814809143543243
ltu,2020,0.783635258674622
ltu,2021,0.814742267131805
ltu,2022,0.794550657272339
ltu,2023,0.753136992454529
lux,1954,1.08085370063782
lux,1955,1.03617382049561
lux,1956,1.05494785308838
lux,1957,1.08934938907623
lux,1958,1.08533835411072
lux,1959,1.02206707000732
lux,1960,1.04288029670715
lux,1961,1.06819200515747
lux,1962,1.0459052324295
lux,1963,1.03476858139038
lux,1964,1.05477333068848
lux,1965,1.00685715675354
lux,1966,0.953937649726868
lux,1967,0.912041187286377
lux,1968,0.920660078525543
lux,1969,0.968464851379395
lux,1970,1.03648555278778
lux,1971,1.08306086063385
lux,1972,1.05388844013214
lux,1973,1.03969287872314
lux,1974,1.06881272792816
lux,1975,1.14076149463654
lux,1976,1.12446773052216
lux,1977,1.10082471370697
lux,1978,1.15245521068573
lux,1979,1.16974008083344
lux,1980,1.31925594806671
lux,1981,1.29396891593933
lux,1982,1.22534477710724
lux,1983,1.12601292133331
lux,1984,1.08977234363556
lux,1985,1.02456259727478
lux,1986,1.0702987909317
lux,1987,1.12366926670074
lux,1988,1.13990032672882
lux,1989,1.16305375099182
lux,1990,1.16281604766846
lux,1991,1.22029709815979
lux,1992,1.11128973960876
lux,1993,1.12809062004089
lux,1994,1.0756927728653
lux,1995,1.03646397590637
lux,1996,1.02153301239014
lux,1997,1.04148232936859
lux,1998,1.06211483478546
lux,1999,1.08175325393677
lux,2000,1.03783130645752
lux,2001,1.0723956823349
lux,2002,1.08895993232727
lux,2003,1.03675079345703
lux,2004,1.03330051898956
lux,2005,0.915177345275879
lux,2006,0.909139275550842
lux,2007,0.909404695034027
lux,2008,0.920068442821503
lux,2009,0.888455510139465
lux,2010,0.85808277130127
lux,2011,0.847510755062103
lux,2012,0.859958291053772
lux,2013,0.827581942081451
lux,2014,0.814573764801025
lux,2015,0.805840611457825
lux,2016,0.788952887058258
lux,2017,0.824543178081513
lux,2018,0.792670786380768
lux,2019,0.822791576385498
lux,2020,0.77949321269989
lux,2021,0.786199569702148
lux,2022,0.754631340503693
lux,2023,0.762166976928711
lva,1994,0.487934976816177
lva,1995,0.493818044662476
lva,1996,0.49557301402092
lva,1997,0.501470804214478
lva,1998,0.52973073720932
lva,1999,0.531889140605927
lva,2000,0.552353203296661
lva,2001,0.63552051782608
lva,2002,0.647021234035492
lva,2003,0.626944243907929
lva,2004,0.671883463859558
lva,2005,0.708934843540192
lva,2006,0.685632944107056
lva,2007,0.733570754528046
lva,2008,0.662003815174103
lva,2009,0.544345676898956
lva,2010,0.53581041097641
lva,2011,0.54957526922226
lva,2012,0.575632274150848
lva,2013,0.588727951049805
lva,2014,0.587236225605011
lva,2015,0.584912657737732
lva,2016,0.590953469276428
lva,2017,0.611044049263001
lva,2018,0.61477792263031
lva,2019,0.63662052154541
lva,2020,0.630595326423645
lva,2021,0.650435745716095
lva,2022,0.652290940284729
lva,2023,0.671342611312866
mac,1980,1.20640766620636
mac,1981,1.20332622528076
mac,1982,1.21894371509552
mac,1983,1.22848641872406
mac,1984,1.12872421741486
mac,1985,1.12158787250519
mac,1986,1.14418768882751
mac,1987,1.15382540225983
mac,1988,1.20288157463074
mac,1989,1.16123652458191
mac,1990,1.16707849502563
mac,1991,1.25451064109802
mac,1992,1.31602323055267
mac,1993,1.27816379070282
mac,1994,1.23572874069214
mac,1995,1.14289057254791
mac,1996,1.0206207036972
mac,1997,0.986014187335968
mac,1998,0.903259336948395
mac,1999,0.903367400169373
mac,2000,0.791397452354431
mac,2001,0.779423892498016
mac,2002,0.813605606555939
mac,2003,0.874861240386963
mac,2004,0.914596736431122
mac,2005,1.00932657718658
mac,2006,1.09575963020325
mac,2007,1.14003217220306
mac,2008,1.00033581256866
mac,2009,0.845751106739044
mac,2010,0.759475231170654
mac,2011,0.835556626319885
mac,2012,0.875628054141998
mac,2013,0.855734765529633
mac,2014,0.925494074821472
mac,2015,0.879169046878815
mac,2016,0.808504998683929
mac,2017,0.782334089279175
mac,2018,0.75551187992096
mac,2019,0.710166037082672
mac,2020,0.635347127914429
mac,2021,0.632322490215302
mac,2022,0.590822279453278
mac,2023,0.633802711963654
mar,1954,0.700894176959992
mar,1955,0.649928689002991
mar,1956,0.635038554668427
mar,1957,0.623262465000153
mar,1958,0.670116901397705
mar,1959,0.661316156387329
mar,1960,0.693205296993256
mar,1961,0.967159271240234
mar,1962,0.977709352970123
mar,1963,1.09379518032074
mar,1964,1.11192846298218
mar,1965,1.04474186897278
mar,1966,0.995820879936218
mar,1967,1.0200320482254
mar,1968,1.04119575023651
mar,1969,1.10942709445953
mar,1970,1.04771995544434
mar,1971,1.02511835098267
mar,1972,0.969663441181183
mar,1973,0.957833766937256
mar,1974,1.09415364265442
mar,1975,1.15243566036224
mar,1976,1.15946233272553
mar,1977,1.08047580718994
mar,1978,1.02305674552917
mar,1979,1.04784381389618
mar,1980,1.03336930274963
mar,1981,1.02642560005188
mar,1982,1.08757853507996
mar,1983,0.992067217826843
mar,1984,0.915578722953796
mar,1985,0.874540388584137
mar,1986,0.880674481391907
mar,1987,0.815271496772766
mar,1988,0.799185872077942
mar,1989,0.77154141664505
mar,1990,0.70896726846695
mar,1991,0.721070170402527
mar,1992,0.6439328789711
mar,1993,0.586857318878174
mar,1994,0.593866288661957
mar,1995,0.551216840744019
mar,1996,0.586387515068054
mar,1997,0.530372679233551
mar,1998,0.531313002109528
mar,1999,0.500310659408569
mar,2000,0.489328473806381
mar,2001,0.505572199821472
mar,2002,0.502322196960449
mar,2003,0.514239072799683
mar,2004,0.510595858097076
mar,2005,0.482434570789337
mar,2006,0.503977775573731
mar,2007,0.513551592826843
mar,2008,0.54443484544754
mar,2009,0.540675580501556
mar,2010,0.494929105043411
mar,2011,0.518272817134857
mar,2012,0.52580064535141
mar,2013,0.537115812301636
mar,2014,0.525729775428772
mar,2015,0.5176682472229
mar,2016,0.516573011875153
mar,2017,0.518356502056122
mar,2018,0.508417427539825
mar,2019,0.516185641288757
mar,2020,0.483262538909912
mar,2021,0.538493514060974
mar,2022,0.53149551153183
mar,2023,0.534735560417175
mda,1994,0.30692520737648
mda,1995,0.332217007875443
mda,1996,0.303569108247757
mda,1997,0.309647649526596
mda,1998,0.268279224634171
mda,1999,0.243985220789909
mda,2000,0.268732070922852
mda,2001,0.276229381561279
mda,2002,0.286716610193253
mda,2003,0.336934715509415
mda,2004,0.360255628824234
mda,2005,0.410604000091553
mda,2006,0.460020363330841
mda,2007,0.505608260631561
mda,2008,0.525276184082031
mda,2009,0.467204391956329
mda,2010,0.528896749019623
mda,2011,0.61136257648468
mda,2012,0.622898161411285
mda,2013,0.610306203365326
mda,2014,0.629694819450378
mda,2015,0.61838972568512
mda,2016,0.676579713821411
mda,2017,0.784028708934784
mda,2018,0.69939124584198
mda,2019,0.702996075153351
mda,2020,0.649689078330994
mda,2021,0.639390587806702
mda,2022,0.603349626064301
mda,2023,0.722838044166565
mex,1954,1.25017440319061
mex,1955,1.24104773998261
mex,1956,1.26248097419739
mex,1957,1.30188250541687
mex,1958,1.29645442962646
mex,1959,1.24938869476318
mex,1960,1.30311048030853
mex,1961,1.26779448986053
mex,1962,1.2373046875
mex,1963,1.27248597145081
mex,1964,1.33751511573792
mex,1965,1.30400097370148
mex,1966,1.27124834060669
mex,1967,1.27407038211823
mex,1968,1.27824914455414
mex,1969,1.25499987602234
mex,1970,1.28690731525421
mex,1971,1.24430644512177
mex,1972,1.23694288730621
mex,1973,1.24137103557587
mex,1974,1.32884275913239
mex,1975,1.34029877185822
mex,1976,1.2943651676178
mex,1977,1.28769636154175
mex,1978,1.37801802158356
mex,1979,1.47258532047272
mex,1980,1.58391880989075
mex,1981,1.5811243057251
mex,1982,1.3963109254837
mex,1983,1.20039784908295
mex,1984,1.1501430273056
mex,1985,1.12910306453705
mex,1986,1.01879727840424
mex,1987,0.987706482410431
mex,1988,0.989786863327026
mex,1989,1.01435542106628
mex,1990,1.00258052349091
mex,1991,1.02960348129272
mex,1992,1.01030790805817
mex,1993,0.937456607818604
mex,1994,0.96566379070282
mex,1995,0.859169542789459
mex,1996,0.853783071041107
mex,1997,0.880523145198822
mex,1998,0.854110419750214
mex,1999,0.817187249660492
mex,2000,0.83612471818924
mex,2001,0.829243898391724
mex,2002,0.82228946685791
mex,2003,0.806068778038025
mex,2004,0.780596494674683
mex,2005,0.762702703475952
mex,2006,0.785061299800873
mex,2007,0.797646701335907
mex,2008,0.813263535499573
mex,2009,0.754754304885864
mex,2010,0.740572333335877
mex,2011,0.741218149662018
mex,2012,0.760757386684418
mex,2013,0.711210072040558
mex,2014,0.719873785972595
mex,2015,0.718845248222351
mex,2016,0.726029515266419
mex,2017,0.696841835975647
mex,2018,0.690159678459168
mex,2019,0.673212170600891
mex,2020,0.65845263004303
mex,2021,0.671331405639648
mex,2022,0.678069293498993
mex,2023,0.696126282215118
mlt,1958,0.654484450817108
mlt,1959,0.622413992881775
mlt,1960,0.65355658531189
mlt,1961,0.632236659526825
mlt,1962,0.60580837726593
mlt,1963,0.59894871711731
mlt,1964,0.613923311233521
mlt,1965,0.590851724147797
mlt,1966,0.595345616340637
mlt,1967,0.638530433177948
mlt,1968,0.679815828800201
mlt,1969,0.731231331825256
mlt,1970,0.791894018650055
mlt,1971,0.774315059185028
mlt,1972,0.787992119789124
mlt,1973,0.784388363361359
mlt,1974,0.875504016876221
mlt,1975,1.03316783905029
mlt,1976,1.10351967811584
mlt,1977,1.14892268180847
mlt,1978,1.14791429042816
mlt,1979,1.16683614253998
mlt,1980,1.24770081043243
mlt,1981,1.28448104858398
mlt,1982,1.41583156585693
mlt,1983,1.21545577049255
mlt,1984,1.10018599033356
mlt,1985,1.05291497707367
mlt,1986,0.987127959728241
mlt,1987,0.94159322977066
mlt,1988,0.991492390632629
mlt,1989,1.0197993516922
mlt,1990,1.04759967327118
mlt,1991,1.06091356277466
mlt,1992,0.985017120838165
mlt,1993,0.988516211509705
mlt,1994,0.987163364887238
mlt,1995,1.01034426689148
mlt,1996,0.976792454719544
mlt,1997,0.987324833869934
mlt,1998,0.972799003124237
mlt,1999,0.961874842643738
mlt,2000,1.01588773727417
mlt,2001,1.00632989406586
mlt,2002,0.957306504249573
mlt,2003,0.980506181716919
mlt,2004,0.995012640953064
mlt,2005,1.01293396949768
mlt,2006,0.944798529148102
mlt,2007,0.939830541610718
mlt,2008,0.972272157669067
mlt,2009,0.970128417015076
mlt,2010,0.905503332614899
mlt,2011,0.862151622772217
mlt,2012,0.863551557064056
mlt,2013,0.788954794406891
mlt,2014,0.811302125453949
mlt,2015,0.887384951114655
mlt,2016,0.836315214633942
mlt,2017,0.813851773738861
mlt,2018,0.824892044067383
mlt,2019,0.850851118564606
mlt,2020,0.803362190723419
mlt,2021,0.824178993701935
mlt,2022,0.84317934513092
mlt,2023,0.817737340927124
mng,1980,0.467180371284485
mng,1981,0.413420587778091
mng,1982,0.448312014341354
mng,1983,0.468609601259232
mng,1984,0.483800232410431
mng,1985,0.466924518346787
mng,1986,0.493855625391006
mng,1987,0.490662693977356
mng,1988,0.477163076400757
mng,1989,0.468212962150574
mng,1990,0.7169508934021
mng,1991,0.452840358018875
mng,1992,0.345721125602722
mng,1993,0.29285004734993
mng,1994,0.298991590738297
mng,1995,0.377412855625153
mng,1996,0.352567076683044
mng,1997,0.339660346508026
mng,1998,0.318910241127014
mng,1999,0.304420500993729
mng,2000,0.308693200349808
mng,2001,0.303525000810623
mng,2002,0.284132927656174
mng,2003,0.260793000459671
mng,2004,0.246835604310036
mng,2005,0.249785989522934
mng,2006,0.26120662689209
mng,2007,0.292558044195175
mng,2008,0.323789805173874
mng,2009,0.275473833084106
mng,2010,0.305612295866013
mng,2011,0.381750702857971
mng,2012,0.43194106221199
mng,2013,0.431134670972824
mng,2014,0.395622104406357
mng,2015,0.377403378486633
mng,2016,0.395044207572937
mng,2017,0.391561448574066
mng,2018,0.454856902360916
mng,2019,0.473166644573212
mng,2020,0.455169767141342
mng,2021,0.478800505399704
mng,2022,0.494115978479385
mng,2023,0.485562473535538
moz,1964,0.563288688659668
moz,1965,0.554913699626923
moz,1966,0.555103898048401
moz,1967,0.590154528617859
moz,1968,0.611643731594086
moz,1969,0.631365060806274
moz,1970,0.63556969165802
moz,1971,0.644158363342285
moz,1972,0.637707352638245
moz,1973,0.63597983121872
moz,1974,0.709159195423126
moz,1975,0.708526968955994
moz,1976,0.701799929141998
moz,1977,0.668191194534302
moz,1978,0.648619055747986
moz,1979,0.656992197036743
moz,1980,0.685255825519562
moz,1981,0.659271419048309
moz,1982,0.648499131202698
moz,1983,0.546446144580841
moz,1984,0.542442858219147
moz,1985,0.479260623455048
moz,1986,0.489740282297134
moz,1987,0.488894134759903
moz,1988,0.486714780330658
moz,1989,0.519606590270996
moz,1990,0.498814165592194
moz,1991,0.507194519042969
moz,1992,0.427966624498367
moz,1993,0.432355791330338
moz,1994,0.443556576967239
moz,1995,0.423462510108948
moz,1996,0.424032002687454
moz,1997,0.427932322025299
moz,1998,0.441393047571182
moz,1999,0.449059545993805
moz,2000,0.426664024591446
moz,2001,0.373939037322998
moz,2002,0.448077261447907
moz,2003,0.438853144645691
moz,2004,0.426510512828827
moz,2005,0.427919268608093
moz,2006,0.414316952228546
moz,2007,0.411660254001617
moz,2008,0.411828100681305
moz,2009,0.404699087142944
moz,2010,0.381527930498123
moz,2011,0.38126215338707
moz,2012,0.42775896191597
moz,2013,0.410407304763794
moz,2014,0.383510917425156
moz,2015,0.352767705917358
moz,2016,0.335257947444916
moz,2017,0.285111606121063
moz,2018,0.306306719779968
moz,2019,0.297085404396057
moz,2020,0.294731199741364
moz,2021,0.261703938245773
moz,2022,0.273757368326187
moz,2023,0.246093615889549
mrt,1977,0.884998679161072
mrt,1978,0.821965098381043
mrt,1979,0.835766553878784
mrt,1980,0.815897107124329
mrt,1981,0.838191032409668
mrt,1982,0.785424709320068
mrt,1983,0.765665054321289
mrt,1984,0.610002517700195
mrt,1985,0.591613173484802
mrt,1986,0.61382919549942
mrt,1987,0.592319846153259
mrt,1988,0.574313938617706
mrt,1989,0.571403205394745
mrt,1990,0.590384066104889
mrt,1991,0.600271344184876
mrt,1992,0.624287247657776
mrt,1993,0.639990985393524
mrt,1994,0.613491892814636
mrt,1995,0.525787353515625
mrt,1996,0.597410023212433
mrt,1997,0.561881899833679
mrt,1998,0.541051208972931
mrt,1999,0.53316080570221
mrt,2000,0.496215790510178
mrt,2001,0.47417214512825
mrt,2002,0.454634815454483
mrt,2003,0.481551229953766
mrt,2004,0.482789069414139
mrt,2005,0.494482547044754
mrt,2006,0.429738163948059
mrt,2007,0.423336088657379
mrt,2008,0.431693553924561
mrt,2009,0.419941753149033
mrt,2010,0.420355767011642
mrt,2011,0.441879153251648
mrt,2012,0.49523988366127
mrt,2013,0.509721755981445
mrt,2014,0.494906544685364
mrt,2015,0.503525257110596
mrt,2016,0.522169828414917
mrt,2017,0.571074962615967
mrt,2018,0.618613958358765
mrt,2019,0.611159443855286
mrt,2020,0.63919198513031
mrt,2021,0.634669721126556
mrt,2022,0.654601454734802
mrt,2023,0.661215305328369
mus,1954,1.44301402568817
mus,1955,1.48631370067596
mus,1956,1.39035844802856
mus,1957,1.48668134212494
mus,1958,1.51378643512726
mus,1959,1.4507417678833
mus,1960,1.46998631954193
mus,1961,1.36968839168549
mus,1962,1.4442378282547
mus,1963,1.39609146118164
mus,1964,1.75654864311218
mus,1965,1.47995984554291
mus,1966,1.46552193164825
mus,1967,1.53042268753052
mus,1968,1.21613359451294
mus,1969,1.15958476066589
mus,1970,1.31500327587128
mus,1971,1.25493562221527
mus,1972,1.24416470527649
mus,1973,1.24388408660889
mus,1974,1.21302509307861
mus,1975,1.32033944129944
mus,1976,1.60356283187866
mus,1977,1.57583606243134
mus,1978,1.68648040294647
mus,1979,1.63218700885773
mus,1980,1.50095200538635
mus,1981,1.4626407623291
mus,1982,1.46425020694733
mus,1983,1.4145519733429
mus,1984,1.41273152828217
mus,1985,1.39751660823822
mus,1986,1.38313317298889
mus,1987,1.51313042640686
mus,1988,1.46633112430573
mus,1989,1.40626466274261
mus,1990,1.33302021026611
mus,1991,1.25078010559082
mus,1992,1.16885423660278
mus,1993,1.11003088951111
mus,1994,1.04727959632874
mus,1995,0.972630202770233
mus,1996,0.997936964035034
mus,1997,1.00072491168976
mus,1998,0.978169679641724
mus,1999,0.971825242042542
mus,2000,0.985280871391296
mus,2001,0.941688597202301
mus,2002,1.00517392158508
mus,2003,1.01626741886139
mus,2004,1.05654561519623
mus,2005,1.00680875778198
mus,2006,1.07881450653076
mus,2007,1.12386572360992
mus,2008,1.11606538295746
mus,2009,1.05786490440369
mus,2010,0.998037815093994
mus,2011,1.00708842277527
mus,2012,1.07203412055969
mus,2013,1.10126066207886
mus,2014,1.1229555606842
mus,2015,1.13219916820526
mus,2016,1.19684565067291
mus,2017,1.20873475074768
mus,2018,1.24787163734436
mus,2019,1.23961865901947
mus,2020,0.96917587518692
mus,2021,0.921280086040497
mus,2022,0.889819443225861
mus,2023,0.900831162929535
mys,1959,0.396522223949432
mys,1960,0.439133435487747
mys,1961,0.458961635828018
mys,1962,0.459756761789322
mys,1963,0.454260855913162
mys,1964,0.442548841238022
mys,1965,0.443185210227966
mys,1966,0.436864346265793
mys,1967,0.429580330848694
mys,1968,0.411863595247269
mys,1969,0.409237593412399
mys,1970,0.437485784292221
mys,1971,0.484218537807465
mys,1972,0.480391710996628
mys,1973,0.500464916229248
mys,1974,0.575188279151917
mys,1975,0.520239651203156
mys,1976,0.498209685087204
mys,1977,0.517741858959198
mys,1978,0.526537656784058
mys,1979,0.541535496711731
mys,1980,0.595270037651062
mys,1981,0.591395676136017
mys,1982,0.591339349746704
mys,1983,0.553412854671478
mys,1984,0.515917539596558
mys,1985,0.454416036605835
mys,1986,0.397976994514465
mys,1987,0.392069637775421
mys,1988,0.436695575714111
mys,1989,0.47236979007721
mys,1990,0.498512804508209
mys,1991,0.551325976848602
mys,1992,0.527906537055969
mys,1993,0.552672922611237
mys,1994,0.571470499038696
mys,1995,0.600785374641419
mys,1996,0.578525066375732
mys,1997,0.573580861091614
mys,1998,0.416377991437912
mys,1999,0.412869602441788
mys,2000,0.450932800769806
mys,2001,0.44187992811203
mys,2002,0.445977091789246
mys,2003,0.444853514432907
mys,2004,0.459769636392593
mys,2005,0.456736952066422
mys,2006,0.474561244249344
mys,2007,0.505301356315613
mys,2008,0.53503829240799
mys,2009,0.521774530410767
mys,2010,0.540715038776398
mys,2011,0.553605735301971
mys,2012,0.603144586086273
mys,2013,0.594714999198914
mys,2014,0.587949454784393
mys,2015,0.583791673183441
mys,2016,0.591161489486694
mys,2017,0.586507081985474
mys,2018,0.619719862937927
mys,2019,0.592332780361176
mys,2020,0.588870823383331
mys,2021,0.576561152935028
mys,2022,0.608011662960053
mys,2023,0.613837480545044
nam,1964,1.15591192245483
nam,1965,1.13211607933044
nam,1966,1.07099056243896
nam,1967,1.02737808227539
nam,1968,0.965377449989319
nam,1969,0.942811548709869
nam,1970,0.9796222448349
nam,1971,0.967761993408203
nam,1972,0.927941024303436
nam,1973,0.920005559921265
nam,1974,1.00717127323151
nam,1975,1.02095603942871
nam,1976,0.975158393383026
nam,1977,0.906369149684906
nam,1978,0.923522889614105
nam,1979,0.954629838466644
nam,1980,0.904861330986023
nam,1981,1.03523445129395
nam,1982,0.98518443107605
nam,1983,0.849584102630615
nam,1984,0.784235596656799
nam,1985,0.675498843193054
nam,1986,0.66920667886734
nam,1987,0.7249835729599
nam,1988,0.672805964946747
nam,1989,0.667207062244415
nam,1990,0.573943734169006
nam,1991,0.611850202083588
nam,1992,0.619153916835785
nam,1993,0.612637460231781
nam,1994,0.617397427558899
nam,1995,0.642768442630768
nam,1996,0.700237929821014
nam,1997,0.721776604652405
nam,1998,0.724123179912567
nam,1999,0.705500066280365
nam,2000,0.700818598270416
nam,2001,0.765982568264008
nam,2002,0.712550342082977
nam,2003,0.713452279567719
nam,2004,0.708179533481598
nam,2005,0.673461198806763
nam,2006,0.734053015708923
nam,2007,0.7640780210495
nam,2008,0.820988416671753
nam,2009,0.813854992389679
nam,2010,0.710515081882477
nam,2011,0.724345743656158
nam,2012,0.826116502285004
nam,2013,0.763049960136414
nam,2014,0.725732862949371
nam,2015,0.76596987247467
nam,2016,0.775019645690918
nam,2017,0.722141146659851
nam,2018,0.665025770664215
nam,2019,0.641279757022858
nam,2020,0.623842000961304
nam,2021,0.638547718524933
nam,2022,0.681300222873688
nam,2023,0.722933292388916
ner,1964,0.407715827226639
ner,1965,0.412274450063705
ner,1966,0.390322268009186
ner,1967,0.410425961017609
ner,1968,0.41155019402504
ner,1969,0.379178196191788
ner,1970,0.395702093839645
ner,1971,0.391062915325165
ner,1972,0.375917106866837
ner,1973,0.318158984184265
ner,1974,0.418684244155884
ner,1975,0.368347853422165
ner,1976,0.362439513206482
ner,1977,0.392090916633606
ner,1978,0.393488198518753
ner,1979,0.442456126213074
ner,1980,0.457176893949509
ner,1981,0.402047902345657
ner,1982,0.432345896959305
ner,1983,0.385144889354706
ner,1984,0.278979599475861
ner,1985,0.316926300525665
ner,1986,0.298643589019775
ner,1987,0.294441670179367
ner,1988,0.299104809761047
ner,1989,0.291482746601105
ner,1990,0.292734920978546
ner,1991,0.294528365135193
ner,1992,0.277189284563065
ner,1993,0.267219871282578
ner,1994,0.266816914081574
ner,1995,0.273777306079865
ner,1996,0.270989775657654
ner,1997,0.26706725358963
ner,1998,0.268573075532913
ner,1999,0.255569815635681
ner,2000,0.240465149283409
ner,2001,0.257332116365433
ner,2002,0.261545717716217
ner,2003,0.263202697038651
ner,2004,0.247969791293144
ner,2005,0.250487416982651
ner,2006,0.250505656003952
ner,2007,0.256903976202011
ner,2008,0.279520571231842
ner,2009,0.282160311937332
ner,2010,0.28306171298027
ner,2011,0.271381229162216
ner,2012,0.27659684419632
ner,2013,0.283657073974609
ner,2014,0.282335042953491
ner,2015,0.280640155076981
ner,2016,0.272204250097275
ner,2017,0.265077888965607
ner,2018,0.274040073156357
ner,2019,0.295361280441284
ner,2020,0.308504641056061
ner,2021,0.306555867195129
ner,2022,0.324996590614319
ner,2023,0.317683279514313
nga,1960,0.331996262073517
nga,1961,0.339650452136993
nga,1962,0.309625267982483
nga,1963,0.316582351922989
nga,1964,0.324879437685013
nga,1965,0.354005008935928
nga,1966,0.304137706756592
nga,1967,0.256613314151764
nga,1968,0.228796109557152
nga,1969,0.260200887918472
nga,1970,0.389313608407974
nga,1971,0.390263348817825
nga,1972,0.391900181770325
nga,1973,0.4103182554245
nga,1974,0.361007064580917
nga,1975,0.439451098442078
nga,1976,0.489336282014847
nga,1977,0.499543905258179
nga,1978,0.46409085392952
nga,1979,0.395680904388428
nga,1980,0.39871209859848
nga,1981,0.434719026088715
nga,1982,0.372734099626541
nga,1983,0.297236055135727
nga,1984,0.248945355415344
nga,1985,0.328092515468597
nga,1986,0.203658178448677
nga,1987,0.148430019617081
nga,1988,0.143495067954063
nga,1989,0.13335582613945
nga,1990,0.150038659572601
nga,1991,0.145746424794197
nga,1992,0.14959591627121
nga,1993,0.130175307393074
nga,1994,0.107681006193161
nga,1995,0.103826507925987
nga,1996,0.10843338817358
nga,1997,0.110634453594685
nga,1998,0.110672242939472
nga,1999,0.107391372323036
nga,2000,0.11453939974308
nga,2001,0.143496811389923
nga,2002,0.15181328356266
nga,2003,0.175857111811638
nga,2004,0.186087608337402
nga,2005,0.277522504329681
nga,2006,0.276534229516983
nga,2007,0.337021797895432
nga,2008,0.304807811975479
nga,2009,0.36051544547081
nga,2010,0.36703622341156
nga,2011,0.3747518658638
nga,2012,0.382329940795898
nga,2013,0.487232744693756
nga,2014,0.509084224700928
nga,2015,0.554454565048218
nga,2016,0.548628866672516
nga,2017,0.525503873825073
nga,2018,0.49126660823822
nga,2019,0.45634451508522
nga,2020,0.405864238739014
nga,2021,0.303592950105667
nga,2022,0.283166110515595
nga,2023,0.257383704185486
nic,1980,1.10152542591095
nic,1981,1.06965708732605
nic,1982,0.942527890205383
nic,1983,0.932245433330536
nic,1984,0.877719342708588
nic,1985,0.823026180267334
nic,1986,0.761958658695221
nic,1987,0.731137931346893
nic,1988,0.675450026988983
nic,1989,0.587473273277283
nic,1990,0.534189581871033
nic,1991,0.608521401882172
nic,1992,0.605672419071198
nic,1993,0.564299464225769
nic,1994,0.568200409412384
nic,1995,0.583182513713837
nic,1996,0.590160012245178
nic,1997,0.600273549556732
nic,1998,0.576242506504059
nic,1999,0.579647302627564
nic,2000,0.538627207279205
nic,2001,0.533653855323792
nic,2002,0.522596955299377
nic,2003,0.509343028068543
nic,2004,0.500296115875244
nic,2005,0.500207901000977
nic,2006,0.493123948574066
nic,2007,0.50575202703476
nic,2008,0.521904110908508
nic,2009,0.497501373291016
nic,2010,0.485873937606812
nic,2011,0.491545140743256
nic,2012,0.485360503196716
nic,2013,0.473504841327667
nic,2014,0.467265725135803
nic,2015,0.484404742717743
nic,2016,0.487461477518082
nic,2017,0.472646474838257
nic,2018,0.421197324991226
nic,2019,0.38873964548111
nic,2020,0.383842438459396
nic,2021,0.402872532606125
nic,2022,0.396780878305435
nic,2023,0.410590142011642
nld,1954,0.730061709880829
nld,1955,0.736296057701111
nld,1956,0.763353109359741
nld,1957,0.741489231586456
nld,1958,0.701104640960693
nld,1959,0.69382631778717
nld,1960,0.717581987380981
nld,1961,0.735090732574463
nld,1962,0.740686118602753
nld,1963,0.755463123321533
nld,1964,0.783390283584595
nld,1965,0.791745543479919
nld,1966,0.782059848308563
nld,1967,0.807637751102448
nld,1968,0.82532262802124
nld,1969,0.834315538406372
nld,1970,0.882739901542664
nld,1971,0.89428174495697
nld,1972,0.88195413351059
nld,1973,0.932549595832825
nld,1974,1.01543116569519
nld,1975,1.06055641174316
nld,1976,1.06350898742676
nld,1977,1.08458960056305
nld,1978,1.10238635540009
nld,1979,1.11368346214294
nld,1980,1.16974234580994
nld,1981,1.09116697311401
nld,1982,1.09377777576447
nld,1983,1.07853829860687
nld,1984,1.02626657485962
nld,1985,1.0110274553299
nld,1986,1.01681077480316
nld,1987,1.01845395565033
nld,1988,1.01449882984161
nld,1989,1.01800143718719
nld,1990,1.00093412399292
nld,1991,1.01223623752594
nld,1992,0.983060002326965
nld,1993,0.959375083446503
nld,1994,0.95923513174057
nld,1995,0.95385205745697
nld,1996,0.949702739715576
nld,1997,0.989651560783386
nld,1998,1.02220320701599
nld,1999,1.04600512981415
nld,2000,1.06824970245361
nld,2001,1.09592270851135
nld,2002,1.09448218345642
nld,2003,1.01796400547028
nld,2004,0.975947737693787
nld,2005,0.949469685554504
nld,2006,0.939023613929749
nld,2007,0.96113795042038
nld,2008,0.964587986469269
nld,2009,0.95206093788147
nld,2010,0.862268507480621
nld,2011,0.86175799369812
nld,2012,0.839683055877686
nld,2013,0.811032056808472
nld,2014,0.795690953731537
nld,2015,0.83773934841156
nld,2016,0.808963119983673
nld,2017,0.817539811134338
nld,2018,0.823108017444611
nld,2019,0.849578738212585
nld,2020,0.831344783306122
nld,2021,0.827421188354492
nld,2022,0.847790777683258
nld,2023,0.816110968589783
nor,1954,0.653386056423187
nor,1955,0.637186944484711
nor,1956,0.641010463237763
nor,1957,0.65312135219574
nor,1958,0.651800751686096
nor,1959,0.64375364780426
nor,1960,0.663467586040497
nor,1961,0.694939136505127
nor,1962,0.683659970760346
nor,1963,0.684758245944977
nor,1964,0.697994828224182
nor,1965,0.724848389625549
nor,1966,0.726421058177948
nor,1967,0.77207362651825
nor,1968,0.755034804344177
nor,1969,0.773294806480408
nor,1970,0.825333058834076
nor,1971,0.873227298259735
nor,1972,0.846157371997833
nor,1973,0.876164019107819
nor,1974,0.949069678783417
nor,1975,0.995806276798248
nor,1976,0.988919138908386
nor,1977,0.978277862071991
nor,1978,0.893906056880951
nor,1979,0.898963034152985
nor,1980,0.925648748874664
nor,1981,0.885329008102417
nor,1982,0.876671671867371
nor,1983,0.803637564182282
nor,1984,0.773365259170532
nor,1985,0.762561023235321
nor,1986,0.808293759822846
nor,1987,0.792919397354126
nor,1988,0.764861106872559
nor,1989,0.742495477199554
nor,1990,0.733154475688934
nor,1991,0.760060369968414
nor,1992,0.764463603496552
nor,1993,0.777473390102387
nor,1994,0.792098820209503
nor,1995,0.813594520092011
nor,1996,0.810777246952057
nor,1997,0.850677728652954
nor,1998,0.876749515533447
nor,1999,0.846635520458221
nor,2000,0.823148965835571
nor,2001,0.8231320977211
nor,2002,0.845536172389984
nor,2003,0.835952758789063
nor,2004,0.835941076278687
nor,2005,0.814985930919647
nor,2006,0.834749162197113
nor,2007,0.884468138217926
nor,2008,0.868970155715942
nor,2009,0.861142933368683
nor,2010,0.842297792434692
nor,2011,0.837460100650787
nor,2012,0.856974840164185
nor,2013,0.85418576002121
nor,2014,0.853820741176605
nor,2015,0.83464115858078
nor,2016,0.849797487258911
nor,2017,0.853532075881958
nor,2018,0.846186578273773
nor,2019,0.892213404178619
nor,2020,0.878759324550629
nor,2021,0.827107846736908
nor,2022,0.806280374526978
nor,2023,0.789732754230499
nzl,1954,0.974562764167786
nzl,1955,0.943691313266754
nzl,1956,0.912363529205322
nzl,1957,0.941229522228241
nzl,1958,0.897569835186005
nzl,1959,0.884650051593781
nzl,1960,1.02059805393219
nzl,1961,1.03500699996948
nzl,1962,0.99396675825119
nzl,1963,1.02566206455231
nzl,1964,1.05616331100464
nzl,1965,1.0709240436554
nzl,1966,1.0485223531723
nzl,1967,0.933571219444275
nzl,1968,0.881748139858246
nzl,1969,0.94609409570694
nzl,1970,0.946886122226715
nzl,1971,0.92318195104599
nzl,1972,0.93326199054718
nzl,1973,1.0122674703598
nzl,1974,1.10865306854248
nzl,1975,0.969931244850159
nzl,1976,0.928579390048981
nzl,1977,0.85819274187088
nzl,1978,0.803040862083435
nzl,1979,0.820685625076294
nzl,1980,0.841980814933777
nzl,1981,0.868490993976593
nzl,1982,0.867112517356873
nzl,1983,0.827763974666596
nzl,1984,0.817803502082825
nzl,1985,0.766875624656677
nzl,1986,0.759208619594574
nzl,1987,0.757560312747955
nzl,1988,0.769765317440033
nzl,1989,0.817201673984528
nzl,1990,0.785844922065735
nzl,1991,0.767208576202393
nzl,1992,0.753513157367706
nzl,1993,0.769108653068543
nzl,1994,0.786846458911896
nzl,1995,0.803252935409546
nzl,1996,0.807376682758331
nzl,1997,0.833223104476929
nzl,1998,0.836528718471527
nzl,1999,0.864117443561554
nzl,2000,0.827865183353424
nzl,2001,0.83096706867218
nzl,2002,0.818163752555847
nzl,2003,0.830020070075989
nzl,2004,0.814887762069702
nzl,2005,0.809381306171417
nzl,2006,0.807912468910217
nzl,2007,0.852646112442017
nzl,2008,0.853104591369629
nzl,2009,0.858372390270233
nzl,2010,0.849568367004395
nzl,2011,0.861137449741364
nzl,2012,0.879168272018433
nzl,2013,0.81726211309433
nzl,2014,0.810831725597382
nzl,2015,0.830365598201752
nzl,2016,0.856911420822144
nzl,2017,0.871881663799286
nzl,2018,0.861252665519714
nzl,2019,0.873768091201782
nzl,2020,0.889040052890778
nzl,2021,0.911801993846893
nzl,2022,0.912847816944122
nzl,2023,0.870896637439728
pan,1969,1.01093113422394
pan,1970,1.10922908782959
pan,1971,1.13373565673828
pan,1972,1.09059631824493
pan,1973,1.04001533985138
pan,1974,1.09710955619812
pan,1975,1.09179723262787
pan,1976,1.01327562332153
pan,1977,0.958289921283722
pan,1978,1.0114403963089
pan,1979,1.01995277404785
pan,1980,1.0957704782486
pan,1981,1.09154200553894
pan,1982,1.03632616996765
pan,1983,0.993099629878998
pan,1984,0.966958403587341
pan,1985,0.944632649421692
pan,1986,0.950326263904572
pan,1987,0.923040747642517
pan,1988,0.726821303367615
pan,1989,0.794342696666718
pan,1990,0.805290281772614
pan,1991,0.920675337314606
pan,1992,0.908957362174988
pan,1993,0.892905652523041
pan,1994,0.845483541488648
pan,1995,0.791977047920227
pan,1996,0.793501973152161
pan,1997,0.787416577339172
pan,1998,0.823492467403412
pan,1999,0.785002827644348
pan,2000,0.752984821796417
pan,2001,0.725638329982758
pan,2002,0.735714852809906
pan,2003,0.781481921672821
pan,2004,0.785403370857239
pan,2005,0.807507932186127
pan,2006,0.836287379264832
pan,2007,0.871754169464111
pan,2008,0.907785654067993
pan,2009,0.861414730548859
pan,2010,0.909334659576416
pan,2011,0.919309914112091
pan,2012,0.941240906715393
pan,2013,0.921795010566711
pan,2014,0.930113792419434
pan,2015,0.898035228252411
pan,2016,0.887568771839142
pan,2017,0.87865686416626
pan,2018,0.805306971073151
pan,2019,0.761000514030457
pan,2020,0.619117796421051
pan,2021,0.628213107585907
pan,2022,0.696964144706726
pan,2023,0.730684280395508
per,1954,0.692823112010956
per,1955,0.692872405052185
per,1956,0.687839865684509
per,1957,0.701901137828827
per,1958,0.664738774299622
per,1959,0.641139805316925
per,1960,0.676080942153931
per,1961,0.70354151725769
per,1962,0.729719698429108
per,1963,0.754700064659119
per,1964,0.786766707897186
per,1965,0.812245965003967
per,1966,0.835661768913269
per,1967,0.855226874351502
per,1968,0.815829515457153
per,1969,0.832125902175903
per,1970,0.854943990707398
per,1971,0.839593946933746
per,1972,0.799336373806
per,1973,0.822613835334778
per,1974,0.910600066184998
per,1975,0.898536562919617
per,1976,0.82771372795105
per,1977,0.78297632932663
per,1978,0.711942613124847
per,1979,0.709645807743073
per,1980,0.779820740222931
per,1981,0.77782154083252
per,1982,0.739312946796417
per,1983,0.6096231341362
per,1984,0.582605302333832
per,1985,0.581785500049591
per,1986,0.610832512378693
per,1987,0.638891816139221
per,1988,0.575550258159638
per,1989,0.465049177408218
per,1990,0.441814631223679
per,1991,0.445787757635117
per,1992,0.427623063325882
per,1993,0.434607326984406
per,1994,0.451701790094376
per,1995,0.474361479282379
per,1996,0.458035796880722
per,1997,0.459864288568497
per,1998,0.416487067937851
per,1999,0.380222320556641
per,2000,0.369244605302811
per,2001,0.361094772815704
per,2002,0.366220831871033
per,2003,0.368637830018997
per,2004,0.368677169084549
per,2005,0.376609206199646
per,2006,0.40941858291626
per,2007,0.446133881807327
per,2008,0.490331530570984
per,2009,0.466251462697983
per,2010,0.505293071269989
per,2011,0.52593070268631
per,2012,0.52260559797287
per,2013,0.518010079860687
per,2014,0.498339295387268
per,2015,0.479781746864319
per,2016,0.464363366365433
per,2017,0.445154309272766
per,2018,0.443225681781769
per,2019,0.438077181577683
per,2020,0.390822350978851
per,2021,0.423781663179398
per,2022,0.418084681034088
per,2023,0.400414705276489
phl,1954,0.516724646091461
phl,1955,0.502285301685333
phl,1956,0.49232941865921
phl,1957,0.506874024868012
phl,1958,0.495061248540878
phl,1959,0.490563333034515
phl,1960,0.497738778591156
phl,1961,0.496323794126511
phl,1962,0.482242733240128
phl,1963,0.486613422632217
phl,1964,0.469550043344498
phl,1965,0.471154570579529
phl,1966,0.446451365947723
phl,1967,0.451481133699417
phl,1968,0.450590550899506
phl,1969,0.458673536777496
phl,1970,0.462271839380264
phl,1971,0.453379541635513
phl,1972,0.486845076084137
phl,1973,0.516676425933838
phl,1974,0.615146160125732
phl,1975,0.664676785469055
phl,1976,0.665949463844299
phl,1977,0.653227627277374
phl,1978,0.638637781143189
phl,1979,0.648704051971436
phl,1980,0.670791268348694
phl,1981,0.633402347564697
phl,1982,0.652622818946838
phl,1983,0.582893311977387
phl,1984,0.483904302120209
phl,1985,0.445012539625168
phl,1986,0.453973025083542
phl,1987,0.483248919248581
phl,1988,0.505931794643402
phl,1989,0.532825589179993
phl,1990,0.556302011013031
phl,1991,0.544685304164887
phl,1992,0.531367480754852
phl,1993,0.543996691703796
phl,1994,0.541173040866852
phl,1995,0.56002676486969
phl,1996,0.581230461597443
phl,1997,0.554979562759399
phl,1998,0.51532506942749
phl,1999,0.478866279125214
phl,2000,0.473277181386948
phl,2001,0.496790200471878
phl,2002,0.491046726703644
phl,2003,0.480938732624054
phl,2004,0.462253212928772
phl,2005,0.450342506170273
phl,2006,0.456655114889145
phl,2007,0.463095605373383
phl,2008,0.477848827838898
phl,2009,0.47502601146698
phl,2010,0.468069493770599
phl,2011,0.475872695446014
phl,2012,0.511615574359894
phl,2013,0.527704894542694
phl,2014,0.545449554920197
phl,2015,0.555780589580536
phl,2016,0.557537972927094
phl,2017,0.572885930538178
phl,2018,0.56552928686142
phl,2019,0.560541331768036
phl,2020,0.526673495769501
phl,2021,0.484535098075867
phl,2022,0.479057222604752
phl,2023,0.480409383773804
pol,1974,0.749218165874481
pol,1975,0.777191996574402
pol,1976,0.764290869235992
pol,1977,0.754819273948669
pol,1978,0.734041571617127
pol,1979,0.722249269485474
pol,1980,0.663367390632629
pol,1981,0.608491122722626
pol,1982,0.561706960201263
pol,1983,0.55204039812088
pol,1984,0.541019439697266
pol,1985,0.55280876159668
pol,1986,0.562402248382568
pol,1987,0.565891206264496
pol,1988,0.582609176635742
pol,1989,0.590847015380859
pol,1990,0.573420226573944
pol,1991,0.622425854206085
pol,1992,0.621767282485962
pol,1993,0.665288209915161
pol,1994,0.680542171001434
pol,1995,0.715155601501465
pol,1996,0.747138261795044
pol,1997,0.779093205928803
pol,1998,0.775439083576202
pol,1999,0.797154426574707
pol,2000,0.806663393974304
pol,2001,0.805233418941498
pol,2002,0.837975859642029
pol,2003,0.811186134815216
pol,2004,0.814397215843201
pol,2005,0.776985287666321
pol,2006,0.817876756191254
pol,2007,0.893635988235474
pol,2008,0.897302269935608
pol,2009,0.908078670501709
pol,2010,0.896186888217926
pol,2011,0.949320495128632
pol,2012,0.926906585693359
pol,2013,0.88824462890625
pol,2014,0.885590970516205
pol,2015,0.882130026817322
pol,2016,0.87663722038269
pol,2017,0.884044706821442
pol,2018,0.91126823425293
pol,2019,0.929474651813507
pol,2020,0.889732956886292
pol,2021,0.904567360877991
pol,2022,0.945258557796478
pol,2023,0.893951892852783
prt,1954,0.92152863740921
prt,1955,0.913407981395721
prt,1956,0.936419010162354
prt,1957,0.96026599407196
prt,1958,0.935541749000549
prt,1959,0.95889288187027
prt,1960,0.997820675373077
prt,1961,1.06170630455017
prt,1962,1.04338252544403
prt,1963,1.07641434669495
prt,1964,1.0731086730957
prt,1965,1.08573436737061
prt,1966,1.04565441608429
prt,1967,1.08770549297333
prt,1968,1.25120556354523
prt,1969,1.26588439941406
prt,1970,1.32534265518188
prt,1971,1.35139560699463
prt,1972,1.34452974796295
prt,1973,1.43348073959351
prt,1974,1.47637069225311
prt,1975,1.31230866909027
prt,1976,1.33572065830231
prt,1977,1.3484662771225
prt,1978,1.24961411952972
prt,1979,1.24094712734222
prt,1980,1.28797543048859
prt,1981,1.25782001018524
prt,1982,1.20705080032349
prt,1983,1.02817034721375
prt,1984,0.872129619121552
prt,1985,0.830057203769684
prt,1986,0.858709692955017
prt,1987,0.888745069503784
prt,1988,0.927237033843994
prt,1989,0.909606993198395
prt,1990,0.927850544452667
prt,1991,0.964972674846649
prt,1992,0.948718011379242
prt,1993,0.907716631889343
prt,1994,0.911127746105194
prt,1995,0.896134436130524
prt,1996,0.89174497127533
prt,1997,0.923745036125183
prt,1998,0.927185237407684
prt,1999,0.938038170337677
prt,2000,0.931585848331451
prt,2001,0.965759873390198
prt,2002,0.936376571655273
prt,2003,0.88338029384613
prt,2004,0.878170788288117
prt,2005,0.898577451705933
prt,2006,0.879009485244751
prt,2007,0.874700665473938
prt,2008,0.883058607578278
prt,2009,0.866652309894562
prt,2010,0.822769165039063
prt,2011,0.787340879440308
prt,2012,0.736354947090149
prt,2013,0.702435851097107
prt,2014,0.690691351890564
prt,2015,0.701593101024628
prt,2016,0.693446338176727
prt,2017,0.6951784491539
prt,2018,0.708226144313812
prt,2019,0.740888178348541
prt,2020,0.732130289077759
prt,2021,0.729418277740479
prt,2022,0.73273903131485
prt,2023,0.731239020824432
pry,1955,0.626960217952728
pry,1956,0.591691076755524
pry,1957,0.639366090297699
pry,1958,0.657190322875977
pry,1959,0.604695081710815
pry,1960,0.592169046401978
pry,1961,0.607044279575348
pry,1962,0.608118116855621
pry,1963,0.61668187379837
pry,1964,0.633490204811096
pry,1965,0.625297725200653
pry,1966,0.614728629589081
pry,1967,0.636118412017822
pry,1968,0.62877881526947
pry,1969,0.631453454494476
pry,1970,0.633839845657349
pry,1971,0.643876135349274
pry,1972,0.640109658241272
pry,1973,0.653479814529419
pry,1974,0.728085935115814
pry,1975,0.756301820278168
pry,1976,0.753286480903626
pry,1977,0.783587515354157
pry,1978,0.807304561138153
pry,1979,0.766711473464966
pry,1980,0.861490190029144
pry,1981,0.883680999279022
pry,1982,0.82111519575119
pry,1983,0.712326288223267
pry,1984,0.662714719772339
pry,1985,0.632619798183441
pry,1986,0.605926036834717
pry,1987,0.611052334308624
pry,1988,0.59612363576889
pry,1989,0.57442569732666
pry,1990,0.604236841201782
pry,1991,0.612452387809753
pry,1992,0.591432511806488
pry,1993,0.586845934391022
pry,1994,0.610151767730713
pry,1995,0.59357625246048
pry,1996,0.595907866954804
pry,1997,0.583064019680023
pry,1998,0.525303304195404
pry,1999,0.488691926002502
pry,2000,0.449069291353226
pry,2001,0.452114582061768
pry,2002,0.433791428804398
pry,2003,0.446509927511215
pry,2004,0.432212591171265
pry,2005,0.408310621976852
pry,2006,0.434870928525925
pry,2007,0.454258859157562
pry,2008,0.491023004055023
pry,2009,0.507076501846314
pry,2010,0.55596923828125
pry,2011,0.581222176551819
pry,2012,0.580203711986542
pry,2013,0.5978724360466
pry,2014,0.631796538829804
pry,2015,0.614745557308197
pry,2016,0.602741003036499
pry,2017,0.609098553657532
pry,2018,0.592784106731415
pry,2019,0.572880327701569
pry,2020,0.561531007289887
pry,2021,0.514126002788544
pry,2022,0.517711699008942
pry,2023,0.48718786239624
qat,1974,0.788228094577789
qat,1975,0.754518330097199
qat,1976,0.604451239109039
qat,1977,0.758216500282288
qat,1978,0.702780783176422
qat,1979,0.58710378408432
qat,1980,0.535734474658966
qat,1981,0.699984967708588
qat,1982,0.688332438468933
qat,1983,0.617116510868073
qat,1984,0.630036532878876
qat,1985,0.592302322387695
qat,1986,0.561054527759552
qat,1987,0.618353486061096
qat,1988,0.627829551696777
qat,1989,0.672244906425476
qat,1990,0.63732248544693
qat,1991,0.631500840187073
qat,1992,0.610793471336365
qat,1993,0.560764610767365
qat,1994,0.529808759689331
qat,1995,0.584566533565521
qat,1996,0.52237731218338
qat,1997,0.552354276180267
qat,1998,0.456066101789475
qat,1999,0.383580207824707
qat,2000,0.429922521114349
qat,2001,0.444672495126724
qat,2002,0.40748718380928
qat,2003,0.490584701299667
qat,2004,0.471054166555405
qat,2005,0.544872403144836
qat,2006,0.670367538928986
qat,2007,0.632477045059204
qat,2008,0.584127485752106
qat,2009,0.533014357089996
qat,2010,0.471265643835068
qat,2011,0.530473113059998
qat,2012,0.522475004196167
qat,2013,0.495616018772125
qat,2014,0.480364561080933
qat,2015,0.435999780893326
qat,2016,0.445518255233765
qat,2017,0.422923177480698
qat,2018,0.421965479850769
qat,2019,0.415340036153793
qat,2020,0.383247673511505
qat,2021,0.368013501167297
qat,2022,0.390678554773331
qat,2023,0.398611903190613
rou,1964,0.362899124622345
rou,1965,0.374868363142014
rou,1966,0.369653910398483
rou,1967,0.394136250019074
rou,1968,0.395163059234619
rou,1969,0.402596175670624
rou,1970,0.419372498989105
rou,1971,0.441570788621902
rou,1972,0.462216973304749
rou,1973,0.469608694314957
rou,1974,0.542845666408539
rou,1975,0.593227386474609
rou,1976,0.601569831371307
rou,1977,0.628239333629608
rou,1978,0.66582989692688
rou,1979,0.691421031951904
rou,1980,0.696839392185211
rou,1981,0.662141501903534
rou,1982,0.657960176467896
rou,1983,0.618635475635529
rou,1984,0.608241498470306
rou,1985,0.587841391563416
rou,1986,0.587818682193756
rou,1987,0.578317701816559
rou,1988,0.569643795490265
rou,1989,0.560252249240875
rou,1990,0.596068561077118
rou,1991,0.565030157566071
rou,1992,0.544871151447296
rou,1993,0.570615410804749
rou,1994,0.594980716705322
rou,1995,0.643205344676971
rou,1996,0.654125928878784
rou,1997,0.592978656291962
rou,1998,0.519060254096985
rou,1999,0.478914946317673
rou,2000,0.485455125570297
rou,2001,0.551089584827423
rou,2002,0.612573146820068
rou,2003,0.613619029521942
rou,2004,0.657073318958283
rou,2005,0.632869601249695
rou,2006,0.679373741149902
rou,2007,0.754417896270752
rou,2008,0.790767073631287
rou,2009,0.725843846797943
rou,2010,0.70294988155365
rou,2011,0.70074588060379
rou,2012,0.719850420951843
rou,2013,0.678518354892731
rou,2014,0.696571528911591
rou,2015,0.716347873210907
rou,2016,0.760239899158478
rou,2017,0.771868765354157
rou,2018,0.802415370941162
rou,2019,0.861531972885132
rou,2020,0.853827238082886
rou,2021,0.869275450706482
rou,2022,0.895266890525818
rou,2023,0.885625779628754
rus,1994,0.308600008487701
rus,1995,0.290618747472763
rus,1996,0.322530001401901
rus,1997,0.321180135011673
rus,1998,0.267206639051437
rus,1999,0.229294180870056
rus,2000,0.249636396765709
rus,2001,0.266110599040985
rus,2002,0.272708088159561
rus,2003,0.286402434110642
rus,2004,0.301820605993271
rus,2005,0.321076333522797
rus,2006,0.357779085636139
rus,2007,0.408034116029739
rus,2008,0.458054393529892
rus,2009,0.426490187644959
rus,2010,0.46283084154129
rus,2011,0.516553401947022
rus,2012,0.548514008522034
rus,2013,0.498200416564941
rus,2014,0.506779670715332
rus,2015,0.468740701675415
rus,2016,0.469014257192612
rus,2017,0.490191698074341
rus,2018,0.47135391831398
rus,2019,0.487843304872513
rus,2020,0.475752621889114
rus,2021,0.456567227840424
rus,2022,0.452164500951767
rus,2023,0.477719485759735
rwa,1964,0.493021488189697
rwa,1965,0.515642642974854
rwa,1966,0.532074272632599
rwa,1967,0.542603373527527
rwa,1968,0.540756762027741
rwa,1969,0.58566689491272
rwa,1970,0.599578142166138
rwa,1971,0.572501003742218
rwa,1972,0.56368750333786
rwa,1973,0.530567526817322
rwa,1974,0.568849384784699
rwa,1975,0.564334511756897
rwa,1976,0.588679254055023
rwa,1977,0.625236570835114
rwa,1978,0.735001385211945
rwa,1979,0.612469673156738
rwa,1980,0.683854401111603
rwa,1981,0.746273875236511
rwa,1982,0.815436780452728
rwa,1983,0.839280843734741
rwa,1984,0.718521237373352
rwa,1985,0.633644580841065
rwa,1986,0.661660671234131
rwa,1987,0.521038472652435
rwa,1988,0.566499471664429
rwa,1989,0.561993777751923
rwa,1990,0.533584773540497
rwa,1991,0.47215861082077
rwa,1992,0.464799851179123
rwa,1993,0.395910680294037
rwa,1994,0.262942135334015
rwa,1995,0.274881780147553
rwa,1996,0.274264514446259
rwa,1997,0.290137082338333
rwa,1998,0.291372358798981
rwa,1999,0.300829917192459
rwa,2000,0.320257723331451
rwa,2001,0.327709585428238
rwa,2002,0.356024652719498
rwa,2003,0.337483942508698
rwa,2004,0.348263204097748
rwa,2005,0.366676539182663
rwa,2006,0.372347593307495
rwa,2007,0.36023285984993
rwa,2008,0.365573823451996
rwa,2009,0.370664298534393
rwa,2010,0.362073600292206
rwa,2011,0.37580668926239
rwa,2012,0.37989729642868
rwa,2013,0.365188539028168
rwa,2014,0.385715842247009
rwa,2015,0.399128407239914
rwa,2016,0.373850136995316
rwa,2017,0.349784016609192
rwa,2018,0.350667029619217
rwa,2019,0.367430180311203
rwa,2020,0.339490383863449
rwa,2021,0.385723263025284
rwa,2022,0.385502338409424
rwa,2023,0.368446052074432
sau,1974,1.29476845264435
sau,1975,0.869478404521942
sau,1976,1.01847684383392
sau,1977,0.911310970783234
sau,1978,0.880878806114197
sau,1979,0.705574214458466
sau,1980,0.637370765209198
sau,1981,0.734692752361298
sau,1982,0.878788352012634
sau,1983,0.977467834949493
sau,1984,0.930182158946991
sau,1985,0.805740833282471
sau,1986,0.845957100391388
sau,1987,0.77943217754364
sau,1988,0.823400557041168
sau,1989,0.808823585510254
sau,1990,0.723500311374664
sau,1991,0.864223659038544
sau,1992,0.865134716033936
sau,1993,0.842230319976807
sau,1994,0.744209706783295
sau,1995,0.706705272197723
sau,1996,0.658848881721497
sau,1997,0.643089294433594
sau,1998,0.599926590919495
sau,1999,0.561929404735565
sau,2000,0.557691931724548
sau,2001,0.51626318693161
sau,2002,0.514581680297852
sau,2003,0.474033564329147
sau,2004,0.467885285615921
sau,2005,0.472096771001816
sau,2006,0.51744931936264
sau,2007,0.553465127944946
sau,2008,0.623131930828095
sau,2009,0.615129888057709
sau,2010,0.627678394317627
sau,2011,0.681427896022797
sau,2012,0.713096082210541
sau,2013,0.709402740001679
sau,2014,0.781874597072601
sau,2015,0.753757238388062
sau,2016,0.652821063995361
sau,2017,0.655480146408081
sau,2018,0.717324197292328
sau,2019,0.731282711029053
sau,2020,0.66321611404419
sau,2021,0.588795721530914
sau,2022,0.564182877540588
sau,2023,0.551590859889984
sdn,1974,0.655452787876129
sdn,1975,0.729597568511963
sdn,1976,0.769774198532105
sdn,1977,0.816852629184723
sdn,1978,0.780041992664337
sdn,1979,0.719205915927887
sdn,1980,0.755428671836853
sdn,1981,0.762241065502167
sdn,1982,0.789181411266327
sdn,1983,0.643799960613251
sdn,1984,0.61881160736084
sdn,1985,0.60530412197113
sdn,1986,0.639659523963928
sdn,1987,0.635036528110504
sdn,1988,0.624748468399048
sdn,1989,0.599601626396179
sdn,1990,0.616934537887573
sdn,1991,0.659397304058075
sdn,1992,0.633268296718597
sdn,1993,0.567734122276306
sdn,1994,0.560603618621826
sdn,1995,0.522162973880768
sdn,1996,0.473030596971512
sdn,1997,0.46708932518959
sdn,1998,0.469110071659088
sdn,1999,0.513581216335297
sdn,2000,0.508517384529114
sdn,2001,0.483445465564728
sdn,2002,0.452155500650406
sdn,2003,0.43450540304184
sdn,2004,0.449249714612961
sdn,2005,0.522632598876953
sdn,2006,0.624542236328125
sdn,2007,0.558715879917145
sdn,2008,0.479019939899445
sdn,2009,0.494457453489304
sdn,2010,0.464552909135819
sdn,2011,0.49495929479599
sdn,2012,0.599800050258637
sdn,2013,0.524177134037018
sdn,2014,0.737184286117554
sdn,2015,0.787513911724091
sdn,2016,1.10303437709808
sdn,2017,1.14525592327118
sdn,2018,0.645936012268066
sdn,2019,0.62219911813736
sdn,2020,0.540015518665314
sdn,2021,0.407871842384338
sdn,2022,0.397659748792648
sdn,2023,0.343593508005142
sen,1964,0.976747512817383
sen,1965,0.93121612071991
sen,1966,0.937436461448669
sen,1967,0.946134090423584
sen,1968,0.913311958312988
sen,1969,0.80190122127533
sen,1970,0.864704966545105
sen,1971,0.845859706401825
sen,1972,0.799329280853272
sen,1973,0.764773964881897
sen,1974,0.821814239025116
sen,1975,0.857503950595856
sen,1976,0.888431549072266
sen,1977,0.871732831001282
sen,1978,0.86840695142746
sen,1979,0.903957664966583
sen,1980,0.910229086875916
sen,1981,0.942857205867767
sen,1982,1.04519438743591
sen,1983,1.08227849006653
sen,1984,1.06799125671387
sen,1985,1.16316270828247
sen,1986,1.09676706790924
sen,1987,1.05691885948181
sen,1988,0.994910180568695
sen,1989,0.900645673274994
sen,1990,0.827290177345276
sen,1991,0.740232646465302
sen,1992,0.678676009178162
sen,1993,0.60014271736145
sen,1994,0.518511831760407
sen,1995,0.512874782085419
sen,1996,0.511216223239899
sen,1997,0.52366042137146
sen,1998,0.516514658927918
sen,1999,0.542079865932465
sen,2000,0.533586621284485
sen,2001,0.580977320671082
sen,2002,0.548766851425171
sen,2003,0.578611016273499
sen,2004,0.565927684307098
sen,2005,0.57300192117691
sen,2006,0.569012522697449
sen,2007,0.58151513338089
sen,2008,0.568468570709229
sen,2009,0.554711163043976
sen,2010,0.529527425765991
sen,2011,0.516375362873077
sen,2012,0.52961528301239
sen,2013,0.523053288459778
sen,2014,0.52727735042572
sen,2015,0.512118101119995
sen,2016,0.500386714935303
sen,2017,0.464108407497406
sen,2018,0.447111904621124
sen,2019,0.411094695329666
sen,2020,0.409326553344727
sen,2021,0.382892519235611
sen,2022,0.379728496074677
sen,2023,0.367417693138123
sgp,1964,0.668864130973816
sgp,1965,0.690957069396973
sgp,1966,0.699706614017487
sgp,1967,0.768580079078674
sgp,1968,0.79167377948761
sgp,1969,0.861585259437561
sgp,1970,0.958149313926697
sgp,1971,0.956752181053162
sgp,1972,0.916052162647247
sgp,1973,0.921603202819824
sgp,1974,1.03751683235168
sgp,1975,0.996876895427704
sgp,1976,0.96157169342041
sgp,1977,0.923593163490295
sgp,1978,0.946224570274353
sgp,1979,0.989542186260223
sgp,1980,1.0477751493454
sgp,1981,0.995642006397247
sgp,1982,1.00151968002319
sgp,1983,0.969843029975891
sgp,1984,0.936659514904022
sgp,1985,0.855727434158325
sgp,1986,0.768024742603302
sgp,1987,0.77786922454834
sgp,1988,0.745770633220673
sgp,1989,0.757891058921814
sgp,1990,0.755293488502502
sgp,1991,0.748520195484161
sgp,1992,0.731551229953766
sgp,1993,0.785611510276794
sgp,1994,0.747885942459106
sgp,1995,0.762538850307465
sgp,1996,0.748005330562592
sgp,1997,0.78067022562027
sgp,1998,0.650589764118195
sgp,1999,0.674523174762726
sgp,2000,0.759951829910278
sgp,2001,0.697765588760376
sgp,2002,0.671432673931122
sgp,2003,0.590154409408569
sgp,2004,0.652888417243958
sgp,2005,0.657552540302277
sgp,2006,0.653871893882752
sgp,2007,0.648007392883301
sgp,2008,0.70443457365036
sgp,2009,0.667578458786011
sgp,2010,0.672939300537109
sgp,2011,0.669330775737763
sgp,2012,0.695548951625824
sgp,2013,0.672374546527863
sgp,2014,0.642889857292175
sgp,2015,0.605048477649689
sgp,2016,0.617146015167236
sgp,2017,0.632216155529022
sgp,2018,0.616125404834747
sgp,2019,0.609071671962738
sgp,2020,0.549828708171845
sgp,2021,0.564169824123383
sgp,2022,0.578594326972961
sgp,2023,0.537984609603882
sle,1980,1.38505566120148
sle,1981,1.36200976371765
sle,1982,1.37965071201324
sle,1983,1.20303964614868
sle,1984,1.12893235683441
sle,1985,1.09805428981781
sle,1986,1.04295682907105
sle,1987,1.03940033912659
sle,1988,1.03894352912903
sle,1989,1.00172853469849
sle,1990,0.937517702579498
sle,1991,0.859423816204071
sle,1992,0.693753838539124
sle,1993,0.670285880565643
sle,1994,0.610244393348694
sle,1995,0.505320489406586
sle,1996,0.381171405315399
sle,1997,0.29714447259903
sle,1998,0.261921882629395
sle,1999,0.229987680912018
sle,2000,0.27685758471489
sle,2001,0.319186240434647
sle,2002,0.371150016784668
sle,2003,0.370703905820847
sle,2004,0.34969574213028
sle,2005,0.335043877363205
sle,2006,0.335225105285645
sle,2007,0.352224498987198
sle,2008,0.377825379371643
sle,2009,0.395376890897751
sle,2010,0.361269980669022
sle,2011,0.420834273099899
sle,2012,0.429061323404312
sle,2013,0.611068308353424
sle,2014,0.575033843517304
sle,2015,0.520263731479645
sle,2016,0.567773401737213
sle,2017,0.587983965873718
sle,2018,0.634259462356567
sle,2019,0.59528249502182
sle,2020,0.532367706298828
sle,2021,0.404753923416138
sle,2022,0.483260303735733
sle,2023,0.480165302753449
slv,1975,1.11612510681152
slv,1976,1.13323438167572
slv,1977,1.18473243713379
slv,1978,1.13773548603058
slv,1979,1.00995433330536
slv,1980,0.968538641929627
slv,1981,0.918345630168915
slv,1982,0.880987524986267
slv,1983,0.861425518989563
slv,1984,0.865047812461853
slv,1985,0.885023951530457
slv,1986,0.87403678894043
slv,1987,0.84650045633316
slv,1988,0.837765753269196
slv,1989,0.839602708816528
slv,1990,0.80450713634491
slv,1991,0.813345789909363
slv,1992,0.826794803142548
slv,1993,0.825330436229706
slv,1994,0.826605677604675
slv,1995,0.856201589107513
slv,1996,0.803713083267212
slv,1997,0.788668513298035
slv,1998,0.744919240474701
slv,1999,0.72152853012085
slv,2000,0.706355392932892
slv,2001,0.704491019248962
slv,2002,0.701369822025299
slv,2003,0.688245832920075
slv,2004,0.68261843919754
slv,2005,0.694391012191773
slv,2006,0.718054234981537
slv,2007,0.736380159854889
slv,2008,0.739355444908142
slv,2009,0.690609812736511
slv,2010,0.687197864055634
slv,2011,0.699983716011047
slv,2012,0.664051055908203
slv,2013,0.633171439170837
slv,2014,0.599138021469116
slv,2015,0.590140104293823
slv,2016,0.567881107330322
slv,2017,0.546890437602997
slv,2018,0.536981582641602
slv,2019,0.527320861816406
slv,2020,0.499934405088425
slv,2021,0.535687744617462
slv,2022,0.523077607154846
slv,2023,0.50507003068924
srb,1994,0.317334681749344
srb,1995,0.326580941677094
srb,1996,0.315434843301773
srb,1997,0.31832093000412
srb,1998,0.324799358844757
srb,1999,0.351569563150406
srb,2000,0.37239545583725
srb,2001,0.38710230588913
srb,2002,0.435724824666977
srb,2003,0.457950502634048
srb,2004,0.494691580533981
srb,2005,0.509582757949829
srb,2006,0.518543601036072
srb,2007,0.545808672904968
srb,2008,0.551596343517304
srb,2009,0.548235297203064
srb,2010,0.542341470718384
srb,2011,0.59695440530777
srb,2012,0.622410237789154
srb,2013,0.568527162075043
srb,2014,0.564931333065033
srb,2015,0.548169255256653
srb,2016,0.543944537639618
srb,2017,0.546024739742279
srb,2018,0.543573617935181
srb,2019,0.565203547477722
srb,2020,0.539286196231842
srb,2021,0.519486725330353
srb,2022,0.506839215755463
srb,2023,0.505600094795227
svk,1994,0.577257335186005
svk,1995,0.608906686306
svk,1996,0.671317279338837
svk,1997,0.684919893741608
svk,1998,0.680003762245178
svk,1999,0.628713846206665
svk,2000,0.640863835811615
svk,2001,0.703097462654114
svk,2002,0.731840252876282
svk,2003,0.692312180995941
svk,2004,0.682176351547241
svk,2005,0.690831065177918
svk,2006,0.718398094177246
svk,2007,0.751579523086548
svk,2008,0.789806723594666
svk,2009,0.76214724779129
svk,2010,0.781570494174957
svk,2011,0.780482172966003
svk,2012,0.747331321239471
svk,2013,0.72210818529129
svk,2014,0.715732991695404
svk,2015,0.729664981365204
svk,2016,0.685935437679291
svk,2017,0.675094723701477
svk,2018,0.662601172924042
svk,2019,0.655408024787903
svk,2020,0.722427427768707
svk,2021,0.739443600177765
svk,2022,0.736395180225372
svk,2023,0.670447826385498
svn,1994,0.719018161296845
svn,1995,0.777622103691101
svn,1996,0.785473763942719
svn,1997,0.786499202251434
svn,1998,0.755489647388458
svn,1999,0.756274044513702
svn,2000,0.747094750404358
svn,2001,0.752880215644836
svn,2002,0.752364575862885
svn,2003,0.74553644657135
svn,2004,0.737841844558716
svn,2005,0.71781063079834
svn,2006,0.732210993766785
svn,2007,0.777728974819183
svn,2008,0.788255453109741
svn,2009,0.716378688812256
svn,2010,0.681097984313965
svn,2011,0.694738745689392
svn,2012,0.658910155296326
svn,2013,0.618690848350525
svn,2014,0.61128443479538
svn,2015,0.607149839401245
svn,2016,0.620266675949097
svn,2017,0.63809072971344
svn,2018,0.64886999130249
svn,2019,0.679967641830444
svn,2020,0.662923991680145
svn,2021,0.677316188812256
svn,2022,0.690360546112061
svn,2023,0.672436475753784
swe,1954,0.848411560058594
swe,1955,0.848945915699005
swe,1956,0.844696640968323
swe,1957,0.836756944656372
swe,1958,0.837819337844849
swe,1959,0.832826972007752
swe,1960,0.838417530059815
swe,1961,0.848819196224213
swe,1962,0.846903204917908
swe,1963,0.858443319797516
swe,1964,0.885660409927368
swe,1965,0.896436393260956
swe,1966,0.876761019229889
swe,1967,0.89825838804245
swe,1968,0.914897978305817
swe,1969,0.94945353269577
swe,1970,0.996347308158875
swe,1971,0.971829771995544
swe,1972,0.949279427528381
swe,1973,0.936455011367798
swe,1974,0.991398632526398
swe,1975,1.02986299991608
swe,1976,0.989508509635925
swe,1977,0.944793343544006
swe,1978,0.897701740264893
swe,1979,0.941269993782044
swe,1980,0.982537388801575
swe,1981,0.956321895122528
swe,1982,0.953184962272644
swe,1983,0.893796384334564
swe,1984,0.860170781612396
swe,1985,0.865925550460815
swe,1986,0.858529686927795
swe,1987,0.863977253437042
swe,1988,0.850016713142395
swe,1989,0.862690031528473
swe,1990,0.843353092670441
swe,1991,0.821853637695313
swe,1992,0.806819975376129
swe,1993,0.76233845949173
swe,1994,0.774310410022736
swe,1995,0.77927702665329
swe,1996,0.796765387058258
swe,1997,0.823126792907715
swe,1998,0.838859498500824
swe,1999,0.865743041038513
swe,2000,0.899495244026184
swe,2001,0.918792247772217
swe,2002,0.922887623310089
swe,2003,0.893815219402313
swe,2004,0.891072392463684
swe,2005,0.872178852558136
swe,2006,0.869121909141541
swe,2007,0.902105510234833
swe,2008,0.902862668037415
swe,2009,0.884868621826172
swe,2010,0.856789469718933
swe,2011,0.88862144947052
swe,2012,0.881164014339447
swe,2013,0.864143013954163
swe,2014,0.879983723163605
swe,2015,0.898666262626648
swe,2016,0.910086393356323
swe,2017,0.909702897071838
swe,2018,0.887271702289581
swe,2019,0.892482578754425
swe,2020,0.865356683731079
swe,2021,0.867265462875366
swe,2022,0.875035881996155
swe,2023,0.835821747779846
swz,1980,1.2512823343277
swz,1981,1.16646933555603
swz,1982,1.22531235218048
swz,1983,1.07593560218811
swz,1984,1.06190526485443
swz,1985,0.998558938503265
swz,1986,1.13027393817902
swz,1987,1.23145627975464
swz,1988,1.10096716880798
swz,1989,1.11886441707611
swz,1990,1.25946354866028
swz,1991,1.22482347488403
swz,1992,1.21591401100159
swz,1993,1.22690331935883
swz,1994,1.05047369003296
swz,1995,1.18025279045105
swz,1996,1.26936745643616
swz,1997,1.14374792575836
swz,1998,1.07275009155273
swz,1999,1.00152862071991
swz,2000,1.04201030731201
swz,2001,1.02883887290955
swz,2002,0.972956299781799
swz,2003,0.95537143945694
swz,2004,0.987398028373718
swz,2005,1.03553807735443
swz,2006,1.04090821743011
swz,2007,1.00424742698669
swz,2008,0.950730383396149
swz,2009,0.9348424077034
swz,2010,0.874582648277283
swz,2011,0.795180797576904
swz,2012,0.774716317653656
swz,2013,0.777118146419525
swz,2014,0.780097842216492
swz,2015,0.800940215587616
swz,2016,0.810074985027313
swz,2017,0.840077221393585
swz,2018,0.906284391880035
swz,2019,0.902703762054443
swz,2020,0.929242372512817
swz,2021,0.891875922679901
swz,2022,0.828232765197754
swz,2023,0.912285685539246
tgo,1980,0.467455804347992
tgo,1981,0.413965702056885
tgo,1982,0.404922515153885
tgo,1983,0.350663989782333
tgo,1984,0.330771327018738
tgo,1985,0.338128805160522
tgo,1986,0.358031183481216
tgo,1987,0.333298563957214
tgo,1988,0.347679436206818
tgo,1989,0.356152147054672
tgo,1990,0.3710677921772
tgo,1991,0.348316609859467
tgo,1992,0.321867376565933
tgo,1993,0.262107104063034
tgo,1994,0.296768695116043
tgo,1995,0.305893301963806
tgo,1996,0.33798423409462
tgo,1997,0.344757229089737
tgo,1998,0.298086166381836
tgo,1999,0.297637701034546
tgo,2000,0.292634844779968
tgo,2001,0.296318203210831
tgo,2002,0.29502472281456
tgo,2003,0.303447335958481
tgo,2004,0.292413979768753
tgo,2005,0.296894192695618
tgo,2006,0.322488069534302
tgo,2007,0.341368585824966
tgo,2008,0.332038044929504
tgo,2009,0.319131135940552
tgo,2010,0.297318577766418
tgo,2011,0.297904580831528
tgo,2012,0.296476632356644
tgo,2013,0.314088493585587
tgo,2014,0.318435937166214
tgo,2015,0.326426208019257
tgo,2016,0.330678284168243
tgo,2017,0.315144896507263
tgo,2018,0.318996548652649
tgo,2019,0.320615619421005
tgo,2020,0.32949823141098
tgo,2021,0.330229222774506
tgo,2022,0.343600124120712
tgo,2023,0.344592899084091
tha,1954,0.339862167835236
tha,1955,0.297781646251678
tha,1956,0.298926293849945
tha,1957,0.326403588056564
tha,1958,0.330982506275177
tha,1959,0.346586167812347
tha,1960,0.37218388915062
tha,1961,0.374562412500381
tha,1962,0.381190896034241
tha,1963,0.390543341636658
tha,1964,0.381482362747192
tha,1965,0.380839645862579
tha,1966,0.391558974981308
tha,1967,0.397283494472504
tha,1968,0.399362474679947
tha,1969,0.405266851186752
tha,1970,0.525208353996277
tha,1971,0.487015783786774
tha,1972,0.473792225122452
tha,1973,0.495791763067246
tha,1974,0.515896558761597
tha,1975,0.53249591588974
tha,1976,0.529821276664734
tha,1977,0.558284103870392
tha,1978,0.572054862976074
tha,1979,0.590033233165741
tha,1980,0.598906934261322
tha,1981,0.61651998758316
tha,1982,0.62489241361618
tha,1983,0.581137478351593
tha,1984,0.556818723678589
tha,1985,0.545646548271179
tha,1986,0.506808400154114
tha,1987,0.499288260936737
tha,1988,0.49505627155304
tha,1989,0.482142955064774
tha,1990,0.49373784661293
tha,1991,0.466556221246719
tha,1992,0.431008696556091
tha,1993,0.419010996818543
tha,1994,0.412141650915146
tha,1995,0.410908252000809
tha,1996,0.412836343050003
tha,1997,0.353908747434616
tha,1998,0.277760148048401
tha,1999,0.287845134735107
tha,2000,0.304109752178192
tha,2001,0.327503859996796
tha,2002,0.345098912715912
tha,2003,0.367670655250549
tha,2004,0.38720178604126
tha,2005,0.419779688119888
tha,2006,0.419589757919312
tha,2007,0.423405885696411
tha,2008,0.435921430587769
tha,2009,0.406880438327789
tha,2010,0.432180106639862
tha,2011,0.443508863449097
tha,2012,0.484240859746933
tha,2013,0.477967441082001
tha,2014,0.457345813512802
tha,2015,0.45661386847496
tha,2016,0.460753977298737
tha,2017,0.467029690742493
tha,2018,0.488529950380325
tha,2019,0.493564516305923
tha,2020,0.488770216703415
tha,2021,0.496634840965271
tha,2022,0.48608610033989
tha,2023,0.514022886753082
tjk,1994,0.361423075199127
tjk,1995,0.305533975362778
tjk,1996,0.205201297998428
tjk,1997,0.252256572246552
tjk,1998,0.230856761336327
tjk,1999,0.220966964960098
tjk,2000,0.244847342371941
tjk,2001,0.215684205293655
tjk,2002,0.204775243997574
tjk,2003,0.212248206138611
tjk,2004,0.216387912631035
tjk,2005,0.227145954966545
tjk,2006,0.256968557834625
tjk,2007,0.317571341991425
tjk,2008,0.300406247377396
tjk,2009,0.321219325065613
tjk,2010,0.288593649864197
tjk,2011,0.33330824971199
tjk,2012,0.352503746747971
tjk,2013,0.291669309139252
tjk,2014,0.30564546585083
tjk,2015,0.23252272605896
tjk,2016,0.244617000222206
tjk,2017,0.236245363950729
tjk,2018,0.220306649804115
tjk,2019,0.215082481503487
tjk,2020,0.210701256990433
tjk,2021,0.202918902039528
tjk,2022,0.219855278730392
tjk,2023,0.229793474078178
tto,1954,1.11812818050385
tto,1955,1.18583226203918
tto,1956,1.20019316673279
tto,1957,1.26900947093964
tto,1958,1.33913481235504
tto,1959,1.34964334964752
tto,1960,1.38205945491791
tto,1961,1.45762491226196
tto,1962,1.37244248390198
tto,1963,1.47131478786469
tto,1964,1.52510750293732
tto,1965,1.3706032037735
tto,1966,1.33652627468109
tto,1967,1.39351749420166
tto,1968,1.4133448600769
tto,1969,1.50438034534454
tto,1970,1.46918034553528
tto,1971,1.34084272384644
tto,1972,1.34402191638947
tto,1973,1.23164546489716
tto,1974,1.3454715013504
tto,1975,1.42473268508911
tto,1976,1.42225325107574
tto,1977,1.38565170764923
tto,1978,1.40354108810425
tto,1979,1.49615812301636
tto,1980,1.60839462280273
tto,1981,1.55812335014343
tto,1982,1.61663389205933
tto,1983,1.40446102619171
tto,1984,1.16059374809265
tto,1985,1.09128773212433
tto,1986,1.04584550857544
tto,1987,0.909160792827606
tto,1988,0.871213614940643
tto,1989,0.841065883636475
tto,1990,0.825942575931549
tto,1991,0.857428669929504
tto,1992,0.774446547031403
tto,1993,0.77747654914856
tto,1994,0.732109427452087
tto,1995,0.710626244544983
tto,1996,0.682139694690704
tto,1997,0.75346451997757
tto,1998,0.689597129821777
tto,1999,0.684599220752716
tto,2000,0.719938278198242
tto,2001,0.660098552703857
tto,2002,0.690016627311707
tto,2003,0.729518175125122
tto,2004,0.760880947113037
tto,2005,0.62087869644165
tto,2006,0.513236105442047
tto,2007,0.646160364151001
tto,2008,0.677543461322784
tto,2009,0.638907313346863
tto,2010,0.559286713600159
tto,2011,0.579598605632782
tto,2012,0.699626505374908
tto,2013,0.63585776090622
tto,2014,0.703692495822907
tto,2015,0.753317534923554
tto,2016,0.742039799690247
tto,2017,0.656405687332153
tto,2018,0.602045714855194
tto,2019,0.62395566701889
tto,2020,0.635598719120026
tto,2021,0.51848179101944
tto,2022,0.482170522212982
tto,2023,0.536027312278748
tun,1964,0.697109341621399
tun,1965,0.698632717132568
tun,1966,0.673137009143829
tun,1967,0.66069483757019
tun,1968,0.651077806949616
tun,1969,0.66434508562088
tun,1970,0.856129169464111
tun,1971,0.84487646818161
tun,1972,0.895511090755463
tun,1973,0.860084891319275
tun,1974,0.937035739421845
tun,1975,1.03357243537903
tun,1976,0.979230880737305
tun,1977,0.964552104473114
tun,1978,0.946755886077881
tun,1979,0.930160939693451
tun,1980,1.01312017440796
tun,1981,1.04474771022797
tun,1982,1.05084943771362
tun,1983,1.01236772537231
tun,1984,0.979330539703369
tun,1985,0.934074997901917
tun,1986,0.874655604362488
tun,1987,0.831491529941559
tun,1988,0.786873638629913
tun,1989,0.787080585956574
tun,1990,0.782641232013702
tun,1991,0.748324930667877
tun,1992,0.726323425769806
tun,1993,0.681766331195831
tun,1994,0.630024313926697
tun,1995,0.626838743686676
tun,1996,0.659150004386902
tun,1997,0.642086684703827
tun,1998,0.615972638130188
tun,1999,0.592708706855774
tun,2000,0.595216572284699
tun,2001,0.608140707015991
tun,2002,0.591827094554901
tun,2003,0.581064343452454
tun,2004,0.580156266689301
tun,2005,0.572794914245606
tun,2006,0.583171904087067
tun,2007,0.588293373584747
tun,2008,0.582791388034821
tun,2009,0.579066157341003
tun,2010,0.556378245353699
tun,2011,0.550729036331177
tun,2012,0.584770143032074
tun,2013,0.596380889415741
tun,2014,0.642148196697235
tun,2015,0.666731417179108
tun,2016,0.719278812408447
tun,2017,0.737466335296631
tun,2018,0.714962780475617
tun,2019,0.685283482074738
tun,2020,0.624991953372955
tun,2021,0.599031925201416
tun,2022,0.615773022174835
tun,2023,0.615276515483856
tur,1954,0.808564901351929
tur,1955,0.824348449707031
tur,1956,0.824956178665161
tur,1957,0.96871942281723
tur,1958,1.00349307060242
tur,1959,0.909044682979584
tur,1960,0.871177852153778
tur,1961,0.854807019233704
tur,1962,0.866186201572418
tur,1963,0.908858597278595
tur,1964,0.877949357032776
tur,1965,0.848195374011993
tur,1966,0.901280403137207
tur,1967,0.901275396347046
tur,1968,0.916483700275421
tur,1969,0.926351010799408
tur,1970,0.947254955768585
tur,1971,0.933569610118866
tur,1972,0.955795407295227
tur,1973,0.936711132526398
tur,1974,1.02483224868774
tur,1975,1.07210302352905
tur,1976,1.09319603443146
tur,1977,1.03542006015778
tur,1978,0.977860867977142
tur,1979,0.958666682243347
tur,1980,0.947169423103333
tur,1981,0.96887218952179
tur,1982,0.935431301593781
tur,1983,0.921704888343811
tur,1984,0.902780532836914
tur,1985,0.866928219795227
tur,1986,0.86833530664444
tur,1987,0.925708889961243
tur,1988,0.889964044094086
tur,1989,0.880502641201019
tur,1990,0.988782644271851
tur,1991,1.00390565395355
tur,1992,1.00108993053436
tur,1993,1.11537802219391
tur,1994,0.993367969989777
tur,1995,1.03093409538269
tur,1996,1.05549907684326
tur,1997,1.06850278377533
tur,1998,0.974876701831818
tur,1999,0.876749455928803
tur,2000,0.940007925033569
tur,2001,0.908864796161652
tur,2002,1.00317180156708
tur,2003,0.952789783477783
tur,2004,0.986246645450592
tur,2005,1.00059652328491
tur,2006,0.960062086582184
tur,2007,0.918785870075226
tur,2008,0.94446611404419
tur,2009,0.933146893978119
tur,2010,0.932648718357086
tur,2011,1.02471995353699
tur,2012,0.972494661808014
tur,2013,0.949654459953308
tur,2014,0.913549959659576
tur,2015,0.898694097995758
tur,2016,0.904051661491394
tur,2017,0.916612803936005
tur,2018,0.892473995685577
tur,2019,0.905288755893707
tur,2020,0.98681503534317
tur,2021,0.922307074069977
tur,2022,0.954689562320709
tur,2023,1.0227198600769
twn,1955,0.514284014701843
twn,1956,0.538987219333649
twn,1957,0.556780815124512
twn,1958,0.576642513275147
twn,1959,0.591532528400421
twn,1960,0.601465344429016
twn,1961,0.618778347969055
twn,1962,0.620516419410706
twn,1963,0.636059045791626
twn,1964,0.69810426235199
twn,1965,0.750048637390137
twn,1966,0.732725262641907
twn,1967,0.775140106678009
twn,1968,0.788357496261597
twn,1969,0.798397898674011
twn,1970,0.836578547954559
twn,1971,0.850089013576508
twn,1972,0.856041312217712
twn,1973,0.875770211219788
twn,1974,0.954102754592896
twn,1975,0.912116825580597
twn,1976,0.923662483692169
twn,1977,0.896945297718048
twn,1978,0.919139504432678
twn,1979,0.964646518230438
twn,1980,1.0193817615509
twn,1981,0.987291097640991
twn,1982,0.963222444057465
twn,1983,0.916904926300049
twn,1984,0.885801613330841
twn,1985,0.851799547672272
twn,1986,0.839458405971527
twn,1987,0.890094816684723
twn,1988,0.985545337200165
twn,1989,1.02461910247803
twn,1990,1.03482055664063
twn,1991,1.07800853252411
twn,1992,1.06875562667847
twn,1993,1.06799781322479
twn,1994,1.07540130615234
twn,1995,1.06704318523407
twn,1996,1.08521604537964
twn,1997,1.12621009349823
twn,1998,1.09656500816345
twn,1999,1.05507183074951
twn,2000,1.03499984741211
twn,2001,0.990411460399628
twn,2002,0.973276257514954
twn,2003,0.939914226531982
twn,2004,0.942533195018768
twn,2005,0.918892502784729
twn,2006,0.892232239246368
twn,2007,0.868796467781067
twn,2008,0.831660568714142
twn,2009,0.782885015010834
twn,2010,0.795071959495544
twn,2011,0.776262402534485
twn,2012,0.794191062450409
twn,2013,0.773956418037415
twn,2014,0.780081868171692
twn,2015,0.765581011772156
twn,2016,0.761539340019226
twn,2017,0.7417151927948
twn,2018,0.736359357833862
twn,2019,0.745430111885071
twn,2020,0.738202095031738
twn,2021,0.711784601211548
twn,2022,0.720331311225891
twn,2023,0.712577760219574
tza,1964,0.543649613857269
tza,1965,0.528271079063416
tza,1966,0.523298025131226
tza,1967,0.541553854942322
tza,1968,0.550536096096039
tza,1969,0.54220312833786
tza,1970,0.576653838157654
tza,1971,0.580597281455994
tza,1972,0.562952876091003
tza,1973,0.578853845596314
tza,1974,0.655164301395416
tza,1975,0.702093899250031
tza,1976,0.657185792922974
tza,1977,0.594786703586578
tza,1978,0.644314467906952
tza,1979,0.615865886211395
tza,1980,0.570226430892944
tza,1981,0.46344381570816
tza,1982,0.440876960754395
tza,1983,0.396238774061203
tza,1984,0.379297077655792
tza,1985,0.414979308843613
tza,1986,0.292627662420273
tza,1987,0.259715884923935
tza,1988,0.307622700929642
tza,1989,0.294650226831436
tza,1990,0.293709099292755
tza,1991,0.288446187973022
tza,1992,0.264741450548172
tza,1993,0.253052234649658
tza,1994,0.240886360406876
tza,1995,0.229713678359985
tza,1996,0.228977531194687
tza,1997,0.242677479982376
tza,1998,0.261186212301254
tza,1999,0.2688108086586
tza,2000,0.270505130290985
tza,2001,0.286146312952042
tza,2002,0.304078191518784
tza,2003,0.311623007059097
tza,2004,0.318003684282303
tza,2005,0.339384138584137
tza,2006,0.34459975361824
tza,2007,0.373501598834991
tza,2008,0.361191600561142
tza,2009,0.331103891134262
tza,2010,0.325045049190521
tza,2011,0.35701110959053
tza,2012,0.351650029420853
tza,2013,0.364843428134918
tza,2014,0.368102788925171
tza,2015,0.349674016237259
tza,2016,0.349001944065094
tza,2017,0.332040578126907
tza,2018,0.370857834815979
tza,2019,0.367004096508026
tza,2020,0.365851193666458
tza,2021,0.340735048055649
tza,2022,0.33359307050705
tza,2023,0.32278311252594
ukr,1994,0.303015202283859
ukr,1995,0.320367962121964
ukr,1996,0.297066539525986
ukr,1997,0.267068237066269
ukr,1998,0.244878605008125
ukr,1999,0.232668712735176
ukr,2000,0.22257336974144
ukr,2001,0.238405093550682
ukr,2002,0.23446249961853
ukr,2003,0.250042140483856
ukr,2004,0.265806049108505
ukr,2005,0.298959195613861
ukr,2006,0.335655897855759
ukr,2007,0.385018616914749
ukr,2008,0.41886779665947
ukr,2009,0.354430258274078
ukr,2010,0.35908380150795
ukr,2011,0.407668501138687
ukr,2012,0.388856828212738
ukr,2013,0.384195238351822
ukr,2014,0.385670751333237
ukr,2015,0.348739713430405
ukr,2016,0.363856017589569
ukr,2017,0.349631756544113
ukr,2018,0.34562760591507
ukr,2019,0.338927179574966
ukr,2020,0.337121099233627
ukr,2021,0.349989354610443
ukr,2022,0.311633586883545
ukr,2023,0.336733430624008
ury,1954,1.58051061630249
ury,1955,1.4334260225296
ury,1956,1.339728474617
ury,1957,1.37241566181183
ury,1958,1.20103967189789
ury,1959,1.13798546791077
ury,1960,1.19077062606812
ury,1961,1.14674878120422
ury,1962,1.11532771587372
ury,1963,1.1076945066452
ury,1964,1.09987318515778
ury,1965,0.996571838855743
ury,1966,1.02839159965515
ury,1967,1.01735663414001
ury,1968,0.980061233043671
ury,1969,1.0393363237381
ury,1970,1.08545851707459
ury,1971,1.07715046405792
ury,1972,1.0130295753479
ury,1973,1.03599452972412
ury,1974,1.0983179807663
ury,1975,1.15246415138245
ury,1976,1.08089625835419
ury,1977,1.00881004333496
ury,1978,0.992777109146118
ury,1979,1.03189146518707
ury,1980,1.08928823471069
ury,1981,1.03067409992218
ury,1982,0.89850252866745
ury,1983,0.720772206783295
ury,1984,0.652549147605896
ury,1985,0.631038069725037
ury,1986,0.69777899980545
ury,1987,0.78327214717865
ury,1988,0.748842120170593
ury,1989,0.728448688983917
ury,1990,0.705020368099213
ury,1991,0.75673907995224
ury,1992,0.81910365819931
ury,1993,0.843905389308929
ury,1994,0.889132916927338
ury,1995,0.858326256275177
ury,1996,0.876391053199768
ury,1997,0.856756210327148
ury,1998,0.822727382183075
ury,1999,0.775016129016876
ury,2000,0.727757096290588
ury,2001,0.698071777820587
ury,2002,0.625901520252228
ury,2003,0.605157136917114
ury,2004,0.593596160411835
ury,2005,0.607447385787964
ury,2006,0.635068237781525
ury,2007,0.659629285335541
ury,2008,0.714392304420471
ury,2009,0.700588464736939
ury,2010,0.729168713092804
ury,2011,0.764529764652252
ury,2012,0.797240495681763
ury,2013,0.800958216190338
ury,2014,0.796921014785767
ury,2015,0.773616015911102
ury,2016,0.76090008020401
ury,2017,0.755850732326508
ury,2018,0.761245846748352
ury,2019,0.776052594184876
ury,2020,0.785990595817566
ury,2021,0.729222297668457
ury,2022,0.733429610729218
ury,2023,0.742169857025147
usa,1954,1.0
usa,1955,1.0
usa,1956,1.0
usa,1957,1.0
usa,1958,1.0
usa,1959,1.0
usa,1960,1.0
usa,1961,1.0
usa,1962,1.0
usa,1963,1.0
usa,1964,1.0
usa,1965,1.0
usa,1966,1.0
usa,1967,1.0
usa,1968,1.0
usa,1969,1.0
usa,1970,1.0
usa,1971,1.0
usa,1972,1.0
usa,1973,1.0
usa,1974,1.0
usa,1975,1.0
usa,1976,1.0
usa,1977,1.0
usa,1978,1.0
usa,1979,1.0
usa,1980,1.0
usa,1981,1.0
usa,1982,1.0
usa,1983,1.0
usa,1984,1.0
usa,1985,1.0
usa,1986,1.0
usa,1987,1.0
usa,1988,1.0
usa,1989,1.0
usa,1990,1.0
usa,1991,1.0
usa,1992,1.0
usa,1993,1.0
usa,1994,1.0
usa,1995,1.0
usa,1996,1.0
usa,1997,1.0
usa,1998,1.0
usa,1999,1.0
usa,2000,1.0
usa,2001,1.0
usa,2002,1.0
usa,2003,1.0
usa,2004,1.0
usa,2005,1.0
usa,2006,1.0
usa,2007,1.0
usa,2008,1.0
usa,2009,1.0
usa,2010,1.0
usa,2011,1.0
usa,2012,1.0
usa,2013,1.0
usa,2014,1.0
usa,2015,1.0
usa,2016,1.0
usa,2017,1.0
usa,2018,1.0
usa,2019,1.0
usa,2020,1.0
usa,2021,1.0
usa,2022,1.0
usa,2023,1.0
ven,1954,1.14982402324677
ven,1955,1.11216175556183
ven,1956,1.15387809276581
ven,1957,1.28543627262115
ven,1958,1.25838911533356
ven,1959,1.21956992149353
ven,1960,1.03384292125702
ven,1961,1.00666391849518
ven,1962,1.00293290615082
ven,1963,1.02220225334167
ven,1964,1.139479637146
ven,1965,1.13099122047424
ven,1966,1.07997703552246
ven,1967,1.10183799266815
ven,1968,1.19716143608093
ven,1969,1.21827781200409
ven,1970,1.31795215606689
ven,1971,1.16680479049683
ven,1972,1.15361261367798
ven,1973,1.12083089351654
ven,1974,0.98761373758316
ven,1975,1.15139448642731
ven,1976,1.22231376171112
ven,1977,1.23025918006897
ven,1978,1.09383273124695
ven,1979,1.01630294322968
ven,1980,0.967269718647003
ven,1981,0.958967387676239
ven,1982,0.970768868923187
ven,1983,0.77604204416275
ven,1984,0.763529062271118
ven,1985,0.732789814472199
ven,1986,0.721078157424927
ven,1987,0.73413497209549
ven,1988,0.762451410293579
ven,1989,0.629000544548035
ven,1990,0.612027645111084
ven,1991,0.730027794837952
ven,1992,0.758950650691986
ven,1993,0.676382005214691
ven,1994,0.579330146312714
ven,1995,0.59722763299942
ven,1996,0.527149677276611
ven,1997,0.551051676273346
ven,1998,0.516994595527649
ven,1999,0.478189408779144
ven,2000,0.485685795545578
ven,2001,0.512415885925293
ven,2002,0.433404386043549
ven,2003,0.397017747163773
ven,2004,0.477792382240295
ven,2005,0.549523174762726
ven,2006,0.639402031898499
ven,2007,0.733000695705414
ven,2008,0.733027815818787
ven,2009,0.66095781326294
ven,2010,0.607819736003876
ven,2011,0.654616475105286
ven,2012,0.727287948131561
ven,2013,0.760989248752594
ven,2014,0.636098444461823
ven,2015,0.431606501340866
ven,2016,0.236905917525291
ven,2017,0.0952219739556313
ven,2018,0.0721917226910591
ven,2019,0.0783410966396332
ven,2020,0.0940002202987671
ven,2021,0.0704315230250359
ven,2022,0.0406577475368977
ven,2023,0.0306818187236786
zaf,1954,0.670481383800507
zaf,1955,0.654718041419983
zaf,1956,0.65018105506897
zaf,1957,0.670108675956726
zaf,1958,0.661546051502228
zaf,1959,0.609371364116669
zaf,1960,0.6331707239151
zaf,1961,0.631549596786499
zaf,1962,0.624717831611633
zaf,1963,0.661353409290314
zaf,1964,0.701094567775726
zaf,1965,0.701771378517151
zaf,1966,0.678633451461792
zaf,1967,0.716012835502625
zaf,1968,0.71100252866745
zaf,1969,0.744563817977905
zaf,1970,0.79540479183197
zaf,1971,0.804080784320831
zaf,1972,0.748178422451019
zaf,1973,0.777927339076996
zaf,1974,0.869332909584045
zaf,1975,0.885860860347748
zaf,1976,0.811341941356659
zaf,1977,0.763009786605835
zaf,1978,0.738988876342773
zaf,1979,0.762271046638489
zaf,1980,0.888081312179565
zaf,1981,0.900491714477539
zaf,1982,0.837479948997498
zaf,1983,0.803708791732788
zaf,1984,0.778616726398468
zaf,1985,0.709066331386566
zaf,1986,0.683142364025116
zaf,1987,0.680790483951569
zaf,1988,0.709057569503784
zaf,1989,0.71196985244751
zaf,1990,0.695158183574677
zaf,1991,0.70432186126709
zaf,1992,0.69955050945282
zaf,1993,0.727774024009705
zaf,1994,0.746702134609222
zaf,1995,0.772638916969299
zaf,1996,0.771462261676788
zaf,1997,0.764272570610046
zaf,1998,0.725569784641266
zaf,1999,0.699792146682739
zaf,2000,0.704772651195526
zaf,2001,0.731414198875427
zaf,2002,0.745075762271881
zaf,2003,0.777077078819275
zaf,2004,0.794228076934815
zaf,2005,0.801862239837647
zaf,2006,0.797057807445526
zaf,2007,0.799398243427277
zaf,2008,0.771076381206513
zaf,2009,0.719784915447235
zaf,2010,0.690888702869415
zaf,2011,0.679974436759949
zaf,2012,0.681938946247101
zaf,2013,0.678088009357452
zaf,2014,0.660836517810822
zaf,2015,0.642930686473846
zaf,2016,0.635751247406006
zaf,2017,0.633144199848175
zaf,2018,0.599260568618774
zaf,2019,0.583986580371857
zaf,2020,0.583115875720978
zaf,2021,0.553867876529694
zaf,2022,0.553173780441284
zaf,2023,0.530610203742981
zmb,1959,0.462974578142166
zmb,1960,0.467133641242981
zmb,1961,0.466810286045074
zmb,1962,0.46359521150589
zmb,1963,0.471918016672134
zmb,1964,0.498403370380402
zmb,1965,0.500772416591644
zmb,1966,0.561261713504791
zmb,1967,0.637634992599487
zmb,1968,0.623973429203033
zmb,1969,0.557922303676605
zmb,1970,0.498481839895248
zmb,1971,0.515404284000397
zmb,1972,0.531259715557098
zmb,1973,0.507620811462402
zmb,1974,0.580741822719574
zmb,1975,0.658003032207489
zmb,1976,0.574735164642334
zmb,1977,0.495841294527054
zmb,1978,0.436502277851105
zmb,1979,0.417424976825714
zmb,1980,0.430360347032547
zmb,1981,0.51143342256546
zmb,1982,0.518482148647308
zmb,1983,0.509864389896393
zmb,1984,0.562346458435059
zmb,1985,0.624107897281647
zmb,1986,0.514300644397736
zmb,1987,0.473759353160858
zmb,1988,0.452189773321152
zmb,1989,0.407380074262619
zmb,1990,0.359927862882614
zmb,1991,0.385969936847687
zmb,1992,0.335543006658554
zmb,1993,0.233781859278679
zmb,1994,0.181051924824715
zmb,1995,0.159927070140839
zmb,1996,0.16257332265377
zmb,1997,0.172612503170967
zmb,1998,0.180542275309563
zmb,1999,0.201131775975227
zmb,2000,0.223606064915657
zmb,2001,0.250499337911606
zmb,2002,0.256007254123688
zmb,2003,0.262418001890183
zmb,2004,0.274263262748718
zmb,2005,0.280670493841171
zmb,2006,0.275238245725632
zmb,2007,0.338010400533676
zmb,2008,0.32625886797905
zmb,2009,0.316830664873123
zmb,2010,0.302669286727905
zmb,2011,0.314414590597153
zmb,2012,0.313893556594849
zmb,2013,0.331254661083221
zmb,2014,0.319048434495926
zmb,2015,0.318269312381744
zmb,2016,0.29081603884697
zmb,2017,0.288380593061447
zmb,2018,0.265013754367828
zmb,2019,0.256880104541779
zmb,2020,0.227524265646935
zmb,2021,0.227725654840469
zmb,2022,0.228005886077881
zmb,2023,0.276212811470032
zwe,1958,0.76778656244278
zwe,1959,0.732622265815735
zwe,1960,0.733922958374023
zwe,1961,0.756335973739624
zwe,1962,0.699589133262634
zwe,1963,0.69039648771286
zwe,1964,0.668597042560577
zwe,1965,0.70061057806015
zwe,1966,0.675227880477905
zwe,1967,0.696432173252106
zwe,1968,0.649053156375885
zwe,1969,0.742336690425873
zwe,1970,0.900976955890656
zwe,1971,0.959379494190216
zwe,1972,0.987095773220062
zwe,1973,1.00000095367432
zwe,1974,1.16759300231934
zwe,1975,1.0892322063446
zwe,1976,0.980979084968567
zwe,1977,0.840406537055969
zwe,1978,0.939666390419006
zwe,1979,1.04723012447357
zwe,1980,1.12678647041321
zwe,1981,1.32075166702271
zwe,1982,1.31769490242004
zwe,1983,1.44158470630646
zwe,1984,1.1334023475647
zwe,1985,1.23729407787323
zwe,1986,1.2311327457428
zwe,1987,1.17479860782623
zwe,1988,1.30811738967896
zwe,1989,1.36467230319977
zwe,1990,1.32825899124146
zwe,1991,1.4342337846756
zwe,1992,1.22379004955292
zwe,1993,1.04407441616058
zwe,1994,1.06790494918823
zwe,1995,0.955316185951233
zwe,1996,0.999702513217926
zwe,1997,0.829438447952271
zwe,1998,0.688651323318481
zwe,1999,0.657165706157684
zwe,2000,0.489423662424088
zwe,2001,0.546273708343506
zwe,2002,0.606980323791504
zwe,2003,0.484175056219101
zwe,2004,0.220947936177254
zwe,2005,0.0812994167208672
zwe,2006,0.258140176534653
zwe,2007,0.261540621519089
zwe,2008,0.219730615615845
zwe,2009,0.387547731399536
zwe,2010,0.372473269701004
zwe,2011,0.403863847255707
zwe,2012,0.524690687656403
zwe,2013,0.492127180099487
zwe,2014,0.496300280094147
zwe,2015,0.5296311378479
zwe,2016,0.510083377361298
zwe,2017,0.467628598213196
zwe,2018,0.337541311979294
zwe,2019,0.37445479631424
zwe,2020,0.380381494760513
zwe,2021,0.322719365358353
zwe,2022,0.352482080459595
zwe,2023,0.334198564291
