country,year,rwtfpna
ago,1974,2.81811952590942
ago,1975,2.52258515357971
ago,1976,2.27773022651672
ago,1977,2.21252655982971
ago,1978,2.01630687713623
ago,1979,1.93902885913849
ago,1980,1.84675168991089
ago,1981,1.83216559886932
ago,1982,1.89302611351013
ago,1983,1.83434128761292
ago,1984,1.92184865474701
ago,1985,1.88984870910645
ago,1986,1.76524496078491
ago,1987,1.77515423297882
ago,1988,1.69522249698639
ago,1989,1.70073843002319
ago,1990,1.6814398765564
ago,1991,1.55917847156525
ago,1992,1.37692332267761
ago,1993,0.849483489990234
ago,1994,0.93469899892807
ago,1995,1.05562162399292
ago,1996,0.80058354139328
ago,1997,1.14080119132996
ago,1998,1.04525029659271
ago,1999,1.1385999917984
ago,2000,0.800077795982361
ago,2001,0.971605360507965
ago,2002,0.994227945804596
ago,2003,1.05711770057678
ago,2004,1.09740817546844
ago,2005,1.14641630649567
ago,2006,1.17955458164215
ago,2007,1.2351508140564
ago,2008,1.3461000919342
ago,2009,1.30807793140411
ago,2010,1.23789095878601
ago,2011,1.33991754055023
ago,2012,1.36685156822205
ago,2013,1.43079626560211
ago,2014,1.42215812206268
ago,2015,1.36281335353851
ago,2016,1.26089346408844
ago,2017,1.18250107765198
ago,2018,1.12222182750702
ago,2019,1.08702564239502
ago,2020,1.01764976978302
ago,2021,1.0
ago,2022,1.09432411193848
ago,2023,1.08963894844055
alb,1974,0.653968274593353
alb,1975,0.658025860786438
alb,1976,0.653902351856232
alb,1977,0.645082056522369
alb,1978,0.638765215873718
alb,1979,0.637012183666229
alb,1980,0.621735095977783
alb,1981,0.623002767562866
alb,1982,0.617111802101135
alb,1983,0.574691653251648
alb,1984,0.527849495410919
alb,1985,0.515560805797577
alb,1986,0.514234364032745
alb,1987,0.484276086091995
alb,1988,0.466143757104874
alb,1989,0.488931089639664
alb,1990,0.46057990193367
alb,1991,0.36349880695343
alb,1992,0.504250288009644
alb,1993,0.550337255001068
alb,1994,0.538260698318481
alb,1995,0.589005649089813
alb,1996,0.678016066551209
alb,1997,0.548194706439972
alb,1998,0.525952100753784
alb,1999,0.562554597854614
alb,2000,0.609566628932953
alb,2001,0.654577732086182
alb,2002,0.692794859409332
alb,2003,0.743090927600861
alb,2004,0.774192273616791
alb,2005,0.809068977832794
alb,2006,0.852815389633179
alb,2007,0.918700575828552
alb,2008,1.08234035968781
alb,2009,1.07796180248261
alb,2010,1.10148727893829
alb,2011,1.1975165605545
alb,2012,1.0448089838028
alb,2013,1.05641388893127
alb,2014,1.13562905788422
alb,2015,1.08599042892456
alb,2016,1.00726544857025
alb,2017,0.988701522350311
alb,2018,0.961232006549835
alb,2019,0.947588086128235
alb,2020,0.97545850276947
alb,2021,1.0
alb,2022,1.00042617321014
alb,2023,1.03604984283447
arg,1954,1.09507668018341
arg,1955,1.15477192401886
arg,1956,1.09864509105682
arg,1957,1.12359428405762
arg,1958,1.16035330295563
arg,1959,1.03744173049927
arg,1960,1.08498704433441
arg,1961,1.09684419631958
arg,1962,1.04200744628906
arg,1963,0.961328446865082
arg,1964,1.0280294418335
arg,1965,1.10703885555267
arg,1966,1.05798995494843
arg,1967,1.06326627731323
arg,1968,1.08554422855377
arg,1969,1.14997029304504
arg,1970,1.12927186489105
arg,1971,1.14878213405609
arg,1972,1.12317538261414
arg,1973,1.11610317230225
arg,1974,1.13197064399719
arg,1975,1.10461449623108
arg,1976,1.04422605037689
arg,1977,1.07077276706696
arg,1978,0.982976675033569
arg,1979,1.0738480091095
arg,1980,1.12802731990814
arg,1981,1.03869295120239
arg,1982,0.943405032157898
arg,1983,0.954612135887146
arg,1984,0.95787113904953
arg,1985,0.847769558429718
arg,1986,0.932424366474152
arg,1987,0.95110410451889
arg,1988,0.899197101593018
arg,1989,0.800844550132752
arg,1990,0.7846440076828
arg,1991,0.893858730792999
arg,1992,1.01748263835907
arg,1993,1.06454539299011
arg,1994,1.09800398349762
arg,1995,1.04286992549896
arg,1996,1.06935024261475
arg,1997,1.12135231494904
arg,1998,1.11609482765198
arg,1999,1.0610818862915
arg,2000,1.03395748138428
arg,2001,0.969779431819916
arg,2002,0.83224618434906
arg,2003,0.904282987117767
arg,2004,0.973741412162781
arg,2005,1.01557123661041
arg,2006,1.0665842294693
arg,2007,1.12814784049988
arg,2008,1.15466332435608
arg,2009,1.05838024616241
arg,2010,1.15729260444641
arg,2011,1.21805441379547
arg,2012,1.17860949039459
arg,2013,1.19361066818237
arg,2014,1.13206923007965
arg,2015,1.1472270488739
arg,2016,1.14013743400574
arg,2017,1.17369890213013
arg,2018,1.11670792102814
arg,2019,1.00831925868988
arg,2020,0.982571482658386
arg,2021,1.0
arg,2022,1.06953585147858
arg,2023,1.02165257930756
arm,1994,0.305047363042831
arm,1995,0.343181550502777
arm,1996,0.365325629711151
arm,1997,0.403754562139511
arm,1998,0.432351857423782
arm,1999,0.444774746894836
arm,2000,0.483216375112534
arm,2001,0.535982668399811
arm,2002,0.652966558933258
arm,2003,0.724362254142761
arm,2004,0.803699135780335
arm,2005,0.886072754859924
arm,2006,0.987273693084717
arm,2007,1.08040547370911
arm,2008,1.01104259490967
arm,2009,0.9338698387146
arm,2010,0.924782931804657
arm,2011,0.921646475791931
arm,2012,0.958497941493988
arm,2013,0.937061548233032
arm,2014,0.93340015411377
arm,2015,0.934684693813324
arm,2016,0.927605330944061
arm,2017,1.0346599817276
arm,2018,1.04519701004028
arm,2019,1.08437478542328
arm,2020,1.01735424995422
arm,2021,1.0
arm,2022,1.00607478618622
arm,2023,1.04529428482056
aus,1954,0.671810448169708
aus,1955,0.671527743339539
aus,1956,0.634245693683624
aus,1957,0.648123502731323
aus,1958,0.680733144283295
aus,1959,0.715176045894623
aus,1960,0.710106194019318
aus,1961,0.690272748470306
aus,1962,0.717414498329163
aus,1963,0.731538712978363
aus,1964,0.751683354377747
aus,1965,0.735792875289917
aus,1966,0.739939451217651
aus,1967,0.746531665325165
aus,1968,0.767650604248047
aus,1969,0.783663749694824
aus,1970,0.772565484046936
aus,1971,0.759064793586731
aus,1972,0.759135723114014
aus,1973,0.779753923416138
aus,1974,0.733682990074158
aus,1975,0.736901581287384
aus,1976,0.75102698802948
aus,1977,0.740880489349365
aus,1978,0.761402130126953
aus,1979,0.749327063560486
aus,1980,0.756674945354462
aus,1981,0.777426719665527
aus,1982,0.749306678771973
aus,1983,0.780286550521851
aus,1984,0.772871553897858
aus,1985,0.777103424072266
aus,1986,0.745673418045044
aus,1987,0.759166061878204
aus,1988,0.772950708866119
aus,1989,0.762552320957184
aus,1990,0.725588142871857
aus,1991,0.736228585243225
aus,1992,0.758414924144745
aus,1993,0.763816952705383
aus,1994,0.783200562000275
aus,1995,0.777546584606171
aus,1996,0.782153844833374
aus,1997,0.808052599430084
aus,1998,0.830306053161621
aus,1999,0.841647326946259
aus,2000,0.814679801464081
aus,2001,0.834486663341522
aus,2002,0.867237389087677
aus,2003,0.899109661579132
aus,2004,0.919270932674408
aus,2005,0.919763326644898
aus,2006,0.938891530036926
aus,2007,0.959736883640289
aus,2008,0.933363676071167
aus,2009,0.942955374717712
aus,2010,0.970816314220429
aus,2011,0.987676858901978
aus,2012,0.978375554084778
aus,2013,0.967615365982056
aus,2014,0.962989687919617
aus,2015,0.96135288476944
aus,2016,0.964243888854981
aus,2017,0.978846848011017
aus,2018,0.966440260410309
aus,2019,0.933393478393555
aus,2020,0.966276943683624
aus,2021,1.0
aus,2022,1.01406824588776
aus,2023,1.01399946212769
aut,1954,0.526430666446686
aut,1955,0.585318326950073
aut,1956,0.578721106052399
aut,1957,0.591075539588928
aut,1958,0.606735110282898
aut,1959,0.620906054973602
aut,1960,0.672515332698822
aut,1961,0.684469163417816
aut,1962,0.679191946983337
aut,1963,0.699120759963989
aut,1964,0.731858491897583
aut,1965,0.744360566139221
aut,1966,0.775783360004425
aut,1967,0.780811846256256
aut,1968,0.801869988441467
aut,1969,0.813519358634949
aut,1970,0.858611524105072
aut,1971,0.867236137390137
aut,1972,0.884335517883301
aut,1973,0.906837463378906
aut,1974,0.876938045024872
aut,1975,0.872190773487091
aut,1976,0.909920275211334
aut,1977,0.94225800037384
aut,1978,0.908559858798981
aut,1979,0.945006251335144
aut,1980,0.931489288806915
aut,1981,0.931679308414459
aut,1982,0.921361684799194
aut,1983,0.938805401325226
aut,1984,0.929123222827911
aut,1985,0.941533386707306
aut,1986,0.941769242286682
aut,1987,0.953753232955933
aut,1988,0.972063302993774
aut,1989,0.98086005449295
aut,1990,0.99340170621872
aut,1991,0.997061669826508
aut,1992,1.01139450073242
aut,1993,1.00249075889587
aut,1994,1.02000331878662
aut,1995,1.04423356056213
aut,1996,1.03240060806274
aut,1997,1.02087473869324
aut,1998,1.03293514251709
aut,1999,1.03360712528229
aut,2000,1.03155326843262
aut,2001,1.02265405654907
aut,2002,1.0027152299881
aut,2003,1.01279008388519
aut,2004,1.0138680934906
aut,2005,1.02267456054688
aut,2006,1.0295250415802
aut,2007,1.03520333766937
aut,2008,1.0244996547699
aut,2009,1.01534795761108
aut,2010,1.01014852523804
aut,2011,1.01371824741364
aut,2012,1.00884819030762
aut,2013,0.998575270175934
aut,2014,0.991236090660095
aut,2015,1.00078749656677
aut,2016,1.00208055973053
aut,2017,1.00592768192291
aut,2018,1.00408315658569
aut,2019,0.986547410488129
aut,2020,0.975510001182556
aut,2021,1.0
aut,2022,1.00987482070923
aut,2023,0.95873087644577
bdi,1980,1.30692768096924
bdi,1981,1.33299875259399
bdi,1982,1.31812059879303
bdi,1983,1.30425786972046
bdi,1984,1.26181519031525
bdi,1985,1.29873359203339
bdi,1986,1.32054710388184
bdi,1987,1.30453848838806
bdi,1988,1.33064603805542
bdi,1989,1.28506171703339
bdi,1990,1.32347905635834
bdi,1991,1.36750221252441
bdi,1992,1.35892963409424
bdi,1993,1.37713980674744
bdi,1994,1.3362592458725
bdi,1995,1.12751424312592
bdi,1996,1.05764400959015
bdi,1997,1.02608275413513
bdi,1998,1.12887585163116
bdi,1999,1.07064628601074
bdi,2000,1.03501689434052
bdi,2001,1.03238189220428
bdi,2002,1.06230747699738
bdi,2003,1.07935929298401
bdi,2004,1.07448315620422
bdi,2005,1.04822444915771
bdi,2006,1.1110714673996
bdi,2007,1.07242894172668
bdi,2008,1.08454144001007
bdi,2009,1.04888069629669
bdi,2010,1.03439497947693
bdi,2011,1.0643767118454
bdi,2012,1.05564439296722
bdi,2013,1.10869121551514
bdi,2014,1.09041035175323
bdi,2015,1.02336287498474
bdi,2016,1.0107194185257
bdi,2017,1.02698361873627
bdi,2018,1.02401638031006
bdi,2019,1.01712250709534
bdi,2020,1.01154494285584
bdi,2021,1.0
bdi,2022,0.990606486797333
bdi,2023,0.986160337924957
bel,1954,0.551693141460419
bel,1955,0.562708258628845
bel,1956,0.582508981227875
bel,1957,0.586652994155884
bel,1958,0.572568476200104
bel,1959,0.5990931391716
bel,1960,0.623034715652466
bel,1961,0.642638444900513
bel,1962,0.65957635641098
bel,1963,0.679471373558044
bel,1964,0.714510977268219
bel,1965,0.727587759494782
bel,1966,0.747749745845795
bel,1967,0.759854316711426
bel,1968,0.779807031154633
bel,1969,0.811111092567444
bel,1970,0.838609039783478
bel,1971,0.844171941280365
bel,1972,0.871395707130432
bel,1973,0.929167568683624
bel,1974,0.955068707466126
bel,1975,0.923751056194305
bel,1976,0.956132650375366
bel,1977,0.967278242111206
bel,1978,0.98070639371872
bel,1979,0.992013454437256
bel,1980,1.01427102088928
bel,1981,0.981865406036377
bel,1982,0.977895081043243
bel,1983,0.949923276901245
bel,1984,0.95281308889389
bel,1985,0.950508117675781
bel,1986,0.969390332698822
bel,1987,0.99044680595398
bel,1988,1.01929199695587
bel,1989,1.03943157196045
bel,1990,1.0402113199234
bel,1991,1.04928624629974
bel,1992,1.05937027931213
bel,1993,1.05726158618927
bel,1994,1.07064402103424
bel,1995,1.06307077407837
bel,1996,1.06214714050293
bel,1997,1.06607818603516
bel,1998,1.06430447101593
bel,1999,1.06140112876892
bel,2000,1.06093215942383
bel,2001,1.03837382793427
bel,2002,1.0165079832077
bel,2003,1.01125431060791
bel,2004,1.02964639663696
bel,2005,1.03606820106506
bel,2006,1.03093695640564
bel,2007,1.04242324829102
bel,2008,1.04152095317841
bel,2009,1.02797830104828
bel,2010,1.02806234359741
bel,2011,1.03168702125549
bel,2012,1.02442967891693
bel,2013,1.01878869533539
bel,2014,1.02660405635834
bel,2015,1.03188467025757
bel,2016,1.03660547733307
bel,2017,1.02874135971069
bel,2018,1.03253853321075
bel,2019,1.02304971218109
bel,2020,1.00847923755646
bel,2021,1.0
bel,2022,1.00612604618073
bel,2023,1.00411820411682
ben,1980,0.892544567584992
ben,1981,0.949125051498413
ben,1982,0.867422163486481
ben,1983,0.779752254486084
ben,1984,0.7709139585495
ben,1985,0.796281695365906
ben,1986,0.810083448886871
ben,1987,0.759887516498566
ben,1988,0.771189093589783
ben,1989,0.680325627326965
ben,1990,0.715835452079773
ben,1991,0.740089416503906
ben,1992,0.742163002490997
ben,1993,0.731090724468231
ben,1994,0.691418290138245
ben,1995,0.761237740516663
ben,1996,0.766358077526093
ben,1997,0.832951962947846
ben,1998,0.867208957672119
ben,1999,0.942594647407532
ben,2000,0.950627386569977
ben,2001,0.986437559127808
ben,2002,0.971009850502014
ben,2003,0.97696578502655
ben,2004,0.984486401081085
ben,2005,0.939978897571564
ben,2006,0.959577083587647
ben,2007,0.988521635532379
ben,2008,0.987344622612
ben,2009,1.00839650630951
ben,2010,0.993028163909912
ben,2011,0.986941277980804
ben,2012,0.972425162792206
ben,2013,1.00524771213532
ben,2014,0.987013816833496
ben,2015,1.00674939155579
ben,2016,0.973441302776337
ben,2017,0.998659491539002
ben,2018,1.0009685754776
ben,2019,0.987469613552094
ben,2020,0.976925432682037
ben,2021,1.0
ben,2022,0.985750675201416
ben,2023,0.985172867774963
bfa,1963,1.07120335102081
bfa,1964,1.1063985824585
bfa,1965,1.05325043201447
bfa,1966,1.03626263141632
bfa,1967,1.14379179477692
bfa,1968,1.17829585075378
bfa,1969,1.19258141517639
bfa,1970,1.14354121685028
bfa,1971,1.08190965652466
bfa,1972,1.21690988540649
bfa,1973,1.12884104251862
bfa,1974,1.13723313808441
bfa,1975,1.17827808856964
bfa,1976,1.09826266765594
bfa,1977,1.19293773174286
bfa,1978,1.25753104686737
bfa,1979,1.25169849395752
bfa,1980,1.1927318572998
bfa,1981,1.1912385225296
bfa,1982,1.17015480995178
bfa,1983,1.03133046627045
bfa,1984,0.932611167430878
bfa,1985,1.00664627552032
bfa,1986,1.03818273544312
bfa,1987,0.953413367271423
bfa,1988,0.95746374130249
bfa,1989,0.90374231338501
bfa,1990,0.861182451248169
bfa,1991,0.881146371364594
bfa,1992,0.832055628299713
bfa,1993,0.82855635881424
bfa,1994,0.729661107063294
bfa,1995,0.756889939308167
bfa,1996,0.838785290718079
bfa,1997,0.843542277812958
bfa,1998,0.87880802154541
bfa,1999,0.938810229301453
bfa,2000,0.920821249485016
bfa,2001,0.936571002006531
bfa,2002,0.970357596874237
bfa,2003,1.01478266716003
bfa,2004,1.05206227302551
bfa,2005,1.10638344287872
bfa,2006,1.11282050609589
bfa,2007,1.09253716468811
bfa,2008,1.11530709266663
bfa,2009,1.08528852462769
bfa,2010,1.10789501667023
bfa,2011,1.1295268535614
bfa,2012,1.19316565990448
bfa,2013,1.16980504989624
bfa,2014,1.08470571041107
bfa,2015,1.09195518493652
bfa,2016,1.09824669361115
bfa,2017,1.09795475006104
bfa,2018,1.07965576648712
bfa,2019,1.0578989982605
bfa,2020,1.00017273426056
bfa,2021,1.0
bfa,2022,1.02467179298401
bfa,2023,1.04392290115356
bgr,1974,2.42394351959229
bgr,1975,2.43488049507141
bgr,1976,2.39601564407349
bgr,1977,2.37415838241577
bgr,1978,2.34737825393677
bgr,1979,2.31704640388489
bgr,1980,2.3509418964386
bgr,1981,2.38457179069519
bgr,1982,2.32778787612915
bgr,1983,2.26121282577515
bgr,1984,2.27265620231628
bgr,1985,2.18675422668457
bgr,1986,2.26327109336853
bgr,1987,2.2135534286499
bgr,1988,2.33016705513001
bgr,1989,2.18576216697693
bgr,1990,2.02207398414612
bgr,1991,1.70188581943512
bgr,1992,1.66411137580872
bgr,1993,1.53234648704529
bgr,1994,1.36669731140137
bgr,1995,1.35657000541687
bgr,1996,1.32628583908081
bgr,1997,0.998731255531311
bgr,1998,1.09705662727356
bgr,1999,1.08658468723297
bgr,2000,1.11132085323334
bgr,2001,1.13698983192444
bgr,2002,1.10835099220276
bgr,2003,1.11784684658051
bgr,2004,1.11937248706818
bgr,2005,1.13865959644318
bgr,2006,1.15591657161713
bgr,2007,1.1564222574234
bgr,2008,1.11536812782288
bgr,2009,0.986131012439728
bgr,2010,0.956730604171753
bgr,2011,0.957470118999481
bgr,2012,0.965092301368713
bgr,2013,0.911435723304749
bgr,2014,0.905336737632752
bgr,2015,0.898069500923157
bgr,2016,0.89260870218277
bgr,2017,0.88820868730545
bgr,2018,0.915513634681702
bgr,2019,0.926654815673828
bgr,2020,0.942785382270813
bgr,2021,1.0
bgr,2022,1.02830386161804
bgr,2023,1.01408565044403
bhr,1974,3.67451930046082
bhr,1975,2.91219401359558
bhr,1976,3.93936991691589
bhr,1977,3.55049538612366
bhr,1978,3.09466433525085
bhr,1979,3.13238310813904
bhr,1980,3.27301096916199
bhr,1981,2.89602637290955
bhr,1982,2.49385499954224
bhr,1983,2.47532606124878
bhr,1984,2.45866537094116
bhr,1985,1.6660031080246
bhr,1986,1.52760481834412
bhr,1987,1.44463706016541
bhr,1988,1.56168019771576
bhr,1989,1.71950316429138
bhr,1990,1.64686155319214
bhr,1991,1.83661270141602
bhr,1992,1.92372572422028
bhr,1993,1.68375289440155
bhr,1994,1.60627520084381
bhr,1995,1.55627059936523
bhr,1996,1.50838565826416
bhr,1997,1.55565965175629
bhr,1998,1.5204713344574
bhr,1999,1.43391942977905
bhr,2000,1.55410325527191
bhr,2001,1.5738719701767
bhr,2002,1.51075160503387
bhr,2003,1.55582928657532
bhr,2004,1.54282522201538
bhr,2005,1.57735526561737
bhr,2006,1.59752774238586
bhr,2007,1.66119599342346
bhr,2008,1.77752327919006
bhr,2009,1.55377221107483
bhr,2010,1.69196474552155
bhr,2011,1.68711400032043
bhr,2012,1.70250058174133
bhr,2013,1.76009094715118
bhr,2014,1.6890743970871
bhr,2015,1.57349455356598
bhr,2016,1.5285359621048
bhr,2017,1.55418109893799
bhr,2018,1.52252817153931
bhr,2019,1.44389796257019
bhr,2020,1.36996674537659
bhr,2021,1.0
bhr,2022,1.00139892101288
bhr,2023,0.967179536819458
bol,1954,1.19431984424591
bol,1955,1.2396274805069
bol,1956,1.12366497516632
bol,1957,1.09284818172455
bol,1958,1.10826802253723
bol,1959,1.0809713602066
bol,1960,1.12630236148834
bol,1961,1.15148675441742
bol,1962,1.1276079416275
bol,1963,1.16233289241791
bol,1964,1.15399610996246
bol,1965,1.24224054813385
bol,1966,1.25566875934601
bol,1967,1.27424430847168
bol,1968,1.1401104927063
bol,1969,1.15616858005524
bol,1970,1.15324687957764
bol,1971,1.18403303623199
bol,1972,1.22557997703552
bol,1973,1.20709431171417
bol,1974,1.18487060070038
bol,1975,1.32365691661835
bol,1976,1.30005061626434
bol,1977,1.33011627197266
bol,1978,1.31727015972137
bol,1979,1.26795327663422
bol,1980,1.1549379825592
bol,1981,1.138711810112
bol,1982,1.05758476257324
bol,1983,0.978963792324066
bol,1984,1.01364493370056
bol,1985,1.0549441576004
bol,1986,1.00719845294952
bol,1987,1.02302837371826
bol,1988,1.0285050868988
bol,1989,0.981617212295532
bol,1990,0.982804119586945
bol,1991,0.999233722686768
bol,1992,0.997212409973145
bol,1993,0.986120045185089
bol,1994,0.946712374687195
bol,1995,0.955697119235992
bol,1996,0.969745099544525
bol,1997,1.011310338974
bol,1998,1.04723703861237
bol,1999,0.99101734161377
bol,2000,0.961620211601257
bol,2001,0.939341366291046
bol,2002,0.96623694896698
bol,2003,0.965504288673401
bol,2004,0.934925556182861
bol,2005,0.968852400779724
bol,2006,0.964811861515045
bol,2007,0.981394052505493
bol,2008,1.02466797828674
bol,2009,1.03221642971039
bol,2010,1.041170835495
bol,2011,1.07912409305573
bol,2012,1.04816234111786
bol,2013,1.08380997180939
bol,2014,1.08663272857666
bol,2015,1.08518755435944
bol,2016,1.07880318164825
bol,2017,1.11964440345764
bol,2018,1.12164568901062
bol,2019,1.10206305980682
bol,2020,1.00725615024567
bol,2021,1.0
bol,2022,0.991553962230682
bol,2023,1.00300478935242
bra,1954,0.884686589241028
bra,1955,0.889931976795197
bra,1956,0.878216087818146
bra,1957,0.918308556079865
bra,1958,0.934196650981903
bra,1959,0.944619536399841
bra,1960,0.971151351928711
bra,1961,1.05711376667023
bra,1962,1.06853675842285
bra,1963,1.08718371391296
bra,1964,1.09587419033051
bra,1965,1.13142383098602
bra,1966,1.13138592243195
bra,1967,1.15474009513855
bra,1968,1.23357570171356
bra,1969,1.20414352416992
bra,1970,1.28830981254578
bra,1971,1.36053538322449
bra,1972,1.42254686355591
bra,1973,1.45886373519897
bra,1974,1.51822745800018
bra,1975,1.47237539291382
bra,1976,1.5406106710434
bra,1977,1.4604719877243
bra,1978,1.44306707382202
bra,1979,1.511758685112
bra,1980,1.57982516288757
bra,1981,1.38777053356171
bra,1982,1.33380055427551
bra,1983,1.23935782909393
bra,1984,1.21875774860382
bra,1985,1.20030105113983
bra,1986,1.31115794181824
bra,1987,1.26791000366211
bra,1988,1.19258332252502
bra,1989,1.18567132949829
bra,1990,1.08952283859253
bra,1991,1.14266920089722
bra,1992,1.1055988073349
bra,1993,1.13000631332397
bra,1994,1.17558491230011
bra,1995,1.26118123531342
bra,1996,1.2856810092926
bra,1997,1.28723120689392
bra,1998,1.25658762454987
bra,1999,1.19104659557343
bra,2000,1.17984533309937
bra,2001,1.16194367408752
bra,2002,1.13427114486694
bra,2003,1.09728276729584
bra,2004,1.09834909439087
bra,2005,1.09804117679596
bra,2006,1.11092829704285
bra,2007,1.15359711647034
bra,2008,1.18258881568909
bra,2009,1.18567669391632
bra,2010,1.21558165550232
bra,2011,1.20584571361542
bra,2012,1.19789886474609
bra,2013,1.18843674659729
bra,2014,1.15379703044891
bra,2015,1.08281135559082
bra,2016,1.03268802165985
bra,2017,1.03119659423828
bra,2018,1.02966630458832
bra,2019,1.01701128482819
bra,2020,1.04278433322907
bra,2021,1.0
bra,2022,0.971360623836517
bra,2023,0.968941807746887
brb,1964,1.39789307117462
brb,1965,1.38013875484467
brb,1966,1.38491082191467
brb,1967,1.46472954750061
brb,1968,1.49349701404572
brb,1969,1.63569140434265
brb,1970,1.78510439395905
brb,1971,1.73945963382721
brb,1972,1.74615836143494
brb,1973,1.77751934528351
brb,1974,1.63271772861481
brb,1975,1.73517167568207
brb,1976,1.41273927688599
brb,1977,1.34634149074554
brb,1978,1.31685388088226
brb,1979,1.27276182174683
brb,1980,1.19992923736572
brb,1981,1.21153581142426
brb,1982,1.09367549419403
brb,1983,1.0476188659668
brb,1984,1.0435528755188
brb,1985,0.999616384506226
brb,1986,1.07776486873627
brb,1987,1.07004308700562
brb,1988,1.06425654888153
brb,1989,1.03624677658081
brb,1990,0.977385520935059
brb,1991,1.00291669368744
brb,1992,0.753385722637177
brb,1993,0.834091484546661
brb,1994,1.10127210617065
brb,1995,1.09339261054993
brb,1996,1.07439565658569
brb,1997,1.10198366641998
brb,1998,1.17892253398895
brb,1999,1.17004978656769
brb,2000,1.12887942790985
brb,2001,1.09177541732788
brb,2002,1.13897550106049
brb,2003,1.06697297096252
brb,2004,1.12958419322968
brb,2005,1.16244316101074
brb,2006,1.22166705131531
brb,2007,1.22768688201904
brb,2008,1.24085330963135
brb,2009,1.18499672412872
brb,2010,1.20644247531891
brb,2011,1.19383192062378
brb,2012,1.20378303527832
brb,2013,1.1654759645462
brb,2014,1.17189967632294
brb,2015,1.11699414253235
brb,2016,1.10546040534973
brb,2017,1.09610390663147
brb,2018,1.05294334888458
brb,2019,1.05416059494019
brb,2020,1.03339231014252
brb,2021,1.0
brb,2022,1.11437749862671
brb,2023,1.11132097244263
bwa,1964,0.694350183010101
bwa,1965,0.622454762458801
bwa,1966,0.695772051811218
bwa,1967,0.821044564247131
bwa,1968,0.911652803421021
bwa,1969,0.849078118801117
bwa,1970,0.977427661418915
bwa,1971,0.959169089794159
bwa,1972,0.955150604248047
bwa,1973,0.981099009513855
bwa,1974,0.880195796489716
bwa,1975,0.858705103397369
bwa,1976,0.883054435253143
bwa,1977,0.880729973316193
bwa,1978,0.90298193693161
bwa,1979,0.968870759010315
bwa,1980,1.03052282333374
bwa,1981,1.00707805156708
bwa,1982,0.957838475704193
bwa,1983,0.864363372325897
bwa,1984,0.764670968055725
bwa,1985,0.799617350101471
bwa,1986,0.819683015346527
bwa,1987,0.809205412864685
bwa,1988,0.762506484985352
bwa,1989,1.14895880222321
bwa,1990,1.15347278118134
bwa,1991,1.04114389419556
bwa,1992,0.959678947925568
bwa,1993,0.922207772731781
bwa,1994,0.882209002971649
bwa,1995,0.918984174728394
bwa,1996,0.887117564678192
bwa,1997,0.914333939552307
bwa,1998,1.02211666107178
bwa,1999,0.867186009883881
bwa,2000,0.885264933109283
bwa,2001,0.814782857894898
bwa,2002,0.811139523983002
bwa,2003,0.80569851398468
bwa,2004,0.848118901252747
bwa,2005,0.842743754386902
bwa,2006,0.888809621334076
bwa,2007,0.962184965610504
bwa,2008,1.33507823944092
bwa,2009,1.19363522529602
bwa,2010,1.24107122421265
bwa,2011,1.26352250576019
bwa,2012,1.21698796749115
bwa,2013,1.12370085716248
bwa,2014,1.11990070343018
bwa,2015,1.10179376602173
bwa,2016,1.0354437828064
bwa,2017,1.01251435279846
bwa,2018,0.985267817974091
bwa,2019,1.03397250175476
bwa,2020,1.02698171138763
bwa,2021,1.0
bwa,2022,0.984135508537293
bwa,2023,1.01250982284546
caf,1980,1.12773895263672
caf,1981,1.25315582752228
caf,1982,1.329669713974
caf,1983,1.25697326660156
caf,1984,1.38501501083374
caf,1985,1.47721076011658
caf,1986,1.48218071460724
caf,1987,1.37241411209106
caf,1988,1.37219560146332
caf,1989,1.40279459953308
caf,1990,1.40663576126099
caf,1991,1.375852227211
caf,1992,1.31866919994354
caf,1993,1.213947057724
caf,1994,1.38612842559814
caf,1995,1.39045226573944
caf,1996,1.15079092979431
caf,1997,1.19624638557434
caf,1998,1.28735792636871
caf,1999,1.36867034435272
caf,2000,1.36894154548645
caf,2001,1.35634350776672
caf,2002,1.32536292076111
caf,2003,1.15999376773834
caf,2004,1.25475645065308
caf,2005,1.31305932998657
caf,2006,1.34809637069702
caf,2007,1.39036428928375
caf,2008,1.41307425498962
caf,2009,1.4594053030014
caf,2010,1.45860826969147
caf,2011,1.38350749015808
caf,2012,1.43625152111053
caf,2013,0.867259562015533
caf,2014,0.926663517951965
caf,2015,0.955341339111328
caf,2016,1.02222645282745
caf,2017,1.0179877281189
caf,2018,1.05607688426971
caf,2019,1.06309652328491
caf,2020,1.0382227897644
caf,2021,1.0
caf,2022,1.00049710273743
caf,2023,0.946148931980133
can,1954,0.626984238624573
can,1955,0.678490042686462
can,1956,0.718240201473236
can,1957,0.709742546081543
can,1958,0.725980699062347
can,1959,0.743421852588654
can,1960,0.754035770893097
can,1961,0.768166601657867
can,1962,0.782446026802063
can,1963,0.790646255016327
can,1964,0.808330893516541
can,1965,0.833051204681397
can,1966,0.853088974952698
can,1967,0.842389345169067
can,1968,0.870446264743805
can,1969,0.888910591602325
can,1970,0.890279114246368
can,1971,0.912032544612885
can,1972,0.929346263408661
can,1973,0.94560843706131
can,1974,0.957460701465607
can,1975,0.967978417873383
can,1976,0.988362610340118
can,1977,0.988920331001282
can,1978,0.967311203479767
can,1979,0.958942472934723
can,1980,0.928146719932556
can,1981,0.921565294265747
can,1982,0.874894320964813
can,1983,0.888984799385071
can,1984,0.900608241558075
can,1985,0.910663664340973
can,1986,0.903027057647705
can,1987,0.904289066791534
can,1988,0.9133380651474
can,1989,0.917027950286865
can,1990,0.897113025188446
can,1991,0.889586508274078
can,1992,0.890307605266571
can,1993,0.89077490568161
can,1994,0.890560448169708
can,1995,0.884499251842499
can,1996,0.872600376605988
can,1997,0.893166363239288
can,1998,0.883515000343323
can,1999,0.884842455387116
can,2000,0.899507582187653
can,2001,0.896891534328461
can,2002,0.906229615211487
can,2003,0.920706570148468
can,2004,0.929214954376221
can,2005,0.951624512672424
can,2006,0.965356051921845
can,2007,0.970167517662048
can,2008,0.973686754703522
can,2009,0.957294285297394
can,2010,0.9789679646492
can,2011,0.990824639797211
can,2012,0.98706179857254
can,2013,0.990781605243683
can,2014,0.996096789836884
can,2015,0.977770149707794
can,2016,0.971542358398438
can,2017,0.992854237556458
can,2018,0.994431257247925
can,2019,0.987060368061066
can,2020,1.00789439678192
can,2021,1.0
can,2022,1.01441776752472
can,2023,0.98120242357254
che,1954,0.762241303920746
che,1955,0.801775574684143
che,1956,0.83525687456131
che,1957,0.844037532806397
che,1958,0.804133534431458
che,1959,0.856965005397797
che,1960,0.905845582485199
che,1961,0.952243864536285
che,1962,0.956795394420624
che,1963,0.966111183166504
che,1964,0.990572810173035
che,1965,0.980913817882538
che,1966,0.982420265674591
che,1967,0.992194950580597
che,1968,0.999255239963532
che,1969,1.02355003356934
che,1970,1.08167731761932
che,1971,1.10231447219849
che,1972,1.11190986633301
che,1973,1.11976730823517
che,1974,1.11921811103821
che,1975,1.00532174110413
che,1976,1.00967955589294
che,1977,1.03138196468353
che,1978,1.05745661258698
che,1979,1.09430527687073
che,1980,1.13237702846527
che,1981,1.0886538028717
che,1982,1.0847510099411
che,1983,1.10096681118011
che,1984,1.07301020622253
che,1985,1.07168829441071
che,1986,1.10607385635376
che,1987,1.08896625041962
che,1988,1.07568860054016
che,1989,1.09481716156006
che,1990,1.11236131191254
che,1991,1.04474699497223
che,1992,1.02951848506928
che,1993,1.0258229970932
che,1994,1.03967988491058
che,1995,1.05414128303528
che,1996,1.06218481063843
che,1997,1.05514085292816
che,1998,1.06922376155853
che,1999,1.05624759197235
che,2000,1.05389630794525
che,2001,1.06653642654419
che,2002,1.05660653114319
che,2003,1.05121910572052
che,2004,1.02586400508881
che,2005,1.04940009117126
che,2006,1.04537773132324
che,2007,1.02081286907196
che,2008,1.02104222774506
che,2009,1.02963638305664
che,2010,1.03311991691589
che,2011,1.05169463157654
che,2012,1.03015661239624
che,2013,1.01540899276733
che,2014,1.01763224601746
che,2015,1.0124763250351
che,2016,1.00450134277344
che,2017,1.00995922088623
che,2018,1.00744128227234
che,2019,1.01360762119293
che,2020,1.02686023712158
che,2021,1.0
che,2022,1.00381970405579
che,2023,1.01000678539276
chl,1955,0.775572001934052
chl,1956,0.770965039730072
chl,1957,0.825020492076874
chl,1958,0.830462992191315
chl,1959,0.80378657579422
chl,1960,0.890432894229889
chl,1961,0.91663932800293
chl,1962,0.915561497211456
chl,1963,0.936795473098755
chl,1964,0.923535764217377
chl,1965,0.892163991928101
chl,1966,0.978915750980377
chl,1967,0.970295667648315
chl,1968,0.952877044677734
chl,1969,0.955544471740723
chl,1970,0.952986717224121
chl,1971,0.973152697086334
chl,1972,0.942472577095032
chl,1973,0.866193115711212
chl,1974,0.810659885406494
chl,1975,0.631192088127136
chl,1976,0.612955868244171
chl,1977,0.673391699790955
chl,1978,0.714093565940857
chl,1979,0.757360100746155
chl,1980,0.78595507144928
chl,1981,0.830355286598206
chl,1982,0.666857957839966
chl,1983,0.596132278442383
chl,1984,0.626461803913117
chl,1985,0.582485437393189
chl,1986,0.51201856136322
chl,1987,0.558957815170288
chl,1988,0.585315644741058
chl,1989,0.638381242752075
chl,1990,0.628659605979919
chl,1991,0.64571613073349
chl,1992,0.709389984607697
chl,1993,0.756949663162231
chl,1994,0.772968947887421
chl,1995,0.845026731491089
chl,1996,0.870656192302704
chl,1997,0.893636107444763
chl,1998,0.877630829811096
chl,1999,0.819846510887146
chl,2000,0.83324933052063
chl,2001,0.825414001941681
chl,2002,0.814276516437531
chl,2003,0.819888591766357
chl,2004,0.844461381435394
chl,2005,0.894369184970856
chl,2006,0.91297709941864
chl,2007,0.928801834583283
chl,2008,0.956827104091644
chl,2009,0.863167762756348
chl,2010,0.932356476783752
chl,2011,0.96794319152832
chl,2012,0.982174515724182
chl,2013,0.961957097053528
chl,2014,0.926594316959381
chl,2015,0.916004657745361
chl,2016,0.907928287982941
chl,2017,0.912030935287476
chl,2018,0.932551026344299
chl,2019,0.913999378681183
chl,2020,0.883841931819916
chl,2021,1.0
chl,2022,0.957232236862183
chl,2023,0.889548420906067
chn,1956,0.299936503171921
chn,1957,0.297614574432373
chn,1958,0.303484052419663
chn,1959,0.28358119726181
chn,1960,0.287527471780777
chn,1961,0.231781989336014
chn,1962,0.228862062096596
chn,1963,0.240824446082115
chn,1964,0.265002936124802
chn,1965,0.288326919078827
chn,1966,0.29915651679039
chn,1967,0.273570418357849
chn,1968,0.253841996192932
chn,1969,0.264698415994644
chn,1970,0.281910568475723
chn,1971,0.282568961381912
chn,1972,0.271730065345764
chn,1973,0.280111879110336
chn,1974,0.271606981754303
chn,1975,0.272038549184799
chn,1976,0.257600456476212
chn,1977,0.257928878068924
chn,1978,0.276136964559555
chn,1979,0.274473369121552
chn,1980,0.27395761013031
chn,1981,0.266337484121323
chn,1982,0.265927225351334
chn,1983,0.279815405607224
chn,1984,0.305714666843414
chn,1985,0.341951102018356
chn,1986,0.338807135820389
chn,1987,0.344207465648651
chn,1988,0.358731210231781
chn,1989,0.351770490407944
chn,1990,0.338655233383179
chn,1991,0.352599263191223
chn,1992,0.387669950723648
chn,1993,0.420845955610275
chn,1994,0.429801285266876
chn,1995,0.446835100650787
chn,1996,0.460570991039276
chn,1997,0.456625729799271
chn,1998,0.460699409246445
chn,1999,0.471881479024887
chn,2000,0.48459655046463
chn,2001,0.502802670001984
chn,2002,0.517796933650971
chn,2003,0.5401571393013
chn,2004,0.564303994178772
chn,2005,0.569912374019623
chn,2006,0.601980865001679
chn,2007,0.660525321960449
chn,2008,0.695038855075836
chn,2009,0.74297696352005
chn,2010,0.758387565612793
chn,2011,0.795757114887238
chn,2012,0.80810934305191
chn,2013,0.821753084659576
chn,2014,0.837275862693787
chn,2015,0.861449837684631
chn,2016,0.892149090766907
chn,2017,0.917596757411957
chn,2018,0.949720025062561
chn,2019,0.966434836387634
chn,2020,0.974407196044922
chn,2021,1.0
chn,2022,0.993802666664124
chn,2023,1.02025175094605
civ,1964,1.30337798595428
civ,1965,1.14757442474365
civ,1966,1.1821300983429
civ,1967,1.17067933082581
civ,1968,1.19418346881866
civ,1969,1.31118953227997
civ,1970,1.43938970565796
civ,1971,1.3458708524704
civ,1972,1.29629981517792
civ,1973,1.36559212207794
civ,1974,1.33148264884949
civ,1975,1.37214612960815
civ,1976,1.47232890129089
civ,1977,1.60496163368225
civ,1978,1.67426979541779
civ,1979,1.57084679603577
civ,1980,1.25474226474762
civ,1981,1.20971524715424
civ,1982,1.10380971431732
civ,1983,1.0002121925354
civ,1984,0.914668023586273
civ,1985,0.960207223892212
civ,1986,1.00635170936584
civ,1987,0.958221137523651
civ,1988,0.923840641975403
civ,1989,0.864730954170227
civ,1990,0.783203899860382
civ,1991,0.791650056838989
civ,1992,0.780003488063812
civ,1993,0.765200078487396
civ,1994,0.710309982299805
civ,1995,0.763187408447266
civ,1996,0.738458275794983
civ,1997,0.73814332485199
civ,1998,0.752622961997986
civ,1999,0.690283179283142
civ,2000,0.698884546756744
civ,2001,0.705995678901672
civ,2002,0.635280787944794
civ,2003,0.779755175113678
civ,2004,0.736993074417114
civ,2005,0.752699792385101
civ,2006,0.715922117233276
civ,2007,0.753508985042572
civ,2008,0.762561738491058
civ,2009,0.745450377464294
civ,2010,0.832961618900299
civ,2011,0.743281662464142
civ,2012,0.934829771518707
civ,2013,1.01255571842194
civ,2014,1.04154980182648
civ,2015,1.1307088136673
civ,2016,1.10589683055878
civ,2017,1.0746066570282
civ,2018,1.06910216808319
civ,2019,1.04920220375061
civ,2020,1.0169780254364
civ,2021,1.0
civ,2022,0.969403386116028
civ,2023,0.971604704856873
cmr,1964,1.18654406070709
cmr,1965,1.20498692989349
cmr,1966,1.20592391490936
cmr,1967,1.03651058673859
cmr,1968,1.08015513420105
cmr,1969,1.07289600372314
cmr,1970,1.09536719322205
cmr,1971,1.07636296749115
cmr,1972,1.02952444553375
cmr,1973,1.05597269535065
cmr,1974,1.0734224319458
cmr,1975,1.07359898090363
cmr,1976,0.975764334201813
cmr,1977,1.10942208766937
cmr,1978,1.2405663728714
cmr,1979,1.24808442592621
cmr,1980,1.34985065460205
cmr,1981,1.33437621593475
cmr,1982,1.30303335189819
cmr,1983,1.29194808006287
cmr,1984,1.28499889373779
cmr,1985,1.21108484268188
cmr,1986,1.10029518604279
cmr,1987,1.00037109851837
cmr,1988,0.941471934318543
cmr,1989,0.844515800476074
cmr,1990,0.807437837123871
cmr,1991,0.743686199188232
cmr,1992,0.719743669033051
cmr,1993,0.779935956001282
cmr,1994,0.785451948642731
cmr,1995,0.754759550094605
cmr,1996,0.762497961521149
cmr,1997,0.78106814622879
cmr,1998,0.782639920711517
cmr,1999,0.789492785930634
cmr,2000,0.798769056797028
cmr,2001,0.810983419418335
cmr,2002,0.812974572181702
cmr,2003,0.819358229637146
cmr,2004,0.83855140209198
cmr,2005,0.841043055057526
cmr,2006,0.830004334449768
cmr,2007,0.823001563549042
cmr,2008,0.848442494869232
cmr,2009,0.858968138694763
cmr,2010,0.866434991359711
cmr,2011,0.86470627784729
cmr,2012,0.870252907276154
cmr,2013,0.892334520816803
cmr,2014,0.906167328357697
cmr,2015,0.933387756347656
cmr,2016,0.953222751617432
cmr,2017,0.970516502857208
cmr,2018,1.00310719013214
cmr,2019,1.00991928577423
cmr,2020,0.990825116634369
cmr,2021,1.0
cmr,2022,0.981745362281799
cmr,2023,0.972578227519989
col,1954,0.950251758098602
col,1955,0.942191064357758
col,1956,0.907278299331665
col,1957,0.864896774291992
col,1958,0.825213670730591
col,1959,0.844225764274597
col,1960,0.877324640750885
col,1961,0.90533858537674
col,1962,0.909728229045868
col,1963,0.909583568572998
col,1964,0.964365303516388
col,1965,0.9145268201828
col,1966,0.95769602060318
col,1967,0.925816774368286
col,1968,0.958463609218597
col,1969,0.977443695068359
col,1970,1.01162135601044
col,1971,1.03841519355774
col,1972,1.02353715896606
col,1973,1.03905189037323
col,1974,1.07750713825226
col,1975,0.997716963291168
col,1976,1.0237101316452
col,1977,1.04403364658356
col,1978,1.08245360851288
col,1979,1.07508897781372
col,1980,1.09720540046692
col,1981,1.09641063213348
col,1982,1.08471238613129
col,1983,1.05473506450653
col,1984,1.03573393821716
col,1985,0.996491551399231
col,1986,0.991734147071838
col,1987,0.996290922164917
col,1988,1.00454556941986
col,1989,0.966616034507752
col,1990,0.956451654434204
col,1991,0.908714056015015
col,1992,0.985630214214325
col,1993,1.02659296989441
col,1994,1.03525388240814
col,1995,1.03705096244812
col,1996,0.997614800930023
col,1997,0.992947459220886
col,1998,0.954698204994202
col,1999,0.847529470920563
col,2000,0.84222811460495
col,2001,0.853700459003449
col,2002,0.841458678245544
col,2003,0.849274396896362
col,2004,0.866111278533936
col,2005,0.876060485839844
col,2006,0.897987425327301
col,2007,0.90766716003418
col,2008,0.913436830043793
col,2009,0.893604516983032
col,2010,0.910786390304565
col,2011,0.94240415096283
col,2012,0.950936794281006
col,2013,0.970099031925201
col,2014,0.995588600635529
col,2015,0.974313914775848
col,2016,0.960531294345856
col,2017,0.949442207813263
col,2018,0.956101059913635
col,2019,0.971885085105896
col,2020,0.994942545890808
col,2021,1.0
col,2022,1.02790582180023
col,2023,0.97986775636673
cri,1954,1.17547571659088
cri,1955,1.23638474941254
cri,1956,1.19300258159637
cri,1957,1.22898757457733
cri,1958,1.29687237739563
cri,1959,1.27178585529327
cri,1960,1.30813467502594
cri,1961,1.23325669765472
cri,1962,1.24670970439911
cri,1963,1.28287398815155
cri,1964,1.29041469097137
cri,1965,1.39542508125305
cri,1966,1.37310981750488
cri,1967,1.39028120040894
cri,1968,1.40210545063019
cri,1969,1.41833734512329
cri,1970,1.50785946846008
cri,1971,1.47817671298981
cri,1972,1.42089104652405
cri,1973,1.41308617591858
cri,1974,1.41312396526337
cri,1975,1.34325742721558
cri,1976,1.34861493110657
cri,1977,1.428755402565
cri,1978,1.41421842575073
cri,1979,1.37190890312195
cri,1980,1.30885624885559
cri,1981,1.09633314609528
cri,1982,0.950950622558594
cri,1983,0.99684488773346
cri,1984,1.01141381263733
cri,1985,1.00963151454926
cri,1986,1.0581579208374
cri,1987,1.03353154659271
cri,1988,0.999367833137512
cri,1989,0.993986129760742
cri,1990,0.978130042552948
cri,1991,0.935041725635529
cri,1992,0.967040002346039
cri,1993,1.00822973251343
cri,1994,0.993795335292816
cri,1995,0.978534281253815
cri,1996,0.932072639465332
cri,1997,0.94587117433548
cri,1998,0.958481669425964
cri,1999,0.913142859935761
cri,2000,0.868818700313568
cri,2001,0.863136827945709
cri,2002,0.859727621078491
cri,2003,0.861198544502258
cri,2004,0.835892260074616
cri,2005,0.835207760334015
cri,2006,0.840180635452271
cri,2007,0.864572525024414
cri,2008,0.881020367145538
cri,2009,0.859891474246979
cri,2010,0.896088838577271
cri,2011,0.898383140563965
cri,2012,0.944752037525177
cri,2013,0.949431240558624
cri,2014,0.959541440010071
cri,2015,0.958672344684601
cri,2016,0.94795948266983
cri,2017,0.954842329025269
cri,2018,0.964031398296356
cri,2019,0.949744164943695
cri,2020,0.984539091587067
cri,2021,1.0
cri,2022,0.951468348503113
cri,2023,0.978389978408814
cyp,1954,0.396009713411331
cyp,1955,0.386983126401901
cyp,1956,0.414473056793213
cyp,1957,0.394662946462631
cyp,1958,0.341084569692612
cyp,1959,0.366060733795166
cyp,1960,0.383827179670334
cyp,1961,0.411810845136642
cyp,1962,0.452728509902954
cyp,1963,0.461994558572769
cyp,1964,0.396007269620895
cyp,1965,0.458142936229706
cyp,1966,0.480887085199356
cyp,1967,0.52746707201004
cyp,1968,0.545653879642487
cyp,1969,0.585295021533966
cyp,1970,0.597294509410858
cyp,1971,0.627226769924164
cyp,1972,0.647446990013123
cyp,1973,0.67654287815094
cyp,1974,0.604276716709137
cyp,1975,0.506476521492004
cyp,1976,0.594040095806122
cyp,1977,0.69322681427002
cyp,1978,0.727753102779388
cyp,1979,0.750990569591522
cyp,1980,0.747870683670044
cyp,1981,0.705387234687805
cyp,1982,0.731939911842346
cyp,1983,0.735201835632324
cyp,1984,0.760316908359528
cyp,1985,0.737937927246094
cyp,1986,0.710237801074982
cyp,1987,0.74355685710907
cyp,1988,0.78519481420517
cyp,1989,0.818048119544983
cyp,1990,0.828841805458069
cyp,1991,0.850887477397919
cyp,1992,0.892962574958801
cyp,1993,0.786334574222565
cyp,1994,0.818623900413513
cyp,1995,0.868255853652954
cyp,1996,0.863154113292694
cyp,1997,0.873091876506805
cyp,1998,0.881189942359924
cyp,1999,0.903159499168396
cyp,2000,0.934726655483246
cyp,2001,0.933848440647125
cyp,2002,0.967085599899292
cyp,2003,0.977176547050476
cyp,2004,1.02297675609589
cyp,2005,1.03250968456268
cyp,2006,1.06776773929596
cyp,2007,1.08317363262177
cyp,2008,1.14413619041443
cyp,2009,1.03702437877655
cyp,2010,1.06418335437775
cyp,2011,1.0038526058197
cyp,2012,0.968033671379089
cyp,2013,0.91123229265213
cyp,2014,0.907590806484222
cyp,2015,0.916984558105469
cyp,2016,0.950345933437347
cyp,2017,0.979885816574097
cyp,2018,0.979362726211548
cyp,2019,1.00469589233398
cyp,2020,0.998908996582031
cyp,2021,1.0
cyp,2022,1.0455664396286
cyp,2023,1.06242156028748
cze,1994,0.7824347615242
cze,1995,0.817244410514832
cze,1996,0.84500390291214
cze,1997,0.812550961971283
cze,1998,0.781506776809692
cze,1999,0.778352081775665
cze,2000,0.790693283081055
cze,2001,0.822811722755432
cze,2002,0.837592363357544
cze,2003,0.863319098949432
cze,2004,0.875472068786621
cze,2005,0.883711099624634
cze,2006,0.909003615379334
cze,2007,0.944439291954041
cze,2008,0.934932410717011
cze,2009,0.887930810451508
cze,2010,0.900084018707275
cze,2011,0.888551533222199
cze,2012,0.868921637535095
cze,2013,0.862232148647308
cze,2014,0.875391483306885
cze,2015,0.912349581718445
cze,2016,0.903840005397797
cze,2017,0.926303029060364
cze,2018,0.947871387004852
cze,2019,0.972450852394104
cze,2020,0.960286557674408
cze,2021,1.0
cze,2022,1.00232660770416
cze,2023,0.960417687892914
deu,1954,0.42156332731247
deu,1955,0.454499423503876
deu,1956,0.471176952123642
deu,1957,0.482113867998123
deu,1958,0.491235464811325
deu,1959,0.520180583000183
deu,1960,0.552308201789856
deu,1961,0.56144106388092
deu,1962,0.57894378900528
deu,1963,0.579443216323853
deu,1964,0.599825620651245
deu,1965,0.620040595531464
deu,1966,0.619236350059509
deu,1967,0.609520435333252
deu,1968,0.630510151386261
deu,1969,0.667473137378693
deu,1970,0.698633134365082
deu,1971,0.715780913829804
deu,1972,0.732480764389038
deu,1973,0.743473947048187
deu,1974,0.728936195373535
deu,1975,0.746292412281036
deu,1976,0.7676682472229
deu,1977,0.781875610351563
deu,1978,0.795330286026001
deu,1979,0.816462695598602
deu,1980,0.804638981819153
deu,1981,0.777514696121216
deu,1982,0.760179996490479
deu,1983,0.776461362838745
deu,1984,0.779866278171539
deu,1985,0.78014999628067
deu,1986,0.797690331935883
deu,1987,0.807818710803986
deu,1988,0.82237720489502
deu,1989,0.837371230125427
deu,1990,0.871710300445557
deu,1991,0.922299742698669
deu,1992,0.937130928039551
deu,1993,0.935436844825745
deu,1994,0.951549470424652
deu,1995,0.954731345176697
deu,1996,0.954915463924408
deu,1997,0.958452165126801
deu,1998,0.965014159679413
deu,1999,0.977356731891632
deu,2000,0.979976892471314
deu,2001,0.975983500480652
deu,2002,0.951655507087708
deu,2003,0.956979334354401
deu,2004,0.944723010063171
deu,2005,0.946332573890686
deu,2006,0.954393565654755
deu,2007,0.952070772647858
deu,2008,0.94637930393219
deu,2009,0.925448477268219
deu,2010,0.93717223405838
deu,2011,0.952158749103546
deu,2012,0.941854596138001
deu,2013,0.946471154689789
deu,2014,0.950134992599487
deu,2015,0.953376531600952
deu,2016,0.970010459423065
deu,2017,0.982729136943817
deu,2018,0.989572763442993
deu,2019,0.996155977249146
deu,2020,0.992131412029266
deu,2021,1.0
deu,2022,1.01599323749542
deu,2023,1.00697147846222
dnk,1954,0.541182100772858
dnk,1955,0.541532337665558
dnk,1956,0.556813716888428
dnk,1957,0.566922605037689
dnk,1958,0.564082443714142
dnk,1959,0.614687144756317
dnk,1960,0.636926472187042
dnk,1961,0.653060555458069
dnk,1962,0.673901200294495
dnk,1963,0.642424166202545
dnk,1964,0.686045467853546
dnk,1965,0.684943199157715
dnk,1966,0.679040729999542
dnk,1967,0.710331201553345
dnk,1968,0.734712958335877
dnk,1969,0.776232898235321
dnk,1970,0.778409659862518
dnk,1971,0.784850418567658
dnk,1972,0.793008267879486
dnk,1973,0.83375608921051
dnk,1974,0.804868459701538
dnk,1975,0.798787474632263
dnk,1976,0.848185837268829
dnk,1977,0.851275384426117
dnk,1978,0.856893956661224
dnk,1979,0.864077389240265
dnk,1980,0.8149533867836
dnk,1981,0.798454165458679
dnk,1982,0.814999997615814
dnk,1983,0.820008814334869
dnk,1984,0.84230101108551
dnk,1985,0.864916086196899
dnk,1986,0.894099116325378
dnk,1987,0.875499904155731
dnk,1988,0.862360954284668
dnk,1989,0.86367255449295
dnk,1990,0.859781444072723
dnk,1991,0.858425259590149
dnk,1992,0.86350804567337
dnk,1993,0.855168163776398
dnk,1994,0.905874192714691
dnk,1995,0.922193050384522
dnk,1996,0.925349950790405
dnk,1997,0.934933364391327
dnk,1998,0.933906853199005
dnk,1999,0.902307569980621
dnk,2000,0.910134851932526
dnk,2001,0.893509089946747
dnk,2002,0.892720699310303
dnk,2003,0.89522123336792
dnk,2004,0.926294803619385
dnk,2005,0.94239753484726
dnk,2006,0.958338737487793
dnk,2007,0.95782333612442
dnk,2008,0.937277734279633
dnk,2009,0.895431697368622
dnk,2010,0.908478617668152
dnk,2011,0.908281087875366
dnk,2012,0.917718410491943
dnk,2013,0.922141551971436
dnk,2014,0.9305140376091
dnk,2015,0.938644409179688
dnk,2016,0.947692275047302
dnk,2017,0.956591606140137
dnk,2018,0.973829627037048
dnk,2019,0.967321157455444
dnk,2020,0.975809335708618
dnk,2021,1.0
dnk,2022,0.962039351463318
dnk,2023,0.918677687644959
dom,1955,0.89011412858963
dom,1956,0.960291147232056
dom,1957,1.00720989704132
dom,1958,1.04141283035278
dom,1959,0.929210484027863
dom,1960,0.917558908462524
dom,1961,0.859440207481384
dom,1962,1.15291082859039
dom,1963,1.29594433307648
dom,1964,1.36809813976288
dom,1965,1.03754508495331
dom,1966,1.20091032981873
dom,1967,1.15177059173584
dom,1968,1.12853646278381
dom,1969,1.19296646118164
dom,1970,1.34401106834412
dom,1971,1.3884733915329
dom,1972,1.36600840091705
dom,1973,1.43397319316864
dom,1974,1.54235529899597
dom,1975,1.53613936901093
dom,1976,1.486044049263
dom,1977,1.46162450313568
dom,1978,1.38915491104126
dom,1979,1.35362601280212
dom,1980,1.48975765705109
dom,1981,1.40073907375336
dom,1982,1.3370589017868
dom,1983,1.32950901985168
dom,1984,1.24565875530243
dom,1985,1.18801975250244
dom,1986,1.20048677921295
dom,1987,1.28286123275757
dom,1988,1.2421612739563
dom,1989,1.21769452095032
dom,1990,0.805580019950867
dom,1991,0.765176057815552
dom,1992,0.837354838848114
dom,1993,0.855923235416412
dom,1994,0.865981936454773
dom,1995,0.876797020435333
dom,1996,0.905842363834381
dom,1997,0.936958611011505
dom,1998,0.952307760715485
dom,1999,0.93129163980484
dom,2000,0.952281832695007
dom,2001,0.948153018951416
dom,2002,0.956783056259155
dom,2003,0.834216475486755
dom,2004,0.819051027297974
dom,2005,0.903939604759216
dom,2006,0.978966593742371
dom,2007,1.01709032058716
dom,2008,1.01328265666962
dom,2009,0.974432587623596
dom,2010,1.01630628108978
dom,2011,0.980690956115723
dom,2012,0.958065271377564
dom,2013,0.937181055545807
dom,2014,0.933951914310455
dom,2015,0.971693515777588
dom,2016,0.984720945358276
dom,2017,0.9611936211586
dom,2018,0.978974759578705
dom,2019,0.992327213287354
dom,2020,1.01299583911896
dom,2021,1.0
dom,2022,1.00264990329742
dom,2023,0.971241056919098
ecu,1954,1.11410915851593
ecu,1955,1.10334634780884
ecu,1956,1.0965518951416
ecu,1957,1.07687509059906
ecu,1958,1.08157324790955
ecu,1959,1.06818115711212
ecu,1960,1.10351157188416
ecu,1961,1.11878395080566
ecu,1962,1.1263724565506
ecu,1963,1.11603474617004
ecu,1964,1.1648017168045
ecu,1965,1.15039110183716
ecu,1966,1.14041662216187
ecu,1967,1.18698728084564
ecu,1968,1.20863842964172
ecu,1969,1.20558619499207
ecu,1970,1.24578177928925
ecu,1971,1.24726986885071
ecu,1972,1.1604231595993
ecu,1973,1.0403139591217
ecu,1974,1.00572764873505
ecu,1975,1.14024591445923
ecu,1976,1.14038348197937
ecu,1977,1.12807166576386
ecu,1978,1.10545539855957
ecu,1979,1.08369445800781
ecu,1980,1.08577871322632
ecu,1981,1.12677669525146
ecu,1982,1.11439299583435
ecu,1983,1.02145862579346
ecu,1984,0.999279916286469
ecu,1985,1.00654828548431
ecu,1986,0.982383131980896
ecu,1987,1.01912140846252
ecu,1988,0.911118984222412
ecu,1989,0.89932918548584
ecu,1990,0.916013598442078
ecu,1991,0.908188223838806
ecu,1992,0.895086288452148
ecu,1993,0.865747511386871
ecu,1994,0.86851841211319
ecu,1995,0.860666871070862
ecu,1996,0.85076779127121
ecu,1997,0.79090279340744
ecu,1998,0.813025534152985
ecu,1999,0.740814983844757
ecu,2000,0.763169527053833
ecu,2001,0.786578476428986
ecu,2002,0.841258764266968
ecu,2003,0.815820097923279
ecu,2004,0.822812497615814
ecu,2005,0.847962081432343
ecu,2006,0.871199488639832
ecu,2007,0.887263596057892
ecu,2008,0.93810099363327
ecu,2009,0.929990470409393
ecu,2010,0.96639221906662
ecu,2011,1.00419354438782
ecu,2012,1.01959037780762
ecu,2013,1.06535816192627
ecu,2014,1.07762622833252
ecu,2015,1.05550158023834
ecu,2016,1.02575504779816
ecu,2017,1.0791312456131
ecu,2018,1.06597089767456
ecu,2019,1.04706215858459
ecu,2020,0.995872557163239
ecu,2021,1.0
ecu,2022,1.04348850250244
ecu,2023,1.01549935340881
egy,1954,0.882848918437958
egy,1955,0.892317831516266
egy,1956,0.875558972358704
egy,1957,0.925248086452484
egy,1958,0.909382224082947
egy,1959,0.947435855865479
egy,1960,0.951861500740051
egy,1961,1.02124643325806
egy,1962,1.048743724823
egy,1963,1.08138787746429
egy,1964,1.15510487556458
egy,1965,1.15508162975311
egy,1966,1.06643676757813
egy,1967,1.09539210796356
egy,1968,1.11367881298065
egy,1969,1.17247021198273
egy,1970,1.29473698139191
egy,1971,1.28249955177307
egy,1972,1.30841374397278
egy,1973,1.29052782058716
egy,1974,1.40045988559723
egy,1975,1.42065584659576
egy,1976,1.47222054004669
egy,1977,1.35373342037201
egy,1978,1.29178524017334
egy,1979,1.27840828895569
egy,1980,1.25989472866058
egy,1981,1.20985412597656
egy,1982,1.15195202827454
egy,1983,1.10726273059845
egy,1984,1.15102195739746
egy,1985,1.1168395280838
egy,1986,1.06890296936035
egy,1987,1.00930690765381
egy,1988,0.974321961402893
egy,1989,0.928768992424011
egy,1990,0.926367461681366
egy,1991,0.894303858280182
egy,1992,0.868853151798248
egy,1993,0.891537129878998
egy,1994,0.895420372486115
egy,1995,0.878096044063568
egy,1996,0.882577002048492
egy,1997,0.894387125968933
egy,1998,0.895691812038422
egy,1999,0.887843668460846
egy,2000,0.884768664836884
egy,2001,0.875339388847351
egy,2002,0.939887464046478
egy,2003,0.925079345703125
egy,2004,0.919672667980194
egy,2005,0.927327871322632
egy,2006,0.938223898410797
egy,2007,0.961433172225952
egy,2008,0.970202207565308
egy,2009,0.968532025814056
egy,2010,0.945478320121765
egy,2011,0.936471462249756
egy,2012,0.960115134716034
egy,2013,0.94159746170044
egy,2014,0.962041914463043
egy,2015,0.968755125999451
egy,2016,1.00640618801117
egy,2017,1.02050638198853
egy,2018,0.988872170448303
egy,2019,0.969296276569367
egy,2020,1.00514602661133
egy,2021,1.0
egy,2022,0.984217941761017
egy,2023,0.946806311607361
esp,1954,0.495796203613281
esp,1955,0.516349852085114
esp,1956,0.540339052677155
esp,1957,0.545243144035339
esp,1958,0.552462458610535
esp,1959,0.527937054634094
esp,1960,0.563830137252808
esp,1961,0.625822305679321
esp,1962,0.677117943763733
esp,1963,0.725649356842041
esp,1964,0.746537923812866
esp,1965,0.781278014183044
esp,1966,0.809524893760681
esp,1967,0.812330186367035
esp,1968,0.841603338718414
esp,1969,0.889161288738251
esp,1970,0.882272064685822
esp,1971,0.880760848522186
esp,1972,0.930124044418335
esp,1973,0.966609656810761
esp,1974,0.992941975593567
esp,1975,0.976336300373077
esp,1976,0.996132254600525
esp,1977,0.986111462116242
esp,1978,0.992837727069855
esp,1979,1.01418077945709
esp,1980,1.04084610939026
esp,1981,1.0297178030014
esp,1982,1.03621280193329
esp,1983,1.03538727760315
esp,1984,1.04851293563843
esp,1985,1.07420754432678
esp,1986,1.0988792181015
esp,1987,1.13094127178192
esp,1988,1.15775096416473
esp,1989,1.18976438045502
esp,1990,1.18508267402649
esp,1991,1.17900371551514
esp,1992,1.18117809295654
esp,1993,1.14923441410065
esp,1994,1.15231764316559
esp,1995,1.15245091915131
esp,1996,1.14263546466827
esp,1997,1.1301144361496
esp,1998,1.13513898849487
esp,1999,1.13977706432343
esp,2000,1.13676047325134
esp,2001,1.12853527069092
esp,2002,1.12950444221497
esp,2003,1.12985467910767
esp,2004,1.1379154920578
esp,2005,1.14762890338898
esp,2006,1.15451109409332
esp,2007,1.15670931339264
esp,2008,1.12284934520721
esp,2009,1.08059930801392
esp,2010,1.07825422286987
esp,2011,1.05061185359955
esp,2012,1.02057027816772
esp,2013,0.999729514122009
esp,2014,1.0055193901062
esp,2015,1.02024304866791
esp,2016,1.01497197151184
esp,2017,1.02153396606445
esp,2018,1.025838971138
esp,2019,1.01940846443176
esp,2020,0.98628968000412
esp,2021,1.0
esp,2022,1.00356793403625
esp,2023,1.00427162647247
est,1994,0.42739674448967
est,1995,0.467621803283691
est,1996,0.51299124956131
est,1997,0.5768723487854
est,1998,0.596022486686707
est,1999,0.579229295253754
est,2000,0.624562561511993
est,2001,0.658821880817413
est,2002,0.721002519130707
est,2003,0.764732122421265
est,2004,0.793074190616608
est,2005,0.813860356807709
est,2006,0.895663261413574
est,2007,0.938670754432678
est,2008,0.846134841442108
est,2009,0.74794340133667
est,2010,0.762289643287659
est,2011,0.780091166496277
est,2012,0.830073177814484
est,2013,0.827680349349976
est,2014,0.847930610179901
est,2015,0.838643491268158
est,2016,0.862913191318512
est,2017,0.875832200050354
est,2018,0.924341678619385
est,2019,0.931546151638031
est,2020,0.941623628139496
est,2021,1.0
est,2022,0.963472962379456
est,2023,0.920443534851074
fin,1954,0.497292131185532
fin,1955,0.526459157466888
fin,1956,0.53227573633194
fin,1957,0.511022210121155
fin,1958,0.490264922380447
fin,1959,0.519229829311371
fin,1960,0.557804524898529
fin,1961,0.575483441352844
fin,1962,0.582525432109833
fin,1963,0.576277315616608
fin,1964,0.59059339761734
fin,1965,0.621648609638214
fin,1966,0.621581733226776
fin,1967,0.62271773815155
fin,1968,0.62530529499054
fin,1969,0.668280601501465
fin,1970,0.717016816139221
fin,1971,0.718673467636108
fin,1972,0.731692135334015
fin,1973,0.754337310791016
fin,1974,0.780446827411652
fin,1975,0.800671696662903
fin,1976,0.761777520179749
fin,1977,0.752870440483093
fin,1978,0.739388048648834
fin,1979,0.791444063186646
fin,1980,0.813606798648834
fin,1981,0.789422333240509
fin,1982,0.808235287666321
fin,1983,0.819014489650726
fin,1984,0.823664128780365
fin,1985,0.836399734020233
fin,1986,0.855210304260254
fin,1987,0.872467994689941
fin,1988,0.91120308637619
fin,1989,0.946094751358032
fin,1990,0.925884425640106
fin,1991,0.884097933769226
fin,1992,0.868039488792419
fin,1993,0.855693995952606
fin,1994,0.885828852653503
fin,1995,0.917112469673157
fin,1996,0.927690148353577
fin,1997,0.950909972190857
fin,1998,0.98376339673996
fin,1999,0.978139340877533
fin,2000,0.993429183959961
fin,2001,0.992082893848419
fin,2002,0.987369179725647
fin,2003,1.00424230098724
fin,2004,1.02213966846466
fin,2005,1.04261684417725
fin,2006,1.04126906394959
fin,2007,1.06035971641541
fin,2008,1.04211127758026
fin,2009,0.987286567687988
fin,2010,1.01358437538147
fin,2011,1.03495872020721
fin,2012,1.01623284816742
fin,2013,1.00642538070679
fin,2014,1.00258386135101
fin,2015,1.00482273101807
fin,2016,1.02350842952728
fin,2017,1.02624917030334
fin,2018,1.02557909488678
fin,2019,1.00495982170105
fin,2020,0.99440860748291
fin,2021,1.0
fin,2022,1.00110423564911
fin,2023,0.951142966747284
fji,1980,1.31594252586365
fji,1981,1.29229927062988
fji,1982,1.11495888233185
fji,1983,1.03848731517792
fji,1984,1.01130604743958
fji,1985,1.00752639770508
fji,1986,0.97648561000824
fji,1987,0.93464058637619
fji,1988,0.920233249664307
fji,1989,0.958125293254852
fji,1990,1.09305119514465
fji,1991,1.02270686626434
fji,1992,1.05579853057861
fji,1993,1.08313691616058
fji,1994,1.07002222537994
fji,1995,1.07780981063843
fji,1996,1.00791907310486
fji,1997,0.961576700210571
fji,1998,0.916965365409851
fji,1999,0.975980520248413
fji,2000,0.980351805686951
fji,2001,1.00596010684967
fji,2002,0.950223386287689
fji,2003,0.969457566738129
fji,2004,1.0574768781662
fji,2005,0.998855531215668
fji,2006,1.0938047170639
fji,2007,1.05443966388702
fji,2008,1.09004175662994
fji,2009,1.01884400844574
fji,2010,1.00135278701782
fji,2011,1.00307655334473
fji,2012,0.982614517211914
fji,2013,1.06836009025574
fji,2014,0.985880553722382
fji,2015,0.989085376262665
fji,2016,1.00855267047882
fji,2017,1.0506716966629
fji,2018,1.08928155899048
fji,2019,1.09426999092102
fji,2020,0.970990478992462
fji,2021,1.0
fji,2022,1.0997109413147
fji,2023,1.09460306167603
fra,1954,0.396763771772385
fra,1955,0.415229916572571
fra,1956,0.448714584112167
fra,1957,0.474140912294388
fra,1958,0.485104471445084
fra,1959,0.490073353052139
fra,1960,0.520258545875549
fra,1961,0.539400577545166
fra,1962,0.56465083360672
fra,1963,0.58952796459198
fra,1964,0.611391484737396
fra,1965,0.619783282279968
fra,1966,0.637862920761108
fra,1967,0.659945666790009
fra,1968,0.678546130657196
fra,1969,0.721604287624359
fra,1970,0.733869910240173
fra,1971,0.74443119764328
fra,1972,0.770241260528565
fra,1973,0.797657132148743
fra,1974,0.807342112064362
fra,1975,0.777256309986115
fra,1976,0.793904006481171
fra,1977,0.801167488098145
fra,1978,0.82842481136322
fra,1979,0.841823041439056
fra,1980,0.844969689846039
fra,1981,0.837084650993347
fra,1982,0.877700626850128
fra,1983,0.86779773235321
fra,1984,0.868516981601715
fra,1985,0.888334035873413
fra,1986,0.910115897655487
fra,1987,0.918450593948364
fra,1988,0.936745345592499
fra,1989,0.953633368015289
fra,1990,0.961202144622803
fra,1991,0.953882992267609
fra,1992,0.952488839626312
fra,1993,0.94186395406723
fra,1994,0.952742099761963
fra,1995,0.962745785713196
fra,1996,0.960558712482452
fra,1997,0.957817256450653
fra,1998,0.978045165538788
fra,1999,0.987770676612854
fra,2000,1.00918829441071
fra,2001,1.01050782203674
fra,2002,1.02082967758179
fra,2003,1.02282226085663
fra,2004,1.02928781509399
fra,2005,1.03589200973511
fra,2006,1.05091464519501
fra,2007,1.05115401744843
fra,2008,1.03666996955872
fra,2009,1.01470243930817
fra,2010,1.02124929428101
fra,2011,1.02614283561707
fra,2012,1.01068711280823
fra,2013,1.01458013057709
fra,2014,1.02031528949738
fra,2015,1.02453482151032
fra,2016,1.02300262451172
fra,2017,1.03299593925476
fra,2018,1.02687287330627
fra,2019,1.02554333209991
fra,2020,1.00453400611877
fra,2021,1.0
fra,2022,0.990310192108154
fra,2023,0.978258550167084
gab,1964,1.20164954662323
gab,1965,1.24593198299408
gab,1966,1.29269909858704
gab,1967,1.28775107860565
gab,1968,1.29236912727356
gab,1969,1.34008240699768
gab,1970,1.40981948375702
gab,1971,1.50906372070313
gab,1972,1.71312892436981
gab,1973,1.75990855693817
gab,1974,2.5045280456543
gab,1975,2.62775588035584
gab,1976,2.90137505531311
gab,1977,2.25340127944946
gab,1978,1.33882462978363
gab,1979,1.34311878681183
gab,1980,1.40076422691345
gab,1981,1.69391882419586
gab,1982,1.53588819503784
gab,1983,1.59152591228485
gab,1984,1.54779064655304
gab,1985,1.49754905700684
gab,1986,1.41994655132294
gab,1987,0.95363199710846
gab,1988,1.07557094097137
gab,1989,1.01852297782898
gab,1990,0.990637183189392
gab,1991,1.02330136299133
gab,1992,0.981895387172699
gab,1993,0.947978496551514
gab,1994,0.903763711452484
gab,1995,0.929059267044067
gab,1996,0.987087428569794
gab,1997,0.98558235168457
gab,1998,1.06525087356567
gab,1999,0.852277159690857
gab,2000,0.838595509529114
gab,2001,0.865524291992188
gab,2002,0.914127469062805
gab,2003,0.859289109706879
gab,2004,0.846810162067413
gab,2005,0.869555115699768
gab,2006,0.925123810768127
gab,2007,0.974646806716919
gab,2008,1.00200021266937
gab,2009,1.02051103115082
gab,2010,1.13894760608673
gab,2011,1.22252988815308
gab,2012,1.25531589984894
gab,2013,1.2364057302475
gab,2014,1.2636661529541
gab,2015,1.15557670593262
gab,2016,1.11661624908447
gab,2017,1.04791653156281
gab,2018,1.11211669445038
gab,2019,1.1108889579773
gab,2020,1.03071618080139
gab,2021,1.0
gab,2022,0.957825481891632
gab,2023,0.934184849262238
gbr,1954,0.655120551586151
gbr,1955,0.667511761188507
gbr,1956,0.657179951667786
gbr,1957,0.658272802829742
gbr,1958,0.661983370780945
gbr,1959,0.681886434555054
gbr,1960,0.697828471660614
gbr,1961,0.692513704299927
gbr,1962,0.693024396896362
gbr,1963,0.705730438232422
gbr,1964,0.72825413942337
gbr,1965,0.720657408237457
gbr,1966,0.726365029811859
gbr,1967,0.743845164775848
gbr,1968,0.754226565361023
gbr,1969,0.740088403224945
gbr,1970,0.753901243209839
gbr,1971,0.771770536899567
gbr,1972,0.782153129577637
gbr,1973,0.818207859992981
gbr,1974,0.786001861095429
gbr,1975,0.768408179283142
gbr,1976,0.784505486488342
gbr,1977,0.768074452877045
gbr,1978,0.780620694160461
gbr,1979,0.790929853916168
gbr,1980,0.766129016876221
gbr,1981,0.769361019134522
gbr,1982,0.791503310203552
gbr,1983,0.824369788169861
gbr,1984,0.824871897697449
gbr,1985,0.827504277229309
gbr,1986,0.849828183650971
gbr,1987,0.866459727287293
gbr,1988,0.898400127887726
gbr,1989,0.887973308563232
gbr,1990,0.863539695739746
gbr,1991,0.846197605133057
gbr,1992,0.861656367778778
gbr,1993,0.881733119487763
gbr,1994,0.894793450832367
gbr,1995,0.8933464884758
gbr,1996,0.896505534648895
gbr,1997,0.930823981761932
gbr,1998,0.949021995067596
gbr,1999,0.963825464248657
gbr,2000,0.984255850315094
gbr,2001,0.996114790439606
gbr,2002,1.01065623760223
gbr,2003,1.02526581287384
gbr,2004,1.03567910194397
gbr,2005,1.04159355163574
gbr,2006,1.04305696487427
gbr,2007,1.04891574382782
gbr,2008,1.02062523365021
gbr,2009,0.987462162971497
gbr,2010,1.00344610214233
gbr,2011,0.995252430438995
gbr,2012,0.996049702167511
gbr,2013,1.00391018390656
gbr,2014,1.0218917131424
gbr,2015,1.02799928188324
gbr,2016,1.03106689453125
gbr,2017,1.02870392799377
gbr,2018,1.02737617492676
gbr,2019,1.02599287033081
gbr,2020,0.966335952281952
gbr,2021,1.0
gbr,2022,1.01200699806213
gbr,2023,0.995403528213501
grc,1955,0.621164619922638
grc,1956,0.670671582221985
grc,1957,0.70614755153656
grc,1958,0.727663636207581
grc,1959,0.738452970981598
grc,1960,0.742459118366242
grc,1961,0.812582135200501
grc,1962,0.81787371635437
grc,1963,0.891958892345429
grc,1964,0.967118740081787
grc,1965,1.03664779663086
grc,1966,1.05572926998138
grc,1967,1.09004640579224
grc,1968,1.14785432815552
grc,1969,1.23149359226227
grc,1970,1.28958833217621
grc,1971,1.31696760654449
grc,1972,1.36607992649078
grc,1973,1.41218733787537
grc,1974,1.25057780742645
grc,1975,1.27785897254944
grc,1976,1.31195199489594
grc,1977,1.30534172058105
grc,1978,1.33967757225037
grc,1979,1.31093609333038
grc,1980,1.2718061208725
grc,1981,1.18876242637634
grc,1982,1.17725217342377
grc,1983,1.14426898956299
grc,1984,1.14629113674164
grc,1985,1.14585900306702
grc,1986,1.13767731189728
grc,1987,1.0906480550766
grc,1988,1.12871909141541
grc,1989,1.15511679649353
grc,1990,1.16031074523926
grc,1991,1.18968427181244
grc,1992,1.14281451702118
grc,1993,1.10427045822144
grc,1994,1.09706544876099
grc,1995,1.12066507339478
grc,1996,1.1359406709671
grc,1997,1.14634263515472
grc,1998,1.16499841213226
grc,1999,1.17004382610321
grc,2000,1.19497096538544
grc,2001,1.22053849697113
grc,2002,1.23096466064453
grc,2003,1.28307938575745
grc,2004,1.29567360877991
grc,2005,1.26305687427521
grc,2006,1.32279062271118
grc,2007,1.35082125663757
grc,2008,1.3227504491806
grc,2009,1.2394825220108
grc,2010,1.18127608299255
grc,2011,1.06069219112396
grc,2012,0.970426321029663
grc,2013,0.939437448978424
grc,2014,0.940447747707367
grc,2015,0.968457162380219
grc,2016,0.9566730260849
grc,2017,0.96762490272522
grc,2018,0.954823195934296
grc,2019,0.967843055725098
grc,2020,1.0011351108551
grc,2021,1.0
grc,2022,1.04858040809631
grc,2023,1.05362069606781
gtm,1954,0.984238088130951
gtm,1955,0.972893714904785
gtm,1956,1.03023838996887
gtm,1957,1.03739023208618
gtm,1958,1.02473747730255
gtm,1959,1.00343668460846
gtm,1960,0.99463427066803
gtm,1961,0.996569275856018
gtm,1962,0.999998152256012
gtm,1963,1.04821372032166
gtm,1964,1.07493031024933
gtm,1965,1.05894041061401
gtm,1966,1.03538239002228
gtm,1967,1.07004153728485
gtm,1968,1.09351801872253
gtm,1969,1.07053709030151
gtm,1970,1.12606966495514
gtm,1971,1.13404154777527
gtm,1972,1.11307537555695
gtm,1973,1.13111805915833
gtm,1974,1.18374907970428
gtm,1975,1.12762939929962
gtm,1976,1.19400918483734
gtm,1977,1.21128439903259
gtm,1978,1.19869470596313
gtm,1979,1.12890875339508
gtm,1980,1.08014464378357
gtm,1981,1.07700073719025
gtm,1982,1.00540912151337
gtm,1983,0.965568065643311
gtm,1984,0.954915642738342
gtm,1985,0.914428234100342
gtm,1986,0.92179536819458
gtm,1987,0.959265112876892
gtm,1988,0.951257765293121
gtm,1989,0.929952740669251
gtm,1990,0.927000224590302
gtm,1991,0.962346076965332
gtm,1992,1.01297903060913
gtm,1993,0.991285741329193
gtm,1994,0.989338517189026
gtm,1995,0.985204160213471
gtm,1996,0.946388304233551
gtm,1997,0.96179473400116
gtm,1998,1.00029337406158
gtm,1999,0.973422348499298
gtm,2000,0.967468559741974
gtm,2001,0.98138815164566
gtm,2002,0.989982783794403
gtm,2003,0.985095858573914
gtm,2004,0.981094241142273
gtm,2005,0.983692824840546
gtm,2006,0.994440913200378
gtm,2007,1.01107108592987
gtm,2008,0.978227198123932
gtm,2009,0.937030673027039
gtm,2010,0.954562783241272
gtm,2011,0.970411539077759
gtm,2012,0.945442080497742
gtm,2013,0.971708357334137
gtm,2014,0.9594367146492
gtm,2015,0.956110119819641
gtm,2016,0.937509596347809
gtm,2017,0.939862608909607
gtm,2018,0.960109114646912
gtm,2019,0.96286541223526
gtm,2020,0.950685322284699
gtm,2021,1.0
gtm,2022,0.99806559085846
gtm,2023,0.984844923019409
hkg,1964,0.640188157558441
hkg,1965,0.66144859790802
hkg,1966,0.64473432302475
hkg,1967,0.597506821155548
hkg,1968,0.608844041824341
hkg,1969,0.631720721721649
hkg,1970,0.668450713157654
hkg,1971,0.714730620384216
hkg,1972,0.722661733627319
hkg,1973,0.769713342189789
hkg,1974,0.720679402351379
hkg,1975,0.697887003421783
hkg,1976,0.733714103698731
hkg,1977,0.789005756378174
hkg,1978,0.832333207130432
hkg,1979,0.874249994754791
hkg,1980,0.901584982872009
hkg,1981,0.888515830039978
hkg,1982,0.868163168430328
hkg,1983,0.863761305809021
hkg,1984,0.860050201416016
hkg,1985,0.840521991252899
hkg,1986,0.868057072162628
hkg,1987,0.940451145172119
hkg,1988,0.966121733188629
hkg,1989,0.949881076812744
hkg,1990,0.987304627895355
hkg,1991,1.02087831497192
hkg,1992,1.08563661575317
hkg,1993,1.07188653945923
hkg,1994,1.1216903924942
hkg,1995,1.13505363464355
hkg,1996,1.08209669589996
hkg,1997,1.10844588279724
hkg,1998,0.99264407157898
hkg,1999,0.928830623626709
hkg,2000,0.949530839920044
hkg,2001,0.912975430488586
hkg,2002,0.88288152217865
hkg,2003,0.86245721578598
hkg,2004,0.868771314620972
hkg,2005,0.853187918663025
hkg,2006,0.880153596401215
hkg,2007,0.916193783283234
hkg,2008,0.911788523197174
hkg,2009,0.907719254493713
hkg,2010,0.937100052833557
hkg,2011,0.952200531959534
hkg,2012,0.952173352241516
hkg,2013,0.966855823993683
hkg,2014,0.972013235092163
hkg,2015,0.965087115764618
hkg,2016,0.988164186477661
hkg,2017,1.0209846496582
hkg,2018,1.04577684402466
hkg,2019,1.00403797626495
hkg,2020,0.971436202526093
hkg,2021,1.0
hkg,2022,0.973958134651184
hkg,2023,1.01766884326935
hnd,1970,1.19072270393372
hnd,1971,1.0898380279541
hnd,1972,1.10161960124969
hnd,1973,1.16777694225311
hnd,1974,1.18808281421661
hnd,1975,1.13129985332489
hnd,1976,1.23448920249939
hnd,1977,1.36260282993317
hnd,1978,1.36444020271301
hnd,1979,1.29991459846497
hnd,1980,1.29160130023956
hnd,1981,1.21561670303345
hnd,1982,1.12358844280243
hnd,1983,1.0801123380661
hnd,1984,1.13165879249573
hnd,1985,1.11005556583405
hnd,1986,1.11178863048553
hnd,1987,1.13862705230713
hnd,1988,1.1723039150238
hnd,1989,1.15917062759399
hnd,1990,1.10488319396973
hnd,1991,1.12635278701782
hnd,1992,1.08778476715088
hnd,1993,1.11269783973694
hnd,1994,1.07075643539429
hnd,1995,1.04333627223969
hnd,1996,0.983979880809784
hnd,1997,0.962408304214478
hnd,1998,0.960097134113312
hnd,1999,0.915284395217896
hnd,2000,0.940700054168701
hnd,2001,0.9545938372612
hnd,2002,0.949826002120972
hnd,2003,0.961814701557159
hnd,2004,1.01488351821899
hnd,2005,1.01544404029846
hnd,2006,1.04890525341034
hnd,2007,1.1081759929657
hnd,2008,1.08943033218384
hnd,2009,0.944770157337189
hnd,2010,0.947075307369232
hnd,2011,0.986998081207275
hnd,2012,0.98340255022049
hnd,2013,0.92606920003891
hnd,2014,0.937010884284973
hnd,2015,0.94754034280777
hnd,2016,0.941558241844177
hnd,2017,0.953037798404694
hnd,2018,0.938661217689514
hnd,2019,0.935838282108307
hnd,2020,0.875910520553589
hnd,2021,1.0
hnd,2022,1.04093086719513
hnd,2023,1.01032960414886
hrv,1994,0.765667796134949
hrv,1995,0.926676273345947
hrv,1996,0.959267556667328
hrv,1997,1.07654511928558
hrv,1998,1.04667139053345
hrv,1999,1.01103913784027
hrv,2000,1.01160871982574
hrv,2001,1.0154994726181
hrv,2002,1.09918415546417
hrv,2003,1.13502788543701
hrv,2004,1.13929915428162
hrv,2005,1.15515828132629
hrv,2006,1.1604471206665
hrv,2007,1.16649389266968
hrv,2008,1.16317081451416
hrv,2009,1.03126966953278
hrv,2010,0.990276694297791
hrv,2011,1.00688624382019
hrv,2012,0.998423218727112
hrv,2013,1.01110327243805
hrv,2014,0.971263349056244
hrv,2015,0.990776062011719
hrv,2016,1.00426650047302
hrv,2017,1.01852869987488
hrv,2018,1.04051530361176
hrv,2019,0.987337350845337
hrv,2020,0.955667614936829
hrv,2021,1.0
hrv,2022,1.04534888267517
hrv,2023,1.02725625038147
hun,1974,0.816162049770355
hun,1975,0.844546139240265
hun,1976,0.835516452789307
hun,1977,0.855738341808319
hun,1978,0.903699576854706
hun,1979,0.835838794708252
hun,1980,0.816407382488251
hun,1981,0.816759884357452
hun,1982,0.828593313694
hun,1983,0.810601711273193
hun,1984,0.822480201721191
hun,1985,0.826702475547791
hun,1986,0.852764427661896
hun,1987,0.859715223312378
hun,1988,0.824923872947693
hun,1989,0.831260919570923
hun,1990,0.814370334148407
hun,1991,0.76628565788269
hun,1992,0.787894546985626
hun,1993,0.899354696273804
hun,1994,0.887216091156006
hun,1995,0.841696858406067
hun,1996,0.826610803604126
hun,1997,0.834799766540527
hun,1998,0.873930275440216
hun,1999,0.877631962299347
hun,2000,0.89601731300354
hun,2001,0.905535578727722
hun,2002,0.951633453369141
hun,2003,0.985704183578491
hun,2004,1.02407896518707
hun,2005,1.03400540351868
hun,2006,1.03086078166962
hun,2007,1.01212203502655
hun,2008,1.00761818885803
hun,2009,0.919270396232605
hun,2010,0.909625291824341
hun,2011,0.906028509140015
hun,2012,0.87605082988739
hun,2013,0.878453135490418
hun,2014,0.887423932552338
hun,2015,0.880912125110626
hun,2016,0.869357645511627
hun,2017,0.899387001991272
hun,2018,0.943575739860535
hun,2019,0.988707363605499
hun,2020,0.975557863712311
hun,2021,1.0
hun,2022,1.01140964031219
hun,2023,0.952392220497131
idn,1964,0.717096984386444
idn,1965,0.704435765743256
idn,1966,0.701638042926788
idn,1967,0.734755337238312
idn,1968,0.76372092962265
idn,1969,0.734528183937073
idn,1970,0.772184312343597
idn,1971,0.793762505054474
idn,1972,0.822963714599609
idn,1973,0.873810648918152
idn,1974,0.930447041988373
idn,1975,0.955501079559326
idn,1976,0.972305536270142
idn,1977,0.989842891693115
idn,1978,1.02192962169647
idn,1979,1.0722678899765
idn,1980,1.12542068958282
idn,1981,1.1766574382782
idn,1982,1.16747236251831
idn,1983,1.15621566772461
idn,1984,1.11413979530334
idn,1985,1.09884035587311
idn,1986,1.06010234355927
idn,1987,1.01062083244324
idn,1988,0.947578191757202
idn,1989,0.926644861698151
idn,1990,0.969534277915955
idn,1991,0.98217648267746
idn,1992,0.984183192253113
idn,1993,0.996525883674622
idn,1994,1.02713596820831
idn,1995,1.07473206520081
idn,1996,1.07943320274353
idn,1997,1.07335042953491
idn,1998,0.855799853801727
idn,1999,0.828747689723969
idn,2000,0.824561297893524
idn,2001,0.835578501224518
idn,2002,0.83615118265152
idn,2003,0.855069935321808
idn,2004,0.865646123886108
idn,2005,0.891431868076325
idn,2006,0.887231349945068
idn,2007,0.873568415641785
idn,2008,0.897265195846558
idn,2009,0.902709603309631
idn,2010,0.905789613723755
idn,2011,0.932393193244934
idn,2012,0.961615979671478
idn,2013,0.994285464286804
idn,2014,0.989611804485321
idn,2015,0.988089323043823
idn,2016,0.999644219875336
idn,2017,1.01032161712646
idn,2018,1.04054272174835
idn,2019,1.03276598453522
idn,2020,0.988382041454315
idn,2021,1.0
idn,2022,0.975900590419769
idn,2023,0.981039583683014
ind,1954,0.590198040008545
ind,1955,0.584569275379181
ind,1956,0.605230093002319
ind,1957,0.597061634063721
ind,1958,0.629168033599854
ind,1959,0.616013824939728
ind,1960,0.652752935886383
ind,1961,0.655603349208832
ind,1962,0.654722511768341
ind,1963,0.675329625606537
ind,1964,0.703822135925293
ind,1965,0.659129559993744
ind,1966,0.638705015182495
ind,1967,0.679102897644043
ind,1968,0.692701995372772
ind,1969,0.74883645772934
ind,1970,0.752566814422607
ind,1971,0.747582137584686
ind,1972,0.715924799442291
ind,1973,0.722344100475311
ind,1974,0.686523497104645
ind,1975,0.680408358573914
ind,1976,0.686687529087067
ind,1977,0.716995298862457
ind,1978,0.7462118268013
ind,1979,0.691281616687775
ind,1980,0.71977686882019
ind,1981,0.706218063831329
ind,1982,0.69156152009964
ind,1983,0.708939254283905
ind,1984,0.703960001468658
ind,1985,0.71122819185257
ind,1986,0.70474374294281
ind,1987,0.710927128791809
ind,1988,0.72798216342926
ind,1989,0.732566237449646
ind,1990,0.748806953430176
ind,1991,0.693674504756928
ind,1992,0.695922553539276
ind,1993,0.693634212017059
ind,1994,0.721318244934082
ind,1995,0.740763306617737
ind,1996,0.747822761535645
ind,1997,0.761217892169952
ind,1998,0.771559834480286
ind,1999,0.801696300506592
ind,2000,0.765414357185364
ind,2001,0.762269616127014
ind,2002,0.752347707748413
ind,2003,0.774092555046082
ind,2004,0.816175997257233
ind,2005,0.863987267017365
ind,2006,0.873148620128632
ind,2007,0.930973947048187
ind,2008,0.882467091083527
ind,2009,0.906701505184174
ind,2010,0.954718232154846
ind,2011,0.947628974914551
ind,2012,0.950778305530548
ind,2013,0.917791426181793
ind,2014,0.938290178775787
ind,2015,0.97112101316452
ind,2016,1.01278591156006
ind,2017,1.05662310123444
ind,2018,1.07373428344727
ind,2019,1.00089430809021
ind,2020,0.917826414108276
ind,2021,1.0
ind,2022,0.986081659793854
ind,2023,0.979745388031006
irl,1954,0.592704951763153
irl,1955,0.621980845928192
irl,1956,0.589084327220917
irl,1957,0.57549786567688
irl,1958,0.587438464164734
irl,1959,0.618157267570496
irl,1960,0.632648706436157
irl,1961,0.65290242433548
irl,1962,0.662729442119598
irl,1963,0.677703619003296
irl,1964,0.692197144031525
irl,1965,0.69342827796936
irl,1966,0.677270472049713
irl,1967,0.692350268363953
irl,1968,0.742349445819855
irl,1969,0.776933550834656
irl,1970,0.766768753528595
irl,1971,0.770413398742676
irl,1972,0.815230369567871
irl,1973,0.853043854236603
irl,1974,0.851920783519745
irl,1975,0.812895238399506
irl,1976,0.84570187330246
irl,1977,0.881085336208344
irl,1978,0.92780476808548
irl,1979,0.942422568798065
irl,1980,0.910249769687653
irl,1981,0.927146971225739
irl,1982,0.894012987613678
irl,1983,0.868583679199219
irl,1984,0.881793916225433
irl,1985,0.883533716201782
irl,1986,0.879483342170715
irl,1987,0.87231707572937
irl,1988,0.87888103723526
irl,1989,0.926367461681366
irl,1990,0.946255147457123
irl,1991,0.946335732936859
irl,1992,0.944167733192444
irl,1993,0.943703174591065
irl,1994,0.964167714118958
irl,1995,0.98789918422699
irl,1996,1.03589844703674
irl,1997,1.09678018093109
irl,1998,1.14640164375305
irl,1999,1.16012358665466
irl,2000,1.19411480426788
irl,2001,1.20084130764008
irl,2002,1.20946645736694
irl,2003,1.21855413913727
irl,2004,1.21033298969269
irl,2005,1.24453794956207
irl,2006,1.25339937210083
irl,2007,1.23917484283447
irl,2008,1.17853355407715
irl,2009,1.12616086006165
irl,2010,1.09311163425446
irl,2011,1.09766030311584
irl,2012,1.10487675666809
irl,2013,1.04993772506714
irl,2014,1.10012626647949
irl,2015,1.21191370487213
irl,2016,1.27798628807068
irl,2017,1.22555708885193
irl,2018,1.13265788555145
irl,2019,1.4133632183075
irl,2020,1.23016321659088
irl,2021,1.0
irl,2022,1.04445970058441
irl,2023,1.08865237236023
irn,1959,1.45954167842865
irn,1960,1.38914787769318
irn,1961,1.34882283210754
irn,1962,1.3261593580246
irn,1963,1.29581797122955
irn,1964,1.29682743549347
irn,1965,1.33350551128387
irn,1966,1.3668497800827
irn,1967,1.38994860649109
irn,1968,1.43334650993347
irn,1969,1.39748799800873
irn,1970,1.27448320388794
irn,1971,1.36200070381165
irn,1972,1.49616181850433
irn,1973,1.51047170162201
irn,1974,1.95689153671265
irn,1975,2.31132674217224
irn,1976,2.30666995048523
irn,1977,2.16678500175476
irn,1978,1.88578641414642
irn,1979,1.62007319927216
irn,1980,1.58419609069824
irn,1981,1.45877313613892
irn,1982,1.41945910453796
irn,1983,1.56678712368011
irn,1984,1.41371762752533
irn,1985,1.34916138648987
irn,1986,1.22554266452789
irn,1987,1.12786567211151
irn,1988,1.02731764316559
irn,1989,1.03109967708588
irn,1990,1.20448529720306
irn,1991,1.31453406810761
irn,1992,1.26350963115692
irn,1993,1.14725303649902
irn,1994,0.991008043289185
irn,1995,1.00080275535584
irn,1996,1.09516501426697
irn,1997,1.0828492641449
irn,1998,1.05839693546295
irn,1999,1.03489208221436
irn,2000,1.04667556285858
irn,2001,1.07005870342255
irn,2002,1.14697206020355
irn,2003,1.1719799041748
irn,2004,1.17084217071533
irn,2005,1.14229619503021
irn,2006,1.1674770116806
irn,2007,1.23910546302795
irn,2008,1.24226760864258
irn,2009,1.24140620231628
irn,2010,1.28365004062653
irn,2011,1.24504029750824
irn,2012,1.15681827068329
irn,2013,1.09568917751312
irn,2014,1.10070598125458
irn,2015,0.906850576400757
irn,2016,1.01640594005585
irn,2017,1.00204372406006
irn,2018,0.97389954328537
irn,2019,0.891790151596069
irn,2020,0.990295648574829
irn,2021,1.0
irn,2022,1.01792097091675
irn,2023,1.0257807970047
irq,1974,0.498722672462463
irq,1975,0.733536422252655
irq,1976,0.624435424804688
irq,1977,0.638858795166016
irq,1978,0.5713130235672
irq,1979,0.520794332027435
irq,1980,0.461244076490402
irq,1981,1.08135187625885
irq,1982,1.16097152233124
irq,1983,0.625596523284912
irq,1984,0.499102920293808
irq,1985,0.529443860054016
irq,1986,0.983059942722321
irq,1987,0.641870439052582
irq,1988,0.725417912006378
irq,1989,0.5384920835495
irq,1990,0.533939599990845
irq,1991,0.392705410718918
irq,1992,0.503473460674286
irq,1993,0.756903529167175
irq,1994,0.664378046989441
irq,1995,0.526009619235992
irq,1996,0.721145212650299
irq,1997,0.721056878566742
irq,1998,1.02847039699554
irq,1999,1.36982035636902
irq,2000,1.16640067100525
irq,2001,1.61753416061401
irq,2002,1.15371370315552
irq,2003,0.984172463417053
irq,2004,1.64075100421906
irq,2005,1.47731304168701
irq,2006,1.09430241584778
irq,2007,1.0327433347702
irq,2008,1.0073127746582
irq,2009,1.31871592998505
irq,2010,1.23226034641266
irq,2011,1.07173693180084
irq,2012,1.15356242656708
irq,2013,1.18734228610992
irq,2014,1.13074254989624
irq,2015,1.21308279037476
irq,2016,1.30162525177002
irq,2017,1.17338442802429
irq,2018,1.06352317333221
irq,2019,1.1901228427887
irq,2020,1.1877818107605
irq,2021,1.0
irq,2022,0.93903112411499
irq,2023,0.848440766334534
isl,1954,0.479345947504044
isl,1955,0.530814170837402
isl,1956,0.525912880897522
isl,1957,0.521337330341339
isl,1958,0.561199367046356
isl,1959,0.572591722011566
isl,1960,0.561464965343475
isl,1961,0.543016135692596
isl,1962,0.54748523235321
isl,1963,0.618502855300903
isl,1964,0.650156736373901
isl,1965,0.667444586753845
isl,1966,0.705447196960449
isl,1967,0.728019416332245
isl,1968,0.662329733371735
isl,1969,0.610308289527893
isl,1970,0.651091933250427
isl,1971,0.805131793022156
isl,1972,0.760562896728516
isl,1973,0.829731523990631
isl,1974,0.905284225940704
isl,1975,0.834603309631348
isl,1976,0.771656513214111
isl,1977,0.883903503417969
isl,1978,0.875612318515778
isl,1979,0.886982560157776
isl,1980,0.903667569160461
isl,1981,0.914951324462891
isl,1982,0.938199520111084
isl,1983,0.789536416530609
isl,1984,0.852593004703522
isl,1985,0.822236895561218
isl,1986,0.819538295269013
isl,1987,0.908666133880615
isl,1988,0.92266172170639
isl,1989,0.869644999504089
isl,1990,0.852906227111816
isl,1991,0.882478535175324
isl,1992,0.830361068248749
isl,1993,0.798535406589508
isl,1994,0.806469917297363
isl,1995,0.812164843082428
isl,1996,0.845549285411835
isl,1997,0.840387582778931
isl,1998,0.906932890415192
isl,1999,0.907799601554871
isl,2000,0.910037398338318
isl,2001,0.862463891506195
isl,2002,0.856239020824432
isl,2003,0.901194870471954
isl,2004,0.97205251455307
isl,2005,1.04814898967743
isl,2006,1.09040212631226
isl,2007,1.04865837097168
isl,2008,0.956740140914917
isl,2009,0.83579421043396
isl,2010,0.818534851074219
isl,2011,0.829252660274506
isl,2012,0.833938181400299
isl,2013,0.827813923358917
isl,2014,0.850867390632629
isl,2015,0.877791166305542
isl,2016,0.901244342327118
isl,2017,0.930511772632599
isl,2018,0.944005012512207
isl,2019,0.943135440349579
isl,2020,0.95371675491333
isl,2021,1.0
isl,2022,1.02196252346039
isl,2023,1.00153911113739
isr,1954,0.646849751472473
isr,1955,0.699605047702789
isr,1956,0.738688170909882
isr,1957,0.743901491165161
isr,1958,0.775960683822632
isr,1959,0.805518090724945
isr,1960,0.827006757259369
isr,1961,0.892058312892914
isr,1962,0.91964054107666
isr,1963,0.938939988613129
isr,1964,0.983328759670258
isr,1965,0.90838748216629
isr,1966,0.922900140285492
isr,1967,0.895064651966095
isr,1968,0.904417455196381
isr,1969,1.02864742279053
isr,1970,1.14190304279327
isr,1971,1.15389108657837
isr,1972,1.14660787582397
isr,1973,1.24409365653992
isr,1974,1.23933565616608
isr,1975,1.2450156211853
isr,1976,1.1531525850296
isr,1977,1.06528460979462
isr,1978,1.07825672626495
isr,1979,1.07178151607513
isr,1980,1.02277064323425
isr,1981,1.06505358219147
isr,1982,1.06204009056091
isr,1983,1.06680142879486
isr,1984,0.992090702056885
isr,1985,0.967467248439789
isr,1986,0.978943228721619
isr,1987,1.044713139534
isr,1988,1.03641879558563
isr,1989,0.993893325328827
isr,1990,0.988562226295471
isr,1991,1.05440092086792
isr,1992,1.04250860214233
isr,1993,1.03361320495605
isr,1994,1.02796041965485
isr,1995,1.02437829971313
isr,1996,1.01178693771362
isr,1997,0.985345780849457
isr,1998,0.974390208721161
isr,1999,0.961303770542145
isr,2000,0.958166658878326
isr,2001,0.971635520458221
isr,2002,0.944714605808258
isr,2003,0.920266568660736
isr,2004,0.925201177597046
isr,2005,0.927265286445618
isr,2006,0.936307668685913
isr,2007,0.945329904556274
isr,2008,0.921799778938294
isr,2009,0.900298237800598
isr,2010,0.914913833141327
isr,2011,0.936302483081818
isr,2012,0.930634498596191
isr,2013,0.923380315303803
isr,2014,0.9318488240242
isr,2015,0.932534396648407
isr,2016,0.948936104774475
isr,2017,0.952299058437347
isr,2018,0.958729982376099
isr,2019,0.969334900379181
isr,2020,0.959506273269653
isr,2021,1.0
isr,2022,1.00592601299286
isr,2023,0.972322523593903
ita,1954,0.759116530418396
ita,1955,0.778823256492615
ita,1956,0.7864630818367
ita,1957,0.793790280818939
ita,1958,0.802570283412933
ita,1959,0.824024677276611
ita,1960,0.851970970630646
ita,1961,0.890142679214478
ita,1962,0.93027937412262
ita,1963,0.980521321296692
ita,1964,0.968345403671265
ita,1965,0.988550007343292
ita,1966,1.03052747249603
ita,1967,1.0680627822876
ita,1968,1.09764242172241
ita,1969,1.14562559127808
ita,1970,1.25910723209381
ita,1971,1.24281096458435
ita,1972,1.24769854545593
ita,1973,1.28478074073792
ita,1974,1.30364489555359
ita,1975,1.21903109550476
ita,1976,1.25599670410156
ita,1977,1.24236536026001
ita,1978,1.24769651889801
ita,1979,1.2829452753067
ita,1980,1.30673038959503
ita,1981,1.25973618030548
ita,1982,1.23503959178925
ita,1983,1.20699787139893
ita,1984,1.22588789463043
ita,1985,1.23358821868896
ita,1986,1.23505425453186
ita,1987,1.251140832901
ita,1988,1.26164889335632
ita,1989,1.27258992195129
ita,1990,1.27229034900665
ita,1991,1.26200330257416
ita,1992,1.25265765190125
ita,1993,1.19165575504303
ita,1994,1.20198094844818
ita,1995,1.20291364192963
ita,1996,1.18814051151276
ita,1997,1.20236957073212
ita,1998,1.20693337917328
ita,1999,1.21340203285217
ita,2000,1.22511506080627
ita,2001,1.21708679199219
ita,2002,1.20334935188293
ita,2003,1.18628704547882
ita,2004,1.17689645290375
ita,2005,1.16600871086121
ita,2006,1.15573537349701
ita,2007,1.14303064346313
ita,2008,1.11616885662079
ita,2009,1.08065831661224
ita,2010,1.091756939888
ita,2011,1.07809782028198
ita,2012,1.02425062656403
ita,2013,1.00815653800964
ita,2014,1.00716543197632
ita,2015,1.01202011108398
ita,2016,1.01294302940369
ita,2017,1.01577413082123
ita,2018,1.01282835006714
ita,2019,1.00219750404358
ita,2020,0.977640092372894
ita,2021,1.0
ita,2022,1.01727497577667
ita,2023,0.991654932498932
jam,1957,0.836911618709564
jam,1958,0.831426084041596
jam,1959,0.832917034626007
jam,1960,0.857488334178925
jam,1961,0.856541812419891
jam,1962,0.835103869438171
jam,1963,0.893845736980438
jam,1964,0.950047135353088
jam,1965,0.924372255802155
jam,1966,0.897522389888763
jam,1967,0.908012866973877
jam,1968,0.91538417339325
jam,1969,0.936469256877899
jam,1970,1.03256726264954
jam,1971,1.0778843164444
jam,1972,1.17401766777039
jam,1973,1.1707044839859
jam,1974,1.10001993179321
jam,1975,1.10795068740845
jam,1976,1.05419170856476
jam,1977,0.977344691753388
jam,1978,0.935774087905884
jam,1979,0.889879286289215
jam,1980,0.814490139484406
jam,1981,0.833362519741058
jam,1982,0.862055063247681
jam,1983,0.893560588359833
jam,1984,0.85480135679245
jam,1985,0.835286259651184
jam,1986,0.782136857509613
jam,1987,0.852901816368103
jam,1988,0.916474223136902
jam,1989,0.945579648017883
jam,1990,0.930692195892334
jam,1991,0.897082507610321
jam,1992,0.956732273101807
jam,1993,1.03705036640167
jam,1994,1.07638847827911
jam,1995,1.0966283082962
jam,1996,1.09592819213867
jam,1997,1.07383954524994
jam,1998,1.03723001480103
jam,1999,1.04102182388306
jam,2000,1.10174953937531
jam,2001,1.11193537712097
jam,2002,1.07111811637878
jam,2003,1.08050739765167
jam,2004,1.07829880714417
jam,2005,1.13014245033264
jam,2006,1.11690104007721
jam,2007,1.12022352218628
jam,2008,1.11790943145752
jam,2009,1.01168012619019
jam,2010,1.01732707023621
jam,2011,1.06454861164093
jam,2012,1.0428569316864
jam,2013,1.03902781009674
jam,2014,1.02767062187195
jam,2015,1.00319850444794
jam,2016,0.976762712001801
jam,2017,0.975778818130493
jam,2018,0.977205514907837
jam,2019,0.969245553016663
jam,2020,0.979390203952789
jam,2021,1.0
jam,2022,0.97534304857254
jam,2023,0.951733708381653
jor,1958,2.0089545249939
jor,1959,2.32132267951965
jor,1960,2.3806471824646
jor,1961,2.45088243484497
jor,1962,2.38397812843323
jor,1963,2.42338109016418
jor,1964,2.45082426071167
jor,1965,2.51519465446472
jor,1966,2.49337387084961
jor,1967,2.35747170448303
jor,1968,2.34142088890076
jor,1969,2.29736351966858
jor,1970,1.80229783058167
jor,1971,1.7932505607605
jor,1972,1.80553841590881
jor,1973,1.57569396495819
jor,1974,1.60576009750366
jor,1975,1.59357416629791
jor,1976,1.72960877418518
jor,1977,1.46914982795715
jor,1978,1.64300680160522
jor,1979,1.86960780620575
jor,1980,1.84731495380402
jor,1981,2.04366898536682
jor,1982,1.98389220237732
jor,1983,1.76231503486633
jor,1984,1.58377158641815
jor,1985,1.42900848388672
jor,1986,1.48861515522003
jor,1987,1.28690648078918
jor,1988,1.21968948841095
jor,1989,0.905124485492706
jor,1990,0.902301549911499
jor,1991,0.809357345104218
jor,1992,0.959235370159149
jor,1993,0.916224002838135
jor,1994,0.844558298587799
jor,1995,0.803252339363098
jor,1996,0.775933146476746
jor,1997,0.747321128845215
jor,1998,0.736483752727509
jor,1999,0.731721997261047
jor,2000,0.777047574520111
jor,2001,0.807104051113129
jor,2002,0.81217622756958
jor,2003,0.859538793563843
jor,2004,0.95986270904541
jor,2005,1.05150377750397
jor,2006,1.03075015544891
jor,2007,1.04722249507904
jor,2008,1.05053448677063
jor,2009,1.02534770965576
jor,2010,1.01047766208649
jor,2011,1.05680561065674
jor,2012,1.04638910293579
jor,2013,1.11747300624847
jor,2014,1.09535372257233
jor,2015,1.03642416000366
jor,2016,0.991288602352142
jor,2017,1.00479853153229
jor,2018,1.00965905189514
jor,2019,0.954746007919312
jor,2020,0.937121987342835
jor,2021,1.0
jor,2022,0.95627361536026
jor,2023,0.9402095079422
jpn,1954,0.550569713115692
jpn,1955,0.565993547439575
jpn,1956,0.583080112934113
jpn,1957,0.604415476322174
jpn,1958,0.600225746631622
jpn,1959,0.631649553775787
jpn,1960,0.68353396654129
jpn,1961,0.729129433631897
jpn,1962,0.734668374061585
jpn,1963,0.755481064319611
jpn,1964,0.785252809524536
jpn,1965,0.777184963226318
jpn,1966,0.800576090812683
jpn,1967,0.836335778236389
jpn,1968,0.874727666378021
jpn,1969,0.911029756069183
jpn,1970,0.943316340446472
jpn,1971,0.917532205581665
jpn,1972,0.93963098526001
jpn,1973,0.964853167533875
jpn,1974,0.916306793689728
jpn,1975,0.912173509597778
jpn,1976,0.902515113353729
jpn,1977,0.901364266872406
jpn,1978,0.920168936252594
jpn,1979,0.938942492008209
jpn,1980,0.912066042423248
jpn,1981,0.912767350673676
jpn,1982,0.915915906429291
jpn,1983,0.906179904937744
jpn,1984,0.914047062397003
jpn,1985,0.942961156368256
jpn,1986,0.956459641456604
jpn,1987,0.976121962070465
jpn,1988,1.01777005195618
jpn,1989,1.04637181758881
jpn,1990,1.07004249095917
jpn,1991,1.06791198253632
jpn,1992,1.04996705055237
jpn,1993,1.04402554035187
jpn,1994,1.03869760036469
jpn,1995,1.04828953742981
jpn,1996,1.05997455120087
jpn,1997,1.04172301292419
jpn,1998,1.01952648162842
jpn,1999,1.01310896873474
jpn,2000,1.02126705646515
jpn,2001,1.02855622768402
jpn,2002,1.02366292476654
jpn,2003,1.02213203907013
jpn,2004,1.0218653678894
jpn,2005,1.02760779857636
jpn,2006,1.01676321029663
jpn,2007,1.01129901409149
jpn,2008,0.996661186218262
jpn,2009,0.972406506538391
jpn,2010,0.988285958766937
jpn,2011,0.995820641517639
jpn,2012,1.01050055027008
jpn,2013,1.03022003173828
jpn,2014,1.02319872379303
jpn,2015,1.02612769603729
jpn,2016,1.0189528465271
jpn,2017,1.0181325674057
jpn,2018,1.0150363445282
jpn,2019,1.01571440696716
jpn,2020,0.995511770248413
jpn,2021,1.0
jpn,2022,1.00260019302368
jpn,2023,0.999784290790558
kaz,1994,0.61065012216568
kaz,1995,0.455207973718643
kaz,1996,0.403296381235123
kaz,1997,0.410617828369141
kaz,1998,0.41095757484436
kaz,1999,0.420950382947922
kaz,2000,0.431056290864944
kaz,2001,0.474785417318344
kaz,2002,0.485446631908417
kaz,2003,0.515645146369934
kaz,2004,0.563424110412598
kaz,2005,0.636105895042419
kaz,2006,0.72162276506424
kaz,2007,0.796807408332825
kaz,2008,0.755185544490814
kaz,2009,0.743580996990204
kaz,2010,0.767872214317322
kaz,2011,0.826096832752228
kaz,2012,0.872570216655731
kaz,2013,0.938628196716309
kaz,2014,0.952821135520935
kaz,2015,0.96139657497406
kaz,2016,0.95410168170929
kaz,2017,0.963115870952606
kaz,2018,0.956278026103973
kaz,2019,1.00515127182007
kaz,2020,1.00893306732178
kaz,2021,1.0
kaz,2022,0.987589240074158
kaz,2023,1.03888869285584
ken,1954,1.07743048667908
ken,1955,1.11130976676941
ken,1956,1.04054236412048
ken,1957,1.05654883384705
ken,1958,0.998076319694519
ken,1959,0.921813428401947
ken,1960,0.987929821014404
ken,1961,0.938116848468781
ken,1962,0.966703534126282
ken,1963,0.968208849430084
ken,1964,1.00470566749573
ken,1965,1.03634798526764
ken,1966,1.11539459228516
ken,1967,1.14838016033173
ken,1968,1.10924565792084
ken,1969,1.11381673812866
ken,1970,1.05543255805969
ken,1971,1.096675157547
ken,1972,1.04228174686432
ken,1973,0.965266704559326
ken,1974,1.02874350547791
ken,1975,0.917067587375641
ken,1976,0.874224245548248
ken,1977,0.947258472442627
ken,1978,1.05791926383972
ken,1979,0.966545701026917
ken,1980,0.999282598495483
ken,1981,0.91750305891037
ken,1982,0.864410698413849
ken,1983,0.804257452487946
ken,1984,0.828787922859192
ken,1985,0.790936589241028
ken,1986,0.847488045692444
ken,1987,0.891581833362579
ken,1988,0.921664178371429
ken,1989,0.926310002803803
ken,1990,0.899641633033752
ken,1991,0.871319591999054
ken,1992,0.825724959373474
ken,1993,0.793384552001953
ken,1994,0.872028827667236
ken,1995,0.871463775634766
ken,1996,0.856373190879822
ken,1997,0.85414332151413
ken,1998,0.872594892978668
ken,1999,0.847920775413513
ken,2000,0.82548588514328
ken,2001,0.844391226768494
ken,2002,0.794103622436523
ken,2003,0.803699910640717
ken,2004,0.796003043651581
ken,2005,0.808727979660034
ken,2006,0.838704466819763
ken,2007,0.844945549964905
ken,2008,0.823530614376068
ken,2009,0.862734615802765
ken,2010,0.890544712543488
ken,2011,0.89588725566864
ken,2012,0.922811269760132
ken,2013,0.934446394443512
ken,2014,0.949441432952881
ken,2015,0.958935737609863
ken,2016,0.950968205928803
ken,2017,0.975876569747925
ken,2018,0.985432386398315
ken,2019,1.0157083272934
ken,2020,1.0002772808075
ken,2021,1.0
ken,2022,0.9613116979599
ken,2023,0.954968333244324
kgz,1994,0.860323190689087
kgz,1995,0.713951349258423
kgz,1996,0.748024046421051
kgz,1997,0.687170267105103
kgz,1998,0.720722675323486
kgz,1999,0.733852386474609
kgz,2000,0.737562119960785
kgz,2001,0.736644864082336
kgz,2002,0.737595617771149
kgz,2003,0.799262940883637
kgz,2004,0.850537717342377
kgz,2005,0.887758433818817
kgz,2006,1.03545451164246
kgz,2007,1.04123747348785
kgz,2008,1.12291789054871
kgz,2009,0.975077331066132
kgz,2010,0.941985130310059
kgz,2011,0.967974543571472
kgz,2012,1.06995368003845
kgz,2013,1.1042628288269
kgz,2014,1.102494597435
kgz,2015,1.0222133398056
kgz,2016,1.02772986888886
kgz,2017,1.04885280132294
kgz,2018,1.07485544681549
kgz,2019,1.04417359828949
kgz,2020,0.932998955249786
kgz,2021,1.0
kgz,2022,1.13981676101685
kgz,2023,1.25161838531494
kor,1957,0.476960778236389
kor,1958,0.481260418891907
kor,1959,0.483915060758591
kor,1960,0.494393557310104
kor,1961,0.503893673419952
kor,1962,0.501326739788055
kor,1963,0.532331168651581
kor,1964,0.558681428432465
kor,1965,0.552218019962311
kor,1966,0.603302538394928
kor,1967,0.596891760826111
kor,1968,0.615445673465729
kor,1969,0.649489402770996
kor,1970,0.6712366938591
kor,1971,0.699348509311676
kor,1972,0.666498363018036
kor,1973,0.700147032737732
kor,1974,0.737203180789948
kor,1975,0.717598736286163
kor,1976,0.722516715526581
kor,1977,0.73518317937851
kor,1978,0.748458564281464
kor,1979,0.755714476108551
kor,1980,0.681359827518463
kor,1981,0.668457806110382
kor,1982,0.672640383243561
kor,1983,0.697169244289398
kor,1984,0.716295003890991
kor,1985,0.715808272361755
kor,1986,0.731032907962799
kor,1987,0.742688894271851
kor,1988,0.780495822429657
kor,1989,0.82748943567276
kor,1990,0.861785352230072
kor,1991,0.896825015544891
kor,1992,0.881045937538147
kor,1993,0.878077745437622
kor,1994,0.904255926609039
kor,1995,0.918606221675873
kor,1996,0.938178300857544
kor,1997,0.917056262493134
kor,1998,0.79450535774231
kor,1999,0.87541526556015
kor,2000,0.896688520908356
kor,2001,0.895911991596222
kor,2002,0.931044936180115
kor,2003,0.927725434303284
kor,2004,0.914381563663483
kor,2005,0.929347813129425
kor,2006,0.940015375614166
kor,2007,0.959409892559052
kor,2008,0.96010285615921
kor,2009,0.930679500102997
kor,2010,0.978424251079559
kor,2011,0.976033389568329
kor,2012,0.953997910022736
kor,2013,0.948274195194244
kor,2014,0.949266850948334
kor,2015,0.956508994102478
kor,2016,0.972814738750458
kor,2017,1.00327467918396
kor,2018,1.00827360153198
kor,2019,1.00441598892212
kor,2020,0.991205513477325
kor,2021,1.0
kor,2022,0.997855424880981
kor,2023,0.977034509181976
kwt,1974,2.92411684989929
kwt,1975,3.23062491416931
kwt,1976,3.39707541465759
kwt,1977,3.48829197883606
kwt,1978,2.89240431785584
kwt,1979,2.76652932167053
kwt,1980,2.83005356788635
kwt,1981,2.65427303314209
kwt,1982,2.80484318733215
kwt,1983,2.26931953430176
kwt,1984,2.01937389373779
kwt,1985,1.95281839370728
kwt,1986,1.6611145734787
kwt,1987,1.5766167640686
kwt,1988,1.60969722270966
kwt,1989,1.76605451107025
kwt,1990,1.74810409545898
kwt,1991,3.11054682731628
kwt,1992,1.83110356330872
kwt,1993,2.0134551525116
kwt,1994,2.02725887298584
kwt,1995,1.96020495891571
kwt,1996,1.88205325603485
kwt,1997,1.86308538913727
kwt,1998,2.26619291305542
kwt,1999,1.91916823387146
kwt,2000,1.59092271327972
kwt,2001,1.62596201896667
kwt,2002,1.80732488632202
kwt,2003,1.8292156457901
kwt,2004,1.90189230442047
kwt,2005,1.95274376869202
kwt,2006,1.94350636005402
kwt,2007,2.03569221496582
kwt,2008,1.87498080730438
kwt,2009,1.57419431209564
kwt,2010,1.44364058971405
kwt,2011,1.38376617431641
kwt,2012,1.41795039176941
kwt,2013,1.44477880001068
kwt,2014,1.38624167442322
kwt,2015,1.32887208461761
kwt,2016,1.22688949108124
kwt,2017,1.15365791320801
kwt,2018,1.12033534049988
kwt,2019,1.08049702644348
kwt,2020,0.940904498100281
kwt,2021,1.0
kwt,2022,1.01344680786133
kwt,2023,0.917983889579773
lao,1980,0.964171350002289
lao,1981,1.08462464809418
lao,1982,1.13248312473297
lao,1983,1.15611886978149
lao,1984,1.15752005577087
lao,1985,1.20007967948914
lao,1986,1.20384740829468
lao,1987,1.16006088256836
lao,1988,1.1557240486145
lao,1989,1.20600986480713
lao,1990,1.12199580669403
lao,1991,1.099289894104
lao,1992,1.06911146640778
lao,1993,1.05847644805908
lao,1994,1.11297583580017
lao,1995,1.11893689632416
lao,1996,1.16559684276581
lao,1997,1.1640168428421
lao,1998,1.08223640918732
lao,1999,1.06338822841644
lao,2000,1.14519476890564
lao,2001,1.29835605621338
lao,2002,1.32399451732636
lao,2003,1.29838049411774
lao,2004,1.29317915439606
lao,2005,1.28161895275116
lao,2006,1.28684616088867
lao,2007,1.28484559059143
lao,2008,1.28022563457489
lao,2009,1.28822481632233
lao,2010,1.27176952362061
lao,2011,1.26904129981995
lao,2012,1.37757968902588
lao,2013,1.37390232086182
lao,2014,1.34370577335358
lao,2015,1.32878065109253
lao,2016,1.29638528823853
lao,2017,1.31666874885559
lao,2018,1.29326891899109
lao,2019,1.25837659835815
lao,2020,1.13765847682953
lao,2021,1.0
lao,2022,0.981749057769775
lao,2023,1.09685671329498
lka,1954,0.769297480583191
lka,1955,0.815886557102203
lka,1956,0.756429970264435
lka,1957,0.793049037456513
lka,1958,0.796426355838776
lka,1959,0.817547738552094
lka,1960,0.84044486284256
lka,1961,0.787575542926788
lka,1962,0.81054699420929
lka,1963,0.763021171092987
lka,1964,0.762971937656403
lka,1965,0.723326504230499
lka,1966,0.761453628540039
lka,1967,0.742634057998657
lka,1968,0.784460544586182
lka,1969,0.82244485616684
lka,1970,0.780037701129913
lka,1971,0.725673377513886
lka,1972,0.710021197795868
lka,1973,0.706465542316437
lka,1974,0.757824838161469
lka,1975,0.708861291408539
lka,1976,0.72595351934433
lka,1977,0.724526345729828
lka,1978,0.797078490257263
lka,1979,0.74289733171463
lka,1980,0.774603843688965
lka,1981,0.796424448490143
lka,1982,0.790009737014771
lka,1983,0.758986532688141
lka,1984,0.724554061889648
lka,1985,0.744535207748413
lka,1986,0.740763783454895
lka,1987,0.731155872344971
lka,1988,0.729243814945221
lka,1989,0.716330647468567
lka,1990,0.740863382816315
lka,1991,0.739421546459198
lka,1992,0.782455086708069
lka,1993,0.806773900985718
lka,1994,0.838995099067688
lka,1995,0.835933327674866
lka,1996,0.832403361797333
lka,1997,0.847287893295288
lka,1998,0.862377345561981
lka,1999,0.832790553569794
lka,2000,0.821854591369629
lka,2001,0.793889284133911
lka,2002,0.8480224609375
lka,2003,0.888283491134644
lka,2004,0.861481547355652
lka,2005,0.850083887577057
lka,2006,0.908349812030792
lka,2007,0.923172652721405
lka,2008,0.91554594039917
lka,2009,0.934233069419861
lka,2010,0.965585350990295
lka,2011,1.03944385051727
lka,2012,1.05101108551025
lka,2013,1.00323688983917
lka,2014,1.02000033855438
lka,2015,1.07002985477448
lka,2016,1.06174993515015
lka,2017,1.05400323867798
lka,2018,1.04705929756165
lka,2019,1.00401699542999
lka,2020,1.01390302181244
lka,2021,1.0
lka,2022,0.84183406829834
lka,2023,0.8127800822258
lso,1970,0.739507615566254
lso,1971,0.72601979970932
lso,1972,0.871799945831299
lso,1973,1.01199078559875
lso,1974,1.08055758476257
lso,1975,1.183553814888
lso,1976,1.29774832725525
lso,1977,1.29096829891205
lso,1978,1.28673577308655
lso,1979,1.15218210220337
lso,1980,1.07673239707947
lso,1981,1.06281328201294
lso,1982,1.04226088523865
lso,1983,0.96799898147583
lso,1984,0.933287560939789
lso,1985,0.89321494102478
lso,1986,0.816719353199005
lso,1987,0.850213289260864
lso,1988,0.963994741439819
lso,1989,0.999359548091888
lso,1990,1.02559399604797
lso,1991,1.07699155807495
lso,1992,1.08478128910065
lso,1993,1.13040113449097
lso,1994,1.13658082485199
lso,1995,1.19974327087402
lso,1996,1.26319444179535
lso,1997,1.22499144077301
lso,1998,1.17922818660736
lso,1999,1.11688506603241
lso,2000,1.08725619316101
lso,2001,1.02849459648132
lso,2002,0.979997456073761
lso,2003,0.954588353633881
lso,2004,0.928187429904938
lso,2005,0.913921117782593
lso,2006,0.930168747901917
lso,2007,1.00847470760345
lso,2008,1.08166718482971
lso,2009,1.11787796020508
lso,2010,1.17580914497375
lso,2011,1.16182994842529
lso,2012,1.23223078250885
lso,2013,1.16714954376221
lso,2014,1.15561187267303
lso,2015,1.12895274162292
lso,2016,1.02942049503326
lso,2017,1.04196190834045
lso,2018,0.992518544197083
lso,2019,1.01799809932709
lso,2020,1.0207930803299
lso,2021,1.0
lso,2022,0.987497866153717
lso,2023,1.0181610584259
ltu,1994,0.535792350769043
ltu,1995,0.585935771465302
ltu,1996,0.623242020606995
ltu,1997,0.678129374980927
ltu,1998,0.70686000585556
ltu,1999,0.706175625324249
ltu,2000,0.693013191223145
ltu,2001,0.732325613498688
ltu,2002,0.761086165904999
ltu,2003,0.817216634750366
ltu,2004,0.871167719364166
ltu,2005,0.911575376987457
ltu,2006,0.964030206203461
ltu,2007,1.04858756065369
ltu,2008,1.05198121070862
ltu,2009,0.854540884494782
ltu,2010,0.874553024768829
ltu,2011,0.920951187610626
ltu,2012,0.907902121543884
ltu,2013,0.920912563800812
ltu,2014,0.932160258293152
ltu,2015,0.972705781459808
ltu,2016,0.95734840631485
ltu,2017,0.983375787734985
ltu,2018,0.994715452194214
ltu,2019,0.986488461494446
ltu,2020,0.969011306762695
ltu,2021,1.0
ltu,2022,0.970630884170532
ltu,2023,0.922224640846252
lux,1954,1.0506626367569
lux,1955,1.03766989707947
lux,1956,1.04784631729126
lux,1957,1.08242988586426
lux,1958,1.08105933666229
lux,1959,1.03436863422394
lux,1960,1.04498255252838
lux,1961,1.07000112533569
lux,1962,1.06994891166687
lux,1963,1.06789493560791
lux,1964,1.10028433799744
lux,1965,1.06402361392975
lux,1966,1.02424073219299
lux,1967,0.967110693454742
lux,1968,0.986950159072876
lux,1969,1.03630328178406
lux,1970,1.10036468505859
lux,1971,1.11069869995117
lux,1972,1.09718441963196
lux,1973,1.10331225395203
lux,1974,1.05102217197418
lux,1975,1.02050924301147
lux,1976,1.03755712509155
lux,1977,0.995174825191498
lux,1978,1.04762268066406
lux,1979,1.02457821369171
lux,1980,1.06029963493347
lux,1981,1.06224703788757
lux,1982,1.06656289100647
lux,1983,1.04669070243835
lux,1984,1.06001818180084
lux,1985,1.04597890377045
lux,1986,1.10115790367126
lux,1987,1.14142680168152
lux,1988,1.1711174249649
lux,1989,1.18822145462036
lux,1990,1.1909704208374
lux,1991,1.23551690578461
lux,1992,1.15455806255341
lux,1993,1.16500174999237
lux,1994,1.15946531295776
lux,1995,1.12340879440308
lux,1996,1.11767482757568
lux,1997,1.1369411945343
lux,1998,1.1454621553421
lux,1999,1.1778130531311
lux,2000,1.16165781021118
lux,2001,1.13162326812744
lux,2002,1.1134877204895
lux,2003,1.11918890476227
lux,2004,1.10665392875671
lux,2005,1.09278392791748
lux,2006,1.0636031627655
lux,2007,1.051389336586
lux,2008,1.04339528083801
lux,2009,0.984866857528687
lux,2010,1.02787363529205
lux,2011,1.03157663345337
lux,2012,1.01382911205292
lux,2013,0.999306321144104
lux,2014,1.00170016288757
lux,2015,1.01836490631104
lux,2016,0.997821807861328
lux,2017,1.00693988800049
lux,2018,0.981250584125519
lux,2019,0.993060827255249
lux,2020,0.954515218734741
lux,2021,1.0
lux,2022,0.958527207374573
lux,2023,0.955662548542023
lva,1994,0.489948093891144
lva,1995,0.491052836179733
lva,1996,0.519607484340668
lva,1997,0.534418046474457
lva,1998,0.587635099887848
lva,1999,0.599339008331299
lva,2000,0.609599828720093
lva,2001,0.644871473312378
lva,2002,0.673368692398071
lva,2003,0.727030217647553
lva,2004,0.793510973453522
lva,2005,0.82174164056778
lva,2006,0.91789174079895
lva,2007,0.977609515190125
lva,2008,0.881815791130066
lva,2009,0.747832834720612
lva,2010,0.753762900829315
lva,2011,0.805904030799866
lva,2012,0.833931624889374
lva,2013,0.829487562179565
lva,2014,0.827963590621948
lva,2015,0.847141027450562
lva,2016,0.867569983005524
lva,2017,0.903771221637726
lva,2018,0.927096903324127
lva,2019,0.927891552448273
lva,2020,0.918550312519074
lva,2021,1.0
lva,2022,0.989037036895752
lva,2023,1.01046097278595
mac,1980,1.62082397937775
mac,1981,1.62479770183563
mac,1982,1.63719344139099
mac,1983,1.68922138214111
mac,1984,1.62029612064362
mac,1985,1.62802255153656
mac,1986,1.68573307991028
mac,1987,1.70733845233917
mac,1988,1.78056931495667
mac,1989,1.72533583641052
mac,1990,1.74132895469666
mac,1991,1.82980918884277
mac,1992,1.93386209011078
mac,1993,1.86922144889832
mac,1994,1.80808234214783
mac,1995,1.65911662578583
mac,1996,1.50869500637054
mac,1997,1.46481370925903
mac,1998,1.37529742717743
mac,1999,1.4054182767868
mac,2000,1.27059721946716
mac,2001,1.24967622756958
mac,2002,1.32362031936646
mac,2003,1.43083822727203
mac,2004,1.52412855625153
mac,2005,1.66438472270966
mac,2006,1.73842203617096
mac,2007,1.75308883190155
mac,2008,1.50845086574554
mac,2009,1.28119301795959
mac,2010,1.23585116863251
mac,2011,1.3423935174942
mac,2012,1.39428579807282
mac,2013,1.39250445365906
mac,2014,1.48062777519226
mac,2015,1.413534283638
mac,2016,1.28201961517334
mac,2017,1.23310244083405
mac,2018,1.18500602245331
mac,2019,1.10932052135468
mac,2020,0.981926918029785
mac,2021,1.0
mac,2022,0.92412656545639
mac,2023,0.989592432975769
mar,1954,0.552585124969482
mar,1955,0.510611772537231
mar,1956,0.493442416191101
mar,1957,0.474755764007568
mar,1958,0.521497189998627
mar,1959,0.49987256526947
mar,1960,0.523014962673187
mar,1961,0.640669167041779
mar,1962,0.681153893470764
mar,1963,0.74225515127182
mar,1964,0.747506141662598
mar,1965,0.750011503696442
mar,1966,0.725971579551697
mar,1967,0.766672313213348
mar,1968,0.782334923744202
mar,1969,0.830409228801727
mar,1970,0.904313564300537
mar,1971,0.902402698993683
mar,1972,0.845661461353302
mar,1973,0.862882792949677
mar,1974,0.905028223991394
mar,1975,1.06235647201538
mar,1976,1.0988529920578
mar,1977,1.0624452829361
mar,1978,0.946320354938507
mar,1979,0.94536679983139
mar,1980,0.909929275512695
mar,1981,0.867422223091126
mar,1982,0.897042572498322
mar,1983,0.836529135704041
mar,1984,0.863063335418701
mar,1985,0.868551254272461
mar,1986,0.908717632293701
mar,1987,0.869075775146484
mar,1988,0.891562223434448
mar,1989,0.912864685058594
mar,1990,0.886404812335968
mar,1991,0.917090535163879
mar,1992,0.875835299491882
mar,1993,0.824198246002197
mar,1994,0.856425583362579
mar,1995,0.801373362541199
mar,1996,0.839073240756989
mar,1997,0.798400342464447
mar,1998,0.824147760868073
mar,1999,0.785271048545837
mar,2000,0.768746316432953
mar,2001,0.785325288772583
mar,2002,0.786807000637054
mar,2003,0.817358672618866
mar,2004,0.830798268318176
mar,2005,0.809473216533661
mar,2006,0.83444482088089
mar,2007,0.848861277103424
mar,2008,0.911042153835297
mar,2009,0.939426600933075
mar,2010,0.924115121364594
mar,2011,0.975080490112305
mar,2012,0.989903271198273
mar,2013,1.01001739501953
mar,2014,1.01953446865082
mar,2015,1.02552974224091
mar,2016,1.03424322605133
mar,2017,1.03317630290985
mar,2018,1.02844870090485
mar,2019,1.01898837089539
mar,2020,0.960667729377747
mar,2021,1.0
mar,2022,0.971083104610443
mar,2023,0.978868007659912
mda,1994,0.289953649044037
mda,1995,0.302237153053284
mda,1996,0.329199820756912
mda,1997,0.356325060129166
mda,1998,0.356338322162628
mda,1999,0.318440407514572
mda,2000,0.369978994131088
mda,2001,0.39198249578476
mda,2002,0.423487484455109
mda,2003,0.521133184432983
mda,2004,0.549200594425201
mda,2005,0.625576376914978
mda,2006,0.695035040378571
mda,2007,0.749267160892487
mda,2008,0.781208276748657
mda,2009,0.668449819087982
mda,2010,0.715885043144226
mda,2011,0.762184739112854
mda,2012,0.781981527805328
mda,2013,0.848861515522003
mda,2014,0.864928483963013
mda,2015,0.848061800003052
mda,2016,0.866288542747498
mda,2017,0.914778172969818
mda,2018,0.947409152984619
mda,2019,0.969471216201782
mda,2020,0.951206982135773
mda,2021,1.0
mda,2022,0.937460124492645
mda,2023,0.603132128715515
mex,1954,1.58644676208496
mex,1955,1.62155306339264
mex,1956,1.64637017250061
mex,1957,1.68464338779449
mex,1958,1.67011034488678
mex,1959,1.62462329864502
mex,1960,1.6765810251236
mex,1961,1.62259900569916
mex,1962,1.59858071804047
mex,1963,1.66188895702362
mex,1964,1.77973175048828
mex,1965,1.75105810165405
mex,1966,1.73559832572937
mex,1967,1.72578525543213
mex,1968,1.75061249732971
mex,1969,1.71965086460114
mex,1970,1.73872137069702
mex,1971,1.69106924533844
mex,1972,1.71404707431793
mex,1973,1.74003219604492
mex,1974,1.75344741344452
mex,1975,1.73032939434052
mex,1976,1.67856597900391
mex,1977,1.61432600021362
mex,1978,1.6614191532135
mex,1979,1.71374988555908
mex,1980,1.7675986289978
mex,1981,1.80137431621552
mex,1982,1.55650150775909
mex,1983,1.35505723953247
mex,1984,1.36147916316986
mex,1985,1.37195420265198
mex,1986,1.24187743663788
mex,1987,1.21710431575775
mex,1988,1.22287678718567
mex,1989,1.23392522335053
mex,1990,1.24567842483521
mex,1991,1.26487743854523
mex,1992,1.28033888339996
mex,1993,1.22134697437286
mex,1994,1.2721152305603
mex,1995,1.1294230222702
mex,1996,1.14999496936798
mex,1997,1.20501935482025
mex,1998,1.22563338279724
mex,1999,1.2148106098175
mex,2000,1.2480685710907
mex,2001,1.21359777450562
mex,2002,1.21118402481079
mex,2003,1.20143401622772
mex,2004,1.19729745388031
mex,2005,1.19055378437042
mex,2006,1.21369552612305
mex,2007,1.20930337905884
mex,2008,1.19610059261322
mex,2009,1.09130263328552
mex,2010,1.11687934398651
mex,2011,1.14267551898956
mex,2012,1.13080394268036
mex,2013,1.11421716213226
mex,2014,1.1140969991684
mex,2015,1.11209273338318
mex,2016,1.09901535511017
mex,2017,1.08508110046387
mex,2018,1.06937098503113
mex,2019,1.04107093811035
mex,2020,0.960073232650757
mex,2021,1.0
mex,2022,1.00786209106445
mex,2023,1.04412710666657
mlt,1958,0.535693407058716
mlt,1959,0.517436146736145
mlt,1960,0.542603850364685
mlt,1961,0.529247283935547
mlt,1962,0.516173779964447
mlt,1963,0.514134526252747
mlt,1964,0.523660659790039
mlt,1965,0.516698896884918
mlt,1966,0.530964195728302
mlt,1967,0.568155229091644
mlt,1968,0.614889085292816
mlt,1969,0.665460705757141
mlt,1970,0.720361173152924
mlt,1971,0.713550686836243
mlt,1972,0.729772806167603
mlt,1973,0.72657173871994
mlt,1974,0.762808322906494
mlt,1975,0.888034701347351
mlt,1976,0.964681208133698
mlt,1977,1.01819062232971
mlt,1978,1.01760053634644
mlt,1979,1.01822376251221
mlt,1980,1.03883326053619
mlt,1981,1.06799101829529
mlt,1982,1.1405473947525
mlt,1983,1.03698027133942
mlt,1984,0.985851407051086
mlt,1985,0.963142156600952
mlt,1986,0.925411105155945
mlt,1987,0.882919371128082
mlt,1988,0.928737580776215
mlt,1989,0.960394680500031
mlt,1990,0.99084597826004
mlt,1991,0.990698993206024
mlt,1992,0.957044363021851
mlt,1993,0.964275002479553
mlt,1994,0.97383975982666
mlt,1995,1.00152158737183
mlt,1996,0.991425514221191
mlt,1997,1.01288497447968
mlt,1998,1.03444015979767
mlt,1999,1.05124795436859
mlt,2000,1.05257964134216
mlt,2001,0.990032017230988
mlt,2002,0.944068253040314
mlt,2003,1.01972556114197
mlt,2004,1.03925693035126
mlt,2005,1.0647748708725
mlt,2006,1.00350713729858
mlt,2007,1.00270998477936
mlt,2008,1.00428533554077
mlt,2009,0.959083676338196
mlt,2010,0.976586878299713
mlt,2011,0.945683479309082
mlt,2012,0.955901682376862
mlt,2013,0.935539662837982
mlt,2014,0.941368937492371
mlt,2015,1.02167999744415
mlt,2016,0.968082070350647
mlt,2017,0.962772130966187
mlt,2018,0.980204164981842
mlt,2019,0.976719498634338
mlt,2020,0.943780958652496
mlt,2021,1.0
mlt,2022,1.01997816562653
mlt,2023,1.00221288204193
mng,1980,0.639665603637695
mng,1981,0.56989449262619
mng,1982,0.633536458015442
mng,1983,0.661166906356812
mng,1984,0.666813254356384
mng,1985,0.661248207092285
mng,1986,0.716835558414459
mng,1987,0.682920217514038
mng,1988,0.678590893745422
mng,1989,0.675588607788086
mng,1990,0.541059732437134
mng,1991,0.599224805831909
mng,1992,0.494003295898438
mng,1993,0.429480344057083
mng,1994,0.436836928129196
mng,1995,0.515883207321167
mng,1996,0.502027571201325
mng,1997,0.458910077810288
mng,1998,0.458370864391327
mng,1999,0.449708372354507
mng,2000,0.472668468952179
mng,2001,0.473559468984604
mng,2002,0.489730626344681
mng,2003,0.496653705835342
mng,2004,0.503245353698731
mng,2005,0.499586284160614
mng,2006,0.532373607158661
mng,2007,0.596338152885437
mng,2008,0.673497557640076
mng,2009,0.560639023780823
mng,2010,0.620945811271668
mng,2011,0.772638916969299
mng,2012,0.833074986934662
mng,2013,0.855164229869843
mng,2014,0.763543486595154
mng,2015,0.725466191768646
mng,2016,0.749572157859802
mng,2017,0.803267300128937
mng,2018,0.940961182117462
mng,2019,0.951044678688049
mng,2020,0.873892724514008
mng,2021,1.0
mng,2022,1.02735078334808
mng,2023,0.996832489967346
moz,1964,0.967796444892883
moz,1965,0.972401678562164
moz,1966,0.992955386638641
moz,1967,1.05353629589081
moz,1968,1.10838091373444
moz,1969,1.15397083759308
moz,1970,1.15667366981506
moz,1971,1.18995141983032
moz,1972,1.19232261180878
moz,1973,1.19277119636536
moz,1974,1.21844482421875
moz,1975,1.19894731044769
moz,1976,1.21563911437988
moz,1977,1.16368424892426
moz,1978,1.12752461433411
moz,1979,1.12643349170685
moz,1980,1.12023878097534
moz,1981,1.10201120376587
moz,1982,1.07763385772705
moz,1983,0.952834963798523
moz,1984,0.965183556079865
moz,1985,0.859989523887634
moz,1986,0.870185554027557
moz,1987,0.871415674686432
moz,1988,0.890308916568756
moz,1989,0.947718739509583
moz,1990,0.915883719921112
moz,1991,0.893822968006134
moz,1992,0.77568119764328
moz,1993,0.788524866104126
moz,1994,0.824475944042206
moz,1995,0.755428969860077
moz,1996,0.743582308292389
moz,1997,0.768941521644592
moz,1998,0.799992203712463
moz,1999,0.884331047534943
moz,2000,0.807764172554016
moz,2001,0.752550363540649
moz,2002,0.925296902656555
moz,2003,0.914892077445984
moz,2004,0.896189332008362
moz,2005,0.907396674156189
moz,2006,0.914610743522644
moz,2007,0.934198200702667
moz,2008,0.964791655540466
moz,2009,0.984115600585938
moz,2010,0.988372385501862
moz,2011,1.03090643882751
moz,2012,1.20152139663696
moz,2013,1.20979976654053
moz,2014,1.16621792316437
moz,2015,1.0732673406601
moz,2016,1.09063386917114
moz,2017,1.03772115707397
moz,2018,1.08405303955078
moz,2019,1.01584088802338
moz,2020,1.01930618286133
moz,2021,1.0
moz,2022,1.03175795078278
moz,2023,0.935019910335541
mrt,1977,1.01528072357178
mrt,1978,0.993712902069092
mrt,1979,1.03059554100037
mrt,1980,0.995034515857697
mrt,1981,1.02802991867065
mrt,1982,0.943955004215241
mrt,1983,0.97199809551239
mrt,1984,0.807315468788147
mrt,1985,0.793517053127289
mrt,1986,0.87459659576416
mrt,1987,0.838990330696106
mrt,1988,0.79171484708786
mrt,1989,0.784265041351318
mrt,1990,0.809789597988129
mrt,1991,0.807934522628784
mrt,1992,0.84479558467865
mrt,1993,0.867325603961945
mrt,1994,0.824307203292847
mrt,1995,0.691482901573181
mrt,1996,0.810397207736969
mrt,1997,0.770552635192871
mrt,1998,0.771290123462677
mrt,1999,0.787038207054138
mrt,2000,0.758282661437988
mrt,2001,0.736992537975311
mrt,2002,0.734192430973053
mrt,2003,0.802696645259857
mrt,2004,0.841670274734497
mrt,2005,0.920953273773193
mrt,2006,0.808792054653168
mrt,2007,0.812386929988861
mrt,2008,0.828136920928955
mrt,2009,0.785771608352661
mrt,2010,0.816756248474121
mrt,2011,0.866025567054749
mrt,2012,0.969669878482819
mrt,2013,0.933224678039551
mrt,2014,0.854495108127594
mrt,2015,0.837132573127747
mrt,2016,0.821018636226654
mrt,2017,0.879698932170868
mrt,2018,0.995096027851105
mrt,2019,0.9435093998909
mrt,2020,1.00866782665253
mrt,2021,1.0
mrt,2022,1.02623569965363
mrt,2023,1.03630650043488
mus,1954,0.947560489177704
mus,1955,1.00909698009491
mus,1956,0.939349889755249
mus,1957,1.00629734992981
mus,1958,1.03185451030731
mus,1959,0.988428235054016
mus,1960,1.06188523769379
mus,1961,0.958238303661346
mus,1962,1.00391137599945
mus,1963,0.975900888442993
mus,1964,1.14965665340424
mus,1965,1.02917790412903
mus,1966,0.969255566596985
mus,1967,1.0505234003067
mus,1968,0.831881880760193
mus,1969,0.816234409809113
mus,1970,0.871091783046722
mus,1971,0.855839729309082
mus,1972,0.865347921848297
mus,1973,0.947149753570557
mus,1974,0.863724410533905
mus,1975,0.96996796131134
mus,1976,1.17538726329803
mus,1977,1.16035687923431
mus,1978,1.14119648933411
mus,1979,1.10011255741119
mus,1980,0.909410953521729
mus,1981,0.909311234951019
mus,1982,0.866266846656799
mus,1983,0.85628604888916
mus,1984,0.905180871486664
mus,1985,0.909174263477325
mus,1986,0.930626630783081
mus,1987,1.04731690883636
mus,1988,1.05635893344879
mus,1989,1.02033460140228
mus,1990,1.02619707584381
mus,1991,0.982956349849701
mus,1992,1.00039672851563
mus,1993,1.00680959224701
mus,1994,1.01606452465057
mus,1995,0.94094043970108
mus,1996,0.964250385761261
mus,1997,1.01435363292694
mus,1998,1.03013598918915
mus,1999,1.03187692165375
mus,2000,1.03963434696198
mus,2001,0.961390495300293
mus,2002,1.02041840553284
mus,2003,1.02751624584198
mus,2004,1.08081412315369
mus,2005,1.04104852676392
mus,2006,1.09125649929047
mus,2007,1.13081681728363
mus,2008,1.12804651260376
mus,2009,1.06565642356873
mus,2010,1.05040371417999
mus,2011,1.04958462715149
mus,2012,1.06379067897797
mus,2013,1.09067952632904
mus,2014,1.0829131603241
mus,2015,1.07269358634949
mus,2016,1.08192074298859
mus,2017,1.08351838588715
mus,2018,1.12498486042023
mus,2019,1.09684205055237
mus,2020,0.976342439651489
mus,2021,1.0
mus,2022,0.962982654571533
mus,2023,0.987114071846008
mys,1959,1.17900061607361
mys,1960,1.27816092967987
mys,1961,1.31570982933044
mys,1962,1.3372551202774
mys,1963,1.33467435836792
mys,1964,1.35097086429596
mys,1965,1.36682629585266
mys,1966,1.36853337287903
mys,1967,1.3290923833847
mys,1968,1.28714847564697
mys,1969,1.28064012527466
mys,1970,1.33641982078552
mys,1971,1.48489856719971
mys,1972,1.45107293128967
mys,1973,1.47381103038788
mys,1974,1.5285404920578
mys,1975,1.32369339466095
mys,1976,1.30307674407959
mys,1977,1.35156166553497
mys,1978,1.35052824020386
mys,1979,1.34803342819214
mys,1980,1.40333473682404
mys,1981,1.36150002479553
mys,1982,1.31000542640686
mys,1983,1.2443915605545
mys,1984,1.1811249256134
mys,1985,1.03099238872528
mys,1986,0.894429385662079
mys,1987,0.864660441875458
mys,1988,0.949249982833862
mys,1989,0.998238563537598
mys,1990,1.03671336174011
mys,1991,1.09133040904999
mys,1992,1.03503036499023
mys,1993,1.04974186420441
mys,1994,1.06666910648346
mys,1995,1.08724308013916
mys,1996,1.03640043735504
mys,1997,1.01031041145325
mys,1998,0.745841324329376
mys,1999,0.748371720314026
mys,2000,0.828602015972138
mys,2001,0.805251002311707
mys,2002,0.817509949207306
mys,2003,0.825488865375519
mys,2004,0.863337993621826
mys,2005,0.867401361465454
mys,2006,0.888137996196747
mys,2007,0.928971290588379
mys,2008,0.957302927970886
mys,2009,0.908901393413544
mys,2010,0.94571179151535
mys,2011,0.947735369205475
mys,2012,1.00026273727417
mys,2013,1.00217115879059
mys,2014,0.99927419424057
mys,2015,1.00880396366119
mys,2016,1.01550078392029
mys,2017,1.03281724452972
mys,2018,1.0411365032196
mys,2019,1.04231905937195
mys,2020,1.00651633739471
mys,2021,1.0
mys,2022,1.04246366024017
mys,2023,1.0542129278183
nam,1964,1.05711352825165
nam,1965,1.05532217025757
nam,1966,1.02718830108643
nam,1967,0.993162870407105
nam,1968,0.957577109336853
nam,1969,0.94159746170044
nam,1970,0.979447782039642
nam,1971,0.983133316040039
nam,1972,0.95839124917984
nam,1973,0.956205666065216
nam,1974,0.984949886798859
nam,1975,0.980750024318695
nam,1976,0.9662926197052
nam,1977,0.908284664154053
nam,1978,0.928141474723816
nam,1979,0.951043009757996
nam,1980,0.861324012279511
nam,1981,1.01622152328491
nam,1982,0.979103565216065
nam,1983,0.889564156532288
nam,1984,0.864076375961304
nam,1985,0.772685408592224
nam,1986,0.785734295845032
nam,1987,0.855024993419647
nam,1988,0.810218393802643
nam,1989,0.79629385471344
nam,1990,0.727284550666809
nam,1991,0.74564254283905
nam,1992,0.76520836353302
nam,1993,0.747321009635925
nam,1994,0.740236937999725
nam,1995,0.770713746547699
nam,1996,0.843727350234985
nam,1997,0.870636224746704
nam,1998,0.904824674129486
nam,1999,0.904820442199707
nam,2000,0.908628344535828
nam,2001,0.988007128238678
nam,2002,0.937922775745392
nam,2003,0.960127115249634
nam,2004,0.965255856513977
nam,2005,0.923319816589356
nam,2006,0.989074289798737
nam,2007,1.02241885662079
nam,2008,1.1065948009491
nam,2009,1.12883961200714
nam,2010,1.03812921047211
nam,2011,1.05508291721344
nam,2012,1.13454413414001
nam,2013,1.11809086799622
nam,2014,1.03563261032105
nam,2015,1.08820843696594
nam,2016,1.10188853740692
nam,2017,1.01928305625916
nam,2018,0.972399890422821
nam,2019,0.967478930950165
nam,2020,0.916253089904785
nam,2021,1.0
nam,2022,1.04449164867401
nam,2023,1.10718774795532
ner,1964,1.00643122196198
ner,1965,1.06914961338043
ner,1966,1.01534354686737
ner,1967,1.06001806259155
ner,1968,1.06539225578308
ner,1969,0.997549533843994
ner,1970,0.978625953197479
ner,1971,1.00829887390137
ner,1972,0.943155288696289
ner,1973,0.683999478816986
ner,1974,0.951245784759522
ner,1975,0.720779597759247
ner,1976,0.710264503955841
ner,1977,0.768935263156891
ner,1978,0.804431974887848
ner,1979,0.968248069286346
ner,1980,1.03508830070496
ner,1981,0.928949296474457
ner,1982,0.993074595928192
ner,1983,0.929185330867767
ner,1984,0.715995311737061
ner,1985,0.806315660476685
ner,1986,0.778574585914612
ner,1987,0.77220743894577
ner,1988,0.776604413986206
ner,1989,0.756577074527741
ner,1990,0.776589632034302
ner,1991,0.781410574913025
ner,1992,0.767755389213562
ner,1993,0.745056092739105
ner,1994,0.754073023796082
ner,1995,0.778820157051086
ner,1996,0.771963536739349
ner,1997,0.765228033065796
ner,1998,0.837354600429535
ner,1999,0.814111232757568
ner,2000,0.773785293102264
ner,2001,0.824482440948486
ner,2002,0.858103036880493
ner,2003,0.870941340923309
ner,2004,0.853307068347931
ner,2005,0.874836266040802
ner,2006,0.871665179729462
ner,2007,0.841816782951355
ner,2008,0.908120691776276
ner,2009,0.91132116317749
ner,2010,0.918145775794983
ner,2011,0.90071177482605
ner,2012,0.919413149356842
ner,2013,0.937518000602722
ner,2014,0.950780510902405
ner,2015,0.971214711666107
ner,2016,0.951749920845032
ner,2017,0.964461863040924
ner,2018,1.00044107437134
ner,2019,1.01904392242432
ner,2020,1.02665865421295
ner,2021,1.0
ner,2022,1.05614411830902
ner,2023,1.02914309501648
nga,1960,0.917833507061005
nga,1961,0.965671479701996
nga,1962,0.878231108188629
nga,1963,0.908123672008514
nga,1964,0.977495431900024
nga,1965,1.15362656116486
nga,1966,1.0127569437027
nga,1967,0.833970487117767
nga,1968,0.724684834480286
nga,1969,0.79468709230423
nga,1970,1.27752768993378
nga,1971,1.29142355918884
nga,1972,1.32146155834198
nga,1973,1.4025856256485
nga,1974,1.12099480628967
nga,1975,1.37449109554291
nga,1976,1.63219916820526
nga,1977,1.69033432006836
nga,1978,1.54364502429962
nga,1979,1.27682614326477
nga,1980,1.23975074291229
nga,1981,1.31077659130096
nga,1982,1.04184949398041
nga,1983,0.815077126026154
nga,1984,0.65015035867691
nga,1985,0.644671559333801
nga,1986,0.615532636642456
nga,1987,0.570518314838409
nga,1988,0.595873534679413
nga,1989,0.586302161216736
nga,1990,0.672770977020264
nga,1991,0.663469672203064
nga,1992,0.698244094848633
nga,1993,0.674304842948914
nga,1994,0.618690371513367
nga,1995,0.604055881500244
nga,1996,0.674768269062042
nga,1997,0.660370230674744
nga,1998,0.652015864849091
nga,1999,0.611035346984863
nga,2000,0.619486749172211
nga,2001,0.722614645957947
nga,2002,0.792528212070465
nga,2003,0.870531022548676
nga,2004,0.835286438465118
nga,2005,0.895569205284119
nga,2006,0.887100875377655
nga,2007,1.02978706359863
nga,2008,0.892104387283325
nga,2009,1.00897991657257
nga,2010,1.0129462480545
nga,2011,0.957772016525269
nga,2012,0.94137978553772
nga,2013,1.06614339351654
nga,2014,1.04618811607361
nga,2015,1.0038560628891
nga,2016,0.915692389011383
nga,2017,0.889581263065338
nga,2018,0.94137704372406
nga,2019,0.93777072429657
nga,2020,0.946727633476257
nga,2021,1.0
nga,2022,0.949429512023926
nga,2023,0.882042407989502
nic,1980,1.75517296791077
nic,1981,1.64538788795471
nic,1982,1.4518495798111
nic,1983,1.46964585781097
nic,1984,1.43779218196869
nic,1985,1.35696852207184
nic,1986,1.26755774021149
nic,1987,1.21443665027618
nic,1988,1.2085565328598
nic,1989,1.052450299263
nic,1990,0.967398881912231
nic,1991,1.11017715930939
nic,1992,1.14573264122009
nic,1993,1.07356786727905
nic,1994,1.08444035053253
nic,1995,1.10779643058777
nic,1996,1.13711714744568
nic,1997,1.17368185520172
nic,1998,1.17079079151154
nic,1999,1.21218299865723
nic,2000,1.13844776153564
nic,2001,1.12331080436707
nic,2002,1.1124906539917
nic,2003,1.09970462322235
nic,2004,1.09841680526733
nic,2005,1.1103458404541
nic,2006,1.09047031402588
nic,2007,1.11889374256134
nic,2008,1.14787685871124
nic,2009,1.06202745437622
nic,2010,1.06729304790497
nic,2011,1.10118722915649
nic,2012,1.0908784866333
nic,2013,1.08399796485901
nic,2014,1.06700563430786
nic,2015,1.12838423252106
nic,2016,1.12647390365601
nic,2017,1.10491871833801
nic,2018,0.982636392116547
nic,2019,0.907001733779907
nic,2020,0.924188017845154
nic,2021,1.0
nic,2022,0.981664717197418
nic,2023,1.02900195121765
nld,1954,0.591149568557739
nld,1955,0.615367770195007
nld,1956,0.640964984893799
nld,1957,0.628867447376251
nld,1958,0.603629410266876
nld,1959,0.617980539798737
nld,1960,0.64391416311264
nld,1961,0.663255453109741
nld,1962,0.682122707366943
nld,1963,0.704179704189301
nld,1964,0.739816904067993
nld,1965,0.760593593120575
nld,1966,0.767827212810516
nld,1967,0.794047892093658
nld,1968,0.827169597148895
nld,1969,0.842548966407776
nld,1970,0.88394045829773
nld,1971,0.888015747070313
nld,1972,0.877731859683991
nld,1973,0.910124242305756
nld,1974,0.932425737380981
nld,1975,0.942779421806335
nld,1976,0.979039132595062
nld,1977,1.01380097866058
nld,1978,1.03524720668793
nld,1979,1.02423095703125
nld,1980,1.02304863929749
nld,1981,0.971144080162048
nld,1982,0.966480672359467
nld,1983,0.994477808475494
nld,1984,0.999736666679382
nld,1985,1.01022744178772
nld,1986,1.01645529270172
nld,1987,1.00704097747803
nld,1988,1.01112139225006
nld,1989,1.01781439781189
nld,1990,1.01547050476074
nld,1991,1.01274633407593
nld,1992,1.00189387798309
nld,1993,0.983101606369019
nld,1994,0.991435647010803
nld,1995,0.991376101970673
nld,1996,0.995353937149048
nld,1997,1.00921761989594
nld,1998,1.0310093164444
nld,1999,1.0441085100174
nld,2000,1.0527675151825
nld,2001,1.06003510951996
nld,2002,1.05243515968323
nld,2003,1.05069816112518
nld,2004,1.04370224475861
nld,2005,1.05041873455048
nld,2006,1.0605046749115
nld,2007,1.07798945903778
nld,2008,1.06011462211609
nld,2009,1.03181219100952
nld,2010,1.02684676647186
nld,2011,1.01930868625641
nld,2012,0.996628999710083
nld,2013,0.989716470241547
nld,2014,0.982938051223755
nld,2015,1.02920794487
nld,2016,0.99596518278122
nld,2017,1.00084829330444
nld,2018,0.999876260757446
nld,2019,1.00555145740509
nld,2020,0.979889750480652
nld,2021,1.0
nld,2022,1.0152884721756
nld,2023,0.985496520996094
nor,1954,0.591893255710602
nor,1955,0.597183167934418
nor,1956,0.598917305469513
nor,1957,0.609764456748962
nor,1958,0.613326907157898
nor,1959,0.615752160549164
nor,1960,0.633863687515259
nor,1961,0.665928840637207
nor,1962,0.666029393672943
nor,1963,0.671700298786163
nor,1964,0.685912787914276
nor,1965,0.719606339931488
nor,1966,0.731942594051361
nor,1967,0.765920698642731
nor,1968,0.75801557302475
nor,1969,0.776181697845459
nor,1970,0.817256391048431
nor,1971,0.852376759052277
nor,1972,0.83759069442749
nor,1973,0.873323261737824
nor,1974,0.893002867698669
nor,1975,0.905047237873077
nor,1976,0.931611716747284
nor,1977,0.935150563716888
nor,1978,0.863283574581146
nor,1979,0.875881493091583
nor,1980,0.877209067344666
nor,1981,0.86522513628006
nor,1982,0.867279052734375
nor,1983,0.851285398006439
nor,1984,0.871309220790863
nor,1985,0.89118367433548
nor,1986,0.922915458679199
nor,1987,0.89475804567337
nor,1988,0.854799270629883
nor,1989,0.843830049037933
nor,1990,0.842281639575958
nor,1991,0.849223792552948
nor,1992,0.863222122192383
nor,1993,0.882229387760162
nor,1994,0.900136947631836
nor,1995,0.920346975326538
nor,1996,0.934587478637695
nor,1997,0.960189640522003
nor,1998,0.971236348152161
nor,1999,0.948871076107025
nor,2000,0.963034868240356
nor,2001,0.959565877914429
nor,2002,0.969239234924316
nor,2003,0.982463955879211
nor,2004,1.02355360984802
nor,2005,1.04955148696899
nor,2006,1.07250654697418
nor,2007,1.08629846572876
nor,2008,1.05755865573883
nor,2009,1.01103961467743
nor,2010,1.02736616134644
nor,2011,1.03202033042908
nor,2012,1.03900372982025
nor,2013,1.05652892589569
nor,2014,1.0480899810791
nor,2015,1.04244601726532
nor,2016,1.04289245605469
nor,2017,1.05236709117889
nor,2018,1.04841661453247
nor,2019,1.04408180713654
nor,2020,1.00092577934265
nor,2021,1.0
nor,2022,1.02156794071198
nor,2023,0.999416053295136
nzl,1954,0.804536640644074
nzl,1955,0.802789568901062
nzl,1956,0.777752578258514
nzl,1957,0.807415008544922
nzl,1958,0.769474387168884
nzl,1959,0.769774734973908
nzl,1960,0.89333438873291
nzl,1961,0.9086794257164
nzl,1962,0.886492431163788
nzl,1963,0.925465404987335
nzl,1964,0.947877585887909
nzl,1965,0.980603992938995
nzl,1966,0.981226801872253
nzl,1967,0.871365308761597
nzl,1968,0.834227383136749
nzl,1969,0.90123462677002
nzl,1970,0.898005545139313
nzl,1971,0.884485244750977
nzl,1972,0.912322044372559
nzl,1973,0.992188274860382
nzl,1974,1.02997422218323
nzl,1975,0.890733063220978
nzl,1976,0.866933763027191
nzl,1977,0.820256471633911
nzl,1978,0.7703897356987
nzl,1979,0.783568263053894
nzl,1980,0.764440357685089
nzl,1981,0.811567962169647
nzl,1982,0.800646305084229
nzl,1983,0.800373494625092
nzl,1984,0.82720547914505
nzl,1985,0.794845640659332
nzl,1986,0.793717503547669
nzl,1987,0.783341288566589
nzl,1988,0.800891637802124
nzl,1989,0.844150066375732
nzl,1990,0.817664623260498
nzl,1991,0.78546279668808
nzl,1992,0.789183259010315
nzl,1993,0.807039260864258
nzl,1994,0.828132629394531
nzl,1995,0.834790885448456
nzl,1996,0.837882459163666
nzl,1997,0.842575907707214
nzl,1998,0.83953207731247
nzl,1999,0.856150984764099
nzl,2000,0.840492725372315
nzl,2001,0.850464582443237
nzl,2002,0.860168874263763
nzl,2003,0.894882082939148
nzl,2004,0.904250085353851
nzl,2005,0.914961338043213
nzl,2006,0.90095192193985
nzl,2007,0.932199656963348
nzl,2008,0.904716014862061
nzl,2009,0.893038749694824
nzl,2010,0.905916512012482
nzl,2011,0.921192586421967
nzl,2012,0.93157285451889
nzl,2013,0.93283212184906
nzl,2014,0.934037983417511
nzl,2015,0.933230876922607
nzl,2016,0.943667411804199
nzl,2017,0.949604749679565
nzl,2018,0.956590473651886
nzl,2019,0.949254095554352
nzl,2020,0.946092784404755
nzl,2021,1.0
nzl,2022,0.988579630851746
nzl,2023,0.942722916603088
pan,1969,1.74485182762146
pan,1970,1.89163422584534
pan,1971,1.95490276813507
pan,1972,1.89135980606079
pan,1973,1.80825221538544
pan,1974,1.77294874191284
pan,1975,1.71122300624847
pan,1976,1.62680923938751
pan,1977,1.52972733974457
pan,1978,1.62210416793823
pan,1979,1.61444044113159
pan,1980,1.65645015239716
pan,1981,1.65458738803864
pan,1982,1.53052484989166
pan,1983,1.50467038154602
pan,1984,1.51331746578217
pan,1985,1.4888037443161
pan,1986,1.50899159908295
pan,1987,1.45706021785736
pan,1988,1.13804340362549
pan,1989,1.2554931640625
pan,1990,1.2858452796936
pan,1991,1.4573312997818
pan,1992,1.49974858760834
pan,1993,1.48096287250519
pan,1994,1.4151703119278
pan,1995,1.32605135440826
pan,1996,1.36776840686798
pan,1997,1.36242616176605
pan,1998,1.46589481830597
pan,1999,1.40522658824921
pan,2000,1.34424674510956
pan,2001,1.26673877239227
pan,2002,1.28199279308319
pan,2003,1.35784637928009
pan,2004,1.3616898059845
pan,2005,1.38782215118408
pan,2006,1.40829956531525
pan,2007,1.44493389129639
pan,2008,1.46959602832794
pan,2009,1.3126083612442
pan,2010,1.40890562534332
pan,2011,1.39413273334503
pan,2012,1.4133974313736
pan,2013,1.38683080673218
pan,2014,1.34675633907318
pan,2015,1.28899836540222
pan,2016,1.23822057247162
pan,2017,1.20694732666016
pan,2018,1.15054261684418
pan,2019,1.09976041316986
pan,2020,0.899275898933411
pan,2021,1.0
pan,2022,1.08734428882599
pan,2023,1.13995635509491
per,1954,1.25416254997253
per,1955,1.29848110675812
per,1956,1.30325758457184
per,1957,1.34475862979889
per,1958,1.26227915287018
per,1959,1.21761965751648
per,1960,1.29060208797455
per,1961,1.34298992156982
per,1962,1.41318416595459
per,1963,1.46087658405304
per,1964,1.51508247852325
per,1965,1.57964813709259
per,1966,1.65069830417633
per,1967,1.6773374080658
per,1968,1.60196197032928
per,1969,1.6330817937851
per,1970,1.65929567813873
per,1971,1.68036901950836
per,1972,1.6325249671936
per,1973,1.72565603256226
per,1974,1.80940020084381
per,1975,1.77190518379211
per,1976,1.6748411655426
per,1977,1.60420310497284
per,1978,1.42210876941681
per,1979,1.38809680938721
per,1980,1.50368332862854
per,1981,1.53505086898804
per,1982,1.4341607093811
per,1983,1.20036113262177
per,1984,1.16847968101501
per,1985,1.14464795589447
per,1986,1.25981366634369
per,1987,1.35693526268005
per,1988,1.19876003265381
per,1989,0.973407685756683
per,1990,0.941598355770111
per,1991,0.937146663665772
per,1992,0.924850285053253
per,1993,0.948672592639923
per,1994,1.02199172973633
per,1995,1.07116651535034
per,1996,1.02326571941376
per,1997,1.03135454654694
per,1998,0.95891398191452
per,1999,0.886345028877258
per,2000,0.861801087856293
per,2001,0.834885597229004
per,2002,0.847158968448639
per,2003,0.849761128425598
per,2004,0.845972180366516
per,2005,0.854628384113312
per,2006,0.915659666061401
per,2007,0.977050244808197
per,2008,1.0452173948288
per,2009,0.979260742664337
per,2010,1.05474960803986
per,2011,1.07469844818115
per,2012,1.08837425708771
per,2013,1.09657430648804
per,2014,1.07620704174042
per,2015,1.0601133108139
per,2016,1.04382038116455
per,2017,1.03177082538605
per,2018,1.03722596168518
per,2019,1.02560973167419
per,2020,0.900692760944367
per,2021,1.0
per,2022,0.982361674308777
per,2023,0.945074260234833
phl,1954,1.12977111339569
phl,1955,1.13428258895874
phl,1956,1.11429595947266
phl,1957,1.14329755306244
phl,1958,1.1155743598938
phl,1959,1.11871528625488
phl,1960,1.11337554454803
phl,1961,1.1153599023819
phl,1962,1.09989798069
phl,1963,1.12811636924744
phl,1964,1.114018201828
phl,1965,1.12807703018188
phl,1966,1.08985543251038
phl,1967,1.09866940975189
phl,1968,1.10439991950989
phl,1969,1.11893022060394
phl,1970,1.10738933086395
phl,1971,1.06480383872986
phl,1972,1.07613134384155
phl,1973,1.08781385421753
phl,1974,1.136878490448
phl,1975,1.16920971870422
phl,1976,1.21295297145844
phl,1977,1.18361961841583
phl,1978,1.13978183269501
phl,1979,1.14851021766663
phl,1980,1.10880303382874
phl,1981,1.04652225971222
phl,1982,1.05098485946655
phl,1983,0.970345139503479
phl,1984,0.823187232017517
phl,1985,0.755650520324707
phl,1986,0.772664248943329
phl,1987,0.814901649951935
phl,1988,0.855006575584412
phl,1989,0.890195250511169
phl,1990,0.918079972267151
phl,1991,0.865203022956848
phl,1992,0.865576505661011
phl,1993,0.873796820640564
phl,1994,0.878583669662476
phl,1995,0.878481566905975
phl,1996,0.892355740070343
phl,1997,0.890232026576996
phl,1998,0.866844892501831
phl,1999,0.83265095949173
phl,2000,0.833382904529572
phl,2001,0.874187111854553
phl,2002,0.882888972759247
phl,2003,0.883389174938202
phl,2004,0.895081162452698
phl,2005,0.890200197696686
phl,2006,0.882654964923859
phl,2007,0.888702094554901
phl,2008,0.917764723300934
phl,2009,0.902603566646576
phl,2010,0.923827052116394
phl,2011,0.923305690288544
phl,2012,0.951827466487885
phl,2013,0.981299042701721
phl,2014,1.00819575786591
phl,2015,1.03970158100128
phl,2016,1.04639935493469
phl,2017,1.08134186267853
phl,2018,1.08753955364227
phl,2019,1.08131515979767
phl,2020,1.03350734710693
phl,2021,1.0
phl,2022,0.978763103485107
phl,2023,0.980672180652618
pol,1974,0.812598764896393
pol,1975,0.826376259326935
pol,1976,0.864341497421265
pol,1977,0.884171903133392
pol,1978,0.879407107830048
pol,1979,0.876298725605011
pol,1980,0.805782854557037
pol,1981,0.730444192886353
pol,1982,0.664280712604523
pol,1983,0.684066712856293
pol,1984,0.698466062545776
pol,1985,0.705598890781403
pol,1986,0.719375312328339
pol,1987,0.713162541389465
pol,1988,0.722944736480713
pol,1989,0.712771594524384
pol,1990,0.670066654682159
pol,1991,0.684871971607208
pol,1992,0.681526005268097
pol,1993,0.71429830789566
pol,1994,0.719973802566528
pol,1995,0.743703961372376
pol,1996,0.784427523612976
pol,1997,0.816030144691467
pol,1998,0.829302608966827
pol,1999,0.858888506889343
pol,2000,0.878254950046539
pol,2001,0.860797941684723
pol,2002,0.877167105674744
pol,2003,0.888327777385712
pol,2004,0.920242428779602
pol,2005,0.910833835601807
pol,2006,0.933778405189514
pol,2007,0.960774719715118
pol,2008,0.961824119091034
pol,2009,0.940072655677795
pol,2010,0.966055154800415
pol,2011,0.975260615348816
pol,2012,0.945563495159149
pol,2013,0.924118995666504
pol,2014,0.942744493484497
pol,2015,0.946009039878845
pol,2016,0.944886326789856
pol,2017,0.978466808795929
pol,2018,1.02700769901276
pol,2019,1.02299988269806
pol,2020,0.971285223960877
pol,2021,1.0
pol,2022,1.03265523910522
pol,2023,0.97642058134079
prt,1954,0.707925200462341
prt,1955,0.722161173820496
prt,1956,0.745501756668091
prt,1957,0.77583259344101
prt,1958,0.760358691215515
prt,1959,0.794845163822174
prt,1960,0.835821807384491
prt,1961,0.902847170829773
prt,1962,0.903260290622711
prt,1963,0.948271811008453
prt,1964,0.948807835578919
prt,1965,0.982788324356079
prt,1966,0.971323013305664
prt,1967,1.00983238220215
prt,1968,1.18216001987457
prt,1969,1.20387399196625
prt,1970,1.27735757827759
prt,1971,1.3150817155838
prt,1972,1.33472311496735
prt,1973,1.4468959569931
prt,1974,1.40402567386627
prt,1975,1.18866002559662
prt,1976,1.26084101200104
prt,1977,1.30977630615234
prt,1978,1.23370289802551
prt,1979,1.21125602722168
prt,1980,1.19521379470825
prt,1981,1.1928026676178
prt,1982,1.16149020195007
prt,1983,1.03980040550232
prt,1984,0.940389573574066
prt,1985,0.940564513206482
prt,1986,0.985778391361237
prt,1987,1.03443682193756
prt,1988,1.09730124473572
prt,1989,1.0778112411499
prt,1990,1.11211013793945
prt,1991,1.13568329811096
prt,1992,1.14407658576965
prt,1993,1.11469066143036
prt,1994,1.12933218479157
prt,1995,1.09764277935028
prt,1996,1.0958594083786
prt,1997,1.10479950904846
prt,1998,1.11638259887695
prt,1999,1.12847506999969
prt,2000,1.11005926132202
prt,2001,1.10252797603607
prt,2002,1.08561217784882
prt,2003,1.06093144416809
prt,2004,1.08507525920868
prt,2005,1.09193110466003
prt,2006,1.08332717418671
prt,2007,1.08301937580109
prt,2008,1.07763612270355
prt,2009,1.04426276683807
prt,2010,1.05618035793304
prt,2011,1.01266264915466
prt,2012,0.968704998493195
prt,2013,0.960310101509094
prt,2014,0.964282333850861
prt,2015,0.969305455684662
prt,2016,0.972139298915863
prt,2017,0.97673237323761
prt,2018,0.979614853858948
prt,2019,0.993586122989655
prt,2020,0.985139429569244
prt,2021,1.0
prt,2022,0.999556720256805
prt,2023,0.999370932579041
pry,1955,0.870718896389008
pry,1956,0.820701897144318
pry,1957,0.939050018787384
pry,1958,0.947664737701416
pry,1959,0.860476493835449
pry,1960,0.856106877326965
pry,1961,0.876725196838379
pry,1962,0.85862535238266
pry,1963,0.878263473510742
pry,1964,0.882320940494537
pry,1965,0.924608945846558
pry,1966,0.92625766992569
pry,1967,0.967576384544373
pry,1968,0.955687701702118
pry,1969,0.959970057010651
pry,1970,0.948310792446137
pry,1971,0.981456100940704
pry,1972,0.998991787433624
pry,1973,1.05818748474121
pry,1974,1.09485077857971
pry,1975,1.09570646286011
pry,1976,1.14032888412476
pry,1977,1.19186496734619
pry,1978,1.24733746051788
pry,1979,1.1931004524231
pry,1980,1.28845036029816
pry,1981,1.33444440364838
pry,1982,1.20339620113373
pry,1983,1.06090140342712
pry,1984,1.03132140636444
pry,1985,0.997552216053009
pry,1986,0.972338736057282
pry,1987,0.986230194568634
pry,1988,0.967943429946899
pry,1989,0.94203794002533
pry,1990,0.996325671672821
pry,1991,0.998453736305237
pry,1992,0.981559276580811
pry,1993,0.976640284061432
pry,1994,1.02252328395844
pry,1995,0.993713617324829
pry,1996,1.01055705547333
pry,1997,1.01410853862762
pry,1998,0.937962532043457
pry,1999,0.887476861476898
pry,2000,0.837270438671112
pry,2001,0.841387927532196
pry,2002,0.826693952083588
pry,2003,0.86407595872879
pry,2004,0.854142904281616
pry,2005,0.817094206809998
pry,2006,0.846249580383301
pry,2007,0.862995862960815
pry,2008,0.904869735240936
pry,2009,0.897772789001465
pry,2010,0.979328989982605
pry,2011,0.96765798330307
pry,2012,0.944534718990326
pry,2013,0.950129747390747
pry,2014,1.01190567016602
pry,2015,0.990732431411743
pry,2016,0.965911328792572
pry,2017,0.987043857574463
pry,2018,1.01840567588806
pry,2019,0.988312244415283
pry,2020,0.99349582195282
pry,2021,1.0
pry,2022,0.995929777622223
pry,2023,0.941090285778046
qat,1974,4.68349981307983
qat,1975,4.42663145065308
qat,1976,3.71644568443298
qat,1977,4.0569109916687
qat,1978,3.7107994556427
qat,1979,3.11333775520325
qat,1980,2.6018283367157
qat,1981,3.0609564781189
qat,1982,2.81231498718262
qat,1983,2.32512474060059
qat,1984,2.24430084228516
qat,1985,2.06276154518127
qat,1986,1.90177047252655
qat,1987,1.94928634166718
qat,1988,1.96798598766327
qat,1989,2.02686524391174
qat,1990,1.95828354358673
qat,1991,1.91194379329681
qat,1992,1.92217147350311
qat,1993,1.78698098659515
qat,1994,1.7609007358551
qat,1995,1.98805606365204
qat,1996,1.91317200660706
qat,1997,1.98842287063599
qat,1998,1.68339359760284
qat,1999,1.42688918113709
qat,2000,1.59639286994934
qat,2001,1.66034281253815
qat,2002,1.58309876918793
qat,2003,1.81253671646118
qat,2004,1.73484289646149
qat,2005,1.84898376464844
qat,2006,2.20367002487183
qat,2007,2.092036485672
qat,2008,1.87795662879944
qat,2009,1.70204770565033
qat,2010,1.55557978153229
qat,2011,1.61044263839722
qat,2012,1.51082098484039
qat,2013,1.45245313644409
qat,2014,1.42739927768707
qat,2015,1.33520102500916
qat,2016,1.3140059709549
qat,2017,1.17424178123474
qat,2018,1.14616107940674
qat,2019,1.11748540401459
qat,2020,1.00631999969482
qat,2021,1.0
qat,2022,1.01689183712006
qat,2023,1.03412663936615
rou,1964,0.417346179485321
rou,1965,0.438046932220459
rou,1966,0.442855477333069
rou,1967,0.478553861379623
rou,1968,0.489166557788849
rou,1969,0.50037032365799
rou,1970,0.527198731899262
rou,1971,0.562384366989136
rou,1972,0.593845307826996
rou,1973,0.60749614238739
rou,1974,0.661292016506195
rou,1975,0.718547224998474
rou,1976,0.730011522769928
rou,1977,0.784936189651489
rou,1978,0.833388686180115
rou,1979,0.838640034198761
rou,1980,0.828734934329987
rou,1981,0.772557735443115
rou,1982,0.754914999008179
rou,1983,0.734584152698517
rou,1984,0.739191949367523
rou,1985,0.709226071834564
rou,1986,0.714196562767029
rou,1987,0.694759368896484
rou,1988,0.667146146297455
rou,1989,0.635424911975861
rou,1990,0.673868775367737
rou,1991,0.563250482082367
rou,1992,0.523107945919037
rou,1993,0.52431321144104
rou,1994,0.52167272567749
rou,1995,0.549110472202301
rou,1996,0.564472854137421
rou,1997,0.537434995174408
rou,1998,0.550415992736816
rou,1999,0.53481251001358
rou,2000,0.556430339813232
rou,2001,0.594758093357086
rou,2002,0.641542911529541
rou,2003,0.679900944232941
rou,2004,0.749090373516083
rou,2005,0.79857474565506
rou,2006,0.867867052555084
rou,2007,0.935009956359863
rou,2008,0.955837726593018
rou,2009,0.84263288974762
rou,2010,0.8138507604599
rou,2011,0.831051468849182
rou,2012,0.822337567806244
rou,2013,0.778837859630585
rou,2014,0.793818533420563
rou,2015,0.818038046360016
rou,2016,0.82395601272583
rou,2017,0.879384338855743
rou,2018,0.927645623683929
rou,2019,0.950661718845367
rou,2020,0.932305157184601
rou,2021,1.0
rou,2022,1.02021241188049
rou,2023,1.0090217590332
rus,1994,0.549387097358704
rus,1995,0.528999209403992
rus,1996,0.510829865932465
rus,1997,0.519990801811218
rus,1998,0.462166398763657
rus,1999,0.447905659675598
rus,2000,0.525345087051392
rus,2001,0.57147091627121
rus,2002,0.5954949259758
rus,2003,0.636778593063355
rus,2004,0.692888557910919
rus,2005,0.742552220821381
rus,2006,0.80964857339859
rus,2007,0.895002603530884
rus,2008,0.95096892118454
rus,2009,0.812824785709381
rus,2010,0.868819296360016
rus,2011,0.937835276126862
rus,2012,0.979704558849335
rus,2013,0.987449169158936
rus,2014,0.974132776260376
rus,2015,0.893217623233795
rus,2016,0.880135893821716
rus,2017,0.913945853710175
rus,2018,0.928950965404511
rus,2019,0.95743590593338
rus,2020,0.94620007276535
rus,2021,1.0
rus,2022,0.98275750875473
rus,2023,1.04306924343109
rwa,1964,0.645233333110809
rwa,1965,0.70764034986496
rwa,1966,0.741405189037323
rwa,1967,0.737891137599945
rwa,1968,0.748408138751984
rwa,1969,0.805134415626526
rwa,1970,0.833338797092438
rwa,1971,0.839380145072937
rwa,1972,0.847555160522461
rwa,1973,0.807317972183228
rwa,1974,0.820655345916748
rwa,1975,0.79017585515976
rwa,1976,0.86146879196167
rwa,1977,0.871463298797607
rwa,1978,0.881016373634338
rwa,1979,0.887845098972321
rwa,1980,0.953234910964966
rwa,1981,1.00272476673126
rwa,1982,0.982011556625366
rwa,1983,0.954550802707672
rwa,1984,0.866900563240051
rwa,1985,0.862062931060791
rwa,1986,0.853805661201477
rwa,1987,0.793223917484283
rwa,1988,0.766540765762329
rwa,1989,0.777898252010346
rwa,1990,0.745859324932098
rwa,1991,0.655154347419739
rwa,1992,0.686634957790375
rwa,1993,0.615031599998474
rwa,1994,0.4309141933918
rwa,1995,0.482860594987869
rwa,1996,0.489614754915237
rwa,1997,0.530928611755371
rwa,1998,0.561458826065064
rwa,1999,0.601350069046021
rwa,2000,0.657935440540314
rwa,2001,0.681189596652985
rwa,2002,0.757807493209839
rwa,2003,0.733426988124847
rwa,2004,0.768376052379608
rwa,2005,0.817369341850281
rwa,2006,0.86108523607254
rwa,2007,0.845901787281036
rwa,2008,0.86566948890686
rwa,2009,0.8836749792099
rwa,2010,0.878186285495758
rwa,2011,0.899221062660217
rwa,2012,0.924687325954437
rwa,2013,0.920178115367889
rwa,2014,0.947774648666382
rwa,2015,0.982406377792358
rwa,2016,0.9553142786026
rwa,2017,0.884981334209442
rwa,2018,0.868820011615753
rwa,2019,0.924460589885712
rwa,2020,0.830574214458466
rwa,2021,1.0
rwa,2022,0.963266134262085
rwa,2023,0.911172091960907
sau,1974,3.30264353752136
sau,1975,2.86072397232056
sau,1976,3.52819490432739
sau,1977,3.61119031906128
sau,1978,3.54513359069824
sau,1979,2.84331917762756
sau,1980,2.18260812759399
sau,1981,2.22139239311218
sau,1982,2.39355254173279
sau,1983,2.4989914894104
sau,1984,2.30110573768616
sau,1985,2.03021740913391
sau,1986,2.0961594581604
sau,1987,1.88165700435638
sau,1988,1.91682863235474
sau,1989,1.85086679458618
sau,1990,1.67315256595612
sau,1991,1.89514100551605
sau,1992,1.88325369358063
sau,1993,1.82303893566132
sau,1994,1.64085793495178
sau,1995,1.55209541320801
sau,1996,1.4876047372818
sau,1997,1.47522103786469
sau,1998,1.41352200508118
sau,1999,1.37192809581757
sau,2000,1.43357396125793
sau,2001,1.36899876594543
sau,2002,1.39181697368622
sau,2003,1.34708666801453
sau,2004,1.37721586227417
sau,2005,1.41073739528656
sau,2006,1.47232365608215
sau,2007,1.49761831760407
sau,2008,1.55982959270477
sau,2009,1.47379660606384
sau,2010,1.43036580085754
sau,2011,1.39834654331207
sau,2012,1.39057993888855
sau,2013,1.35076987743378
sau,2014,1.35959231853485
sau,2015,1.31899344921112
sau,2016,1.14776909351349
sau,2017,1.12858366966248
sau,2018,1.09199166297913
sau,2019,1.11022305488586
sau,2020,1.02140390872955
sau,2021,1.0
sau,2022,0.959279179573059
sau,2023,0.937216222286224
sdn,1974,0.889135539531708
sdn,1975,0.989111185073853
sdn,1976,1.06922364234924
sdn,1977,1.14320302009583
sdn,1978,1.11201512813568
sdn,1979,1.03141474723816
sdn,1980,1.02952086925507
sdn,1981,1.04683542251587
sdn,1982,1.06033945083618
sdn,1983,0.867708325386047
sdn,1984,0.857083857059479
sdn,1985,0.859342336654663
sdn,1986,0.930427730083466
sdn,1987,0.923808455467224
sdn,1988,0.902362644672394
sdn,1989,0.855143487453461
sdn,1990,0.887631237506867
sdn,1991,0.95786726474762
sdn,1992,0.97218269109726
sdn,1993,0.86091536283493
sdn,1994,0.867723524570465
sdn,1995,0.806996464729309
sdn,1996,0.789969861507416
sdn,1997,0.853452742099762
sdn,1998,0.889530777931213
sdn,1999,0.90031498670578
sdn,2000,0.881531298160553
sdn,2001,0.875374674797058
sdn,2002,0.906141817569733
sdn,2003,0.871251523494721
sdn,2004,0.892297625541687
sdn,2005,1.07247352600098
sdn,2006,1.20459544658661
sdn,2007,1.08095479011536
sdn,2008,0.947967827320099
sdn,2009,1.01620662212372
sdn,2010,1.02773606777191
sdn,2011,0.97130024433136
sdn,2012,0.9550861120224
sdn,2013,0.97948545217514
sdn,2014,1.05469048023224
sdn,2015,1.0476016998291
sdn,2016,1.08693408966064
sdn,2017,1.09958159923553
sdn,2018,1.03198194503784
sdn,2019,1.07379055023193
sdn,2020,1.04997956752777
sdn,2021,1.0
sdn,2022,0.95772385597229
sdn,2023,0.840617299079895
sen,1964,1.45301330089569
sen,1965,1.38235282897949
sen,1966,1.40508377552032
sen,1967,1.4119143486023
sen,1968,1.42179298400879
sen,1969,1.25815367698669
sen,1970,1.34614539146423
sen,1971,1.32950687408447
sen,1972,1.28025341033936
sen,1973,1.23294997215271
sen,1974,1.23796284198761
sen,1975,1.2832590341568
sen,1976,1.35582900047302
sen,1977,1.33660840988159
sen,1978,1.31117713451386
sen,1979,1.35396027565002
sen,1980,1.30757009983063
sen,1981,1.29645299911499
sen,1982,1.32758569717407
sen,1983,1.30133640766144
sen,1984,1.22796380519867
sen,1985,1.26464700698853
sen,1986,1.24464213848114
sen,1987,1.25070762634277
sen,1988,1.23852896690369
sen,1989,1.16412615776062
sen,1990,1.15633141994476
sen,1991,1.09201943874359
sen,1992,1.11679255962372
sen,1993,1.06421113014221
sen,1994,0.987201154232025
sen,1995,1.03846096992493
sen,1996,1.07107293605804
sen,1997,1.12894225120544
sen,1998,1.14155554771423
sen,1999,1.23806345462799
sen,2000,1.21445178985596
sen,2001,1.32770431041718
sen,2002,1.23537540435791
sen,2003,1.32191348075867
sen,2004,1.30141890048981
sen,2005,1.33925676345825
sen,2006,1.31403183937073
sen,2007,1.33438205718994
sen,2008,1.28851723670959
sen,2009,1.24999725818634
sen,2010,1.22398567199707
sen,2011,1.18348228931427
sen,2012,1.17018818855286
sen,2013,1.16293203830719
sen,2014,1.18454313278198
sen,2015,1.17302644252777
sen,2016,1.13781750202179
sen,2017,1.11169195175171
sen,2018,1.08905041217804
sen,2019,0.999580562114716
sen,2020,1.01455700397491
sen,2021,1.0
sen,2022,0.980722725391388
sen,2023,0.956612765789032
sgp,1964,1.49037301540375
sgp,1965,1.50471639633179
sgp,1966,1.52064847946167
sgp,1967,1.57891607284546
sgp,1968,1.62845385074615
sgp,1969,1.69972586631775
sgp,1970,1.80736899375916
sgp,1971,1.7720091342926
sgp,1972,1.67038512229919
sgp,1973,1.63316893577576
sgp,1974,1.6402428150177
sgp,1975,1.51866126060486
sgp,1976,1.48799240589142
sgp,1977,1.44040501117706
sgp,1978,1.45109295845032
sgp,1979,1.47468554973602
sgp,1980,1.48234355449677
sgp,1981,1.39338338375092
sgp,1982,1.36701381206512
sgp,1983,1.36075234413147
sgp,1984,1.35009980201721
sgp,1985,1.25659584999084
sgp,1986,1.18552339076996
sgp,1987,1.21501564979553
sgp,1988,1.20073211193085
sgp,1989,1.21974790096283
sgp,1990,1.2334098815918
sgp,1991,1.20191752910614
sgp,1992,1.19942319393158
sgp,1993,1.28371715545654
sgp,1994,1.23842227458954
sgp,1995,1.25229156017303
sgp,1996,1.24785101413727
sgp,1997,1.25292575359344
sgp,1998,1.05159246921539
sgp,1999,1.0794084072113
sgp,2000,1.19101583957672
sgp,2001,1.09886598587036
sgp,2002,1.07516372203827
sgp,2003,0.975823163986206
sgp,2004,1.08286428451538
sgp,2005,1.06663477420807
sgp,2006,1.07281303405762
sgp,2007,1.06595432758331
sgp,2008,1.12066400051117
sgp,2009,1.04197514057159
sgp,2010,1.08037579059601
sgp,2011,1.0664587020874
sgp,2012,1.08381628990173
sgp,2013,1.07372772693634
sgp,2014,1.04728126525879
sgp,2015,1.01177477836609
sgp,2016,1.03646445274353
sgp,2017,1.07040512561798
sgp,2018,1.05252325534821
sgp,2019,1.03575015068054
sgp,2020,0.947548389434815
sgp,2021,1.0
sgp,2022,1.01581907272339
sgp,2023,0.961154043674469
sle,1980,1.0920535326004
sle,1981,1.06373429298401
sle,1982,1.0294623374939
sle,1983,0.946007549762726
sle,1984,0.919029712677002
sle,1985,0.914025187492371
sle,1986,0.893957436084747
sle,1987,0.899833858013153
sle,1988,0.914016664028168
sle,1989,0.90834504365921
sle,1990,0.86605441570282
sle,1991,0.805367231369019
sle,1992,0.721417367458344
sle,1993,0.717004418373108
sle,1994,0.73745334148407
sle,1995,0.655068337917328
sle,1996,0.490769892930985
sle,1997,0.417698562145233
sle,1998,0.402429848909378
sle,1999,0.373928934335709
sle,2000,0.465434700250626
sle,2001,0.543125867843628
sle,2002,0.651787221431732
sle,2003,0.670364439487457
sle,2004,0.655585587024689
sle,2005,0.65761411190033
sle,2006,0.648018836975098
sle,2007,0.678382635116577
sle,2008,0.721755564212799
sle,2009,0.762632250785828
sle,2010,0.733942151069641
sle,2011,0.85709011554718
sle,2012,0.797638058662415
sle,2013,0.896841764450073
sle,2014,0.73588103055954
sle,2015,0.770961165428162
sle,2016,0.914308428764343
sle,2017,0.920400023460388
sle,2018,1.07012069225311
sle,2019,1.1000657081604
sle,2020,1.00731337070465
sle,2021,1.0
sle,2022,1.01140737533569
sle,2023,1.02859735488892
slv,1975,1.85488665103912
slv,1976,1.92218220233917
slv,1977,2.07851839065552
slv,1978,1.99464666843414
slv,1979,1.70716345310211
slv,1980,1.5275444984436
slv,1981,1.4319920539856
slv,1982,1.33099460601807
slv,1983,1.31635510921478
slv,1984,1.35163164138794
slv,1985,1.37357914447784
slv,1986,1.36696708202362
slv,1987,1.31516683101654
slv,1988,1.30161023139954
slv,1989,1.30098652839661
slv,1990,1.23173654079437
slv,1991,1.22163939476013
slv,1992,1.28610014915466
slv,1993,1.286381483078
slv,1994,1.29324615001678
slv,1995,1.3300975561142
slv,1996,1.23409426212311
slv,1997,1.2160462141037
slv,1998,1.19702589511871
slv,1999,1.17206358909607
slv,2000,1.15728557109833
slv,2001,1.1439528465271
slv,2002,1.14311754703522
slv,2003,1.12872385978699
slv,2004,1.12351620197296
slv,2005,1.14157748222351
slv,2006,1.16703319549561
slv,2007,1.17555475234985
slv,2008,1.14711475372314
slv,2009,1.04013395309448
slv,2010,1.04356575012207
slv,2011,1.04472589492798
slv,2012,1.03342366218567
slv,2013,1.01971185207367
slv,2014,0.999972939491272
slv,2015,1.00317645072937
slv,2016,0.991934418678284
slv,2017,0.983893871307373
slv,2018,0.97351461648941
slv,2019,0.951947689056397
slv,2020,0.907013058662415
slv,2021,1.0
slv,2022,0.966469049453735
slv,2023,0.937699615955353
srb,1994,0.436240166425705
srb,1995,0.451425522565842
srb,1996,0.468469470739365
srb,1997,0.480177521705627
srb,1998,0.498794347047806
srb,1999,0.55571323633194
srb,2000,0.599949717521668
srb,2001,0.620852887630463
srb,2002,0.710971772670746
srb,2003,0.758069455623627
srb,2004,0.835186421871185
srb,2005,0.871334612369537
srb,2006,0.961113035678864
srb,2007,1.01634240150452
srb,2008,1.0038036108017
srb,2009,0.959962725639343
srb,2010,0.984011828899384
srb,2011,1.02339434623718
srb,2012,1.02640450000763
srb,2013,0.989755988121033
srb,2014,0.979828417301178
srb,2015,0.94018816947937
srb,2016,0.909263610839844
srb,2017,0.923016667366028
srb,2018,0.949143648147583
srb,2019,0.9775829911232
srb,2020,0.95750617980957
srb,2021,1.0
srb,2022,0.975982964038849
srb,2023,0.986725807189941
svk,1994,0.663883566856384
svk,1995,0.709237933158875
svk,1996,0.804612040519714
svk,1997,0.817313730716705
svk,1998,0.824261128902435
svk,1999,0.769559860229492
svk,2000,0.775344967842102
svk,2001,0.815404057502747
svk,2002,0.837862014770508
svk,2003,0.823527157306671
svk,2004,0.849701881408691
svk,2005,0.885775804519653
svk,2006,0.914865493774414
svk,2007,0.940398514270783
svk,2008,0.959986805915833
svk,2009,0.890458703041077
svk,2010,0.933096766471863
svk,2011,0.906544744968414
svk,2012,0.863965511322022
svk,2013,0.862302958965302
svk,2014,0.879220902919769
svk,2015,0.911281406879425
svk,2016,0.906123638153076
svk,2017,0.918953061103821
svk,2018,0.932245254516602
svk,2019,0.948144018650055
svk,2020,0.950451612472534
svk,2021,1.0
svk,2022,0.987208902835846
svk,2023,0.908513128757477
svn,1994,0.750834345817566
svn,1995,0.816252052783966
svn,1996,0.843638420104981
svn,1997,0.8837611079216
svn,1998,0.894502997398377
svn,1999,0.930843591690064
svn,2000,0.919304072856903
svn,2001,0.913229942321777
svn,2002,0.902202785015106
svn,2003,0.933589458465576
svn,2004,0.956406235694885
svn,2005,0.975070297718048
svn,2006,1.00174200534821
svn,2007,1.05247032642365
svn,2008,1.03853166103363
svn,2009,0.948025584220886
svn,2010,0.945890128612518
svn,2011,0.949145495891571
svn,2012,0.90412163734436
svn,2013,0.883357524871826
svn,2014,0.882316708564758
svn,2015,0.883585870265961
svn,2016,0.90445339679718
svn,2017,0.932139873504639
svn,2018,0.957195222377777
svn,2019,0.968374967575073
svn,2020,0.950345039367676
svn,2021,1.0
svn,2022,1.00685822963715
svn,2023,0.996298253536224
swe,1954,0.664372324943543
swe,1955,0.6788609623909
swe,1956,0.683144390583038
swe,1957,0.681134879589081
swe,1958,0.69190388917923
swe,1959,0.712014973163605
swe,1960,0.720804393291473
swe,1961,0.730506837368012
swe,1962,0.741008460521698
swe,1963,0.76152116060257
swe,1964,0.801563501358032
swe,1965,0.823834121227264
swe,1966,0.821053206920624
swe,1967,0.841676235198975
swe,1968,0.863874077796936
swe,1969,0.890988767147064
swe,1970,0.925812125205994
swe,1971,0.904650390148163
swe,1972,0.913581371307373
swe,1973,0.918363869190216
swe,1974,0.940044760704041
swe,1975,0.958800315856934
swe,1976,0.953453123569489
swe,1977,0.911909818649292
swe,1978,0.888123333454132
swe,1979,0.924655020236969
swe,1980,0.925586342811585
swe,1981,0.89732700586319
swe,1982,0.886733055114746
swe,1983,0.860403716564179
swe,1984,0.874312043190002
swe,1985,0.886975109577179
swe,1986,0.889739274978638
swe,1987,0.903014123439789
swe,1988,0.90030974149704
swe,1989,0.911450207233429
swe,1990,0.894489824771881
swe,1991,0.873053073883057
swe,1992,0.873120605945587
swe,1993,0.843776345252991
swe,1994,0.861045122146606
swe,1995,0.865408599376679
swe,1996,0.867712318897247
swe,1997,0.880056202411652
swe,1998,0.898262798786163
swe,1999,0.899444937705994
swe,2000,0.918670833110809
swe,2001,0.907237768173218
swe,2002,0.916268289089203
swe,2003,0.925891876220703
swe,2004,0.929595828056335
swe,2005,0.940415978431702
swe,2006,0.957342207431793
swe,2007,0.972079396247864
swe,2008,0.948379218578339
swe,2009,0.924650549888611
swe,2010,0.956226348876953
swe,2011,0.961071610450745
swe,2012,0.948758244514465
swe,2013,0.954325914382935
swe,2014,0.967933595180512
swe,2015,0.991600751876831
swe,2016,0.995043158531189
swe,2017,0.995575368404388
swe,2018,0.990193367004395
swe,2019,0.984334290027618
swe,2020,0.972246408462524
swe,2021,1.0
swe,2022,0.997121393680573
swe,2023,0.956299543380737
swz,1980,0.529400765895844
swz,1981,0.52740478515625
swz,1982,0.530277132987976
swz,1983,0.545084893703461
swz,1984,0.499736934900284
swz,1985,0.467026114463806
swz,1986,0.483188331127167
swz,1987,0.536659359931946
swz,1988,0.492671966552734
swz,1989,0.493031740188599
swz,1990,0.560652017593384
swz,1991,0.559168875217438
swz,1992,0.581769049167633
swz,1993,0.606547594070435
swz,1994,0.547569453716278
swz,1995,0.62681382894516
swz,1996,0.676063597202301
swz,1997,0.661840558052063
swz,1998,0.684186518192291
swz,1999,0.675332367420197
swz,2000,0.728393733501434
swz,2001,0.761278867721558
swz,2002,0.760956704616547
swz,2003,0.778016030788422
swz,2004,0.845539391040802
swz,2005,0.915912091732025
swz,2006,0.931035757064819
swz,2007,0.923059821128845
swz,2008,0.912765681743622
swz,2009,0.952788412570953
swz,2010,0.980661332607269
swz,2011,0.917762637138367
swz,2012,0.901935338973999
swz,2013,0.90613317489624
swz,2014,0.905066311359406
swz,2015,0.907726645469666
swz,2016,0.900868952274323
swz,2017,0.942140638828278
swz,2018,0.970242083072662
swz,2019,0.956328451633453
swz,2020,0.976415991783142
swz,2021,1.0
swz,2022,0.915744483470917
swz,2023,1.01015472412109
tgo,1980,1.05222678184509
tgo,1981,0.928846538066864
tgo,1982,0.924773037433624
tgo,1983,0.815303802490234
tgo,1984,0.749007880687714
tgo,1985,0.799586534500122
tgo,1986,0.848061859607697
tgo,1987,0.776412546634674
tgo,1988,0.799117624759674
tgo,1989,0.825681030750275
tgo,1990,0.861345708370209
tgo,1991,0.794051110744476
tgo,1992,0.750186562538147
tgo,1993,0.59277606010437
tgo,1994,0.693616449832916
tgo,1995,0.713475704193115
tgo,1996,0.78936094045639
tgo,1997,0.801243364810944
tgo,1998,0.725819826126099
tgo,1999,0.721610069274902
tgo,2000,0.722318291664124
tgo,2001,0.725966215133667
tgo,2002,0.7334303855896
tgo,2003,0.763225793838501
tgo,2004,0.7412468791008
tgo,2005,0.743462324142456
tgo,2006,0.813866436481476
tgo,2007,0.888775050640106
tgo,2008,0.908719956874847
tgo,2009,0.930009126663208
tgo,2010,0.940461218357086
tgo,2011,0.971248090267181
tgo,2012,0.942166566848755
tgo,2013,0.983149468898773
tgo,2014,0.969819784164429
tgo,2015,0.995502293109894
tgo,2016,0.971907734870911
tgo,2017,0.925873637199402
tgo,2018,0.944742977619171
tgo,2019,0.954690992832184
tgo,2020,0.954395174980164
tgo,2021,1.0
tgo,2022,1.0259702205658
tgo,2023,1.033611536026
tha,1954,0.752340018749237
tha,1955,0.683763563632965
tha,1956,0.68392813205719
tha,1957,0.746515095233917
tha,1958,0.75533789396286
tha,1959,0.791941404342651
tha,1960,0.838529109954834
tha,1961,0.839731156826019
tha,1962,0.869301080703735
tha,1963,0.898296892642975
tha,1964,0.885751247406006
tha,1965,0.894314169883728
tha,1966,0.937138855457306
tha,1967,0.942313849925995
tha,1968,0.954783320426941
tha,1969,0.964399993419647
tha,1970,1.22220492362976
tha,1971,1.13557887077332
tha,1972,1.102947473526
tha,1973,1.16003346443176
tha,1974,1.10364711284637
tha,1975,1.10698843002319
tha,1976,1.1148716211319
tha,1977,1.16774368286133
tha,1978,1.1693629026413
tha,1979,1.13625395298004
tha,1980,1.07698607444763
tha,1981,1.07110726833344
tha,1982,1.04750800132751
tha,1983,1.00818979740143
tha,1984,0.977669358253479
tha,1985,0.941957175731659
tha,1986,0.896635174751282
tha,1987,0.922358155250549
tha,1988,0.962935566902161
tha,1989,0.97896021604538
tha,1990,1.07451188564301
tha,1991,1.04669666290283
tha,1992,1.03604602813721
tha,1993,1.04722809791565
tha,1994,1.07534170150757
tha,1995,1.08480668067932
tha,1996,1.07687652111053
tha,1997,0.930105090141296
tha,1998,0.736821353435516
tha,1999,0.758510231971741
tha,2000,0.788899064064026
tha,2001,0.814358770847321
tha,2002,0.837031543254852
tha,2003,0.875548124313355
tha,2004,0.912062168121338
tha,2005,0.971968591213226
tha,2006,0.935726583003998
tha,2007,0.922227323055267
tha,2008,0.931527018547058
tha,2009,0.853862881660461
tha,2010,0.923363924026489
tha,2011,0.926114559173584
tha,2012,0.972625911235809
tha,2013,0.966719448566437
tha,2014,0.924130380153656
tha,2015,0.930950343608856
tha,2016,0.926617085933685
tha,2017,0.952732980251312
tha,2018,0.99821674823761
tha,2019,0.989366054534912
tha,2020,0.979706525802612
tha,2021,1.0
tha,2022,0.96297812461853
tha,2023,1.01620602607727
tjk,1994,0.200155109167099
tjk,1995,0.18729604780674
tjk,1996,0.136501476168633
tjk,1997,0.170218512415886
tjk,1998,0.183164954185486
tjk,1999,0.181764513254166
tjk,2000,0.199658572673798
tjk,2001,0.222227558493614
tjk,2002,0.250339806079865
tjk,2003,0.291583001613617
tjk,2004,0.312904268503189
tjk,2005,0.366163164377213
tjk,2006,0.408458948135376
tjk,2007,0.473090291023254
tjk,2008,0.490263640880585
tjk,2009,0.496347695589066
tjk,2010,0.547047853469849
tjk,2011,0.662295699119568
tjk,2012,0.701069593429565
tjk,2013,0.777417123317719
tjk,2014,0.830638289451599
tjk,2015,0.813964307308197
tjk,2016,0.849816560745239
tjk,2017,0.842764675617218
tjk,2018,0.916164875030518
tjk,2019,0.957802295684815
tjk,2020,0.971265554428101
tjk,2021,1.0
tjk,2022,1.10062623023987
tjk,2023,1.147784948349
tto,1954,1.03257477283478
tto,1955,1.136638879776
tto,1956,1.15781164169312
tto,1957,1.25816607475281
tto,1958,1.33977544307709
tto,1959,1.37150025367737
tto,1960,1.40904176235199
tto,1961,1.44806373119354
tto,1962,1.42301821708679
tto,1963,1.46955811977386
tto,1964,1.48736262321472
tto,1965,1.40149343013763
tto,1966,1.36832273006439
tto,1967,1.3551127910614
tto,1968,1.42290341854095
tto,1969,1.45456969738007
tto,1970,1.52820324897766
tto,1971,1.63663971424103
tto,1972,1.68068027496338
tto,1973,1.57682812213898
tto,1974,1.68165421485901
tto,1975,1.84538614749908
tto,1976,1.94326055049896
tto,1977,1.91095745563507
tto,1978,2.03465819358826
tto,1979,2.10922765731812
tto,1980,2.18229484558105
tto,1981,2.06099987030029
tto,1982,2.13082933425903
tto,1983,1.89655840396881
tto,1984,1.62792789936066
tto,1985,1.5316401720047
tto,1986,1.50060069561005
tto,1987,1.32555282115936
tto,1988,1.23088562488556
tto,1989,1.18625903129578
tto,1990,1.15707504749298
tto,1991,1.19302213191986
tto,1992,1.09563803672791
tto,1993,1.11497390270233
tto,1994,1.07745039463043
tto,1995,1.05282378196716
tto,1996,1.06192529201508
tto,1997,1.20685040950775
tto,1998,1.15633046627045
tto,1999,1.10655462741852
tto,2000,1.15452539920807
tto,2001,1.12562072277069
tto,2002,1.18495142459869
tto,2003,1.30154657363892
tto,2004,1.40760004520416
tto,2005,1.23964512348175
tto,2006,1.04602122306824
tto,2007,1.37900602817535
tto,2008,1.51054835319519
tto,2009,1.43756747245789
tto,2010,1.32673752307892
tto,2011,1.37540113925934
tto,2012,1.42233848571777
tto,2013,1.31616115570068
tto,2014,1.34982645511627
tto,2015,1.44517493247986
tto,2016,1.4011367559433
tto,2017,1.19585227966309
tto,2018,1.1190299987793
tto,2019,1.13714826107025
tto,2020,1.16085004806519
tto,2021,1.0
tto,2022,0.796481192111969
tto,2023,1.06976568698883
tun,1964,0.773345351219177
tun,1965,0.787769436836243
tun,1966,0.767356932163239
tun,1967,0.747543871402741
tun,1968,0.74625563621521
tun,1969,0.762393653392792
tun,1970,0.972866773605347
tun,1971,0.992271900177002
tun,1972,1.09112048149109
tun,1973,1.05884027481079
tun,1974,1.11254262924194
tun,1975,1.21135687828064
tun,1976,1.20009589195251
tun,1977,1.20213496685028
tun,1978,1.20113253593445
tun,1979,1.18145835399628
tun,1980,1.22848308086395
tun,1981,1.26945722103119
tun,1982,1.23384606838226
tun,1983,1.20553517341614
tun,1984,1.2142961025238
tun,1985,1.14224910736084
tun,1986,1.05542325973511
tun,1987,0.996013224124908
tun,1988,0.949368000030518
tun,1989,0.981179594993591
tun,1990,1.02876663208008
tun,1991,1.00316095352173
tun,1992,1.05303287506104
tun,1993,1.02273857593536
tun,1994,0.966816663742065
tun,1995,0.965215623378754
tun,1996,0.985797464847565
tun,1997,0.997532248497009
tun,1998,0.993020474910736
tun,1999,0.972205817699432
tun,2000,0.993587195873261
tun,2001,1.00910139083862
tun,2002,0.991134166717529
tun,2003,0.985590279102325
tun,2004,1.00853276252747
tun,2005,1.01866602897644
tun,2006,1.03680837154388
tun,2007,1.05805993080139
tun,2008,1.06488025188446
tun,2009,1.07960140705109
tun,2010,1.08894169330597
tun,2011,1.07919085025787
tun,2012,1.10753166675568
tun,2013,1.10242605209351
tun,2014,1.1024272441864
tun,2015,1.12458395957947
tun,2016,1.15248763561249
tun,2017,1.13036048412323
tun,2018,1.09783279895782
tun,2019,1.05153429508209
tun,2020,0.982471466064453
tun,2021,1.0
tun,2022,1.01528680324554
tun,2023,1.00594758987427
tur,1954,1.07804548740387
tur,1955,1.13170719146729
tur,1956,1.12353920936584
tur,1957,1.30557131767273
tur,1958,1.32830381393433
tur,1959,1.23428058624268
tur,1960,1.16837704181671
tur,1961,1.14451313018799
tur,1962,1.17644953727722
tur,1963,1.23598229885101
tur,1964,1.2016578912735
tur,1965,1.17812490463257
tur,1966,1.25035786628723
tur,1967,1.24118280410767
tur,1968,1.27519500255585
tur,1969,1.28208029270172
tur,1970,1.2779746055603
tur,1971,1.28551340103149
tur,1972,1.31587445735931
tur,1973,1.28784334659576
tur,1974,1.21831393241882
tur,1975,1.24357569217682
tur,1976,1.28926050662994
tur,1977,1.30670976638794
tur,1978,1.23503482341766
tur,1979,1.18656432628632
tur,1980,1.15401017665863
tur,1981,1.13141644001007
tur,1982,1.10556888580322
tur,1983,1.12992405891418
tur,1984,1.16348135471344
tur,1985,1.1253068447113
tur,1986,1.14093136787415
tur,1987,1.18134331703186
tur,1988,1.11394250392914
tur,1989,1.05111992359161
tur,1990,1.14051032066345
tur,1991,1.09844923019409
tur,1992,1.07903575897217
tur,1993,1.16464877128601
tur,1994,1.00895357131958
tur,1995,1.02059590816498
tur,1996,1.05073404312134
tur,1997,1.0921642780304
tur,1998,1.03611409664154
tur,1999,0.963115513324738
tur,2000,1.00334072113037
tur,2001,0.886951208114624
tur,2002,0.92626303434372
tur,2003,0.982450783252716
tur,2004,1.05440843105316
tur,2005,1.06770002841949
tur,2006,1.06743109226227
tur,2007,1.06502890586853
tur,2008,1.00925314426422
tur,2009,0.921059191226959
tur,2010,0.969303011894226
tur,2011,1.02149057388306
tur,2012,0.998991072177887
tur,2013,1.03260111808777
tur,2014,1.01329398155212
tur,2015,1.01571404933929
tur,2016,1.00597536563873
tur,2017,1.00975275039673
tur,2018,0.978362143039703
tur,2019,0.938931584358215
tur,2020,1.00196874141693
tur,2021,1.0
tur,2022,1.03707349300385
tur,2023,1.09590768814087
twn,1955,0.303857952356339
twn,1956,0.311699479818344
twn,1957,0.319934368133545
twn,1958,0.331691086292267
twn,1959,0.346058040857315
twn,1960,0.357356786727905
twn,1961,0.373322665691376
twn,1962,0.379854619503021
twn,1963,0.395300000905991
twn,1964,0.434673339128494
twn,1965,0.482585966587067
twn,1966,0.484372228384018
twn,1967,0.516820430755615
twn,1968,0.538766205310822
twn,1969,0.547958970069885
twn,1970,0.577869176864624
twn,1971,0.599892973899841
twn,1972,0.618127465248108
twn,1973,0.638361692428589
twn,1974,0.664631962776184
twn,1975,0.6287961602211
twn,1976,0.660340249538422
twn,1977,0.650244772434235
twn,1978,0.672289490699768
twn,1979,0.69968569278717
twn,1980,0.70670485496521
twn,1981,0.691818416118622
twn,1982,0.677409827709198
twn,1983,0.67114120721817
twn,1984,0.676594734191895
twn,1985,0.664392352104187
twn,1986,0.66607540845871
twn,1987,0.708302617073059
twn,1988,0.795518934726715
twn,1989,0.833940863609314
twn,1990,0.86291766166687
twn,1991,0.899070560932159
twn,1992,0.926876366138458
twn,1993,0.937976598739624
twn,1994,0.968215823173523
twn,1995,0.964355051517487
twn,1996,1.00179624557495
twn,1997,1.05775797367096
twn,1998,1.06710684299469
twn,1999,1.05881142616272
twn,2000,1.06194317340851
twn,2001,1.02654075622559
twn,2002,1.02697992324829
twn,2003,1.01603782176971
twn,2004,1.03583359718323
twn,2005,1.02083039283752
twn,2006,0.99814635515213
twn,2007,0.980370283126831
twn,2008,0.935097992420197
twn,2009,0.896768510341644
twn,2010,0.956713020801544
twn,2011,0.934540748596191
twn,2012,0.926011443138123
twn,2013,0.930023908615112
twn,2014,0.95005339384079
twn,2015,0.951636016368866
twn,2016,0.957684218883514
twn,2017,0.951741397380829
twn,2018,0.967195928096771
twn,2019,0.979784965515137
twn,2020,0.983901023864746
twn,2021,1.0
twn,2022,1.00588500499725
twn,2023,1.00119233131409
tza,1964,0.671870052814484
tza,1965,0.659864902496338
tza,1966,0.666871011257172
tza,1967,0.677209615707398
tza,1968,0.700784802436829
tza,1969,0.667307496070862
tza,1970,0.695842564105988
tza,1971,0.699043035507202
tza,1972,0.683519840240479
tza,1973,0.67396754026413
tza,1974,0.698751330375671
tza,1975,0.718833863735199
tza,1976,0.669851779937744
tza,1977,0.632417917251587
tza,1978,0.676496148109436
tza,1979,0.648065328598023
tza,1980,0.621012330055237
tza,1981,0.576141536235809
tza,1982,0.571990072727203
tza,1983,0.566186547279358
tza,1984,0.569073498249054
tza,1985,0.59023129940033
tza,1986,0.635550856590271
tza,1987,0.67828094959259
tza,1988,0.805921852588654
tza,1989,0.831570565700531
tza,1990,0.895389378070831
tza,1991,0.872952699661255
tza,1992,0.837943255901337
tza,1993,0.811467468738556
tza,1994,0.792072415351868
tza,1995,0.762895047664642
tza,1996,0.774451434612274
tza,1997,0.810227692127228
tza,1998,0.876814961433411
tza,1999,0.891136825084686
tza,2000,0.88727730512619
tza,2001,0.908102810382843
tza,2002,0.947186410427094
tza,2003,0.959563195705414
tza,2004,0.97403746843338
tza,2005,1.02708721160889
tza,2006,1.04581940174103
tza,2007,1.10297060012817
tza,2008,1.08529853820801
tza,2009,1.04075586795807
tza,2010,1.073646068573
tza,2011,1.16308057308197
tza,2012,1.11798465251923
tza,2013,1.11493444442749
tza,2014,1.08534002304077
tza,2015,1.05848670005798
tza,2016,1.03253853321075
tza,2017,1.01912820339203
tza,2018,1.06471228599548
tza,2019,1.03290522098541
tza,2020,1.03076875209808
tza,2021,1.0
tza,2022,0.978108286857605
tza,2023,0.944171607494354
ukr,1994,0.481890439987183
ukr,1995,0.385091006755829
ukr,1996,0.340210884809494
ukr,1997,0.340948224067688
ukr,1998,0.349598288536072
ukr,1999,0.355684489011765
ukr,2000,0.377397030591965
ukr,2001,0.424923986196518
ukr,2002,0.441579014062881
ukr,2003,0.49905002117157
ukr,2004,0.53653347492218
ukr,2005,0.607529699802399
ukr,2006,0.680619776248932
ukr,2007,0.779259979724884
ukr,2008,0.82885354757309
ukr,2009,0.64470636844635
ukr,2010,0.67505556344986
ukr,2011,0.75930780172348
ukr,2012,0.796193361282349
ukr,2013,0.811594486236572
ukr,2014,0.766930043697357
ukr,2015,0.725309073925018
ukr,2016,0.785171389579773
ukr,2017,0.842942595481873
ukr,2018,0.876649737358093
ukr,2019,0.891086280345917
ukr,2020,0.882586300373077
ukr,2021,1.0
ukr,2022,0.83842259645462
ukr,2023,0.920068323612213
ury,1954,1.25920391082764
ury,1955,1.09593451023102
ury,1956,0.985687851905823
ury,1957,1.03791105747223
ury,1958,0.809103727340698
ury,1959,0.829345047473908
ury,1960,0.886292040348053
ury,1961,0.895493745803833
ury,1962,0.818349719047546
ury,1963,0.744792461395264
ury,1964,0.707820594310761
ury,1965,0.672675311565399
ury,1966,0.71485835313797
ury,1967,0.734827876091003
ury,1968,0.688689529895783
ury,1969,0.784839272499085
ury,1970,0.837806105613709
ury,1971,0.837340235710144
ury,1972,0.789189755916596
ury,1973,0.796238005161285
ury,1974,0.794994473457336
ury,1975,0.833584427833557
ury,1976,0.829102456569672
ury,1977,0.820598840713501
ury,1978,0.837682068347931
ury,1979,0.881918013095856
ury,1980,0.903535127639771
ury,1981,0.870460331439972
ury,1982,0.757432639598846
ury,1983,0.634103357791901
ury,1984,0.596840381622315
ury,1985,0.587363481521606
ury,1986,0.658315002918243
ury,1987,0.742032289505005
ury,1988,0.711070716381073
ury,1989,0.688378632068634
ury,1990,0.662557542324066
ury,1991,0.70877742767334
ury,1992,0.802041232585907
ury,1993,0.834789633750916
ury,1994,0.883329510688782
ury,1995,0.845550894737244
ury,1996,0.878741681575775
ury,1997,0.899102568626404
ury,1998,0.908901453018189
ury,1999,0.888473272323608
ury,2000,0.858946204185486
ury,2001,0.828723609447479
ury,2002,0.765380382537842
ury,2003,0.760371685028076
ury,2004,0.768626391887665
ury,2005,0.800399661064148
ury,2006,0.817748844623566
ury,2007,0.837950170040131
ury,2008,0.899110674858093
ury,2009,0.875378370285034
ury,2010,0.935343861579895
ury,2011,0.964702367782593
ury,2012,1.01743793487549
ury,2013,1.05148220062256
ury,2014,1.04635763168335
ury,2015,1.02820801734924
ury,2016,1.0261036157608
ury,2017,1.02980840206146
ury,2018,1.03346395492554
ury,2019,1.02802991867065
ury,2020,0.985771477222443
ury,2021,1.0
ury,2022,0.996463119983673
ury,2023,1.01078104972839
usa,1954,0.618935286998749
usa,1955,0.640142381191254
usa,1956,0.634484171867371
usa,1957,0.640108525753021
usa,1958,0.647172689437866
usa,1959,0.665621936321259
usa,1960,0.664399027824402
usa,1961,0.670482754707336
usa,1962,0.686830520629883
usa,1963,0.695705890655518
usa,1964,0.704298496246338
usa,1965,0.7184277176857
usa,1966,0.732011437416077
usa,1967,0.730281412601471
usa,1968,0.742410004138947
usa,1969,0.737974107265472
usa,1970,0.732205510139465
usa,1971,0.745595037937164
usa,1972,0.756796717643738
usa,1973,0.760046184062958
usa,1974,0.733301818370819
usa,1975,0.727242588996887
usa,1976,0.748698472976685
usa,1977,0.757873296737671
usa,1978,0.760701477527618
usa,1979,0.749320089817047
usa,1980,0.723262429237366
usa,1981,0.727747976779938
usa,1982,0.716529428958893
usa,1983,0.738620638847351
usa,1984,0.763617157936096
usa,1985,0.771330296993256
usa,1986,0.780086278915405
usa,1987,0.778124094009399
usa,1988,0.778079032897949
usa,1989,0.777095198631287
usa,1990,0.776376783847809
usa,1991,0.767728626728058
usa,1992,0.785496175289154
usa,1993,0.789734780788422
usa,1994,0.796902060508728
usa,1995,0.794723927974701
usa,1996,0.804027795791626
usa,1997,0.814558506011963
usa,1998,0.832869052886963
usa,1999,0.85235732793808
usa,2000,0.868068158626556
usa,2001,0.87076723575592
usa,2002,0.88696151971817
usa,2003,0.905230581760407
usa,2004,0.923871695995331
usa,2005,0.933391928672791
usa,2006,0.930801808834076
usa,2007,0.924327313899994
usa,2008,0.910661399364471
usa,2009,0.903714954853058
usa,2010,0.921862363815308
usa,2011,0.918184816837311
usa,2012,0.917856931686401
usa,2013,0.917653977870941
usa,2014,0.921730577945709
usa,2015,0.932495892047882
usa,2016,0.933093130588532
usa,2017,0.939149379730225
usa,2018,0.945454359054565
usa,2019,0.951795697212219
usa,2020,0.963344991207123
usa,2021,1.0
usa,2022,0.987051606178284
usa,2023,0.990676045417786
ven,1954,7.34250164031982
ven,1955,7.34339809417725
ven,1956,7.55831670761108
ven,1957,8.43197727203369
ven,1958,8.17368030548096
ven,1959,8.10392284393311
ven,1960,6.89478445053101
ven,1961,6.69140958786011
ven,1962,6.7777738571167
ven,1963,6.89575147628784
ven,1964,7.7482476234436
ven,1965,7.78523683547974
ven,1966,7.44053363800049
ven,1967,7.46074962615967
ven,1968,8.27620124816895
ven,1969,8.34788322448731
ven,1970,8.97836112976074
ven,1971,7.70371103286743
ven,1972,7.61373281478882
ven,1973,7.35447406768799
ven,1974,6.30593156814575
ven,1975,7.07771158218384
ven,1976,7.69463968276978
ven,1977,8.0784215927124
ven,1978,7.14099073410034
ven,1979,6.03994846343994
ven,1980,5.27090930938721
ven,1981,5.19212198257446
ven,1982,5.18232393264771
ven,1983,4.14669942855835
ven,1984,4.37999439239502
ven,1985,4.29263925552368
ven,1986,4.27661371231079
ven,1987,4.37010717391968
ven,1988,4.56236791610718
ven,1989,3.57474875450134
ven,1990,3.56116914749146
ven,1991,4.19298696517944
ven,1992,4.56010103225708
ven,1993,4.09620380401611
ven,1994,3.5300304889679
ven,1995,3.68167567253113
ven,1996,3.36767935752869
ven,1997,3.60720062255859
ven,1998,3.49769163131714
ven,1999,3.29823708534241
ven,2000,3.38347148895264
ven,2001,3.51089310646057
ven,2002,2.94239664077759
ven,2003,2.62497901916504
ven,2004,3.24893951416016
ven,2005,3.7250394821167
ven,2006,4.25603103637695
ven,2007,4.85058069229126
ven,2008,4.84264993667603
ven,2009,4.34710025787354
ven,2010,4.19592428207398
ven,2011,4.38590860366821
ven,2012,4.7229962348938
ven,2013,4.54148054122925
ven,2014,4.12092781066895
ven,2015,3.61034178733826
ven,2016,2.29185342788696
ven,2017,2.05738663673401
ven,2018,1.1881730556488
ven,2019,1.61084949970245
ven,2020,1.19052481651306
ven,2021,1.0
ven,2022,0.83177262544632
ven,2023,0.674408257007599
zaf,1954,0.628008604049683
zaf,1955,0.633842766284943
zaf,1956,0.630088806152344
zaf,1957,0.652672350406647
zaf,1958,0.647176384925842
zaf,1959,0.59734433889389
zaf,1960,0.62159651517868
zaf,1961,0.622175931930542
zaf,1962,0.62455689907074
zaf,1963,0.673191845417023
zaf,1964,0.714966833591461
zaf,1965,0.730723381042481
zaf,1966,0.718458592891693
zaf,1967,0.763004064559937
zaf,1968,0.765327990055084
zaf,1969,0.803366780281067
zaf,1970,0.857827067375183
zaf,1971,0.886621117591858
zaf,1972,0.836627960205078
zaf,1973,0.883829832077026
zaf,1974,0.941840052604675
zaf,1975,0.951827347278595
zaf,1976,0.900974214076996
zaf,1977,0.867410778999329
zaf,1978,0.847743034362793
zaf,1979,0.870882213115692
zaf,1980,0.98268461227417
zaf,1981,1.01770186424255
zaf,1982,0.931146383285523
zaf,1983,0.926787555217743
zaf,1984,0.929011285305023
zaf,1985,0.845357000827789
zaf,1986,0.822644948959351
zaf,1987,0.814245343208313
zaf,1988,0.843683004379273
zaf,1989,0.839993536472321
zaf,1990,0.813554406166077
zaf,1991,0.803609848022461
zaf,1992,0.811207711696625
zaf,1993,0.837745368480682
zaf,1994,0.86360639333725
zaf,1995,0.882344126701355
zaf,1996,0.889151811599731
zaf,1997,0.889824450016022
zaf,1998,0.872785270214081
zaf,1999,0.858125507831574
zaf,2000,0.871798574924469
zaf,2001,0.902273416519165
zaf,2002,0.928695857524872
zaf,2003,0.986457169055939
zaf,2004,1.02612674236298
zaf,2005,1.04365599155426
zaf,2006,1.04688596725464
zaf,2007,1.07281959056854
zaf,2008,1.06470572948456
zaf,2009,1.02339160442352
zaf,2010,1.0491213798523
zaf,2011,1.05664050579071
zaf,2012,1.06304180622101
zaf,2013,1.05901324748993
zaf,2014,1.04085576534271
zaf,2015,1.01697933673859
zaf,2016,0.993535697460175
zaf,2017,0.998085737228394
zaf,2018,0.981492400169373
zaf,2019,0.965184032917023
zaf,2020,0.994129002094269
zaf,2021,1.0
zaf,2022,0.986090958118439
zaf,2023,0.948167204856873
zmb,1959,0.846903145313263
zmb,1960,0.847330331802368
zmb,1961,0.838877618312836
zmb,1962,0.840142071247101
zmb,1963,0.851511299610138
zmb,1964,0.908059239387512
zmb,1965,0.964724719524384
zmb,1966,1.09490156173706
zmb,1967,1.23711121082306
zmb,1968,1.22316443920136
zmb,1969,1.07535588741303
zmb,1970,0.984827399253845
zmb,1971,0.961199045181274
zmb,1972,0.951671183109283
zmb,1973,0.87079930305481
zmb,1974,0.909366846084595
zmb,1975,0.97003173828125
zmb,1976,0.885251104831696
zmb,1977,0.809155762195587
zmb,1978,0.778567790985107
zmb,1979,0.79262387752533
zmb,1980,0.820596218109131
zmb,1981,0.870757281780243
zmb,1982,0.783877432346344
zmb,1983,0.738188862800598
zmb,1984,0.753906071186066
zmb,1985,0.795833826065064
zmb,1986,0.816961944103241
zmb,1987,0.835515916347504
zmb,1988,0.878819942474365
zmb,1989,0.847748398780823
zmb,1990,0.756656229496002
zmb,1991,0.783369421958923
zmb,1992,0.839002966880798
zmb,1993,0.753770649433136
zmb,1994,0.712984919548035
zmb,1995,0.747356474399567
zmb,1996,0.820720136165619
zmb,1997,0.849285304546356
zmb,1998,0.879141330718994
zmb,1999,0.942443609237671
zmb,2000,0.996854960918427
zmb,2001,1.04064893722534
zmb,2002,1.00507140159607
zmb,2003,0.988600850105286
zmb,2004,1.00057303905487
zmb,2005,0.994192063808441
zmb,2006,1.03783190250397
zmb,2007,1.32275032997131
zmb,2008,1.35522794723511
zmb,2009,1.39712965488434
zmb,2010,1.45875918865204
zmb,2011,1.48725926876068
zmb,2012,1.58341729640961
zmb,2013,1.63077926635742
zmb,2014,1.56516897678375
zmb,2015,1.59095227718353
zmb,2016,1.44347238540649
zmb,2017,1.38222217559814
zmb,2018,1.30356907844543
zmb,2019,1.26360106468201
zmb,2020,1.0283637046814
zmb,2021,1.0
zmb,2022,0.976424217224121
zmb,2023,1.19141030311584
zwe,1958,0.299220383167267
zwe,1959,0.285516887903214
zwe,1960,0.283793866634369
zwe,1961,0.29095783829689
zwe,1962,0.270755976438522
zwe,1963,0.267161339521408
zwe,1964,0.257629632949829
zwe,1965,0.27259236574173
zwe,1966,0.266816228628159
zwe,1967,0.274318605661392
zwe,1968,0.257172107696533
zwe,1969,0.299824625253677
zwe,1970,0.364775896072388
zwe,1971,0.39701983332634
zwe,1972,0.41138482093811
zwe,1973,0.417957574129105
zwe,1974,0.45540776848793
zwe,1975,0.432864785194397
zwe,1976,0.402185171842575
zwe,1977,0.357779294252396
zwe,1978,0.374053090810776
zwe,1979,0.403773188591003
zwe,1980,0.425745338201523
zwe,1981,0.490772396326065
zwe,1982,0.465562760829926
zwe,1983,0.467608541250229
zwe,1984,0.393740743398666
zwe,1985,0.393684983253479
zwe,1986,0.384413838386536
zwe,1987,0.365576863288879
zwe,1988,0.412999659776688
zwe,1989,0.436184525489807
zwe,1990,0.451546102762222
zwe,1991,0.50218015909195
zwe,1992,0.45569509267807
zwe,1993,0.405808985233307
zwe,1994,0.434588849544525
zwe,1995,0.384329348802567
zwe,1996,0.383574366569519
zwe,1997,0.39884477853775
zwe,1998,0.382755428552628
zwe,1999,0.372645825147629
zwe,2000,0.338348418474197
zwe,2001,0.37731659412384
zwe,2002,0.402752280235291
zwe,2003,0.298914194107056
zwe,2004,0.292493581771851
zwe,2005,0.108178794384003
zwe,2006,0.421759128570557
zwe,2007,0.506651699542999
zwe,2008,0.460374414920807
zwe,2009,0.924181520938873
zwe,2010,1.01660656929016
zwe,2011,1.03252410888672
zwe,2012,1.19363808631897
zwe,2013,1.07997572422028
zwe,2014,1.06809985637665
zwe,2015,1.21797132492065
zwe,2016,1.11692368984222
zwe,2017,1.12534737586975
zwe,2018,1.10452020168304
zwe,2019,0.975594341754913
zwe,2020,0.926897525787354
zwe,2021,1.0
zwe,2022,1.03937077522278
zwe,2023,0.994880974292755
