country,year,cn
abw,1970,1279.95727539063
abw,1971,1404.89978027344
abw,1972,1542.16394042969
abw,1973,1690.86108398438
abw,1974,1855.59619140625
abw,1975,2033.5517578125
abw,1976,2225.21826171875
abw,1977,2438.01879882813
abw,1978,2668.08471679688
abw,1979,2922.90673828125
abw,1980,3199.791015625
abw,1981,3507.7744140625
abw,1982,3840.59301757813
abw,1983,4189.53662109375
abw,1984,4577.12353515625
abw,1985,5013.7060546875
abw,1986,5484.23681640625
abw,1987,6042.62646484375
abw,1988,6729.98583984375
abw,1989,7511.79833984375
abw,1990,8254.263671875
abw,1991,9029.81640625
abw,1992,9898.6923828125
abw,1993,10831.6376953125
abw,1994,11853.318359375
abw,1995,12915.638671875
abw,1996,13857.271484375
abw,1997,14993.0908203125
abw,1998,16366.9599609375
abw,1999,17673.70703125
abw,2000,18541.3203125
abw,2001,19442.369140625
abw,2002,20575.248046875
abw,2003,21982.357421875
abw,2004,23548.9375
abw,2005,25524.708984375
abw,2006,27580.51953125
abw,2007,29504.23828125
abw,2008,31460.490234375
abw,2009,32883.515625
abw,2010,33989.49609375
abw,2011,34865.96484375
abw,2012,31570.458984375
abw,2013,29895.3359375
abw,2014,27070.685546875
abw,2015,24339.126953125
abw,2016,21043.9921875
abw,2017,18997.287109375
abw,2018,21126.40234375
abw,2019,20307.86328125
abw,2020,21618.939453125
abw,2021,22440.20703125
abw,2022,22781.564453125
abw,2023,22741.716796875
ago,1970,84761.9453125
ago,1971,93722.4609375
ago,1972,102340.234375
ago,1973,111563.9296875
ago,1974,121023.6484375
ago,1975,129294.671875
ago,1976,136347.546875
ago,1977,143917.375
ago,1978,150128.3125
ago,1979,156396.3125
ago,1980,161762.734375
ago,1981,167668.875
ago,1982,174711.203125
ago,1983,179194.328125
ago,1984,184452.234375
ago,1985,187845.375
ago,1986,190425.8125
ago,1987,193003.734375
ago,1988,194743.25
ago,1989,195130.453125
ago,1990,194326.390625
ago,1991,198953.765625
ago,1992,195770.15625
ago,1993,229486.5625
ago,1994,241486.140625
ago,1995,255894.1875
ago,1996,281528.71875
ago,1997,297164.25
ago,1998,324158.9375
ago,1999,341980.25
ago,2000,342764.0
ago,2001,347008.8125
ago,2002,355636.875
ago,2003,365307.625
ago,2004,379006.6875
ago,2005,395104.65625
ago,2006,424624.28125
ago,2007,486195.5
ago,2008,591046.4375
ago,2009,742652.75
ago,2010,919790.75
ago,2011,1078727.875
ago,2012,1170629.875
ago,2013,1190952.875
ago,2014,1310791.0
ago,2015,1308671.75
ago,2016,1275201.875
ago,2017,1534771.125
ago,2018,1268128.625
ago,2019,1174152.875
ago,2020,833200.75
ago,2021,683729.4375
ago,2022,696243.0
ago,2023,703745.125
aia,1970,382.646392822266
aia,1971,414.614013671875
aia,1972,451.7998046875
aia,1973,490.379516601563
aia,1974,528.558959960938
aia,1975,566.950744628906
aia,1976,605.515808105469
aia,1977,645.291137695313
aia,1978,688.183471679688
aia,1979,736.88818359375
aia,1980,786.19189453125
aia,1981,839.210021972656
aia,1982,891.142395019531
aia,1983,935.665161132813
aia,1984,978.60009765625
aia,1985,1028.9677734375
aia,1986,1110.21850585938
aia,1987,1212.44262695313
aia,1988,1284.50415039063
aia,1989,1372.21704101563
aia,1990,1477.38732910156
aia,1991,1530.1337890625
aia,1992,1621.7890625
aia,1993,1693.00317382813
aia,1994,1767.02294921875
aia,1995,1845.01831054688
aia,1996,1934.35498046875
aia,1997,2020.26220703125
aia,1998,2171.11791992188
aia,1999,2367.9345703125
aia,2000,2545.48876953125
aia,2001,2664.833984375
aia,2002,2731.83056640625
aia,2003,2814.72241210938
aia,2004,2970.38305664063
aia,2005,3173.2607421875
aia,2006,3450.09716796875
aia,2007,3877.55224609375
aia,2008,4347.2646484375
aia,2009,4452.60888671875
aia,2010,4479.83984375
aia,2011,4443.7158203125
aia,2012,4013.65649414063
aia,2013,3624.19409179688
aia,2014,3348.1416015625
aia,2015,3065.72143554688
aia,2016,2877.06469726563
aia,2017,2415.42431640625
aia,2018,2865.67260742188
aia,2019,3364.373046875
aia,2020,3547.96264648438
aia,2021,3975.53491210938
aia,2022,4090.87573242188
aia,2023,4200.48291015625
alb,1970,22711.802734375
alb,1971,24193.52734375
alb,1972,25761.890625
alb,1973,27382.001953125
alb,1974,29102.287109375
alb,1975,30842.578125
alb,1976,32646.654296875
alb,1977,34582.18359375
alb,1978,36534.0703125
alb,1979,38705.40234375
alb,1980,40822.16015625
alb,1981,43046.01953125
alb,1982,45661.03515625
alb,1983,48037.66796875
alb,1984,50535.4140625
alb,1985,52800.796875
alb,1986,55105.890625
alb,1987,57438.73828125
alb,1988,59729.65625
alb,1989,62343.33203125
alb,1990,64706.3125
alb,1991,63212.4375
alb,1992,61922.99609375
alb,1993,61731.2578125
alb,1994,62386.1015625
alb,1995,63472.5546875
alb,1996,64788.12890625
alb,1997,64764.640625
alb,1998,64388.2734375
alb,1999,62579.734375
alb,2000,62967.5234375
alb,2001,63359.3046875
alb,2002,64448.82421875
alb,2003,66732.65625
alb,2004,70379.734375
alb,2005,75910.8125
alb,2006,97320.7265625
alb,2007,106958.34375
alb,2008,119917.5078125
alb,2009,134152.75
alb,2010,150299.1875
alb,2011,164769.515625
alb,2012,168428.03125
alb,2013,171346.3125
alb,2014,206277.40625
alb,2015,203614.4375
alb,2016,211923.6875
alb,2017,211866.796875
alb,2018,220434.625
alb,2019,231582.15625
alb,2020,235767.40625
alb,2021,242758.09375
alb,2022,253158.3125
alb,2023,262863.0
are,1970,337428.0
are,1971,351440.59375
are,1972,372920.5625
are,1973,387304.78125
are,1974,397184.4375
are,1975,439097.0
are,1976,490189.375
are,1977,563592.625
are,1978,650461.75
are,1979,737179.0
are,1980,817668.25
are,1981,892220.9375
are,1982,963754.4375
are,1983,1031795.5
are,1984,1097081.0
are,1985,1149094.375
are,1986,1196319.625
are,1987,1231582.5
are,1988,1267929.0
are,1989,1308119.125
are,1990,1343804.75
are,1991,1381384.5
are,1992,1438096.75
are,1993,1470749.25
are,1994,1507605.0
are,1995,1547952.625
are,1996,1592810.875
are,1997,1643482.125
are,1998,1702583.5
are,1999,1757763.625
are,2000,1812872.0
are,2001,1872792.75
are,2002,1940318.0
are,2003,2020494.25
are,2004,2103580.75
are,2005,2201865.25
are,2006,2311529.75
are,2007,2487315.5
are,2008,2659162.25
are,2009,2841829.75
are,2010,2982317.25
are,2011,3111479.5
are,2012,2907521.75
are,2013,2828598.75
are,2014,4135656.75
are,2015,4267525.0
are,2016,4423458.5
are,2017,4332636.0
are,2018,4057753.25
are,2019,4294786.5
are,2020,5296067.5
are,2021,5493170.0
are,2022,5720709.5
are,2023,5953913.5
arg,1950,62541.8984375
arg,1951,68654.9453125
arg,1952,73443.4140625
arg,1953,78126.828125
arg,1954,82708.859375
arg,1955,87915.890625
arg,1956,92227.296875
arg,1957,95449.0390625
arg,1958,101316.9765625
arg,1959,104813.0703125
arg,1960,112766.4140625
arg,1961,121368.71875
arg,1962,127703.4609375
arg,1963,131694.5
arg,1964,138274.78125
arg,1965,144819.625
arg,1966,150639.921875
arg,1967,156569.328125
arg,1968,163418.84375
arg,1969,173333.203125
arg,1970,183773.140625
arg,1971,195234.65625
arg,1972,205327.703125
arg,1973,214200.3125
arg,1974,224138.609375
arg,1975,234093.859375
arg,1976,241908.0
arg,1977,255841.328125
arg,1978,266685.28125
arg,1979,280605.78125
arg,1980,294758.84375
arg,1981,306053.4375
arg,1982,318989.03125
arg,1983,336038.8125
arg,1984,359397.0
arg,1985,388121.75
arg,1986,427338.5
arg,1987,481403.21875
arg,1988,550591.8125
arg,1989,634548.5
arg,1990,735458.1875
arg,1991,873050.4375
arg,1992,1069558.375
arg,1993,1327150.875
arg,1994,1628476.625
arg,1995,1900891.875
arg,1996,2054893.5
arg,1997,2110391.75
arg,1998,2143079.75
arg,1999,2125951.0
arg,2000,2079513.125
arg,2001,2021629.375
arg,2002,1910502.875
arg,2003,1887050.0
arg,2004,1902409.875
arg,2005,1952913.25
arg,2006,2052343.375
arg,2007,2238584.5
arg,2008,2500285.75
arg,2009,2750466.5
arg,2010,3031695.75
arg,2011,3284094.0
arg,2012,3362780.25
arg,2013,3398672.5
arg,2014,3444320.25
arg,2015,3512942.25
arg,2016,3481090.5
arg,2017,3665912.75
arg,2018,3878835.75
arg,2019,4035455.0
arg,2020,4382449.5
arg,2021,4714402.5
arg,2022,4855723.0
arg,2023,4962359.5
arm,1990,60618.1015625
arm,1991,62706.68359375
arm,1992,62145.375
arm,1993,61313.8046875
arm,1994,61246.546875
arm,1995,60888.79296875
arm,1996,60854.96875
arm,1997,60121.41796875
arm,1998,58751.57421875
arm,1999,56498.68359375
arm,2000,54015.55859375
arm,2001,51636.56640625
arm,2002,50118.265625
arm,2003,49435.359375
arm,2004,49453.15625
arm,2005,50712.34765625
arm,2006,52702.06640625
arm,2007,54707.4375
arm,2008,57012.3515625
arm,2009,57585.625
arm,2010,58516.05859375
arm,2011,59808.4296875
arm,2012,67702.9375
arm,2013,91203.25
arm,2014,88260.9609375
arm,2015,93613.265625
arm,2016,95791.75
arm,2017,99837.7734375
arm,2018,129905.4375
arm,2019,164010.59375
arm,2020,201069.03125
arm,2021,239942.453125
arm,2022,248957.296875
arm,2023,257531.15625
atg,1970,461.597442626953
atg,1971,483.545349121094
atg,1972,504.358703613281
atg,1973,522.603271484375
atg,1974,544.098937988281
atg,1975,564.702941894531
atg,1976,578.0556640625
atg,1977,576.434631347656
atg,1978,573.1865234375
atg,1979,606.297729492188
atg,1980,631.134094238281
atg,1981,659.638549804688
atg,1982,664.197265625
atg,1983,669.652587890625
atg,1984,682.348937988281
atg,1985,705.178405761719
atg,1986,747.070007324219
atg,1987,812.29248046875
atg,1988,887.890014648438
atg,1989,973.872985839844
atg,1990,1047.25390625
atg,1991,1114.20849609375
atg,1992,1172.87866210938
atg,1993,1222.9345703125
atg,1994,1275.16979980469
atg,1995,1341.16931152344
atg,1996,1420.47595214844
atg,1997,1505.57397460938
atg,1998,1632.23754882813
atg,1999,1815.94323730469
atg,2000,2048.26611328125
atg,2001,2219.72436523438
atg,2002,2457.22216796875
atg,2003,2775.88305664063
atg,2004,3217.076171875
atg,2005,3890.93920898438
atg,2006,5010.67626953125
atg,2007,6539.9794921875
atg,2008,8573.5615234375
atg,2009,11006.880859375
atg,2010,13079.4443359375
atg,2011,14020.0576171875
atg,2012,13297.3095703125
atg,2013,12766.2646484375
atg,2014,12221.6533203125
atg,2015,11706.568359375
atg,2016,12643.11328125
atg,2017,14248.64453125
atg,2018,11961.609375
atg,2019,16001.7060546875
atg,2020,18591.0
atg,2021,18469.47265625
atg,2022,19635.43359375
atg,2023,20604.27734375
aus,1950,474967.53125
aus,1951,510098.03125
aus,1952,520847.25
aus,1953,540619.9375
aus,1954,568088.5625
aus,1955,596411.875
aus,1956,616186.3125
aus,1957,635874.25
aus,1958,663181.8125
aus,1959,693266.8125
aus,1960,719208.25
aus,1961,736212.625
aus,1962,763174.375
aus,1963,796409.4375
aus,1964,839476.5625
aus,1965,875363.3125
aus,1966,912683.875
aus,1967,954724.8125
aus,1968,1000830.0625
aus,1969,1057249.75
aus,1970,1110067.125
aus,1971,1159743.25
aus,1972,1211399.875
aus,1973,1265153.5
aus,1974,1297260.75
aus,1975,1328073.0
aus,1976,1368570.625
aus,1977,1412893.75
aus,1978,1465669.25
aus,1979,1525135.5
aus,1980,1583794.5
aus,1981,1653047.625
aus,1982,1701451.5
aus,1983,1750329.5
aus,1984,1810234.125
aus,1985,1871099.25
aus,1986,1934461.0
aus,1987,2019412.125
aus,1988,2131175.25
aus,1989,2256491.5
aus,1990,2371086.25
aus,1991,2500417.0
aus,1992,2661455.25
aus,1993,2844888.75
aus,1994,3042447.0
aus,1995,3210251.5
aus,1996,3333993.0
aus,1997,3429903.5
aus,1998,3533061.75
aus,1999,3644105.25
aus,2000,3613278.75
aus,2001,3595864.0
aus,2002,3592019.25
aus,2003,3764196.0
aus,2004,3952628.0
aus,2005,4163487.5
aus,2006,4306629.0
aus,2007,4444956.0
aus,2008,4559504.0
aus,2009,4645361.0
aus,2010,4744773.5
aus,2011,4874187.0
aus,2012,5197899.5
aus,2013,6838111.0
aus,2014,6976320.0
aus,2015,6631231.5
aus,2016,6798418.5
aus,2017,6561996.5
aus,2018,6776144.5
aus,2019,7240472.0
aus,2020,7483181.5
aus,2021,7691365.5
aus,2022,7907751.5
aus,2023,8094737.0
aut,1950,133347.71875
aut,1951,140334.640625
aut,1952,143628.234375
aut,1953,144183.671875
aut,1954,147503.3125
aut,1955,155096.453125
aut,1956,160844.515625
aut,1957,167068.640625
aut,1958,172822.375
aut,1959,178763.046875
aut,1960,189012.359375
aut,1961,199678.75
aut,1962,208534.5625
aut,1963,217037.875
aut,1964,229193.6875
aut,1965,239560.21875
aut,1966,253954.703125
aut,1967,266964.65625
aut,1968,279716.59375
aut,1969,294814.34375
aut,1970,312883.09375
aut,1971,335160.375
aut,1972,358802.34375
aut,1973,382761.28125
aut,1974,405469.71875
aut,1975,425730.09375
aut,1976,444094.0
aut,1977,461853.21875
aut,1978,474304.59375
aut,1979,490827.21875
aut,1980,511422.625
aut,1981,545402.9375
aut,1982,594232.9375
aut,1983,659004.8125
aut,1984,731546.0
aut,1985,788522.75
aut,1986,826193.4375
aut,1987,870371.0625
aut,1988,923663.5
aut,1989,986070.125
aut,1990,1054967.75
aut,1991,1131376.125
aut,1992,1207869.0
aut,1993,1278321.0
aut,1994,1343209.75
aut,1995,1391414.375
aut,1996,1427129.25
aut,1997,1414872.75
aut,1998,1393609.25
aut,1999,1362055.125
aut,2000,1358292.125
aut,2001,1314276.25
aut,2002,1275666.0
aut,2003,1301185.375
aut,2004,1333674.25
aut,2005,1357166.125
aut,2006,1474198.0
aut,2007,1581906.625
aut,2008,1742589.25
aut,2009,1932890.875
aut,2010,2037605.75
aut,2011,2186019.0
aut,2012,2321276.5
aut,2013,2509405.0
aut,2014,2566180.0
aut,2015,2748437.0
aut,2016,2798657.25
aut,2017,2891243.0
aut,2018,3018957.25
aut,2019,3128627.25
aut,2020,3189829.0
aut,2021,3146882.0
aut,2022,3212486.75
aut,2023,3247967.0
aze,1990,11652.861328125
aze,1991,12527.4697265625
aze,1992,14175.8515625
aze,1993,15037.31640625
aze,1994,17030.796875
aze,1995,18403.056640625
aze,1996,22319.154296875
aze,1997,27512.693359375
aze,1998,32781.45703125
aze,1999,36249.25390625
aze,2000,38165.19140625
aze,2001,40312.375
aze,2002,45600.87109375
aze,2003,55274.24609375
aze,2004,65043.11328125
aze,2005,73608.9296875
aze,2006,80156.9375
aze,2007,82784.8359375
aze,2008,86783.4765625
aze,2009,89479.1171875
aze,2010,95104.546875
aze,2011,109062.1953125
aze,2012,136702.3125
aze,2013,182596.953125
aze,2014,190075.65625
aze,2015,213452.890625
aze,2016,225470.6875
aze,2017,241139.5625
aze,2018,298562.0625
aze,2019,360851.9375
aze,2020,429795.40625
aze,2021,493571.0625
aze,2022,509415.53125
aze,2023,521924.0
bdi,1960,5957.220703125
bdi,1961,5857.09521484375
bdi,1962,5802.44775390625
bdi,1963,5717.3603515625
bdi,1964,5633.64013671875
bdi,1965,5567.201171875
bdi,1966,5548.794921875
bdi,1967,5548.40869140625
bdi,1968,5578.32568359375
bdi,1969,5607.5537109375
bdi,1970,5540.52685546875
bdi,1971,5570.21875
bdi,1972,5621.921875
bdi,1973,5563.9775390625
bdi,1974,5617.67822265625
bdi,1975,5770.11083984375
bdi,1976,5857.08544921875
bdi,1977,6155.9736328125
bdi,1978,6548.11767578125
bdi,1979,6951.54931640625
bdi,1980,7275.8828125
bdi,1981,7726.90869140625
bdi,1982,8267.9365234375
bdi,1983,8771.65625
bdi,1984,9277.853515625
bdi,1985,9805.455078125
bdi,1986,10288.1767578125
bdi,1987,10815.876953125
bdi,1988,11200.0712890625
bdi,1989,11380.978515625
bdi,1990,11488.384765625
bdi,1991,11400.109375
bdi,1992,11429.005859375
bdi,1993,11486.27734375
bdi,1994,11397.10546875
bdi,1995,11294.515625
bdi,1996,11268.6083984375
bdi,1997,11137.16796875
bdi,1998,11187.6328125
bdi,1999,11429.7685546875
bdi,2000,11741.6513671875
bdi,2001,11834.681640625
bdi,2002,12086.4990234375
bdi,2003,12496.8818359375
bdi,2004,13147.93359375
bdi,2005,13872.02734375
bdi,2006,14117.443359375
bdi,2007,13953.9521484375
bdi,2008,13746.865234375
bdi,2009,13871.365234375
bdi,2010,14179.04296875
bdi,2011,14502.615234375
bdi,2012,13574.1650390625
bdi,2013,13231.98046875
bdi,2014,14415.1806640625
bdi,2015,15089.345703125
bdi,2016,17413.9375
bdi,2017,19482.380859375
bdi,2018,21347.556640625
bdi,2019,22611.150390625
bdi,2020,23292.8984375
bdi,2021,28384.6640625
bdi,2022,29178.771484375
bdi,2023,29873.900390625
bel,1950,385456.625
bel,1951,392945.84375
bel,1952,401285.25
bel,1953,409365.71875
bel,1954,420635.75
bel,1955,430744.3125
bel,1956,444561.03125
bel,1957,456625.96875
bel,1958,464015.90625
bel,1959,475541.9375
bel,1960,488752.375
bel,1961,506010.65625
bel,1962,524394.0625
bel,1963,541743.25
bel,1964,566403.5625
bel,1965,589735.0625
bel,1966,616140.8125
bel,1967,641602.4375
bel,1968,666156.75
bel,1969,695194.3125
bel,1970,727124.4375
bel,1971,765226.0
bel,1972,807231.25
bel,1973,862670.8125
bel,1974,919360.0625
bel,1975,964797.4375
bel,1976,989775.8125
bel,1977,992880.875
bel,1978,989018.5625
bel,1979,989918.875
bel,1980,1002050.875
bel,1981,992692.1875
bel,1982,973249.1875
bel,1983,942569.4375
bel,1984,924836.75
bel,1985,924194.1875
bel,1986,933309.6875
bel,1987,951239.9375
bel,1988,989990.0625
bel,1989,1040582.5
bel,1990,1101570.375
bel,1991,1162611.625
bel,1992,1220760.25
bel,1993,1274621.0
bel,1994,1320178.75
bel,1995,1365821.375
bel,1996,1381916.125
bel,1997,1367629.5
bel,1998,1361927.0
bel,1999,1383247.5
bel,2000,1393904.375
bel,2001,1401299.125
bel,2002,1390190.375
bel,2003,1467926.375
bel,2004,1542567.875
bel,2005,1623425.0
bel,2006,1818286.5
bel,2007,1995065.5
bel,2008,2238685.5
bel,2009,2443311.75
bel,2010,2741643.25
bel,2011,2827305.0
bel,2012,2993714.0
bel,2013,3232709.25
bel,2014,3093577.75
bel,2015,3204522.25
bel,2016,3319351.0
bel,2017,3406328.75
bel,2018,3568711.75
bel,2019,3690956.5
bel,2020,3824909.25
bel,2021,3814143.5
bel,2022,3910313.25
bel,2023,3989255.5
ben,1959,2338.10131835938
ben,1960,2685.94262695313
ben,1961,3009.5625
ben,1962,3310.98999023438
ben,1963,3634.24462890625
ben,1964,3893.70703125
ben,1965,4119.7685546875
ben,1966,4355.4619140625
ben,1967,4731.13818359375
ben,1968,5135.17724609375
ben,1969,5548.47802734375
ben,1970,5897.404296875
ben,1971,6244.431640625
ben,1972,6797.6328125
ben,1973,7220.77294921875
ben,1974,7713.43505859375
ben,1975,8150.81103515625
ben,1976,8403.927734375
ben,1977,8629.150390625
ben,1978,8804.0009765625
ben,1979,9289.8681640625
ben,1980,9822.9404296875
ben,1981,10308.1181640625
ben,1982,11228.37109375
ben,1983,11486.884765625
ben,1984,11583.125
ben,1985,11562.5517578125
ben,1986,11818.2509765625
ben,1987,12427.396484375
ben,1988,13266.4150390625
ben,1989,14403.8955078125
ben,1990,16072.263671875
ben,1991,18171.08984375
ben,1992,20945.357421875
ben,1993,24378.767578125
ben,1994,28344.84375
ben,1995,31941.71484375
ben,1996,34119.94921875
ben,1997,35396.05078125
ben,1998,36793.60546875
ben,1999,38258.57421875
ben,2000,39722.49609375
ben,2001,41754.5234375
ben,2002,43685.421875
ben,2003,45783.8203125
ben,2004,47756.3671875
ben,2005,49507.703125
ben,2006,51097.484375
ben,2007,53263.83984375
ben,2008,55683.72265625
ben,2009,58760.72265625
ben,2010,62395.66015625
ben,2011,65820.9921875
ben,2012,66121.9296875
ben,2013,67801.9921875
ben,2014,72329.1015625
ben,2015,72196.171875
ben,2016,77715.671875
ben,2017,83505.109375
ben,2018,92571.8515625
ben,2019,97367.375
ben,2020,110010.6875
ben,2021,125896.8984375
ben,2022,139658.796875
ben,2023,154330.5
bfa,1959,2779.94360351563
bfa,1960,2783.17724609375
bfa,1961,2809.51000976563
bfa,1962,2855.98999023438
bfa,1963,2890.53051757813
bfa,1964,2930.46459960938
bfa,1965,3030.97387695313
bfa,1966,3130.2275390625
bfa,1967,3212.17822265625
bfa,1968,3299.48291015625
bfa,1969,3427.11889648438
bfa,1970,3556.28393554688
bfa,1971,4133.87060546875
bfa,1972,4447.12451171875
bfa,1973,4830.47021484375
bfa,1974,5290.623046875
bfa,1975,5622.83544921875
bfa,1976,5955.23291015625
bfa,1977,6264.14208984375
bfa,1978,6598.90576171875
bfa,1979,7607.21533203125
bfa,1980,8419.841796875
bfa,1981,9267.7919921875
bfa,1982,10167.896484375
bfa,1983,10884.6201171875
bfa,1984,11526.4091796875
bfa,1985,12557.4072265625
bfa,1986,13601.1875
bfa,1987,14668.4150390625
bfa,1988,15722.2431640625
bfa,1989,16943.20703125
bfa,1990,17945.337890625
bfa,1991,19136.037109375
bfa,1992,20275.052734375
bfa,1993,21378.806640625
bfa,1994,22867.740234375
bfa,1995,24018.220703125
bfa,1996,25316.4140625
bfa,1997,26825.193359375
bfa,1998,28289.70703125
bfa,1999,29485.4140625
bfa,2000,30598.01171875
bfa,2001,31662.947265625
bfa,2002,32878.3046875
bfa,2003,34394.23046875
bfa,2004,36242.38671875
bfa,2005,38336.50390625
bfa,2006,41032.22265625
bfa,2007,44894.06640625
bfa,2008,49515.59765625
bfa,2009,55228.09765625
bfa,2010,61340.328125
bfa,2011,66906.0625
bfa,2012,68060.8125
bfa,2013,74307.1640625
bfa,2014,72233.2734375
bfa,2015,70173.140625
bfa,2016,77807.671875
bfa,2017,86872.171875
bfa,2018,87274.1171875
bfa,2019,85137.9296875
bfa,2020,89022.109375
bfa,2021,99150.890625
bfa,2022,104767.828125
bfa,2023,109766.9921875
bgd,1959,51794.36328125
bgd,1960,51029.3671875
bgd,1961,50851.94140625
bgd,1962,51979.859375
bgd,1963,52382.9296875
bgd,1964,53426.49609375
bgd,1965,54792.40625
bgd,1966,56241.15625
bgd,1967,58125.7578125
bgd,1968,61334.55078125
bgd,1969,64005.73828125
bgd,1970,66567.84375
bgd,1971,67609.0546875
bgd,1972,66752.984375
bgd,1973,67401.375
bgd,1974,72716.1171875
bgd,1975,75873.8359375
bgd,1976,80002.0390625
bgd,1977,85614.328125
bgd,1978,93195.4609375
bgd,1979,101524.484375
bgd,1980,112066.8515625
bgd,1981,123120.5390625
bgd,1982,131693.625
bgd,1983,139632.890625
bgd,1984,148143.40625
bgd,1985,156843.203125
bgd,1986,173515.703125
bgd,1987,185463.59375
bgd,1988,197803.59375
bgd,1989,212229.5625
bgd,1990,228460.40625
bgd,1991,244437.0625
bgd,1992,263606.59375
bgd,1993,286840.1875
bgd,1994,312530.53125
bgd,1995,339751.53125
bgd,1996,368630.5
bgd,1997,392135.125
bgd,1998,409010.78125
bgd,1999,424286.6875
bgd,2000,440943.5625
bgd,2001,461950.09375
bgd,2002,489877.09375
bgd,2003,524367.5
bgd,2004,571041.5
bgd,2005,632648.625
bgd,2006,713452.5625
bgd,2007,819911.6875
bgd,2008,960078.0
bgd,2009,1129594.0
bgd,2010,1318479.5
bgd,2011,1512832.5
bgd,2012,1688181.75
bgd,2013,1888942.25
bgd,2014,2120665.75
bgd,2015,2386992.25
bgd,2016,2693894.25
bgd,2017,2992743.5
bgd,2018,3350765.25
bgd,2019,3731504.5
bgd,2020,4256866.5
bgd,2021,4679440.5
bgd,2022,5162544.0
bgd,2023,5614778.5
bgr,1970,4229.201171875
bgr,1971,5531.07470703125
bgr,1972,6811.068359375
bgr,1973,8111.35107421875
bgr,1974,9432.96875
bgr,1975,10810.0107421875
bgr,1976,12170.474609375
bgr,1977,13542.76953125
bgr,1978,14927.142578125
bgr,1979,16280.5693359375
bgr,1980,18025.943359375
bgr,1981,19790.486328125
bgr,1982,21491.560546875
bgr,1983,23091.580078125
bgr,1984,24555.75
bgr,1985,26123.71875
bgr,1986,27785.953125
bgr,1987,29508.873046875
bgr,1988,31553.1484375
bgr,1989,33488.69140625
bgr,1990,34020.21484375
bgr,1991,34057.87109375
bgr,1992,35059.1484375
bgr,1993,36602.1796875
bgr,1994,41142.03125
bgr,1995,44376.76953125
bgr,1996,43988.6796875
bgr,1997,49313.97265625
bgr,1998,58749.9453125
bgr,1999,70033.296875
bgr,2000,77376.8515625
bgr,2001,90413.1328125
bgr,2002,101232.59375
bgr,2003,92672.171875
bgr,2004,106063.78125
bgr,2005,129411.8515625
bgr,2006,156496.078125
bgr,2007,182691.625
bgr,2008,222939.390625
bgr,2009,260762.15625
bgr,2010,323868.46875
bgr,2011,334460.625
bgr,2012,353256.0
bgr,2013,366989.03125
bgr,2014,384065.90625
bgr,2015,403796.90625
bgr,2016,408148.03125
bgr,2017,451544.15625
bgr,2018,460462.0
bgr,2019,477210.59375
bgr,2020,508802.03125
bgr,2021,508341.59375
bgr,2022,524815.625
bgr,2023,541700.625
bhr,1970,7518.85595703125
bhr,1971,8165.45947265625
bhr,1972,8810.0166015625
bhr,1973,9685.7041015625
bhr,1974,10727.6884765625
bhr,1975,11128.724609375
bhr,1976,12744.3134765625
bhr,1977,14551.57421875
bhr,1978,15610.3076171875
bhr,1979,17154.53125
bhr,1980,18607.43359375
bhr,1981,19912.2421875
bhr,1982,21585.841796875
bhr,1983,24148.564453125
bhr,1984,26851.248046875
bhr,1985,27580.5703125
bhr,1986,28318.556640625
bhr,1987,28883.236328125
bhr,1988,29705.033203125
bhr,1989,30827.796875
bhr,1990,31859.14453125
bhr,1991,33311.65625
bhr,1992,35082.02734375
bhr,1993,37067.07421875
bhr,1994,38640.23828125
bhr,1995,39684.234375
bhr,1996,40797.23046875
bhr,1997,43205.8828125
bhr,1998,47514.66015625
bhr,1999,53270.1328125
bhr,2000,62807.84765625
bhr,2001,75955.3359375
bhr,2002,96478.90625
bhr,2003,124727.875
bhr,2004,156333.421875
bhr,2005,181576.421875
bhr,2006,196216.9375
bhr,2007,213743.6875
bhr,2008,233021.234375
bhr,2009,241492.1875
bhr,2010,253356.484375
bhr,2011,265744.84375
bhr,2012,336170.28125
bhr,2013,300808.5
bhr,2014,315183.5
bhr,2015,325668.9375
bhr,2016,352106.78125
bhr,2017,426395.4375
bhr,2018,375457.625
bhr,2019,424292.59375
bhr,2020,494895.8125
bhr,2021,462206.4375
bhr,2022,488150.375
bhr,2023,514556.21875
bhs,1970,2858.78857421875
bhs,1971,3135.72875976563
bhs,1972,3375.115234375
bhs,1973,3631.20434570313
bhs,1974,3804.31640625
bhs,1975,3913.7529296875
bhs,1976,4041.45532226563
bhs,1977,4215.92138671875
bhs,1978,4370.7587890625
bhs,1979,4685.4248046875
bhs,1980,5195.08203125
bhs,1981,5666.48681640625
bhs,1982,6259.34716796875
bhs,1983,6793.67529296875
bhs,1984,7327.6337890625
bhs,1985,8045.82861328125
bhs,1986,8470.35546875
bhs,1987,8653.5869140625
bhs,1988,8474.8662109375
bhs,1989,8764.541015625
bhs,1990,8887.2080078125
bhs,1991,8928.4541015625
bhs,1992,9051.3798828125
bhs,1993,9033.4208984375
bhs,1994,9428.640625
bhs,1995,10116.224609375
bhs,1996,10876.7138671875
bhs,1997,12327.5537109375
bhs,1998,14308.1630859375
bhs,1999,15926.607421875
bhs,2000,18128.75390625
bhs,2001,20404.021484375
bhs,2002,22818.48046875
bhs,2003,25345.45703125
bhs,2004,28136.16796875
bhs,2005,32528.73828125
bhs,2006,38705.94921875
bhs,2007,45771.3203125
bhs,2008,53052.8359375
bhs,2009,60121.265625
bhs,2010,65806.484375
bhs,2011,69538.453125
bhs,2012,67431.6015625
bhs,2013,69576.0234375
bhs,2014,71730.03125
bhs,2015,73509.0625
bhs,2016,74583.90625
bhs,2017,77483.171875
bhs,2018,77895.4765625
bhs,2019,77381.890625
bhs,2020,77429.7578125
bhs,2021,78775.28125
bhs,2022,80090.9609375
bhs,2023,81121.5703125
bih,1990,11207.9912109375
bih,1991,12000.7119140625
bih,1992,12543.28125
bih,1993,13223.0810546875
bih,1994,14114.2236328125
bih,1995,14213.3896484375
bih,1996,17706.671875
bih,1997,22411.96875
bih,1998,27382.8671875
bih,1999,31308.326171875
bih,2000,35220.734375
bih,2001,38989.04296875
bih,2002,43173.1484375
bih,2003,47311.0390625
bih,2004,51601.578125
bih,2005,57349.58984375
bih,2006,73003.46875
bih,2007,78097.71875
bih,2008,89488.6640625
bih,2009,97257.9609375
bih,2010,111722.9140625
bih,2011,128960.3203125
bih,2012,135215.203125
bih,2013,142923.28125
bih,2014,143969.109375
bih,2015,148386.546875
bih,2016,142553.75
bih,2017,156732.359375
bih,2018,170136.234375
bih,2019,173311.484375
bih,2020,180560.984375
bih,2021,170671.40625
bih,2022,178280.828125
bih,2023,186714.4375
blr,1990,704391.125
blr,1991,727171.625
blr,1992,752155.25
blr,1993,776821.875
blr,1994,788604.625
blr,1995,786643.6875
blr,1996,783234.0
blr,1997,762905.4375
blr,1998,707645.125
blr,1999,635275.0625
blr,2000,563322.6875
blr,2001,501351.90625
blr,2002,452831.84375
blr,2003,418530.75
blr,2004,396641.21875
blr,2005,385773.5
blr,2006,384327.0
blr,2007,385893.5
blr,2008,394375.84375
blr,2009,402706.875
blr,2010,416735.1875
blr,2011,435329.75
blr,2012,434354.40625
blr,2013,579500.0625
blr,2014,555445.5
blr,2015,595442.875
blr,2016,598721.1875
blr,2017,608639.25
blr,2018,765443.0625
blr,2019,938820.5
blr,2020,1170744.0
blr,2021,1373106.5
blr,2022,1390005.625
blr,2023,1408204.875
blz,1970,230.46923828125
blz,1971,291.495666503906
blz,1972,347.019348144531
blz,1973,395.088806152344
blz,1974,440.556854248047
blz,1975,486.454833984375
blz,1976,529.228454589844
blz,1977,567.051452636719
blz,1978,608.650268554688
blz,1979,656.2265625
blz,1980,679.703979492188
blz,1981,706.180603027344
blz,1982,712.734558105469
blz,1983,709.110412597656
blz,1984,718.758850097656
blz,1985,715.857299804688
blz,1986,721.025207519531
blz,1987,760.470703125
blz,1988,832.31640625
blz,1989,925.903381347656
blz,1990,1008.869140625
blz,1991,1114.92590332031
blz,1992,1223.73620605469
blz,1993,1350.0576171875
blz,1994,1417.10559082031
blz,1995,1500.03576660156
blz,1996,1563.150390625
blz,1997,1630.98010253906
blz,1998,1692.37438964844
blz,1999,1822.85791015625
blz,2000,2070.2265625
blz,2001,2290.42797851563
blz,2002,2476.47412109375
blz,2003,2616.75170898438
blz,2004,2765.76440429688
blz,2005,2986.71533203125
blz,2006,3264.146484375
blz,2007,3592.9833984375
blz,2008,4139.751953125
blz,2009,4599.22705078125
blz,2010,5013.59033203125
blz,2011,5424.888671875
blz,2012,5696.91845703125
blz,2013,6347.30029296875
blz,2014,6816.310546875
blz,2015,7895.64501953125
blz,2016,8848.5341796875
blz,2017,9627.314453125
blz,2018,10400.2744140625
blz,2019,11191.12109375
blz,2020,11946.9990234375
blz,2021,12674.283203125
blz,2022,13466.5576171875
blz,2023,14358.03515625
bmu,1970,1284.27612304688
bmu,1971,1322.75842285156
bmu,1972,1346.65454101563
bmu,1973,1374.85473632813
bmu,1974,1393.97497558594
bmu,1975,1442.72644042969
bmu,1976,1449.86206054688
bmu,1977,1477.99621582031
bmu,1978,1520.66394042969
bmu,1979,1584.92370605469
bmu,1980,1701.169921875
bmu,1981,1797.00927734375
bmu,1982,1941.73486328125
bmu,1983,2079.75610351563
bmu,1984,2236.57373046875
bmu,1985,2356.46948242188
bmu,1986,2421.6875
bmu,1987,2499.650390625
bmu,1988,2628.42138671875
bmu,1989,2699.90649414063
bmu,1990,2742.07641601563
bmu,1991,2716.86376953125
bmu,1992,2702.76318359375
bmu,1993,2695.802734375
bmu,1994,2669.97705078125
bmu,1995,2650.37084960938
bmu,1996,2663.64233398438
bmu,1997,2757.67700195313
bmu,1998,2990.056640625
bmu,1999,3290.64233398438
bmu,2000,3681.72412109375
bmu,2001,4172.23779296875
bmu,2002,4610.607421875
bmu,2003,5043.7509765625
bmu,2004,5797.951171875
bmu,2005,6735.78125
bmu,2006,7926.2099609375
bmu,2007,9366.58203125
bmu,2008,11349.62890625
bmu,2009,13341.80078125
bmu,2010,14888.125
bmu,2011,15295.3310546875
bmu,2012,14205.681640625
bmu,2013,13271.619140625
bmu,2014,12379.7939453125
bmu,2015,11859.6572265625
bmu,2016,11366.0771484375
bmu,2017,10997.8125
bmu,2018,11520.6318359375
bmu,2019,11881.6240234375
bmu,2020,12079.48046875
bmu,2021,12360.490234375
bmu,2022,12567.009765625
bmu,2023,12678.798828125
bol,1950,10913.609375
bol,1951,11742.1025390625
bol,1952,12573.18359375
bol,1953,12825.4306640625
bol,1954,13354.716796875
bol,1955,14480.7548828125
bol,1956,15402.90625
bol,1957,16121.99609375
bol,1958,16804.7421875
bol,1959,17237.4453125
bol,1960,18029.947265625
bol,1961,18470.87109375
bol,1962,19767.61328125
bol,1963,20815.626953125
bol,1964,21994.61328125
bol,1965,22939.09375
bol,1966,23938.10546875
bol,1967,24714.603515625
bol,1968,25518.05078125
bol,1969,26286.56640625
bol,1970,27147.337890625
bol,1971,27967.51953125
bol,1972,28983.388671875
bol,1973,29783.271484375
bol,1974,30698.201171875
bol,1975,31879.16015625
bol,1976,33089.8125
bol,1977,34429.39453125
bol,1978,35778.6796875
bol,1979,36881.84375
bol,1980,37176.5625
bol,1981,37477.98046875
bol,1982,37287.12109375
bol,1983,36671.921875
bol,1984,36357.2109375
bol,1985,36244.0234375
bol,1986,36130.046875
bol,1987,36115.3828125
bol,1988,36347.140625
bol,1989,36475.1015625
bol,1990,36930.94140625
bol,1991,37785.39453125
bol,1992,39070.40234375
bol,1993,40710.0
bol,1994,42056.7109375
bol,1995,43886.98828125
bol,1996,46005.1875
bol,1997,49130.3828125
bol,1998,53635.421875
bol,1999,57476.31640625
bol,2000,62030.02734375
bol,2001,66994.8515625
bol,2002,74519.4609375
bol,2003,82652.1640625
bol,2004,89935.5390625
bol,2005,94500.4453125
bol,2006,97882.7578125
bol,2007,101184.984375
bol,2008,108454.4921875
bol,2009,116931.6328125
bol,2010,126219.8984375
bol,2011,136299.421875
bol,2012,143689.90625
bol,2013,154807.125
bol,2014,167532.796875
bol,2015,183645.109375
bol,2016,198099.875
bol,2017,216736.96875
bol,2018,255192.140625
bol,2019,283571.6875
bol,2020,310276.03125
bol,2021,332737.75
bol,2022,343469.46875
bol,2023,353714.5625
bra,1950,247318.90625
bra,1951,263482.5
bra,1952,282620.125
bra,1953,294024.1875
bra,1954,309908.8125
bra,1955,324777.71875
bra,1956,337118.9375
bra,1957,357563.6875
bra,1958,376827.5625
bra,1959,404656.125
bra,1960,428107.125
bra,1961,454077.625
bra,1962,481226.625
bra,1963,502201.1875
bra,1964,527170.375
bra,1965,556680.375
bra,1966,588890.1875
bra,1967,615767.0625
bra,1968,652816.75
bra,1969,714404.0625
bra,1970,778345.875
bra,1971,847556.25
bra,1972,929616.1875
bra,1973,1030773.875
bra,1974,1147425.875
bra,1975,1274036.375
bra,1976,1380130.625
bra,1977,1451585.75
bra,1978,1522009.5
bra,1979,1612479.0
bra,1980,1750566.375
bra,1981,1880485.75
bra,1982,2011113.625
bra,1983,2114263.0
bra,1984,2229649.75
bra,1985,2376911.25
bra,1986,2579518.75
bra,1987,2803165.75
bra,1988,3028806.5
bra,1989,3278405.25
bra,1990,3496402.0
bra,1991,3727956.75
bra,1992,3973643.0
bra,1993,4245390.5
bra,1994,4542438.5
bra,1995,4839310.5
bra,1996,5084080.0
bra,1997,5293426.5
bra,1998,5456439.5
bra,1999,5529706.5
bra,2000,5594475.5
bra,2001,5683100.0
bra,2002,5787653.5
bra,2003,5917909.5
bra,2004,6118218.5
bra,2005,6368356.0
bra,2006,6862239.5
bra,2007,7789317.0
bra,2008,9217331.0
bra,2009,11020811.0
bra,2010,13067590.0
bra,2011,14389663.0
bra,2012,14485921.0
bra,2013,14711076.0
bra,2014,14797108.0
bra,2015,14585145.0
bra,2016,14273521.0
bra,2017,14281321.0
bra,2018,14923839.0
bra,2019,15489833.0
bra,2020,16167975.0
bra,2021,16418747.0
bra,2022,16855904.0
bra,2023,17139588.0
brb,1960,1586.63806152344
brb,1961,1707.69934082031
brb,1962,1817.93725585938
brb,1963,1936.99963378906
brb,1964,2045.9990234375
brb,1965,2167.61547851563
brb,1966,2285.48022460938
brb,1967,2428.78344726563
brb,1968,2634.38061523438
brb,1969,2837.82250976563
brb,1970,3116.69995117188
brb,1971,3313.96459960938
brb,1972,3509.103515625
brb,1973,3689.50805664063
brb,1974,3901.23364257813
brb,1975,4107.93505859375
brb,1976,4447.8583984375
brb,1977,4694.28466796875
brb,1978,5007.59619140625
brb,1979,5303.70703125
brb,1980,5618.29541015625
brb,1981,6020.20263671875
brb,1982,6273.13671875
brb,1983,6433.71435546875
brb,1984,6544.1513671875
brb,1985,6632.314453125
brb,1986,6611.54638671875
brb,1987,6366.95361328125
brb,1988,6050.3056640625
brb,1989,5753.1826171875
brb,1990,5437.876953125
brb,1991,5178.41650390625
brb,1992,4866.47314453125
brb,1993,4714.72998046875
brb,1994,4723.98291015625
brb,1995,4794.185546875
brb,1996,4954.7333984375
brb,1997,5353.13525390625
brb,1998,5877.61669921875
brb,1999,6394.44482421875
brb,2000,6942.251953125
brb,2001,7572.08447265625
brb,2002,8467.9873046875
brb,2003,9223.8671875
brb,2004,10248.4404296875
brb,2005,11513.201171875
brb,2006,13392.880859375
brb,2007,15470.6630859375
brb,2008,17954.201171875
brb,2009,20442.044921875
brb,2010,22967.82421875
brb,2011,24435.0
brb,2012,24192.412109375
brb,2013,25335.68359375
brb,2014,25149.966796875
brb,2015,25359.998046875
brb,2016,25868.833984375
brb,2017,25794.609375
brb,2018,25742.015625
brb,2019,25161.486328125
brb,2020,26168.61328125
brb,2021,25647.359375
brb,2022,26523.5
brb,2023,27237.16796875
brn,1970,37734.58203125
brn,1971,36927.95703125
brn,1972,36372.96484375
brn,1973,36010.73828125
brn,1974,35437.78515625
brn,1975,35484.8359375
brn,1976,35878.35546875
brn,1977,36192.9609375
brn,1978,36682.9296875
brn,1979,37710.74609375
brn,1980,37959.80859375
brn,1981,39739.78125
brn,1982,41323.96484375
brn,1983,42114.15625
brn,1984,42786.42578125
brn,1985,44772.81640625
brn,1986,46636.60546875
brn,1987,47905.05078125
brn,1988,49581.34375
brn,1989,51567.015625
brn,1990,53640.81640625
brn,1991,55729.515625
brn,1992,58709.32421875
brn,1993,62835.4296875
brn,1994,65857.3671875
brn,1995,69379.8203125
brn,1996,78727.9453125
brn,1997,82759.1015625
brn,1998,85810.5859375
brn,1999,87257.3046875
brn,2000,86985.421875
brn,2001,87604.953125
brn,2002,90388.375
brn,2003,91814.046875
brn,2004,93561.7890625
brn,2005,95427.6015625
brn,2006,97958.40625
brn,2007,102894.390625
brn,2008,109595.953125
brn,2009,117011.2578125
brn,2010,123945.375
brn,2011,132976.671875
brn,2012,147908.328125
brn,2013,170574.75
brn,2014,174457.15625
brn,2015,171973.234375
brn,2016,182030.5625
brn,2017,202089.71875
brn,2018,206132.65625
brn,2019,229846.9375
brn,2020,296895.875
brn,2021,279431.59375
brn,2022,285264.6875
brn,2023,290530.40625
btn,1970,2494.01342773438
btn,1971,2606.58618164063
btn,1972,2723.67260742188
btn,1973,2839.67504882813
btn,1974,2966.70874023438
btn,1975,3075.21923828125
btn,1976,3201.60131835938
btn,1977,3350.16723632813
btn,1978,3505.03930664063
btn,1979,3683.66625976563
btn,1980,3846.03051757813
btn,1981,4055.28662109375
btn,1982,4293.35693359375
btn,1983,4600.73291015625
btn,1984,4906.8017578125
btn,1985,5293.7451171875
btn,1986,5681.4169921875
btn,1987,6115.22509765625
btn,1988,6512.95068359375
btn,1989,6827.88916015625
btn,1990,7133.0673828125
btn,1991,7390.65087890625
btn,1992,7826.41357421875
btn,1993,8414.7978515625
btn,1994,9102.8310546875
btn,1995,9779.9072265625
btn,1996,10476.4951171875
btn,1997,11192.171875
btn,1998,12124.271484375
btn,1999,13436.908203125
btn,2000,15045.619140625
btn,2001,17091.35546875
btn,2002,19810.32421875
btn,2003,22622.58984375
btn,2004,25456.6328125
btn,2005,27945.458984375
btn,2006,29757.396484375
btn,2007,30835.0078125
btn,2008,32002.5546875
btn,2009,33834.69140625
btn,2010,37095.3984375
btn,2011,40862.18359375
btn,2012,46162.0625
btn,2013,50107.4921875
btn,2014,56764.203125
btn,2015,58907.4765625
btn,2016,62862.48046875
btn,2017,68486.96875
btn,2018,71455.9921875
btn,2019,72202.859375
btn,2020,72763.828125
btn,2021,72469.9921875
btn,2022,76389.8359375
btn,2023,78868.1640625
bwa,1960,780.328796386719
bwa,1961,784.384033203125
bwa,1962,799.5830078125
bwa,1963,822.9287109375
bwa,1964,863.685668945313
bwa,1965,852.075256347656
bwa,1966,917.14306640625
bwa,1967,1016.48095703125
bwa,1968,1187.71423339844
bwa,1969,1273.11547851563
bwa,1970,1565.59216308594
bwa,1971,2075.12622070313
bwa,1972,2704.048828125
bwa,1973,3375.22631835938
bwa,1974,3802.498046875
bwa,1975,4113.5322265625
bwa,1976,4332.583984375
bwa,1977,4521.89208984375
bwa,1978,4744.86376953125
bwa,1979,5126.44580078125
bwa,1980,5717.01708984375
bwa,1981,6384.72412109375
bwa,1982,7053.65380859375
bwa,1983,7699.6123046875
bwa,1984,8364.5556640625
bwa,1985,9178.869140625
bwa,1986,9985.3896484375
bwa,1987,10823.3173828125
bwa,1988,12086.8642578125
bwa,1989,14495.482421875
bwa,1990,17172.970703125
bwa,1991,19672.623046875
bwa,1992,22153.49609375
bwa,1993,24642.2890625
bwa,1994,27059.423828125
bwa,1995,29605.712890625
bwa,1996,31931.546875
bwa,1997,34798.57421875
bwa,1998,38183.0
bwa,1999,42169.8359375
bwa,2000,46315.296875
bwa,2001,51007.04296875
bwa,2002,55557.109375
bwa,2003,59827.32421875
bwa,2004,64530.59765625
bwa,2005,68651.1640625
bwa,2006,74310.328125
bwa,2007,84590.953125
bwa,2008,98331.4453125
bwa,2009,113877.265625
bwa,2010,129178.859375
bwa,2011,142289.015625
bwa,2012,144126.3125
bwa,2013,143861.46875
bwa,2014,146549.375
bwa,2015,146967.625
bwa,2016,148042.140625
bwa,2017,148938.359375
bwa,2018,155545.984375
bwa,2019,161149.609375
bwa,2020,163299.546875
bwa,2021,180652.625
bwa,2022,189446.953125
bwa,2023,197572.484375
caf,1960,6189.73974609375
caf,1961,6478.86083984375
caf,1962,6779.5361328125
caf,1963,7025.42041015625
caf,1964,7282.88134765625
caf,1965,7513.265625
caf,1966,7733.49755859375
caf,1967,7859.3095703125
caf,1968,7988.82080078125
caf,1969,8154.21875
caf,1970,8288.134765625
caf,1971,8476.3056640625
caf,1972,8641.3876953125
caf,1973,8889.185546875
caf,1974,8942.4814453125
caf,1975,8956.044921875
caf,1976,8937.2421875
caf,1977,8965.2431640625
caf,1978,8908.986328125
caf,1979,8948.7841796875
caf,1980,8814.0888671875
caf,1981,8743.04296875
caf,1982,8658.9521484375
caf,1983,8587.8427734375
caf,1984,8621.8388671875
caf,1985,8703.8447265625
caf,1986,8879.0087890625
caf,1987,8991.6279296875
caf,1988,9007.7451171875
caf,1989,9070.060546875
caf,1990,9239.2265625
caf,1991,9359.6201171875
caf,1992,9500.8486328125
caf,1993,9562.771484375
caf,1994,9718.533203125
caf,1995,9919.8779296875
caf,1996,9820.0625
caf,1997,9730.107421875
caf,1998,9720.18359375
caf,1999,9893.185546875
caf,2000,10019.4150390625
caf,2001,10157.814453125
caf,2002,10293.8232421875
caf,2003,10268.93359375
caf,2004,10261.0947265625
caf,2005,10373.216796875
caf,2006,10855.1083984375
caf,2007,11963.1328125
caf,2008,13870.37890625
caf,2009,16691.322265625
caf,2010,20321.984375
caf,2011,23458.447265625
caf,2012,24490.611328125
caf,2013,26633.599609375
caf,2014,29208.828125
caf,2015,30546.64453125
caf,2016,31662.302734375
caf,2017,36172.21875
caf,2018,37489.5859375
caf,2019,39371.8671875
caf,2020,42546.33203125
caf,2021,45266.39453125
caf,2022,46029.9453125
caf,2023,46466.8046875
can,1950,559798.125
can,1951,589823.5625
can,1952,616905.625
can,1953,650257.25
can,1954,672638.1875
can,1955,706074.5625
can,1956,756506.25
can,1957,799581.75
can,1958,833781.0
can,1959,873364.125
can,1960,909815.875
can,1961,944921.9375
can,1962,986939.3125
can,1963,1031824.4375
can,1964,1083106.25
can,1965,1151885.625
can,1966,1226679.25
can,1967,1285581.0
can,1968,1348038.0
can,1969,1419906.75
can,1970,1485414.25
can,1971,1552974.375
can,1972,1620351.625
can,1973,1695120.375
can,1974,1781838.0
can,1975,1875556.5
can,1976,1965010.5
can,1977,2057130.875
can,1978,2146925.5
can,1979,2245281.5
can,1980,2350284.75
can,1981,2502664.25
can,1982,2648851.5
can,1983,2792985.0
can,1984,2953049.25
can,1985,3112662.5
can,1986,3255044.25
can,1987,3426014.5
can,1988,3631586.25
can,1989,3849745.75
can,1990,4041879.0
can,1991,4213674.0
can,1992,4374803.5
can,1993,4523870.0
can,1994,4675017.5
can,1995,4791266.0
can,1996,4895481.5
can,1997,4895800.0
can,1998,4902132.0
can,1999,4904117.5
can,2000,4770931.5
can,2001,4659729.0
can,2002,4546501.5
can,2003,4696767.0
can,2004,4867843.0
can,2005,5063768.5
can,2006,5354773.0
can,2007,5625945.5
can,2008,5871882.5
can,2009,6264713.5
can,2010,6702824.0
can,2011,7175444.5
can,2012,7569851.0
can,2013,8988815.0
can,2014,9046071.0
can,2015,9023346.0
can,2016,9250848.0
can,2017,9160874.0
can,2018,9392771.0
can,2019,9715520.0
can,2020,9756801.0
can,2021,10147049.0
can,2022,10417032.0
can,2023,10595644.0
che,1950,332230.375
che,1951,338925.5625
che,1952,342777.46875
che,1953,347707.03125
che,1954,355835.3125
che,1955,368641.03125
che,1956,386419.6875
che,1957,406968.34375
che,1958,418573.28125
che,1959,430833.78125
che,1960,450239.9375
che,1961,477959.09375
che,1962,505325.46875
che,1963,531523.875
che,1964,560336.75
che,1965,585838.625
che,1966,608884.5625
che,1967,635198.9375
che,1968,659801.0
che,1969,684294.3125
che,1970,717610.375
che,1971,756969.5625
che,1972,797246.5
che,1973,832853.6875
che,1974,865840.8125
che,1975,891876.125
che,1976,904636.375
che,1977,916906.5625
che,1978,931439.25
che,1979,947147.0
che,1980,988925.375
che,1981,1035724.5
che,1982,1060784.625
che,1983,1086806.625
che,1984,1114346.625
che,1985,1145718.125
che,1986,1178171.875
che,1987,1212496.5
che,1988,1254963.75
che,1989,1300308.625
che,1990,1345682.375
che,1991,1386655.5
che,1992,1416829.25
che,1993,1443973.25
che,1994,1469479.125
che,1995,1496574.625
che,1996,1558503.5
che,1997,1512319.0
che,1998,1523504.5
che,1999,1504497.625
che,2000,1447930.75
che,2001,1398874.125
che,2002,1344926.0
che,2003,1347472.125
che,2004,1312947.75
che,2005,1495174.75
che,2006,1783376.25
che,2007,1963978.5
che,2008,2132883.25
che,2009,2391592.25
che,2010,2277477.75
che,2011,2643596.0
che,2012,2703983.5
che,2013,2614400.0
che,2014,2732663.75
che,2015,2930689.25
che,2016,2989458.75
che,2017,3153717.25
che,2018,3091113.5
che,2019,3202209.5
che,2020,3693924.25
che,2021,3608992.0
che,2022,3678408.5
che,2023,3726945.75
chl,1951,69864.125
chl,1952,71312.8125
chl,1953,73858.90625
chl,1954,75223.0546875
chl,1955,77085.78125
chl,1956,78591.1484375
chl,1957,79284.3125
chl,1958,81617.8671875
chl,1959,84458.5390625
chl,1960,87165.0390625
chl,1961,91925.671875
chl,1962,94883.703125
chl,1963,97919.5
chl,1964,105724.71875
chl,1965,112044.9375
chl,1966,123199.7265625
chl,1967,130342.7109375
chl,1968,139597.921875
chl,1969,149317.234375
chl,1970,160614.234375
chl,1971,174214.28125
chl,1972,184655.515625
chl,1973,192893.046875
chl,1974,202039.078125
chl,1975,201221.234375
chl,1976,205249.546875
chl,1977,213700.234375
chl,1978,217903.90625
chl,1979,226381.734375
chl,1980,239522.734375
chl,1981,253543.328125
chl,1982,258292.359375
chl,1983,259543.40625
chl,1984,268686.59375
chl,1985,277204.40625
chl,1986,287136.59375
chl,1987,302973.125
chl,1988,326016.0625
chl,1989,357995.3125
chl,1990,392506.6875
chl,1991,433289.75
chl,1992,477277.96875
chl,1993,522189.9375
chl,1994,580682.25
chl,1995,634879.25
chl,1996,686206.75
chl,1997,722760.0
chl,1998,738044.6875
chl,1999,745362.375
chl,2000,738817.625
chl,2001,731407.0
chl,2002,734005.6875
chl,2003,745797.3125
chl,2004,772405.0625
chl,2005,811578.875
chl,2006,871803.1875
chl,2007,953786.4375
chl,2008,1061770.25
chl,2009,1179493.0
chl,2010,1308615.25
chl,2011,1439023.75
chl,2012,1545744.125
chl,2013,1747647.875
chl,2014,1787815.125
chl,2015,1929007.375
chl,2016,1998954.625
chl,2017,2175640.25
chl,2018,2104175.25
chl,2019,1989420.75
chl,2020,1865635.125
chl,2021,1868156.5
chl,2022,1950528.0
chl,2023,2013679.0
chn,1952,395126.65625
chn,1953,421584.21875
chn,1954,452005.09375
chn,1955,478677.6875
chn,1956,510586.09375
chn,1957,543994.5625
chn,1958,606484.1875
chn,1959,699535.25
chn,1960,773397.4375
chn,1961,782938.875
chn,1962,775554.5
chn,1963,785436.4375
chn,1964,811463.625
chn,1965,857036.8125
chn,1966,920521.4375
chn,1967,953009.5625
chn,1968,984283.25
chn,1969,1024861.8125
chn,1970,1108180.5
chn,1971,1202373.5
chn,1972,1295510.375
chn,1973,1392415.625
chn,1974,1506460.75
chn,1975,1645182.75
chn,1976,1771603.0
chn,1977,1902469.25
chn,1978,2058478.25
chn,1979,2217241.5
chn,1980,2402508.0
chn,1981,2584488.25
chn,1982,2788219.5
chn,1983,3004852.75
chn,1984,3260416.25
chn,1985,3578631.0
chn,1986,3918750.25
chn,1987,4280266.0
chn,1988,4697730.5
chn,1989,5015320.0
chn,1990,5305131.5
chn,1991,5612604.0
chn,1992,6110403.0
chn,1993,6859971.0
chn,1994,7663605.5
chn,1995,8530530.0
chn,1996,9488728.0
chn,1997,10509933.0
chn,1998,11759919.0
chn,1999,13049549.0
chn,2000,14410245.0
chn,2001,16033219.0
chn,2002,17955530.0
chn,2003,20307670.0
chn,2004,22994654.0
chn,2005,26040784.0
chn,2006,29798984.0
chn,2007,34481868.0
chn,2008,40194608.0
chn,2009,47664020.0
chn,2010,55855436.0
chn,2011,63463184.0
chn,2012,69321016.0
chn,2013,75943640.0
chn,2014,81232648.0
chn,2015,86255568.0
chn,2016,92717152.0
chn,2017,98535248.0
chn,2018,110373696.0
chn,2019,122076544.0
chn,2020,132125224.0
chn,2021,148589856.0
chn,2022,160475744.0
chn,2023,171874224.0
civ,1960,2403.39892578125
civ,1961,2965.40844726563
civ,1962,3276.49877929688
civ,1963,3779.60400390625
civ,1964,4573.8251953125
civ,1965,5282.5361328125
civ,1966,6016.841796875
civ,1967,6659.7998046875
civ,1968,7279.1943359375
civ,1969,8078.66015625
civ,1970,9118.771484375
civ,1971,10182.087890625
civ,1972,11129.59375
civ,1973,12368.9833984375
civ,1974,13364.1396484375
civ,1975,14567.90234375
civ,1976,16151.322265625
civ,1977,18709.06640625
civ,1978,21828.47265625
civ,1979,24276.857421875
civ,1980,26125.23828125
civ,1981,28091.490234375
civ,1982,31273.349609375
civ,1983,35687.9140625
civ,1984,40867.1484375
civ,1985,45573.8828125
civ,1986,48622.06640625
civ,1987,52016.7421875
civ,1988,55915.6640625
civ,1989,60399.5625
civ,1990,64943.08203125
civ,1991,69681.8984375
civ,1992,75043.9765625
civ,1993,80492.859375
civ,1994,85802.1796875
civ,1995,90096.3984375
civ,1996,93231.5390625
civ,1997,89907.1875
civ,1998,80740.140625
civ,1999,70822.78125
civ,2000,61114.0078125
civ,2001,53645.3671875
civ,2002,48916.1328125
civ,2003,45426.6328125
civ,2004,43821.03515625
civ,2005,43618.2421875
civ,2006,46374.8359375
civ,2007,54039.24609375
civ,2008,68104.8828125
civ,2009,92716.4140625
civ,2010,135068.359375
civ,2011,173096.890625
civ,2012,187111.609375
civ,2013,193892.640625
civ,2014,219186.265625
civ,2015,244772.25
civ,2016,257106.28125
civ,2017,281629.84375
civ,2018,316269.46875
civ,2019,359762.625
civ,2020,357359.96875
civ,2021,390001.125
civ,2022,431174.53125
civ,2023,472480.5625
cmr,1960,10389.0556640625
cmr,1961,10938.5732421875
cmr,1962,11499.1630859375
cmr,1963,12063.6787109375
cmr,1964,12696.5986328125
cmr,1965,13866.3466796875
cmr,1966,15277.8701171875
cmr,1967,16369.9541015625
cmr,1968,17390.76953125
cmr,1969,18206.189453125
cmr,1970,19600.0546875
cmr,1971,20714.306640625
cmr,1972,21481.138671875
cmr,1973,22443.6796875
cmr,1974,23719.93359375
cmr,1975,24971.220703125
cmr,1976,26382.59375
cmr,1977,28563.25
cmr,1978,31916.982421875
cmr,1979,34271.984375
cmr,1980,37238.26953125
cmr,1981,38052.1640625
cmr,1982,37872.15234375
cmr,1983,38705.1640625
cmr,1984,41079.9453125
cmr,1985,44550.7734375
cmr,1986,48306.05859375
cmr,1987,51764.00390625
cmr,1988,55398.5234375
cmr,1989,58557.796875
cmr,1990,61955.0703125
cmr,1991,64972.44921875
cmr,1992,67790.421875
cmr,1993,72125.8828125
cmr,1994,76819.0078125
cmr,1995,80823.828125
cmr,1996,84331.4609375
cmr,1997,87829.4921875
cmr,1998,90861.53125
cmr,1999,93186.2890625
cmr,2000,95719.171875
cmr,2001,99002.0546875
cmr,2002,102542.6015625
cmr,2003,105509.4765625
cmr,2004,109678.1015625
cmr,2005,114209.609375
cmr,2006,119889.9375
cmr,2007,127340.8515625
cmr,2008,136741.3125
cmr,2009,146496.796875
cmr,2010,156590.5
cmr,2011,164882.109375
cmr,2012,166545.578125
cmr,2013,170044.640625
cmr,2014,177315.546875
cmr,2015,184940.75
cmr,2016,200441.828125
cmr,2017,220974.203125
cmr,2018,236407.453125
cmr,2019,248801.078125
cmr,2020,266048.9375
cmr,2021,288860.78125
cmr,2022,306079.15625
cmr,2023,322289.59375
cod,1950,26286.62890625
cod,1951,29182.154296875
cod,1952,33313.94921875
cod,1953,38029.796875
cod,1954,42600.67578125
cod,1955,47234.50390625
cod,1956,51940.4296875
cod,1957,56094.36328125
cod,1958,59402.48046875
cod,1959,61941.4921875
cod,1960,63150.67578125
cod,1961,63703.8515625
cod,1962,63779.10546875
cod,1963,66599.140625
cod,1964,69757.1328125
cod,1965,72714.046875
cod,1966,75307.546875
cod,1967,77551.109375
cod,1968,79782.4140625
cod,1969,83626.9609375
cod,1970,87100.09375
cod,1971,93051.8671875
cod,1972,100146.5390625
cod,1973,106431.1484375
cod,1974,115150.1328125
cod,1975,121721.8046875
cod,1976,126186.6015625
cod,1977,136836.109375
cod,1978,140788.5625
cod,1979,146125.40625
cod,1980,157965.9375
cod,1981,170850.0625
cod,1982,182743.703125
cod,1983,193173.5
cod,1984,206983.75
cod,1985,219915.375
cod,1986,232551.765625
cod,1987,241227.546875
cod,1988,254254.671875
cod,1989,263709.625
cod,1990,275083.53125
cod,1991,273436.1875
cod,1992,277712.25
cod,1993,267447.59375
cod,1994,277718.25
cod,1995,277957.3125
cod,1996,279753.875
cod,1997,266720.25
cod,1998,264383.6875
cod,1999,267169.34375
cod,2000,275342.53125
cod,2001,272459.90625
cod,2002,273689.96875
cod,2003,277390.90625
cod,2004,280385.5
cod,2005,281934.78125
cod,2006,280149.8125
cod,2007,269305.03125
cod,2008,251399.109375
cod,2009,232671.484375
cod,2010,212034.421875
cod,2011,194978.6875
cod,2012,125060.65625
cod,2013,224779.453125
cod,2014,279648.34375
cod,2015,316185.09375
cod,2016,342813.65625
cod,2017,311676.71875
cod,2018,328262.96875
cod,2019,484705.125
cod,2020,373867.78125
cod,2021,235951.5625
cod,2022,268696.28125
cod,2023,349686.78125
cog,1960,2540.00463867188
cog,1961,3156.89379882813
cog,1962,3416.21557617188
cog,1963,3503.11474609375
cog,1964,3563.1357421875
cog,1965,3660.83813476563
cog,1966,3911.841796875
cog,1967,4324.86279296875
cog,1968,4684.458984375
cog,1969,4990.03173828125
cog,1970,5262.1298828125
cog,1971,5618.72998046875
cog,1972,5981.6943359375
cog,1973,6324.6103515625
cog,1974,6670.54638671875
cog,1975,7042.93896484375
cog,1976,7394.884765625
cog,1977,7590.96630859375
cog,1978,7885.18115234375
cog,1979,8315.203125
cog,1980,9217.513671875
cog,1981,11150.7802734375
cog,1982,14218.75
cog,1983,16038.7021484375
cog,1984,17311.798828125
cog,1985,18489.154296875
cog,1986,18789.73046875
cog,1987,18417.537109375
cog,1988,17775.9921875
cog,1989,17090.267578125
cog,1990,16672.13671875
cog,1991,16249.7314453125
cog,1992,15950.83203125
cog,1993,16124.400390625
cog,1994,17235.9375
cog,1995,17594.244140625
cog,1996,18020.705078125
cog,1997,18173.123046875
cog,1998,19590.2421875
cog,1999,20134.6953125
cog,2000,20809.19140625
cog,2001,21932.115234375
cog,2002,23471.9140625
cog,2003,25453.05078125
cog,2004,27591.208984375
cog,2005,30043.708984375
cog,2006,33937.7734375
cog,2007,43952.640625
cog,2008,57866.578125
cog,2009,78466.671875
cog,2010,104135.9765625
cog,2011,122673.2890625
cog,2012,129925.9140625
cog,2013,138462.5
cog,2014,147944.640625
cog,2015,157475.203125
cog,2016,163375.46875
cog,2017,171702.546875
cog,2018,199189.203125
cog,2019,209226.53125
cog,2020,209714.734375
cog,2021,297025.1875
cog,2022,299063.09375
cog,2023,300522.90625
col,1950,198681.09375
col,1951,206160.171875
col,1952,218266.953125
col,1953,232363.703125
col,1954,252225.328125
col,1955,271759.09375
col,1956,291166.78125
col,1957,297786.65625
col,1958,301441.90625
col,1959,318060.875
col,1960,339103.4375
col,1961,360395.65625
col,1962,380407.65625
col,1963,394908.40625
col,1964,417534.3125
col,1965,432385.8125
col,1966,447465.6875
col,1967,468449.0
col,1968,494003.84375
col,1969,518075.78125
col,1970,545712.6875
col,1971,575941.375
col,1972,591459.875
col,1973,601705.8125
col,1974,615392.8125
col,1975,628079.6875
col,1976,632075.9375
col,1977,627163.625
col,1978,625262.25
col,1979,629189.1875
col,1980,646320.0625
col,1981,679079.5
col,1982,710758.4375
col,1983,736721.9375
col,1984,764693.3125
col,1985,790747.1875
col,1986,816937.5625
col,1987,841383.6875
col,1988,880290.0625
col,1989,910728.25
col,1990,932486.75
col,1991,957555.625
col,1992,989813.3125
col,1993,1046966.875
col,1994,1104367.125
col,1995,1154213.5
col,1996,1199985.875
col,1997,1244056.375
col,1998,1283292.625
col,1999,1281810.375
col,2000,1280866.625
col,2001,1301964.0
col,2002,1334128.375
col,2003,1375948.625
col,2004,1435891.0
col,2005,1497947.375
col,2006,1581870.125
col,2007,1691187.0
col,2008,1791755.0
col,2009,1889937.5
col,2010,1993335.625
col,2011,2100901.0
col,2012,2095909.0
col,2013,2126578.0
col,2014,2167499.25
col,2015,2150410.25
col,2016,2047769.125
col,2017,2154886.5
col,2018,2390923.25
col,2019,2624349.0
col,2020,2826335.75
col,2021,2882305.0
col,2022,2985489.25
col,2023,3050380.0
com,1960,2014.044921875
com,1961,2076.13354492188
com,1962,2229.79858398438
com,1963,2371.75024414063
com,1964,2571.58374023438
com,1965,2818.197265625
com,1966,3111.65991210938
com,1967,3386.89599609375
com,1968,3584.2314453125
com,1969,3766.11279296875
com,1970,4085.85375976563
com,1971,4413.435546875
com,1972,4742.1240234375
com,1973,5092.60400390625
com,1974,5454.72119140625
com,1975,5835.00244140625
com,1976,6209.1865234375
com,1977,6618.1064453125
com,1978,7018.9853515625
com,1979,7491.7138671875
com,1980,8020.251953125
com,1981,8485.65234375
com,1982,9063.5927734375
com,1983,9554.2490234375
com,1984,10147.7548828125
com,1985,10703.009765625
com,1986,11302.6806640625
com,1987,11860.77734375
com,1988,12381.6884765625
com,1989,12722.4501953125
com,1990,12944.3994140625
com,1991,13071.2958984375
com,1992,13430.8701171875
com,1993,13577.2900390625
com,1994,13718.5146484375
com,1995,13843.7314453125
com,1996,14027.4794921875
com,1997,14125.4482421875
com,1998,14328.609375
com,1999,14423.236328125
com,2000,14397.912109375
com,2001,14512.3173828125
com,2002,14641.109375
com,2003,14647.3330078125
com,2004,14687.8408203125
com,2005,14799.7236328125
com,2006,14625.4365234375
com,2007,13941.0712890625
com,2008,13230.2568359375
com,2009,12542.0078125
com,2010,11974.4326171875
com,2011,11736.00390625
com,2012,11467.2958984375
com,2013,12534.5283203125
com,2014,12244.5595703125
com,2015,11026.89453125
com,2016,12180.45703125
com,2017,13910.3798828125
com,2018,13164.16796875
com,2019,13305.9951171875
com,2020,14107.7275390625
com,2021,16359.66796875
com,2022,16621.181640625
com,2023,16872.62890625
cpv,1960,1161.75610351563
cpv,1961,1281.00390625
cpv,1962,1349.73706054688
cpv,1963,1372.87475585938
cpv,1964,1400.39135742188
cpv,1965,1444.16442871094
cpv,1966,1516.39013671875
cpv,1967,1565.91052246094
cpv,1968,1642.068359375
cpv,1969,1765.27221679688
cpv,1970,1927.75927734375
cpv,1971,2084.5400390625
cpv,1972,2242.181640625
cpv,1973,2396.6201171875
cpv,1974,2554.7451171875
cpv,1975,2661.66235351563
cpv,1976,2768.45654296875
cpv,1977,2873.71362304688
cpv,1978,2993.634765625
cpv,1979,3119.19995117188
cpv,1980,3219.83618164063
cpv,1981,3377.17944335938
cpv,1982,3553.44189453125
cpv,1983,3713.45458984375
cpv,1984,3866.28149414063
cpv,1985,4046.19897460938
cpv,1986,4205.4072265625
cpv,1987,4372.8056640625
cpv,1988,4546.935546875
cpv,1989,4725.35693359375
cpv,1990,4893.0361328125
cpv,1991,5044.556640625
cpv,1992,5219.833984375
cpv,1993,5464.0205078125
cpv,1994,5794.98095703125
cpv,1995,6078.1025390625
cpv,1996,6433.81494140625
cpv,1997,6717.38818359375
cpv,1998,6996.1640625
cpv,1999,7375.00830078125
cpv,2000,7655.93310546875
cpv,2001,8011.8828125
cpv,2002,8506.830078125
cpv,2003,9012.455078125
cpv,2004,9736.9248046875
cpv,2005,10357.2646484375
cpv,2006,11220.626953125
cpv,2007,12599.2900390625
cpv,2008,14062.248046875
cpv,2009,15383.197265625
cpv,2010,16946.53125
cpv,2011,18193.689453125
cpv,2012,17914.353515625
cpv,2013,17892.830078125
cpv,2014,18316.8515625
cpv,2015,19066.953125
cpv,2016,19544.255859375
cpv,2017,21208.59375
cpv,2018,21261.634765625
cpv,2019,22759.005859375
cpv,2020,22398.501953125
cpv,2021,22812.703125
cpv,2022,23248.142578125
cpv,2023,23191.2109375
cri,1950,6801.08349609375
cri,1951,6994.365234375
cri,1952,7352.083984375
cri,1953,7731.37646484375
cri,1954,8053.0048828125
cri,1955,8445.7431640625
cri,1956,8892.212890625
cri,1957,9399.3681640625
cri,1958,9766.2509765625
cri,1959,10356.1572265625
cri,1960,10866.919921875
cri,1961,11419.7919921875
cri,1962,12080.6103515625
cri,1963,12725.4169921875
cri,1964,13187.6083984375
cri,1965,13978.50390625
cri,1966,14783.046875
cri,1967,15635.6240234375
cri,1968,16405.36328125
cri,1969,17385.23046875
cri,1970,18508.861328125
cri,1971,19878.65625
cri,1972,21277.51171875
cri,1973,22691.09765625
cri,1974,24223.181640625
cri,1975,25663.57421875
cri,1976,27580.375
cri,1977,29838.994140625
cri,1978,32164.146484375
cri,1979,34943.55078125
cri,1980,37025.80859375
cri,1981,38451.40625
cri,1982,38844.09375
cri,1983,39236.03125
cri,1984,40403.5078125
cri,1985,41722.99609375
cri,1986,43342.03515625
cri,1987,45307.8203125
cri,1988,47075.33984375
cri,1989,49342.08203125
cri,1990,52103.40234375
cri,1991,53853.23828125
cri,1992,56889.34375
cri,1993,60825.9375
cri,1994,64908.3046875
cri,1995,68978.9609375
cri,1996,72469.1484375
cri,1997,77293.484375
cri,1998,84296.5546875
cri,1999,90692.3515625
cri,2000,96501.0
cri,2001,103112.4765625
cri,2002,110410.6796875
cri,2003,118490.640625
cri,2004,126734.171875
cri,2005,135507.578125
cri,2006,145490.84375
cri,2007,157845.21875
cri,2008,172129.546875
cri,2009,183540.59375
cri,2010,194755.953125
cri,2011,205350.828125
cri,2012,213107.046875
cri,2013,220579.90625
cri,2014,224642.140625
cri,2015,231003.375
cri,2016,220451.34375
cri,2017,236258.671875
cri,2018,283472.625
cri,2019,341018.78125
cri,2020,394377.03125
cri,2021,401313.125
cri,2022,416184.59375
cri,2023,430450.40625
cym,1970,487.763885498047
cym,1971,541.486999511719
cym,1972,600.275634765625
cym,1973,668.664306640625
cym,1974,745.482482910156
cym,1975,828.763671875
cym,1976,919.710205078125
cym,1977,1020.62762451172
cym,1978,1130.99792480469
cym,1979,1257.09814453125
cym,1980,1392.05517578125
cym,1981,1541.47448730469
cym,1982,1700.67614746094
cym,1983,1875.62268066406
cym,1984,2093.5869140625
cym,1985,2262.21630859375
cym,1986,2480.23950195313
cym,1987,2704.84033203125
cym,1988,3018.77758789063
cym,1989,3327.68920898438
cym,1990,3622.30053710938
cym,1991,3913.90161132813
cym,1992,4232.24951171875
cym,1993,4567.79150390625
cym,1994,4912.7451171875
cym,1995,5265.859375
cym,1996,5638.70166015625
cym,1997,6038.9755859375
cym,1998,6612.990234375
cym,1999,7177.486328125
cym,2000,7707.31494140625
cym,2001,8249.6328125
cym,2002,8807.9345703125
cym,2003,9400.3876953125
cym,2004,10006.9091796875
cym,2005,10666.5068359375
cym,2006,11309.197265625
cym,2007,11926.5048828125
cym,2008,12531.7333984375
cym,2009,13028.708984375
cym,2010,13470.8798828125
cym,2011,13868.974609375
cym,2012,14192.275390625
cym,2013,14597.4384765625
cym,2014,14589.08984375
cym,2015,14868.6357421875
cym,2016,14862.2412109375
cym,2017,15121.921875
cym,2018,16099.474609375
cym,2019,17204.35546875
cym,2020,19033.7265625
cym,2021,20563.05078125
cym,2022,21668.939453125
cym,2023,22720.73046875
cyp,1950,14759.689453125
cyp,1951,15180.845703125
cyp,1952,15715.259765625
cyp,1953,16401.048828125
cyp,1954,17559.681640625
cyp,1955,18815.240234375
cyp,1956,20023.80859375
cyp,1957,21076.408203125
cyp,1958,21364.423828125
cyp,1959,21835.84375
cyp,1960,21991.173828125
cyp,1961,22560.236328125
cyp,1962,23776.44140625
cyp,1963,24773.359375
cyp,1964,25163.52734375
cyp,1965,26128.833984375
cyp,1966,27157.466796875
cyp,1967,28418.7578125
cyp,1968,29650.564453125
cyp,1969,31400.63671875
cyp,1970,32881.91796875
cyp,1971,34620.4140625
cyp,1972,36435.9375
cyp,1973,38449.75390625
cyp,1974,39162.44921875
cyp,1975,38905.25
cyp,1976,38955.38671875
cyp,1977,40429.16796875
cyp,1978,42584.47265625
cyp,1979,45405.296875
cyp,1980,48303.51953125
cyp,1981,50844.5546875
cyp,1982,53328.140625
cyp,1983,55341.58984375
cyp,1984,58236.73828125
cyp,1985,60536.3125
cyp,1986,62326.484375
cyp,1987,64324.1640625
cyp,1988,67001.9296875
cyp,1989,70579.7734375
cyp,1990,73430.4140625
cyp,1991,75770.6328125
cyp,1992,79478.3515625
cyp,1993,82140.8984375
cyp,1994,84347.25
cyp,1995,86447.25
cyp,1996,88353.359375
cyp,1997,90561.8828125
cyp,1998,92173.0
cyp,1999,94510.6875
cyp,2000,96924.1015625
cyp,2001,99760.109375
cyp,2002,99454.4921875
cyp,2003,92240.96875
cyp,2004,100702.0703125
cyp,2005,110834.40625
cyp,2006,125825.5078125
cyp,2007,137699.921875
cyp,2008,152171.84375
cyp,2009,161514.9375
cyp,2010,181850.75
cyp,2011,178874.53125
cyp,2012,198057.078125
cyp,2013,209694.078125
cyp,2014,190625.78125
cyp,2015,199460.359375
cyp,2016,200803.4375
cyp,2017,205665.796875
cyp,2018,216150.125
cyp,2019,228436.5625
cyp,2020,225607.390625
cyp,2021,227142.625
cyp,2022,234915.203125
cyp,2023,242610.0
cze,1990,1199151.5
cze,1991,1198613.0
cze,1992,1284746.25
cze,1993,1409647.75
cze,1994,1528380.375
cze,1995,1556046.75
cze,1996,1592298.75
cze,1997,1531270.875
cze,1998,1480791.5
cze,1999,1430499.375
cze,2000,1413136.0
cze,2001,1413742.75
cze,2002,1414033.125
cze,2003,1486023.25
cze,2004,1502043.5
cze,2005,1519167.0
cze,2006,1654714.75
cze,2007,1774560.25
cze,2008,1918223.375
cze,2009,1990246.375
cze,2010,1932279.75
cze,2011,2113998.5
cze,2012,2122015.25
cze,2013,2178251.0
cze,2014,2184698.5
cze,2015,2295950.5
cze,2016,2361040.25
cze,2017,2500518.25
cze,2018,2643814.25
cze,2019,2742330.75
cze,2020,2826762.5
cze,2021,2765371.0
cze,2022,2824583.0
cze,2023,2866103.0
deu,1950,1592160.375
deu,1951,1700267.5
deu,1952,1832072.625
deu,1953,1960159.875
deu,1954,2113198.5
deu,1955,2326063.75
deu,1956,2537439.25
deu,1957,2740281.25
deu,1958,2940951.5
deu,1959,3182244.5
deu,1960,3479782.5
deu,1961,3770940.5
deu,1962,4063574.75
deu,1963,4335766.5
deu,1964,4655771.5
deu,1965,4991601.0
deu,1966,5299312.0
deu,1967,5533612.0
deu,1968,5811236.0
deu,1969,6147858.5
deu,1970,6533165.0
deu,1971,6790517.0
deu,1972,6854360.5
deu,1973,6840683.0
deu,1974,6818875.0
deu,1975,6902539.0
deu,1976,7110232.5
deu,1977,7375959.5
deu,1978,7661096.0
deu,1979,7964231.0
deu,1980,8216330.5
deu,1981,8307104.5
deu,1982,8226383.0
deu,1983,8110444.0
deu,1984,8052784.0
deu,1985,8137186.0
deu,1986,8354915.0
deu,1987,8643341.0
deu,1988,9022554.0
deu,1989,9499322.0
deu,1990,10050499.0
deu,1991,10673560.0
deu,1992,11323161.0
deu,1993,11898819.0
deu,1994,12412863.0
deu,1995,12793117.0
deu,1996,13088722.0
deu,1997,12910816.0
deu,1998,12761031.0
deu,1999,12583994.0
deu,2000,12512483.0
deu,2001,12393276.0
deu,2002,12186689.0
deu,2003,12486299.0
deu,2004,12756074.0
deu,2005,13010822.0
deu,2006,14063004.0
deu,2007,15071173.0
deu,2008,16060772.0
deu,2009,16742444.0
deu,2010,17428348.0
deu,2011,18167010.0
deu,2012,18162016.0
deu,2013,18271434.0
deu,2014,18535888.0
deu,2015,18882630.0
deu,2016,19178750.0
deu,2017,19554130.0
deu,2018,19797532.0
deu,2019,20058936.0
deu,2020,20244588.0
deu,2021,20509570.0
deu,2022,20831474.0
deu,2023,20999284.0
dji,1970,554.260681152344
dji,1971,576.33740234375
dji,1972,597.903686523438
dji,1973,622.8642578125
dji,1974,643.734680175781
dji,1975,667.633850097656
dji,1976,708.108947753906
dji,1977,726.374450683594
dji,1978,740.215698242188
dji,1979,776.019226074219
dji,1980,819.193969726563
dji,1981,862.383117675781
dji,1982,979.487915039063
dji,1983,1095.455078125
dji,1984,1209.18408203125
dji,1985,1302.84936523438
dji,1986,1344.76525878906
dji,1987,1404.56420898438
dji,1988,1476.46984863281
dji,1989,1531.57836914063
dji,1990,1587.35571289063
dji,1991,1685.63610839844
dji,1992,1805.37182617188
dji,1993,1944.66271972656
dji,1994,2058.44775390625
dji,1995,2144.59375
dji,1996,2217.31372070313
dji,1997,2323.546875
dji,1998,2455.76953125
dji,1999,2451.29760742188
dji,2000,2469.07373046875
dji,2001,2522.04956054688
dji,2002,2665.95190429688
dji,2003,2974.65405273438
dji,2004,3231.37255859375
dji,2005,3647.99462890625
dji,2006,4583.7958984375
dji,2007,5813.44580078125
dji,2008,7291.4169921875
dji,2009,9051.5166015625
dji,2010,10652.388671875
dji,2011,12443.6875
dji,2012,14214.5595703125
dji,2013,10047.8134765625
dji,2014,10595.5390625
dji,2015,11589.349609375
dji,2016,11707.1259765625
dji,2017,12337.04296875
dji,2018,14673.7197265625
dji,2019,17513.859375
dji,2020,20206.888671875
dji,2021,23400.328125
dji,2022,25179.66015625
dji,2023,26842.5625
dma,1970,157.175704956055
dma,1971,185.772109985352
dma,1972,202.070953369141
dma,1973,207.512191772461
dma,1974,202.157318115234
dma,1975,208.752426147461
dma,1976,212.707229614258
dma,1977,217.395065307617
dma,1978,225.45735168457
dma,1979,232.105087280273
dma,1980,260.625701904297
dma,1981,277.589538574219
dma,1982,291.746307373047
dma,1983,302.521636962891
dma,1984,323.485137939453
dma,1985,334.130676269531
dma,1986,338.999267578125
dma,1987,344.378936767578
dma,1988,367.016052246094
dma,1989,404.201110839844
dma,1990,447.281555175781
dma,1991,473.856231689453
dma,1992,478.157745361328
dma,1993,480.030883789063
dma,1994,483.042907714844
dma,1995,502.812194824219
dma,1996,516.027099609375
dma,1997,535.045104980469
dma,1998,543.65771484375
dma,1999,565.506103515625
dma,2000,598.995666503906
dma,2001,629.244812011719
dma,2002,657.054077148438
dma,2003,710.617126464844
dma,2004,794.392456054688
dma,2005,917.985229492188
dma,2006,1082.96118164063
dma,2007,1306.00610351563
dma,2008,1625.56225585938
dma,2009,2008.97241210938
dma,2010,2397.78247070313
dma,2011,2607.7705078125
dma,2012,2591.03491210938
dma,2013,2563.33544921875
dma,2014,2571.521484375
dma,2015,2612.2412109375
dma,2016,2647.54760742188
dma,2017,2729.794921875
dma,2018,3328.3779296875
dma,2019,3853.1484375
dma,2020,4434.7060546875
dma,2021,5246.40966796875
dma,2022,5658.67529296875
dma,2023,6042.76220703125
dnk,1950,179525.140625
dnk,1951,181471.015625
dnk,1952,183543.609375
dnk,1953,187919.5
dnk,1954,193035.84375
dnk,1955,196051.828125
dnk,1956,200874.6875
dnk,1957,206697.4375
dnk,1958,211166.328125
dnk,1959,220997.375
dnk,1960,233358.203125
dnk,1961,245908.609375
dnk,1962,260270.234375
dnk,1963,271144.03125
dnk,1964,287923.09375
dnk,1965,306196.5
dnk,1966,322731.3125
dnk,1967,339943.9375
dnk,1968,358262.5
dnk,1969,380809.34375
dnk,1970,403447.75
dnk,1971,424968.4375
dnk,1972,449305.59375
dnk,1973,476108.59375
dnk,1974,498482.3125
dnk,1975,515886.21875
dnk,1976,533180.8125
dnk,1977,543898.125
dnk,1978,550283.125
dnk,1979,555362.25
dnk,1980,554810.3125
dnk,1981,544131.3125
dnk,1982,530585.0625
dnk,1983,516184.6875
dnk,1984,510259.875
dnk,1985,518025.78125
dnk,1986,538397.125
dnk,1987,561143.3125
dnk,1988,584005.9375
dnk,1989,610751.0625
dnk,1990,636122.0625
dnk,1991,661019.3125
dnk,1992,685497.4375
dnk,1993,706955.8125
dnk,1994,727662.875
dnk,1995,746403.9375
dnk,1996,759656.875
dnk,1997,755278.625
dnk,1998,752536.5625
dnk,1999,742020.0625
dnk,2000,741439.875
dnk,2001,768315.25
dnk,2002,761590.0625
dnk,2003,789135.9375
dnk,2004,824923.1875
dnk,2005,845391.3125
dnk,2006,928145.5625
dnk,2007,971898.75
dnk,2008,1102590.75
dnk,2009,1178392.25
dnk,2010,1314619.25
dnk,2011,1414238.125
dnk,2012,1454499.125
dnk,2013,1480694.625
dnk,2014,1430468.5
dnk,2015,1444586.625
dnk,2016,1525994.375
dnk,2017,1597723.625
dnk,2018,1688915.75
dnk,2019,1776820.0
dnk,2020,1878683.5
dnk,2021,1909466.125
dnk,2022,1965389.875
dnk,2023,1998499.625
dom,1951,11398.0009765625
dom,1952,14998.05078125
dom,1953,15526.9482421875
dom,1954,15604.8017578125
dom,1955,15974.880859375
dom,1956,16704.005859375
dom,1957,17280.626953125
dom,1958,18334.966796875
dom,1959,19817.71484375
dom,1960,19349.33984375
dom,1961,16741.947265625
dom,1962,19924.998046875
dom,1963,21147.68359375
dom,1964,22612.4453125
dom,1965,20173.80859375
dom,1966,23169.126953125
dom,1967,23257.70703125
dom,1968,23793.798828125
dom,1969,25764.39453125
dom,1970,28032.2578125
dom,1971,28951.98828125
dom,1972,33694.16015625
dom,1973,36870.46875
dom,1974,41186.14453125
dom,1975,45837.703125
dom,1976,48227.375
dom,1977,52438.6953125
dom,1978,55396.09765625
dom,1979,62202.8984375
dom,1980,67582.4921875
dom,1981,68384.1640625
dom,1982,66208.640625
dom,1983,64984.35546875
dom,1984,62739.2890625
dom,1985,77621.90625
dom,1986,88362.1484375
dom,1987,91995.71875
dom,1988,88312.1328125
dom,1989,94547.1171875
dom,1990,99126.1953125
dom,1991,84006.484375
dom,1992,91081.3515625
dom,1993,97941.8359375
dom,1994,111038.6640625
dom,1995,118215.515625
dom,1996,127920.1015625
dom,1997,137998.234375
dom,1998,156377.453125
dom,1999,169998.828125
dom,2000,188008.328125
dom,2001,204196.25
dom,2002,228505.15625
dom,2003,242571.609375
dom,2004,262344.96875
dom,2005,294635.34375
dom,2006,323364.0
dom,2007,362316.96875
dom,2008,406143.84375
dom,2009,434048.5
dom,2010,471986.53125
dom,2011,505204.625
dom,2012,536034.125
dom,2013,570187.3125
dom,2014,609636.0
dom,2015,684170.5
dom,2016,748575.5
dom,2017,819138.5625
dom,2018,892218.5625
dom,2019,994433.6875
dom,2020,1096257.625
dom,2021,1202378.125
dom,2022,1280540.25
dom,2023,1348759.5
dza,1960,401792.71875
dza,1961,416832.0625
dza,1962,419197.375
dza,1963,423523.375
dza,1964,423919.875
dza,1965,424742.25
dza,1966,422007.90625
dza,1967,425537.15625
dza,1968,433056.5
dza,1969,445586.75
dza,1970,464604.21875
dza,1971,479413.71875
dza,1972,497960.1875
dza,1973,519117.15625
dza,1974,546665.0
dza,1975,584703.75
dza,1976,625996.6875
dza,1977,677702.3125
dza,1978,739986.0
dza,1979,792312.5
dza,1980,841299.875
dza,1981,894256.75
dza,1982,950267.875
dza,1983,1005956.25
dza,1984,1064937.5
dza,1985,1127477.375
dza,1986,1186673.75
dza,1987,1227070.5
dza,1988,1262026.625
dza,1989,1304096.5
dza,1990,1339397.75
dza,1991,1357735.875
dza,1992,1384107.75
dza,1993,1412213.625
dza,1994,1436379.875
dza,1995,1459200.5
dza,1996,1483720.5
dza,1997,1509507.625
dza,1998,1547478.625
dza,1999,1580558.25
dza,2000,1611737.875
dza,2001,1655857.625
dza,2002,1710353.0
dza,2003,1769889.75
dza,2004,1835712.75
dza,2005,1907151.125
dza,2006,1981865.125
dza,2007,2064189.125
dza,2008,2162963.5
dza,2009,2271787.5
dza,2010,2385092.75
dza,2011,2485898.25
dza,2012,2381830.5
dza,2013,2478174.0
dza,2014,2591276.75
dza,2015,2657530.75
dza,2016,2621866.5
dza,2017,2585753.75
dza,2018,2625476.25
dza,2019,2663982.5
dza,2020,2600111.0
dza,2021,2659781.75
dza,2022,2787721.0
dza,2023,2916442.0
ecu,1950,28444.1171875
ecu,1951,29617.76953125
ecu,1952,30757.482421875
ecu,1953,32349.306640625
ecu,1954,34600.07421875
ecu,1955,36969.80859375
ecu,1956,39223.69140625
ecu,1957,41196.40234375
ecu,1958,43156.7109375
ecu,1959,45429.82421875
ecu,1960,47842.1875
ecu,1961,50170.125
ecu,1962,52470.0078125
ecu,1963,54673.9765625
ecu,1964,56959.8359375
ecu,1965,59171.55078125
ecu,1966,61955.0859375
ecu,1967,65831.2578125
ecu,1968,69530.3046875
ecu,1969,72375.21875
ecu,1970,75608.7109375
ecu,1971,79072.3125
ecu,1972,83286.0
ecu,1973,88064.546875
ecu,1974,91456.9921875
ecu,1975,98159.6953125
ecu,1976,105288.5546875
ecu,1977,113128.875
ecu,1978,122125.921875
ecu,1979,128865.015625
ecu,1980,134812.140625
ecu,1981,143232.953125
ecu,1982,150343.125
ecu,1983,150064.953125
ecu,1984,152151.46875
ecu,1985,155828.0
ecu,1986,160710.375
ecu,1987,162515.34375
ecu,1988,166242.046875
ecu,1989,168258.296875
ecu,1990,170573.78125
ecu,1991,173513.21875
ecu,1992,176811.71875
ecu,1993,180818.53125
ecu,1994,184009.109375
ecu,1995,187408.71875
ecu,1996,190956.25
ecu,1997,197291.15625
ecu,1998,210655.40625
ecu,1999,227083.109375
ecu,2000,254276.78125
ecu,2001,293958.5625
ecu,2002,346799.15625
ecu,2003,412104.71875
ecu,2004,484842.96875
ecu,2005,541796.8125
ecu,2006,578560.4375
ecu,2007,607573.75
ecu,2008,642763.4375
ecu,2009,676574.1875
ecu,2010,706503.5625
ecu,2011,743444.3125
ecu,2012,776622.4375
ecu,2013,831750.5625
ecu,2014,884139.9375
ecu,2015,908721.125
ecu,2016,1022930.6875
ecu,2017,1081118.5
ecu,2018,1123067.875
ecu,2019,1198505.875
ecu,2020,1306296.125
ecu,2021,1414991.875
ecu,2022,1453070.125
ecu,2023,1481233.125
egy,1950,4898.56640625
egy,1951,5013.08642578125
egy,1952,5177.68017578125
egy,1953,5383.18115234375
egy,1954,5598.6669921875
egy,1955,5824.7041015625
egy,1956,5935.35791015625
egy,1957,6056.45068359375
egy,1958,6213.716796875
egy,1959,6464.27734375
egy,1960,6656.71044921875
egy,1961,6961.9697265625
egy,1962,7359.9853515625
egy,1963,7900.60693359375
egy,1964,8489.234375
egy,1965,9207.58984375
egy,1966,9669.171875
egy,1967,10019.0693359375
egy,1968,10296.70703125
egy,1969,10787.2705078125
egy,1970,11323.4892578125
egy,1971,11674.0224609375
egy,1972,11957.3955078125
egy,1973,12491.56640625
egy,1974,13515.40625
egy,1975,14715.1806640625
egy,1976,17146.904296875
egy,1977,19163.3515625
egy,1978,21356.427734375
egy,1979,24298.453125
egy,1980,28053.322265625
egy,1981,31724.974609375
egy,1982,36077.26171875
egy,1983,40483.6328125
egy,1984,46170.3984375
egy,1985,51924.32421875
egy,1986,58363.94140625
egy,1987,66101.7109375
egy,1988,77070.5078125
egy,1989,91322.3125
egy,1990,111497.6328125
egy,1991,134872.140625
egy,1992,168095.40625
egy,1993,214508.78125
egy,1994,280577.59375
egy,1995,365728.625
egy,1996,438498.15625
egy,1997,478727.90625
egy,1998,527785.0
egy,1999,575727.375
egy,2000,621886.875
egy,2001,671892.375
egy,2002,719341.125
egy,2003,768081.6875
egy,2004,823975.875
egy,2005,894942.3125
egy,2006,989052.125
egy,2007,1115018.375
egy,2008,1272953.25
egy,2009,1426916.875
egy,2010,1587969.375
egy,2011,1707472.0
egy,2012,1791000.625
egy,2013,1819816.5
egy,2014,1646325.875
egy,2015,1934589.75
egy,2016,1935129.125
egy,2017,2045096.375
egy,2018,2283960.5
egy,2019,2491935.5
egy,2020,2975873.25
egy,2021,2932152.5
egy,2022,3104355.25
egy,2023,3185428.5
esp,1950,372216.84375
esp,1951,387096.75
esp,1952,401238.0
esp,1953,416469.15625
esp,1954,438947.40625
esp,1955,463112.0
esp,1956,493200.0
esp,1957,520171.6875
esp,1958,551829.75
esp,1959,571120.3125
esp,1960,595812.6875
esp,1961,631995.125
esp,1962,680663.1875
esp,1963,734074.125
esp,1964,791818.375
esp,1965,858566.875
esp,1966,933628.3125
esp,1967,1004190.75
esp,1968,1082655.75
esp,1969,1176693.875
esp,1970,1260217.875
esp,1971,1341134.625
esp,1972,1435910.5
esp,1973,1557782.0
esp,1974,1676560.25
esp,1975,1796195.625
esp,1976,1942484.125
esp,1977,2161350.5
esp,1978,2436993.25
esp,1979,2728060.25
esp,1980,2904427.25
esp,1981,2886832.5
esp,1982,2748320.0
esp,1983,2565062.0
esp,1984,2442127.0
esp,1985,2425212.0
esp,1986,2527066.0
esp,1987,2673021.25
esp,1988,2869114.75
esp,1989,3116468.75
esp,1990,3393157.75
esp,1991,3693913.75
esp,1992,4001988.0
esp,1993,4287405.5
esp,1994,4552563.5
esp,1995,4791202.5
esp,1996,4974921.0
esp,1997,4964001.0
esp,1998,4996796.0
esp,1999,5036082.5
esp,2000,5062581.0
esp,2001,4899883.0
esp,2002,5042006.5
esp,2003,5356534.5
esp,2004,5923882.0
esp,2005,6430453.0
esp,2006,8084798.0
esp,2007,9786449.0
esp,2008,10438100.0
esp,2009,10865542.0
esp,2010,11383080.0
esp,2011,11563922.0
esp,2012,11686758.0
esp,2013,11928171.0
esp,2014,11782955.0
esp,2015,11902534.0
esp,2016,12361840.0
esp,2017,12436180.0
esp,2018,12419885.0
esp,2019,12985419.0
esp,2020,12958272.0
esp,2021,13126397.0
esp,2022,13357267.0
esp,2023,13514154.0
est,1990,73003.0703125
est,1991,73978.765625
est,1992,73572.5859375
est,1993,73300.625
est,1994,73190.0390625
est,1995,73137.953125
est,1996,73824.9140625
est,1997,72001.1953125
est,1998,68616.4765625
est,1999,65989.5546875
est,2000,65149.9609375
est,2001,66937.65625
est,2002,64669.4765625
est,2003,73484.5625
est,2004,80923.234375
est,2005,91382.03125
est,2006,108491.4765625
est,2007,124641.953125
est,2008,142670.046875
est,2009,159829.140625
est,2010,169445.96875
est,2011,190105.75
est,2012,191221.828125
est,2013,195668.0
est,2014,192039.65625
est,2015,196371.828125
est,2016,196848.46875
est,2017,215997.09375
est,2018,239458.171875
est,2019,256818.640625
est,2020,273598.625
est,2021,282763.1875
est,2022,293264.53125
est,2023,304093.25
eth,1950,5553.20703125
eth,1951,5445.41259765625
eth,1952,5371.62255859375
eth,1953,5462.1572265625
eth,1954,5683.40625
eth,1955,5943.10888671875
eth,1956,6138.18798828125
eth,1957,6387.6015625
eth,1958,6996.54150390625
eth,1959,7252.01611328125
eth,1960,7801.8076171875
eth,1961,8387.85546875
eth,1962,9008.3505859375
eth,1963,9648.607421875
eth,1964,10235.306640625
eth,1965,10894.595703125
eth,1966,11633.2978515625
eth,1967,12579.2998046875
eth,1968,13524.779296875
eth,1969,14357.8984375
eth,1970,14961.84375
eth,1971,15628.27734375
eth,1972,16438.58984375
eth,1973,17075.763671875
eth,1974,17556.92578125
eth,1975,18115.208984375
eth,1976,18439.4921875
eth,1977,18767.94921875
eth,1978,19005.087890625
eth,1979,19453.4375
eth,1980,20098.744140625
eth,1981,20520.91796875
eth,1982,20870.8515625
eth,1983,21226.927734375
eth,1984,22321.751953125
eth,1985,23196.6953125
eth,1986,24428.576171875
eth,1987,26189.484375
eth,1988,28191.79296875
eth,1989,30359.9921875
eth,1990,32191.06640625
eth,1991,33900.25
eth,1992,35813.99609375
eth,1993,38607.96484375
eth,1994,42432.27734375
eth,1995,46325.47265625
eth,1996,51875.7421875
eth,1997,57788.921875
eth,1998,65483.05859375
eth,1999,74302.453125
eth,2000,85618.9609375
eth,2001,100081.8984375
eth,2002,116394.28125
eth,2003,132893.984375
eth,2004,153567.765625
eth,2005,171941.34375
eth,2006,190049.1875
eth,2007,207876.359375
eth,2008,227842.5625
eth,2009,254432.734375
eth,2010,284095.46875
eth,2011,319753.28125
eth,2012,333845.3125
eth,2013,342542.0
eth,2014,403749.625
eth,2015,457843.34375
eth,2016,498244.8125
eth,2017,604153.0
eth,2018,611142.3125
eth,2019,708653.1875
eth,2020,676592.375
eth,2021,779446.875
eth,2022,832306.6875
eth,2023,878424.125
fin,1950,111452.484375
fin,1951,119545.09375
fin,1952,129357.4296875
fin,1953,135858.21875
fin,1954,145402.375
fin,1955,156268.53125
fin,1956,167338.078125
fin,1957,177101.984375
fin,1958,186113.03125
fin,1959,196999.53125
fin,1960,212003.296875
fin,1961,227244.234375
fin,1962,241366.4375
fin,1963,252485.734375
fin,1964,264991.78125
fin,1965,282094.84375
fin,1966,297692.375
fin,1967,311162.375
fin,1968,324565.5
fin,1969,340556.6875
fin,1970,364968.21875
fin,1971,387816.125
fin,1972,412252.71875
fin,1973,438730.5
fin,1974,465781.96875
fin,1975,489640.9375
fin,1976,511425.75
fin,1977,531557.9375
fin,1978,546789.375
fin,1979,564640.0
fin,1980,585583.9375
fin,1981,593271.25
fin,1982,583175.4375
fin,1983,568050.75
fin,1984,559434.25
fin,1985,567258.25
fin,1986,588266.875
fin,1987,616953.6875
fin,1988,655397.5
fin,1989,704396.5625
fin,1990,753312.0625
fin,1991,793603.6875
fin,1992,828947.0625
fin,1993,855797.625
fin,1994,875436.0625
fin,1995,888760.75
fin,1996,855454.8125
fin,1997,835989.25
fin,1998,837114.0625
fin,1999,830668.0625
fin,2000,835870.1875
fin,2001,825047.0625
fin,2002,803279.375
fin,2003,820185.375
fin,2004,857664.75
fin,2005,903842.875
fin,2006,976642.3125
fin,2007,1025299.875
fin,2008,1165013.125
fin,2009,1289804.75
fin,2010,1317500.75
fin,2011,1362857.5
fin,2012,1411512.0
fin,2013,1445087.25
fin,2014,1363750.375
fin,2015,1347282.375
fin,2016,1379193.5
fin,2017,1378019.0
fin,2018,1468667.875
fin,2019,1561393.0
fin,2020,1696169.75
fin,2021,1786506.25
fin,2022,1830036.125
fin,2023,1850916.75
fji,1960,1007.87713623047
fji,1961,1241.30407714844
fji,1962,1396.22778320313
fji,1963,1578.68994140625
fji,1964,1790.38610839844
fji,1965,1995.47436523438
fji,1966,2170.38696289063
fji,1967,2349.84790039063
fji,1968,2672.47509765625
fji,1969,2936.22192382813
fji,1970,3146.10498046875
fji,1971,3466.32104492188
fji,1972,3812.7587890625
fji,1973,4181.84423828125
fji,1974,4440.306640625
fji,1975,4771.16748046875
fji,1976,5060.8671875
fji,1977,5311.56689453125
fji,1978,5522.658203125
fji,1979,5767.76708984375
fji,1980,6025.1005859375
fji,1981,6356.6416015625
fji,1982,6580.13671875
fji,1983,6670.7158203125
fji,1984,6673.185546875
fji,1985,6690.37939453125
fji,1986,6662.01220703125
fji,1987,6512.64404296875
fji,1988,6341.83056640625
fji,1989,6287.10791015625
fji,1990,6382.8974609375
fji,1991,6451.4853515625
fji,1992,6452.48486328125
fji,1993,6665.677734375
fji,1994,6765.2724609375
fji,1995,6909.32666015625
fji,1996,7280.1162109375
fji,1997,7642.0615234375
fji,1998,8215.111328125
fji,1999,8676.6826171875
fji,2000,8648.6796875
fji,2001,8731.9697265625
fji,2002,9030.2275390625
fji,2003,9516.71484375
fji,2004,10134.8271484375
fji,2005,10278.9140625
fji,2006,10830.6435546875
fji,2007,11670.3173828125
fji,2008,13647.912109375
fji,2009,15790.6435546875
fji,2010,18283.111328125
fji,2011,20338.42578125
fji,2012,20847.25390625
fji,2013,23262.943359375
fji,2014,26030.87890625
fji,2015,29942.162109375
fji,2016,29758.38671875
fji,2017,31454.1328125
fji,2018,31649.771484375
fji,2019,31553.775390625
fji,2020,31636.701171875
fji,2021,31235.7734375
fji,2022,31871.662109375
fji,2023,32471.896484375
fra,1950,1700799.0
fra,1951,1726936.625
fra,1952,1783459.75
fra,1953,1821493.75
fra,1954,1879554.5
fra,1955,1944167.75
fra,1956,2017613.375
fra,1957,2099578.5
fra,1958,2194297.75
fra,1959,2276918.75
fra,1960,2391884.75
fra,1961,2506827.75
fra,1962,2643911.75
fra,1963,2793600.25
fra,1964,2964968.0
fra,1965,3129637.5
fra,1966,3310294.75
fra,1967,3496427.0
fra,1968,3701537.5
fra,1969,3926851.0
fra,1970,4153714.25
fra,1971,4400457.5
fra,1972,4669198.0
fra,1973,4979738.0
fra,1974,5293335.0
fra,1975,5541035.0
fra,1976,5786830.0
fra,1977,6089910.5
fra,1978,6392537.0
fra,1979,6692553.5
fra,1980,6874074.0
fra,1981,6845149.5
fra,1982,6669221.5
fra,1983,6442700.5
fra,1984,6285957.0
fra,1985,6270327.5
fra,1986,6358442.5
fra,1987,6484559.0
fra,1988,6664115.5
fra,1989,6883671.5
fra,1990,7108919.0
fra,1991,7343753.0
fra,1992,7557399.0
fra,1993,7741171.5
fra,1994,7907401.0
fra,1995,8046930.5
fra,1996,8131645.5
fra,1997,7979724.5
fra,1998,7839411.0
fra,1999,7702111.5
fra,2000,7704039.0
fra,2001,7624380.0
fra,2002,7633802.5
fra,2003,7621642.5
fra,2004,8701559.0
fra,2005,9590353.0
fra,2006,10785794.0
fra,2007,11975652.0
fra,2008,12805371.0
fra,2009,13436346.0
fra,2010,14534406.0
fra,2011,15227527.0
fra,2012,15763352.0
fra,2013,16493357.0
fra,2014,16379905.0
fra,2015,16516611.0
fra,2016,16694901.0
fra,2017,17490708.0
fra,2018,18573128.0
fra,2019,20935254.0
fra,2020,21207194.0
fra,2021,20642360.0
fra,2022,21054822.0
fra,2023,21333246.0
gab,1960,3809.16284179688
gab,1961,4285.71484375
gab,1962,4759.05419921875
gab,1963,5104.23828125
gab,1964,5387.22509765625
gab,1965,5645.9267578125
gab,1966,6090.8837890625
gab,1967,6328.29833984375
gab,1968,6568.8974609375
gab,1969,6850.2978515625
gab,1970,7239.5166015625
gab,1971,7658.5859375
gab,1972,8210.2646484375
gab,1973,8815.8681640625
gab,1974,11037.8701171875
gab,1975,13901.31640625
gab,1976,18032.13671875
gab,1977,20857.66796875
gab,1978,21472.935546875
gab,1979,22099.23828125
gab,1980,22715.7734375
gab,1981,23910.517578125
gab,1982,24916.4296875
gab,1983,25958.068359375
gab,1984,26809.89453125
gab,1985,27991.357421875
gab,1986,28994.482421875
gab,1987,28772.3203125
gab,1988,29256.017578125
gab,1989,29301.5078125
gab,1990,29217.0625
gab,1991,29281.068359375
gab,1992,29269.38671875
gab,1993,29447.79296875
gab,1994,29468.578125
gab,1995,29594.677734375
gab,1996,29688.63671875
gab,1997,31266.16015625
gab,1998,34868.83984375
gab,1999,39273.55078125
gab,2000,45722.578125
gab,2001,55943.765625
gab,2002,71486.890625
gab,2003,92466.703125
gab,2004,115995.3359375
gab,2005,129155.84375
gab,2006,130316.6328125
gab,2007,130334.1328125
gab,2008,129726.671875
gab,2009,128142.703125
gab,2010,127985.5703125
gab,2011,127970.7578125
gab,2012,119064.3359375
gab,2013,135299.046875
gab,2014,150584.796875
gab,2015,154580.234375
gab,2016,146676.8125
gab,2017,121693.578125
gab,2018,79323.84375
gab,2019,83836.4140625
gab,2020,89322.15625
gab,2021,95827.078125
gab,2022,102155.296875
gab,2023,108239.640625
gbr,1950,1371291.25
gbr,1951,1463261.25
gbr,1952,1521759.75
gbr,1953,1591043.125
gbr,1954,1663400.875
gbr,1955,1751689.125
gbr,1956,1834557.75
gbr,1957,1918144.25
gbr,1958,1989751.75
gbr,1959,2073621.75
gbr,1960,2178431.75
gbr,1961,2286182.5
gbr,1962,2376646.5
gbr,1963,2471811.25
gbr,1964,2622217.5
gbr,1965,2766957.0
gbr,1966,2897016.5
gbr,1967,3044526.5
gbr,1968,3208434.75
gbr,1969,3360753.75
gbr,1970,3501393.75
gbr,1971,3535202.5
gbr,1972,3425857.0
gbr,1973,3302045.25
gbr,1974,3205897.25
gbr,1975,3182132.25
gbr,1976,3221709.75
gbr,1977,3286697.25
gbr,1978,3377583.0
gbr,1979,3480826.5
gbr,1980,3540075.0
gbr,1981,3556663.25
gbr,1982,3608468.75
gbr,1983,3648127.0
gbr,1984,3711200.0
gbr,1985,3790608.0
gbr,1986,3873131.5
gbr,1987,3995563.5
gbr,1988,4150824.0
gbr,1989,4337998.0
gbr,1990,4438905.0
gbr,1991,4627602.0
gbr,1992,4842671.5
gbr,1993,5057459.5
gbr,1994,5383459.0
gbr,1995,5610996.5
gbr,1996,5932255.0
gbr,1997,6600131.0
gbr,1998,6714120.5
gbr,1999,6553993.5
gbr,2000,6499339.0
gbr,2001,6529934.0
gbr,2002,6497387.0
gbr,2003,6720747.5
gbr,2004,7066477.0
gbr,2005,7725048.0
gbr,2006,8381319.0
gbr,2007,8687036.0
gbr,2008,9820000.0
gbr,2009,10807183.0
gbr,2010,12115510.0
gbr,2011,11632949.0
gbr,2012,12774487.0
gbr,2013,14606819.0
gbr,2014,14201236.0
gbr,2015,15256743.0
gbr,2016,14612051.0
gbr,2017,15222311.0
gbr,2018,15548045.0
gbr,2019,16212461.0
gbr,2020,16350884.0
gbr,2021,16572071.0
gbr,2022,16948340.0
gbr,2023,17216510.0
geo,1990,97619.8203125
geo,1991,98005.46875
geo,1992,96233.03125
geo,1993,92363.2421875
geo,1994,89656.9296875
geo,1995,87990.7109375
geo,1996,86813.21875
geo,1997,86340.6875
geo,1998,87859.4921875
geo,1999,89827.1796875
geo,2000,91999.4453125
geo,2001,95152.6484375
geo,2002,98435.8515625
geo,2003,102583.25
geo,2004,106668.1953125
geo,2005,110235.0546875
geo,2006,110246.640625
geo,2007,107438.515625
geo,2008,102823.7109375
geo,2009,97313.8046875
geo,2010,94742.8359375
geo,2011,95178.96875
geo,2012,122805.171875
geo,2013,142415.125
geo,2014,161007.875
geo,2015,193743.34375
geo,2016,241737.28125
geo,2017,285515.21875
geo,2018,311516.28125
geo,2019,376275.3125
geo,2020,399646.25
geo,2021,409189.75
geo,2022,416818.125
geo,2023,426327.34375
gha,1955,79751.2734375
gha,1956,86783.09375
gha,1957,90730.15625
gha,1958,94964.90625
gha,1959,102580.3984375
gha,1960,111041.4453125
gha,1961,116292.2109375
gha,1962,120184.09375
gha,1963,126230.6796875
gha,1964,133711.78125
gha,1965,140641.828125
gha,1966,144832.796875
gha,1967,145431.1875
gha,1968,144525.703125
gha,1969,145379.890625
gha,1970,147918.875
gha,1971,152872.234375
gha,1972,151346.09375
gha,1973,149690.53125
gha,1974,155808.1875
gha,1975,158648.203125
gha,1976,158706.625
gha,1977,160471.625
gha,1978,161051.0625
gha,1979,162142.34375
gha,1980,161128.921875
gha,1981,158199.6875
gha,1982,154499.828125
gha,1983,152373.40625
gha,1984,156908.6875
gha,1985,159480.234375
gha,1986,160888.921875
gha,1987,162871.203125
gha,1988,165168.03125
gha,1989,170342.4375
gha,1990,175054.375
gha,1991,180485.625
gha,1992,184639.59375
gha,1993,190183.15625
gha,1994,195216.890625
gha,1995,199645.921875
gha,1996,206733.015625
gha,1997,214881.15625
gha,1998,221948.421875
gha,1999,223723.125
gha,2000,239762.109375
gha,2001,257221.53125
gha,2002,261745.5
gha,2003,273376.375
gha,2004,291994.6875
gha,2005,310828.3125
gha,2006,340737.8125
gha,2007,389038.875
gha,2008,465486.0
gha,2009,555485.8125
gha,2010,647401.6875
gha,2011,724608.375
gha,2012,773121.625
gha,2013,814204.0
gha,2014,781022.1875
gha,2015,738734.875
gha,2016,556610.8125
gha,2017,453961.5
gha,2018,511168.59375
gha,2019,546803.4375
gha,2020,558655.9375
gha,2021,564574.375
gha,2022,585908.0625
gha,2023,596860.375
gin,1959,5136.19091796875
gin,1960,5422.009765625
gin,1961,5827.001953125
gin,1962,6407.2265625
gin,1963,6689.13134765625
gin,1964,7028.52978515625
gin,1965,7449.78369140625
gin,1966,7965.67041015625
gin,1967,8342.96484375
gin,1968,8695.6494140625
gin,1969,9002.7197265625
gin,1970,9318.6181640625
gin,1971,9674.25390625
gin,1972,10042.2333984375
gin,1973,10403.2548828125
gin,1974,10799.5224609375
gin,1975,11196.76953125
gin,1976,11643.0048828125
gin,1977,12070.08984375
gin,1978,12534.5205078125
gin,1979,12982.7255859375
gin,1980,13427.4375
gin,1981,13900.89453125
gin,1982,14362.28515625
gin,1983,14761.69140625
gin,1984,15105.61328125
gin,1985,15526.8740234375
gin,1986,16148.9091796875
gin,1987,16882.95703125
gin,1988,17745.58984375
gin,1989,18628.541015625
gin,1990,20043.166015625
gin,1991,20995.267578125
gin,1992,21931.943359375
gin,1993,22973.623046875
gin,1994,23932.5625
gin,1995,24844.55078125
gin,1996,25807.80078125
gin,1997,26386.564453125
gin,1998,26264.201171875
gin,1999,25636.619140625
gin,2000,24964.859375
gin,2001,24082.228515625
gin,2002,23890.69921875
gin,2003,24002.32421875
gin,2004,24669.6171875
gin,2005,26103.73828125
gin,2006,27576.97265625
gin,2007,29545.6171875
gin,2008,31167.369140625
gin,2009,32354.671875
gin,2010,33827.8671875
gin,2011,36835.8203125
gin,2012,41047.08984375
gin,2013,40212.51171875
gin,2014,40707.48828125
gin,2015,43712.69140625
gin,2016,56528.63671875
gin,2017,64439.37890625
gin,2018,66453.5625
gin,2019,72458.7578125
gin,2020,74070.5078125
gin,2021,75756.6015625
gin,2022,78183.2265625
gin,2023,78917.3984375
gmb,1960,1045.64636230469
gmb,1961,1061.39221191406
gmb,1962,1097.51123046875
gmb,1963,1118.67919921875
gmb,1964,1158.1279296875
gmb,1965,1220.65295410156
gmb,1966,1294.56091308594
gmb,1967,1366.30700683594
gmb,1968,1458.64709472656
gmb,1969,1567.44775390625
gmb,1970,1661.00537109375
gmb,1971,1783.56860351563
gmb,1972,1803.9306640625
gmb,1973,1841.49792480469
gmb,1974,1857.88830566406
gmb,1975,1904.48754882813
gmb,1976,2041.28381347656
gmb,1977,2210.21020507813
gmb,1978,2341.61450195313
gmb,1979,2479.41918945313
gmb,1980,2625.71704101563
gmb,1981,2713.85278320313
gmb,1982,2774.49438476563
gmb,1983,2855.35107421875
gmb,1984,2915.20068359375
gmb,1985,2967.93090820313
gmb,1986,3029.74780273438
gmb,1987,3216.45849609375
gmb,1988,3543.11352539063
gmb,1989,3864.83618164063
gmb,1990,4163.10693359375
gmb,1991,4499.59765625
gmb,1992,4966.82177734375
gmb,1993,5354.71630859375
gmb,1994,5646.29736328125
gmb,1995,5972.025390625
gmb,1996,6347.48193359375
gmb,1997,6595.85693359375
gmb,1998,6905.95703125
gmb,1999,7209.08837890625
gmb,2000,7516.330078125
gmb,2001,8136.15625
gmb,2002,9474.2705078125
gmb,2003,10631.52734375
gmb,2004,10972.392578125
gmb,2005,11209.6572265625
gmb,2006,11634.1923828125
gmb,2007,12359.248046875
gmb,2008,13380.548828125
gmb,2009,14629.4072265625
gmb,2010,15658.4345703125
gmb,2011,16077.2314453125
gmb,2012,15074.630859375
gmb,2013,13876.0791015625
gmb,2014,14281.3818359375
gmb,2015,14206.5654296875
gmb,2016,13706.2578125
gmb,2017,13305.259765625
gmb,2018,13135.9697265625
gmb,2019,13202.0712890625
gmb,2020,12928.04296875
gmb,2021,16132.6279296875
gmb,2022,17089.37890625
gmb,2023,17995.138671875
gnb,1960,511.250579833984
gnb,1961,653.166931152344
gnb,1962,800.356018066406
gnb,1963,932.297912597656
gnb,1964,1067.39147949219
gnb,1965,1176.44348144531
gnb,1966,1285.04321289063
gnb,1967,1407.87622070313
gnb,1968,1525.79016113281
gnb,1969,1668.6689453125
gnb,1970,1920.22033691406
gnb,1971,2149.16845703125
gnb,1972,2340.634765625
gnb,1973,2513.56127929688
gnb,1974,2651.2607421875
gnb,1975,2780.333984375
gnb,1976,2930.58227539063
gnb,1977,3114.78857421875
gnb,1978,3350.18676757813
gnb,1979,3580.22802734375
gnb,1980,3826.44091796875
gnb,1981,3978.17651367188
gnb,1982,4120.2392578125
gnb,1983,4196.29052734375
gnb,1984,4365.48681640625
gnb,1985,4504.98486328125
gnb,1986,4591.28662109375
gnb,1987,4727.5986328125
gnb,1988,4944.419921875
gnb,1989,5112.47216796875
gnb,1990,5269.23828125
gnb,1991,5385.15673828125
gnb,1992,5720.80029296875
gnb,1993,5922.46826171875
gnb,1994,6061.8984375
gnb,1995,6173.171875
gnb,1996,6264.47509765625
gnb,1997,6366.7861328125
gnb,1998,6366.56201171875
gnb,1999,6360.26416015625
gnb,2000,6425.85400390625
gnb,2001,6494.57666015625
gnb,2002,6612.04443359375
gnb,2003,6743.21142578125
gnb,2004,6808.47802734375
gnb,2005,6846.6826171875
gnb,2006,6853.30908203125
gnb,2007,6822.30859375
gnb,2008,6745.9580078125
gnb,2009,6677.84375
gnb,2010,6612.5830078125
gnb,2011,6608.57861328125
gnb,2012,6622.20458984375
gnb,2013,6384.9716796875
gnb,2014,6630.57177734375
gnb,2015,6792.1552734375
gnb,2016,6904.0322265625
gnb,2017,7332.443359375
gnb,2018,7218.86669921875
gnb,2019,7766.1162109375
gnb,2020,6884.7607421875
gnb,2021,7217.20556640625
gnb,2022,7360.53759765625
gnb,2023,7472.45263671875
gnq,1971,192.252380371094
gnq,1972,211.703826904297
gnq,1973,230.439407348633
gnq,1974,248.793121337891
gnq,1975,266.091979980469
gnq,1976,281.275238037109
gnq,1977,296.276458740234
gnq,1978,318.60400390625
gnq,1979,338.595428466797
gnq,1980,357.048248291016
gnq,1981,377.135955810547
gnq,1982,412.197601318359
gnq,1983,447.313751220703
gnq,1984,459.325592041016
gnq,1985,470.825500488281
gnq,1986,476.608093261719
gnq,1987,491.700408935547
gnq,1988,509.665222167969
gnq,1989,529.131958007813
gnq,1990,553.466552734375
gnq,1991,572.102478027344
gnq,1992,586.707336425781
gnq,1993,599.609497070313
gnq,1994,659.67529296875
gnq,1995,864.090026855469
gnq,1996,1366.5634765625
gnq,1997,2015.3740234375
gnq,1998,2769.23413085938
gnq,1999,3666.19580078125
gnq,2000,4779.49365234375
gnq,2001,6654.31298828125
gnq,2002,7307.08203125
gnq,2003,9152.9609375
gnq,2004,10784.9638671875
gnq,2005,12699.07421875
gnq,2006,15639.236328125
gnq,2007,21403.615234375
gnq,2008,32706.517578125
gnq,2009,55612.76953125
gnq,2010,91985.6328125
gnq,2011,131560.53125
gnq,2012,155242.203125
gnq,2013,158741.0
gnq,2014,161042.34375
gnq,2015,158336.140625
gnq,2016,143748.609375
gnq,2017,142061.40625
gnq,2018,136532.359375
gnq,2019,127861.6953125
gnq,2020,104552.9375
gnq,2021,119601.7421875
gnq,2022,115792.1953125
gnq,2023,111980.765625
grc,1951,263984.90625
grc,1952,259382.90625
grc,1953,256371.5625
grc,1954,252577.6875
grc,1955,250027.890625
grc,1956,249723.46875
grc,1957,249609.53125
grc,1958,252289.34375
grc,1959,256620.203125
grc,1960,263032.625
grc,1961,273759.0625
grc,1962,283014.28125
grc,1963,297598.59375
grc,1964,316130.34375
grc,1965,339753.75
grc,1966,364541.375
grc,1967,385808.15625
grc,1968,410032.9375
grc,1969,445379.75
grc,1970,482180.34375
grc,1971,518806.03125
grc,1972,571743.625
grc,1973,633054.8125
grc,1974,669192.1875
grc,1975,697885.125
grc,1976,735930.0625
grc,1977,787478.0625
grc,1978,848943.625
grc,1979,918448.6875
grc,1980,968275.9375
grc,1981,976630.0625
grc,1982,948917.8125
grc,1983,914060.1875
grc,1984,886889.375
grc,1985,892221.375
grc,1986,923829.0625
grc,1987,972182.6875
grc,1988,1038939.875
grc,1989,1127618.375
grc,1990,1234084.125
grc,1991,1361527.5
grc,1992,1489905.75
grc,1993,1628195.0
grc,1994,1740869.75
grc,1995,1803482.0
grc,1996,1825580.875
grc,1997,1794964.625
grc,1998,1781273.5
grc,1999,1760488.0
grc,2000,1741301.375
grc,2001,1636133.625
grc,2002,1669422.875
grc,2003,1742303.125
grc,2004,1840816.5
grc,2005,1813919.125
grc,2006,2110900.0
grc,2007,2286037.25
grc,2008,2396564.25
grc,2009,2455792.5
grc,2010,2399624.25
grc,2011,2292976.0
grc,2012,2531347.25
grc,2013,3104164.0
grc,2014,3003937.5
grc,2015,2812120.75
grc,2016,2622658.75
grc,2017,2587484.5
grc,2018,2588596.75
grc,2019,2619784.75
grc,2020,2617956.75
grc,2021,2566738.25
grc,2022,2591919.75
grc,2023,2603367.25
grd,1970,219.806625366211
grd,1971,225.738632202148
grd,1972,232.114288330078
grd,1973,241.687835693359
grd,1974,251.630218505859
grd,1975,257.680267333984
grd,1976,272.147979736328
grd,1977,284.171325683594
grd,1978,290.301727294922
grd,1979,327.407562255859
grd,1980,359.116241455078
grd,1981,419.553924560547
grd,1982,486.226745605469
grd,1983,544.728942871094
grd,1984,577.163818359375
grd,1985,618.903686523438
grd,1986,660.052185058594
grd,1987,694.263122558594
grd,1988,720.323059082031
grd,1989,744.515808105469
grd,1990,786.908264160156
grd,1991,826.861511230469
grd,1992,852.17041015625
grd,1993,889.580993652344
grd,1994,952.408020019531
grd,1995,1007.5078125
grd,1996,1092.13122558594
grd,1997,1193.85998535156
grd,1998,1332.17260742188
grd,1999,1515.90759277344
grd,2000,1677.90490722656
grd,2001,1838.9990234375
grd,2002,2014.75402832031
grd,2003,2289.27099609375
grd,2004,2616.68334960938
grd,2005,3159.9091796875
grd,2006,3739.37768554688
grd,2007,4500.63525390625
grd,2008,5390.3251953125
grd,2009,6299.9482421875
grd,2010,7123.46923828125
grd,2011,7466.4677734375
grd,2012,7197.52099609375
grd,2013,7098.080078125
grd,2014,6897.26806640625
grd,2015,6870.61572265625
grd,2016,6829.27783203125
grd,2017,6895.5390625
grd,2018,7347.77197265625
grd,2019,7750.13037109375
grd,2020,8291.3505859375
grd,2021,8628.837890625
grd,2022,8968.9326171875
grd,2023,9660.5029296875
gtm,1950,9595.16796875
gtm,1951,10071.001953125
gtm,1952,10301.708984375
gtm,1953,10614.8564453125
gtm,1954,10911.2080078125
gtm,1955,11652.046875
gtm,1956,12917.7529296875
gtm,1957,14154.02734375
gtm,1958,15099.2431640625
gtm,1959,15867.435546875
gtm,1960,16582.470703125
gtm,1961,17064.640625
gtm,1962,17567.056640625
gtm,1963,18483.8359375
gtm,1964,19696.24609375
gtm,1965,20869.8515625
gtm,1966,21707.0625
gtm,1967,22919.146484375
gtm,1968,24686.34375
gtm,1969,25674.333984375
gtm,1970,27193.41015625
gtm,1971,28757.4921875
gtm,1972,30228.31640625
gtm,1973,31869.70703125
gtm,1974,33431.0546875
gtm,1975,35236.23828125
gtm,1976,38135.5546875
gtm,1977,41253.69140625
gtm,1978,44594.77734375
gtm,1979,47506.8984375
gtm,1980,49789.875
gtm,1981,52557.7109375
gtm,1982,54853.36328125
gtm,1983,55835.94921875
gtm,1984,56807.609375
gtm,1985,57661.5390625
gtm,1986,58917.4453125
gtm,1987,60940.15625
gtm,1988,63729.78515625
gtm,1989,66990.2890625
gtm,1990,69707.6484375
gtm,1991,72594.6484375
gtm,1992,77595.5625
gtm,1993,83429.2421875
gtm,1994,89154.6171875
gtm,1995,95637.953125
gtm,1996,102392.3203125
gtm,1997,111123.0234375
gtm,1998,122731.03125
gtm,1999,135448.828125
gtm,2000,147445.171875
gtm,2001,161031.296875
gtm,2002,177104.359375
gtm,2003,193513.765625
gtm,2004,211288.5
gtm,2005,231217.15625
gtm,2006,255206.921875
gtm,2007,281004.5625
gtm,2008,306926.53125
gtm,2009,330934.625
gtm,2010,354771.3125
gtm,2011,380638.9375
gtm,2012,403374.3125
gtm,2013,418955.6875
gtm,2014,454935.09375
gtm,2015,505038.0625
gtm,2016,555276.6875
gtm,2017,596797.1875
gtm,2018,615698.25
gtm,2019,665944.625
gtm,2020,712464.125
gtm,2021,809323.3125
gtm,2022,843059.9375
gtm,2023,873987.8125
hkg,1960,31793.373046875
hkg,1961,34292.125
hkg,1962,37944.3359375
hkg,1963,43167.70703125
hkg,1964,48891.45703125
hkg,1965,55281.31640625
hkg,1966,60153.609375
hkg,1967,63892.11328125
hkg,1968,67099.3125
hkg,1969,70408.703125
hkg,1970,73844.2578125
hkg,1971,78859.0390625
hkg,1972,84119.7734375
hkg,1973,89986.4453125
hkg,1974,95197.1875
hkg,1975,100888.765625
hkg,1976,107282.5390625
hkg,1977,116330.28125
hkg,1978,126415.7890625
hkg,1979,138489.875
hkg,1980,153366.828125
hkg,1981,170484.5
hkg,1982,187463.25
hkg,1983,203204.84375
hkg,1984,220353.9375
hkg,1985,238126.421875
hkg,1986,259823.09375
hkg,1987,287653.34375
hkg,1988,321961.21875
hkg,1989,363223.875
hkg,1990,413998.96875
hkg,1991,475386.21875
hkg,1992,551057.9375
hkg,1993,635865.125
hkg,1994,734377.6875
hkg,1995,843971.25
hkg,1996,943215.5625
hkg,1997,1033839.625
hkg,1998,1097736.5
hkg,1999,1131641.125
hkg,2000,1169770.25
hkg,2001,1210254.375
hkg,2002,1244661.5
hkg,2003,1284729.25
hkg,2004,1340162.125
hkg,2005,1408610.875
hkg,2006,1499236.125
hkg,2007,1599478.125
hkg,2008,1711789.875
hkg,2009,1830450.625
hkg,2010,1951605.0
hkg,2011,2063156.25
hkg,2012,2121834.75
hkg,2013,2410050.0
hkg,2014,2456864.5
hkg,2015,2532669.75
hkg,2016,2585559.25
hkg,2017,2666743.25
hkg,2018,2662857.75
hkg,2019,2563987.0
hkg,2020,2541048.25
hkg,2021,2487502.0
hkg,2022,2507957.0
hkg,2023,2526376.25
hnd,1950,4188.4638671875
hnd,1951,4510.7685546875
hnd,1952,4931.2822265625
hnd,1953,5315.96337890625
hnd,1954,5533.97216796875
hnd,1955,5804.43896484375
hnd,1956,6092.81494140625
hnd,1957,6412.80517578125
hnd,1958,6627.74755859375
hnd,1959,6828.66845703125
hnd,1960,7083.1416015625
hnd,1961,7268.02294921875
hnd,1962,7614.849609375
hnd,1963,8040.83984375
hnd,1964,8435.474609375
hnd,1965,8880.7783203125
hnd,1966,9403.4931640625
hnd,1967,10181.96875
hnd,1968,10892.4609375
hnd,1969,11569.4267578125
hnd,1970,12304.6103515625
hnd,1971,12853.5595703125
hnd,1972,13282.74609375
hnd,1973,13944.80859375
hnd,1974,14764.0634765625
hnd,1975,15674.828125
hnd,1976,16555.595703125
hnd,1977,17669.203125
hnd,1978,19133.279296875
hnd,1979,20405.78125
hnd,1980,21690.658203125
hnd,1981,22436.0703125
hnd,1982,22971.455078125
hnd,1983,23500.1953125
hnd,1984,24363.017578125
hnd,1985,25188.16015625
hnd,1986,25673.2734375
hnd,1987,26322.30078125
hnd,1988,27416.85546875
hnd,1989,28966.837890625
hnd,1990,30399.861328125
hnd,1991,31648.169921875
hnd,1992,33775.0703125
hnd,1993,37185.296875
hnd,1994,40454.125
hnd,1995,42961.125
hnd,1996,45744.96875
hnd,1997,49210.453125
hnd,1998,53325.97265625
hnd,1999,57738.84375
hnd,2000,61706.96484375
hnd,2001,65875.734375
hnd,2002,69915.2890625
hnd,2003,74513.0625
hnd,2004,81009.234375
hnd,2005,87598.953125
hnd,2006,95793.6953125
hnd,2007,106435.4296875
hnd,2008,118920.9921875
hnd,2009,126926.375
hnd,2010,135453.03125
hnd,2011,146507.515625
hnd,2012,160176.3125
hnd,2013,168866.3125
hnd,2014,184200.515625
hnd,2015,205529.546875
hnd,2016,224997.359375
hnd,2017,244112.234375
hnd,2018,258947.296875
hnd,2019,266064.71875
hnd,2020,272511.53125
hnd,2021,278521.75
hnd,2022,290188.4375
hnd,2023,303074.5
hrv,1990,189715.484375
hrv,1991,187243.609375
hrv,1992,185482.875
hrv,1993,184422.21875
hrv,1994,183242.296875
hrv,1995,183428.453125
hrv,1996,186292.046875
hrv,1997,192927.578125
hrv,1998,202210.6875
hrv,1999,212708.234375
hrv,2000,223739.078125
hrv,2001,236492.28125
hrv,2002,250737.625
hrv,2003,267350.78125
hrv,2004,285123.4375
hrv,2005,295607.0
hrv,2006,360029.375
hrv,2007,423455.53125
hrv,2008,438978.125
hrv,2009,465885.1875
hrv,2010,466264.21875
hrv,2011,525498.5
hrv,2012,554436.375
hrv,2013,585805.875
hrv,2014,561428.0
hrv,2015,571999.5
hrv,2016,574100.375
hrv,2017,620507.875
hrv,2018,653245.8125
hrv,2019,707138.875
hrv,2020,701417.0
hrv,2021,717594.4375
hrv,2022,738166.625
hrv,2023,758075.625
hti,1960,40648.87890625
hti,1961,40912.62109375
hti,1962,41497.2890625
hti,1963,42087.67578125
hti,1964,42625.17578125
hti,1965,43129.4921875
hti,1966,43601.20703125
hti,1967,44058.62890625
hti,1968,44646.078125
hti,1969,45648.578125
hti,1970,47340.73828125
hti,1971,49323.78515625
hti,1972,51767.9453125
hti,1973,55056.4765625
hti,1974,59375.24609375
hti,1975,63893.1484375
hti,1976,69037.3984375
hti,1977,74968.453125
hti,1978,81527.6328125
hti,1979,89009.5234375
hti,1980,97045.9765625
hti,1981,104500.78125
hti,1982,110937.203125
hti,1983,117056.09375
hti,1984,123179.8515625
hti,1985,131079.21875
hti,1986,138042.0625
hti,1987,146016.046875
hti,1988,153061.515625
hti,1989,159355.3125
hti,1990,165385.203125
hti,1991,170879.6875
hti,1992,175406.671875
hti,1993,177380.140625
hti,1994,178564.046875
hti,1995,184498.71875
hti,1996,189575.34375
hti,1997,193607.390625
hti,1998,199868.703125
hti,1999,205112.703125
hti,2000,210726.3125
hti,2001,218276.640625
hti,2002,227094.40625
hti,2003,236521.53125
hti,2004,241044.671875
hti,2005,246389.390625
hti,2006,255117.828125
hti,2007,257783.046875
hti,2008,265857.875
hti,2009,271048.0625
hti,2010,277688.125
hti,2011,282038.25
hti,2012,280667.59375
hti,2013,267016.0625
hti,2014,230800.265625
hti,2015,239455.140625
hti,2016,236001.703125
hti,2017,273289.25
hti,2018,268544.75
hti,2019,271795.625
hti,2020,423268.65625
hti,2021,454898.65625
hti,2022,459448.40625
hti,2023,460279.25
hun,1970,217528.3125
hun,1971,234732.765625
hun,1972,245764.59375
hun,1973,254710.1875
hun,1974,267338.3125
hun,1975,286381.59375
hun,1976,308957.96875
hun,1977,339174.0625
hun,1978,373070.34375
hun,1979,406785.34375
hun,1980,432611.96875
hun,1981,450880.71875
hun,1982,464471.5625
hun,1983,473053.0625
hun,1984,480775.28125
hun,1985,489542.84375
hun,1986,501622.03125
hun,1987,516423.21875
hun,1988,527527.6875
hun,1989,541611.9375
hun,1990,550755.8125
hun,1991,556119.0625
hun,1992,563380.1875
hun,1993,572532.25
hun,1994,584602.75
hun,1995,594290.125
hun,1996,606508.0
hun,1997,583745.3125
hun,1998,568086.5625
hun,1999,554750.8125
hun,2000,584257.25
hun,2001,671229.0625
hun,2002,649727.0625
hun,2003,706589.9375
hun,2004,719131.0625
hun,2005,722722.625
hun,2006,821426.125
hun,2007,912239.0
hun,2008,1060562.625
hun,2009,1195586.125
hun,2010,1249269.625
hun,2011,1304763.75
hun,2012,1404536.75
hun,2013,1506946.5
hun,2014,1456665.0
hun,2015,1545199.875
hun,2016,1604432.125
hun,2017,1619106.875
hun,2018,1705893.5
hun,2019,1834316.5
hun,2020,1896496.5
hun,2021,1954814.875
hun,2022,2013655.0
hun,2023,2046395.125
idn,1960,337215.90625
idn,1961,336886.03125
idn,1962,336392.9375
idn,1963,333626.90625
idn,1964,332025.125
idn,1965,329217.34375
idn,1966,328019.34375
idn,1967,327077.96875
idn,1968,327691.9375
idn,1969,330729.6875
idn,1970,336705.75
idn,1971,346831.84375
idn,1972,361315.875
idn,1973,378246.375
idn,1974,399922.5625
idn,1975,426560.15625
idn,1976,453427.4375
idn,1977,485567.6875
idn,1978,523877.0
idn,1979,564525.875
idn,1980,612969.125
idn,1981,669621.6875
idn,1982,724670.875
idn,1983,771017.8125
idn,1984,801710.0
idn,1985,832715.0
idn,1986,864846.1875
idn,1987,895461.75
idn,1988,933189.875
idn,1989,982638.9375
idn,1990,1047363.25
idn,1991,1120381.75
idn,1992,1191238.0
idn,1993,1265206.875
idn,1994,1366042.0
idn,1995,1492988.625
idn,1996,1651956.25
idn,1997,1806812.0
idn,1998,1878787.75
idn,1999,1931371.0
idn,2000,2011607.5
idn,2001,2145442.25
idn,2002,2326512.5
idn,2003,2566407.25
idn,2004,2898105.5
idn,2005,3311292.75
idn,2006,3875596.5
idn,2007,4805412.5
idn,2008,6340565.0
idn,2009,8582902.0
idn,2010,11402348.0
idn,2011,13402948.0
idn,2012,14055985.0
idn,2013,14847160.0
idn,2014,15508692.0
idn,2015,16334941.0
idn,2016,17199504.0
idn,2017,18020996.0
idn,2018,18968602.0
idn,2019,21104994.0
idn,2020,22433072.0
idn,2021,23252202.0
idn,2022,24505718.0
idn,2023,25676676.0
ind,1950,695706.875
ind,1951,727384.25
ind,1952,747427.75
ind,1953,771369.5625
ind,1954,816013.9375
ind,1955,863799.9375
ind,1956,923420.0625
ind,1957,969893.125
ind,1958,1024735.5625
ind,1959,1072439.625
ind,1960,1145650.375
ind,1961,1230781.75
ind,1962,1313742.125
ind,1963,1400738.125
ind,1964,1517146.75
ind,1965,1630773.0
ind,1966,1755427.625
ind,1967,1873060.125
ind,1968,1971344.125
ind,1969,2078918.625
ind,1970,2180432.0
ind,1971,2270351.75
ind,1972,2325456.0
ind,1973,2358350.0
ind,1974,2385027.25
ind,1975,2410476.25
ind,1976,2443229.75
ind,1977,2473155.75
ind,1978,2476746.5
ind,1979,2462622.5
ind,1980,2429094.25
ind,1981,2353232.25
ind,1982,2245527.75
ind,1983,2150907.0
ind,1984,2109482.5
ind,1985,2150978.5
ind,1986,2254481.0
ind,1987,2381471.25
ind,1988,2518982.75
ind,1989,2680092.0
ind,1990,2879529.75
ind,1991,3053660.0
ind,1992,3267116.25
ind,1993,3494765.25
ind,1994,3745559.25
ind,1995,4047542.0
ind,1996,4384129.5
ind,1997,4777975.5
ind,1998,5259252.0
ind,1999,5873754.0
ind,2000,6474122.5
ind,2001,7277986.0
ind,2002,8126356.0
ind,2003,9102063.0
ind,2004,10300685.0
ind,2005,11617902.0
ind,2006,13172247.0
ind,2007,15065329.0
ind,2008,17290768.0
ind,2009,19816718.0
ind,2010,22639224.0
ind,2011,25485734.0
ind,2012,27590486.0
ind,2013,29547868.0
ind,2014,30483426.0
ind,2015,31573798.0
ind,2016,33265424.0
ind,2017,34986972.0
ind,2018,36865600.0
ind,2019,39333124.0
ind,2020,42968296.0
ind,2021,45347308.0
ind,2022,48551788.0
ind,2023,51797352.0
irl,1950,28028.638671875
irl,1951,30782.666015625
irl,1952,32507.169921875
irl,1953,34501.4296875
irl,1954,36111.08203125
irl,1955,38419.4140625
irl,1956,39578.37890625
irl,1957,40075.015625
irl,1958,40441.73828125
irl,1959,42144.7265625
irl,1960,43347.8125
irl,1961,45198.78125
irl,1962,47485.5625
irl,1963,50143.8359375
irl,1964,53146.42578125
irl,1965,56640.796875
irl,1966,59239.8359375
irl,1967,62001.41796875
irl,1968,65694.8515625
irl,1969,70833.5
irl,1970,75239.1953125
irl,1971,80273.578125
irl,1972,85740.65625
irl,1973,92322.265625
irl,1974,97179.2734375
irl,1975,101464.6796875
irl,1976,108968.671875
irl,1977,120298.65625
irl,1978,136249.703125
irl,1979,154218.265625
irl,1980,166424.21875
irl,1981,174425.0
irl,1982,177891.40625
irl,1983,177840.328125
irl,1984,177936.625
irl,1985,179630.640625
irl,1986,183874.296875
irl,1987,191578.78125
irl,1988,202842.828125
irl,1989,219614.140625
irl,1990,241420.625
irl,1991,264647.84375
irl,1992,290679.90625
irl,1993,315860.46875
irl,1994,340247.5625
irl,1995,359730.375
irl,1996,377053.40625
irl,1997,381837.3125
irl,1998,397092.03125
irl,1999,408538.4375
irl,2000,421874.84375
irl,2001,446658.09375
irl,2002,482779.75
irl,2003,507841.375
irl,2004,558590.5
irl,2005,590408.75
irl,2006,779837.25
irl,2007,970049.625
irl,2008,993846.0
irl,2009,979201.5
irl,2010,1149912.0
irl,2011,1210504.625
irl,2012,1265738.375
irl,2013,1343315.875
irl,2014,1352216.375
irl,2015,1414341.625
irl,2016,1589358.25
irl,2017,1723828.25
irl,2018,1818278.0
irl,2019,2164057.5
irl,2020,2349105.0
irl,2021,2331310.0
irl,2022,2375181.0
irl,2023,2411348.75
irn,1955,149636.171875
irn,1956,158022.578125
irn,1957,168743.984375
irn,1958,183880.640625
irn,1959,199461.375
irn,1960,214678.640625
irn,1961,229837.484375
irn,1962,249118.578125
irn,1963,270405.78125
irn,1964,301758.53125
irn,1965,338703.65625
irn,1966,382475.90625
irn,1967,429117.3125
irn,1968,491191.34375
irn,1969,550491.1875
irn,1970,592555.25
irn,1971,637733.0
irn,1972,684723.5
irn,1973,730968.4375
irn,1974,790469.5
irn,1975,892671.125
irn,1976,1006849.3125
irn,1977,1029419.9375
irn,1978,1002800.25
irn,1979,940324.25
irn,1980,899988.0625
irn,1981,865218.9375
irn,1982,844056.625
irn,1983,859743.625
irn,1984,877071.1875
irn,1985,892748.625
irn,1986,911267.5625
irn,1987,948901.125
irn,1988,1015137.0
irn,1989,1098362.0
irn,1990,1193130.375
irn,1991,1336240.875
irn,1992,1499369.375
irn,1993,1668193.375
irn,1994,1829298.5
irn,1995,1983299.125
irn,1996,2151556.0
irn,1997,2294072.75
irn,1998,2442938.75
irn,1999,2587477.25
irn,2000,2747131.0
irn,2001,2981097.0
irn,2002,3237930.25
irn,2003,3509538.0
irn,2004,3804692.75
irn,2005,4108591.5
irn,2006,4418242.0
irn,2007,4782852.5
irn,2008,5199028.0
irn,2009,5620841.5
irn,2010,6064858.0
irn,2011,6602162.0
irn,2012,7154298.0
irn,2013,7576503.5
irn,2014,7805004.0
irn,2015,8398127.0
irn,2016,8590431.0
irn,2017,9048772.0
irn,2018,8262228.5
irn,2019,9252743.0
irn,2020,11568703.0
irn,2021,8634985.0
irn,2022,8752683.0
irn,2023,8858677.0
irq,1970,50128.828125
irq,1971,53681.3125
irq,1972,57174.69921875
irq,1973,62875.9375
irq,1974,69323.5
irq,1975,81181.1875
irq,1976,93845.34375
irq,1977,104691.9453125
irq,1978,120692.6953125
irq,1979,137101.546875
irq,1980,151632.09375
irq,1981,188056.34375
irq,1982,221953.21875
irq,1983,232807.828125
irq,1984,236608.234375
irq,1985,239107.25
irq,1986,242261.578125
irq,1987,245483.078125
irq,1988,251552.375
irq,1989,263239.65625
irq,1990,271260.0
irq,1991,261914.84375
irq,1992,257464.75
irq,1993,257643.5625
irq,1994,251007.4375
irq,1995,243482.546875
irq,1996,235831.0
irq,1997,231069.9375
irq,1998,229589.8125
irq,1999,227775.015625
irq,2000,227657.234375
irq,2001,235833.859375
irq,2002,240551.3125
irq,2003,253439.34375
irq,2004,261051.9375
irq,2005,291728.40625
irq,2006,337162.5625
irq,2007,371857.75
irq,2008,460298.875
irq,2009,555441.125
irq,2010,691872.0
irq,2011,797280.9375
irq,2012,818927.0
irq,2013,919573.5
irq,2014,1141853.375
irq,2015,941981.375
irq,2016,854984.25
irq,2017,1151538.875
irq,2018,1161243.625
irq,2019,1198175.0
irq,2020,1580680.25
irq,2021,1684056.625
irq,2022,1710240.75
irq,2023,1710355.25
isl,1950,7093.900390625
isl,1951,7328.70458984375
isl,1952,7565.26953125
isl,1953,7865.9716796875
isl,1954,8254.259765625
isl,1955,8916.314453125
isl,1956,9436.7861328125
isl,1957,9971.4765625
isl,1958,10607.3212890625
isl,1959,11341.0009765625
isl,1960,11902.703125
isl,1961,12485.859375
isl,1962,12952.16796875
isl,1963,13753.9951171875
isl,1964,14872.951171875
isl,1965,16087.580078125
isl,1966,17401.794921875
isl,1967,18879.57421875
isl,1968,19962.400390625
isl,1969,20504.419921875
isl,1970,21166.177734375
isl,1971,22615.501953125
isl,1972,23842.3828125
isl,1973,25465.33984375
isl,1974,27461.0546875
isl,1975,29041.791015625
isl,1976,30456.23046875
isl,1977,31843.3984375
isl,1978,33186.06640625
isl,1979,34677.125
isl,1980,36620.8984375
isl,1981,38326.61328125
isl,1982,39887.26953125
isl,1983,40823.78125
isl,1984,42012.62890625
isl,1985,43297.734375
isl,1986,44551.984375
isl,1987,46267.44140625
isl,1988,47965.48046875
isl,1989,49276.265625
isl,1990,50496.35546875
isl,1991,51682.49609375
isl,1992,52645.1875
isl,1993,53361.72265625
isl,1994,54059.3203125
isl,1995,54793.3671875
isl,1996,53581.0078125
isl,1997,63283.3203125
isl,1998,63551.3671875
isl,1999,63178.7265625
isl,2000,63586.38671875
isl,2001,65662.78125
isl,2002,66797.375
isl,2003,68328.015625
isl,2004,71451.09375
isl,2005,75131.0234375
isl,2006,71604.6015625
isl,2007,67126.8125
isl,2008,77083.6796875
isl,2009,91455.5625
isl,2010,73338.296875
isl,2011,71609.3203125
isl,2012,78533.015625
isl,2013,85129.3984375
isl,2014,84547.1015625
isl,2015,86695.8984375
isl,2016,92267.484375
isl,2017,96070.5859375
isl,2018,111524.171875
isl,2019,121956.7265625
isl,2020,125854.4609375
isl,2021,139516.640625
isl,2022,144168.53125
isl,2023,147983.703125
isr,1950,45221.70703125
isr,1951,48970.91015625
isr,1952,51988.03125
isr,1953,53955.68359375
isr,1954,56416.1953125
isr,1955,59843.29296875
isr,1956,62905.125
isr,1957,66642.5390625
isr,1958,70792.59375
isr,1959,75353.2890625
isr,1960,80021.3984375
isr,1961,85934.1171875
isr,1962,92641.734375
isr,1963,99089.015625
isr,1964,107601.46875
isr,1965,115399.3984375
isr,1966,122696.703125
isr,1967,127326.6953125
isr,1968,130132.3984375
isr,1969,136692.984375
isr,1970,145086.6875
isr,1971,157221.828125
isr,1972,171109.546875
isr,1973,185643.578125
isr,1974,198164.109375
isr,1975,209866.90625
isr,1976,218304.03125
isr,1977,225558.609375
isr,1978,233242.25
isr,1979,246265.09375
isr,1980,255147.953125
isr,1981,264632.34375
isr,1982,274646.90625
isr,1983,287271.53125
isr,1984,299708.75
isr,1985,309783.71875
isr,1986,324416.71875
isr,1987,342856.625
isr,1988,360744.90625
isr,1989,379551.6875
isr,1990,407751.1875
isr,1991,447029.125
isr,1992,489641.0
isr,1993,536687.375
isr,1994,587042.0625
isr,1995,648685.25
isr,1996,715310.75
isr,1997,763280.5625
isr,1998,807130.6875
isr,1999,848979.125
isr,2000,880419.4375
isr,2001,904172.5625
isr,2002,921215.9375
isr,2003,903129.5
isr,2004,891753.8125
isr,2005,886926.9375
isr,2006,904170.5
isr,2007,927245.1875
isr,2008,949937.5
isr,2009,977918.125
isr,2010,1005849.9375
isr,2011,1041270.375
isr,2012,1091593.5
isr,2013,1340572.0
isr,2014,1336583.25
isr,2015,1319376.5
isr,2016,1370758.75
isr,2017,1346747.875
isr,2018,1314293.125
isr,2019,1301774.875
isr,2020,1284745.0
isr,2021,1331354.625
isr,2022,1404767.75
isr,2023,1462970.25
ita,1950,992284.3125
ita,1951,1029596.0
ita,1952,1068648.25
ita,1953,1114638.5
ita,1954,1167833.875
ita,1955,1235041.125
ita,1956,1304881.25
ita,1957,1376438.5
ita,1958,1452569.875
ita,1959,1539107.125
ita,1960,1642009.25
ita,1961,1758831.875
ita,1962,1886931.875
ita,1963,2019788.25
ita,1964,2131895.0
ita,1965,2223365.0
ita,1966,2322627.0
ita,1967,2444318.0
ita,1968,2573245.5
ita,1969,2727865.5
ita,1970,2969152.0
ita,1971,3173312.75
ita,1972,3350468.5
ita,1973,3543404.75
ita,1974,3750992.75
ita,1975,3941122.25
ita,1976,4162037.0
ita,1977,4427910.5
ita,1978,4700425.0
ita,1979,4986656.0
ita,1980,5219407.5
ita,1981,5322758.0
ita,1982,5311164.5
ita,1983,5248396.5
ita,1984,5242477.0
ita,1985,5331775.0
ita,1986,5533473.0
ita,1987,5828317.5
ita,1988,6226703.0
ita,1989,6717462.5
ita,1990,7275169.0
ita,1991,7881985.0
ita,1992,8518795.0
ita,1993,9074912.0
ita,1994,9553751.0
ita,1995,9923490.0
ita,1996,10105364.0
ita,1997,9940056.0
ita,1998,9850290.0
ita,1999,9599576.0
ita,2000,9567754.0
ita,2001,9376011.0
ita,2002,9253504.0
ita,2003,9373395.0
ita,2004,9727717.0
ita,2005,10431371.0
ita,2006,11578947.0
ita,2007,12565453.0
ita,2008,13703698.0
ita,2009,15243045.0
ita,2010,14392471.0
ita,2011,16139436.0
ita,2012,17104618.0
ita,2013,18357588.0
ita,2014,17747174.0
ita,2015,18234838.0
ita,2016,19393668.0
ita,2017,19049328.0
ita,2018,18893060.0
ita,2019,18839938.0
ita,2020,19010734.0
ita,2021,19507172.0
ita,2022,19917532.0
ita,2023,20274386.0
jam,1953,33891.62109375
jam,1954,34034.6640625
jam,1955,34298.2265625
jam,1956,34842.03125
jam,1957,35789.109375
jam,1958,36719.4921875
jam,1959,37471.078125
jam,1960,38458.8359375
jam,1961,39140.7890625
jam,1962,39722.4921875
jam,1963,40243.11328125
jam,1964,41157.68359375
jam,1965,42199.34375
jam,1966,43458.015625
jam,1967,44877.28515625
jam,1968,46915.34375
jam,1969,49189.6015625
jam,1970,51529.63671875
jam,1971,53405.26953125
jam,1972,55225.15234375
jam,1973,57035.78515625
jam,1974,58115.5078125
jam,1975,59436.94921875
jam,1976,59500.8046875
jam,1977,58719.52734375
jam,1978,57923.4765625
jam,1979,57140.2578125
jam,1980,55646.48046875
jam,1981,54417.14453125
jam,1982,53229.13671875
jam,1983,51869.25
jam,1984,50447.8984375
jam,1985,49158.5703125
jam,1986,47166.26171875
jam,1987,45088.453125
jam,1988,43064.45703125
jam,1989,41360.671875
jam,1990,39702.26171875
jam,1991,38141.234375
jam,1992,37760.09375
jam,1993,37687.5
jam,1994,37878.0859375
jam,1995,38490.80078125
jam,1996,39596.01171875
jam,1997,40923.99609375
jam,1998,42477.41796875
jam,1999,44394.9140625
jam,2000,47468.16015625
jam,2001,51942.546875
jam,2002,57791.67578125
jam,2003,64641.828125
jam,2004,73572.2578125
jam,2005,84902.1796875
jam,2006,99692.640625
jam,2007,117342.5703125
jam,2008,138201.828125
jam,2009,159971.40625
jam,2010,177945.921875
jam,2011,186020.75
jam,2012,176507.71875
jam,2013,174543.53125
jam,2014,173673.96875
jam,2015,172905.390625
jam,2016,170795.890625
jam,2017,172183.078125
jam,2018,179803.71875
jam,2019,187192.15625
jam,2020,166270.640625
jam,2021,162469.921875
jam,2022,165258.015625
jam,2023,166536.203125
jor,1954,4296.99755859375
jor,1955,4455.34375
jor,1956,4695.8916015625
jor,1957,4924.990234375
jor,1958,5129.27001953125
jor,1959,5480.73876953125
jor,1960,6039.69287109375
jor,1961,6622.16748046875
jor,1962,7275.9375
jor,1963,7863.6640625
jor,1964,8683.5
jor,1965,9560.1982421875
jor,1966,10374.44921875
jor,1967,11088.1494140625
jor,1968,12264.294921875
jor,1969,14383.0361328125
jor,1970,15422.6572265625
jor,1971,16608.87890625
jor,1972,17959.20703125
jor,1973,19557.513671875
jor,1974,21562.435546875
jor,1975,23628.181640625
jor,1976,26497.01953125
jor,1977,31712.599609375
jor,1978,36450.2421875
jor,1979,41566.8203125
jor,1980,47208.40625
jor,1981,57041.38671875
jor,1982,64868.375
jor,1983,69315.390625
jor,1984,74087.65625
jor,1985,77063.9296875
jor,1986,80731.1953125
jor,1987,86889.28125
jor,1988,92675.578125
jor,1989,94685.8828125
jor,1990,95104.09375
jor,1991,94658.7734375
jor,1992,96561.96875
jor,1993,99595.2109375
jor,1994,102261.6640625
jor,1995,104598.890625
jor,1996,106694.8515625
jor,1997,109561.375
jor,1998,114693.359375
jor,1999,122588.34375
jor,2000,132140.265625
jor,2001,144099.4375
jor,2002,158648.75
jor,2003,176175.890625
jor,2004,196467.6875
jor,2005,217940.625
jor,2006,234514.484375
jor,2007,252462.5625
jor,2008,276118.3125
jor,2009,302428.0
jor,2010,331008.03125
jor,2011,360513.1875
jor,2012,405637.875
jor,2013,417116.34375
jor,2014,430270.34375
jor,2015,482806.40625
jor,2016,492573.75
jor,2017,558759.625
jor,2018,541876.5625
jor,2019,504134.65625
jor,2020,650334.125
jor,2021,712435.1875
jor,2022,729392.125
jor,2023,746491.875
jpn,1950,819103.875
jpn,1951,860338.25
jpn,1952,892529.25
jpn,1953,920008.875
jpn,1954,955526.1875
jpn,1955,1000642.1875
jpn,1956,1057819.625
jpn,1957,1130631.375
jpn,1958,1201906.25
jpn,1959,1290994.625
jpn,1960,1420796.25
jpn,1961,1587814.875
jpn,1962,1761539.75
jpn,1963,1952154.5
jpn,1964,2175722.75
jpn,1965,2398778.0
jpn,1966,2647647.75
jpn,1967,2962262.0
jpn,1968,3351099.25
jpn,1969,3809248.25
jpn,1970,4357954.0
jpn,1971,4875092.5
jpn,1972,5415725.0
jpn,1973,6029218.0
jpn,1974,6635102.5
jpn,1975,7273569.5
jpn,1976,8010115.5
jpn,1977,8969604.0
jpn,1978,10155710.0
jpn,1979,11399977.0
jpn,1980,12276141.0
jpn,1981,12266467.0
jpn,1982,11510014.0
jpn,1983,10670814.0
jpn,1984,10199530.0
jpn,1985,10305270.0
jpn,1986,10850328.0
jpn,1987,11588052.0
jpn,1988,12629342.0
jpn,1989,13940289.0
jpn,1990,15505797.0
jpn,1991,17277474.0
jpn,1992,19168374.0
jpn,1993,21082444.0
jpn,1994,22936888.0
jpn,1995,24631340.0
jpn,1996,25931658.0
jpn,1997,25840840.0
jpn,1998,25665468.0
jpn,1999,25425190.0
jpn,2000,25574376.0
jpn,2001,25677168.0
jpn,2002,25626936.0
jpn,2003,26361414.0
jpn,2004,27221788.0
jpn,2005,28233846.0
jpn,2006,29601798.0
jpn,2007,30775324.0
jpn,2008,31796274.0
jpn,2009,31674104.0
jpn,2010,31524384.0
jpn,2011,31338398.0
jpn,2012,31285218.0
jpn,2013,30743842.0
jpn,2014,30481876.0
jpn,2015,29301166.0
jpn,2016,29605892.0
jpn,2017,28569998.0
jpn,2018,28538152.0
jpn,2019,29447664.0
jpn,2020,29563630.0
jpn,2021,29706136.0
jpn,2022,29963070.0
jpn,2023,30113922.0
kaz,1990,634075.3125
kaz,1991,660186.0625
kaz,1992,684545.3125
kaz,1993,698819.375
kaz,1994,704525.375
kaz,1995,701255.4375
kaz,1996,691540.4375
kaz,1997,684302.375
kaz,1998,683223.3125
kaz,1999,683607.9375
kaz,2000,686751.0
kaz,2001,699040.75
kaz,2002,713803.3125
kaz,2003,731066.375
kaz,2004,752587.875
kaz,2005,778844.5625
kaz,2006,800762.9375
kaz,2007,812633.9375
kaz,2008,816095.25
kaz,2009,817021.25
kaz,2010,824476.125
kaz,2011,843784.5625
kaz,2012,907111.3125
kaz,2013,1149561.5
kaz,2014,1032959.0625
kaz,2015,1052229.0
kaz,2016,1048807.125
kaz,2017,1059294.25
kaz,2018,1261122.5
kaz,2019,1508499.5
kaz,2020,1791909.875
kaz,2021,2079950.625
kaz,2022,2158739.5
kaz,2023,2257631.75
ken,1950,22401.318359375
ken,1951,23575.5390625
ken,1952,24858.388671875
ken,1953,26105.0703125
ken,1954,27624.6875
ken,1955,29486.150390625
ken,1956,31304.09765625
ken,1957,32858.13671875
ken,1958,33985.6328125
ken,1959,35083.86328125
ken,1960,36265.5390625
ken,1961,36420.6953125
ken,1962,36609.9375
ken,1963,37084.28515625
ken,1964,37345.609375
ken,1965,37693.16015625
ken,1966,38945.29296875
ken,1967,40649.66015625
ken,1968,42948.6171875
ken,1969,45459.8359375
ken,1970,49678.37109375
ken,1971,54524.80859375
ken,1972,59846.25
ken,1973,66400.015625
ken,1974,72346.171875
ken,1975,76633.3125
ken,1976,77974.5859375
ken,1977,78452.3125
ken,1978,80323.828125
ken,1979,82051.9921875
ken,1980,84983.4296875
ken,1981,85202.703125
ken,1982,83273.6796875
ken,1983,80042.703125
ken,1984,80112.8515625
ken,1985,81672.4140625
ken,1986,83252.7734375
ken,1987,89365.390625
ken,1988,97538.0
ken,1989,105342.859375
ken,1990,115622.65625
ken,1991,126749.9296875
ken,1992,139835.640625
ken,1993,156824.75
ken,1994,170263.9375
ken,1995,184460.296875
ken,1996,190769.9375
ken,1997,190889.65625
ken,1998,190628.859375
ken,1999,183369.171875
ken,2000,177682.21875
ken,2001,175108.578125
ken,2002,171090.8125
ken,2003,167181.78125
ken,2004,167979.421875
ken,2005,175589.53125
ken,2006,190579.734375
ken,2007,212588.609375
ken,2008,244260.796875
ken,2009,285716.78125
ken,2010,334098.15625
ken,2011,367498.125
ken,2012,386210.78125
ken,2013,416616.03125
ken,2014,454536.59375
ken,2015,505263.4375
ken,2016,553927.1875
ken,2017,620154.0625
ken,2018,628860.5625
ken,2019,637607.1875
ken,2020,646701.8125
ken,2021,652297.1875
ken,2022,690621.8125
ken,2023,725178.9375
kgz,1990,65594.6015625
kgz,1991,66594.8671875
kgz,1992,66799.0078125
kgz,1993,66519.21875
kgz,1994,65635.359375
kgz,1995,65657.2109375
kgz,1996,65684.984375
kgz,1997,62943.08203125
kgz,1998,58084.14453125
kgz,1999,52435.6015625
kgz,2000,47260.58984375
kgz,2001,42867.0859375
kgz,2002,39277.67578125
kgz,2003,36461.1796875
kgz,2004,34626.73828125
kgz,2005,33698.4453125
kgz,2006,33788.203125
kgz,2007,34098.19921875
kgz,2008,34831.47265625
kgz,2009,35881.04296875
kgz,2010,36982.15234375
kgz,2011,38142.10546875
kgz,2012,45868.1796875
kgz,2013,66489.3515625
kgz,2014,69714.3984375
kgz,2015,73874.8671875
kgz,2016,77789.359375
kgz,2017,81997.96875
kgz,2018,114505.8515625
kgz,2019,146832.34375
kgz,2020,178064.25
kgz,2021,207528.625
kgz,2022,224953.890625
kgz,2023,237045.546875
khm,1970,20236.755859375
khm,1971,20713.744140625
khm,1972,21137.109375
khm,1973,21307.677734375
khm,1974,21458.98828125
khm,1975,21548.0703125
khm,1976,21644.509765625
khm,1977,21609.73046875
khm,1978,21595.869140625
khm,1979,21520.306640625
khm,1980,21432.9296875
khm,1981,21376.259765625
khm,1982,21292.818359375
khm,1983,21182.54296875
khm,1984,21121.75390625
khm,1985,21187.56640625
khm,1986,21254.10546875
khm,1987,21817.99609375
khm,1988,22130.61328125
khm,1989,22188.859375
khm,1990,22419.896484375
khm,1991,22720.921875
khm,1992,23188.06640625
khm,1993,24329.322265625
khm,1994,25116.294921875
khm,1995,26893.830078125
khm,1996,28321.244140625
khm,1997,30262.35546875
khm,1998,32003.92578125
khm,1999,34763.109375
khm,2000,38285.75390625
khm,2001,42252.65625
khm,2002,47359.39453125
khm,2003,52743.06640625
khm,2004,59155.12890625
khm,2005,67130.2421875
khm,2006,76837.78125
khm,2007,87635.7109375
khm,2008,100398.5859375
khm,2009,115637.765625
khm,2010,128061.3359375
khm,2011,142203.65625
khm,2012,162717.828125
khm,2013,189476.609375
khm,2014,219812.953125
khm,2015,250937.796875
khm,2016,279392.375
khm,2017,311249.84375
khm,2018,331746.75
khm,2019,362850.75
khm,2020,413666.5625
khm,2021,444840.0
khm,2022,488534.5
khm,2023,520901.40625
kna,1970,606.500915527344
kna,1971,604.543090820313
kna,1972,604.121398925781
kna,1973,608.817016601563
kna,1974,616.863159179688
kna,1975,626.4375
kna,1976,648.32763671875
kna,1977,673.525085449219
kna,1978,680.971374511719
kna,1979,708.895263671875
kna,1980,745.066528320313
kna,1981,767.315124511719
kna,1982,798.426452636719
kna,1983,830.75830078125
kna,1984,848.889587402344
kna,1985,872.523986816406
kna,1986,900.119873046875
kna,1987,947.947570800781
kna,1988,1071.33044433594
kna,1989,1201.02709960938
kna,1990,1309.72680664063
kna,1991,1368.43383789063
kna,1992,1419.62536621094
kna,1993,1497.75012207031
kna,1994,1568.416015625
kna,1995,1663.53479003906
kna,1996,1763.03112792969
kna,1997,1848.06176757813
kna,1998,1937.2412109375
kna,1999,2044.2578125
kna,2000,2273.45947265625
kna,2001,2569.22143554688
kna,2002,2886.51806640625
kna,2003,3269.40576171875
kna,2004,3731.15258789063
kna,2005,4359.50634765625
kna,2006,5121.0517578125
kna,2007,6081.02978515625
kna,2008,7172.15771484375
kna,2009,8372.986328125
kna,2010,9448.91015625
kna,2011,10213.2451171875
kna,2012,10394.345703125
kna,2013,10528.841796875
kna,2014,10737.5625
kna,2015,11234.3935546875
kna,2016,11783.4541015625
kna,2017,12581.3447265625
kna,2018,12691.2998046875
kna,2019,12767.4248046875
kna,2020,12811.125
kna,2021,12376.4970703125
kna,2022,12576.986328125
kna,2023,12704.5
kor,1953,220988.65625
kor,1954,221224.640625
kor,1955,217438.234375
kor,1956,216341.078125
kor,1957,215572.5625
kor,1958,216289.0
kor,1959,213904.125
kor,1960,211290.328125
kor,1961,209890.109375
kor,1962,212899.421875
kor,1963,218743.0625
kor,1964,221765.296875
kor,1965,226579.546875
kor,1966,240619.75
kor,1967,254852.140625
kor,1968,276122.875
kor,1969,296768.96875
kor,1970,317324.09375
kor,1971,337896.09375
kor,1972,362563.5
kor,1973,397874.03125
kor,1974,442478.46875
kor,1975,484153.125
kor,1976,501813.90625
kor,1977,510525.25
kor,1978,539853.625
kor,1979,578144.125
kor,1980,615262.875
kor,1981,655827.5
kor,1982,693114.75
kor,1983,738222.75
kor,1984,799062.6875
kor,1985,879861.5
kor,1986,992728.6875
kor,1987,1142983.125
kor,1988,1330447.375
kor,1989,1568825.625
kor,1990,1896338.75
kor,1991,2285660.25
kor,1992,2725211.25
kor,1993,3237230.25
kor,1994,3826121.75
kor,1995,4450603.5
kor,1996,5030936.0
kor,1997,4829539.5
kor,1998,4159017.25
kor,1999,3954003.5
kor,2000,4200495.0
kor,2001,4425019.0
kor,2002,4670803.0
kor,2003,5194052.0
kor,2004,5827697.5
kor,2005,6587689.0
kor,2006,7172474.0
kor,2007,7762690.5
kor,2008,8339736.5
kor,2009,8307632.5
kor,2010,8331261.0
kor,2011,8323367.5
kor,2012,8950730.0
kor,2013,9989933.0
kor,2014,10497402.0
kor,2015,10610965.0
kor,2016,11006685.0
kor,2017,11626509.0
kor,2018,12380681.0
kor,2019,13151834.0
kor,2020,13766812.0
kor,2021,13986308.0
kor,2022,14497455.0
kor,2023,14919624.0
kwt,1970,27101.2578125
kwt,1971,31026.69921875
kwt,1972,34653.171875
kwt,1973,38171.46875
kwt,1974,42625.71484375
kwt,1975,51308.10546875
kwt,1976,62510.36328125
kwt,1977,78852.6796875
kwt,1978,91728.90625
kwt,1979,102017.1640625
kwt,1980,113692.671875
kwt,1981,125842.65625
kwt,1982,140585.5625
kwt,1983,157597.90625
kwt,1984,172066.40625
kwt,1985,184077.453125
kwt,1986,192461.234375
kwt,1987,199041.625
kwt,1988,200296.65625
kwt,1989,200342.046875
kwt,1990,201599.75
kwt,1991,206289.5625
kwt,1992,209326.859375
kwt,1993,215480.671875
kwt,1994,220323.296875
kwt,1995,226817.640625
kwt,1996,233483.140625
kwt,1997,239859.5625
kwt,1998,255727.28125
kwt,1999,263278.9375
kwt,2000,265783.125
kwt,2001,272688.4375
kwt,2002,286452.09375
kwt,2003,304833.78125
kwt,2004,325157.25
kwt,2005,354062.375
kwt,2006,380997.34375
kwt,2007,392344.09375
kwt,2008,406938.625
kwt,2009,408059.25
kwt,2010,422368.96875
kwt,2011,442956.5
kwt,2012,455544.65625
kwt,2013,516380.40625
kwt,2014,591845.75
kwt,2015,676074.0
kwt,2016,757022.375
kwt,2017,911441.6875
kwt,2018,814816.0625
kwt,2019,848094.125
kwt,2020,1032932.75
kwt,2021,840710.25
kwt,2022,880748.0625
kwt,2023,907858.5
lao,1970,5464.05908203125
lao,1971,5554.12646484375
lao,1972,5645.1826171875
lao,1973,5754.458984375
lao,1974,5868.7255859375
lao,1975,5982.80029296875
lao,1976,6095.744140625
lao,1977,6207.99365234375
lao,1978,6313.0595703125
lao,1979,6395.84912109375
lao,1980,6495.88232421875
lao,1981,6658.84912109375
lao,1982,6873.6005859375
lao,1983,7157.24755859375
lao,1984,7271.802734375
lao,1985,7468.71240234375
lao,1986,7676.57763671875
lao,1987,8132.18798828125
lao,1988,8817.2373046875
lao,1989,9970.3583984375
lao,1990,11119.10546875
lao,1991,12105.6396484375
lao,1992,13105.701171875
lao,1993,14202.2158203125
lao,1994,15466.880859375
lao,1995,16737.828125
lao,1996,18296.30078125
lao,1997,19725.296875
lao,1998,20936.935546875
lao,1999,23270.404296875
lao,2000,24781.4921875
lao,2001,26711.923828125
lao,2002,30174.474609375
lao,2003,33282.83984375
lao,2004,37254.015625
lao,2005,41804.953125
lao,2006,47650.6328125
lao,2007,57199.22265625
lao,2008,67815.1484375
lao,2009,79309.828125
lao,2010,88858.3828125
lao,2011,99207.921875
lao,2012,111747.15625
lao,2013,123809.4765625
lao,2014,141527.390625
lao,2015,150749.640625
lao,2016,173794.546875
lao,2017,187939.34375
lao,2018,198606.328125
lao,2019,211606.328125
lao,2020,227240.9375
lao,2021,234249.328125
lao,2022,253199.96875
lao,2023,266699.9375
lbn,1970,40074.1875
lbn,1971,41360.71875
lbn,1972,43100.39453125
lbn,1973,46336.83984375
lbn,1974,48877.45703125
lbn,1975,49877.15234375
lbn,1976,48656.36328125
lbn,1977,48880.9921875
lbn,1978,48769.8203125
lbn,1979,48828.6796875
lbn,1980,48699.34765625
lbn,1981,49543.44140625
lbn,1982,47968.6484375
lbn,1983,47544.62890625
lbn,1984,49470.0859375
lbn,1985,52981.546875
lbn,1986,54534.22265625
lbn,1987,59114.05078125
lbn,1988,60652.6796875
lbn,1989,59766.546875
lbn,1990,60186.0546875
lbn,1991,61337.8984375
lbn,1992,62360.546875
lbn,1993,64112.69140625
lbn,1994,66240.296875
lbn,1995,68825.1796875
lbn,1996,71776.25
lbn,1997,75290.96875
lbn,1998,82208.546875
lbn,1999,92127.8046875
lbn,2000,107004.1875
lbn,2001,130483.328125
lbn,2002,166362.15625
lbn,2003,220433.96875
lbn,2004,292537.34375
lbn,2005,350832.0625
lbn,2006,382356.625
lbn,2007,420970.75
lbn,2008,466231.90625
lbn,2009,521733.5
lbn,2010,574229.4375
lbn,2011,623914.25
lbn,2012,668845.125
lbn,2013,728240.75
lbn,2014,777110.625
lbn,2015,809057.0625
lbn,2016,845107.625
lbn,2017,866097.3125
lbn,2018,733259.5
lbn,2019,777105.0
lbn,2020,386667.34375
lbn,2021,492057.59375
lbn,2022,491755.34375
lbn,2023,489297.71875
lbr,1964,6066.3427734375
lbr,1965,6305.802734375
lbr,1966,6459.2138671875
lbr,1967,6622.3681640625
lbr,1968,6779.654296875
lbr,1969,6947.783203125
lbr,1970,7045.189453125
lbr,1971,7109.47900390625
lbr,1972,7196.81884765625
lbr,1973,7236.6376953125
lbr,1974,7345.24951171875
lbr,1975,7508.09326171875
lbr,1976,7824.7509765625
lbr,1977,8062.61669921875
lbr,1978,8381.751953125
lbr,1979,8729.78125
lbr,1980,8790.400390625
lbr,1981,8834.28515625
lbr,1982,8946.716796875
lbr,1983,9008.4189453125
lbr,1984,9004.1083984375
lbr,1985,8885.69140625
lbr,1986,8746.306640625
lbr,1987,8623.392578125
lbr,1988,8488.5166015625
lbr,1989,8326.4716796875
lbr,1990,8109.5966796875
lbr,1991,7805.0859375
lbr,1992,7539.212890625
lbr,1993,7283.77978515625
lbr,1994,7021.857421875
lbr,1995,6781.5263671875
lbr,1996,6743.79296875
lbr,1997,6932.927734375
lbr,1998,7275.3330078125
lbr,1999,7675.173828125
lbr,2000,7462.99072265625
lbr,2001,7709.16455078125
lbr,2002,7957.119140625
lbr,2003,7938.93310546875
lbr,2004,7887.994140625
lbr,2005,7825.89404296875
lbr,2006,7961.7177734375
lbr,2007,8726.4140625
lbr,2008,9450.279296875
lbr,2009,10401.1884765625
lbr,2010,11349.8291015625
lbr,2011,12506.078125
lbr,2012,12846.2626953125
lbr,2013,15138.3779296875
lbr,2014,14852.0693359375
lbr,2015,18287.01171875
lbr,2016,20492.8671875
lbr,2017,21678.1015625
lbr,2018,25111.341796875
lbr,2019,25231.689453125
lbr,2020,24997.60546875
lbr,2021,20418.365234375
lbr,2022,21426.357421875
lbr,2023,22432.982421875
lca,1970,249.482696533203
lca,1971,302.734466552734
lca,1972,353.365844726563
lca,1973,401.165802001953
lca,1974,444.755035400391
lca,1975,494.877502441406
lca,1976,558.101257324219
lca,1977,601.369812011719
lca,1978,678.671936035156
lca,1979,757.73876953125
lca,1980,840.882690429688
lca,1981,943.339782714844
lca,1982,1026.55554199219
lca,1983,1080.46301269531
lca,1984,1145.07092285156
lca,1985,1235.33068847656
lca,1986,1285.72644042969
lca,1987,1247.73498535156
lca,1988,1210.06384277344
lca,1989,1197.54956054688
lca,1990,1157.66760253906
lca,1991,1133.82446289063
lca,1992,1125.07702636719
lca,1993,1112.17065429688
lca,1994,1175.61645507813
lca,1995,1211.82934570313
lca,1996,1319.02368164063
lca,1997,1454.80627441406
lca,1998,1601.30749511719
lca,1999,1769.03369140625
lca,2000,1964.48559570313
lca,2001,2174.814453125
lca,2002,2411.03271484375
lca,2003,2697.15625
lca,2004,3097.81640625
lca,2005,3691.13354492188
lca,2006,4577.53662109375
lca,2007,5569.52587890625
lca,2008,6949.8740234375
lca,2009,8602.6953125
lca,2010,10337.0048828125
lca,2011,11682.0166015625
lca,2012,12260.9814453125
lca,2013,12519.30078125
lca,2014,12640.8212890625
lca,2015,12755.6435546875
lca,2016,13215.6669921875
lca,2017,13682.1611328125
lca,2018,15111.2685546875
lca,2019,16637.46484375
lca,2020,17201.3984375
lca,2021,19231.822265625
lca,2022,19722.892578125
lca,2023,20115.638671875
lka,1950,24077.64453125
lka,1951,25266.814453125
lka,1952,26658.615234375
lka,1953,27544.62890625
lka,1954,28525.068359375
lka,1955,30001.8828125
lka,1956,31218.568359375
lka,1957,32044.287109375
lka,1958,33220.26953125
lka,1959,34625.31640625
lka,1960,35890.82421875
lka,1961,37298.19140625
lka,1962,38745.3359375
lka,1963,40426.04296875
lka,1964,41915.69921875
lka,1965,43044.9453125
lka,1966,44578.2109375
lka,1967,46323.2578125
lka,1968,48600.09765625
lka,1969,51585.25390625
lka,1970,54989.83203125
lka,1971,58060.73828125
lka,1972,61642.515625
lka,1973,66326.8671875
lka,1974,70973.46875
lka,1975,74300.7890625
lka,1976,74476.40625
lka,1977,72597.453125
lka,1978,69270.515625
lka,1979,69813.4765625
lka,1980,76662.3515625
lka,1981,86728.5390625
lka,1982,100703.9609375
lka,1983,121569.2109375
lka,1984,144743.09375
lka,1985,164511.921875
lka,1986,159916.609375
lka,1987,143315.515625
lka,1988,126218.1953125
lka,1989,112561.6484375
lka,1990,105504.2890625
lka,1991,102094.609375
lka,1992,99476.734375
lka,1993,100914.546875
lka,1994,105512.2890625
lka,1995,116092.7578125
lka,1996,122522.03125
lka,1997,127822.5703125
lka,1998,132782.359375
lka,1999,138095.90625
lka,2000,143886.0625
lka,2001,148560.546875
lka,2002,158242.578125
lka,2003,167811.953125
lka,2004,186906.234375
lka,2005,208240.625
lka,2006,238788.21875
lka,2007,279245.59375
lka,2008,332903.625
lka,2009,397812.9375
lka,2010,472809.1875
lka,2011,544532.75
lka,2012,603268.1875
lka,2013,666749.875
lka,2014,731813.3125
lka,2015,795987.8125
lka,2016,872712.1875
lka,2017,960694.625
lka,2018,1006207.6875
lka,2019,1034143.875
lka,2020,1063740.125
lka,2021,1074620.875
lka,2022,1099342.625
lka,2023,1103390.25
lso,1960,1302.81201171875
lso,1961,1264.87243652344
lso,1962,1249.42248535156
lso,1963,1250.21594238281
lso,1964,1262.27294921875
lso,1965,1286.84912109375
lso,1966,1295.76110839844
lso,1967,1323.95703125
lso,1968,1345.76281738281
lso,1969,1363.95983886719
lso,1970,1382.53564453125
lso,1971,1423.14562988281
lso,1972,1473.70336914063
lso,1973,1569.85510253906
lso,1974,1651.57604980469
lso,1975,1781.69458007813
lso,1976,2011.74536132813
lso,1977,2349.41235351563
lso,1978,2601.103515625
lso,1979,2991.69067382813
lso,1980,3335.09619140625
lso,1981,3678.20947265625
lso,1982,4150.89111328125
lso,1983,4266.0302734375
lso,1984,4479.12939453125
lso,1985,4844.7646484375
lso,1986,5026.65673828125
lso,1987,5215.8857421875
lso,1988,5574.34765625
lso,1989,5978.7568359375
lso,1990,6476.7900390625
lso,1991,7175.990234375
lso,1992,8001.6923828125
lso,1993,8553.9140625
lso,1994,9149.556640625
lso,1995,9845.728515625
lso,1996,10576.9150390625
lso,1997,11336.37109375
lso,1998,11947.6865234375
lso,1999,12383.6787109375
lso,2000,12765.4853515625
lso,2001,13097.8447265625
lso,2002,13346.0458984375
lso,2003,13641.5546875
lso,2004,13857.3798828125
lso,2005,14001.451171875
lso,2006,14655.6796875
lso,2007,16321.826171875
lso,2008,19038.19921875
lso,2009,22574.103515625
lso,2010,26461.353515625
lso,2011,28867.3125
lso,2012,29097.521484375
lso,2013,29332.095703125
lso,2014,29845.955078125
lso,2015,32483.77734375
lso,2016,32888.84375
lso,2017,32758.396484375
lso,2018,30197.859375
lso,2019,28581.67578125
lso,2020,26870.8046875
lso,2021,24958.541015625
lso,2022,25951.59765625
lso,2023,26754.080078125
ltu,1990,119708.921875
ltu,1991,122186.640625
ltu,1992,123651.7265625
ltu,1993,124433.40625
ltu,1994,124646.5625
ltu,1995,124556.8515625
ltu,1996,127746.8515625
ltu,1997,131495.0625
ltu,1998,140236.046875
ltu,1999,146608.15625
ltu,2000,146295.671875
ltu,2001,157660.375
ltu,2002,153287.109375
ltu,2003,163915.296875
ltu,2004,167337.6875
ltu,2005,168168.359375
ltu,2006,193575.9375
ltu,2007,221665.25
ltu,2008,245747.703125
ltu,2009,249838.484375
ltu,2010,303349.4375
ltu,2011,312385.21875
ltu,2012,323042.6875
ltu,2013,353383.375
ltu,2014,347627.0625
ltu,2015,362564.59375
ltu,2016,374469.09375
ltu,2017,383348.375
ltu,2018,403653.46875
ltu,2019,434925.5625
ltu,2020,463076.375
ltu,2021,491462.84375
ltu,2022,512048.53125
ltu,2023,531646.4375
lux,1950,12165.4052734375
lux,1951,12864.947265625
lux,1952,13862.0419921875
lux,1953,15233.166015625
lux,1954,16393.263671875
lux,1955,17433.001953125
lux,1956,18480.322265625
lux,1957,19812.81640625
lux,1958,21060.306640625
lux,1959,22084.001953125
lux,1960,23165.328125
lux,1961,24518.630859375
lux,1962,25955.935546875
lux,1963,27292.546875
lux,1964,28820.34375
lux,1965,30158.251953125
lux,1966,31157.498046875
lux,1967,31656.669921875
lux,1968,32102.3984375
lux,1969,32886.69140625
lux,1970,34194.83984375
lux,1971,35746.12109375
lux,1972,37406.78125
lux,1973,39284.9453125
lux,1974,40873.50390625
lux,1975,42243.859375
lux,1976,43528.98046875
lux,1977,45164.66015625
lux,1978,46780.109375
lux,1979,48333.84765625
lux,1980,49757.67578125
lux,1981,50012.09375
lux,1982,49626.37109375
lux,1983,48601.96484375
lux,1984,47997.4609375
lux,1985,47819.4921875
lux,1986,49582.48828125
lux,1987,52604.78125
lux,1988,56633.46875
lux,1989,61321.93359375
lux,1990,66109.2734375
lux,1991,72546.2421875
lux,1992,77672.578125
lux,1993,84738.9609375
lux,1994,91046.546875
lux,1995,96095.5859375
lux,1996,99331.7265625
lux,1997,100648.1015625
lux,1998,102204.546875
lux,1999,105278.625
lux,2000,111282.0546875
lux,2001,104413.703125
lux,2002,103456.8828125
lux,2003,112152.078125
lux,2004,115822.84375
lux,2005,133931.5
lux,2006,136080.609375
lux,2007,141736.3125
lux,2008,161352.96875
lux,2009,168183.6875
lux,2010,184375.46875
lux,2011,213002.578125
lux,2012,212352.78125
lux,2013,218812.03125
lux,2014,233881.296875
lux,2015,262075.828125
lux,2016,266088.625
lux,2017,267350.8125
lux,2018,273593.65625
lux,2019,291549.71875
lux,2020,292462.53125
lux,2021,306598.4375
lux,2022,315263.59375
lux,2023,321780.75
lva,1990,144332.0625
lva,1991,140871.375
lva,1992,139758.453125
lva,1993,137904.109375
lva,1994,135819.984375
lva,1995,133594.96875
lva,1996,132627.015625
lva,1997,132150.015625
lva,1998,135301.28125
lva,1999,137934.53125
lva,2000,130797.84375
lva,2001,135097.78125
lva,2002,155112.296875
lva,2003,171528.984375
lva,2004,170968.421875
lva,2005,187204.21875
lva,2006,245453.1875
lva,2007,256674.859375
lva,2008,315843.84375
lva,2009,315121.125
lva,2010,334880.375
lva,2011,394730.90625
lva,2012,394281.46875
lva,2013,433378.5625
lva,2014,454810.4375
lva,2015,433720.1875
lva,2016,461105.21875
lva,2017,473093.46875
lva,2018,494762.8125
lva,2019,521957.59375
lva,2020,537006.5
lva,2021,504702.3125
lva,2022,511160.53125
lva,2023,515984.09375
mac,1970,3291.87744140625
mac,1971,3657.39208984375
mac,1972,4045.9443359375
mac,1973,4455.0703125
mac,1974,4892.7705078125
mac,1975,5359.88427734375
mac,1976,5856.244140625
mac,1977,6404.576171875
mac,1978,6993.48193359375
mac,1979,7636.63818359375
mac,1980,8305.814453125
mac,1981,9002.65625
mac,1982,9750.912109375
mac,1983,10495.62890625
mac,1984,11248.9794921875
mac,1985,12073.052734375
mac,1986,13146.7119140625
mac,1987,14218.611328125
mac,1988,15543.1259765625
mac,1989,16915.388671875
mac,1990,18443.033203125
mac,1991,20396.583984375
mac,1992,23477.0390625
mac,1993,26649.646484375
mac,1994,29660.158203125
mac,1995,32207.23046875
mac,1996,33782.609375
mac,1997,35433.37109375
mac,1998,36694.609375
mac,1999,38005.91796875
mac,2000,38263.6640625
mac,2001,38570.81640625
mac,2002,39139.921875
mac,2003,40821.5703125
mac,2004,43779.13671875
mac,2005,49590.7109375
mac,2006,60215.15234375
mac,2007,77703.2578125
mac,2008,98344.1015625
mac,2009,119260.9453125
mac,2010,139593.984375
mac,2011,154433.5
mac,2012,162797.234375
mac,2013,173559.265625
mac,2014,185772.828125
mac,2015,198707.5
mac,2016,209012.0625
mac,2017,215188.203125
mac,2018,223605.109375
mac,2019,229520.828125
mac,2020,232499.859375
mac,2021,235039.28125
mac,2022,237439.515625
mac,2023,240792.21875
mar,1950,20600.443359375
mar,1951,21626.484375
mar,1952,22416.400390625
mar,1953,23516.26953125
mar,1954,24400.30859375
mar,1955,24552.81640625
mar,1956,24515.966796875
mar,1957,24105.1875
mar,1958,24463.076171875
mar,1959,24196.3125
mar,1960,24279.482421875
mar,1961,24373.16015625
mar,1962,24950.41796875
mar,1963,25834.15625
mar,1964,26409.806640625
mar,1965,27110.34765625
mar,1966,27625.041015625
mar,1967,28885.66796875
mar,1968,30026.048828125
mar,1969,31244.533203125
mar,1970,33510.25
mar,1971,35597.35546875
mar,1972,37137.98828125
mar,1973,38510.0234375
mar,1974,39621.90625
mar,1975,44966.1015625
mar,1976,51538.52734375
mar,1977,59177.125
mar,1978,62924.13671875
mar,1979,66444.078125
mar,1980,69967.546875
mar,1981,75052.5703125
mar,1982,87157.515625
mar,1983,107917.8671875
mar,1984,140466.9375
mar,1985,176370.578125
mar,1986,200484.28125
mar,1987,229317.65625
mar,1988,266516.0
mar,1989,314635.0625
mar,1990,374228.1875
mar,1991,443167.09375
mar,1992,524087.96875
mar,1993,613796.5625
mar,1994,702815.25
mar,1995,780015.0
mar,1996,826588.5
mar,1997,810139.375
mar,1998,745202.1875
mar,1999,668978.8125
mar,2000,600463.6875
mar,2001,547396.875
mar,2002,512169.9375
mar,2003,492478.1875
mar,2004,489820.9375
mar,2005,504687.03125
mar,2006,549766.5625
mar,2007,637894.5
mar,2008,786104.875
mar,2009,1000929.0
mar,2010,1262895.125
mar,2011,1458946.875
mar,2012,1505129.375
mar,2013,1495036.375
mar,2014,1380918.0
mar,2015,1508207.625
mar,2016,1598197.875
mar,2017,1642727.375
mar,2018,1491713.25
mar,2019,1439271.25
mar,2020,1575437.875
mar,2021,1325512.75
mar,2022,1368841.25
mar,2023,1405715.25
mda,1990,52138.16796875
mda,1991,52348.859375
mda,1992,53070.92578125
mda,1993,54322.11328125
mda,1994,54338.24609375
mda,1995,53445.4765625
mda,1996,52818.609375
mda,1997,52098.875
mda,1998,51456.19140625
mda,1999,50387.89453125
mda,2000,49228.31640625
mda,2001,48579.15625
mda,2002,48018.48828125
mda,2003,47737.9921875
mda,2004,47694.8515625
mda,2005,47968.703125
mda,2006,48311.12890625
mda,2007,48990.07421875
mda,2008,49925.91015625
mda,2009,49435.6953125
mda,2010,49554.3984375
mda,2011,50070.66796875
mda,2012,56522.9296875
mda,2013,73989.4453125
mda,2014,76357.421875
mda,2015,78737.1484375
mda,2016,80346.71875
mda,2017,81246.8984375
mda,2018,98130.9453125
mda,2019,117109.4765625
mda,2020,137281.875
mda,2021,155147.265625
mda,2022,158061.25
mda,2023,150590.984375
mdg,1960,12686.5048828125
mdg,1961,12545.984375
mdg,1962,12338.6220703125
mdg,1963,12297.7529296875
mdg,1964,12321.236328125
mdg,1965,12314.916015625
mdg,1966,12319.2001953125
mdg,1967,12405.884765625
mdg,1968,12628.2978515625
mdg,1969,12904.61328125
mdg,1970,13163.806640625
mdg,1971,13546.1533203125
mdg,1972,13693.3525390625
mdg,1973,13841.5771484375
mdg,1974,14063.61328125
mdg,1975,14257.9033203125
mdg,1976,14328.458984375
mdg,1977,14434.607421875
mdg,1978,14492.2919921875
mdg,1979,15001.8818359375
mdg,1980,15396.625
mdg,1981,14497.3203125
mdg,1982,12861.1435546875
mdg,1983,11619.265625
mdg,1984,11078.1142578125
mdg,1985,11171.8359375
mdg,1986,11710.4130859375
mdg,1987,12640.123046875
mdg,1988,14116.63671875
mdg,1989,16053.4306640625
mdg,1990,18751.703125
mdg,1991,21251.564453125
mdg,1992,24906.033203125
mdg,1993,29570.828125
mdg,1994,34710.875
mdg,1995,39614.26171875
mdg,1996,42696.0390625
mdg,1997,43951.7890625
mdg,1998,45336.828125
mdg,1999,46357.6015625
mdg,2000,47429.578125
mdg,2001,49103.9609375
mdg,2002,49695.7109375
mdg,2003,51335.5625
mdg,2004,54133.92578125
mdg,2005,57033.6328125
mdg,2006,61984.5703125
mdg,2007,69561.7734375
mdg,2008,83342.546875
mdg,2009,97250.1484375
mdg,2010,109166.4765625
mdg,2011,117514.7578125
mdg,2012,112365.4921875
mdg,2013,106166.5625
mdg,2014,102784.796875
mdg,2015,107390.7265625
mdg,2016,102777.7265625
mdg,2017,104234.234375
mdg,2018,114972.7265625
mdg,2019,114503.5
mdg,2020,114656.3671875
mdg,2021,139624.59375
mdg,2022,146887.09375
mdg,2023,153387.859375
mdv,1970,123.404029846191
mdv,1971,133.940307617188
mdv,1972,143.894744873047
mdv,1973,154.074188232422
mdv,1974,165.688034057617
mdv,1975,179.536743164063
mdv,1976,182.366577148438
mdv,1977,189.896697998047
mdv,1978,206.920562744141
mdv,1979,228.059600830078
mdv,1980,287.75927734375
mdv,1981,359.975280761719
mdv,1982,428.652038574219
mdv,1983,504.064208984375
mdv,1984,599.089294433594
mdv,1985,702.647521972656
mdv,1986,811.71142578125
mdv,1987,927.159240722656
mdv,1988,1051.251953125
mdv,1989,1184.86706542969
mdv,1990,1334.97534179688
mdv,1991,1490.99877929688
mdv,1992,1660.27270507813
mdv,1993,1840.97131347656
mdv,1994,2027.73291015625
mdv,1995,2193.69287109375
mdv,1996,2396.38232421875
mdv,1997,2665.57885742188
mdv,1998,2934.45581054688
mdv,1999,3247.48413085938
mdv,2000,3476.25439453125
mdv,2001,3739.54345703125
mdv,2002,4001.38012695313
mdv,2003,4432.46875
mdv,2004,5051.689453125
mdv,2005,5885.45947265625
mdv,2006,7006.28662109375
mdv,2007,8732.6943359375
mdv,2008,11229.13671875
mdv,2009,13350.837890625
mdv,2010,15663.736328125
mdv,2011,17793.177734375
mdv,2012,18354.05859375
mdv,2013,19719.45703125
mdv,2014,23524.32421875
mdv,2015,32771.21875
mdv,2016,48766.59765625
mdv,2017,58799.46875
mdv,2018,67979.7578125
mdv,2019,77022.2109375
mdv,2020,83260.03125
mdv,2021,81650.0390625
mdv,2022,84392.546875
mdv,2023,86358.3828125
mex,1950,338703.53125
mex,1951,360186.0
mex,1952,386926.28125
mex,1953,410378.15625
mex,1954,437958.28125
mex,1955,468861.0625
mex,1956,510189.96875
mex,1957,552059.9375
mex,1958,589373.4375
mex,1959,626663.3125
mex,1960,669954.0
mex,1961,705242.4375
mex,1962,752071.9375
mex,1963,808238.5
mex,1964,868993.0
mex,1965,947811.625
mex,1966,1023726.75
mex,1967,1106801.875
mex,1968,1215492.875
mex,1969,1299441.75
mex,1970,1388891.0
mex,1971,1467525.5
mex,1972,1571586.25
mex,1973,1682069.125
mex,1974,1812919.375
mex,1975,1959109.25
mex,1976,2011582.5
mex,1977,1947990.125
mex,1978,1908049.0
mex,1979,1928567.625
mex,1980,2020153.0
mex,1981,2184270.0
mex,1982,2292865.0
mex,1983,2318457.75
mex,1984,2382563.0
mex,1985,2469632.5
mex,1986,2529836.75
mex,1987,2598820.75
mex,1988,2698980.5
mex,1989,3003208.75
mex,1990,3134270.5
mex,1991,3299121.25
mex,1992,3487706.0
mex,1993,3692084.25
mex,1994,3942261.75
mex,1995,4011108.75
mex,1996,4131794.25
mex,1997,4386440.5
mex,1998,4702468.5
mex,1999,5022694.5
mex,2000,4982903.5
mex,2001,4942660.0
mex,2002,4900743.5
mex,2003,5202724.0
mex,2004,5568369.0
mex,2005,6042854.0
mex,2006,6207763.5
mex,2007,6388936.0
mex,2008,6598660.0
mex,2009,7544779.5
mex,2010,8714505.0
mex,2011,10178258.0
mex,2012,10467075.0
mex,2013,11590663.0
mex,2014,11506586.0
mex,2015,11640632.0
mex,2016,11914806.0
mex,2017,12151129.0
mex,2018,11721068.0
mex,2019,11289543.0
mex,2020,10760763.0
mex,2021,10393107.0
mex,2022,10592462.0
mex,2023,10838618.0
mkd,1990,39181.4296875
mkd,1991,40282.13671875
mkd,1992,41062.30078125
mkd,1993,41663.32421875
mkd,1994,41979.59375
mkd,1995,42493.1484375
mkd,1996,43187.44921875
mkd,1997,44546.50390625
mkd,1998,47493.91796875
mkd,1999,51773.5546875
mkd,2000,57462.41796875
mkd,2001,64861.1875
mkd,2002,72997.015625
mkd,2003,79815.5625
mkd,2004,86815.8828125
mkd,2005,94417.703125
mkd,2006,106135.2734375
mkd,2007,110226.0
mkd,2008,123411.78125
mkd,2009,131114.765625
mkd,2010,142541.125
mkd,2011,130139.078125
mkd,2012,133811.359375
mkd,2013,144175.5
mkd,2014,149323.75
mkd,2015,144341.0625
mkd,2016,148961.203125
mkd,2017,130558.671875
mkd,2018,167379.4375
mkd,2019,172672.0625
mkd,2020,169649.984375
mkd,2021,172719.5625
mkd,2022,178673.484375
mkd,2023,183974.75
mli,1960,703.934204101563
mli,1961,790.068908691406
mli,1962,871.30126953125
mli,1963,961.537719726563
mli,1964,1099.02197265625
mli,1965,1191.55041503906
mli,1966,1309.55627441406
mli,1967,1433.6767578125
mli,1968,1537.88720703125
mli,1969,1642.87475585938
mli,1970,1700.68725585938
mli,1971,1796.64562988281
mli,1972,1975.33605957031
mli,1973,2136.6064453125
mli,1974,2259.04467773438
mli,1975,2450.85400390625
mli,1976,2610.701171875
mli,1977,2847.35473632813
mli,1978,3121.63842773438
mli,1979,3349.22338867188
mli,1980,3499.62744140625
mli,1981,3628.25
mli,1982,3780.41845703125
mli,1983,3966.51440429688
mli,1984,4219.52197265625
mli,1985,4513.1025390625
mli,1986,4895.25830078125
mli,1987,5250.1962890625
mli,1988,5630.166015625
mli,1989,6100.83544921875
mli,1990,6684.06787109375
mli,1991,7246.06689453125
mli,1992,7842.35546875
mli,1993,8506.7822265625
mli,1994,9181.193359375
mli,1995,10772.9609375
mli,1996,12798.521484375
mli,1997,14707.4775390625
mli,1998,15979.4794921875
mli,1999,16701.970703125
mli,2000,17472.669921875
mli,2001,18595.337890625
mli,2002,19762.0390625
mli,2003,21121.51171875
mli,2004,22711.95703125
mli,2005,24509.57421875
mli,2006,26574.791015625
mli,2007,28334.962890625
mli,2008,31146.3125
mli,2009,34237.328125
mli,2010,38108.49609375
mli,2011,44119.203125
mli,2012,53004.703125
mli,2013,50518.36328125
mli,2014,56584.953125
mli,2015,59636.9296875
mli,2016,64046.875
mli,2017,74928.59375
mli,2018,76927.5703125
mli,2019,80174.1640625
mli,2020,78343.8359375
mli,2021,83201.1875
mli,2022,90702.1015625
mli,2023,98459.1640625
mlt,1954,1215.50085449219
mlt,1955,1249.55419921875
mlt,1956,1320.90771484375
mlt,1957,1414.02087402344
mlt,1958,1530.9228515625
mlt,1959,1621.72644042969
mlt,1960,1721.30285644531
mlt,1961,1799.2724609375
mlt,1962,1877.89685058594
mlt,1963,1963.18371582031
mlt,1964,2092.79052734375
mlt,1965,2212.25708007813
mlt,1966,2340.16943359375
mlt,1967,2504.12231445313
mlt,1968,2720.85791015625
mlt,1969,2964.11059570313
mlt,1970,3188.28393554688
mlt,1971,3418.3505859375
mlt,1972,3660.88061523438
mlt,1973,3914.28442382813
mlt,1974,4217.33056640625
mlt,1975,4566.5703125
mlt,1976,5030.5693359375
mlt,1977,5526.2744140625
mlt,1978,5968.27099609375
mlt,1979,6502.89892578125
mlt,1980,6996.52685546875
mlt,1981,7633.5068359375
mlt,1982,8380.98046875
mlt,1983,9229.3994140625
mlt,1984,9969.7568359375
mlt,1985,10650.4912109375
mlt,1986,11197.85546875
mlt,1987,12029.3681640625
mlt,1988,12922.0322265625
mlt,1989,13805.9697265625
mlt,1990,14875.58203125
mlt,1991,15862.251953125
mlt,1992,16820.10546875
mlt,1993,17959.876953125
mlt,1994,19200.32421875
mlt,1995,20756.82421875
mlt,1996,22140.552734375
mlt,1997,23607.490234375
mlt,1998,25318.17578125
mlt,1999,26948.384765625
mlt,2000,28042.908203125
mlt,2001,27069.75390625
mlt,2002,27431.318359375
mlt,2003,28913.115234375
mlt,2004,29603.3671875
mlt,2005,29656.17578125
mlt,2006,32366.609375
mlt,2007,35611.21484375
mlt,2008,37043.7890625
mlt,2009,39476.14453125
mlt,2010,47141.484375
mlt,2011,49178.0078125
mlt,2012,52370.1484375
mlt,2013,58119.46484375
mlt,2014,51730.234375
mlt,2015,54716.98828125
mlt,2016,57671.9296875
mlt,2017,60566.99609375
mlt,2018,62101.96484375
mlt,2019,67207.1953125
mlt,2020,75803.8125
mlt,2021,79427.125
mlt,2022,85403.0
mlt,2023,88354.2890625
mmr,1962,4682.2333984375
mmr,1963,5114.58203125
mmr,1964,5510.68994140625
mmr,1965,6349.12353515625
mmr,1966,6161.81494140625
mmr,1967,6455.41650390625
mmr,1968,7160.6875
mmr,1969,7640.158203125
mmr,1970,8233.1279296875
mmr,1971,8734.900390625
mmr,1972,9150.2578125
mmr,1973,9386.953125
mmr,1974,9537.71875
mmr,1975,9706.072265625
mmr,1976,9939.3115234375
mmr,1977,10486.78515625
mmr,1978,11378.685546875
mmr,1979,12495.1826171875
mmr,1980,13558.1494140625
mmr,1981,14809.212890625
mmr,1982,16234.6513671875
mmr,1983,17286.326171875
mmr,1984,18117.7734375
mmr,1985,18887.802734375
mmr,1986,19461.802734375
mmr,1987,19828.10546875
mmr,1988,19557.8671875
mmr,1989,19642.236328125
mmr,1990,20257.513671875
mmr,1991,20871.30859375
mmr,1992,21597.208984375
mmr,1993,22511.80078125
mmr,1994,23756.33203125
mmr,1995,25652.111328125
mmr,1996,28310.681640625
mmr,1997,31194.990234375
mmr,1998,34189.30859375
mmr,1999,37428.6640625
mmr,2000,40936.09765625
mmr,2001,44724.078125
mmr,2002,49588.2265625
mmr,2003,56517.3046875
mmr,2004,66103.796875
mmr,2005,79601.2265625
mmr,2006,97856.375
mmr,2007,121052.4375
mmr,2008,150330.359375
mmr,2009,192130.046875
mmr,2010,249943.546875
mmr,2011,322615.28125
mmr,2012,273085.4375
mmr,2013,456180.90625
mmr,2014,540418.5625
mmr,2015,618713.4375
mmr,2016,662752.0
mmr,2017,734929.4375
mmr,2018,831626.1875
mmr,2019,861099.875
mmr,2020,913832.9375
mmr,2021,1280550.125
mmr,2022,1364905.625
mmr,2023,1443007.625
mne,1990,18826.2421875
mne,1991,18932.326171875
mne,1992,18921.095703125
mne,1993,18704.73828125
mne,1994,18496.537109375
mne,1995,18372.7890625
mne,1996,18438.724609375
mne,1997,18551.419921875
mne,1998,18778.193359375
mne,1999,18919.966796875
mne,2000,19065.201171875
mne,2001,19365.130859375
mne,2002,19828.24609375
mne,2003,20206.619140625
mne,2004,20679.1796875
mne,2005,21209.9609375
mne,2006,32154.71484375
mne,2007,30341.49609375
mne,2008,33586.9296875
mne,2009,31817.634765625
mne,2010,31376.853515625
mne,2011,34456.4140625
mne,2012,36418.890625
mne,2013,38805.0859375
mne,2014,37774.63671875
mne,2015,42730.26171875
mne,2016,41749.21484375
mne,2017,44225.21484375
mne,2018,48062.49609375
mne,2019,53045.11328125
mne,2020,53283.921875
mne,2021,55045.6328125
mne,2022,57030.60546875
mne,2023,58845.76171875
mng,1970,6156.71435546875
mng,1971,6670.1796875
mng,1972,7202.5048828125
mng,1973,7787.42578125
mng,1974,8398.369140625
mng,1975,9043.2861328125
mng,1976,9706.732421875
mng,1977,10421.5009765625
mng,1978,11209.865234375
mng,1979,12073.8828125
mng,1980,12809.869140625
mng,1981,13895.861328125
mng,1982,15091.078125
mng,1983,15985.845703125
mng,1984,16954.099609375
mng,1985,18020.908203125
mng,1986,19338.744140625
mng,1987,20539.90625
mng,1988,21804.41015625
mng,1989,23401.98828125
mng,1990,23217.59765625
mng,1991,23944.728515625
mng,1992,24370.837890625
mng,1993,25587.619140625
mng,1994,26270.107421875
mng,1995,26500.185546875
mng,1996,27030.462890625
mng,1997,28508.380859375
mng,1998,31638.177734375
mng,1999,36117.73828125
mng,2000,42439.01171875
mng,2001,51577.359375
mng,2002,64780.3984375
mng,2003,83872.125
mng,2004,105306.0703125
mng,2005,118873.6328125
mng,2006,124817.171875
mng,2007,131046.5859375
mng,2008,138514.6875
mng,2009,142237.9375
mng,2010,148106.8125
mng,2011,159868.3125
mng,2012,169735.09375
mng,2013,176564.046875
mng,2014,178135.078125
mng,2015,175608.875
mng,2016,167123.875
mng,2017,177524.21875
mng,2018,183884.65625
mng,2019,193279.53125
mng,2020,203664.640625
mng,2021,211116.484375
mng,2022,221573.8125
mng,2023,231470.578125
moz,1960,7164.3671875
moz,1961,7201.517578125
moz,1962,7217.513671875
moz,1963,7240.11572265625
moz,1964,7274.400390625
moz,1965,7354.44287109375
moz,1966,7502.75390625
moz,1967,7614.3837890625
moz,1968,7796.1572265625
moz,1969,8057.55126953125
moz,1970,8432.82421875
moz,1971,8825.796875
moz,1972,9217.12890625
moz,1973,9592.3837890625
moz,1974,9995.25
moz,1975,10399.9443359375
moz,1976,10804.4111328125
moz,1977,11173.58984375
moz,1978,11511.412109375
moz,1979,11851.953125
moz,1980,12193.0888671875
moz,1981,12572.4287109375
moz,1982,12939.125
moz,1983,12637.755859375
moz,1984,12501.6748046875
moz,1985,12202.638671875
moz,1986,12286.3271484375
moz,1987,12985.3701171875
moz,1988,13355.419921875
moz,1989,13959.5556640625
moz,1990,15089.0751953125
moz,1991,16476.814453125
moz,1992,17600.939453125
moz,1993,18920.296875
moz,1994,20383.4609375
moz,1995,22261.228515625
moz,1996,23630.91796875
moz,1997,25275.443359375
moz,1998,27433.259765625
moz,1999,31616.021484375
moz,2000,35102.16015625
moz,2001,37779.01171875
moz,2002,41606.49609375
moz,2003,45351.26171875
moz,2004,48727.9765625
moz,2005,52177.23046875
moz,2006,55799.98046875
moz,2007,59564.72265625
moz,2008,64919.73828125
moz,2009,70740.1875
moz,2010,77644.59375
moz,2011,86216.53125
moz,2012,105234.6953125
moz,2013,125461.359375
moz,2014,143573.5625
moz,2015,155446.984375
moz,2016,182748.859375
moz,2017,182857.296875
moz,2018,179809.953125
moz,2019,202906.890625
moz,2020,208580.0
moz,2021,233400.296875
moz,2022,252989.40625
moz,2023,261282.875
mrt,1960,7515.0810546875
mrt,1961,8916.400390625
mrt,1962,10664.01171875
mrt,1963,11493.251953125
mrt,1964,11773.9580078125
mrt,1965,12035.2294921875
mrt,1966,12311.830078125
mrt,1967,13040.3720703125
mrt,1968,14231.05859375
mrt,1969,15099.951171875
mrt,1970,16168.1064453125
mrt,1971,17179.453125
mrt,1972,18886.521484375
mrt,1973,20886.572265625
mrt,1974,23163.673828125
mrt,1975,25208.333984375
mrt,1976,28311.505859375
mrt,1977,30842.466796875
mrt,1978,31013.85546875
mrt,1979,31692.0703125
mrt,1980,32498.201171875
mrt,1981,33593.2734375
mrt,1982,34705.203125
mrt,1983,35709.390625
mrt,1984,37336.96875
mrt,1985,38842.4765625
mrt,1986,39861.8359375
mrt,1987,40725.1796875
mrt,1988,41233.65234375
mrt,1989,41552.84765625
mrt,1990,41590.25390625
mrt,1991,41812.62890625
mrt,1992,42720.6171875
mrt,1993,43463.28515625
mrt,1994,44350.58984375
mrt,1995,45210.73046875
mrt,1996,45523.56640625
mrt,1997,45771.55859375
mrt,1998,46715.9296875
mrt,1999,47620.8828125
mrt,2000,48514.15234375
mrt,2001,49541.96484375
mrt,2002,51526.8671875
mrt,2003,54410.37109375
mrt,2004,57072.1875
mrt,2005,59892.6328125
mrt,2006,63384.80078125
mrt,2007,68063.703125
mrt,2008,72473.421875
mrt,2009,77285.8125
mrt,2010,82300.96875
mrt,2011,87138.7578125
mrt,2012,92884.2265625
mrt,2013,97936.578125
mrt,2014,102691.3984375
mrt,2015,103822.6953125
mrt,2016,107973.0234375
mrt,2017,112922.171875
mrt,2018,107730.8828125
mrt,2019,106496.65625
mrt,2020,102149.1796875
mrt,2021,106782.453125
mrt,2022,110489.6796875
mrt,2023,112055.7109375
msr,1970,577.625854492188
msr,1971,600.933410644531
msr,1972,625.928527832031
msr,1973,652.836547851563
msr,1974,679.768920898438
msr,1975,709.830932617188
msr,1976,741.469848632813
msr,1977,760.17529296875
msr,1978,782.58056640625
msr,1979,823.124145507813
msr,1980,862.415405273438
msr,1981,916.266357421875
msr,1982,968.966125488281
msr,1983,988.195251464844
msr,1984,1010.94696044922
msr,1985,1046.61413574219
msr,1986,1090.50280761719
msr,1987,1140.46228027344
msr,1988,1226.80578613281
msr,1989,1433.66479492188
msr,1990,1757.79699707031
msr,1991,1822.26672363281
msr,1992,1888.84106445313
msr,1993,1928.94946289063
msr,1994,1959.87512207031
msr,1995,1964.44519042969
msr,1996,1968.53491210938
msr,1997,2012.40246582031
msr,1998,2087.48852539063
msr,1999,2136.28393554688
msr,2000,2144.994140625
msr,2001,2154.005859375
msr,2002,2178.54345703125
msr,2003,2219.556640625
msr,2004,2244.01806640625
msr,2005,2255.94873046875
msr,2006,2246.21533203125
msr,2007,2232.61547851563
msr,2008,2223.64086914063
msr,2009,2210.16333007813
msr,2010,2187.31884765625
msr,2011,2159.35473632813
msr,2012,1885.21936035156
msr,2013,1598.21936035156
msr,2014,1473.10388183594
msr,2015,1440.24584960938
msr,2016,1394.84912109375
msr,2017,1284.30688476563
msr,2018,1222.67687988281
msr,2019,1190.84155273438
msr,2020,1006.54705810547
msr,2021,945.192993164063
msr,2022,956.161010742188
msr,2023,963.075866699219
mus,1950,2158.65844726563
mus,1951,2269.8916015625
mus,1952,2351.61767578125
mus,1953,2481.08520507813
mus,1954,2563.43676757813
mus,1955,2667.28393554688
mus,1956,2739.2236328125
mus,1957,2843.52685546875
mus,1958,3002.21875
mus,1959,3143.3408203125
mus,1960,3445.22119140625
mus,1961,3618.7724609375
mus,1962,3749.203125
mus,1963,3905.17749023438
mus,1964,3972.021484375
mus,1965,4111.9404296875
mus,1966,4105.71044921875
mus,1967,4212.90966796875
mus,1968,4241.2216796875
mus,1969,4317.5712890625
mus,1970,4320.22900390625
mus,1971,4368.83544921875
mus,1972,4450.3974609375
mus,1973,4718.0908203125
mus,1974,4981.6259765625
mus,1975,5443.76171875
mus,1976,5857.564453125
mus,1977,6254.16015625
mus,1978,6691.0029296875
mus,1979,7053.271484375
mus,1980,7277.322265625
mus,1981,7495.35400390625
mus,1982,7620.07421875
mus,1983,7745.79345703125
mus,1984,7889.90576171875
mus,1985,8069.80615234375
mus,1986,8511.7509765625
mus,1987,9377.458984375
mus,1988,10829.71875
mus,1989,12668.283203125
mus,1990,15349.0400390625
mus,1991,18736.78515625
mus,1992,23417.892578125
mus,1993,29723.416015625
mus,1994,37772.83984375
mus,1995,45526.15625
mus,1996,50893.10546875
mus,1997,52193.66015625
mus,1998,50822.51171875
mus,1999,48977.671875
mus,2000,46256.4140625
mus,2001,44175.47265625
mus,2002,42656.0625
mus,2003,42332.16796875
mus,2004,42924.97265625
mus,2005,44485.5078125
mus,2006,48723.1796875
mus,2007,55619.05078125
mus,2008,65437.63671875
mus,2009,78544.3671875
mus,2010,92154.78125
mus,2011,101274.9140625
mus,2012,101688.8359375
mus,2013,101219.8046875
mus,2014,100730.4609375
mus,2015,102849.0625
mus,2016,104990.8828125
mus,2017,107847.7890625
mus,2018,105688.90625
mus,2019,109798.890625
mus,2020,113185.453125
mus,2021,117906.671875
mus,2022,121739.1796875
mus,2023,127058.0546875
mwi,1954,1223.66711425781
mwi,1955,1280.82238769531
mwi,1956,1343.28002929688
mwi,1957,1432.84802246094
mwi,1958,1517.93994140625
mwi,1959,1521.03662109375
mwi,1960,1601.43395996094
mwi,1961,1727.83776855469
mwi,1962,1784.20568847656
mwi,1963,1864.60668945313
mwi,1964,1894.43798828125
mwi,1965,2043.36010742188
mwi,1966,2266.4541015625
mwi,1967,2413.669921875
mwi,1968,2636.81787109375
mwi,1969,2920.60083007813
mwi,1970,3390.94189453125
mwi,1971,3819.96240234375
mwi,1972,4371.37109375
mwi,1973,5436.232421875
mwi,1974,6414.83203125
mwi,1975,7822.345703125
mwi,1976,8240.130859375
mwi,1977,7941.32421875
mwi,1978,8375.34375
mwi,1979,8589.125
mwi,1980,8954.9541015625
mwi,1981,9152.6787109375
mwi,1982,9892.3876953125
mwi,1983,11257.9541015625
mwi,1984,13060.5947265625
mwi,1985,14411.2568359375
mwi,1986,14744.6708984375
mwi,1987,15194.015625
mwi,1988,15823.3623046875
mwi,1989,16585.662109375
mwi,1990,17278.453125
mwi,1991,18481.3125
mwi,1992,19422.994140625
mwi,1993,20359.103515625
mwi,1994,20851.837890625
mwi,1995,21370.791015625
mwi,1996,21778.681640625
mwi,1997,22309.576171875
mwi,1998,23075.103515625
mwi,1999,24289.546875
mwi,2000,25766.494140625
mwi,2001,27708.34765625
mwi,2002,29627.48828125
mwi,2003,32021.2890625
mwi,2004,34598.45703125
mwi,2005,37076.64453125
mwi,2006,39604.296875
mwi,2007,41639.9765625
mwi,2008,43321.171875
mwi,2009,42522.93359375
mwi,2010,41124.18359375
mwi,2011,39700.5625
mwi,2012,36216.43359375
mwi,2013,36122.578125
mwi,2014,32179.5390625
mwi,2015,29256.8828125
mwi,2016,28922.498046875
mwi,2017,29078.181640625
mwi,2018,30215.158203125
mwi,2019,33079.1953125
mwi,2020,21741.9609375
mwi,2021,26412.833984375
mwi,2022,29370.16015625
mwi,2023,32814.76171875
mys,1955,83483.3671875
mys,1956,84563.078125
mys,1957,85667.203125
mys,1958,87136.8203125
mys,1959,88628.90625
mys,1960,92366.0234375
mys,1961,96184.4375
mys,1962,101688.3828125
mys,1963,107222.3125
mys,1964,112831.0078125
mys,1965,118853.6171875
mys,1966,125556.0625
mys,1967,132487.90625
mys,1968,139669.328125
mys,1969,146016.515625
mys,1970,155697.71875
mys,1971,168097.328125
mys,1972,176872.9375
mys,1973,184266.875
mys,1974,195897.4375
mys,1975,207199.28125
mys,1976,220206.140625
mys,1977,236196.390625
mys,1978,252471.03125
mys,1979,272638.59375
mys,1980,299030.46875
mys,1981,330949.0625
mys,1982,362698.59375
mys,1983,395537.0
mys,1984,424966.875
mys,1985,448439.125
mys,1986,461416.5625
mys,1987,470246.3125
mys,1988,484729.78125
mys,1989,510562.9375
mys,1990,549434.625
mys,1991,594557.1875
mys,1992,647326.0
mys,1993,713118.3125
mys,1994,788800.25
mys,1995,884767.875
mys,1996,986204.3125
mys,1997,1097411.875
mys,1998,1127460.625
mys,1999,1157437.0
mys,2000,1212208.75
mys,2001,1270009.625
mys,2002,1328298.875
mys,2003,1388144.0
mys,2004,1451875.125
mys,2005,1522649.0
mys,2006,1613265.25
mys,2007,1731343.25
mys,2008,1865919.625
mys,2009,2001296.875
mys,2010,2155712.25
mys,2011,2296704.0
mys,2012,2454277.25
mys,2013,2639943.75
mys,2014,2809017.0
mys,2015,3041207.0
mys,2016,3265532.5
mys,2017,3486877.25
mys,2018,3678383.25
mys,2019,3862533.25
mys,2020,4022746.75
mys,2021,4084713.5
mys,2022,4205085.5
mys,2023,4309845.5
nam,1960,3644.41235351563
nam,1961,3943.8896484375
nam,1962,4274.55078125
nam,1963,4621.13330078125
nam,1964,4979.666015625
nam,1965,5415.68798828125
nam,1966,5971.5849609375
nam,1967,6564.63623046875
nam,1968,7204.1005859375
nam,1969,7881.02490234375
nam,1970,8770.078125
nam,1971,9654.5654296875
nam,1972,10504.1689453125
nam,1973,11329.3681640625
nam,1974,12226.7119140625
nam,1975,13123.21875
nam,1976,13947.544921875
nam,1977,14774.8486328125
nam,1978,15586.8623046875
nam,1979,16342.056640625
nam,1980,17382.138671875
nam,1981,18280.423828125
nam,1982,18840.859375
nam,1983,18993.134765625
nam,1984,19000.93359375
nam,1985,19028.685546875
nam,1986,19039.30078125
nam,1987,19131.0625
nam,1988,19356.6796875
nam,1989,19688.873046875
nam,1990,20201.41796875
nam,1991,20227.505859375
nam,1992,20803.431640625
nam,1993,21428.00390625
nam,1994,22102.376953125
nam,1995,22978.623046875
nam,1996,24140.451171875
nam,1997,24871.64453125
nam,1998,26126.283203125
nam,1999,27320.861328125
nam,2000,28072.966796875
nam,2001,29618.21875
nam,2002,31012.830078125
nam,2003,32055.662109375
nam,2004,33303.71484375
nam,2005,34558.0390625
nam,2006,37689.4765625
nam,2007,43157.9453125
nam,2008,52311.58203125
nam,2009,65558.265625
nam,2010,79914.1796875
nam,2011,88404.3359375
nam,2012,87722.46875
nam,2013,98218.453125
nam,2014,101651.84375
nam,2015,99463.125
nam,2016,95899.0703125
nam,2017,94052.7421875
nam,2018,101530.1796875
nam,2019,103928.75
nam,2020,106544.90625
nam,2021,112364.0546875
nam,2022,114392.1640625
nam,2023,120450.71875
ner,1960,45631.1015625
ner,1961,44672.61328125
ner,1962,44332.37109375
ner,1963,44403.6796875
ner,1964,44297.90625
ner,1965,43846.84375
ner,1966,43493.171875
ner,1967,43233.40625
ner,1968,43091.07421875
ner,1969,42375.87109375
ner,1970,42031.03125
ner,1971,41973.35546875
ner,1972,41296.26953125
ner,1973,42056.1484375
ner,1974,42982.90625
ner,1975,44435.04296875
ner,1976,44681.14453125
ner,1977,45635.56640625
ner,1978,46860.296875
ner,1979,48473.37109375
ner,1980,50406.55859375
ner,1981,52589.32421875
ner,1982,53577.4453125
ner,1983,53295.33203125
ner,1984,51712.8671875
ner,1985,52505.21875
ner,1986,51992.97265625
ner,1987,52077.234375
ner,1988,52173.234375
ner,1989,52226.3671875
ner,1990,52243.62109375
ner,1991,51635.93359375
ner,1992,51379.7265625
ner,1993,51565.90234375
ner,1994,51701.0078125
ner,1995,51712.79296875
ner,1996,51933.76171875
ner,1997,52086.7421875
ner,1998,52662.5703125
ner,1999,53019.01171875
ner,2000,53538.11328125
ner,2001,54307.84375
ner,2002,55435.6171875
ner,2003,56369.6015625
ner,2004,57258.8828125
ner,2005,58714.63671875
ner,2006,60845.88671875
ner,2007,64193.37109375
ner,2008,70560.09375
ner,2009,78798.46875
ner,2010,89067.921875
ner,2011,100027.6171875
ner,2012,116886.4140625
ner,2013,108470.390625
ner,2014,115058.390625
ner,2015,123041.21875
ner,2016,126774.0859375
ner,2017,142010.140625
ner,2018,142343.890625
ner,2019,152550.015625
ner,2020,158073.90625
ner,2021,158643.03125
ner,2022,165617.359375
ner,2023,170537.9375
nga,1950,158543.765625
nga,1951,169136.671875
nga,1952,183023.40625
nga,1953,198125.09375
nga,1954,215205.84375
nga,1955,237842.1875
nga,1956,259513.59375
nga,1957,284464.09375
nga,1958,306070.34375
nga,1959,332650.34375
nga,1960,360017.71875
nga,1961,391162.90625
nga,1962,420396.15625
nga,1963,452820.21875
nga,1964,493688.96875
nga,1965,551549.125
nga,1966,604442.1875
nga,1967,643863.5625
nga,1968,674672.875
nga,1969,713119.0625
nga,1970,816111.3125
nga,1971,918128.4375
nga,1972,1029450.875
nga,1973,1160124.75
nga,1974,1260031.0
nga,1975,1401979.875
nga,1976,1610476.75
nga,1977,1861430.0
nga,1978,2091252.0
nga,1979,2280739.5
nga,1980,2479987.75
nga,1981,2753805.5
nga,1982,3040051.25
nga,1983,3328215.0
nga,1984,3584915.5
nga,1985,3699134.5
nga,1986,3176114.25
nga,1987,2320044.75
nga,1988,1668870.25
nga,1989,1254415.375
nga,1990,983887.3125
nga,1991,807496.5
nga,1992,693768.5
nga,1993,621231.9375
nga,1994,574040.625
nga,1995,546480.375
nga,1996,542089.5
nga,1997,565394.5625
nga,1998,622477.3125
nga,1999,715323.5625
nga,2000,859540.5
nga,2001,1078038.125
nga,2002,1424334.375
nga,2003,1984070.125
nga,2004,2731850.5
nga,2005,3328861.5
nga,2006,3646857.0
nga,2007,3943684.5
nga,2008,4238885.0
nga,2009,4524018.5
nga,2010,4728529.0
nga,2011,4707711.0
nga,2012,4134405.0
nga,2013,3960532.0
nga,2014,3850059.75
nga,2015,3602163.5
nga,2016,3417361.75
nga,2017,3465675.5
nga,2018,4370208.0
nga,2019,6125918.5
nga,2020,7814045.5
nga,2021,10090135.0
nga,2022,10305527.0
nga,2023,10492865.0
nic,1950,7499.22216796875
nic,1951,7846.34716796875
nic,1952,8471.2177734375
nic,1953,9168.2412109375
nic,1954,10094.30859375
nic,1955,10975.7041015625
nic,1956,11758.7578125
nic,1957,12460.48046875
nic,1958,13158.265625
nic,1959,13939.9560546875
nic,1960,14667.3955078125
nic,1961,15388.0087890625
nic,1962,16476.173828125
nic,1963,17652.9921875
nic,1964,19401.0078125
nic,1965,21417.27734375
nic,1966,23733.890625
nic,1967,25885.609375
nic,1968,27525.68359375
nic,1969,29465.224609375
nic,1970,31412.435546875
nic,1971,33207.59765625
nic,1972,34714.87890625
nic,1973,37056.48046875
nic,1974,40295.09375
nic,1975,42959.92578125
nic,1976,45566.015625
nic,1977,49400.45703125
nic,1978,50677.08203125
nic,1979,49939.16015625
nic,1980,50589.55078125
nic,1981,53245.65234375
nic,1982,54692.98046875
nic,1983,56447.36328125
nic,1984,57973.09375
nic,1985,59774.2421875
nic,1986,60582.5234375
nic,1987,61900.015625
nic,1988,64555.84375
nic,1989,65375.76953125
nic,1990,65338.44921875
nic,1991,65030.0625
nic,1992,65451.8828125
nic,1993,65959.046875
nic,1994,66747.5546875
nic,1995,67589.8046875
nic,1996,68887.1875
nic,1997,70600.3671875
nic,1998,72789.5703125
nic,1999,76291.8671875
nic,2000,78908.1640625
nic,2001,81434.1640625
nic,2002,83778.125
nic,2003,86264.4609375
nic,2004,89075.1328125
nic,2005,92289.1484375
nic,2006,95301.8984375
nic,2007,98670.1328125
nic,2008,102452.4453125
nic,2009,104238.515625
nic,2010,106084.3828125
nic,2011,108882.296875
nic,2012,112840.6875
nic,2013,118028.703125
nic,2014,122504.3828125
nic,2015,129330.296875
nic,2016,137372.25
nic,2017,142726.0625
nic,2018,162815.828125
nic,2019,184460.765625
nic,2020,209958.828125
nic,2021,237416.71875
nic,2022,243542.609375
nic,2023,249535.1875
nld,1950,394836.3125
nld,1951,410931.71875
nld,1952,425736.375
nld,1953,445758.6875
nld,1954,469752.71875
nld,1955,498164.78125
nld,1956,530676.4375
nld,1957,562200.4375
nld,1958,587652.4375
nld,1959,618335.3125
nld,1960,652593.6875
nld,1961,687946.25
nld,1962,725562.625
nld,1963,761608.3125
nld,1964,809567.9375
nld,1965,857995.375
nld,1966,911829.4375
nld,1967,969264.6875
nld,1968,1034217.625
nld,1969,1095708.875
nld,1970,1164350.625
nld,1971,1220411.75
nld,1972,1251454.0
nld,1973,1282741.875
nld,1974,1315592.625
nld,1975,1358858.875
nld,1976,1395108.875
nld,1977,1427462.875
nld,1978,1453397.375
nld,1979,1476058.125
nld,1980,1493865.5
nld,1981,1476424.5
nld,1982,1448250.75
nld,1983,1420730.375
nld,1984,1412427.875
nld,1985,1430856.0
nld,1986,1470671.5
nld,1987,1520333.25
nld,1988,1588544.125
nld,1989,1667244.125
nld,1990,1750425.0
nld,1991,1841862.625
nld,1992,1934634.875
nld,1993,2023437.0
nld,1994,2099646.75
nld,1995,2164068.75
nld,1996,2230943.75
nld,1997,2232303.25
nld,1998,2235241.0
nld,1999,2227785.0
nld,2000,2252276.0
nld,2001,2205196.25
nld,2002,2270998.5
nld,2003,2388356.0
nld,2004,2491778.0
nld,2005,2595327.0
nld,2006,2951444.25
nld,2007,3276631.5
nld,2008,3503797.5
nld,2009,3679065.0
nld,2010,4288305.5
nld,2011,4477360.5
nld,2012,4744746.5
nld,2013,5082727.0
nld,2014,4795748.5
nld,2015,4843849.0
nld,2016,4826210.0
nld,2017,4847271.0
nld,2018,4910654.5
nld,2019,4964761.5
nld,2020,5375966.0
nld,2021,5506097.5
nld,2022,5630383.0
nld,2023,5719511.5
nor,1950,148125.375
nor,1951,153772.859375
nor,1952,160051.59375
nor,1953,166960.3125
nor,1954,174203.78125
nor,1955,181580.890625
nor,1956,188358.65625
nor,1957,195604.828125
nor,1958,203062.21875
nor,1959,209077.96875
nor,1960,213933.578125
nor,1961,221191.65625
nor,1962,227509.765625
nor,1963,233726.1875
nor,1964,240217.265625
nor,1965,249335.53125
nor,1966,258862.984375
nor,1967,270871.09375
nor,1968,280080.5625
nor,1969,286550.4375
nor,1970,298219.96875
nor,1971,314713.0
nor,1972,329815.3125
nor,1973,345861.625
nor,1974,364027.09375
nor,1975,386350.40625
nor,1976,410068.34375
nor,1977,434597.8125
nor,1978,452122.875
nor,1979,456348.40625
nor,1980,487422.78125
nor,1981,507527.65625
nor,1982,527626.625
nor,1983,550659.6875
nor,1984,577357.875
nor,1985,603605.5625
nor,1986,621406.25
nor,1987,634021.75
nor,1988,643387.8125
nor,1989,649529.9375
nor,1990,647087.4375
nor,1991,645346.875
nor,1992,645686.5
nor,1993,650948.6875
nor,1994,660450.5625
nor,1995,674376.6875
nor,1996,707780.3125
nor,1997,723636.0625
nor,1998,736574.75
nor,1999,742022.6875
nor,2000,747501.125
nor,2001,772785.25
nor,2002,768257.25
nor,2003,791663.75
nor,2004,847932.875
nor,2005,924287.6875
nor,2006,1001219.0
nor,2007,1067110.25
nor,2008,1174584.0
nor,2009,1294900.75
nor,2010,1398161.375
nor,2011,1466167.875
nor,2012,1606444.0
nor,2013,1771608.375
nor,2014,1775701.375
nor,2015,1809302.875
nor,2016,1813325.125
nor,2017,1823343.75
nor,2018,1932740.0
nor,2019,2082422.0
nor,2020,2083200.25
nor,2021,2174866.0
nor,2022,2235542.25
nor,2023,2288498.75
npl,1960,3726.85424804688
npl,1961,3815.73486328125
npl,1962,3922.82861328125
npl,1963,4087.36181640625
npl,1964,4446.60888671875
npl,1965,4725.20263671875
npl,1966,4937.37109375
npl,1967,5169.97119140625
npl,1968,5414.92333984375
npl,1969,5604.69580078125
npl,1970,5978.51416015625
npl,1971,6449.4326171875
npl,1972,6888.5537109375
npl,1973,7464.6953125
npl,1974,8049.69091796875
npl,1975,9048.5126953125
npl,1976,10084.54296875
npl,1977,11207.8544921875
npl,1978,12511.625
npl,1979,13609.4482421875
npl,1980,14721.662109375
npl,1981,16013.169921875
npl,1982,17585.9609375
npl,1983,19188.078125
npl,1984,20702.896484375
npl,1985,22663.873046875
npl,1986,24566.91796875
npl,1987,27248.546875
npl,1988,30895.412109375
npl,1989,35374.8203125
npl,1990,40612.03125
npl,1991,48041.734375
npl,1992,57987.61328125
npl,1993,71229.8984375
npl,1994,86975.6875
npl,1995,103187.8515625
npl,1996,115529.9296875
npl,1997,121154.75
npl,1998,123331.671875
npl,1999,121744.4609375
npl,2000,120213.296875
npl,2001,120315.75
npl,2002,121869.1328125
npl,2003,124810.625
npl,2004,129951.9375
npl,2005,137181.015625
npl,2006,148852.359375
npl,2007,164886.078125
npl,2008,185024.578125
npl,2009,206350.0
npl,2010,228506.921875
npl,2011,245155.125
npl,2012,250448.03125
npl,2013,269226.6875
npl,2014,277909.375
npl,2015,294724.75
npl,2016,273414.34375
npl,2017,347324.9375
npl,2018,386871.3125
npl,2019,442938.625
npl,2020,491593.0625
npl,2021,485373.5625
npl,2022,521848.71875
npl,2023,548879.3125
nzl,1950,51392.9453125
nzl,1951,54470.6484375
nzl,1952,57200.5078125
nzl,1953,59250.73046875
nzl,1954,63509.5078125
nzl,1955,67251.484375
nzl,1956,70593.171875
nzl,1957,74194.65625
nzl,1958,77580.4375
nzl,1959,80945.1328125
nzl,1960,84217.3515625
nzl,1961,88426.6875
nzl,1962,91956.21875
nzl,1963,96122.515625
nzl,1964,101446.03125
nzl,1965,108428.078125
nzl,1966,115787.921875
nzl,1967,120152.03125
nzl,1968,122658.9296875
nzl,1969,127233.1796875
nzl,1970,132030.34375
nzl,1971,138147.34375
nzl,1972,145548.390625
nzl,1973,153652.15625
nzl,1974,164528.234375
nzl,1975,172280.59375
nzl,1976,176928.796875
nzl,1977,185422.234375
nzl,1978,186962.0
nzl,1979,190590.625
nzl,1980,194541.546875
nzl,1981,201784.28125
nzl,1982,209737.0
nzl,1983,216132.046875
nzl,1984,224552.671875
nzl,1985,234462.953125
nzl,1986,241331.984375
nzl,1987,251388.515625
nzl,1988,262076.71875
nzl,1989,274720.9375
nzl,1990,286820.09375
nzl,1991,296340.0625
nzl,1992,308001.1875
nzl,1993,323491.84375
nzl,1994,341080.1875
nzl,1995,357812.96875
nzl,1996,369694.40625
nzl,1997,361488.53125
nzl,1998,351915.28125
nzl,1999,343847.0
nzl,2000,353151.34375
nzl,2001,365042.75
nzl,2002,378798.8125
nzl,2003,385714.8125
nzl,2004,394958.09375
nzl,2005,405347.875
nzl,2006,427555.3125
nzl,2007,449666.5625
nzl,2008,466542.40625
nzl,2009,485385.96875
nzl,2010,505163.4375
nzl,2011,528426.25
nzl,2012,547895.125
nzl,2013,670704.5625
nzl,2014,688685.5625
nzl,2015,653454.75
nzl,2016,683754.125
nzl,2017,650738.9375
nzl,2018,657819.25
nzl,2019,688867.0
nzl,2020,685288.3125
nzl,2021,703719.4375
nzl,2022,731298.4375
nzl,2023,751810.1875
omn,1970,11069.501953125
omn,1971,11630.4296875
omn,1972,12238.4189453125
omn,1973,12650.7626953125
omn,1974,13435.6298828125
omn,1975,14620.4638671875
omn,1976,16015.23828125
omn,1977,17712.57421875
omn,1978,19723.650390625
omn,1979,21671.90625
omn,1980,23648.25390625
omn,1981,26189.732421875
omn,1982,29169.79296875
omn,1983,31977.716796875
omn,1984,35158.390625
omn,1985,39268.65234375
omn,1986,42623.1484375
omn,1987,43783.39453125
omn,1988,44659.3046875
omn,1989,45566.45703125
omn,1990,46664.25390625
omn,1991,47821.421875
omn,1992,49659.00390625
omn,1993,52127.34375
omn,1994,54131.43359375
omn,1995,56142.18359375
omn,1996,58193.98046875
omn,1997,63155.8984375
omn,1998,72377.6796875
omn,1999,82728.2421875
omn,2000,95752.2265625
omn,2001,114693.140625
omn,2002,140887.859375
omn,2003,178927.90625
omn,2004,228695.328125
omn,2005,279128.0625
omn,2006,329969.03125
omn,2007,392529.40625
omn,2008,479438.84375
omn,2009,571949.4375
omn,2010,651403.375
omn,2011,719319.5
omn,2012,745721.8125
omn,2013,815073.8125
omn,2014,847143.1875
omn,2015,944519.8125
omn,2016,1033861.4375
omn,2017,1051459.75
omn,2018,967055.5625
omn,2019,1026016.625
omn,2020,1085250.375
omn,2021,1370707.75
omn,2022,1428845.875
omn,2023,1483532.5
pak,1950,32429.62890625
pak,1951,33529.55078125
pak,1952,35247.08984375
pak,1953,37227.22265625
pak,1954,39205.94921875
pak,1955,41306.94921875
pak,1956,42988.8671875
pak,1957,45189.15625
pak,1958,47657.625
pak,1959,50651.94921875
pak,1960,56614.25
pak,1961,63174.47265625
pak,1962,70812.375
pak,1963,80610.0625
pak,1964,90950.2265625
pak,1965,103394.96875
pak,1966,113543.625
pak,1967,123119.2734375
pak,1968,130286.5546875
pak,1969,136474.265625
pak,1970,146300.890625
pak,1971,154491.390625
pak,1972,161226.6875
pak,1973,167627.703125
pak,1974,175493.15625
pak,1975,183778.78125
pak,1976,194464.359375
pak,1977,203556.546875
pak,1978,211018.96875
pak,1979,218544.5
pak,1980,224127.515625
pak,1981,224864.625
pak,1982,222992.109375
pak,1983,222566.53125
pak,1984,225788.421875
pak,1985,235877.71875
pak,1986,250835.625
pak,1987,268309.78125
pak,1988,286841.0625
pak,1989,309294.09375
pak,1990,337143.8125
pak,1991,365215.34375
pak,1992,399606.46875
pak,1993,437143.15625
pak,1994,472865.15625
pak,1995,507656.375
pak,1996,542608.0625
pak,1997,565376.625
pak,1998,579508.5
pak,1999,587404.0
pak,2000,600984.75
pak,2001,620656.3125
pak,2002,640533.9375
pak,2003,670494.3125
pak,2004,712863.5
pak,2005,769810.4375
pak,2006,858336.75
pak,2007,968625.5
pak,2008,1107610.125
pak,2009,1258143.0
pak,2010,1405881.5
pak,2011,1503988.875
pak,2012,1584022.25
pak,2013,1646107.625
pak,2014,1721723.25
pak,2015,1824498.375
pak,2016,1870567.125
pak,2017,1922800.125
pak,2018,1957911.5
pak,2019,2047767.625
pak,2020,2135964.5
pak,2021,2057290.125
pak,2022,2118103.0
pak,2023,2131282.0
pan,1950,2612.07104492188
pan,1951,2724.5908203125
pan,1952,2851.7421875
pan,1953,3080.06225585938
pan,1954,3240.23754882813
pan,1955,3436.12451171875
pan,1956,3702.97607421875
pan,1957,3956.21362304688
pan,1958,4261.52685546875
pan,1959,4618.5322265625
pan,1960,4916.79150390625
pan,1961,5325.45166015625
pan,1962,5802.0546875
pan,1963,6337.8486328125
pan,1964,6784.98388671875
pan,1965,7301.13525390625
pan,1966,8060.96484375
pan,1967,8830.84765625
pan,1968,9708.94921875
pan,1969,10730.0166015625
pan,1970,12339.90234375
pan,1971,14076.224609375
pan,1972,16253.400390625
pan,1973,18305.4453125
pan,1974,19978.4609375
pan,1975,21779.02734375
pan,1976,23521.861328125
pan,1977,24286.376953125
pan,1978,25438.126953125
pan,1979,26560.0078125
pan,1980,28125.939453125
pan,1981,30336.75390625
pan,1982,32502.994140625
pan,1983,33361.734375
pan,1984,33884.90234375
pan,1985,34370.62109375
pan,1986,35327.4296875
pan,1987,36532.359375
pan,1988,36035.49609375
pan,1989,35294.296875
pan,1990,34849.76171875
pan,1991,35512.4140625
pan,1992,37313.06640625
pan,1993,40484.296875
pan,1994,43743.48046875
pan,1995,47272.37109375
pan,1996,50609.38671875
pan,1997,54273.1875
pan,1998,58816.28125
pan,1999,63860.484375
pan,2000,68204.7578125
pan,2001,70998.328125
pan,2002,73740.5859375
pan,2003,77993.078125
pan,2004,83345.765625
pan,2005,89483.8984375
pan,2006,97278.6953125
pan,2007,109441.6796875
pan,2008,125491.2734375
pan,2009,141562.625
pan,2010,160307.859375
pan,2011,182495.390625
pan,2012,216266.75
pan,2013,257910.609375
pan,2014,306037.9375
pan,2015,366273.25
pan,2016,432892.5625
pan,2017,510951.75
pan,2018,562311.8125
pan,2019,636516.5
pan,2020,689896.5
pan,2021,762250.6875
pan,2022,805729.25
pan,2023,860479.625
per,1950,24848.271484375
per,1951,27007.232421875
per,1952,29431.412109375
per,1953,31808.9375
per,1954,33437.05859375
per,1955,35587.703125
per,1956,38194.421875
per,1957,41061.94140625
per,1958,43129.2109375
per,1959,44492.9296875
per,1960,46282.96875
per,1961,48275.0703125
per,1962,50691.45703125
per,1963,52715.55078125
per,1964,54765.58984375
per,1965,57196.38671875
per,1966,60516.9375
per,1967,63431.8125
per,1968,64542.9453125
per,1969,65918.7421875
per,1970,66789.921875
per,1971,69117.25
per,1972,71142.203125
per,1973,75389.6796875
per,1974,81999.1484375
per,1975,87860.8671875
per,1976,91865.84375
per,1977,94812.359375
per,1978,96974.65625
per,1979,100654.1171875
per,1980,107082.4140625
per,1981,117148.484375
per,1982,127595.8359375
per,1983,133929.0625
per,1984,141486.515625
per,1985,149934.375
per,1986,162655.984375
per,1987,181162.25
per,1988,201197.3125
per,1989,219880.703125
per,1990,244730.125
per,1991,276582.90625
per,1992,306940.28125
per,1993,345054.6875
per,1994,392561.5625
per,1995,442359.21875
per,1996,480192.1875
per,1997,514782.78125
per,1998,546865.125
per,1999,567907.75
per,2000,585894.9375
per,2001,603470.5625
per,2002,622352.625
per,2003,642854.8125
per,2004,666144.375
per,2005,693787.9375
per,2006,724281.25
per,2007,756705.8125
per,2008,802103.9375
per,2009,835965.75
per,2010,885581.625
per,2011,948442.0
per,2012,1038669.1875
per,2013,1132344.25
per,2014,1231077.75
per,2015,1341269.5
per,2016,1442108.375
per,2017,1557388.25
per,2018,1679813.625
per,2019,1830021.875
per,2020,1975340.125
per,2021,2149082.25
per,2022,2259697.0
per,2023,2341043.25
phl,1950,73939.703125
phl,1951,77033.9921875
phl,1952,80882.8203125
phl,1953,86578.8203125
phl,1954,92393.796875
phl,1955,98146.7109375
phl,1956,103576.6640625
phl,1957,109840.21875
phl,1958,116045.2734375
phl,1959,123702.0234375
phl,1960,128784.6171875
phl,1961,135411.5625
phl,1962,141646.71875
phl,1963,150361.453125
phl,1964,160305.5625
phl,1965,170618.40625
phl,1966,180643.546875
phl,1967,191699.65625
phl,1968,202093.5
phl,1969,212511.65625
phl,1970,219398.125
phl,1971,216668.890625
phl,1972,201941.140625
phl,1973,187435.5625
phl,1974,179897.828125
phl,1975,187002.203125
phl,1976,202413.34375
phl,1977,218635.71875
phl,1978,236493.765625
phl,1979,258392.0625
phl,1980,278497.71875
phl,1981,300740.5625
phl,1982,322481.5
phl,1983,346411.40625
phl,1984,362851.53125
phl,1985,368196.65625
phl,1986,377765.59375
phl,1987,394434.9375
phl,1988,422941.40625
phl,1989,463787.75
phl,1990,521187.75
phl,1991,577837.5
phl,1992,643809.1875
phl,1993,718276.5625
phl,1994,797530.0
phl,1995,872268.5625
phl,1996,935699.4375
phl,1997,983134.5625
phl,1998,999948.1875
phl,1999,999060.625
phl,2000,1000838.625
phl,2001,999463.1875
phl,2002,1012415.25
phl,2003,1044414.5625
phl,2004,1084021.0
phl,2005,1140782.625
phl,2006,1226146.5
phl,2007,1360619.375
phl,2008,1548685.5
phl,2009,1762469.25
phl,2010,1991542.75
phl,2011,2154388.0
phl,2012,2174167.75
phl,2013,2202845.5
phl,2014,2239077.25
phl,2015,2432977.75
phl,2016,2677682.75
phl,2017,2798357.5
phl,2018,3168181.75
phl,2019,3545403.5
phl,2020,3849649.0
phl,2021,4124357.75
phl,2022,4363484.5
phl,2023,4599231.5
pol,1970,307170.0
pol,1971,341984.21875
pol,1972,376863.40625
pol,1973,411250.6875
pol,1974,447509.03125
pol,1975,486407.0
pol,1976,517296.09375
pol,1977,536166.6875
pol,1978,551009.5625
pol,1979,571170.875
pol,1980,605623.1875
pol,1981,652360.1875
pol,1982,726011.625
pol,1983,826001.375
pol,1984,940631.8125
pol,1985,1021517.375
pol,1986,1059377.0
pol,1987,1090069.625
pol,1988,1117229.625
pol,1989,1130924.875
pol,1990,1140878.875
pol,1991,1140550.5
pol,1992,1147409.75
pol,1993,1159637.375
pol,1994,1178728.625
pol,1995,1208164.125
pol,1996,1254465.125
pol,1997,1287053.0
pol,1998,1331025.375
pol,1999,1370179.75
pol,2000,1420582.25
pol,2001,1447153.0
pol,2002,1463428.75
pol,2003,1468391.25
pol,2004,1585358.125
pol,2005,1679831.875
pol,2006,1652355.5
pol,2007,1617074.125
pol,2008,1796800.125
pol,2009,1917829.125
pol,2010,2243933.25
pol,2011,2349121.0
pol,2012,2487942.5
pol,2013,2638917.25
pol,2014,2676557.25
pol,2015,2911821.75
pol,2016,3015224.5
pol,2017,3135356.5
pol,2018,3240208.0
pol,2019,3470956.0
pol,2020,3583101.75
pol,2021,3630236.0
pol,2022,3771249.25
pol,2023,3916231.0
prt,1950,59417.1015625
prt,1951,61601.87109375
prt,1952,64486.37890625
prt,1953,68015.9375
prt,1954,71530.84375
prt,1955,74367.3515625
prt,1956,77761.984375
prt,1957,82443.0390625
prt,1958,86910.21875
prt,1959,91571.6953125
prt,1960,98517.3515625
prt,1961,106905.1953125
prt,1962,114029.84375
prt,1963,122830.2734375
prt,1964,132001.625
prt,1965,142957.296875
prt,1966,153705.578125
prt,1967,163924.25
prt,1968,174430.53125
prt,1969,184637.75
prt,1970,200198.546875
prt,1971,217081.875
prt,1972,236996.671875
prt,1973,258677.015625
prt,1974,277257.4375
prt,1975,291677.28125
prt,1976,305998.375
prt,1977,322531.5
prt,1978,340262.71875
prt,1979,357947.09375
prt,1980,376814.25
prt,1981,401990.65625
prt,1982,433747.59375
prt,1983,468108.6875
prt,1984,499673.0625
prt,1985,532353.75
prt,1986,566447.25
prt,1987,613996.8125
prt,1988,673173.75
prt,1989,741249.125
prt,1990,818867.375
prt,1991,899160.8125
prt,1992,983665.3125
prt,1993,1061100.625
prt,1994,1128711.375
prt,1995,1184896.625
prt,1996,1226397.875
prt,1997,1229429.0
prt,1998,1248184.625
prt,1999,1269976.0
prt,2000,1294398.25
prt,2001,1242012.75
prt,2002,1312772.5
prt,2003,1400945.25
prt,2004,1464560.25
prt,2005,1542435.375
prt,2006,1744652.5
prt,2007,1908825.625
prt,2008,2062102.125
prt,2009,2196441.5
prt,2010,2440235.75
prt,2011,2430715.75
prt,2012,2574361.5
prt,2013,2768375.0
prt,2014,2806875.75
prt,2015,2750434.75
prt,2016,2953506.0
prt,2017,2890867.5
prt,2018,2790891.25
prt,2019,2829080.5
prt,2020,2907833.75
prt,2021,2738337.75
prt,2022,2785198.5
prt,2023,2817273.75
pry,1951,4100.12548828125
pry,1952,4350.11669921875
pry,1953,4682.0380859375
pry,1954,4912.96240234375
pry,1955,5051.8056640625
pry,1956,5162.50634765625
pry,1957,5517.9931640625
pry,1958,5850.06396484375
pry,1959,6096.92333984375
pry,1960,6421.875
pry,1961,6761.12109375
pry,1962,6951.70556640625
pry,1963,7187.947265625
pry,1964,7355.14404296875
pry,1965,7783.51611328125
pry,1966,8265.5244140625
pry,1967,8867.70703125
pry,1968,9380.07421875
pry,1969,9937.14453125
pry,1970,10459.7685546875
pry,1971,11066.9755859375
pry,1972,11788.884765625
pry,1973,12860.2158203125
pry,1974,14117.615234375
pry,1975,15248.0830078125
pry,1976,16944.990234375
pry,1977,19017.06640625
pry,1978,21614.474609375
pry,1979,24786.005859375
pry,1980,28753.26171875
pry,1981,33434.359375
pry,1982,36979.625
pry,1983,39545.09375
pry,1984,42230.3046875
pry,1985,45000.3515625
pry,1986,48055.078125
pry,1987,51470.0234375
pry,1988,55130.86328125
pry,1989,59446.08984375
pry,1990,64392.140625
pry,1991,69308.0703125
pry,1992,74244.890625
pry,1993,79483.3203125
pry,1994,85127.9609375
pry,1995,91012.1796875
pry,1996,97227.921875
pry,1997,103816.28125
pry,1998,109741.671875
pry,1999,115221.9375
pry,2000,121444.140625
pry,2001,128238.984375
pry,2002,135802.484375
pry,2003,144252.515625
pry,2004,153426.96875
pry,2005,163065.5625
pry,2006,175049.5625
pry,2007,191470.640625
pry,2008,213337.609375
pry,2009,236346.90625
pry,2010,260146.546875
pry,2011,277299.96875
pry,2012,275717.46875
pry,2013,276639.6875
pry,2014,279834.71875
pry,2015,289025.59375
pry,2016,293041.0625
pry,2017,302227.6875
pry,2018,331505.09375
pry,2019,364996.28125
pry,2020,404740.9375
pry,2021,443667.28125
pry,2022,464396.03125
pry,2023,480687.65625
pse,1970,6113.615234375
pse,1971,6299.7685546875
pse,1972,6827.17724609375
pse,1973,7320.7685546875
pse,1974,8248.8330078125
pse,1975,8960.45703125
pse,1976,9890.3203125
pse,1977,10820.439453125
pse,1978,12041.1640625
pse,1979,13194.73828125
pse,1980,14768.9072265625
pse,1981,15912.3583984375
pse,1982,17231.5
pse,1983,18312.349609375
pse,1984,19321.908203125
pse,1985,20478.216796875
pse,1986,22068.08984375
pse,1987,23435.66015625
pse,1988,24771.466796875
pse,1989,26127.056640625
pse,1990,27780.162109375
pse,1991,29252.35546875
pse,1992,31319.62109375
pse,1993,33679.3671875
pse,1994,36522.2734375
pse,1995,39186.52734375
pse,1996,41825.3671875
pse,1997,44841.66015625
pse,1998,48566.8046875
pse,1999,53854.65625
pse,2000,57115.9140625
pse,2001,59476.265625
pse,2002,61245.66015625
pse,2003,64059.734375
pse,2004,66794.65625
pse,2005,69806.25
pse,2006,72153.7578125
pse,2007,73390.3984375
pse,2008,75510.4453125
pse,2009,78330.2265625
pse,2010,80498.8984375
pse,2011,83594.5
pse,2012,80530.6015625
pse,2013,91536.0546875
pse,2014,95932.0390625
pse,2015,114776.0859375
pse,2016,123682.28125
pse,2017,136428.703125
pse,2018,134916.921875
pse,2019,143225.6875
pse,2020,155902.203125
pse,2021,160232.21875
pse,2022,167704.890625
pse,2023,173518.390625
qat,1970,7467.18115234375
qat,1971,8983.46875
qat,1972,10613.939453125
qat,1973,12258.7900390625
qat,1974,14054.291015625
qat,1975,15972.912109375
qat,1976,17524.14453125
qat,1977,19531.369140625
qat,1978,21283.85546875
qat,1979,22461.69921875
qat,1980,23292.916015625
qat,1981,24403.94921875
qat,1982,26086.3046875
qat,1983,26457.63671875
qat,1984,26726.4375
qat,1985,27080.392578125
qat,1986,27032.86328125
qat,1987,26983.98046875
qat,1988,27249.66796875
qat,1989,27699.04296875
qat,1990,28492.29296875
qat,1991,29080.041015625
qat,1992,30222.3984375
qat,1993,30775.359375
qat,1994,31790.697265625
qat,1995,34518.08203125
qat,1996,37745.0390625
qat,1997,42814.70703125
qat,1998,48599.55859375
qat,1999,54102.33203125
qat,2000,64838.99609375
qat,2001,83255.28125
qat,2002,106503.5703125
qat,2003,147754.1875
qat,2004,193601.875
qat,2005,238410.3125
qat,2006,305609.5625
qat,2007,395842.53125
qat,2008,496955.9375
qat,2009,593732.125
qat,2010,685929.3125
qat,2011,825744.0
qat,2012,932697.1875
qat,2013,1118331.375
qat,2014,1108818.75
qat,2015,1184012.0
qat,2016,1403148.375
qat,2017,1528619.5
qat,2018,1418855.25
qat,2019,1687084.375
qat,2020,1620844.25
qat,2021,1681213.0
qat,2022,1811716.375
qat,2023,1967448.0
rou,1960,54236.1640625
rou,1961,57554.2421875
rou,1962,60791.49609375
rou,1963,65394.9140625
rou,1964,68845.15625
rou,1965,72610.4453125
rou,1966,76614.7421875
rou,1967,82327.1796875
rou,1968,88019.71875
rou,1969,93793.7421875
rou,1970,99755.6875
rou,1971,107491.8125
rou,1972,116178.921875
rou,1973,125666.734375
rou,1974,138909.640625
rou,1975,155250.8125
rou,1976,169666.8125
rou,1977,190215.25
rou,1978,213346.09375
rou,1979,234954.921875
rou,1980,256886.75
rou,1981,274788.78125
rou,1982,291019.65625
rou,1983,307274.28125
rou,1984,322900.625
rou,1985,337636.59375
rou,1986,350414.0
rou,1987,361087.96875
rou,1988,370590.0
rou,1989,379727.0
rou,1990,375370.0
rou,1991,363158.6875
rou,1992,359609.09375
rou,1993,361150.34375
rou,1994,364475.78125
rou,1995,369624.125
rou,1996,396541.1875
rou,1997,423057.3125
rou,1998,479668.8125
rou,1999,526954.1875
rou,2000,515039.46875
rou,2001,511329.1875
rou,2002,476594.75
rou,2003,493836.09375
rou,2004,533379.1875
rou,2005,601535.9375
rou,2006,716428.875
rou,2007,853226.25
rou,2008,1077942.625
rou,2009,1232775.25
rou,2010,1337317.0
rou,2011,1568425.5
rou,2012,1611837.25
rou,2013,1585260.875
rou,2014,1530769.125
rou,2015,1631178.75
rou,2016,1585377.125
rou,2017,1817272.125
rou,2018,1851626.625
rou,2019,1939269.875
rou,2020,1985017.75
rou,2021,2114499.5
rou,2022,2228207.0
rou,2023,2358624.25
rus,1990,15068668.0
rus,1991,15566214.0
rus,1992,15782263.0
rus,1993,15726523.0
rus,1994,15568038.0
rus,1995,15354288.0
rus,1996,15209682.0
rus,1997,14394992.0
rus,1998,13611668.0
rus,1999,12711669.0
rus,2000,12010060.0
rus,2001,11347233.0
rus,2002,10807657.0
rus,2003,11093583.0
rus,2004,11447755.0
rus,2005,11833364.0
rus,2006,12693858.0
rus,2007,13611734.0
rus,2008,14550274.0
rus,2009,14767924.0
rus,2010,14998588.0
rus,2011,15230745.0
rus,2012,16373023.0
rus,2013,21002740.0
rus,2014,18628948.0
rus,2015,19071680.0
rus,2016,19464856.0
rus,2017,20078006.0
rus,2018,24056112.0
rus,2019,28225418.0
rus,2020,33134708.0
rus,2021,38930708.0
rus,2022,39494900.0
rus,2023,39980452.0
rwa,1960,415.927185058594
rwa,1961,435.637847900391
rwa,1962,467.709136962891
rwa,1963,490.189361572266
rwa,1964,507.22607421875
rwa,1965,534.756408691406
rwa,1966,563.837646484375
rwa,1967,580.77734375
rwa,1968,608.141540527344
rwa,1969,628.457946777344
rwa,1970,655.504943847656
rwa,1971,698.709533691406
rwa,1972,764.746459960938
rwa,1973,823.384094238281
rwa,1974,898.275085449219
rwa,1975,1010.78692626953
rwa,1976,1115.98876953125
rwa,1977,1218.51623535156
rwa,1978,1308.87255859375
rwa,1979,1440.54516601563
rwa,1980,1525.58129882813
rwa,1981,1669.57373046875
rwa,1982,1892.44470214844
rwa,1983,2148.84497070313
rwa,1984,2473.4677734375
rwa,1985,2779.46411132813
rwa,1986,3094.36157226563
rwa,1987,3408.12475585938
rwa,1988,3726.69799804688
rwa,1989,4003.30688476563
rwa,1990,4259.8544921875
rwa,1991,4502.408203125
rwa,1992,4887.67041015625
rwa,1993,5289.30078125
rwa,1994,5366.08251953125
rwa,1995,5600.3662109375
rwa,1996,5952.82861328125
rwa,1997,6404.07763671875
rwa,1998,6989.86083984375
rwa,1999,7773.1318359375
rwa,2000,8701.8076171875
rwa,2001,9733.017578125
rwa,2002,10903.2529296875
rwa,2003,12211.2900390625
rwa,2004,13677.4482421875
rwa,2005,15292.73828125
rwa,2006,17151.724609375
rwa,2007,19395.9296875
rwa,2008,22327.74609375
rwa,2009,25004.677734375
rwa,2010,27521.365234375
rwa,2011,30033.08203125
rwa,2012,32109.501953125
rwa,2013,35520.29296875
rwa,2014,37504.984375
rwa,2015,39240.12890625
rwa,2016,47305.62109375
rwa,2017,50487.9609375
rwa,2018,55857.01953125
rwa,2019,61006.95703125
rwa,2020,64393.1796875
rwa,2021,75328.2578125
rwa,2022,81700.9453125
rwa,2023,88583.375
sau,1970,185182.421875
sau,1971,199185.1875
sau,1972,218884.109375
sau,1973,246717.296875
sau,1974,261161.21875
sau,1975,307001.03125
sau,1976,374466.46875
sau,1977,459419.78125
sau,1978,556269.125
sau,1979,634839.5
sau,1980,695371.125
sau,1981,761680.75
sau,1982,830871.8125
sau,1983,891307.0
sau,1984,933794.4375
sau,1985,956191.375
sau,1986,983904.6875
sau,1987,1006782.5625
sau,1988,1022960.625
sau,1989,1038468.0
sau,1990,1070580.25
sau,1991,1112903.875
sau,1992,1157182.5
sau,1993,1210185.625
sau,1994,1240707.625
sau,1995,1276819.625
sau,1996,1306131.0
sau,1997,1341475.75
sau,1998,1386631.5
sau,1999,1439864.25
sau,2000,1493849.875
sau,2001,1552229.125
sau,2002,1613514.75
sau,2003,1689330.125
sau,2004,1797144.625
sau,2005,1941528.0
sau,2006,2161677.75
sau,2007,2505499.75
sau,2008,2968926.75
sau,2009,3483439.0
sau,2010,4047083.25
sau,2011,4569765.0
sau,2012,4780303.5
sau,2013,5250520.0
sau,2014,5402587.0
sau,2015,6309794.0
sau,2016,6895701.5
sau,2017,7090967.5
sau,2018,5958386.0
sau,2019,6124377.0
sau,2020,6863015.0
sau,2021,7761615.5
sau,2022,8207950.5
sau,2023,8620562.0
sdn,1970,22493.7578125
sdn,1971,23222.47265625
sdn,1972,24604.17578125
sdn,1973,26349.19921875
sdn,1974,28794.189453125
sdn,1975,31555.3203125
sdn,1976,33772.23828125
sdn,1977,35739.8046875
sdn,1978,38882.26953125
sdn,1979,42435.65234375
sdn,1980,45913.82421875
sdn,1981,49189.9453125
sdn,1982,51515.1484375
sdn,1983,51573.0625
sdn,1984,51603.15234375
sdn,1985,52774.23828125
sdn,1986,54847.12890625
sdn,1987,56883.89453125
sdn,1988,58447.95703125
sdn,1989,60052.25
sdn,1990,62919.859375
sdn,1991,66627.4375
sdn,1992,71647.6015625
sdn,1993,75490.4453125
sdn,1994,79354.171875
sdn,1995,82111.0703125
sdn,1996,84992.453125
sdn,1997,89717.6953125
sdn,1998,98659.421875
sdn,1999,103029.5234375
sdn,2000,105690.46875
sdn,2001,112032.78125
sdn,2002,121816.7578125
sdn,2003,129094.515625
sdn,2004,137482.953125
sdn,2005,150709.6875
sdn,2006,175091.953125
sdn,2007,220973.890625
sdn,2008,305288.125
sdn,2009,472585.75
sdn,2010,795906.8125
sdn,2011,1108148.0
sdn,2012,822158.3125
sdn,2013,573399.5
sdn,2014,666065.6875
sdn,2015,599008.3125
sdn,2016,647620.4375
sdn,2017,1033979.5
sdn,2018,939177.625
sdn,2019,512229.71875
sdn,2020,623106.625
sdn,2021,400609.9375
sdn,2022,409963.59375
sdn,2023,412961.125
sen,1960,20965.103515625
sen,1961,20744.583984375
sen,1962,20434.173828125
sen,1963,20333.7265625
sen,1964,20323.09765625
sen,1965,20327.654296875
sen,1966,20282.181640625
sen,1967,20308.20703125
sen,1968,20374.796875
sen,1969,20530.97265625
sen,1970,21005.9296875
sen,1971,21386.9765625
sen,1972,21904.455078125
sen,1973,22329.00390625
sen,1974,22857.556640625
sen,1975,23372.6875
sen,1976,23792.01171875
sen,1977,24099.841796875
sen,1978,24373.560546875
sen,1979,24787.22265625
sen,1980,25239.896484375
sen,1981,24685.666015625
sen,1982,23259.46875
sen,1983,21855.3203125
sen,1984,20954.103515625
sen,1985,20853.9140625
sen,1986,21689.2109375
sen,1987,23239.1015625
sen,1988,25548.943359375
sen,1989,28746.611328125
sen,1990,32938.01171875
sen,1991,38487.62109375
sen,1992,46178.7734375
sen,1993,55953.5390625
sen,1994,67671.828125
sen,1995,79026.0390625
sen,1996,85879.40625
sen,1997,86923.109375
sen,1998,86760.578125
sen,1999,85046.734375
sen,2000,82898.234375
sen,2001,81417.53125
sen,2002,80451.96875
sen,2003,80449.5234375
sen,2004,81937.65625
sen,2005,85033.6875
sen,2006,90626.703125
sen,2007,97864.5703125
sen,2008,107313.0234375
sen,2009,117159.3515625
sen,2010,126058.9140625
sen,2011,133208.671875
sen,2012,135647.8125
sen,2013,130787.71875
sen,2014,129832.0078125
sen,2015,135670.0625
sen,2016,138547.21875
sen,2017,149610.765625
sen,2018,168922.5
sen,2019,191785.78125
sen,2020,210536.515625
sen,2021,248040.21875
sen,2022,271922.75
sen,2023,294088.34375
sgp,1960,13308.7958984375
sgp,1961,13839.4443359375
sgp,1962,14416.287109375
sgp,1963,15708.8427734375
sgp,1964,16609.6328125
sgp,1965,17651.77734375
sgp,1966,18910.599609375
sgp,1967,20673.1640625
sgp,1968,22781.7890625
sgp,1969,25918.921875
sgp,1970,30342.541015625
sgp,1971,35510.33203125
sgp,1972,41018.02734375
sgp,1973,46551.48046875
sgp,1974,52013.26953125
sgp,1975,57889.4609375
sgp,1976,63220.83984375
sgp,1977,67932.296875
sgp,1978,73602.765625
sgp,1979,79792.015625
sgp,1980,87650.2578125
sgp,1981,97871.859375
sgp,1982,111482.0859375
sgp,1983,125465.0546875
sgp,1984,141451.65625
sgp,1985,153800.03125
sgp,1986,163676.828125
sgp,1987,173557.171875
sgp,1988,184607.015625
sgp,1989,197289.015625
sgp,1990,212243.234375
sgp,1991,227664.609375
sgp,1992,245782.296875
sgp,1993,266263.53125
sgp,1994,288606.0
sgp,1995,313446.75
sgp,1996,345715.71875
sgp,1997,383498.1875
sgp,1998,423462.875
sgp,1999,470473.5625
sgp,2000,540218.3125
sgp,2001,621181.3125
sgp,2002,713449.6875
sgp,2003,819942.3125
sgp,2004,942008.5625
sgp,2005,1047078.1875
sgp,2006,1142437.5
sgp,2007,1255115.0
sgp,2008,1384640.0
sgp,2009,1522727.375
sgp,2010,1667786.25
sgp,2011,1797157.875
sgp,2012,1869652.5
sgp,2013,1966761.125
sgp,2014,2042471.875
sgp,2015,2128838.75
sgp,2016,2171919.0
sgp,2017,2219051.5
sgp,2018,2278563.0
sgp,2019,2312999.5
sgp,2020,2394954.75
sgp,2021,2437333.25
sgp,2022,2534689.0
sgp,2023,2613811.25
sle,1961,226.062240600586
sle,1962,248.038192749023
sle,1963,282.821411132813
sle,1964,321.997344970703
sle,1965,363.486328125
sle,1966,419.300903320313
sle,1967,450.061279296875
sle,1968,477.116485595703
sle,1969,517.783874511719
sle,1970,588.237854003906
sle,1971,645.207458496094
sle,1972,691.242553710938
sle,1973,737.287109375
sle,1974,795.921447753906
sle,1975,850.94970703125
sle,1976,891.073059082031
sle,1977,927.369079589844
sle,1978,972.939086914063
sle,1979,1034.86352539063
sle,1980,1124.48937988281
sle,1981,1205.67248535156
sle,1982,1264.43249511719
sle,1983,1314.00219726563
sle,1984,1343.54284667969
sle,1985,1373.10632324219
sle,1986,1446.78979492188
sle,1987,1566.02111816406
sle,1988,1775.79333496094
sle,1989,2120.58618164063
sle,1990,2582.0419921875
sle,1991,3295.06811523438
sle,1992,4491.0576171875
sle,1993,6333.13818359375
sle,1994,9963.0439453125
sle,1995,16303.6796875
sle,1996,21771.2734375
sle,1997,20557.685546875
sle,1998,18857.392578125
sle,1999,16692.123046875
sle,2000,14912.0537109375
sle,2001,13587.166015625
sle,2002,12605.59375
sle,2003,11990.552734375
sle,2004,11682.6630859375
sle,2005,11817.021484375
sle,2006,12224.466796875
sle,2007,12828.005859375
sle,2008,13661.66796875
sle,2009,14573.8994140625
sle,2010,17787.318359375
sle,2011,21723.828125
sle,2012,21480.322265625
sle,2013,16624.486328125
sle,2014,14913.80078125
sle,2015,17434.841796875
sle,2016,17610.283203125
sle,2017,16126.736328125
sle,2018,21155.197265625
sle,2019,23015.908203125
sle,2020,26721.29296875
sle,2021,31214.62890625
sle,2022,33278.09765625
sle,2023,35497.421875
slv,1950,2598.7197265625
slv,1951,2803.88671875
slv,1952,2997.9658203125
slv,1953,3190.19018554688
slv,1954,3352.28637695313
slv,1955,3516.697265625
slv,1956,3811.3408203125
slv,1957,4137.0439453125
slv,1958,4328.41650390625
slv,1959,4398.1162109375
slv,1960,4776.22607421875
slv,1961,5065.93408203125
slv,1962,5335.3916015625
slv,1963,5644.34814453125
slv,1964,6227.35009765625
slv,1965,6705.61328125
slv,1966,7286.96337890625
slv,1967,7681.05029296875
slv,1968,7807.54248046875
slv,1969,8033.16162109375
slv,1970,8310.95703125
slv,1971,8742.9091796875
slv,1972,9462.5361328125
slv,1973,9963.66796875
slv,1974,10600.8486328125
slv,1975,11618.7822265625
slv,1976,12588.6865234375
slv,1977,13933.6416015625
slv,1978,15217.2158203125
slv,1979,15950.267578125
slv,1980,16076.9697265625
slv,1981,16239.115234375
slv,1982,16384.603515625
slv,1983,16515.240234375
slv,1984,16760.46875
slv,1985,17177.259765625
slv,1986,17786.4765625
slv,1987,18597.4921875
slv,1988,19481.720703125
slv,1989,20566.22265625
slv,1990,21348.501953125
slv,1991,22341.333984375
slv,1992,23908.015625
slv,1993,25902.451171875
slv,1994,28228.09375
slv,1995,30996.216796875
slv,1996,33404.9765625
slv,1997,36233.75390625
slv,1998,39671.44140625
slv,1999,43242.99609375
slv,2000,47262.16796875
slv,2001,51811.859375
slv,2002,57143.46484375
slv,2003,63277.06640625
slv,2004,69870.28125
slv,2005,77341.5703125
slv,2006,86247.90625
slv,2007,96478.8203125
slv,2008,107665.3125
slv,2009,118542.3984375
slv,2010,129461.3046875
slv,2011,142114.828125
slv,2012,154394.96875
slv,2013,171343.546875
slv,2014,190128.421875
slv,2015,202407.015625
slv,2016,221924.21875
slv,2017,242866.546875
slv,2018,260197.890625
slv,2019,279943.6875
slv,2020,301360.09375
slv,2021,330467.625
slv,2022,345363.4375
slv,2023,360078.5
srb,1990,416717.96875
srb,1991,412614.09375
srb,1992,407495.75
srb,1993,400925.5625
srb,1994,394864.9375
srb,1995,389071.4375
srb,1996,388912.5
srb,1997,388657.75
srb,1998,388222.375
srb,1999,384253.84375
srb,2000,382802.59375
srb,2001,381060.75
srb,2002,387064.6875
srb,2003,395776.5
srb,2004,405506.59375
srb,2005,414424.15625
srb,2006,537713.25
srb,2007,560452.375
srb,2008,615929.125
srb,2009,597012.5625
srb,2010,606990.8125
srb,2011,622890.5
srb,2012,575354.6875
srb,2013,664388.6875
srb,2014,630831.25
srb,2015,599206.6875
srb,2016,586300.4375
srb,2017,593961.375
srb,2018,620946.375
srb,2019,662141.8125
srb,2020,647276.8125
srb,2021,682113.1875
srb,2022,699329.5625
srb,2023,711482.4375
stp,1970,163.86296081543
stp,1971,165.825378417969
stp,1972,167.389266967773
stp,1973,167.269927978516
stp,1974,168.042175292969
stp,1975,171.115631103516
stp,1976,175.610824584961
stp,1977,192.996383666992
stp,1978,198.389678955078
stp,1979,210.362350463867
stp,1980,225.091339111328
stp,1981,237.028503417969
stp,1982,248.862762451172
stp,1983,258.563323974609
stp,1984,266.650848388672
stp,1985,274.977386474609
stp,1986,280.841369628906
stp,1987,285.178833007813
stp,1988,296.864379882813
stp,1989,317.452880859375
stp,1990,339.784057617188
stp,1991,368.237274169922
stp,1992,397.463684082031
stp,1993,420.267272949219
stp,1994,450.338928222656
stp,1995,514.249755859375
stp,1996,554.62646484375
stp,1997,581.470520019531
stp,1998,588.750366210938
stp,1999,602.825927734375
stp,2000,611.949584960938
stp,2001,641.197570800781
stp,2002,667.424499511719
stp,2003,697.261779785156
stp,2004,729.185729980469
stp,2005,768.2900390625
stp,2006,844.196472167969
stp,2007,1033.68688964844
stp,2008,1371.39331054688
stp,2009,1931.70861816406
stp,2010,2831.10522460938
stp,2011,3554.87939453125
stp,2012,3573.60107421875
stp,2013,3013.59008789063
stp,2014,2770.74951171875
stp,2015,3512.78686523438
stp,2016,3583.27954101563
stp,2017,3525.47680664063
stp,2018,2868.57836914063
stp,2019,2623.59594726563
stp,2020,2698.14086914063
stp,2021,3617.71923828125
stp,2022,3945.44921875
stp,2023,4013.74853515625
sur,1970,3452.63671875
sur,1971,3608.47094726563
sur,1972,3856.33129882813
sur,1973,4121.083984375
sur,1974,4460.75390625
sur,1975,4818.21728515625
sur,1976,5267.05615234375
sur,1977,5666.12353515625
sur,1978,6026.79736328125
sur,1979,6212.18505859375
sur,1980,6361.81494140625
sur,1981,6689.43408203125
sur,1982,6993.02783203125
sur,1983,7054.833984375
sur,1984,7073.23876953125
sur,1985,7164.49072265625
sur,1986,7312.88330078125
sur,1987,7393.81787109375
sur,1988,7498.470703125
sur,1989,7755.052734375
sur,1990,7948.33251953125
sur,1991,8162.96142578125
sur,1992,8455.1552734375
sur,1993,8666.0771484375
sur,1994,9412.5341796875
sur,1995,10346.1494140625
sur,1996,11018.634765625
sur,1997,11654.0625
sur,1998,12331.720703125
sur,1999,14801.662109375
sur,2000,16367.8095703125
sur,2001,18384.873046875
sur,2002,20271.255859375
sur,2003,21770.7734375
sur,2004,24142.9140625
sur,2005,26928.74609375
sur,2006,29492.830078125
sur,2007,32571.57421875
sur,2008,36072.82421875
sur,2009,40433.13671875
sur,2010,43213.4140625
sur,2011,46855.0859375
sur,2012,48664.36328125
sur,2013,50485.43359375
sur,2014,52982.1796875
sur,2015,56389.87109375
sur,2016,40481.48046875
sur,2017,52562.3984375
sur,2018,50627.25
sur,2019,53316.06640625
sur,2020,36151.66796875
sur,2021,55165.55078125
sur,2022,56438.6640625
sur,2023,57708.32421875
svk,1990,377974.21875
svk,1991,386196.46875
svk,1992,394965.0
svk,1993,402004.96875
svk,1994,407562.84375
svk,1995,412194.46875
svk,1996,423650.59375
svk,1997,387119.0
svk,1998,361444.6875
svk,1999,335199.6875
svk,2000,332967.4375
svk,2001,334102.65625
svk,2002,324411.46875
svk,2003,337013.96875
svk,2004,357122.6875
svk,2005,383842.375
svk,2006,422684.90625
svk,2007,470057.65625
svk,2008,519333.125
svk,2009,556899.5625
svk,2010,565885.9375
svk,2011,594048.9375
svk,2012,627446.875
svk,2013,666239.6875
svk,2014,721571.5
svk,2015,743477.5
svk,2016,769002.625
svk,2017,815474.75
svk,2018,836376.875
svk,2019,845264.125
svk,2020,866945.0
svk,2021,848270.75
svk,2022,863525.1875
svk,2023,883185.875
svn,1990,191206.859375
svn,1991,193030.921875
svn,1992,194610.1875
svn,1993,198119.09375
svn,1994,202966.578125
svn,1995,210137.359375
svn,1996,215889.34375
svn,1997,220833.4375
svn,1998,226913.609375
svn,1999,234009.953125
svn,2000,240362.75
svn,2001,239483.25
svn,2002,228691.421875
svn,2003,232249.546875
svn,2004,264942.90625
svn,2005,294166.75
svn,2006,300783.0
svn,2007,299922.34375
svn,2008,323588.1875
svn,2009,335510.125
svn,2010,363949.09375
svn,2011,384745.1875
svn,2012,419536.5625
svn,2013,481523.09375
svn,2014,462494.78125
svn,2015,472302.6875
svn,2016,490023.125
svn,2017,505077.34375
svn,2018,524198.9375
svn,2019,542526.375
svn,2020,560064.0
svn,2021,564807.5
svn,2022,575649.8125
svn,2023,583290.0625
swe,1950,264431.0
swe,1951,276864.4375
swe,1952,287130.34375
swe,1953,295114.65625
swe,1954,307430.78125
swe,1955,321035.8125
swe,1956,333865.8125
swe,1957,346789.1875
swe,1958,359765.65625
swe,1959,373567.5625
swe,1960,391042.28125
swe,1961,409807.5
swe,1962,428415.25
swe,1963,447261.0625
swe,1964,469995.125
swe,1965,496015.03125
swe,1966,518168.15625
swe,1967,540044.9375
swe,1968,561264.0
swe,1969,585144.5625
swe,1970,614788.4375
swe,1971,644056.125
swe,1972,674001.25
swe,1973,701116.5
swe,1974,728241.625
swe,1975,758171.0625
swe,1976,781994.375
swe,1977,801308.375
swe,1978,815221.4375
swe,1979,829971.75
swe,1980,848665.875
swe,1981,864548.8125
swe,1982,881062.25
swe,1983,898197.125
swe,1984,918753.875
swe,1985,944423.25
swe,1986,974495.4375
swe,1987,1013638.0625
swe,1988,1065234.0
swe,1989,1138072.625
swe,1990,1221132.875
swe,1991,1301094.375
swe,1992,1371376.5
swe,1993,1433013.625
swe,1994,1489013.5
swe,1995,1528387.0
swe,1996,1555891.375
swe,1997,1516768.875
swe,1998,1481890.5
swe,1999,1435816.125
swe,2000,1406273.375
swe,2001,1349402.375
swe,2002,1319839.625
swe,2003,1363122.625
swe,2004,1335006.25
swe,2005,1272075.625
swe,2006,1449918.25
swe,2007,1646098.125
swe,2008,1779596.875
swe,2009,1854728.75
swe,2010,2011907.5
swe,2011,2086630.625
swe,2012,2256291.5
swe,2013,2469347.5
swe,2014,2359054.0
swe,2015,2410480.5
swe,2016,2468882.25
swe,2017,2575892.25
swe,2018,2766003.5
swe,2019,2894729.75
swe,2020,3041731.5
swe,2021,2981869.75
swe,2022,3050387.75
swe,2023,3094806.75
swz,1970,404.878753662109
swz,1971,490.755737304688
swz,1972,579.174682617188
swz,1973,692.027709960938
swz,1974,831.3896484375
swz,1975,988.103759765625
swz,1976,1138.70263671875
swz,1977,1308.77770996094
swz,1978,1640.76623535156
swz,1979,2017.59851074219
swz,1980,2215.53100585938
swz,1981,2485.59741210938
swz,1982,2720.80493164063
swz,1983,3179.63818359375
swz,1984,3497.22021484375
swz,1985,3649.57348632813
swz,1986,3764.53881835938
swz,1987,4330.6123046875
swz,1988,4867.0400390625
swz,1989,5708.70703125
swz,1990,6841.916015625
swz,1991,8242.38671875
swz,1992,10251.4326171875
swz,1993,12871.59765625
swz,1994,16155.376953125
swz,1995,19524.216796875
swz,1996,21644.509765625
swz,1997,22641.994140625
swz,1998,23577.8046875
swz,1999,23612.708984375
swz,2000,23340.814453125
swz,2001,23273.080078125
swz,2002,23208.39453125
swz,2003,23156.763671875
swz,2004,23344.03515625
swz,2005,23640.251953125
swz,2006,24889.482421875
swz,2007,27820.48828125
swz,2008,32919.2890625
swz,2009,40605.52734375
swz,2010,49602.34375
swz,2011,53998.4765625
swz,2012,49778.640625
swz,2013,48486.44921875
swz,2014,46134.9765625
swz,2015,41516.27734375
swz,2016,37452.86328125
swz,2017,35011.515625
swz,2018,27045.982421875
swz,2019,27780.34765625
swz,2020,26681.603515625
swz,2021,29168.5
swz,2022,29621.4921875
swz,2023,30055.45703125
syc,1960,470.506317138672
syc,1961,483.741607666016
syc,1962,501.966888427734
syc,1963,523.396789550781
syc,1964,546.581970214844
syc,1965,571.018127441406
syc,1966,591.787963867188
syc,1967,610.196594238281
syc,1968,630.173645019531
syc,1969,689.0498046875
syc,1970,815.70703125
syc,1971,957.705200195313
syc,1972,1097.71508789063
syc,1973,1241.5869140625
syc,1974,1379.61083984375
syc,1975,1516.25354003906
syc,1976,1677.00061035156
syc,1977,1844.40490722656
syc,1978,2024.91845703125
syc,1979,2237.6591796875
syc,1980,2424.0283203125
syc,1981,2584.95874023438
syc,1982,2717.95947265625
syc,1983,2843.849609375
syc,1984,2969.1318359375
syc,1985,3104.07739257813
syc,1986,3227.24267578125
syc,1987,3377.53491210938
syc,1988,3565.46142578125
syc,1989,3793.16040039063
syc,1990,4032.66625976563
syc,1991,4202.83935546875
syc,1992,4414.69287109375
syc,1993,4748.84228515625
syc,1994,5043.87890625
syc,1995,5322.07421875
syc,1996,5756.31201171875
syc,1997,6244.56884765625
syc,1998,6702.439453125
syc,1999,7226.10986328125
syc,2000,7652.9892578125
syc,2001,8328.4765625
syc,2002,8694.2958984375
syc,2003,8843.236328125
syc,2004,8699.373046875
syc,2005,9015.8671875
syc,2006,9278.07421875
syc,2007,9445.2685546875
syc,2008,9497.087890625
syc,2009,9514.1318359375
syc,2010,9740.7431640625
syc,2011,9901.9853515625
syc,2012,10651.978515625
syc,2013,9517.0654296875
syc,2014,11564.33203125
syc,2015,12137.392578125
syc,2016,13402.583984375
syc,2017,13483.8623046875
syc,2018,12732.681640625
syc,2019,12680.9267578125
syc,2020,11969.3466796875
syc,2021,10892.33984375
syc,2022,10984.0517578125
syc,2023,11078.0166015625
syr,1960,38893.65625
syr,1961,40080.88671875
syr,1962,42295.1015625
syr,1963,43602.42578125
syr,1964,45315.73828125
syr,1965,46451.9609375
syr,1966,48181.66796875
syr,1967,49759.98046875
syr,1968,51996.16796875
syr,1969,55359.29296875
syr,1970,57211.0
syr,1971,59299.57421875
syr,1972,62674.87109375
syr,1973,65375.61328125
syr,1974,69931.8359375
syr,1975,77100.6171875
syr,1976,82021.6640625
syr,1977,80129.1171875
syr,1978,71914.53125
syr,1979,63130.34375
syr,1980,56606.39453125
syr,1981,50983.94921875
syr,1982,46452.12109375
syr,1983,42696.671875
syr,1984,39631.7890625
syr,1985,37363.796875
syr,1986,35041.515625
syr,1987,32367.00390625
syr,1988,30032.052734375
syr,1989,28137.296875
syr,1990,26696.166015625
syr,1991,25546.65625
syr,1992,25244.076171875
syr,1993,25235.86328125
syr,1994,25712.0859375
syr,1995,26328.896484375
syr,1996,27121.3203125
syr,1997,28769.21484375
syr,1998,32426.048828125
syr,1999,38332.33203125
syr,2000,47751.55859375
syr,2001,64023.93359375
syr,2002,93342.8984375
syr,2003,148787.046875
syr,2004,247545.03125
syr,2005,337437.875
syr,2006,325855.09375
syr,2007,274133.3125
syr,2008,221155.859375
syr,2009,180038.6875
syr,2010,150506.140625
syr,2011,129300.8984375
syr,2012,107835.515625
syr,2013,93579.7421875
syr,2014,80657.2734375
syr,2015,72705.421875
syr,2016,66499.625
syr,2017,63476.86328125
syr,2018,62621.9375
syr,2019,62034.625
syr,2020,62588.81640625
syr,2021,64557.9375
syr,2022,68158.5234375
syr,2023,72562.484375
tca,1970,16.2957305908203
tca,1971,19.331392288208
tca,1972,22.5068626403809
tca,1973,25.9647769927979
tca,1974,29.6756000518799
tca,1975,33.8254280090332
tca,1976,38.3550720214844
tca,1977,43.2508735656738
tca,1978,48.6595993041992
tca,1979,54.8833312988281
tca,1980,62.1474533081055
tca,1981,70.4146041870117
tca,1982,79.6352005004883
tca,1983,89.9804611206055
tca,1984,101.593521118164
tca,1985,114.663414001465
tca,1986,129.226501464844
tca,1987,145.361434936523
tca,1988,163.371856689453
tca,1989,184.291076660156
tca,1990,208.896987915039
tca,1991,234.008117675781
tca,1992,259.890289306641
tca,1993,295.122619628906
tca,1994,337.242065429688
tca,1995,384.396636962891
tca,1996,414.493255615234
tca,1997,465.052917480469
tca,1998,530.059753417969
tca,1999,597.948669433594
tca,2000,650.681396484375
tca,2001,714.364868164063
tca,2002,803.36328125
tca,2003,896.601684570313
tca,2004,1046.51403808594
tca,2005,1278.26501464844
tca,2006,1613.12817382813
tca,2007,1953.45910644531
tca,2008,2272.40014648438
tca,2009,2405.95263671875
tca,2010,2455.36840820313
tca,2011,2468.26928710938
tca,2012,2680.98120117188
tca,2013,2898.64331054688
tca,2014,3070.68969726563
tca,2015,3352.24584960938
tca,2016,3691.52294921875
tca,2017,4255.025390625
tca,2018,4320.51806640625
tca,2019,4326.4990234375
tca,2020,4301.5439453125
tca,2021,4284.52783203125
tca,2022,4387.92138671875
tca,2023,4467.9140625
tcd,1960,2584.95581054688
tcd,1961,2938.51489257813
tcd,1962,3206.25073242188
tcd,1963,3565.85131835938
tcd,1964,3901.79077148438
tcd,1965,4107.34326171875
tcd,1966,4367.80908203125
tcd,1967,4699.3212890625
tcd,1968,5002.33935546875
tcd,1969,5386.55810546875
tcd,1970,5820.8779296875
tcd,1971,6222.68896484375
tcd,1972,6631.9951171875
tcd,1973,7020.4990234375
tcd,1974,7637.947265625
tcd,1975,8581.162109375
tcd,1976,9397.37890625
tcd,1977,10057.47265625
tcd,1978,10543.0498046875
tcd,1979,10631.4228515625
tcd,1980,10633.638671875
tcd,1981,10618.8935546875
tcd,1982,10585.1162109375
tcd,1983,10424.1484375
tcd,1984,10234.6240234375
tcd,1985,10158.9716796875
tcd,1986,10156.1552734375
tcd,1987,10262.6083984375
tcd,1988,10392.470703125
tcd,1989,10530.9970703125
tcd,1990,10617.1591796875
tcd,1991,10733.2841796875
tcd,1992,10917.0966796875
tcd,1993,11088.4462890625
tcd,1994,11259.302734375
tcd,1995,11393.6943359375
tcd,1996,11575.69140625
tcd,1997,11753.4638671875
tcd,1998,12001.8505859375
tcd,1999,12278.193359375
tcd,2000,12576.986328125
tcd,2001,14230.169921875
tcd,2002,17489.384765625
tcd,2003,20055.109375
tcd,2004,22201.7109375
tcd,2005,24454.611328125
tcd,2006,27868.8203125
tcd,2007,31308.923828125
tcd,2008,35141.79296875
tcd,2009,39462.13671875
tcd,2010,44391.8984375
tcd,2011,50365.8125
tcd,2012,49000.7890625
tcd,2013,49616.4296875
tcd,2014,61828.41796875
tcd,2015,65315.93359375
tcd,2016,80203.578125
tcd,2017,85354.65625
tcd,2018,87015.890625
tcd,2019,92585.890625
tcd,2020,81542.5625
tcd,2021,89417.109375
tcd,2022,91630.8125
tcd,2023,94974.234375
tgo,1960,4260.892578125
tgo,1961,4252.5078125
tgo,1962,4291.81787109375
tgo,1963,4386.83447265625
tgo,1964,4709.39404296875
tgo,1965,5131.94677734375
tgo,1966,5416.06494140625
tgo,1967,5576.93994140625
tgo,1968,5687.6513671875
tgo,1969,5904.49951171875
tgo,1970,6152.92626953125
tgo,1971,6559.17578125
tgo,1972,7023.45263671875
tgo,1973,7454.1044921875
tgo,1974,7895.99072265625
tgo,1975,8636.837890625
tgo,1976,9250.203125
tgo,1977,10402.662109375
tgo,1978,12037.5087890625
tgo,1979,13709.802734375
tgo,1980,14572.1611328125
tgo,1981,15005.5703125
tgo,1982,15220.6298828125
tgo,1983,15188.578125
tgo,1984,15131.330078125
tgo,1985,15122.294921875
tgo,1986,15224.744140625
tgo,1987,15361.6279296875
tgo,1988,15499.64453125
tgo,1989,16046.650390625
tgo,1990,16489.1953125
tgo,1991,16514.736328125
tgo,1992,16403.267578125
tgo,1993,16012.0732421875
tgo,1994,15850.921875
tgo,1995,15879.685546875
tgo,1996,15967.087890625
tgo,1997,15993.876953125
tgo,1998,16348.2607421875
tgo,1999,16403.12890625
tgo,2000,16708.296875
tgo,2001,17074.671875
tgo,2002,17504.42578125
tgo,2003,17964.37890625
tgo,2004,18346.947265625
tgo,2005,18867.70703125
tgo,2006,20188.63671875
tgo,2007,22739.37109375
tgo,2008,27013.91015625
tgo,2009,33105.20703125
tgo,2010,39915.87109375
tgo,2011,44797.65234375
tgo,2012,43856.28515625
tgo,2013,44647.42578125
tgo,2014,46139.265625
tgo,2015,49950.19140625
tgo,2016,51913.62890625
tgo,2017,55245.46875
tgo,2018,58739.890625
tgo,2019,63281.078125
tgo,2020,68673.2109375
tgo,2021,74345.7265625
tgo,2022,78059.8515625
tgo,2023,81846.890625
tha,1950,50556.5234375
tha,1951,51888.26171875
tha,1952,53674.27734375
tha,1953,55340.109375
tha,1954,57222.5625
tha,1955,59474.60546875
tha,1956,61162.69921875
tha,1957,63936.52734375
tha,1958,66939.4453125
tha,1959,71080.140625
tha,1960,75815.21875
tha,1961,80372.84375
tha,1962,87194.8828125
tha,1963,96117.953125
tha,1964,104802.765625
tha,1965,114417.140625
tha,1966,128131.953125
tha,1967,142607.046875
tha,1968,158526.78125
tha,1969,177826.15625
tha,1970,201828.90625
tha,1971,224145.96875
tha,1972,245004.5625
tha,1973,266373.3125
tha,1974,287033.84375
tha,1975,306244.28125
tha,1976,322962.34375
tha,1977,340074.6875
tha,1978,353708.6875
tha,1979,361002.4375
tha,1980,364961.40625
tha,1981,372659.1875
tha,1982,380117.75
tha,1983,393602.6875
tha,1984,412250.53125
tha,1985,433837.625
tha,1986,462946.125
tha,1987,511854.40625
tha,1988,588550.5
tha,1989,700975.5
tha,1990,872086.125
tha,1991,1092111.375
tha,1992,1379756.625
tha,1993,1750994.125
tha,1994,2204936.5
tha,1995,2686144.5
tha,1996,3076343.0
tha,1997,3193623.25
tha,1998,3077017.0
tha,1999,2939298.0
tha,2000,2771365.5
tha,2001,2636239.25
tha,2002,2568534.0
tha,2003,2539504.75
tha,2004,2566928.5
tha,2005,2656796.5
tha,2006,2829517.25
tha,2007,3085606.5
tha,2008,3423393.5
tha,2009,3790238.5
tha,2010,4196501.0
tha,2011,4494210.0
tha,2012,4624547.5
tha,2013,4785783.5
tha,2014,4812689.5
tha,2015,4863158.5
tha,2016,4947739.0
tha,2017,5070319.0
tha,2018,5260142.0
tha,2019,5462679.5
tha,2020,5723398.5
tha,2021,5865754.0
tha,2022,6026003.5
tha,2023,6157631.5
tjk,1990,89585.125
tjk,1991,86660.6484375
tjk,1992,86458.875
tjk,1993,84766.0703125
tjk,1994,83577.578125
tjk,1995,81545.28125
tjk,1996,79392.609375
tjk,1997,78571.4765625
tjk,1998,79531.1875
tjk,1999,81789.0859375
tjk,2000,85232.9609375
tjk,2001,89981.0390625
tjk,2002,96550.6640625
tjk,2003,104975.40625
tjk,2004,115365.3671875
tjk,2005,126112.75
tjk,2006,138807.78125
tjk,2007,155918.78125
tjk,2008,178338.078125
tjk,2009,207460.375
tjk,2010,243697.828125
tjk,2011,287642.71875
tjk,2012,331212.875
tjk,2013,477999.84375
tjk,2014,474512.1875
tjk,2015,442294.09375
tjk,2016,426274.0
tjk,2017,391060.875
tjk,2018,482076.34375
tjk,2019,596777.3125
tjk,2020,692469.5
tjk,2021,748501.875
tjk,2022,756526.5
tjk,2023,764474.9375
tkm,1990,177901.96875
tkm,1991,186800.40625
tkm,1992,194797.59375
tkm,1993,204875.6875
tkm,1994,208661.0
tkm,1995,209819.53125
tkm,1996,218485.984375
tkm,1997,224203.359375
tkm,1998,233014.6875
tkm,1999,240886.0
tkm,2000,248178.71875
tkm,2001,255466.078125
tkm,2002,261420.15625
tkm,2003,266324.125
tkm,2004,270973.96875
tkm,2005,277432.03125
tkm,2006,283071.78125
tkm,2007,288856.875
tkm,2008,308879.21875
tkm,2009,342903.15625
tkm,2010,386069.71875
tkm,2011,433375.125
tkm,2012,471878.09375
tkm,2013,519610.34375
tkm,2014,563578.375
tkm,2015,602642.375
tkm,2016,641021.5625
tkm,2017,680632.6875
tkm,2018,722856.375
tkm,2019,770114.0625
tkm,2020,818324.125
tkm,2021,867377.3125
tkm,2022,926123.5
tkm,2023,983045.6875
tto,1950,4096.51416015625
tto,1951,4542.728515625
tto,1952,4942.724609375
tto,1953,5231.37646484375
tto,1954,5524.4794921875
tto,1955,5984.4794921875
tto,1956,6440.41064453125
tto,1957,7171.5078125
tto,1958,7988.36865234375
tto,1959,8896.615234375
tto,1960,9832.248046875
tto,1961,10538.08203125
tto,1962,11352.5693359375
tto,1963,11910.048828125
tto,1964,12439.1826171875
tto,1965,13203.5654296875
tto,1966,13671.12109375
tto,1967,13817.1533203125
tto,1968,14131.017578125
tto,1969,14204.541015625
tto,1970,14818.2490234375
tto,1971,16282.8759765625
tto,1972,17303.61328125
tto,1973,18015.3515625
tto,1974,19470.3046875
tto,1975,21499.65234375
tto,1976,23652.947265625
tto,1977,25800.0390625
tto,1978,28867.958984375
tto,1979,31658.90234375
tto,1980,35507.81640625
tto,1981,38207.91015625
tto,1982,40894.30078125
tto,1983,43167.99609375
tto,1984,44951.63671875
tto,1985,46093.02734375
tto,1986,45778.8984375
tto,1987,43767.02734375
tto,1988,40435.55078125
tto,1989,37581.703125
tto,1990,35063.6484375
tto,1991,33076.3046875
tto,1992,31202.701171875
tto,1993,29826.203125
tto,1994,29256.08203125
tto,1995,29527.1640625
tto,1996,30166.2890625
tto,1997,32273.34765625
tto,1998,34229.2734375
tto,1999,35366.5078125
tto,2000,37220.95703125
tto,2001,40771.93359375
tto,2002,44395.2421875
tto,2003,50846.5703125
tto,2004,58526.1484375
tto,2005,71264.609375
tto,2006,84699.203125
tto,2007,101357.125
tto,2008,122844.3828125
tto,2009,149728.703125
tto,2010,173146.109375
tto,2011,182822.90625
tto,2012,144867.28125
tto,2013,158630.75
tto,2014,143571.59375
tto,2015,139875.328125
tto,2016,149690.46875
tto,2017,167431.296875
tto,2018,180175.890625
tto,2019,192515.015625
tto,2020,203576.796875
tto,2021,251298.359375
tto,2022,245912.90625
tto,2023,245120.578125
tun,1960,14697.31640625
tun,1961,14999.447265625
tun,1962,15637.1640625
tun,1963,16442.16796875
tun,1964,17382.61328125
tun,1965,18296.064453125
tun,1966,19149.193359375
tun,1967,19978.330078125
tun,1968,20829.75390625
tun,1969,21723.287109375
tun,1970,22959.212890625
tun,1971,24371.861328125
tun,1972,26062.080078125
tun,1973,27666.41796875
tun,1974,29670.537109375
tun,1975,32317.021484375
tun,1976,35333.18359375
tun,1977,38320.0625
tun,1978,41362.0546875
tun,1979,44610.36328125
tun,1980,47916.421875
tun,1981,51901.203125
tun,1982,57040.109375
tun,1983,62999.0078125
tun,1984,70600.171875
tun,1985,78239.53125
tun,1986,85723.984375
tun,1987,94765.40625
tun,1988,106537.234375
tun,1989,123140.46875
tun,1990,145892.5625
tun,1991,175513.046875
tun,1992,217833.515625
tun,1993,273376.78125
tun,1994,339127.28125
tun,1995,400628.78125
tun,1996,434975.1875
tun,1997,437362.4375
tun,1998,425679.625
tun,1999,407297.0625
tun,2000,384879.4375
tun,2001,370094.5625
tun,2002,358504.96875
tun,2003,351984.15625
tun,2004,351722.34375
tun,2005,359713.71875
tun,2006,383873.03125
tun,2007,427810.40625
tun,2008,493996.34375
tun,2009,584963.4375
tun,2010,676910.6875
tun,2011,733298.0625
tun,2012,675004.3125
tun,2013,606722.25
tun,2014,536768.75
tun,2015,484842.15625
tun,2016,424753.0
tun,2017,391889.46875
tun,2018,436487.96875
tun,2019,475949.0625
tun,2020,498959.3125
tun,2021,509241.8125
tun,2022,519171.65625
tun,2023,523601.9375
tur,1950,163139.71875
tur,1951,168184.09375
tur,1952,177531.578125
tur,1953,188359.5
tur,1954,200208.390625
tur,1955,213440.6875
tur,1956,226929.28125
tur,1957,245034.984375
tur,1958,271137.25
tur,1959,291202.5625
tur,1960,309212.75
tur,1961,328768.03125
tur,1962,349085.0
tur,1963,372724.96875
tur,1964,396282.75
tur,1965,418556.78125
tur,1966,454697.4375
tur,1967,490257.15625
tur,1968,529905.3125
tur,1969,569274.75
tur,1970,623270.6875
tur,1971,666580.25
tur,1972,721493.125
tur,1973,779419.3125
tur,1974,874633.625
tur,1975,974985.5625
tur,1976,1109815.625
tur,1977,1182912.375
tur,1978,1231728.375
tur,1979,1287880.875
tur,1980,1322716.25
tur,1981,1396327.25
tur,1982,1460511.25
tur,1983,1521147.0
tur,1984,1582080.25
tur,1985,1658400.625
tur,1986,1710900.375
tur,1987,1769294.875
tur,1988,1772953.0
tur,1989,1744917.25
tur,1990,1726982.375
tur,1991,1693033.875
tur,1992,1673384.125
tur,1993,1706505.0
tur,1994,1702862.25
tur,1995,1727862.625
tur,1996,1793852.375
tur,1997,1931190.625
tur,1998,2062271.625
tur,1999,2163418.75
tur,2000,2246953.25
tur,2001,1993554.25
tur,2002,1664615.5
tur,2003,1778965.875
tur,2004,2036173.5
tur,2005,2230893.0
tur,2006,3051627.75
tur,2007,4108445.0
tur,2008,4394025.0
tur,2009,4300026.5
tur,2010,5208435.5
tur,2011,5449078.0
tur,2012,6346837.5
tur,2013,7567122.5
tur,2014,8515262.0
tur,2015,9269575.0
tur,2016,9629507.0
tur,2017,9745859.0
tur,2018,9428221.0
tur,2019,8896799.0
tur,2020,9221600.0
tur,2021,8893598.0
tur,2022,9351301.0
tur,2023,9812269.0
twn,1951,35037.58203125
twn,1952,36361.796875
twn,1953,37318.25
twn,1954,38990.12890625
twn,1955,40627.59765625
twn,1956,42800.203125
twn,1957,44803.03515625
twn,1958,47109.734375
twn,1959,49759.26953125
twn,1960,53209.1875
twn,1961,56910.88671875
twn,1962,60592.19140625
twn,1963,65339.32421875
twn,1964,70746.921875
twn,1965,77507.0078125
twn,1966,86407.6171875
twn,1967,97407.6640625
twn,1968,110663.9453125
twn,1969,125292.3046875
twn,1970,140795.328125
twn,1971,160634.484375
twn,1972,184272.5
twn,1973,209509.90625
twn,1974,235651.234375
twn,1975,268712.15625
twn,1976,300515.53125
twn,1977,332909.9375
twn,1978,370517.375
twn,1979,413514.03125
twn,1980,461699.75
twn,1981,510075.0
twn,1982,557603.8125
twn,1983,601316.25
twn,1984,647820.8125
twn,1985,689622.625
twn,1986,737064.9375
twn,1987,798957.1875
twn,1988,873680.5
twn,1989,958833.6875
twn,1990,1050950.625
twn,1991,1147613.75
twn,1992,1256641.0
twn,1993,1377543.625
twn,1994,1507571.75
twn,1995,1637595.25
twn,1996,1762538.25
twn,1997,1900345.375
twn,1998,2048221.0
twn,1999,2188558.0
twn,2000,2333888.5
twn,2001,2428614.25
twn,2002,2519026.0
twn,2003,2603436.5
twn,2004,2706636.25
twn,2005,2821579.0
twn,2006,2996941.5
twn,2007,3294380.5
twn,2008,3667185.25
twn,2009,4122352.75
twn,2010,4610544.5
twn,2011,4878810.5
twn,2012,4860613.0
twn,2013,4948822.5
twn,2014,4926245.0
twn,2015,4904309.0
twn,2016,4871502.5
twn,2017,4860801.0
twn,2018,5007995.5
twn,2019,5214267.5
twn,2020,5587313.0
twn,2021,5970017.5
twn,2022,6210268.0
twn,2023,6347527.5
tza,1960,20814.208984375
tza,1961,21738.41796875
tza,1962,22538.865234375
tza,1963,23268.623046875
tza,1964,24916.736328125
tza,1965,26941.05078125
tza,1966,29254.318359375
tza,1967,32050.845703125
tza,1968,35104.16015625
tza,1969,37581.94921875
tza,1970,42163.31640625
tza,1971,47652.60546875
tza,1972,52382.7421875
tza,1973,56569.8046875
tza,1974,60533.84765625
tza,1975,64594.05859375
tza,1976,68938.6875
tza,1977,73857.2890625
tza,1978,78349.6953125
tza,1979,83239.9453125
tza,1980,86721.171875
tza,1981,93143.7734375
tza,1982,107925.0703125
tza,1983,129538.71875
tza,1984,156925.234375
tza,1985,172059.296875
tza,1986,170001.171875
tza,1987,168165.140625
tza,1988,164583.109375
tza,1989,160940.671875
tza,1990,160969.84375
tza,1991,160855.34375
tza,1992,161791.421875
tza,1993,161441.203125
tza,1994,161113.171875
tza,1995,159046.1875
tza,1996,157707.75
tza,1997,156877.4375
tza,1998,157588.0
tza,1999,157982.1875
tza,2000,158710.0
tza,2001,160816.46875
tza,2002,165511.453125
tza,2003,171832.09375
tza,2004,180066.75
tza,2005,194378.125
tza,2006,215279.875
tza,2007,256908.53125
tza,2008,326415.125
tza,2009,417063.875
tza,2010,533990.3125
tza,2011,628187.4375
tza,2012,551020.3125
tza,2013,490784.15625
tza,2014,449865.03125
tza,2015,432409.1875
tza,2016,404540.625
tza,2017,388974.34375
tza,2018,369477.34375
tza,2019,447530.8125
tza,2020,583148.0625
tza,2021,705175.875
tza,2022,778389.0
tza,2023,849884.0625
uga,1950,2739.92260742188
uga,1951,3110.798828125
uga,1952,3680.04638671875
uga,1953,4203.27001953125
uga,1954,4672.77490234375
uga,1955,5231.45751953125
uga,1956,5756.17333984375
uga,1957,6092.61474609375
uga,1958,6434.74072265625
uga,1959,6670.47216796875
uga,1960,6893.57666015625
uga,1961,7227.81591796875
uga,1962,7594.34326171875
uga,1963,8137.44482421875
uga,1964,8993.0185546875
uga,1965,9732.078125
uga,1966,10391.80078125
uga,1967,11229.2841796875
uga,1968,12080.435546875
uga,1969,13166.0263671875
uga,1970,13866.9267578125
uga,1971,14625.7314453125
uga,1972,15307.416015625
uga,1973,15851.212890625
uga,1974,16348.486328125
uga,1975,16758.095703125
uga,1976,17086.52734375
uga,1977,17415.029296875
uga,1978,17638.04296875
uga,1979,17705.783203125
uga,1980,17738.83203125
uga,1981,18011.025390625
uga,1982,18332.146484375
uga,1983,18562.212890625
uga,1984,18762.130859375
uga,1985,18892.064453125
uga,1986,19349.724609375
uga,1987,20580.408203125
uga,1988,21853.986328125
uga,1989,23158.482421875
uga,1990,24673.859375
uga,1991,25897.390625
uga,1992,27063.794921875
uga,1993,28489.44140625
uga,1994,30442.421875
uga,1995,33344.81640625
uga,1996,36058.7734375
uga,1997,38946.03125
uga,1998,42448.1015625
uga,1999,46110.86328125
uga,2000,49735.95703125
uga,2001,53823.20703125
uga,2002,58558.734375
uga,2003,64059.2578125
uga,2004,70528.0859375
uga,2005,78559.140625
uga,2006,90490.234375
uga,2007,111167.2734375
uga,2008,141935.84375
uga,2009,184743.21875
uga,2010,242648.84375
uga,2011,290787.40625
uga,2012,274770.34375
uga,2013,205377.171875
uga,2014,285534.125
uga,2015,230063.8125
uga,2016,226520.796875
uga,2017,214403.21875
uga,2018,244286.921875
uga,2019,276489.28125
uga,2020,307260.4375
uga,2021,358727.15625
uga,2022,386262.28125
uga,2023,412704.84375
ukr,1990,3173342.25
ukr,1991,3230774.25
ukr,1992,3310697.75
ukr,1993,3325169.25
ukr,1994,3300314.5
ukr,1995,3249639.25
ukr,1996,3182742.75
ukr,1997,3103248.25
ukr,1998,3023124.75
ukr,1999,2927351.5
ukr,2000,2826324.75
ukr,2001,2740761.75
ukr,2002,2665452.5
ukr,2003,2609060.0
ukr,2004,2574833.75
ukr,2005,2551913.25
ukr,2006,2542580.0
ukr,2007,2548402.25
ukr,2008,2557186.0
ukr,2009,2520028.75
ukr,2010,2477774.25
ukr,2011,2449072.0
ukr,2012,3340658.0
ukr,2013,4465739.0
ukr,2014,3994172.75
ukr,2015,5596734.5
ukr,2016,6320156.0
ukr,2017,7259791.5
ukr,2018,8068618.5
ukr,2019,9261586.0
ukr,2020,9893602.0
ukr,2021,10268907.0
ukr,2022,10177476.0
ukr,2023,10073253.0
ury,1950,9117.134765625
ury,1951,13734.634765625
ury,1952,17511.771484375
ury,1953,20304.822265625
ury,1954,24106.232421875
ury,1955,27072.896484375
ury,1956,29543.9375
ury,1957,32036.736328125
ury,1958,33815.5703125
ury,1959,36106.16015625
ury,1960,37373.28125
ury,1961,39176.6015625
ury,1962,41602.671875
ury,1963,42247.6328125
ury,1964,45168.796875
ury,1965,45499.5078125
ury,1966,47226.46484375
ury,1967,47462.82421875
ury,1968,48138.234375
ury,1969,49665.7109375
ury,1970,51276.42578125
ury,1971,53550.12890625
ury,1972,54144.3203125
ury,1973,55832.0703125
ury,1974,57720.6015625
ury,1975,58633.14453125
ury,1976,61802.625
ury,1977,67253.140625
ury,1978,75306.234375
ury,1979,87270.953125
ury,1980,97351.8125
ury,1981,104102.609375
ury,1982,108312.1328125
ury,1983,107571.3203125
ury,1984,107774.6875
ury,1985,108126.8125
ury,1986,107668.5703125
ury,1987,109742.9453125
ury,1988,111270.421875
ury,1989,114719.9140625
ury,1990,116358.6484375
ury,1991,121597.6953125
ury,1992,126652.7734375
ury,1993,132591.125
ury,1994,138535.5
ury,1995,142843.5625
ury,1996,147023.765625
ury,1997,150612.84375
ury,1998,154296.921875
ury,1999,155693.796875
ury,2000,155550.265625
ury,2001,155598.71875
ury,2002,154850.296875
ury,2003,155116.015625
ury,2004,157333.171875
ury,2005,161852.546875
ury,2006,171583.140625
ury,2007,188672.0
ury,2008,214632.046875
ury,2009,242387.46875
ury,2010,273799.96875
ury,2011,296342.6875
ury,2012,304877.40625
ury,2013,316156.6875
ury,2014,320670.09375
ury,2015,333829.125
ury,2016,343668.28125
ury,2017,342159.03125
ury,2018,341872.25
ury,2019,354294.65625
ury,2020,372862.8125
ury,2021,374393.5625
ury,2022,387040.84375
ury,2023,395100.34375
usa,1950,10670372.0
usa,1951,11005063.0
usa,1952,11362810.0
usa,1953,11765013.0
usa,1954,12144666.0
usa,1955,12569526.0
usa,1956,12989804.0
usa,1957,13400090.0
usa,1958,13768717.0
usa,1959,14237302.0
usa,1960,14693295.0
usa,1961,15164270.0
usa,1962,15694402.0
usa,1963,16269987.0
usa,1964,16905738.0
usa,1965,17609040.0
usa,1966,18365340.0
usa,1967,19077536.0
usa,1968,19811192.0
usa,1969,20540252.0
usa,1970,21169220.0
usa,1971,21907762.0
usa,1972,22737082.0
usa,1973,23648198.0
usa,1974,24424422.0
usa,1975,25017502.0
usa,1976,25717002.0
usa,1977,26565646.0
usa,1978,27571704.0
usa,1979,28627504.0
usa,1980,29506500.0
usa,1981,30360576.0
usa,1982,31041506.0
usa,1983,31823792.0
usa,1984,32878624.0
usa,1985,34021504.0
usa,1986,35157644.0
usa,1987,36259544.0
usa,1988,37346636.0
usa,1989,38435572.0
usa,1990,39438872.0
usa,1991,40250704.0
usa,1992,41115976.0
usa,1993,42057432.0
usa,1994,43101884.0
usa,1995,44213224.0
usa,1996,45460928.0
usa,1997,46822816.0
usa,1998,48363056.0
usa,1999,50044932.0
usa,2000,51803712.0
usa,2001,53376184.0
usa,2002,54756840.0
usa,2003,56216480.0
usa,2004,57822600.0
usa,2005,59564456.0
usa,2006,61276456.0
usa,2007,62817856.0
usa,2008,64051984.0
usa,2009,64686404.0
usa,2010,65348700.0
usa,2011,66106264.0
usa,2012,67035632.0
usa,2013,68023008.0
usa,2014,69139488.0
usa,2015,70324720.0
usa,2016,71523784.0
usa,2017,72799032.0
usa,2018,74181248.0
usa,2019,75565128.0
usa,2020,76784664.0
usa,2021,78158760.0
usa,2022,79490376.0
usa,2023,80823096.0
uzb,1990,111138.6484375
uzb,1991,123321.828125
uzb,1992,135143.421875
uzb,1993,145864.296875
uzb,1994,155796.21875
uzb,1995,168329.75
uzb,1996,181733.84375
uzb,1997,196732.609375
uzb,1998,213345.96875
uzb,1999,229508.921875
uzb,2000,244829.96875
uzb,2001,261865.6875
uzb,2002,278024.09375
uzb,2003,296293.84375
uzb,2004,315973.0
uzb,2005,335501.4375
uzb,2006,355279.6875
uzb,2007,381342.96875
uzb,2008,417516.34375
uzb,2009,464154.4375
uzb,2010,521820.375
uzb,2011,576959.0625
uzb,2012,632741.625
uzb,2013,706063.8125
uzb,2014,783136.6875
uzb,2015,862972.8125
uzb,2016,946126.25
uzb,2017,1043866.6875
uzb,2018,1182203.125
uzb,2019,1386789.875
uzb,2020,1566238.0
uzb,2021,1745123.875
uzb,2022,1924544.25
uzb,2023,2139875.25
vct,1970,364.107818603516
vct,1971,373.754852294922
vct,1972,390.276550292969
vct,1973,400.314483642578
vct,1974,408.221832275391
vct,1975,414.857971191406
vct,1976,421.668029785156
vct,1977,435.987243652344
vct,1978,445.118743896484
vct,1979,461.447723388672
vct,1980,484.919128417969
vct,1981,500.261077880859
vct,1982,511.136932373047
vct,1983,515.975158691406
vct,1984,533.931518554688
vct,1985,551.993896484375
vct,1986,576.274353027344
vct,1987,606.718078613281
vct,1988,637.593872070313
vct,1989,665.090637207031
vct,1990,705.550537109375
vct,1991,738.388610839844
vct,1992,757.991760253906
vct,1993,781.676391601563
vct,1994,808.840148925781
vct,1995,849.119689941406
vct,1996,891.449951171875
vct,1997,929.265014648438
vct,1998,1001.97967529297
vct,1999,1089.48498535156
vct,2000,1168.0888671875
vct,2001,1278.46606445313
vct,2002,1432.27319335938
vct,2003,1657.14587402344
vct,2004,1949.52270507813
vct,2005,2339.443359375
vct,2006,2913.89526367188
vct,2007,3707.13940429688
vct,2008,4869.28271484375
vct,2009,6305.93798828125
vct,2010,7879.0244140625
vct,2011,8751.9130859375
vct,2012,8706.44921875
vct,2013,8712.5458984375
vct,2014,8639.90625
vct,2015,9291.5400390625
vct,2016,9179.84765625
vct,2017,10048.1396484375
vct,2018,10300.1591796875
vct,2019,10827.1806640625
vct,2020,11467.44921875
vct,2021,12292.3193359375
vct,2022,12939.2265625
vct,2023,13583.4814453125
ven,1950,102619.359375
ven,1951,109451.5390625
ven,1952,119480.4296875
ven,1953,128854.2890625
ven,1954,139873.09375
ven,1955,149870.8125
ven,1956,160502.296875
ven,1957,171827.625
ven,1958,182221.796875
ven,1959,192301.15625
ven,1960,195238.65625
ven,1961,198308.5
ven,1962,202590.296875
ven,1963,206536.0625
ven,1964,215662.0
ven,1965,224626.75
ven,1966,230713.859375
ven,1967,237774.78125
ven,1968,250932.9375
ven,1969,264273.21875
ven,1970,285562.125
ven,1971,308753.15625
ven,1972,336293.90625
ven,1973,366927.21875
ven,1974,393884.8125
ven,1975,430768.4375
ven,1976,481351.96875
ven,1977,549907.6875
ven,1978,612508.5625
ven,1979,654176.8125
ven,1980,685760.5
ven,1981,720890.0
ven,1982,750159.4375
ven,1983,755216.6875
ven,1984,752032.6875
ven,1985,754896.75
ven,1986,759510.3125
ven,1987,760881.6875
ven,1988,774405.6875
ven,1989,769874.3125
ven,1990,759421.1875
ven,1991,765278.875
ven,1992,788584.3125
ven,1993,807412.8125
ven,1994,816448.0625
ven,1995,824981.5625
ven,1996,829983.25
ven,1997,854531.625
ven,1998,889547.8125
ven,1999,910558.5
ven,2000,933088.5
ven,2001,970165.125
ven,2002,997454.125
ven,2003,1018250.6875
ven,2004,1061154.625
ven,2005,1123358.125
ven,2006,1239573.875
ven,2007,1454342.125
ven,2008,1772508.25
ven,2009,2189944.0
ven,2010,2632659.0
ven,2011,2883214.75
ven,2012,2886498.5
ven,2013,2675641.25
ven,2014,1885562.125
ven,2015,1094358.75
ven,2016,387576.0
ven,2017,143361.203125
ven,2018,138607.515625
ven,2019,134853.34375
ven,2020,130621.9765625
ven,2021,126822.9375
ven,2022,123627.1953125
ven,2023,120241.203125
vgb,1970,101.66771697998
vgb,1971,123.307922363281
vgb,1972,134.862442016602
vgb,1973,147.907043457031
vgb,1974,160.206527709961
vgb,1975,172.978424072266
vgb,1976,180.700393676758
vgb,1977,186.099578857422
vgb,1978,192.656616210938
vgb,1979,209.138595581055
vgb,1980,231.751770019531
vgb,1981,255.996978759766
vgb,1982,276.000152587891
vgb,1983,297.731719970703
vgb,1984,319.098327636719
vgb,1985,340.442108154297
vgb,1986,363.449310302734
vgb,1987,389.586822509766
vgb,1988,414.654693603516
vgb,1989,439.288238525391
vgb,1990,474.076110839844
vgb,1991,522.306030273438
vgb,1992,583.004211425781
vgb,1993,662.3173828125
vgb,1994,764.395202636719
vgb,1995,897.05810546875
vgb,1996,1041.61047363281
vgb,1997,1209.57177734375
vgb,1998,1399.36633300781
vgb,1999,1586.29309082031
vgb,2000,1787.22912597656
vgb,2001,1984.94763183594
vgb,2002,2168.72412109375
vgb,2003,2336.73754882813
vgb,2004,2517.86010742188
vgb,2005,2729.263671875
vgb,2006,2935.67651367188
vgb,2007,3104.77856445313
vgb,2008,3275.6640625
vgb,2009,3448.32470703125
vgb,2010,3632.33251953125
vgb,2011,3786.87841796875
vgb,2012,3972.82202148438
vgb,2013,3942.23046875
vgb,2014,4135.4248046875
vgb,2015,4516.3154296875
vgb,2016,4811.94384765625
vgb,2017,4593.9130859375
vgb,2018,4711.50244140625
vgb,2019,4878.4365234375
vgb,2020,5005.673828125
vgb,2021,5130.74560546875
vgb,2022,5308.0078125
vgb,2023,5460.25
vnm,1970,37266.51953125
vnm,1971,38846.01953125
vnm,1972,40443.8515625
vnm,1973,41946.8671875
vnm,1974,43534.03125
vnm,1975,45096.7265625
vnm,1976,46902.56640625
vnm,1977,49211.6484375
vnm,1978,51425.45703125
vnm,1979,53908.984375
vnm,1980,56099.70703125
vnm,1981,58525.125
vnm,1982,61164.421875
vnm,1983,63819.41015625
vnm,1984,66974.5078125
vnm,1985,70497.375
vnm,1986,73888.203125
vnm,1987,77663.046875
vnm,1988,81376.5546875
vnm,1989,84872.46875
vnm,1990,90531.046875
vnm,1991,95460.765625
vnm,1992,104766.0390625
vnm,1993,119097.8984375
vnm,1994,137459.34375
vnm,1995,158367.125
vnm,1996,182181.90625
vnm,1997,210892.203125
vnm,1998,250404.5
vnm,1999,297709.46875
vnm,2000,357525.8125
vnm,2001,434734.90625
vnm,2002,532897.1875
vnm,2003,649259.0
vnm,2004,769786.5625
vnm,2005,873696.6875
vnm,2006,958674.875
vnm,2007,1059171.875
vnm,2008,1165510.75
vnm,2009,1287815.375
vnm,2010,1444210.75
vnm,2011,1586840.125
vnm,2012,1739011.625
vnm,2013,1871629.5
vnm,2014,2007516.875
vnm,2015,2211788.75
vnm,2016,2498980.25
vnm,2017,2819053.0
vnm,2018,3106546.0
vnm,2019,3495883.25
vnm,2020,3950379.75
vnm,2021,4145646.75
vnm,2022,4513063.5
vnm,2023,4864514.5
yem,1989,7316.48828125
yem,1990,7310.619140625
yem,1991,7335.7177734375
yem,1992,7620.65869140625
yem,1993,7905.13916015625
yem,1994,8249.1787109375
yem,1995,8899.591796875
yem,1996,9773.3623046875
yem,1997,11045.330078125
yem,1998,13175.630859375
yem,1999,16066.6748046875
yem,2000,20540.103515625
yem,2001,28232.919921875
yem,2002,42982.41015625
yem,2003,74526.3515625
yem,2004,143840.1875
yem,2005,225954.296875
yem,2006,243262.953125
yem,2007,256234.6875
yem,2008,264123.21875
yem,2009,266609.125
yem,2010,263297.6875
yem,2011,243810.875
yem,2012,180031.453125
yem,2013,183229.953125
yem,2014,232931.515625
yem,2015,660665.5
yem,2016,862702.125
yem,2017,584131.1875
yem,2018,575296.0
yem,2019,576275.75
yem,2020,573648.0625
yem,2021,572856.0
yem,2022,574931.75
yem,2023,573551.0
zaf,1950,130981.796875
zaf,1951,144311.015625
zaf,1952,150869.125
zaf,1953,160015.6875
zaf,1954,171958.65625
zaf,1955,184992.0
zaf,1956,197150.46875
zaf,1957,211122.65625
zaf,1958,224331.703125
zaf,1959,231258.765625
zaf,1960,241553.984375
zaf,1961,251262.890625
zaf,1962,259583.875
zaf,1963,273122.75
zaf,1964,289963.53125
zaf,1965,310230.9375
zaf,1966,326627.09375
zaf,1967,349059.5
zaf,1968,368024.09375
zaf,1969,390974.78125
zaf,1970,419211.59375
zaf,1971,451942.625
zaf,1972,485972.53125
zaf,1973,519914.96875
zaf,1974,555202.8125
zaf,1975,594714.25
zaf,1976,630331.75
zaf,1977,659983.875
zaf,1978,684014.5625
zaf,1979,710485.25
zaf,1980,744392.75
zaf,1981,784873.0625
zaf,1982,821958.375
zaf,1983,852300.5625
zaf,1984,879743.9375
zaf,1985,903586.4375
zaf,1986,914923.875
zaf,1987,918163.875
zaf,1988,930262.125
zaf,1989,946756.0
zaf,1990,958993.375
zaf,1991,964474.4375
zaf,1992,971311.0
zaf,1993,980482.375
zaf,1994,993887.0
zaf,1995,1010289.625
zaf,1996,1031099.625
zaf,1997,1054224.125
zaf,1998,1081333.0
zaf,1999,1099053.75
zaf,2000,1115940.875
zaf,2001,1139693.25
zaf,2002,1165963.75
zaf,2003,1198101.25
zaf,2004,1239367.25
zaf,2005,1286849.625
zaf,2006,1376040.75
zaf,2007,1539453.875
zaf,2008,1787008.75
zaf,2009,2099084.75
zaf,2010,2448810.75
zaf,2011,2750970.75
zaf,2012,2854565.0
zaf,2013,2942473.5
zaf,2014,3026034.75
zaf,2015,3110179.25
zaf,2016,3174744.25
zaf,2017,3306505.5
zaf,2018,3173429.5
zaf,2019,3077501.5
zaf,2020,3000721.25
zaf,2021,2963688.75
zaf,2022,3008200.25
zaf,2023,3039962.25
zmb,1955,15331.0625
zmb,1956,15808.9931640625
zmb,1957,16359.09765625
zmb,1958,16487.310546875
zmb,1959,16721.314453125
zmb,1960,17047.220703125
zmb,1961,17260.94921875
zmb,1962,17487.265625
zmb,1963,17530.220703125
zmb,1964,17451.859375
zmb,1965,18119.947265625
zmb,1966,18919.779296875
zmb,1967,19889.7421875
zmb,1968,20854.158203125
zmb,1969,21306.025390625
zmb,1970,22821.18359375
zmb,1971,24016.841796875
zmb,1972,25310.435546875
zmb,1973,26273.49609375
zmb,1974,27156.62109375
zmb,1975,28203.19140625
zmb,1976,28397.537109375
zmb,1977,28781.955078125
zmb,1978,29511.4609375
zmb,1979,30399.939453125
zmb,1980,30797.28125
zmb,1981,29920.099609375
zmb,1982,28489.072265625
zmb,1983,27105.865234375
zmb,1984,26322.4375
zmb,1985,26283.046875
zmb,1986,27023.939453125
zmb,1987,28684.25390625
zmb,1988,31349.283203125
zmb,1989,35373.11328125
zmb,1990,41255.078125
zmb,1991,49535.85546875
zmb,1992,62281.390625
zmb,1993,82004.4375
zmb,1994,110582.796875
zmb,1995,145089.109375
zmb,1996,162674.9375
zmb,1997,156526.296875
zmb,1998,145075.96875
zmb,1999,131732.8125
zmb,2000,119276.53125
zmb,2001,109819.3671875
zmb,2002,103674.8828125
zmb,2003,100276.4609375
zmb,2004,98707.4375
zmb,2005,99527.7734375
zmb,2006,106719.890625
zmb,2007,124436.7734375
zmb,2008,156471.21875
zmb,2009,206003.046875
zmb,2010,271424.1875
zmb,2011,318451.09375
zmb,2012,295241.875
zmb,2013,287474.03125
zmb,2014,288488.40625
zmb,2015,291604.4375
zmb,2016,303038.9375
zmb,2017,323803.90625
zmb,2018,308991.84375
zmb,2019,286285.28125
zmb,2020,261497.015625
zmb,2021,260885.78125
zmb,2022,270121.96875
zmb,2023,279892.5625
zwe,1954,16857.83203125
zwe,1955,16504.50390625
zwe,1956,16278.767578125
zwe,1957,16049.8291015625
zwe,1958,15872.75
zwe,1959,15616.9912109375
zwe,1960,15433.4951171875
zwe,1961,15237.5234375
zwe,1962,14970.5205078125
zwe,1963,14687.4345703125
zwe,1964,14445.0302734375
zwe,1965,14263.375
zwe,1966,14146.82421875
zwe,1967,14105.6591796875
zwe,1968,14155.00390625
zwe,1969,14165.263671875
zwe,1970,14360.44921875
zwe,1971,14580.185546875
zwe,1972,14835.98828125
zwe,1973,15212.6572265625
zwe,1974,15730.80078125
zwe,1975,16157.986328125
zwe,1976,16337.0712890625
zwe,1977,16353.4765625
zwe,1978,16235.4072265625
zwe,1979,16143.2275390625
zwe,1980,16158.99609375
zwe,1981,16581.11328125
zwe,1982,17557.09375
zwe,1983,19014.7421875
zwe,1984,20804.06640625
zwe,1985,22510.134765625
zwe,1986,24228.056640625
zwe,1987,26527.58984375
zwe,1988,29573.44140625
zwe,1989,33441.2109375
zwe,1990,38739.203125
zwe,1991,45462.83203125
zwe,1992,53727.4375
zwe,1993,63582.73828125
zwe,1994,73883.2421875
zwe,1995,82882.8984375
zwe,1996,86391.7890625
zwe,1997,86643.3203125
zwe,1998,86971.109375
zwe,1999,86303.6875
zwe,2000,88758.2109375
zwe,2001,89837.6015625
zwe,2002,89166.03125
zwe,2003,89031.84375
zwe,2004,85215.9140625
zwe,2005,80346.6328125
zwe,2006,75617.8203125
zwe,2007,71570.0390625
zwe,2008,67195.2890625
zwe,2009,65499.5625
zwe,2010,66184.3203125
zwe,2011,65562.3125
zwe,2012,52595.1796875
zwe,2013,58185.01171875
zwe,2014,56628.1015625
zwe,2015,61341.66015625
zwe,2016,65224.1484375
zwe,2017,82183.359375
zwe,2018,50606.08203125
zwe,2019,83138.546875
zwe,2020,86924.0703125
zwe,2021,110979.7734375
zwe,2022,114640.703125
zwe,2023,119130.796875
