country,year,rtfpna
ago,1974,1.76500678062439
ago,1975,1.59034287929535
ago,1976,1.43588697910309
ago,1977,1.38037741184235
ago,1978,1.25484418869019
ago,1979,1.21166741847992
ago,1980,1.20365309715271
ago,1981,1.1133588552475
ago,1982,1.07250034809113
ago,1983,1.08204805850983
ago,1984,1.10715007781982
ago,1985,1.12049341201782
ago,1986,1.14098703861237
ago,1987,1.19606745243073
ago,1988,1.24392485618591
ago,1989,1.23531043529511
ago,1990,1.21914172172546
ago,1991,1.1784029006958
ago,1992,1.03644669055939
ago,1993,0.747450411319733
ago,1994,0.717950105667114
ago,1995,0.766531407833099
ago,1996,0.781703889369965
ago,1997,0.791381597518921
ago,1998,0.765534818172455
ago,1999,0.738215208053589
ago,2000,0.748340308666229
ago,2001,0.762233734130859
ago,2002,0.857744872570038
ago,2003,0.860896289348602
ago,2004,0.919391989707947
ago,2005,1.02128803730011
ago,2006,1.10295712947845
ago,2007,1.21184015274048
ago,2008,1.26872968673706
ago,2009,1.20304989814758
ago,2010,1.20552384853363
ago,2011,1.18535494804382
ago,2012,1.22905147075653
ago,2013,1.23844516277313
ago,2014,1.24999237060547
ago,2015,1.21822094917297
ago,2016,1.15644598007202
ago,2017,1.1367621421814
ago,2018,1.10563504695892
ago,2019,1.07916951179504
ago,2020,1.01987659931183
ago,2021,1.0
ago,2022,1.00496304035187
ago,2023,0.99647456407547
alb,1974,0.728516757488251
alb,1975,0.733268022537231
alb,1976,0.727340340614319
alb,1977,0.719494223594666
alb,1978,0.712485730648041
alb,1979,0.70473438501358
alb,1980,0.699481248855591
alb,1981,0.695313572883606
alb,1982,0.667123377323151
alb,1983,0.630332410335541
alb,1984,0.584193110466003
alb,1985,0.565094590187073
alb,1986,0.571780204772949
alb,1987,0.538805186748505
alb,1988,0.508964002132416
alb,1989,0.53628408908844
alb,1990,0.47781977057457
alb,1991,0.348461359739304
alb,1992,0.391369670629501
alb,1993,0.443167686462402
alb,1994,0.441909343004227
alb,1995,0.514058768749237
alb,1996,0.542774856090546
alb,1997,0.47577440738678
alb,1998,0.513325989246368
alb,1999,0.573241055011749
alb,2000,0.593474924564362
alb,2001,0.631421685218811
alb,2002,0.656398355960846
alb,2003,0.683816969394684
alb,2004,0.708899140357971
alb,2005,0.738405704498291
alb,2006,0.775599122047424
alb,2007,0.80854332447052
alb,2008,0.93424779176712
alb,2009,0.951018512248993
alb,2010,1.01407527923584
alb,2011,1.09975254535675
alb,2012,0.992524564266205
alb,2013,1.00297772884369
alb,2014,1.08472156524658
alb,2015,1.04572379589081
alb,2016,0.982690036296845
alb,2017,0.972837686538696
alb,2018,0.960683524608612
alb,2019,0.943899869918823
alb,2020,0.967126965522766
alb,2021,1.0
alb,2022,0.995818436145783
alb,2023,1.02224159240723
arg,1954,1.30267095565796
arg,1955,1.331747174263
arg,1956,1.31603074073792
arg,1957,1.31452333927155
arg,1958,1.34623491764069
arg,1959,1.23810946941376
arg,1960,1.3019425868988
arg,1961,1.27740728855133
arg,1962,1.23744094371796
arg,1963,1.16485679149628
arg,1964,1.21279573440552
arg,1965,1.28079688549042
arg,1966,1.24735879898071
arg,1967,1.2474809885025
arg,1968,1.27328789234161
arg,1969,1.33828699588776
arg,1970,1.33235204219818
arg,1971,1.32948637008667
arg,1972,1.30747091770172
arg,1973,1.31545758247375
arg,1974,1.32857823371887
arg,1975,1.28347265720367
arg,1976,1.25412583351135
arg,1977,1.27490139007568
arg,1978,1.19904232025146
arg,1979,1.24139976501465
arg,1980,1.22521412372589
arg,1981,1.13660895824432
arg,1982,1.08502197265625
arg,1983,1.10328733921051
arg,1984,1.10344409942627
arg,1985,1.01574993133545
arg,1986,1.07079350948334
arg,1987,1.07870101928711
arg,1988,1.04036462306976
arg,1989,0.96187150478363
arg,1990,0.93828409910202
arg,1991,1.01589155197144
arg,1992,1.09718215465546
arg,1993,1.13671278953552
arg,1994,1.16406667232513
arg,1995,1.1340115070343
arg,1996,1.16158545017242
arg,1997,1.20058166980743
arg,1998,1.19322836399078
arg,1999,1.13370978832245
arg,2000,1.1124005317688
arg,2001,1.06899964809418
arg,2002,0.977898359298706
arg,2003,1.04200029373169
arg,2004,1.08728921413422
arg,2005,1.13138508796692
arg,2006,1.17605602741241
arg,2007,1.21843230724335
arg,2008,1.21485507488251
arg,2009,1.13139200210571
arg,2010,1.19824695587158
arg,2011,1.21756708621979
arg,2012,1.17649567127228
arg,2013,1.17210924625397
arg,2014,1.12293791770935
arg,2015,1.1200236082077
arg,2016,1.10642027854919
arg,2017,1.10694360733032
arg,2018,1.06310987472534
arg,2019,1.02767193317413
arg,2020,0.998763501644135
arg,2021,1.0
arg,2022,1.03932631015778
arg,2023,0.966590404510498
arm,1994,0.248969852924347
arm,1995,0.267070859670639
arm,1996,0.289783418178558
arm,1997,0.311624199151993
arm,1998,0.342078983783722
arm,1999,0.361468255519867
arm,2000,0.3872230052948
arm,2001,0.433463424444199
arm,2002,0.54924875497818
arm,2003,0.621858775615692
arm,2004,0.687704503536224
arm,2005,0.759512662887573
arm,2006,0.832199811935425
arm,2007,0.903846263885498
arm,2008,0.844108104705811
arm,2009,0.771467924118042
arm,2010,0.758426189422607
arm,2011,0.786062061786652
arm,2012,0.824808537960053
arm,2013,0.829167127609253
arm,2014,0.848457336425781
arm,2015,0.927691876888275
arm,2016,0.953782558441162
arm,2017,1.02724766731262
arm,2018,1.00393748283386
arm,2019,1.05110347270966
arm,2020,1.00862908363342
arm,2021,1.0
arm,2022,1.06905281543732
arm,2023,1.10736763477325
aus,1954,0.723501682281494
aus,1955,0.729746520519257
aus,1956,0.71434623003006
aus,1957,0.717217683792114
aus,1958,0.751721322536469
aus,1959,0.780886352062225
aus,1960,0.772082090377808
aus,1961,0.768686830997467
aus,1962,0.786637127399445
aus,1963,0.805624604225159
aus,1964,0.815736591815949
aus,1965,0.800296068191528
aus,1966,0.810403048992157
aus,1967,0.815716981887817
aus,1968,0.838782429695129
aus,1969,0.862702906131744
aus,1970,0.856578230857849
aus,1971,0.856938481330872
aus,1972,0.855249404907227
aus,1973,0.860223114490509
aus,1974,0.840820968151093
aus,1975,0.855073571205139
aus,1976,0.859566569328308
aus,1977,0.846290946006775
aus,1978,0.857884228229523
aus,1979,0.854605257511139
aus,1980,0.844538807868958
aus,1981,0.846857130527496
aus,1982,0.819687962532044
aus,1983,0.85493928194046
aus,1984,0.854704856872559
aus,1985,0.852259457111359
aus,1986,0.831968486309052
aus,1987,0.849189460277557
aus,1988,0.84373927116394
aus,1989,0.831416070461273
aus,1990,0.81285548210144
aus,1991,0.824720621109009
aus,1992,0.850640773773193
aus,1993,0.865177989006043
aus,1994,0.866242468357086
aus,1995,0.865886986255646
aus,1996,0.8708136677742
aus,1997,0.88994711637497
aus,1998,0.90939736366272
aus,1999,0.918573915958405
aus,2000,0.905627310276032
aus,2001,0.92472505569458
aus,2002,0.937351763248444
aus,2003,0.948414981365204
aus,2004,0.953947186470032
aus,2005,0.947016716003418
aus,2006,0.954572319984436
aus,2007,0.955101728439331
aus,2008,0.941637814044952
aus,2009,0.944998383522034
aus,2010,0.955094218254089
aus,2011,0.958053410053253
aus,2012,0.959026873111725
aus,2013,0.965567171573639
aus,2014,0.970684289932251
aus,2015,0.981469571590424
aus,2016,0.983357310295105
aus,2017,0.991528213024139
aus,2018,0.986533045768738
aus,2019,0.96304589509964
aus,2020,0.981769025325775
aus,2021,1.0
aus,2022,1.00551331043243
aus,2023,1.00107288360596
aut,1954,0.508814811706543
aut,1955,0.54067075252533
aut,1956,0.557430446147919
aut,1957,0.574842691421509
aut,1958,0.586617588996887
aut,1959,0.592157065868378
aut,1960,0.624787986278534
aut,1961,0.638320446014404
aut,1962,0.638897120952606
aut,1963,0.655917584896088
aut,1964,0.678575098514557
aut,1965,0.682037472724915
aut,1966,0.703323781490326
aut,1967,0.71656197309494
aut,1968,0.737253069877625
aut,1969,0.767662107944489
aut,1970,0.809764325618744
aut,1971,0.81834214925766
aut,1972,0.82866758108139
aut,1973,0.838570773601532
aut,1974,0.820137202739716
aut,1975,0.825302600860596
aut,1976,0.844558775424957
aut,1977,0.85776424407959
aut,1978,0.856206774711609
aut,1979,0.871554255485535
aut,1980,0.862181544303894
aut,1981,0.867010712623596
aut,1982,0.876389920711517
aut,1983,0.895828783512116
aut,1984,0.886356949806213
aut,1985,0.895241975784302
aut,1986,0.901690185070038
aut,1987,0.905742704868317
aut,1988,0.914937138557434
aut,1989,0.921602725982666
aut,1990,0.934565842151642
aut,1991,0.937688589096069
aut,1992,0.949859201908112
aut,1993,0.94605302810669
aut,1994,0.954965770244598
aut,1995,0.977885127067566
aut,1996,0.970433592796326
aut,1997,0.968802392482758
aut,1998,0.986943423748016
aut,1999,0.995542109012604
aut,2000,1.0033118724823
aut,2001,0.99993622303009
aut,2002,1.00216901302338
aut,2003,0.997881770133972
aut,2004,1.00533711910248
aut,2005,1.01685702800751
aut,2006,1.03241097927094
aut,2007,1.04898631572723
aut,2008,1.04021906852722
aut,2009,1.01182222366333
aut,2010,1.01781260967255
aut,2011,1.02433180809021
aut,2012,1.02321875095367
aut,2013,1.01338672637939
aut,2014,1.00937795639038
aut,2015,1.01672267913818
aut,2016,1.01506304740906
aut,2017,1.01973009109497
aut,2018,1.02002668380737
aut,2019,1.01509654521942
aut,2020,0.996166050434113
aut,2021,1.0
aut,2022,1.02490365505219
aut,2023,1.00125813484192
bdi,1980,1.43480384349823
bdi,1981,1.52110171318054
bdi,1982,1.46782064437866
bdi,1983,1.44288372993469
bdi,1984,1.37332689762115
bdi,1985,1.48218834400177
bdi,1986,1.50564074516296
bdi,1987,1.51209366321564
bdi,1988,1.54559314250946
bdi,1989,1.52930283546448
bdi,1990,1.57738208770752
bdi,1991,1.64676916599274
bdi,1992,1.65548145771027
bdi,1993,1.62274205684662
bdi,1994,1.57150590419769
bdi,1995,1.35793042182922
bdi,1996,1.25607120990753
bdi,1997,1.27230083942413
bdi,1998,1.29805159568787
bdi,1999,1.23595535755157
bdi,2000,1.20006883144379
bdi,2001,1.2030109167099
bdi,2002,1.22937762737274
bdi,2003,1.17411172389984
bdi,2004,1.16025590896606
bdi,2005,1.11665081977844
bdi,2006,1.12901759147644
bdi,2007,1.11396610736847
bdi,2008,1.10925889015198
bdi,2009,1.09840321540833
bdi,2010,1.08252418041229
bdi,2011,1.06646132469177
bdi,2012,1.06044888496399
bdi,2013,1.06037557125092
bdi,2014,1.05415463447571
bdi,2015,1.01529049873352
bdi,2016,1.02242946624756
bdi,2017,1.02747702598572
bdi,2018,1.02778553962708
bdi,2019,1.02943980693817
bdi,2020,1.01162385940552
bdi,2021,1.0
bdi,2022,0.977182745933533
bdi,2023,0.962267816066742
bel,1954,0.519486844539642
bel,1955,0.53222531080246
bel,1956,0.542938768863678
bel,1957,0.545892953872681
bel,1958,0.545137584209442
bel,1959,0.563461244106293
bel,1960,0.581620514392853
bel,1961,0.601901769638062
bel,1962,0.620600044727325
bel,1963,0.638471186161041
bel,1964,0.668074369430542
bel,1965,0.681896865367889
bel,1966,0.689283788204193
bel,1967,0.708034694194794
bel,1968,0.732213020324707
bel,1969,0.757483065128326
bel,1970,0.794194877147675
bel,1971,0.80608206987381
bel,1972,0.840690791606903
bel,1973,0.875813364982605
bel,1974,0.892975866794586
bel,1975,0.87585723400116
bel,1976,0.906763434410095
bel,1977,0.904485523700714
bel,1978,0.914137721061707
bel,1979,0.916138887405396
bel,1980,0.944169938564301
bel,1981,0.94732141494751
bel,1982,0.953957676887512
bel,1983,0.951050579547882
bel,1984,0.95265805721283
bel,1985,0.950869381427765
bel,1986,0.959417045116425
bel,1987,0.96992415189743
bel,1988,0.990818798542023
bel,1989,1.00003743171692
bel,1990,0.997262120246887
bel,1991,1.0090708732605
bel,1992,1.01604998111725
bel,1993,1.01421797275543
bel,1994,1.03456926345825
bel,1995,1.02984273433685
bel,1996,1.0270174741745
bel,1997,1.04047381877899
bel,1998,1.0337780714035
bel,1999,1.04070711135864
bel,2000,1.03988838195801
bel,2001,1.02578663825989
bel,2002,1.02155303955078
bel,2003,1.01768970489502
bel,2004,1.03683698177338
bel,2005,1.03865361213684
bel,2006,1.03899335861206
bel,2007,1.05039525032043
bel,2008,1.03414726257324
bel,2009,1.0133513212204
bel,2010,1.02062141895294
bel,2011,1.01785659790039
bel,2012,1.010373711586
bel,2013,1.00736439228058
bel,2014,1.01438879966736
bel,2015,1.0154812335968
bel,2016,1.00793397426605
bel,2017,1.0015641450882
bel,2018,0.998752653598785
bel,2019,1.00136947631836
bel,2020,0.993591070175171
bel,2021,1.0
bel,2022,1.00572609901428
bel,2023,1.00189697742462
ben,1980,0.671195685863495
ben,1981,0.684849977493286
ben,1982,0.719289302825928
ben,1983,0.663750529289246
ben,1984,0.696293950080872
ben,1985,0.73416543006897
ben,1986,0.732509434223175
ben,1987,0.695537269115448
ben,1988,0.692956805229187
ben,1989,0.664228856563568
ben,1990,0.701991319656372
ben,1991,0.705420196056366
ben,1992,0.701796650886536
ben,1993,0.699490129947662
ben,1994,0.67317932844162
ben,1995,0.71242755651474
ben,1996,0.775665283203125
ben,1997,0.847217082977295
ben,1998,0.906433463096619
ben,1999,0.98523086309433
ben,2000,1.00063669681549
ben,2001,1.01743817329407
ben,2002,1.03205835819244
ben,2003,1.03131341934204
ben,2004,1.03747761249542
ben,2005,1.0221471786499
ben,2006,1.02788543701172
ben,2007,1.04676008224487
ben,2008,1.06211709976196
ben,2009,1.05985605716705
ben,2010,1.03580939769745
ben,2011,1.02008259296417
ben,2012,1.0259747505188
ben,2013,1.03571438789368
ben,2014,1.03946685791016
ben,2015,1.00200021266937
ben,2016,0.991382122039795
ben,2017,0.995367169380188
ben,2018,0.999161601066589
ben,2019,1.00038886070251
ben,2020,0.988274872303009
ben,2021,1.0
ben,2022,0.977467060089111
ben,2023,0.964366495609283
bfa,1963,0.975848019123077
bfa,1964,0.984991192817688
bfa,1965,0.947149217128754
bfa,1966,0.925748586654663
bfa,1967,0.996389806270599
bfa,1968,1.02475070953369
bfa,1969,1.01837837696075
bfa,1970,1.02294051647186
bfa,1971,0.937038481235504
bfa,1972,1.09929835796356
bfa,1973,0.99205082654953
bfa,1974,0.998791575431824
bfa,1975,0.988374412059784
bfa,1976,0.944486379623413
bfa,1977,0.977158486843109
bfa,1978,1.05261743068695
bfa,1979,0.979980170726776
bfa,1980,0.943472385406494
bfa,1981,0.930239915847778
bfa,1982,0.902944803237915
bfa,1983,0.851047992706299
bfa,1984,0.824756145477295
bfa,1985,0.875422656536102
bfa,1986,0.901695489883423
bfa,1987,0.853279709815979
bfa,1988,0.858255207538605
bfa,1989,0.831828057765961
bfa,1990,0.796220064163208
bfa,1991,0.830898761749268
bfa,1992,0.801154792308807
bfa,1993,0.794275999069214
bfa,1994,0.746792018413544
bfa,1995,0.757836043834686
bfa,1996,0.809600234031677
bfa,1997,0.822598278522492
bfa,1998,0.846366107463837
bfa,1999,0.877851784229279
bfa,2000,0.873875379562378
bfa,2001,0.916795194149017
bfa,2002,0.943532347679138
bfa,2003,1.00111508369446
bfa,2004,1.01609945297241
bfa,2005,1.06860220432282
bfa,2006,1.0952216386795
bfa,2007,1.07741844654083
bfa,2008,1.07747530937195
bfa,2009,1.05439829826355
bfa,2010,1.07949030399323
bfa,2011,1.09666907787323
bfa,2012,1.10498082637787
bfa,2013,1.09804177284241
bfa,2014,1.06850242614746
bfa,2015,1.0481504201889
bfa,2016,1.04192709922791
bfa,2017,1.03562486171722
bfa,2018,1.03368759155273
bfa,2019,1.00586020946503
bfa,2020,0.980266809463501
bfa,2021,1.0
bfa,2022,0.978806853294373
bfa,2023,0.951508522033691
bgr,1974,2.28980803489685
bgr,1975,2.29699087142944
bgr,1976,2.26802563667297
bgr,1977,2.24130845069885
bgr,1978,2.20540022850037
bgr,1979,2.21596646308899
bgr,1980,2.20170640945435
bgr,1981,2.18375563621521
bgr,1982,2.12726736068726
bgr,1983,2.0973973274231
bgr,1984,2.07976841926575
bgr,1985,2.05071091651917
bgr,1986,2.05722761154175
bgr,1987,2.08930921554565
bgr,1988,2.21122264862061
bgr,1989,2.06606340408325
bgr,1990,1.91816508769989
bgr,1991,1.87185716629028
bgr,1992,1.78746163845062
bgr,1993,1.73211944103241
bgr,1994,1.6604083776474
bgr,1995,1.60384678840637
bgr,1996,1.71485948562622
bgr,1997,1.42252683639526
bgr,1998,1.4181991815567
bgr,1999,1.22489678859711
bgr,2000,1.22439575195313
bgr,2001,1.2024861574173
bgr,2002,1.18124198913574
bgr,2003,1.15386986732483
bgr,2004,1.13020956516266
bgr,2005,1.12129282951355
bgr,2006,1.09436655044556
bgr,2007,1.05981850624084
bgr,2008,1.01411151885986
bgr,2009,0.969937026500702
bgr,2010,0.984969735145569
bgr,2011,0.99744039773941
bgr,2012,0.98635071516037
bgr,2013,0.95969295501709
bgr,2014,0.940525472164154
bgr,2015,0.9434455037117
bgr,2016,0.95942884683609
bgr,2017,0.947319328784943
bgr,2018,0.952609419822693
bgr,2019,0.956224679946899
bgr,2020,0.937368929386139
bgr,2021,1.0
bgr,2022,1.01087820529938
bgr,2023,1.03544390201569
bhr,1974,3.15538430213928
bhr,1975,2.74753189086914
bhr,1976,3.12560510635376
bhr,1977,3.10544919967651
bhr,1978,2.96250200271606
bhr,1979,2.75686383247376
bhr,1980,2.53522324562073
bhr,1981,2.19308423995972
bhr,1982,1.8879451751709
bhr,1983,1.8427197933197
bhr,1984,1.75106132030487
bhr,1985,1.41683924198151
bhr,1986,1.38851487636566
bhr,1987,1.37253606319428
bhr,1988,1.44065868854523
bhr,1989,1.40764796733856
bhr,1990,1.415243268013
bhr,1991,1.40789794921875
bhr,1992,1.44853007793427
bhr,1993,1.55268096923828
bhr,1994,1.45543205738068
bhr,1995,1.43968796730042
bhr,1996,1.44785928726196
bhr,1997,1.43546295166016
bhr,1998,1.46050012111664
bhr,1999,1.47923147678375
bhr,2000,1.5195506811142
bhr,2001,1.49992167949677
bhr,2002,1.46022748947144
bhr,2003,1.46169745922089
bhr,2004,1.47590267658234
bhr,2005,1.45844221115112
bhr,2006,1.43751561641693
bhr,2007,1.40486073493958
bhr,2008,1.33188819885254
bhr,2009,1.27059936523438
bhr,2010,1.26804113388062
bhr,2011,1.26066219806671
bhr,2012,1.24473941326141
bhr,2013,1.22510242462158
bhr,2014,1.19695568084717
bhr,2015,1.15588319301605
bhr,2016,1.11551249027252
bhr,2017,1.10178470611572
bhr,2018,1.06059741973877
bhr,2019,1.05257618427277
bhr,2020,0.988825976848602
bhr,2021,1.0
bhr,2022,0.995170056819916
bhr,2023,0.96611887216568
bol,1954,1.25493133068085
bol,1955,1.32166409492493
bol,1956,1.23095083236694
bol,1957,1.20868277549744
bol,1958,1.17926919460297
bol,1959,1.18317425251007
bol,1960,1.22191476821899
bol,1961,1.21514666080475
bol,1962,1.23632884025574
bol,1963,1.27324330806732
bol,1964,1.27948105335236
bol,1965,1.28388702869415
bol,1966,1.32143306732178
bol,1967,1.39997291564941
bol,1968,1.17973244190216
bol,1969,1.1964944601059
bol,1970,1.1655547618866
bol,1971,1.19372129440308
bol,1972,1.24311184883118
bol,1973,1.26255369186401
bol,1974,1.27751731872559
bol,1975,1.33606600761414
bol,1976,1.35309076309204
bol,1977,1.37700927257538
bol,1978,1.34141111373901
bol,1979,1.29681348800659
bol,1980,1.25565075874329
bol,1981,1.22581768035889
bol,1982,1.1794855594635
bol,1983,1.11874294281006
bol,1984,1.09039413928986
bol,1985,1.04704451560974
bol,1986,1.00923097133636
bol,1987,1.00842392444611
bol,1988,1.02709269523621
bol,1989,1.02345168590546
bol,1990,1.02531778812408
bol,1991,1.03026080131531
bol,1992,1.00650191307068
bol,1993,1.01046252250671
bol,1994,1.00637471675873
bol,1995,1.01579809188843
bol,1996,1.02078831195831
bol,1997,1.02538728713989
bol,1998,1.02089703083038
bol,1999,0.986467957496643
bol,2000,0.975588142871857
bol,2001,0.984632670879364
bol,2002,0.994201838970184
bol,2003,1.02132999897003
bol,2004,1.02003502845764
bol,2005,1.03982269763947
bol,2006,1.05855548381805
bol,2007,1.07057559490204
bol,2008,1.08756458759308
bol,2009,1.09161531925201
bol,2010,1.09821140766144
bol,2011,1.09583377838135
bol,2012,1.09407460689545
bol,2013,1.11478471755981
bol,2014,1.10101723670959
bol,2015,1.09903645515442
bol,2016,1.09205913543701
bol,2017,1.10450875759125
bol,2018,1.11464416980743
bol,2019,1.08589339256287
bol,2020,1.00900816917419
bol,2021,1.0
bol,2022,1.00246381759644
bol,2023,1.00146269798279
bra,1954,0.952063620090485
bra,1955,0.968268096446991
bra,1956,0.963096022605896
bra,1957,1.00433003902435
bra,1958,1.01697182655334
bra,1959,1.03277993202209
bra,1960,1.05768120288849
bra,1961,1.14931464195251
bra,1962,1.15444111824036
bra,1963,1.18293368816376
bra,1964,1.18473327159882
bra,1965,1.21372866630554
bra,1966,1.20465886592865
bra,1967,1.22331702709198
bra,1968,1.29643309116364
bra,1969,1.29270255565643
bra,1970,1.35050761699677
bra,1971,1.40582072734833
bra,1972,1.46889472007751
bra,1973,1.5080554485321
bra,1974,1.53628277778625
bra,1975,1.52281224727631
bra,1976,1.57840549945831
bra,1977,1.51627933979034
bra,1978,1.50173962116241
bra,1979,1.5610591173172
bra,1980,1.66019237041473
bra,1981,1.50330674648285
bra,1982,1.43036282062531
bra,1983,1.3537472486496
bra,1984,1.37761223316193
bra,1985,1.40815687179565
bra,1986,1.44353008270264
bra,1987,1.42747938632965
bra,1988,1.36918032169342
bra,1989,1.38412797451019
bra,1990,1.28442049026489
bra,1991,1.26557421684265
bra,1992,1.22577309608459
bra,1993,1.25510692596436
bra,1994,1.28627181053162
bra,1995,1.29068040847778
bra,1996,1.28493392467499
bra,1997,1.28410077095032
bra,1998,1.2561662197113
bra,1999,1.20888757705688
bra,2000,1.20935082435608
bra,2001,1.19310808181763
bra,2002,1.1849068403244
bra,2003,1.16794836521149
bra,2004,1.18073678016663
bra,2005,1.17700052261353
bra,2006,1.17689442634583
bra,2007,1.21182799339294
bra,2008,1.22258377075195
bra,2009,1.19080650806427
bra,2010,1.21533215045929
bra,2011,1.19660604000092
bra,2012,1.17986083030701
bra,2013,1.16381084918976
bra,2014,1.12862420082092
bra,2015,1.07513856887817
bra,2016,1.03783988952637
bra,2017,1.04225409030914
bra,2018,1.03375899791718
bra,2019,1.01136755943298
bra,2020,1.04424893856049
bra,2021,1.0
bra,2022,0.969752252101898
bra,2023,0.976752758026123
brb,1964,0.960633039474487
brb,1965,1.01099252700806
brb,1966,0.993185937404633
brb,1967,1.09797501564026
brb,1968,1.1296192407608
brb,1969,1.1839257478714
brb,1970,1.26464653015137
brb,1971,1.31513655185699
brb,1972,1.32523596286774
brb,1973,1.33741903305054
brb,1974,1.28259027004242
brb,1975,1.34612584114075
brb,1976,1.32572209835053
brb,1977,1.37749350070953
brb,1978,1.4303023815155
brb,1979,1.41407346725464
brb,1980,1.46224701404572
brb,1981,1.38510656356812
brb,1982,1.32326912879944
brb,1983,1.31158626079559
brb,1984,1.34999990463257
brb,1985,1.34683358669281
brb,1986,1.35932564735413
brb,1987,1.35006940364838
brb,1988,1.34144628047943
brb,1989,1.28705513477325
brb,1990,1.25185465812683
brb,1991,1.17566788196564
brb,1992,1.13737428188324
brb,1993,1.19407188892365
brb,1994,1.16030585765839
brb,1995,1.08819985389709
brb,1996,1.0805960893631
brb,1997,1.09384822845459
brb,1998,1.08005356788635
brb,1999,1.04342496395111
brb,2000,1.05139172077179
brb,2001,1.01032674312592
brb,2002,1.01994955539703
brb,2003,1.0298171043396
brb,2004,1.01481354236603
brb,2005,1.0334849357605
brb,2006,1.09366548061371
brb,2007,1.13423192501068
brb,2008,1.18994402885437
brb,2009,1.21689760684967
brb,2010,1.23602557182312
brb,2011,1.20777714252472
brb,2012,1.21487903594971
brb,2013,1.18177318572998
brb,2014,1.17988610267639
brb,2015,1.1312700510025
brb,2016,1.11364817619324
brb,2017,1.13923037052155
brb,2018,1.13344204425812
brb,2019,1.16478753089905
brb,2020,1.01956188678741
brb,2021,1.0
brb,2022,1.14511954784393
brb,2023,1.17618143558502
bwa,1964,1.07254183292389
bwa,1965,1.01946699619293
bwa,1966,1.0385195016861
bwa,1967,1.16793549060822
bwa,1968,1.20237171649933
bwa,1969,1.13619983196259
bwa,1970,1.11853098869324
bwa,1971,1.15734207630157
bwa,1972,1.1968058347702
bwa,1973,1.23107874393463
bwa,1974,1.22324562072754
bwa,1975,1.23984682559967
bwa,1976,1.3155210018158
bwa,1977,1.3968243598938
bwa,1978,1.49160981178284
bwa,1979,1.59359300136566
bwa,1980,1.64864075183868
bwa,1981,1.65347397327423
bwa,1982,1.63707590103149
bwa,1983,1.70639598369598
bwa,1984,1.80960035324097
bwa,1985,1.82911133766174
bwa,1986,1.83515226840973
bwa,1987,1.84989237785339
bwa,1988,1.89913105964661
bwa,1989,2.19346141815186
bwa,1990,2.07728242874146
bwa,1991,2.00259590148926
bwa,1992,1.91396105289459
bwa,1993,1.83340609073639
bwa,1994,1.79907834529877
bwa,1995,1.8169732093811
bwa,1996,1.81288135051727
bwa,1997,1.85357630252838
bwa,1998,1.71197855472565
bwa,1999,1.73271048069
bwa,2000,1.6487021446228
bwa,2001,1.56740248203278
bwa,2002,1.58368217945099
bwa,2003,1.58790695667267
bwa,2004,1.55649828910828
bwa,2005,1.5863094329834
bwa,2006,1.66031301021576
bwa,2007,1.63772857189178
bwa,2008,1.56524097919464
bwa,2009,1.25406241416931
bwa,2010,1.30396449565887
bwa,2011,1.25521874427795
bwa,2012,1.16439616680145
bwa,2013,1.22052395343781
bwa,2014,1.2252322435379
bwa,2015,1.09917688369751
bwa,2016,1.11031091213226
bwa,2017,1.09849989414215
bwa,2018,1.08331084251404
bwa,2019,1.05699181556702
bwa,2020,0.918251752853394
bwa,2021,1.0
bwa,2022,1.03679037094116
bwa,2023,1.00561928749084
caf,1980,1.13133108615875
caf,1981,1.15228652954102
caf,1982,1.19358146190643
caf,1983,1.11403512954712
caf,1984,1.19033074378967
caf,1985,1.20079410076141
caf,1986,1.22362446784973
caf,1987,1.14658939838409
caf,1988,1.16544818878174
caf,1989,1.18018412590027
caf,1990,1.14479613304138
caf,1991,1.13884902000427
caf,1992,1.10863626003265
caf,1993,1.09498953819275
caf,1994,1.12924027442932
caf,1995,1.1525753736496
caf,1996,1.07545208930969
caf,1997,1.14402639865875
caf,1998,1.19402682781219
caf,1999,1.23965680599213
caf,2000,1.24827790260315
caf,2001,1.24929428100586
caf,2002,1.23659300804138
caf,2003,1.15726327896118
caf,2004,1.19031751155853
caf,2005,1.20601403713226
caf,2006,1.24615240097046
caf,2007,1.2808473110199
caf,2008,1.30140054225922
caf,2009,1.33377838134766
caf,2010,1.37078535556793
caf,2011,1.41117715835571
caf,2012,1.47703540325165
caf,2013,0.958277642726898
caf,2014,0.950447499752045
caf,2015,0.97962749004364
caf,2016,1.00455093383789
caf,2017,1.01727199554443
caf,2018,1.02247262001038
caf,2019,1.03339087963104
caf,2020,1.01186203956604
caf,2021,1.0
caf,2022,0.989105999469757
caf,2023,0.982999622821808
can,1954,0.670176386833191
can,1955,0.718259036540985
can,1956,0.747258186340332
can,1957,0.750009000301361
can,1958,0.7722088098526
can,1959,0.782625019550324
can,1960,0.800473988056183
can,1961,0.815060436725617
can,1962,0.840187430381775
can,1963,0.857286036014557
can,1964,0.876031696796417
can,1965,0.888648688793182
can,1966,0.910050928592682
can,1967,0.906240344047546
can,1968,0.943577587604523
can,1969,0.958457350730896
can,1970,0.975152850151062
can,1971,0.982337236404419
can,1972,0.996487200260162
can,1973,1.00496065616608
can,1974,0.985210716724396
can,1975,0.977979719638825
can,1976,1.0089818239212
can,1977,1.01969170570374
can,1978,1.01481401920319
can,1979,0.996707141399384
can,1980,0.979159235954285
can,1981,0.9754758477211
can,1982,0.96053558588028
can,1983,0.968012690544128
can,1984,0.988199591636658
can,1985,0.992042243480682
can,1986,0.976763248443604
can,1987,0.975966572761536
can,1988,0.976058006286621
can,1989,0.968039929866791
can,1990,0.952999651432037
can,1991,0.940819501876831
can,1992,0.946056246757507
can,1993,0.955627501010895
can,1994,0.968688488006592
can,1995,0.971674859523773
can,1996,0.961319446563721
can,1997,0.96885097026825
can,1998,0.973100066184998
can,1999,0.986181378364563
can,2000,1.00530660152435
can,2001,1.00717604160309
can,2002,1.01476728916168
can,2003,1.00789761543274
can,2004,1.00824904441834
can,2005,1.01540660858154
can,2006,1.01398301124573
can,2007,1.0032993555069
can,2008,0.988963186740875
can,2009,0.971051096916199
can,2010,0.973248600959778
can,2011,0.982724726200104
can,2012,0.976195514202118
can,2013,0.981455147266388
can,2014,0.997773766517639
can,2015,0.987293541431427
can,2016,0.986912786960602
can,2017,0.997301816940308
can,2018,0.999647378921509
can,2019,1.00013959407806
can,2020,1.02430558204651
can,2021,1.0
can,2022,1.00102639198303
can,2023,0.982741117477417
che,1954,0.728282988071442
che,1955,0.758265852928162
che,1956,0.781585276126862
che,1957,0.788614869117737
che,1958,0.770643591880798
che,1959,0.810496687889099
che,1960,0.838420927524567
che,1961,0.856803119182587
che,1962,0.852977871894836
che,1963,0.863703846931458
che,1964,0.877453804016113
che,1965,0.890436351299286
che,1966,0.896968185901642
che,1967,0.903301656246185
che,1968,0.914943695068359
che,1969,0.938287675380707
che,1970,0.964812457561493
che,1971,0.976113498210907
che,1972,0.984067499637604
che,1973,0.9943727850914
che,1974,0.999549925327301
che,1975,0.946499764919281
che,1976,0.942972600460053
che,1977,0.965661942958832
che,1978,0.959901213645935
che,1979,0.970435559749603
che,1980,0.990587949752808
che,1981,0.984272837638855
che,1982,0.960853695869446
che,1983,0.959898114204407
che,1984,0.97670966386795
che,1985,0.98797333240509
che,1986,0.978949725627899
che,1987,0.963750243186951
che,1988,0.962054908275604
che,1989,0.975001752376556
che,1990,0.976402580738068
che,1991,0.923223733901978
che,1992,0.919645011425018
che,1993,0.918733060359955
che,1994,0.920109987258911
che,1995,0.923241853713989
che,1996,0.928009629249573
che,1997,0.941680312156677
che,1998,0.943330705165863
che,1999,0.929841279983521
che,2000,0.947008073329926
che,2001,0.951619505882263
che,2002,0.942570447921753
che,2003,0.929595649242401
che,2004,0.930697023868561
che,2005,0.940775811672211
che,2006,0.95516437292099
che,2007,0.964894652366638
che,2008,0.965215086936951
che,2009,0.933072566986084
che,2010,0.96581095457077
che,2011,0.957312941551209
che,2012,0.954273760318756
che,2013,0.964377164840698
che,2014,0.969626247882843
che,2015,0.961967527866364
che,2016,0.962637484073639
che,2017,0.966078341007233
che,2018,0.979909002780914
che,2019,0.977952718734741
che,2020,0.974069237709045
che,2021,1.0
che,2022,1.00999534130096
che,2023,1.00189411640167
chl,1955,0.939993560314179
chl,1956,0.928662061691284
chl,1957,0.973747432231903
chl,1958,0.998965740203857
chl,1959,0.975000441074371
chl,1960,1.0480580329895
chl,1961,1.0634183883667
chl,1962,1.0851948261261
chl,1963,1.11852037906647
chl,1964,1.10037362575531
chl,1965,1.06670427322388
chl,1966,1.11631453037262
chl,1967,1.13653671741486
chl,1968,1.10142004489899
chl,1969,1.083136677742
chl,1970,1.08381462097168
chl,1971,1.09303152561188
chl,1972,1.02760684490204
chl,1973,0.946329534053803
chl,1974,0.947197079658508
chl,1975,0.808814227581024
chl,1976,0.81123274564743
chl,1977,0.856418251991272
chl,1978,0.893993318080902
chl,1979,0.927039980888367
chl,1980,0.941825687885284
chl,1981,0.945495963096619
chl,1982,0.836577415466309
chl,1983,0.78148877620697
chl,1984,0.79983389377594
chl,1985,0.787246882915497
chl,1986,0.80251145362854
chl,1987,0.832439780235291
chl,1988,0.863067448139191
chl,1989,0.906276643276215
chl,1990,0.897164762020111
chl,1991,0.932247579097748
chl,1992,0.990341663360596
chl,1993,1.01717042922974
chl,1994,1.03475403785706
chl,1995,1.07660448551178
chl,1996,1.09122240543365
chl,1997,1.11760067939758
chl,1998,1.09577584266663
chl,1999,1.06977987289429
chl,2000,1.07545137405396
chl,2001,1.07395660877228
chl,2002,1.0639420747757
chl,2003,1.06942570209503
chl,2004,1.09067583084106
chl,2005,1.10056138038635
chl,2006,1.09664452075958
chl,2007,1.09316873550415
chl,2008,1.07661354541779
chl,2009,1.02858829498291
chl,2010,1.03552210330963
chl,2011,1.03923416137695
chl,2012,1.04053974151611
chl,2013,1.02323889732361
chl,2014,1.0088175535202
chl,2015,0.992441356182098
chl,2016,0.982088506221771
chl,2017,0.971944212913513
chl,2018,0.984026730060577
chl,2019,0.962496101856232
chl,2020,0.963732302188873
chl,2021,1.0
chl,2022,0.955251455307007
chl,2023,0.928955614566803
chn,1956,0.294006258249283
chn,1957,0.290752083063126
chn,1958,0.293322771787643
chn,1959,0.273499965667725
chn,1960,0.277719229459763
chn,1961,0.227520599961281
chn,1962,0.228367298841476
chn,1963,0.237868174910545
chn,1964,0.259119361639023
chn,1965,0.278407365083694
chn,1966,0.283671081066132
chn,1967,0.260998874902725
chn,1968,0.242160826921463
chn,1969,0.252317994832993
chn,1970,0.26300448179245
chn,1971,0.262680619955063
chn,1972,0.257278680801392
chn,1973,0.262761354446411
chn,1974,0.252865701913834
chn,1975,0.257568806409836
chn,1976,0.239671394228935
chn,1977,0.244488045573235
chn,1978,0.256675392389298
chn,1979,0.259236365556717
chn,1980,0.2618827521801
chn,1981,0.258877873420715
chn,1982,0.263341069221497
chn,1983,0.275528579950333
chn,1984,0.298217862844467
chn,1985,0.316784679889679
chn,1986,0.32512241601944
chn,1987,0.343120783567429
chn,1988,0.358325958251953
chn,1989,0.354404300451279
chn,1990,0.351904600858688
chn,1991,0.366076469421387
chn,1992,0.396037817001343
chn,1993,0.421518981456757
chn,1994,0.446154117584229
chn,1995,0.465725660324097
chn,1996,0.480325520038605
chn,1997,0.49288147687912
chn,1998,0.496619939804077
chn,1999,0.501859724521637
chn,2000,0.512455761432648
chn,2001,0.524456977844238
chn,2002,0.540571391582489
chn,2003,0.559177219867706
chn,2004,0.580050408840179
chn,2005,0.592121064662933
chn,2006,0.633922159671783
chn,2007,0.700974345207214
chn,2008,0.73548686504364
chn,2009,0.753161013126373
chn,2010,0.75952422618866
chn,2011,0.788435995578766
chn,2012,0.800227165222168
chn,2013,0.811296701431274
chn,2014,0.82921838760376
chn,2015,0.851113080978394
chn,2016,0.872795343399048
chn,2017,0.898876547813416
chn,2018,0.924569427967072
chn,2019,0.9467533826828
chn,2020,0.959374368190765
chn,2021,1.0
chn,2022,0.995394468307495
chn,2023,1.01372635364532
civ,1964,1.41860806941986
civ,1965,1.27760982513428
civ,1966,1.32324469089508
civ,1967,1.30353546142578
civ,1968,1.41374695301056
civ,1969,1.42470443248749
civ,1970,1.47833132743835
civ,1971,1.52629506587982
civ,1972,1.50175356864929
civ,1973,1.48950254917145
civ,1974,1.48264217376709
civ,1975,1.53187656402588
civ,1976,1.61587429046631
civ,1977,1.57258260250092
civ,1978,1.5987765789032
civ,1979,1.5319094657898
civ,1980,1.30479288101196
civ,1981,1.28712773323059
civ,1982,1.23754751682282
civ,1983,1.13814961910248
civ,1984,1.06759142875671
civ,1985,1.07933843135834
civ,1986,1.08758866786957
civ,1987,1.04930138587952
civ,1988,1.02691781520844
civ,1989,1.11078464984894
civ,1990,1.07443475723267
civ,1991,1.03416836261749
civ,1992,0.997322976589203
civ,1993,0.950510501861572
civ,1994,0.932722628116608
civ,1995,0.953827619552612
civ,1996,0.970652580261231
civ,1997,0.977651417255402
civ,1998,0.980334222316742
civ,1999,0.962092101573944
civ,2000,0.925146460533142
civ,2001,0.921313881874085
civ,2002,0.894789278507233
civ,2003,0.876594960689545
civ,2004,0.875306487083435
civ,2005,0.879763066768646
civ,2006,0.878563582897186
civ,2007,0.873192012310028
civ,2008,0.870174705982208
civ,2009,0.871977686882019
civ,2010,0.901411533355713
civ,2011,0.89205926656723
civ,2012,0.988145887851715
civ,2013,1.0455459356308
civ,2014,1.09424388408661
civ,2015,1.13587868213654
civ,2016,1.10730087757111
civ,2017,1.10481989383698
civ,2018,1.07730400562286
civ,2019,1.07079899311066
civ,2020,1.014972448349
civ,2021,1.0
civ,2022,0.977072894573212
civ,2023,0.965115547180176
cmr,1964,1.35665023326874
cmr,1965,1.34551000595093
cmr,1966,1.33561611175537
cmr,1967,1.14745485782623
cmr,1968,1.18492531776428
cmr,1969,1.18881487846375
cmr,1970,1.20748615264893
cmr,1971,1.19997370243073
cmr,1972,1.20001614093781
cmr,1973,1.2154346704483
cmr,1974,1.21907532215118
cmr,1975,1.23146486282349
cmr,1976,1.11963891983032
cmr,1977,1.19702386856079
cmr,1978,1.34865736961365
cmr,1979,1.34626805782318
cmr,1980,1.41951870918274
cmr,1981,1.42919409275055
cmr,1982,1.44518136978149
cmr,1983,1.45931148529053
cmr,1984,1.46600043773651
cmr,1985,1.40839266777039
cmr,1986,1.27085041999817
cmr,1987,1.15536081790924
cmr,1988,1.07297778129578
cmr,1989,1.05196523666382
cmr,1990,1.00973343849182
cmr,1991,0.981778562068939
cmr,1992,0.973036766052246
cmr,1993,0.945691168308258
cmr,1994,0.921334624290466
cmr,1995,0.906488180160523
cmr,1996,0.903987228870392
cmr,1997,0.89762407541275
cmr,1998,0.893656849861145
cmr,1999,0.89403772354126
cmr,2000,0.883931934833527
cmr,2001,0.887412905693054
cmr,2002,0.892433047294617
cmr,2003,0.908527374267578
cmr,2004,0.92957603931427
cmr,2005,0.912561357021332
cmr,2006,0.912036538124085
cmr,2007,0.904777109622955
cmr,2008,0.899977564811707
cmr,2009,0.901219964027405
cmr,2010,0.90462452173233
cmr,2011,0.896948039531708
cmr,2012,0.899363040924072
cmr,2013,0.903530299663544
cmr,2014,0.907781302928925
cmr,2015,0.946855425834656
cmr,2016,0.971173703670502
cmr,2017,0.989373922348023
cmr,2018,1.01050543785095
cmr,2019,1.01476156711578
cmr,2020,1.00687110424042
cmr,2021,1.0
cmr,2022,0.977465510368347
cmr,2023,0.965172290802002
col,1954,0.986784994602203
col,1955,0.975387692451477
col,1956,0.95363986492157
col,1957,0.922652661800385
col,1958,0.905778110027313
col,1959,0.939848840236664
col,1960,0.9567711353302
col,1961,0.970971941947937
col,1962,0.983672261238098
col,1963,0.982141494750977
col,1964,1.02108728885651
col,1965,0.997207462787628
col,1966,1.00980317592621
col,1967,1.0100017786026
col,1968,1.02793538570404
col,1969,1.04826128482819
col,1970,1.06384611129761
col,1971,1.07184445858002
col,1972,1.10292601585388
col,1973,1.1258020401001
col,1974,1.13580071926117
col,1975,1.10354673862457
col,1976,1.10529041290283
col,1977,1.09946990013123
col,1978,1.1439460515976
col,1979,1.154505610466
col,1980,1.15224993228912
col,1981,1.11741518974304
col,1982,1.08733069896698
col,1983,1.07672953605652
col,1984,1.0839741230011
col,1985,1.08384168148041
col,1986,1.10432171821594
col,1987,1.11098372936249
col,1988,1.10730791091919
col,1989,1.0967276096344
col,1990,1.10994446277618
col,1991,1.08397698402405
col,1992,1.098837018013
col,1993,1.08255255222321
col,1994,1.07127559185028
col,1995,1.06746053695679
col,1996,1.05135047435761
col,1997,1.0489387512207
col,1998,1.03129720687866
col,1999,0.987275063991547
col,2000,0.979115307331085
col,2001,0.982415735721588
col,2002,0.9640012383461
col,2003,0.969526171684265
col,2004,0.986296474933624
col,2005,0.986049354076386
col,2006,0.995081961154938
col,2007,0.991531789302826
col,2008,0.978699862957001
col,2009,0.965880930423737
col,2010,0.970189154148102
col,2011,0.990511417388916
col,2012,0.990017950534821
col,2013,1.00279486179352
col,2014,1.01468193531036
col,2015,0.99882847070694
col,2016,0.993033587932587
col,2017,0.983790576457977
col,2018,0.982084095478058
col,2019,0.990295648574829
col,2020,1.0182021856308
col,2021,1.0
col,2022,1.00089430809021
col,2023,0.983163952827454
cri,1954,0.90510106086731
cri,1955,0.962853848934174
cri,1956,0.916419088840485
cri,1957,0.94332617521286
cri,1958,1.02860486507416
cri,1959,1.00705420970917
cri,1960,1.05405879020691
cri,1961,1.00795805454254
cri,1962,1.02643382549286
cri,1963,1.04694831371307
cri,1964,1.05321264266968
cri,1965,1.10580611228943
cri,1966,1.11697912216187
cri,1967,1.13624060153961
cri,1968,1.18560671806335
cri,1969,1.19621682167053
cri,1970,1.23686861991882
cri,1971,1.23292219638824
cri,1972,1.24387335777283
cri,1973,1.25252306461334
cri,1974,1.24757850170136
cri,1975,1.20159077644348
cri,1976,1.18322610855103
cri,1977,1.19292569160461
cri,1978,1.1794821023941
cri,1979,1.15370631217957
cri,1980,1.10886228084564
cri,1981,1.06232404708862
cri,1982,0.971411526203156
cri,1983,0.961898744106293
cri,1984,0.981368124485016
cri,1985,0.944540560245514
cri,1986,0.957186698913574
cri,1987,0.946422696113586
cri,1988,0.94123762845993
cri,1989,0.939143896102905
cri,1990,0.916471123695374
cri,1991,0.926473617553711
cri,1992,0.933209836483002
cri,1993,0.947093307971954
cri,1994,0.933754682540894
cri,1995,0.934006989002228
cri,1996,0.899356186389923
cri,1997,0.899154126644135
cri,1998,0.90127444267273
cri,1999,0.88614022731781
cri,2000,0.875980973243713
cri,2001,0.876690983772278
cri,2002,0.860611438751221
cri,2003,0.860459566116333
cri,2004,0.8544682264328
cri,2005,0.851402759552002
cri,2006,0.871935606002808
cri,2007,0.888255536556244
cri,2008,0.888636887073517
cri,2009,0.875519692897797
cri,2010,0.911869406700134
cri,2011,0.907329916954041
cri,2012,0.940264642238617
cri,2013,0.943430006504059
cri,2014,0.947829246520996
cri,2015,0.942841529846191
cri,2016,0.932762801647186
cri,2017,0.943022668361664
cri,2018,0.958362221717835
cri,2019,0.964836001396179
cri,2020,1.00614309310913
cri,2021,1.0
cri,2022,0.983364820480347
cri,2023,1.03082025051117
cyp,1954,0.384743392467499
cyp,1955,0.378221720457077
cyp,1956,0.422210365533829
cyp,1957,0.447868198156357
cyp,1958,0.411861062049866
cyp,1959,0.423322737216949
cyp,1960,0.373758286237717
cyp,1961,0.400643289089203
cyp,1962,0.422668606042862
cyp,1963,0.43132945895195
cyp,1964,0.383248805999756
cyp,1965,0.445562809705734
cyp,1966,0.461377918720245
cyp,1967,0.507441222667694
cyp,1968,0.519894778728485
cyp,1969,0.546834766864777
cyp,1970,0.547424018383026
cyp,1971,0.597416341304779
cyp,1972,0.6151003241539
cyp,1973,0.612036228179932
cyp,1974,0.575506925582886
cyp,1975,0.482529580593109
cyp,1976,0.572342455387116
cyp,1977,0.612155377864838
cyp,1978,0.622911393642426
cyp,1979,0.643819510936737
cyp,1980,0.644041359424591
cyp,1981,0.63843309879303
cyp,1982,0.653403460979462
cyp,1983,0.661080837249756
cyp,1984,0.674787998199463
cyp,1985,0.674590408802033
cyp,1986,0.688219428062439
cyp,1987,0.712825059890747
cyp,1988,0.732559740543366
cyp,1989,0.744536995887756
cyp,1990,0.772860884666443
cyp,1991,0.762076914310455
cyp,1992,0.791969358921051
cyp,1993,0.779154658317566
cyp,1994,0.800948679447174
cyp,1995,0.84868335723877
cyp,1996,0.846491098403931
cyp,1997,0.849906802177429
cyp,1998,0.885850131511688
cyp,1999,0.9046271443367
cyp,2000,0.933693706989288
cyp,2001,0.941403269767761
cyp,2002,0.956189930438995
cyp,2003,0.951628506183624
cyp,2004,0.973478555679321
cyp,2005,0.993849158287048
cyp,2006,1.00955772399902
cyp,2007,1.00185394287109
cyp,2008,0.98838084936142
cyp,2009,0.95627635717392
cyp,2010,0.957937598228455
cyp,2011,0.947198927402496
cyp,2012,0.928432524204254
cyp,2013,0.903678297996521
cyp,2014,0.893243193626404
cyp,2015,0.907967567443848
cyp,2016,0.923307418823242
cyp,2017,0.932583868503571
cyp,2018,0.951223969459534
cyp,2019,0.970645487308502
cyp,2020,0.952914655208588
cyp,2021,1.0
cyp,2022,1.0283739566803
cyp,2023,1.02761745452881
cze,1994,0.786112248897553
cze,1995,0.803231775760651
cze,1996,0.801437795162201
cze,1997,0.773083448410034
cze,1998,0.753609359264374
cze,1999,0.750440955162048
cze,2000,0.763404130935669
cze,2001,0.786402881145477
cze,2002,0.784886479377747
cze,2003,0.806116282939911
cze,2004,0.82997739315033
cze,2005,0.864531517028809
cze,2006,0.905470669269562
cze,2007,0.931848287582398
cze,2008,0.928857684135437
cze,2009,0.888323247432709
cze,2010,0.904031693935394
cze,2011,0.90850841999054
cze,2012,0.900524437427521
cze,2013,0.895004570484161
cze,2014,0.903590977191925
cze,2015,0.937667191028595
cze,2016,0.941122233867645
cze,2017,0.973580956459045
cze,2018,0.982224941253662
cze,2019,1.00642061233521
cze,2020,0.99091100692749
cze,2021,1.0
cze,2022,0.997733592987061
cze,2023,0.98177295923233
deu,1954,0.396486192941666
deu,1955,0.421040296554565
deu,1956,0.438109308481216
deu,1957,0.450785100460053
deu,1958,0.461497694253922
deu,1959,0.485706031322479
deu,1960,0.511961162090302
deu,1961,0.520982146263123
deu,1962,0.534330129623413
deu,1963,0.53851318359375
deu,1964,0.551878809928894
deu,1965,0.567749083042145
deu,1966,0.571450650691986
deu,1967,0.57488626241684
deu,1968,0.593356192111969
deu,1969,0.619902729988098
deu,1970,0.631742417812347
deu,1971,0.641870737075806
deu,1972,0.657102525234222
deu,1973,0.676340281963348
deu,1974,0.68159693479538
deu,1975,0.683682441711426
deu,1976,0.702420294284821
deu,1977,0.716578781604767
deu,1978,0.72435873746872
deu,1979,0.734718680381775
deu,1980,0.72928249835968
deu,1981,0.726313471794128
deu,1982,0.719833135604858
deu,1983,0.727656543254852
deu,1984,0.738656938076019
deu,1985,0.747399210929871
deu,1986,0.753286182880402
deu,1987,0.755520224571228
deu,1988,0.769476294517517
deu,1989,0.788558304309845
deu,1990,0.8239426612854
deu,1991,0.874489843845367
deu,1992,0.882075011730194
deu,1993,0.881919980049133
deu,1994,0.896690905094147
deu,1995,0.899680972099304
deu,1996,0.90356320142746
deu,1997,0.913116931915283
deu,1998,0.915883600711823
deu,1999,0.919688522815704
deu,2000,0.929557919502258
deu,2001,0.938741385936737
deu,2002,0.935485482215881
deu,2003,0.932899415493012
deu,2004,0.935700237751007
deu,2005,0.941683232784271
deu,2006,0.957486212253571
deu,2007,0.966721653938294
deu,2008,0.960982143878937
deu,2009,0.918505787849426
deu,2010,0.939475774765015
deu,2011,0.960520267486572
deu,2012,0.962337851524353
deu,2013,0.962228775024414
deu,2014,0.970327973365784
deu,2015,0.974166393280029
deu,2016,0.984555721282959
deu,2017,0.998752593994141
deu,2018,0.997346341609955
deu,2019,0.998371243476868
deu,2020,0.985335111618042
deu,2021,1.0
deu,2022,1.00167214870453
deu,2023,0.994192361831665
dnk,1954,0.562359273433685
dnk,1955,0.576347827911377
dnk,1956,0.582888185977936
dnk,1957,0.59478759765625
dnk,1958,0.600793898105621
dnk,1959,0.627388060092926
dnk,1960,0.641795575618744
dnk,1961,0.658308506011963
dnk,1962,0.670900285243988
dnk,1963,0.657909691333771
dnk,1964,0.682003736495972
dnk,1965,0.679015696048737
dnk,1966,0.675187408924103
dnk,1967,0.702960252761841
dnk,1968,0.731159508228302
dnk,1969,0.758167326450348
dnk,1970,0.750450611114502
dnk,1971,0.76654988527298
dnk,1972,0.782471239566803
dnk,1973,0.804864525794983
dnk,1974,0.789225399494171
dnk,1975,0.794536530971527
dnk,1976,0.813365697860718
dnk,1977,0.822838246822357
dnk,1978,0.829627215862274
dnk,1979,0.845454633235931
dnk,1980,0.824670255184174
dnk,1981,0.830099940299988
dnk,1982,0.847581744194031
dnk,1983,0.860880136489868
dnk,1984,0.878167152404785
dnk,1985,0.890418410301209
dnk,1986,0.898475289344788
dnk,1987,0.897069275379181
dnk,1988,0.898647427558899
dnk,1989,0.899418652057648
dnk,1990,0.909574210643768
dnk,1991,0.916858792304993
dnk,1992,0.922458946704865
dnk,1993,0.922156453132629
dnk,1994,0.964436590671539
dnk,1995,0.969146072864533
dnk,1996,0.978133022785187
dnk,1997,0.974185764789581
dnk,1998,0.96241706609726
dnk,1999,0.960969746112824
dnk,2000,0.970922112464905
dnk,2001,0.958499670028687
dnk,2002,0.952655255794525
dnk,2003,0.953496694564819
dnk,2004,0.971464991569519
dnk,2005,0.976230800151825
dnk,2006,0.981014788150787
dnk,2007,0.97138375043869
dnk,2008,0.948509871959686
dnk,2009,0.918812811374664
dnk,2010,0.939837872982025
dnk,2011,0.941031396389008
dnk,2012,0.94389021396637
dnk,2013,0.94816380739212
dnk,2014,0.952769219875336
dnk,2015,0.957802176475525
dnk,2016,0.964322865009308
dnk,2017,0.976810395717621
dnk,2018,0.983878970146179
dnk,2019,0.985956192016602
dnk,2020,0.9782674908638
dnk,2021,1.0
dnk,2022,0.980614542961121
dnk,2023,0.988400816917419
dom,1955,0.922022223472595
dom,1956,0.980393052101135
dom,1957,1.00113832950592
dom,1958,1.02076005935669
dom,1959,1.0564923286438
dom,1960,1.16086661815643
dom,1961,1.1119612455368
dom,1962,1.25765240192413
dom,1963,1.28017175197601
dom,1964,1.29126667976379
dom,1965,1.11025714874268
dom,1966,1.17501890659332
dom,1967,1.15704703330994
dom,1968,1.10754716396332
dom,1969,1.15337157249451
dom,1970,1.29791212081909
dom,1971,1.35393905639648
dom,1972,1.39316284656525
dom,1973,1.46408867835999
dom,1974,1.46050345897675
dom,1975,1.44787502288818
dom,1976,1.4553747177124
dom,1977,1.43700432777405
dom,1978,1.38321101665497
dom,1979,1.35963654518127
dom,1980,1.39090347290039
dom,1981,1.37926971912384
dom,1982,1.35293114185333
dom,1983,1.34708428382874
dom,1984,1.29065549373627
dom,1985,1.21385169029236
dom,1986,1.21727156639099
dom,1987,1.27462482452393
dom,1988,1.23577129840851
dom,1989,1.22568881511688
dom,1990,0.86039811372757
dom,1991,0.818895697593689
dom,1992,0.8585284948349
dom,1993,0.880750954151154
dom,1994,0.878027617931366
dom,1995,0.902802884578705
dom,1996,0.946187734603882
dom,1997,0.952357053756714
dom,1998,0.904363393783569
dom,1999,0.906836092472076
dom,2000,0.92522919178009
dom,2001,0.92070209980011
dom,2002,0.933913469314575
dom,2003,0.913112461566925
dom,2004,0.89037561416626
dom,2005,0.936318576335907
dom,2006,0.984463512897492
dom,2007,1.0095990896225
dom,2008,0.980571806430817
dom,2009,0.957600712776184
dom,2010,0.986403226852417
dom,2011,0.96940678358078
dom,2012,0.95631617307663
dom,2013,0.964486718177795
dom,2014,0.971338152885437
dom,2015,0.990652501583099
dom,2016,1.0033323764801
dom,2017,1.00134456157684
dom,2018,1.01515352725983
dom,2019,1.01829469203949
dom,2020,1.00005483627319
dom,2021,1.0
dom,2022,0.991975545883179
dom,2023,0.960917115211487
ecu,1954,0.729880750179291
ecu,1955,0.723398804664612
ecu,1956,0.714535474777222
ecu,1957,0.714190602302551
ecu,1958,0.711307525634766
ecu,1959,0.710612654685974
ecu,1960,0.721234321594238
ecu,1961,0.729832112789154
ecu,1962,0.734523296356201
ecu,1963,0.725131332874298
ecu,1964,0.748505711555481
ecu,1965,0.742598295211792
ecu,1966,0.731964945793152
ecu,1967,0.75321638584137
ecu,1968,0.751393556594849
ecu,1969,0.74137270450592
ecu,1970,0.769201755523682
ecu,1971,0.75916314125061
ecu,1972,0.787422001361847
ecu,1973,0.810008347034454
ecu,1974,0.871425330638886
ecu,1975,0.926754117012024
ecu,1976,0.928576290607452
ecu,1977,0.891776919364929
ecu,1978,0.879787981510162
ecu,1979,0.868723213672638
ecu,1980,0.854982972145081
ecu,1981,0.896938621997833
ecu,1982,0.87495356798172
ecu,1983,0.848209977149963
ecu,1984,0.838653206825256
ecu,1985,0.844567835330963
ecu,1986,0.844756364822388
ecu,1987,0.836802005767822
ecu,1988,0.833550930023193
ecu,1989,0.81880259513855
ecu,1990,0.838849604129791
ecu,1991,0.845958471298218
ecu,1992,0.83700042963028
ecu,1993,0.827699720859528
ecu,1994,0.826159954071045
ecu,1995,0.817151486873627
ecu,1996,0.831344664096832
ecu,1997,0.828471660614014
ecu,1998,0.832004547119141
ecu,1999,0.847256004810333
ecu,2000,0.853076040744782
ecu,2001,0.858672678470612
ecu,2002,0.875115096569061
ecu,2003,0.874175608158112
ecu,2004,0.899353981018066
ecu,2005,0.914173364639282
ecu,2006,0.932816088199616
ecu,2007,0.92847615480423
ecu,2008,0.950109779834747
ecu,2009,0.940299391746521
ecu,2010,0.944312512874603
ecu,2011,0.989646673202515
ecu,2012,1.01732277870178
ecu,2013,1.0453028678894
ecu,2014,1.05432486534119
ecu,2015,1.03434669971466
ecu,2016,1.02942633628845
ecu,2017,1.05957639217377
ecu,2018,1.04063904285431
ecu,2019,1.03155267238617
ecu,2020,1.01997721195221
ecu,2021,1.0
ecu,2022,1.03527235984802
ecu,2023,1.03884899616241
egy,1954,0.963867783546448
egy,1955,0.927789747714996
egy,1956,0.926797986030579
egy,1957,0.952442407608032
egy,1958,1.02326488494873
egy,1959,1.02482497692108
egy,1960,1.07340788841248
egy,1961,1.11073470115662
egy,1962,1.079993724823
egy,1963,1.05527591705322
egy,1964,1.17346441745758
egy,1965,1.15775012969971
egy,1966,1.09677231311798
egy,1967,1.07805287837982
egy,1968,1.10888814926147
egy,1969,1.15400564670563
egy,1970,1.32121157646179
egy,1971,1.33290445804596
egy,1972,1.35527956485748
egy,1973,1.29555022716522
egy,1974,1.25199782848358
egy,1975,1.21965968608856
egy,1976,1.23724615573883
egy,1977,1.21898210048676
egy,1978,1.19954288005829
egy,1979,1.20003962516785
egy,1980,1.19410753250122
egy,1981,1.11861550807953
egy,1982,1.12139213085175
egy,1983,1.07925593852997
egy,1984,1.07747757434845
egy,1985,1.0544410943985
egy,1986,1.03874409198761
egy,1987,0.994803905487061
egy,1988,0.977058112621307
egy,1989,0.966915488243103
egy,1990,0.973601937294006
egy,1991,0.951938211917877
egy,1992,0.971163153648377
egy,1993,0.973760664463043
egy,1994,0.974272727966309
egy,1995,0.972783744335175
egy,1996,0.98629242181778
egy,1997,0.984760642051697
egy,1998,0.963500261306763
egy,1999,0.964302122592926
egy,2000,0.975923657417297
egy,2001,0.973533153533936
egy,2002,0.9715536236763
egy,2003,0.973345696926117
egy,2004,0.97903048992157
egy,2005,0.978793799877167
egy,2006,0.995691299438477
egy,2007,0.990700781345367
egy,2008,0.990337193012238
egy,2009,0.978626370429993
egy,2010,0.968559622764587
egy,2011,0.969409644603729
egy,2012,0.958688974380493
egy,2013,0.954231977462769
egy,2014,0.955856502056122
egy,2015,0.962003350257874
egy,2016,0.989756941795349
egy,2017,0.97564697265625
egy,2018,0.97261393070221
egy,2019,0.973582863807678
egy,2020,1.01972532272339
egy,2021,1.0
egy,2022,0.99247670173645
egy,2023,0.997451484203339
esp,1954,0.504120349884033
esp,1955,0.5216184258461
esp,1956,0.543878316879273
esp,1957,0.549452185630798
esp,1958,0.553078293800354
esp,1959,0.535287201404572
esp,1960,0.591683268547058
esp,1961,0.646202743053436
esp,1962,0.691523432731628
esp,1963,0.735181868076325
esp,1964,0.759016931056976
esp,1965,0.782897412776947
esp,1966,0.807300269603729
esp,1967,0.808931708335877
esp,1968,0.841924607753754
esp,1969,0.888479351997376
esp,1970,0.888184309005737
esp,1971,0.900923311710358
esp,1972,0.938944637775421
esp,1973,0.96657407283783
esp,1974,0.980949580669403
esp,1975,0.967639207839966
esp,1976,0.981978237628937
esp,1977,0.996035158634186
esp,1978,1.01958501338959
esp,1979,1.03347301483154
esp,1980,1.05888533592224
esp,1981,1.06887948513031
esp,1982,1.07811295986176
esp,1983,1.09381067752838
esp,1984,1.12991952896118
esp,1985,1.14792442321777
esp,1986,1.15039896965027
esp,1987,1.15748512744904
esp,1988,1.16391932964325
esp,1989,1.16773843765259
esp,1990,1.15373075008392
esp,1991,1.14260566234589
esp,1992,1.14441168308258
esp,1993,1.1402051448822
esp,1994,1.15328931808472
esp,1995,1.14962184429169
esp,1996,1.14577317237854
esp,1997,1.13682019710541
esp,1998,1.1256697177887
esp,1999,1.11406052112579
esp,2000,1.11253976821899
esp,2001,1.10549128055573
esp,2002,1.09970963001251
esp,2003,1.09232866764069
esp,2004,1.08446276187897
esp,2005,1.07943665981293
esp,2006,1.07525444030762
esp,2007,1.07328593730927
esp,2008,1.05714750289917
esp,2009,1.04372465610504
esp,2010,1.04752993583679
esp,2011,1.04426693916321
esp,2012,1.03552436828613
esp,2013,1.02987170219421
esp,2014,1.03008198738098
esp,2015,1.04295206069946
esp,2016,1.04708468914032
esp,2017,1.05155527591705
esp,2018,1.04833316802979
esp,2019,1.04497504234314
esp,2020,0.989767551422119
esp,2021,1.0
esp,2022,1.02528059482574
esp,2023,1.03595876693726
est,1994,0.528174221515656
est,1995,0.566008269786835
est,1996,0.594146609306335
est,1997,0.657359063625336
est,1998,0.662075698375702
est,1999,0.667188763618469
est,2000,0.729637026786804
est,2001,0.754500150680542
est,2002,0.784059047698975
est,2003,0.804568469524384
est,2004,0.833917915821075
est,2005,0.869872570037842
est,2006,0.893967211246491
est,2007,0.92288613319397
est,2008,0.863482773303986
est,2009,0.821800351142883
est,2010,0.852147996425629
est,2011,0.858697056770325
est,2012,0.873059868812561
est,2013,0.870336592197418
est,2014,0.888650715351105
est,2015,0.880739271640778
est,2016,0.895982027053833
est,2017,0.914975583553314
est,2018,0.941704571247101
est,2019,0.958396136760712
est,2020,0.947531223297119
est,2021,1.0
est,2022,0.963193237781525
est,2023,0.905719637870789
fin,1954,0.476314216852188
fin,1955,0.498281806707382
fin,1956,0.496977418661118
fin,1957,0.486649125814438
fin,1958,0.47612276673317
fin,1959,0.498875349760056
fin,1960,0.524812698364258
fin,1961,0.539099633693695
fin,1962,0.541584610939026
fin,1963,0.546493291854858
fin,1964,0.559425950050354
fin,1965,0.56566858291626
fin,1966,0.570010006427765
fin,1967,0.578166365623474
fin,1968,0.584557473659515
fin,1969,0.623651087284088
fin,1970,0.648101389408112
fin,1971,0.652706384658814
fin,1972,0.681025326251984
fin,1973,0.701378226280212
fin,1974,0.702204287052155
fin,1975,0.715659379959106
fin,1976,0.707625269889832
fin,1977,0.707601428031921
fin,1978,0.720975577831268
fin,1979,0.75548928976059
fin,1980,0.771813809871674
fin,1981,0.760822355747223
fin,1982,0.768325090408325
fin,1983,0.781622409820557
fin,1984,0.791938662528992
fin,1985,0.803744673728943
fin,1986,0.817475974559784
fin,1987,0.822216629981995
fin,1988,0.843379855155945
fin,1989,0.858173549175263
fin,1990,0.856410145759583
fin,1991,0.836211442947388
fin,1992,0.841873943805695
fin,1993,0.863866865634918
fin,1994,0.89583545923233
fin,1995,0.912044048309326
fin,1996,0.926720857620239
fin,1997,0.955468893051148
fin,1998,0.982821106910706
fin,1999,0.997553527355194
fin,2000,1.02981948852539
fin,2001,1.03627169132233
fin,2002,1.03514409065247
fin,2003,1.04162585735321
fin,2004,1.06363213062286
fin,2005,1.07121968269348
fin,2006,1.08863544464111
fin,2007,1.11417925357819
fin,2008,1.09254133701324
fin,2009,1.01624178886414
fin,2010,1.03979074954987
fin,2011,1.04751896858215
fin,2012,1.02239453792572
fin,2013,1.01222968101501
fin,2014,1.0047926902771
fin,2015,1.00066900253296
fin,2016,1.01293385028839
fin,2017,1.03362023830414
fin,2018,1.0184942483902
fin,2019,1.01562285423279
fin,2020,0.997035562992096
fin,2021,1.0
fin,2022,0.98576158285141
fin,2023,0.965718746185303
fji,1980,1.3900511264801
fji,1981,1.42307007312775
fji,1982,1.34559118747711
fji,1983,1.26116549968719
fji,1984,1.32699501514435
fji,1985,1.23512661457062
fji,1986,1.30342519283295
fji,1987,1.19821667671204
fji,1988,1.20171523094177
fji,1989,1.2552934885025
fji,1990,1.33468580245972
fji,1991,1.26839673519135
fji,1992,1.31194388866425
fji,1993,1.29472064971924
fji,1994,1.32917535305023
fji,1995,1.33211290836334
fji,1996,1.3437705039978
fji,1997,1.26357233524323
fji,1998,1.20372629165649
fji,1999,1.24413573741913
fji,2000,1.1935453414917
fji,2001,1.19111573696136
fji,2002,1.18702459335327
fji,2003,1.14422106742859
fji,2004,1.15951991081238
fji,2005,1.16634178161621
fji,2006,1.18750393390656
fji,2007,1.19229817390442
fji,2008,1.19494128227234
fji,2009,1.18545079231262
fji,2010,1.20494282245636
fji,2011,1.21207845211029
fji,2012,1.22020328044891
fji,2013,1.21430361270905
fji,2014,1.1887354850769
fji,2015,1.22288239002228
fji,2016,1.2425628900528
fji,2017,1.2806396484375
fji,2018,1.29400527477264
fji,2019,1.2643256187439
fji,2020,1.06298816204071
fji,2021,1.0
fji,2022,1.15221190452576
fji,2023,1.20961165428162
fra,1954,0.404649674892426
fra,1955,0.422195136547089
fra,1956,0.445688009262085
fra,1957,0.470217853784561
fra,1958,0.48353174328804
fra,1959,0.495848119258881
fra,1960,0.528634548187256
fra,1961,0.547405481338501
fra,1962,0.567956924438477
fra,1963,0.590583503246307
fra,1964,0.606923878192902
fra,1965,0.621977865695953
fra,1966,0.635485291481018
fra,1967,0.655690491199493
fra,1968,0.673109412193298
fra,1969,0.711049377918243
fra,1970,0.732235610485077
fra,1971,0.74647581577301
fra,1972,0.768589675426483
fra,1973,0.79247522354126
fra,1974,0.810798704624176
fra,1975,0.794963896274567
fra,1976,0.79730635881424
fra,1977,0.814379870891571
fra,1978,0.845702528953552
fra,1979,0.856649518013001
fra,1980,0.855502486228943
fra,1981,0.858701467514038
fra,1982,0.890235185623169
fra,1983,0.895323991775513
fra,1984,0.903761327266693
fra,1985,0.918571770191193
fra,1986,0.92475962638855
fra,1987,0.923492968082428
fra,1988,0.941206157207489
fra,1989,0.961563408374786
fra,1990,0.966122567653656
fra,1991,0.965618193149567
fra,1992,0.972842574119568
fra,1993,0.969348132610321
fra,1994,0.980333566665649
fra,1995,0.995004057884216
fra,1996,0.996844947338104
fra,1997,1.00736176967621
fra,1998,1.02205097675323
fra,1999,1.02857172489166
fra,2000,1.04800641536713
fra,2001,1.05128812789917
fra,2002,1.06136894226074
fra,2003,1.05718302726746
fra,2004,1.06264066696167
fra,2005,1.06424987316132
fra,2006,1.07854270935059
fra,2007,1.07080280780792
fra,2008,1.05397248268127
fra,2009,1.02737295627594
fra,2010,1.03350806236267
fra,2011,1.03996396064758
fra,2012,1.03119504451752
fra,2013,1.0345253944397
fra,2014,1.0354038476944
fra,2015,1.0352885723114
fra,2016,1.0282586812973
fra,2017,1.03806221485138
fra,2018,1.03377199172974
fra,2019,1.03290498256683
fra,2020,0.996694266796112
fra,2021,1.0
fra,2022,0.987862050533295
fra,2023,0.981999218463898
gab,1964,1.53046989440918
gab,1965,1.61983442306519
gab,1966,1.51366758346558
gab,1967,1.69151020050049
gab,1968,1.70347118377686
gab,1969,1.8333477973938
gab,1970,1.96609377861023
gab,1971,2.09190201759338
gab,1972,2.22358584403992
gab,1973,2.327556848526
gab,1974,2.77247977256775
gab,1975,2.81528162956238
gab,1976,3.15413665771484
gab,1977,2.43585085868835
gab,1978,1.78192842006683
gab,1979,1.70847678184509
gab,1980,1.68837797641754
gab,1981,1.68033468723297
gab,1982,1.55763673782349
gab,1983,1.56219351291657
gab,1984,1.60191798210144
gab,1985,1.48950934410095
gab,1986,1.43477606773376
gab,1987,1.17445600032806
gab,1988,1.27092969417572
gab,1989,1.35906231403351
gab,1990,1.42179679870605
gab,1991,1.48780882358551
gab,1992,1.4320387840271
gab,1993,1.44064998626709
gab,1994,1.48921501636505
gab,1995,1.53968489170074
gab,1996,1.55502235889435
gab,1997,1.5798796415329
gab,1998,1.55079162120819
gab,1999,1.36285066604614
gab,2000,1.32135915756226
gab,2001,1.32916259765625
gab,2002,1.27949416637421
gab,2003,1.298459649086
gab,2004,1.29700767993927
gab,2005,1.29305052757263
gab,2006,1.23461604118347
gab,2007,1.29057836532593
gab,2008,1.2191903591156
gab,2009,1.19428813457489
gab,2010,1.22473227977753
gab,2011,1.24515450000763
gab,2012,1.24030148983002
gab,2013,1.25122547149658
gab,2014,1.23633551597595
gab,2015,1.23568880558014
gab,2016,1.21779668331146
gab,2017,1.19169461727142
gab,2018,1.12663996219635
gab,2019,1.08821725845337
gab,2020,1.04668831825256
gab,2021,1.0
gab,2022,0.959833920001984
gab,2023,0.929864048957825
gbr,1954,0.744318425655365
gbr,1955,0.742429316043854
gbr,1956,0.731307625770569
gbr,1957,0.727299511432648
gbr,1958,0.726810991764069
gbr,1959,0.741845846176148
gbr,1960,0.746580064296722
gbr,1961,0.745192348957062
gbr,1962,0.748933255672455
gbr,1963,0.762313902378082
gbr,1964,0.774428427219391
gbr,1965,0.772159159183502
gbr,1966,0.779643774032593
gbr,1967,0.786200881004334
gbr,1968,0.825162351131439
gbr,1969,0.801650524139404
gbr,1970,0.813037693500519
gbr,1971,0.841868281364441
gbr,1972,0.852662324905396
gbr,1973,0.877902448177338
gbr,1974,0.843088865280151
gbr,1975,0.828959822654724
gbr,1976,0.845153510570526
gbr,1977,0.848919570446014
gbr,1978,0.866127669811249
gbr,1979,0.87871116399765
gbr,1980,0.861326098442078
gbr,1981,0.872337341308594
gbr,1982,0.891428232192993
gbr,1983,0.922784149646759
gbr,1984,0.91445118188858
gbr,1985,0.927548289299011
gbr,1986,0.938574910163879
gbr,1987,0.957858741283417
gbr,1988,0.967674732208252
gbr,1989,0.951215922832489
gbr,1990,0.936218559741974
gbr,1991,0.931552231311798
gbr,1992,0.934883892536163
gbr,1993,0.949084401130676
gbr,1994,0.959398090839386
gbr,1995,0.957683920860291
gbr,1996,0.956362187862396
gbr,1997,0.976218700408936
gbr,1998,0.984906256198883
gbr,1999,0.991198301315308
gbr,2000,1.0126223564148
gbr,2001,1.016117811203
gbr,2002,1.02082276344299
gbr,2003,1.03604209423065
gbr,2004,1.04172587394714
gbr,2005,1.04797208309174
gbr,2006,1.05330979824066
gbr,2007,1.05969798564911
gbr,2008,1.04089832305908
gbr,2009,1.00172996520996
gbr,2010,1.01071655750275
gbr,2011,1.01364231109619
gbr,2012,1.00909698009491
gbr,2013,1.0080748796463
gbr,2014,1.01404857635498
gbr,2015,1.01628375053406
gbr,2016,1.01578724384308
gbr,2017,1.02354860305786
gbr,2018,1.02196455001831
gbr,2019,1.01816308498383
gbr,2020,0.972712874412537
gbr,2021,1.0
gbr,2022,1.01048302650452
gbr,2023,0.998529374599457
grc,1955,0.62893408536911
grc,1956,0.675831437110901
grc,1957,0.714258134365082
grc,1958,0.733252465724945
grc,1959,0.746096134185791
grc,1960,0.745855212211609
grc,1961,0.825957596302033
grc,1962,0.819576382637024
grc,1963,0.897880077362061
grc,1964,0.957967042922974
grc,1965,1.02581322193146
grc,1966,1.06126797199249
grc,1967,1.0932936668396
grc,1968,1.14151191711426
grc,1969,1.2233452796936
grc,1970,1.28752970695496
grc,1971,1.32280564308167
grc,1972,1.37797772884369
grc,1973,1.40694999694824
grc,1974,1.27704060077667
grc,1975,1.31874597072601
grc,1976,1.35784339904785
grc,1977,1.35013484954834
grc,1978,1.39768934249878
grc,1979,1.3857913017273
grc,1980,1.34640455245972
grc,1981,1.26301872730255
grc,1982,1.22711837291718
grc,1983,1.18529677391052
grc,1984,1.20935451984406
grc,1985,1.19627225399017
grc,1986,1.18275368213654
grc,1987,1.15055310726166
grc,1988,1.17313313484192
grc,1989,1.18230330944061
grc,1990,1.16285228729248
grc,1991,1.18176710605621
grc,1992,1.15589952468872
grc,1993,1.11128842830658
grc,1994,1.11724209785461
grc,1995,1.12432420253754
grc,1996,1.12339425086975
grc,1997,1.14546740055084
grc,1998,1.1332688331604
grc,1999,1.13694047927856
grc,2000,1.15457022190094
grc,2001,1.18233180046082
grc,2002,1.20086586475372
grc,2003,1.23685276508331
grc,2004,1.26600933074951
grc,2005,1.23967754840851
grc,2006,1.28466212749481
grc,2007,1.29264092445374
grc,2008,1.26510882377625
grc,2009,1.21101295948029
grc,2010,1.17185258865356
grc,2011,1.07777988910675
grc,2012,1.00428438186646
grc,2013,0.987707793712616
grc,2014,0.991755306720734
grc,2015,1.01057291030884
grc,2016,0.990099906921387
grc,2017,1.00458669662476
grc,2018,0.993777930736542
grc,2019,1.0148458480835
grc,2020,0.988930940628052
grc,2021,1.0
grc,2022,1.02865409851074
grc,2023,1.03926718235016
gtm,1954,0.98962527513504
gtm,1955,0.96711790561676
gtm,1956,0.993370771408081
gtm,1957,0.994735479354858
gtm,1958,1.00450658798218
gtm,1959,1.01017463207245
gtm,1960,1.00779914855957
gtm,1961,1.0273916721344
gtm,1962,1.03103232383728
gtm,1963,1.08990228176117
gtm,1964,1.08798968791962
gtm,1965,1.0835165977478
gtm,1966,1.10240864753723
gtm,1967,1.10615909099579
gtm,1968,1.14151036739349
gtm,1969,1.15531718730927
gtm,1970,1.18442237377167
gtm,1971,1.19000732898712
gtm,1972,1.21692895889282
gtm,1973,1.23416006565094
gtm,1974,1.25902354717255
gtm,1975,1.23039543628693
gtm,1976,1.234335064888
gtm,1977,1.24239039421082
gtm,1978,1.21384000778198
gtm,1979,1.19500112533569
gtm,1980,1.18274104595184
gtm,1981,1.1395800113678
gtm,1982,1.09060478210449
gtm,1983,1.05994856357574
gtm,1984,1.0333263874054
gtm,1985,1.01753687858582
gtm,1986,1.01540052890778
gtm,1987,1.01451587677002
gtm,1988,1.01109528541565
gtm,1989,1.00066673755646
gtm,1990,1.00906848907471
gtm,1991,1.0196019411087
gtm,1992,1.03038382530212
gtm,1993,1.0233405828476
gtm,1994,1.02085030078888
gtm,1995,1.02784383296967
gtm,1996,1.02095627784729
gtm,1997,1.01669943332672
gtm,1998,1.00806629657745
gtm,1999,0.994081676006317
gtm,2000,0.984365522861481
gtm,2001,0.978553533554077
gtm,2002,0.98549222946167
gtm,2003,0.981888294219971
gtm,2004,0.980808973312378
gtm,2005,0.985730707645416
gtm,2006,0.990592539310455
gtm,2007,1.00984311103821
gtm,2008,1.00564622879028
gtm,2009,0.986725568771362
gtm,2010,0.990505337715149
gtm,2011,0.993748188018799
gtm,2012,0.966096997261047
gtm,2013,0.998153865337372
gtm,2014,0.993338227272034
gtm,2015,0.988950610160828
gtm,2016,0.973707795143127
gtm,2017,0.974213182926178
gtm,2018,0.987829148769379
gtm,2019,0.98274177312851
gtm,2020,0.971147418022156
gtm,2021,1.0
gtm,2022,1.00147700309753
gtm,2023,0.97238826751709
hkg,1964,0.654583811759949
hkg,1965,0.690171837806702
hkg,1966,0.657338201999664
hkg,1967,0.636407732963562
hkg,1968,0.634623765945435
hkg,1969,0.679133236408234
hkg,1970,0.71088969707489
hkg,1971,0.707442998886108
hkg,1972,0.732637822628021
hkg,1973,0.776636362075806
hkg,1974,0.754891097545624
hkg,1975,0.71266633272171
hkg,1976,0.778400659561157
hkg,1977,0.799595773220062
hkg,1978,0.793426692485809
hkg,1979,0.833846032619476
hkg,1980,0.828147947788239
hkg,1981,0.823365867137909
hkg,1982,0.804892539978027
hkg,1983,0.81808865070343
hkg,1984,0.851369857788086
hkg,1985,0.821051180362701
hkg,1986,0.863251388072968
hkg,1987,0.933393716812134
hkg,1988,0.952276170253754
hkg,1989,0.945153772830963
hkg,1990,0.951480090618134
hkg,1991,0.956900119781494
hkg,1992,0.991179704666138
hkg,1993,0.989899575710297
hkg,1994,0.992211878299713
hkg,1995,0.975472152233124
hkg,1996,0.944797515869141
hkg,1997,0.941981434822083
hkg,1998,0.857358753681183
hkg,1999,0.853235065937042
hkg,2000,0.875227332115173
hkg,2001,0.839559495449066
hkg,2002,0.830106377601624
hkg,2003,0.836458683013916
hkg,2004,0.870368957519531
hkg,2005,0.899958550930023
hkg,2006,0.937102794647217
hkg,2007,0.963399231433868
hkg,2008,0.965551733970642
hkg,2009,0.932515561580658
hkg,2010,0.960272431373596
hkg,2011,0.960820198059082
hkg,2012,0.940649807453156
hkg,2013,0.946446418762207
hkg,2014,0.950423955917358
hkg,2015,0.951726317405701
hkg,2016,0.970726132392883
hkg,2017,0.989625036716461
hkg,2018,0.998476266860962
hkg,2019,0.978717863559723
hkg,2020,0.949915945529938
hkg,2021,1.0
hkg,2022,0.962235033512116
hkg,2023,0.978862822055817
hnd,1970,1.30126261711121
hnd,1971,1.3045471906662
hnd,1972,1.33121407032013
hnd,1973,1.37288153171539
hnd,1974,1.30314064025879
hnd,1975,1.28112030029297
hnd,1976,1.35043323040009
hnd,1977,1.41279685497284
hnd,1978,1.46006786823273
hnd,1979,1.44754111766815
hnd,1980,1.39216315746307
hnd,1981,1.38125443458557
hnd,1982,1.33174538612366
hnd,1983,1.27712988853455
hnd,1984,1.27903807163239
hnd,1985,1.28363132476807
hnd,1986,1.26480031013489
hnd,1987,1.29782199859619
hnd,1988,1.30421137809753
hnd,1989,1.30334794521332
hnd,1990,1.25870990753174
hnd,1991,1.25488126277924
hnd,1992,1.21167933940887
hnd,1993,1.21253943443298
hnd,1994,1.12989711761475
hnd,1995,1.12741363048553
hnd,1996,1.07928049564362
hnd,1997,1.06518363952637
hnd,1998,1.04345786571503
hnd,1999,0.95110696554184
hnd,2000,0.983851730823517
hnd,2001,0.998910129070282
hnd,2002,1.01080048084259
hnd,2003,1.02468168735504
hnd,2004,1.05569624900818
hnd,2005,1.06860148906708
hnd,2006,1.09202885627747
hnd,2007,1.10100781917572
hnd,2008,1.07740533351898
hnd,2009,1.02655982971191
hnd,2010,1.02288973331451
hnd,2011,1.03694653511047
hnd,2012,1.04958629608154
hnd,2013,1.01032173633575
hnd,2014,1.02215588092804
hnd,2015,1.00167810916901
hnd,2016,1.01337647438049
hnd,2017,1.01222240924835
hnd,2018,0.981257081031799
hnd,2019,0.994989097118378
hnd,2020,0.922918200492859
hnd,2021,1.0
hnd,2022,1.02623653411865
hnd,2023,1.02726686000824
hrv,1994,0.881392657756805
hrv,1995,0.954873502254486
hrv,1996,1.0005384683609
hrv,1997,1.04650366306305
hrv,1998,1.06288003921509
hrv,1999,1.04144549369812
hrv,2000,1.05937540531158
hrv,2001,1.05179381370544
hrv,2002,1.08375537395477
hrv,2003,1.09646487236023
hrv,2004,1.10656917095184
hrv,2005,1.11896502971649
hrv,2006,1.12047851085663
hrv,2007,1.12136590480804
hrv,2008,1.09455823898315
hrv,2009,1.00684762001038
hrv,2010,1.00088286399841
hrv,2011,1.01619505882263
hrv,2012,1.01094508171082
hrv,2013,1.02072834968567
hrv,2014,0.994601309299469
hrv,2015,1.01833546161652
hrv,2016,1.03472864627838
hrv,2017,1.04268860816956
hrv,2018,1.04640221595764
hrv,2019,0.993415892124176
hrv,2020,0.907454788684845
hrv,2021,1.0
hrv,2022,1.04164063930511
hrv,2023,1.04217648506165
hun,1974,0.721043705940247
hun,1975,0.744099259376526
hun,1976,0.746024250984192
hun,1977,0.769234955310822
hun,1978,0.776308000087738
hun,1979,0.766434252262116
hun,1980,0.754116475582123
hun,1981,0.765578329563141
hun,1982,0.800116300582886
hun,1983,0.802838265895844
hun,1984,0.834588050842285
hun,1985,0.83380252122879
hun,1986,0.839591443538666
hun,1987,0.853334188461304
hun,1988,0.842170774936676
hun,1989,0.846700191497803
hun,1990,0.826248109340668
hun,1991,0.756576359272003
hun,1992,0.781483292579651
hun,1993,0.803935170173645
hun,1994,0.800085067749023
hun,1995,0.811431765556335
hun,1996,0.803698062896729
hun,1997,0.808469235897064
hun,1998,0.821486294269562
hun,1999,0.817680478096008
hun,2000,0.838518142700195
hun,2001,0.862752914428711
hun,2002,0.889927506446838
hun,2003,0.904477596282959
hun,2004,0.934987783432007
hun,2005,0.968019306659699
hun,2006,0.987797617912293
hun,2007,0.982585310935974
hun,2008,0.9845290184021
hun,2009,0.92667943239212
hun,2010,0.929237186908722
hun,2011,0.945149183273315
hun,2012,0.924788415431976
hun,2013,0.92772114276886
hun,2014,0.927027463912964
hun,2015,0.935641944408417
hun,2016,0.927076280117035
hun,2017,0.946100890636444
hun,2018,0.976000189781189
hun,2019,1.00137805938721
hun,2020,0.969266831874847
hun,2021,1.0
hun,2022,1.01150727272034
hun,2023,0.997124016284943
idn,1964,0.81554913520813
idn,1965,0.808871388435364
idn,1966,0.815209805965424
idn,1967,0.820845186710358
idn,1968,0.859925985336304
idn,1969,0.843892276287079
idn,1970,0.887252688407898
idn,1971,0.910791337490082
idn,1972,0.955363512039185
idn,1973,0.993321895599365
idn,1974,1.00966167449951
idn,1975,1.0095990896225
idn,1976,1.02140855789185
idn,1977,1.04682958126068
idn,1978,1.06195425987244
idn,1979,1.06141591072083
idn,1980,1.07496654987335
idn,1981,1.05989634990692
idn,1982,1.00806283950806
idn,1983,1.01484978199005
idn,1984,1.01147961616516
idn,1985,0.968225240707398
idn,1986,0.957960724830627
idn,1987,0.940966427326202
idn,1988,0.919975817203522
idn,1989,0.918284237384796
idn,1990,0.923026442527771
idn,1991,0.94112354516983
idn,1992,0.954505980014801
idn,1993,0.970715761184692
idn,1994,0.963512182235718
idn,1995,0.975608289241791
idn,1996,0.98119843006134
idn,1997,0.960353255271912
idn,1998,0.792438387870789
idn,1999,0.775494158267975
idn,2000,0.784961819648743
idn,2001,0.784967422485352
idn,2002,0.801235496997833
idn,2003,0.810003876686096
idn,2004,0.81737756729126
idn,2005,0.837252557277679
idn,2006,0.851748406887054
idn,2007,0.856808960437775
idn,2008,0.86634761095047
idn,2009,0.868186831474304
idn,2010,0.876118838787079
idn,2011,0.902946770191193
idn,2012,0.920500040054321
idn,2013,0.959704875946045
idn,2014,0.95511257648468
idn,2015,0.959296584129334
idn,2016,0.975280702114105
idn,2017,0.986819267272949
idn,2018,1.00606346130371
idn,2019,1.00801563262939
idn,2020,0.980586409568787
idn,2021,1.0
idn,2022,0.990419328212738
idn,2023,0.995515704154968
ind,1954,0.630581021308899
ind,1955,0.62393194437027
ind,1956,0.625980496406555
ind,1957,0.617447078227997
ind,1958,0.654349684715271
ind,1959,0.64596962928772
ind,1960,0.679535210132599
ind,1961,0.68844747543335
ind,1962,0.686296701431274
ind,1963,0.713015377521515
ind,1964,0.740272521972656
ind,1965,0.697709143161774
ind,1966,0.674879968166351
ind,1967,0.717240154743195
ind,1968,0.739225625991821
ind,1969,0.803838789463043
ind,1970,0.812816858291626
ind,1971,0.792101144790649
ind,1972,0.755433857440949
ind,1973,0.751115322113037
ind,1974,0.731633603572846
ind,1975,0.768025636672974
ind,1976,0.748739063739777
ind,1977,0.767770886421204
ind,1978,0.777463674545288
ind,1979,0.70766681432724
ind,1980,0.72477251291275
ind,1981,0.73638790845871
ind,1982,0.730359315872192
ind,1983,0.748960971832275
ind,1984,0.74438202381134
ind,1985,0.749892473220825
ind,1986,0.749407827854157
ind,1987,0.741828203201294
ind,1988,0.77465546131134
ind,1989,0.780996978282929
ind,1990,0.781622886657715
ind,1991,0.754906296730042
ind,1992,0.760439038276672
ind,1993,0.763272643089294
ind,1994,0.784183204174042
ind,1995,0.811837732791901
ind,1996,0.8346346616745
ind,1997,0.827344119548798
ind,1998,0.836909413337708
ind,1999,0.862830460071564
ind,2000,0.849150061607361
ind,2001,0.842867314815521
ind,2002,0.832587361335754
ind,2003,0.854161202907562
ind,2004,0.871255159378052
ind,2005,0.892504632472992
ind,2006,0.913933575153351
ind,2007,0.924916625022888
ind,2008,0.900211155414581
ind,2009,0.917489230632782
ind,2010,0.941360831260681
ind,2011,0.933406054973602
ind,2012,0.936162829399109
ind,2013,0.941833734512329
ind,2014,0.971749782562256
ind,2015,1.00952303409576
ind,2016,1.05106937885284
ind,2017,1.07046711444855
ind,2018,1.08485746383667
ind,2019,1.03569054603577
ind,2020,0.955576360225678
ind,2021,1.0
ind,2022,1.00023245811462
ind,2023,1.01053106784821
irl,1954,0.308014243841171
irl,1955,0.318008869886398
irl,1956,0.30683907866478
irl,1957,0.303909629583359
irl,1958,0.304856479167938
irl,1959,0.31849217414856
irl,1960,0.327814280986786
irl,1961,0.33818319439888
irl,1962,0.340817600488663
irl,1963,0.347323954105377
irl,1964,0.35145303606987
irl,1965,0.349760085344315
irl,1966,0.343492895364761
irl,1967,0.354507505893707
irl,1968,0.375872552394867
irl,1969,0.38827520608902
irl,1970,0.386874437332153
irl,1971,0.38719654083252
irl,1972,0.40534034371376
irl,1973,0.407288402318954
irl,1974,0.415647476911545
irl,1975,0.434613883495331
irl,1976,0.433487981557846
irl,1977,0.451656401157379
irl,1978,0.466850638389587
irl,1979,0.454804122447968
irl,1980,0.465256333351135
irl,1981,0.474659562110901
irl,1982,0.479062676429749
irl,1983,0.474867224693298
irl,1984,0.497667729854584
irl,1985,0.507851243019104
irl,1986,0.497371137142181
irl,1987,0.517892479896545
irl,1988,0.538349270820618
irl,1989,0.560687124729157
irl,1990,0.58361691236496
irl,1991,0.594362139701843
irl,1992,0.614815413951874
irl,1993,0.62457811832428
irl,1994,0.639253079891205
irl,1995,0.670826256275177
irl,1996,0.698397815227509
irl,1997,0.749556243419647
irl,1998,0.77666711807251
irl,1999,0.798729836940765
irl,2000,0.825466632843018
irl,2001,0.829687893390656
irl,2002,0.843507289886475
irl,2003,0.835699439048767
irl,2004,0.848207950592041
irl,2005,0.839392304420471
irl,2006,0.830212831497192
irl,2007,0.831080734729767
irl,2008,0.786068141460419
irl,2009,0.779570937156677
irl,2010,0.800679862499237
irl,2011,0.811387538909912
irl,2012,0.796826899051666
irl,2013,0.788282692432404
irl,2014,0.830963253974915
irl,2015,0.970462739467621
irl,2016,0.891323149204254
irl,2017,0.906294584274292
irl,2018,0.925478756427765
irl,2019,0.851172506809235
irl,2020,0.884511053562164
irl,2021,1.0
irl,2022,1.05003201961517
irl,2023,0.975201785564423
irn,1959,3.18983626365662
irn,1960,3.32972598075867
irn,1961,3.43239068984985
irn,1962,3.44040298461914
irn,1963,3.45725035667419
irn,1964,3.44669103622437
irn,1965,3.60173058509827
irn,1966,3.67306661605835
irn,1967,3.77548146247864
irn,1968,3.87409472465515
irn,1969,4.05765533447266
irn,1970,2.36346912384033
irn,1971,2.56046772003174
irn,1972,2.72945642471313
irn,1973,2.7225775718689
irn,1974,2.67396903038025
irn,1975,2.41255927085876
irn,1976,2.50731778144836
irn,1977,2.22633051872253
irn,1978,1.81145703792572
irn,1979,1.54633235931396
irn,1980,1.18217515945435
irn,1981,1.06621170043945
irn,1982,1.25924479961395
irn,1983,1.32630300521851
irn,1984,1.1802304983139
irn,1985,1.15844464302063
irn,1986,1.05970978736877
irn,1987,1.02719438076019
irn,1988,0.944522738456726
irn,1989,0.973921597003937
irn,1990,1.0751588344574
irn,1991,1.14464139938355
irn,1992,1.14174807071686
irn,1993,1.1027969121933
irn,1994,1.06613516807556
irn,1995,1.06678307056427
irn,1996,1.11562728881836
irn,1997,1.09323620796204
irn,1998,1.06475412845612
irn,1999,1.05071270465851
irn,2000,1.0421895980835
irn,2001,1.00492429733276
irn,2002,1.03274941444397
irn,2003,1.05692684650421
irn,2004,1.01650428771973
irn,2005,1.00124311447144
irn,2006,1.00890707969666
irn,2007,1.04910850524902
irn,2008,1.02663898468018
irn,2009,1.01190268993378
irn,2010,1.04685401916504
irn,2011,1.0425431728363
irn,2012,0.966181457042694
irn,2013,0.935213446617127
irn,2014,0.970510900020599
irn,2015,0.926709055900574
irn,2016,1.00187289714813
irn,2017,0.987934231758118
irn,2018,0.969793796539307
irn,2019,0.91707843542099
irn,2020,0.979549705982208
irn,2021,1.0
irn,2022,1.02757704257965
irn,2023,1.05724346637726
irq,1974,1.5926228761673
irq,1975,1.57135903835297
irq,1976,1.65014982223511
irq,1977,1.51334428787231
irq,1978,1.56576788425446
irq,1979,1.7244017124176
irq,1980,1.58149671554565
irq,1981,1.08123803138733
irq,1982,0.939823150634766
irq,1983,0.837501049041748
irq,1984,0.835594236850739
irq,1985,0.834443807601929
irq,1986,0.896528005599976
irq,1987,1.05734550952911
irq,1988,1.06585800647736
irq,1989,0.931750297546387
irq,1990,0.907650828361511
irq,1991,0.317115217447281
irq,1992,0.406365245580673
irq,1993,0.600324034690857
irq,1994,0.581245303153992
irq,1995,0.486818581819534
irq,1996,0.748541176319122
irq,1997,0.924994587898254
irq,1998,1.24816715717316
irq,1999,1.4689279794693
irq,2000,1.47952282428741
irq,2001,1.45443308353424
irq,2002,1.33251321315765
irq,2003,0.851310074329376
irq,2004,1.27122259140015
irq,2005,1.15558505058289
irq,2006,1.10151422023773
irq,2007,1.12181317806244
irq,2008,1.13296568393707
irq,2009,1.13315796852112
irq,2010,1.12867712974548
irq,2011,1.1339807510376
irq,2012,1.20820367336273
irq,2013,1.17793321609497
irq,2014,1.08066773414612
irq,2015,1.0348048210144
irq,2016,1.13652181625366
irq,2017,1.10162580013275
irq,2018,1.09996116161346
irq,2019,1.10674643516541
irq,2020,0.996101975440979
irq,2021,1.0
irq,2022,1.04092919826508
irq,2023,0.998918116092682
isl,1954,0.495280593633652
isl,1955,0.527785360813141
isl,1956,0.532182455062866
isl,1957,0.527768552303314
isl,1958,0.565590262413025
isl,1959,0.56328409910202
isl,1960,0.567122757434845
isl,1961,0.551946580410004
isl,1962,0.577825665473938
isl,1963,0.616149961948395
isl,1964,0.621097385883331
isl,1965,0.632503509521484
isl,1966,0.657155454158783
isl,1967,0.637865304946899
isl,1968,0.596803426742554
isl,1969,0.606256484985352
isl,1970,0.630731880664825
isl,1971,0.678348362445831
isl,1972,0.700109362602234
isl,1973,0.716068089008331
isl,1974,0.722249686717987
isl,1975,0.709234118461609
isl,1976,0.727569282054901
isl,1977,0.78355473279953
isl,1978,0.810555934906006
isl,1979,0.832136929035187
isl,1980,0.84479546546936
isl,1981,0.837283909320831
isl,1982,0.821609020233154
isl,1983,0.790594577789307
isl,1984,0.802535116672516
isl,1985,0.795140087604523
isl,1986,0.816715657711029
isl,1987,0.837132692337036
isl,1988,0.840362966060638
isl,1989,0.841338813304901
isl,1990,0.847482442855835
isl,1991,0.833305358886719
isl,1992,0.796964406967163
isl,1993,0.798557341098785
isl,1994,0.826048314571381
isl,1995,0.808377325534821
isl,1996,0.826195538043976
isl,1997,0.815549492835999
isl,1998,0.825150728225708
isl,1999,0.825512826442719
isl,2000,0.817254304885864
isl,2001,0.821136474609375
isl,2002,0.834058463573456
isl,2003,0.850550353527069
isl,2004,0.899105191230774
isl,2005,0.905975878238678
isl,2006,0.905000925064087
isl,2007,0.941770970821381
isl,2008,0.943650484085083
isl,2009,0.945330202579498
isl,2010,0.923299729824066
isl,2011,0.92284482717514
isl,2012,0.925500273704529
isl,2013,0.951778054237366
isl,2014,0.952089786529541
isl,2015,0.964867651462555
isl,2016,0.978552341461182
isl,2017,0.983256995677948
isl,2018,1.00094592571259
isl,2019,1.01408731937408
isl,2020,0.970970869064331
isl,2021,1.0
isl,2022,1.02724623680115
isl,2023,1.04041087627411
isr,1954,0.570540070533752
isr,1955,0.619603216648102
isr,1956,0.648808896541596
isr,1957,0.675743401050568
isr,1958,0.698199450969696
isr,1959,0.750828683376312
isr,1960,0.772023737430573
isr,1961,0.809872448444367
isr,1962,0.83123379945755
isr,1963,0.866625130176544
isr,1964,0.887166798114777
isr,1965,0.823136031627655
isr,1966,0.853822767734528
isr,1967,0.836355745792389
isr,1968,0.830326437950134
isr,1969,0.912531435489655
isr,1970,0.988186180591583
isr,1971,1.01854348182678
isr,1972,1.05651426315308
isr,1973,1.03919267654419
isr,1974,1.07095646858215
isr,1975,1.06255793571472
isr,1976,1.025994181633
isr,1977,0.990410506725311
isr,1978,0.990017771720886
isr,1979,1.00320219993591
isr,1980,0.998921513557434
isr,1981,1.02430248260498
isr,1982,0.996888518333435
isr,1983,0.984432697296143
isr,1984,0.95483809709549
isr,1985,0.977402985095978
isr,1986,0.972132682800293
isr,1987,1.00358033180237
isr,1988,1.00348448753357
isr,1989,0.99309366941452
isr,1990,0.964908957481384
isr,1991,0.977051615715027
isr,1992,0.983456432819367
isr,1993,0.954354345798492
isr,1994,0.953587532043457
isr,1995,0.967222154140472
isr,1996,0.952279925346375
isr,1997,0.937818825244904
isr,1998,0.937662720680237
isr,1999,0.919773817062378
isr,2000,0.946884751319885
isr,2001,0.940189599990845
isr,2002,0.912199437618256
isr,2003,0.913921892642975
isr,2004,0.935255765914917
isr,2005,0.94141560792923
isr,2006,0.956758618354797
isr,2007,0.962541401386261
isr,2008,0.950025796890259
isr,2009,0.934434115886688
isr,2010,0.951324641704559
isr,2011,0.965375661849976
isr,2012,0.951151013374329
isr,2013,0.956913530826569
isr,2014,0.961008787155151
isr,2015,0.955808699131012
isr,2016,0.951289236545563
isr,2017,0.955510199069977
isr,2018,0.957756161689758
isr,2019,0.965644598007202
isr,2020,0.970708549022675
isr,2021,1.0
isr,2022,0.997690141201019
isr,2023,0.979121923446655
ita,1954,0.684570372104645
ita,1955,0.698871374130249
ita,1956,0.704616010189056
ita,1957,0.708357930183411
ita,1958,0.719391465187073
ita,1959,0.742856025695801
ita,1960,0.774726748466492
ita,1961,0.810111939907074
ita,1962,0.843080699443817
ita,1963,0.872808754444122
ita,1964,0.877379238605499
ita,1965,0.915160059928894
ita,1966,0.952814280986786
ita,1967,0.98054575920105
ita,1968,1.02107155323029
ita,1969,1.05726099014282
ita,1970,1.14489662647247
ita,1971,1.1374329328537
ita,1972,1.14508092403412
ita,1973,1.17857110500336
ita,1974,1.20225608348846
ita,1975,1.15084636211395
ita,1976,1.19374418258667
ita,1977,1.20409262180328
ita,1978,1.21327137947083
ita,1979,1.24459946155548
ita,1980,1.23653650283813
ita,1981,1.21251702308655
ita,1982,1.1858104467392
ita,1983,1.17379486560822
ita,1984,1.19117414951324
ita,1985,1.19565618038178
ita,1986,1.195063829422
ita,1987,1.19931435585022
ita,1988,1.21032440662384
ita,1989,1.22215604782105
ita,1990,1.21311712265015
ita,1991,1.1978394985199
ita,1992,1.18973791599274
ita,1993,1.18352365493774
ita,1994,1.20138537883759
ita,1995,1.21602869033813
ita,1996,1.20828938484192
ita,1997,1.21127712726593
ita,1998,1.19969630241394
ita,1999,1.19117403030396
ita,2000,1.20727837085724
ita,2001,1.20026051998138
ita,2002,1.17622745037079
ita,2003,1.15397679805756
ita,2004,1.14937150478363
ita,2005,1.13820970058441
ita,2006,1.12840557098389
ita,2007,1.11813652515411
ita,2008,1.09447944164276
ita,2009,1.04746532440186
ita,2010,1.05659663677216
ita,2011,1.05570876598358
ita,2012,1.03151965141296
ita,2013,1.02386212348938
ita,2014,1.02057027816772
ita,2015,1.02009105682373
ita,2016,1.017045378685
ita,2017,1.01994824409485
ita,2018,1.01500141620636
ita,2019,1.01144313812256
ita,2020,0.980948805809021
ita,2021,1.0
ita,2022,1.00825369358063
ita,2023,0.986916899681091
jam,1957,1.09538519382477
jam,1958,1.11563527584076
jam,1959,1.12779200077057
jam,1960,1.18212854862213
jam,1961,1.22462475299835
jam,1962,1.23009026050568
jam,1963,1.2992479801178
jam,1964,1.3402978181839
jam,1965,1.35153126716614
jam,1966,1.32960760593414
jam,1967,1.30879724025726
jam,1968,1.28827905654907
jam,1969,1.29320824146271
jam,1970,1.45007300376892
jam,1971,1.47153425216675
jam,1972,1.57848000526428
jam,1973,1.55381643772125
jam,1974,1.45103013515472
jam,1975,1.41792416572571
jam,1976,1.3226569890976
jam,1977,1.28853559494019
jam,1978,1.27470338344574
jam,1979,1.26045989990234
jam,1980,1.1818915605545
jam,1981,1.18204033374786
jam,1982,1.19491744041443
jam,1983,1.201495885849
jam,1984,1.15223264694214
jam,1985,1.09042680263519
jam,1986,1.09023785591125
jam,1987,1.14275121688843
jam,1988,1.14147663116455
jam,1989,1.17824459075928
jam,1990,1.22071576118469
jam,1991,1.20745825767517
jam,1992,1.2965167760849
jam,1993,1.29888045787811
jam,1994,1.27268218994141
jam,1995,1.23724174499512
jam,1996,1.21195650100708
jam,1997,1.18111896514893
jam,1998,1.14294397830963
jam,1999,1.1627961397171
jam,2000,1.16714262962341
jam,2001,1.15962994098663
jam,2002,1.09186935424805
jam,2003,1.1148509979248
jam,2004,1.11932706832886
jam,2005,1.1172810792923
jam,2006,1.09923100471497
jam,2007,1.09069168567657
jam,2008,1.07397830486298
jam,2009,1.05499732494354
jam,2010,1.05792105197907
jam,2011,1.08313488960266
jam,2012,1.07230699062347
jam,2013,1.07338356971741
jam,2014,1.06869328022003
jam,2015,1.06611359119415
jam,2016,1.05198466777802
jam,2017,1.03998446464539
jam,2018,1.0463707447052
jam,2019,1.03234434127808
jam,2020,0.984237909317017
jam,2021,1.0
jam,2022,0.999762892723084
jam,2023,0.999975264072418
jor,1958,1.98926711082459
jor,1959,2.20357656478882
jor,1960,2.17879199981689
jor,1961,2.38966965675354
jor,1962,2.25160789489746
jor,1963,2.25657105445862
jor,1964,2.39740037918091
jor,1965,2.46991729736328
jor,1966,2.37178587913513
jor,1967,2.42450332641602
jor,1968,2.1739718914032
jor,1969,2.10352230072022
jor,1970,1.76079332828522
jor,1971,1.67391157150269
jor,1972,1.66864764690399
jor,1973,1.46675109863281
jor,1974,1.38207614421844
jor,1975,1.29442954063416
jor,1976,1.37319505214691
jor,1977,1.33053410053253
jor,1978,1.40182054042816
jor,1979,1.56443738937378
jor,1980,1.61411333084106
jor,1981,1.64918792247772
jor,1982,1.59805464744568
jor,1983,1.45064544677734
jor,1984,1.3979240655899
jor,1985,1.27977979183197
jor,1986,1.27757430076599
jor,1987,1.19921314716339
jor,1988,1.14008224010468
jor,1989,0.972395181655884
jor,1990,0.921079516410828
jor,1991,0.88762366771698
jor,1992,0.958021998405457
jor,1993,0.92320317029953
jor,1994,0.88512110710144
jor,1995,0.872591316699982
jor,1996,0.851133346557617
jor,1997,0.849608600139618
jor,1998,0.850682854652405
jor,1999,0.854883134365082
jor,2000,0.868203461170197
jor,2001,0.911295890808106
jor,2002,0.955788493156433
jor,2003,0.9822838306427
jor,2004,1.02152156829834
jor,2005,1.03952181339264
jor,2006,1.06930875778198
jor,2007,1.06437838077545
jor,2008,1.0829815864563
jor,2009,1.07579278945923
jor,2010,1.05436623096466
jor,2011,1.04400181770325
jor,2012,1.05455243587494
jor,2013,1.07951045036316
jor,2014,1.07668936252594
jor,2015,1.02762639522553
jor,2016,0.998381555080414
jor,2017,0.996847927570343
jor,2018,1.01270854473114
jor,2019,0.986726403236389
jor,2020,0.957914233207703
jor,2021,1.0
jor,2022,0.980774819850922
jor,2023,0.980352640151978
jpn,1954,0.600435674190521
jpn,1955,0.608387589454651
jpn,1956,0.616238236427307
jpn,1957,0.622264325618744
jpn,1958,0.626826405525208
jpn,1959,0.649078786373138
jpn,1960,0.680541515350342
jpn,1961,0.703593373298645
jpn,1962,0.713529050350189
jpn,1963,0.726276278495789
jpn,1964,0.750613629817963
jpn,1965,0.748919606208801
jpn,1966,0.770209908485413
jpn,1967,0.790833055973053
jpn,1968,0.821883261203766
jpn,1969,0.853713393211365
jpn,1970,0.872499406337738
jpn,1971,0.855281591415405
jpn,1972,0.872808933258057
jpn,1973,0.883806467056274
jpn,1974,0.851963996887207
jpn,1975,0.858355760574341
jpn,1976,0.854304432868958
jpn,1977,0.858650505542755
jpn,1978,0.870685756206513
jpn,1979,0.883068859577179
jpn,1980,0.875990688800812
jpn,1981,0.886861205101013
jpn,1982,0.89205527305603
jpn,1983,0.899385809898377
jpn,1984,0.912514090538025
jpn,1985,0.939042687416077
jpn,1986,0.945372641086578
jpn,1987,0.961629331111908
jpn,1988,0.987880289554596
jpn,1989,1.00477111339569
jpn,1990,1.02125227451324
jpn,1991,1.02722775936127
jpn,1992,1.0161464214325
jpn,1993,1.00513887405396
jpn,1994,0.999962449073792
jpn,1995,1.00339877605438
jpn,1996,1.00965857505798
jpn,1997,1.00203275680542
jpn,1998,0.984723806381226
jpn,1999,0.977458655834198
jpn,2000,0.989585041999817
jpn,2001,0.98855996131897
jpn,2002,0.990958333015442
jpn,2003,0.996456146240234
jpn,2004,1.00392937660217
jpn,2005,1.01189315319061
jpn,2006,1.00951302051544
jpn,2007,1.01439166069031
jpn,2008,1.00160491466522
jpn,2009,0.962928235530853
jpn,2010,0.995153784751892
jpn,2011,0.994750142097473
jpn,2012,1.00146508216858
jpn,2013,1.01748061180115
jpn,2014,1.01058149337769
jpn,2015,1.01847016811371
jpn,2016,1.01634430885315
jpn,2017,1.02103507518768
jpn,2018,1.01808106899261
jpn,2019,1.01419842243195
jpn,2020,0.985454976558685
jpn,2021,1.0
jpn,2022,0.997666299343109
jpn,2023,1.00498747825623
kaz,1994,0.598718643188477
kaz,1995,0.545823454856873
kaz,1996,0.549877285957336
kaz,1997,0.560334324836731
kaz,1998,0.566123843193054
kaz,1999,0.579451620578766
kaz,2000,0.623271346092224
kaz,2001,0.66914576292038
kaz,2002,0.723933100700378
kaz,2003,0.765217542648315
kaz,2004,0.805299282073975
kaz,2005,0.846879541873932
kaz,2006,0.8984814286232
kaz,2007,0.932348906993866
kaz,2008,0.921621382236481
kaz,2009,0.908393979072571
kaz,2010,0.939057767391205
kaz,2011,0.985099792480469
kaz,2012,0.978859663009644
kaz,2013,0.990415751934052
kaz,2014,1.00272345542908
kaz,2015,0.993563532829285
kaz,2016,0.979758739471436
kaz,2017,1.01620805263519
kaz,2018,1.02203094959259
kaz,2019,1.03207910060883
kaz,2020,1.00289726257324
kaz,2021,1.0
kaz,2022,0.996022522449493
kaz,2023,0.996297478675842
ken,1954,0.976270258426666
ken,1955,0.991286814212799
ken,1956,1.00975799560547
ken,1957,1.0306214094162
ken,1958,1.01964831352234
ken,1959,0.954900205135346
ken,1960,1.01468908786774
ken,1961,0.963622212409973
ken,1962,1.01590192317963
ken,1963,1.03846001625061
ken,1964,1.07288479804993
ken,1965,1.09125888347626
ken,1966,1.17767822742462
ken,1967,1.19498407840729
ken,1968,1.14641010761261
ken,1969,1.16909408569336
ken,1970,1.07030606269836
ken,1971,1.07162261009216
ken,1972,1.06892693042755
ken,1973,1.06518495082855
ken,1974,1.06492125988007
ken,1975,1.0242110490799
ken,1976,1.01735365390778
ken,1977,1.05252242088318
ken,1978,1.07779800891876
ken,1979,1.05946624279022
ken,1980,1.06787753105164
ken,1981,1.05947828292847
ken,1982,1.06574237346649
ken,1983,1.04121327400208
ken,1984,1.02469491958618
ken,1985,1.03184247016907
ken,1986,1.07143032550812
ken,1987,1.09133362770081
ken,1988,1.1147266626358
ken,1989,1.11725282669067
ken,1990,1.12427341938019
ken,1991,1.10220980644226
ken,1992,1.06008160114288
ken,1993,1.02427959442139
ken,1994,0.999569654464722
ken,1995,0.98481422662735
ken,1996,0.977284610271454
ken,1997,0.937965393066406
ken,1998,0.92572957277298
ken,1999,0.906323969364166
ken,2000,0.875084340572357
ken,2001,0.882737517356873
ken,2002,0.861130595207214
ken,2003,0.863595068454742
ken,2004,0.87279200553894
ken,2005,0.880400955677033
ken,2006,0.88457465171814
ken,2007,0.89672714471817
ken,2008,0.854265213012695
ken,2009,0.881472170352936
ken,2010,0.919595062732697
ken,2011,0.932215690612793
ken,2012,0.937011301517487
ken,2013,0.935671091079712
ken,2014,0.935096859931946
ken,2015,0.9494588971138
ken,2016,0.953469455242157
ken,2017,0.955406367778778
ken,2018,0.983159065246582
ken,2019,1.013747215271
ken,2020,0.999056041240692
ken,2021,1.0
ken,2022,0.98286110162735
ken,2023,0.992818951606751
kgz,1994,0.800574243068695
kgz,1995,0.753302216529846
kgz,1996,0.798255383968353
kgz,1997,0.868160843849182
kgz,1998,0.882589459419251
kgz,1999,0.892502844333649
kgz,2000,0.934638440608978
kgz,2001,0.981851816177368
kgz,2002,0.965738832950592
kgz,2003,1.01134073734283
kgz,2004,1.06029343605042
kgz,2005,1.03134119510651
kgz,2006,1.02375948429108
kgz,2007,1.06666707992554
kgz,2008,1.11901533603668
kgz,2009,1.11481034755707
kgz,2010,1.06770348548889
kgz,2011,1.07980680465698
kgz,2012,1.0291805267334
kgz,2013,1.10970377922058
kgz,2014,1.09328627586365
kgz,2015,1.09295678138733
kgz,2016,1.10315918922424
kgz,2017,1.1180282831192
kgz,2018,1.11233294010162
kgz,2019,1.10060346126556
kgz,2020,1.03081822395325
kgz,2021,1.0
kgz,2022,1.00432395935059
kgz,2023,1.01054656505585
kor,1957,0.391713052988052
kor,1958,0.404373735189438
kor,1959,0.41418781876564
kor,1960,0.420573711395264
kor,1961,0.424026757478714
kor,1962,0.419051736593246
kor,1963,0.425475001335144
kor,1964,0.452656924724579
kor,1965,0.447831362485886
kor,1966,0.470032900571823
kor,1967,0.461156904697418
kor,1968,0.463471263647079
kor,1969,0.48815056681633
kor,1970,0.510123252868652
kor,1971,0.529416561126709
kor,1972,0.53289270401001
kor,1973,0.567700207233429
kor,1974,0.577303946018219
kor,1975,0.582184255123138
kor,1976,0.5978963971138
kor,1977,0.608146846294403
kor,1978,0.597756862640381
kor,1979,0.590019464492798
kor,1980,0.546217083930969
kor,1981,0.548212587833405
kor,1982,0.555014073848724
kor,1983,0.590065121650696
kor,1984,0.619361221790314
kor,1985,0.624336361885071
kor,1986,0.641073703765869
kor,1987,0.664446651935577
kor,1988,0.693101227283478
kor,1989,0.696232318878174
kor,1990,0.710959017276764
kor,1991,0.727991044521332
kor,1992,0.726634621620178
kor,1993,0.729353845119476
kor,1994,0.741595983505249
kor,1995,0.753956496715546
kor,1996,0.762214362621307
kor,1997,0.774204969406128
kor,1998,0.755802989006043
kor,1999,0.804575800895691
kor,2000,0.818933725357056
kor,2001,0.820868313312531
kor,2002,0.847418367862701
kor,2003,0.851898908615112
kor,2004,0.8644739985466
kor,2005,0.879054725170136
kor,2006,0.890057265758514
kor,2007,0.913276493549347
kor,2008,0.928429543972015
kor,2009,0.924860417842865
kor,2010,0.956678032875061
kor,2011,0.961033284664154
kor,2012,0.956438481807709
kor,2013,0.961220502853394
kor,2014,0.965267717838287
kor,2015,0.962718307971954
kor,2016,0.968788385391235
kor,2017,0.980870187282562
kor,2018,0.993110656738281
kor,2019,0.99475109577179
kor,2020,0.987356901168823
kor,2021,1.0
kor,2022,0.99735951423645
kor,2023,0.976855278015137
kwt,1974,10.0503215789795
kwt,1975,7.48984909057617
kwt,1976,6.58052682876587
kwt,1977,5.04148006439209
kwt,1978,4.64798784255981
kwt,1979,4.75840330123901
kwt,1980,3.44519209861755
kwt,1981,2.5418016910553
kwt,1982,2.0264880657196
kwt,1983,1.95522272586823
kwt,1984,1.87011182308197
kwt,1985,1.66477167606354
kwt,1986,1.72611057758331
kwt,1987,1.7936999797821
kwt,1988,1.58679258823395
kwt,1989,1.96652042865753
kwt,1990,1.53119909763336
kwt,1991,0.92372065782547
kwt,1992,1.59476125240326
kwt,1993,2.06669497489929
kwt,1994,2.20395374298096
kwt,1995,2.17307209968567
kwt,1996,2.14556407928467
kwt,1997,2.12797832489014
kwt,1998,2.09359741210938
kwt,1999,2.03342485427856
kwt,2000,2.13928318023682
kwt,2001,2.1170768737793
kwt,2002,2.09086680412293
kwt,2003,2.32081317901611
kwt,2004,2.40901827812195
kwt,2005,2.46404623985291
kwt,2006,2.36199474334717
kwt,2007,2.22323346138001
kwt,2008,2.03393840789795
kwt,2009,1.75978243350983
kwt,2010,1.58584630489349
kwt,2011,1.62311780452728
kwt,2012,1.62708044052124
kwt,2013,1.57574307918549
kwt,2014,1.47316920757294
kwt,2015,1.3513525724411
kwt,2016,1.2359539270401
kwt,2017,1.08055138587952
kwt,2018,1.02906906604767
kwt,2019,1.00803112983704
kwt,2020,0.984104156494141
kwt,2021,1.0
kwt,2022,0.983983635902405
kwt,2023,0.900872528553009
lao,1980,1.03559422492981
lao,1981,1.16794097423553
lao,1982,1.21467804908752
lao,1983,1.21623945236206
lao,1984,1.2687554359436
lao,1985,1.28865039348602
lao,1986,1.31306397914886
lao,1987,1.2202525138855
lao,1988,1.10940527915955
lao,1989,1.14227473735809
lao,1990,1.12537753582001
lao,1991,1.11158716678619
lao,1992,1.10263395309448
lao,1993,1.09538400173187
lao,1994,1.10033237934113
lao,1995,1.11322176456451
lao,1996,1.11804294586182
lao,1997,1.12591791152954
lao,1998,1.10335516929626
lao,1999,1.11467945575714
lao,2000,1.1392959356308
lao,2001,1.16277730464935
lao,2002,1.17813527584076
lao,2003,1.18487823009491
lao,2004,1.17821681499481
lao,2005,1.1486496925354
lao,2006,1.04087626934052
lao,2007,1.13080370426178
lao,2008,1.10600888729095
lao,2009,1.11674439907074
lao,2010,1.14615368843079
lao,2011,1.16214537620544
lao,2012,1.15863239765167
lao,2013,1.16584634780884
lao,2014,1.16586077213287
lao,2015,1.16658413410187
lao,2016,1.16601395606995
lao,2017,1.15421187877655
lao,2018,1.1272839307785
lao,2019,1.08707571029663
lao,2020,1.04046618938446
lao,2021,1.0
lao,2022,0.98422247171402
lao,2023,0.987825095653534
lka,1954,0.79960572719574
lka,1955,0.801656544208527
lka,1956,0.681057810783386
lka,1957,0.685744524002075
lka,1958,0.714573681354523
lka,1959,0.698473751544952
lka,1960,0.721510648727417
lka,1961,0.777259528636932
lka,1962,0.751029372215271
lka,1963,0.788123190402985
lka,1964,0.788806438446045
lka,1965,0.783052623271942
lka,1966,0.786478519439697
lka,1967,0.827014029026032
lka,1968,0.827938139438629
lka,1969,0.852649927139282
lka,1970,0.87833958864212
lka,1971,0.839714467525482
lka,1972,0.824230849742889
lka,1973,0.81639552116394
lka,1974,0.810564637184143
lka,1975,0.801803529262543
lka,1976,0.792543768882752
lka,1977,0.782137930393219
lka,1978,0.803566813468933
lka,1979,0.802683353424072
lka,1980,0.795887231826782
lka,1981,0.786466121673584
lka,1982,0.77769273519516
lka,1983,0.771407008171082
lka,1984,0.782139778137207
lka,1985,0.801364302635193
lka,1986,0.799493253231049
lka,1987,0.785121202468872
lka,1988,0.785644948482513
lka,1989,0.782158315181732
lka,1990,0.810321569442749
lka,1991,0.825939238071442
lka,1992,0.843730449676514
lka,1993,0.855619192123413
lka,1994,0.878401339054108
lka,1995,0.894941926002502
lka,1996,0.888408720493317
lka,1997,0.916774988174439
lka,1998,0.892939448356628
lka,1999,0.891226828098297
lka,2000,0.884333968162537
lka,2001,0.865078687667847
lka,2002,0.895188331604004
lka,2003,0.910170316696167
lka,2004,0.876935482025147
lka,2005,0.881801724433899
lka,2006,0.937582731246948
lka,2007,0.965037703514099
lka,2008,0.952796101570129
lka,2009,0.964024543762207
lka,2010,0.996550142765045
lka,2011,1.04051494598389
lka,2012,1.06508755683899
lka,2013,1.0333343744278
lka,2014,1.04630267620087
lka,2015,1.05626630783081
lka,2016,1.04280245304108
lka,2017,1.03722655773163
lka,2018,1.03468036651611
lka,2019,1.00603604316711
lka,2020,1.00562703609467
lka,2021,1.0
lka,2022,0.905452072620392
lka,2023,0.885736525058746
lso,1970,0.867838084697723
lso,1971,0.760305762290955
lso,1972,0.869069635868073
lso,1973,1.03877091407776
lso,1974,1.06299781799316
lso,1975,0.93096798658371
lso,1976,0.999110817909241
lso,1977,1.05779993534088
lso,1978,1.1647561788559
lso,1979,0.940703809261322
lso,1980,0.846781194210053
lso,1981,0.796386778354645
lso,1982,0.769858300685883
lso,1983,0.673718750476837
lso,1984,0.651002824306488
lso,1985,0.66458261013031
lso,1986,0.648960769176483
lso,1987,0.680827081203461
lso,1988,0.742504060268402
lso,1989,0.790813267230988
lso,1990,0.835480272769928
lso,1991,0.857641339302063
lso,1992,0.883571445941925
lso,1993,0.910176038742065
lso,1994,0.932031393051148
lso,1995,0.962028205394745
lso,1996,1.04327523708344
lso,1997,1.06286406517029
lso,1998,0.959013164043427
lso,1999,0.946615993976593
lso,2000,0.959411859512329
lso,2001,0.968248307704926
lso,2002,0.943133592605591
lso,2003,0.955165266990662
lso,2004,0.950183391571045
lso,2005,0.948900282382965
lso,2006,0.982007443904877
lso,2007,1.11553418636322
lso,2008,1.16090977191925
lso,2009,1.14280140399933
lso,2010,1.19610273838043
lso,2011,1.21697974205017
lso,2012,1.25300478935242
lso,2013,1.22967743873596
lso,2014,1.20359027385712
lso,2015,1.18671476840973
lso,2016,1.1172388792038
lso,2017,1.12203669548035
lso,2018,1.07433867454529
lso,2019,1.0578920841217
lso,2020,0.990082323551178
lso,2021,1.0
lso,2022,0.991716504096985
lso,2023,0.998312771320343
ltu,1994,0.547603189945221
ltu,1995,0.569222629070282
ltu,1996,0.588052809238434
ltu,1997,0.620012223720551
ltu,1998,0.641903400421143
ltu,1999,0.640123546123505
ltu,2000,0.640872299671173
ltu,2001,0.682885944843292
ltu,2002,0.705352187156677
ltu,2003,0.756204664707184
ltu,2004,0.766773641109467
ltu,2005,0.797830164432526
ltu,2006,0.834390938282013
ltu,2007,0.876691222190857
ltu,2008,0.874716341495514
ltu,2009,0.789380729198456
ltu,2010,0.803232669830322
ltu,2011,0.845076203346252
ltu,2012,0.866788983345032
ltu,2013,0.88911908864975
ltu,2014,0.89932918548584
ltu,2015,0.895632982254028
ltu,2016,0.886399984359741
ltu,2017,0.925027072429657
ltu,2018,0.941887974739075
ltu,2019,0.96184378862381
ltu,2020,0.976898074150085
ltu,2021,1.0
ltu,2022,0.972163021564484
ltu,2023,0.939469873905182
lux,1954,0.944449603557587
lux,1955,0.949032604694367
lux,1956,0.956122100353241
lux,1957,0.967799723148346
lux,1958,0.949836552143097
lux,1959,0.912290632724762
lux,1960,0.924827933311462
lux,1961,0.920674443244934
lux,1962,0.89039421081543
lux,1963,0.879767119884491
lux,1964,0.912712097167969
lux,1965,0.890503287315369
lux,1966,0.873330175876617
lux,1967,0.875860393047333
lux,1968,0.910388827323914
lux,1969,0.980926275253296
lux,1970,0.964547216892242
lux,1971,0.93996649980545
lux,1972,0.949826300144196
lux,1973,0.976609468460083
lux,1974,0.971622407436371
lux,1975,0.871465444564819
lux,1976,0.8842733502388
lux,1977,0.881806969642639
lux,1978,0.895947396755219
lux,1979,0.901671350002289
lux,1980,0.887145578861237
lux,1981,0.873298048973084
lux,1982,0.877231657505035
lux,1983,0.891178548336029
lux,1984,0.934870660305023
lux,1985,0.944477498531342
lux,1986,1.00271332263947
lux,1987,0.99796462059021
lux,1988,1.0283967256546
lux,1989,1.07793927192688
lux,1990,1.08499622344971
lux,1991,1.12487363815308
lux,1992,1.11914539337158
lux,1993,1.12355184555054
lux,1994,1.13363575935364
lux,1995,1.10756969451904
lux,1996,1.09554076194763
lux,1997,1.10645806789398
lux,1998,1.12578320503235
lux,1999,1.15058982372284
lux,2000,1.16447746753693
lux,2001,1.13796997070313
lux,2002,1.13393926620483
lux,2003,1.12648594379425
lux,2004,1.13014793395996
lux,2005,1.12398719787598
lux,2006,1.14325523376465
lux,2007,1.17131912708282
lux,2008,1.10638189315796
lux,2009,1.06268858909607
lux,2010,1.06876134872437
lux,2011,1.04205584526062
lux,2012,1.0211569070816
lux,2013,1.02207851409912
lux,2014,1.00685453414917
lux,2015,1.02462160587311
lux,2016,1.0420298576355
lux,2017,1.02022051811218
lux,2018,1.00282633304596
lux,2019,0.9958216547966
lux,2020,0.988051235675812
lux,2021,1.0
lux,2022,0.982728779315949
lux,2023,0.946880161762238
lva,1994,0.502878248691559
lva,1995,0.513091623783112
lva,1996,0.523143351078033
lva,1997,0.555904805660248
lva,1998,0.583831131458283
lva,1999,0.598218142986298
lva,2000,0.632714152336121
lva,2001,0.6506108045578
lva,2002,0.687496900558472
lva,2003,0.723389029502869
lva,2004,0.763210594654083
lva,2005,0.801720201969147
lva,2006,0.845177590847015
lva,2007,0.881231009960175
lva,2008,0.845571935176849
lva,2009,0.79176652431488
lva,2010,0.799887657165527
lva,2011,0.810924053192139
lva,2012,0.859819889068604
lva,2013,0.860553622245789
lva,2014,0.877110302448273
lva,2015,0.909331262111664
lva,2016,0.929201602935791
lva,2017,0.956206321716309
lva,2018,0.96942412853241
lva,2019,0.954732358455658
lva,2020,0.950158536434174
lva,2021,1.0
lva,2022,0.996461510658264
lva,2023,1.00154221057892
mac,1980,2.0929057598114
mac,1981,2.12268328666687
mac,1982,2.10799074172974
mac,1983,2.16343903541565
mac,1984,2.1954607963562
mac,1985,2.07419610023499
mac,1986,2.06234169006348
mac,1987,2.18954372406006
mac,1988,2.18761682510376
mac,1989,2.13579940795898
mac,1990,2.17178821563721
mac,1991,2.06304574012756
mac,1992,2.13668775558472
mac,1993,2.05486440658569
mac,1994,1.98109865188599
mac,1995,1.90623784065247
mac,1996,1.78975558280945
mac,1997,1.72042500972748
mac,1998,1.60018110275269
mac,1999,1.52724945545197
mac,2000,1.60485506057739
mac,2001,1.61446642875671
mac,2002,1.74718046188355
mac,2003,1.90159869194031
mac,2004,2.24372863769531
mac,2005,2.17726135253906
mac,2006,2.13883280754089
mac,2007,2.11069321632385
mac,2008,1.97143423557282
mac,2009,1.93897724151611
mac,2010,2.35031080245972
mac,2011,2.72516369819641
mac,2012,2.80229759216309
mac,2013,2.9084632396698
mac,2014,2.59694027900696
mac,2015,1.89336609840393
mac,2016,1.80376875400543
mac,2017,1.91301643848419
mac,2018,1.94957220554352
mac,2019,1.85388278961182
mac,2020,0.830495119094849
mac,2021,1.0
mac,2022,0.797744512557983
mac,2023,1.36594998836517
mar,1954,0.627992033958435
mar,1955,0.575397729873657
mar,1956,0.581270694732666
mar,1957,0.559775292873383
mar,1958,0.617054402828217
mar,1959,0.623344004154205
mar,1960,0.630291700363159
mar,1961,0.807312309741974
mar,1962,0.839352250099182
mar,1963,0.950580298900604
mar,1964,0.98759263753891
mar,1965,0.958476603031158
mar,1966,0.907569229602814
mar,1967,0.92436945438385
mar,1968,0.958818435668945
mar,1969,1.02524495124817
mar,1970,1.03587317466736
mar,1971,1.0397447347641
mar,1972,1.04029810428619
mar,1973,1.0395542383194
mar,1974,1.0669949054718
mar,1975,1.0519688129425
mar,1976,1.05676090717316
mar,1977,1.01833736896515
mar,1978,1.00080621242523
mar,1979,1.00407910346985
mar,1980,1.00380790233612
mar,1981,0.940934479236603
mar,1982,0.987524271011353
mar,1983,0.9464111328125
mar,1984,0.949682295322418
mar,1985,0.964113116264343
mar,1986,1.01015400886536
mar,1987,0.95142525434494
mar,1988,0.999444544315338
mar,1989,0.979774653911591
mar,1990,0.972843706607819
mar,1991,0.997006952762604
mar,1992,0.924440801143646
mar,1993,0.884805560112
mar,1994,0.935080707073212
mar,1995,0.845998764038086
mar,1996,0.911206781864166
mar,1997,0.857604026794434
mar,1998,0.878908574581146
mar,1999,0.841546833515167
mar,2000,0.824303448200226
mar,2001,0.86601334810257
mar,2002,0.865483582019806
mar,2003,0.87399560213089
mar,2004,0.877057015895844
mar,2005,0.867534339427948
mar,2006,0.903349459171295
mar,2007,0.882650077342987
mar,2008,0.898857414722443
mar,2009,0.949228644371033
mar,2010,0.959780633449554
mar,2011,0.992288887500763
mar,2012,0.990945219993591
mar,2013,1.01245939731598
mar,2014,1.03287732601166
mar,2015,1.05026030540466
mar,2016,1.02636682987213
mar,2017,1.04288494586945
mar,2018,1.03376448154449
mar,2019,1.03418409824371
mar,2020,0.968317687511444
mar,2021,1.0
mar,2022,0.997723758220673
mar,2023,1.00703644752502
mda,1994,0.448531329631805
mda,1995,0.444970160722733
mda,1996,0.419901579618454
mda,1997,0.428978562355042
mda,1998,0.398254543542862
mda,1999,0.408407419919968
mda,2000,0.416315138339996
mda,2001,0.447377145290375
mda,2002,0.483863651752472
mda,2003,0.550685882568359
mda,2004,0.598775625228882
mda,2005,0.639112651348114
mda,2006,0.682725548744202
mda,2007,0.701047003269196
mda,2008,0.743518173694611
mda,2009,0.706710994243622
mda,2010,0.741587042808533
mda,2011,0.771259009838104
mda,2012,0.779395997524262
mda,2013,0.866089344024658
mda,2014,0.882094740867615
mda,2015,0.884809255599976
mda,2016,0.936686396598816
mda,2017,0.974023103713989
mda,2018,0.999829649925232
mda,2019,1.00349104404449
mda,2020,0.93415641784668
mda,2021,1.0
mda,2022,0.935384750366211
mda,2023,0.981882870197296
mex,1954,1.44424748420715
mex,1955,1.48904526233673
mex,1956,1.51335144042969
mex,1957,1.54137945175171
mex,1958,1.53617966175079
mex,1959,1.5019474029541
mex,1960,1.56177377700806
mex,1961,1.52657723426819
mex,1962,1.51453197002411
mex,1963,1.57399904727936
mex,1964,1.68111145496368
mex,1965,1.66074812412262
mex,1966,1.65216159820557
mex,1967,1.64105045795441
mex,1968,1.67338061332703
mex,1969,1.6449658870697
mex,1970,1.66196918487549
mex,1971,1.63222932815552
mex,1972,1.66293561458588
mex,1973,1.68382227420807
mex,1974,1.66766500473022
mex,1975,1.63777732849121
mex,1976,1.60788869857788
mex,1977,1.58041632175446
mex,1978,1.61213803291321
mex,1979,1.63339972496033
mex,1980,1.63481044769287
mex,1981,1.65114796161652
mex,1982,1.55618727207184
mex,1983,1.45986342430115
mex,1984,1.45809388160706
mex,1985,1.43494260311127
mex,1986,1.33949077129364
mex,1987,1.32311856746674
mex,1988,1.29606592655182
mex,1989,1.29086911678314
mex,1990,1.27513456344605
mex,1991,1.2739200592041
mex,1992,1.2563089132309
mex,1993,1.25289046764374
mex,1994,1.26366746425629
mex,1995,1.1894189119339
mex,1996,1.22439348697662
mex,1997,1.26761698722839
mex,1998,1.28535234928131
mex,1999,1.25178873538971
mex,2000,1.26312029361725
mex,2001,1.22626578807831
mex,2002,1.20410788059235
mex,2003,1.18599653244019
mex,2004,1.18501901626587
mex,2005,1.17951595783234
mex,2006,1.19623112678528
mex,2007,1.18715393543243
mex,2008,1.15977847576141
mex,2009,1.0677661895752
mex,2010,1.09385406970978
mex,2011,1.09738671779633
mex,2012,1.09892416000366
mex,2013,1.08203828334808
mex,2014,1.08731949329376
mex,2015,1.08345293998718
mex,2016,1.07127821445465
mex,2017,1.06555926799774
mex,2018,1.05838358402252
mex,2019,1.0322597026825
mex,2020,0.977147042751312
mex,2021,1.0
mex,2022,0.994988083839417
mex,2023,1.0007426738739
mlt,1958,0.528539061546326
mlt,1959,0.509015560150147
mlt,1960,0.529368281364441
mlt,1961,0.510861873626709
mlt,1962,0.473131239414215
mlt,1963,0.460267722606659
mlt,1964,0.450970232486725
mlt,1965,0.46232345700264
mlt,1966,0.491393595933914
mlt,1967,0.508138716220856
mlt,1968,0.534491002559662
mlt,1969,0.541153073310852
mlt,1970,0.593248963356018
mlt,1971,0.588311731815338
mlt,1972,0.599757492542267
mlt,1973,0.59906393289566
mlt,1974,0.63142603635788
mlt,1975,0.722950637340546
mlt,1976,0.801473319530487
mlt,1977,0.852369248867035
mlt,1978,0.902160167694092
mlt,1979,0.946230709552765
mlt,1980,0.970037877559662
mlt,1981,0.960632801055908
mlt,1982,0.9577397108078
mlt,1983,0.891351997852325
mlt,1984,0.845974504947662
mlt,1985,0.818626642227173
mlt,1986,0.816770732402802
mlt,1987,0.785082995891571
mlt,1988,0.802850067615509
mlt,1989,0.829270243644714
mlt,1990,0.845085978507996
mlt,1991,0.857674777507782
mlt,1992,0.868935585021973
mlt,1993,0.872435986995697
mlt,1994,0.878263354301453
mlt,1995,0.875626146793366
mlt,1996,0.864845812320709
mlt,1997,0.871461093425751
mlt,1998,0.875298023223877
mlt,1999,0.878920793533325
mlt,2000,0.902306377887726
mlt,2001,0.881552934646606
mlt,2002,0.892761468887329
mlt,2003,0.900063633918762
mlt,2004,0.899199604988098
mlt,2005,0.893471837043762
mlt,2006,0.881659924983978
mlt,2007,0.883870601654053
mlt,2008,0.888553738594055
mlt,2009,0.858717560768127
mlt,2010,0.891550004482269
mlt,2011,0.883038401603699
mlt,2012,0.888614177703857
mlt,2013,0.911301732063294
mlt,2014,0.950034320354462
mlt,2015,0.980017364025116
mlt,2016,0.946313858032227
mlt,2017,1.01597547531128
mlt,2018,1.01221930980682
mlt,2019,0.97471559047699
mlt,2020,0.936780571937561
mlt,2021,1.0
mlt,2022,0.983755171298981
mlt,2023,1.01046085357666
mng,1980,0.726764798164368
mng,1981,0.739538133144379
mng,1982,0.75154036283493
mng,1983,0.752260208129883
mng,1984,0.752808809280396
mng,1985,0.755505740642548
mng,1986,0.782972812652588
mng,1987,0.76937747001648
mng,1988,0.767234325408936
mng,1989,0.75229012966156
mng,1990,0.736341834068298
mng,1991,0.645579278469086
mng,1992,0.571604251861572
mng,1993,0.535860776901245
mng,1994,0.538488030433655
mng,1995,0.570279598236084
mng,1996,0.57260924577713
mng,1997,0.582272827625275
mng,1998,0.579947233200073
mng,1999,0.580885946750641
mng,2000,0.570398688316345
mng,2001,0.578688979148865
mng,2002,0.591221213340759
mng,2003,0.612573742866516
mng,2004,0.651517510414124
mng,2005,0.677236080169678
mng,2006,0.695798218250275
mng,2007,0.72956258058548
mng,2008,0.761744141578674
mng,2009,0.725077927112579
mng,2010,0.713218331336975
mng,2011,0.776895880699158
mng,2012,0.812767207622528
mng,2013,0.854832589626312
mng,2014,0.904125094413757
mng,2015,0.90730607509613
mng,2016,0.927311778068543
mng,2017,0.95840585231781
mng,2018,0.994028627872467
mng,2019,1.01456141471863
mng,2020,0.997844874858856
mng,2021,1.0
mng,2022,0.989511013031006
mng,2023,1.01904141902924
moz,1964,1.01209855079651
moz,1965,1.00476980209351
moz,1966,0.992469787597656
moz,1967,1.08919036388397
moz,1968,1.11002171039581
moz,1969,1.14988529682159
moz,1970,1.07594788074493
moz,1971,1.10690212249756
moz,1972,1.10927319526672
moz,1973,1.10936331748962
moz,1974,1.13340449333191
moz,1975,1.11593556404114
moz,1976,1.1296398639679
moz,1977,1.08296585083008
moz,1978,1.05135500431061
moz,1979,1.04176664352417
moz,1980,1.04815661907196
moz,1981,1.03442513942719
moz,1982,0.973129749298096
moz,1983,0.847608506679535
moz,1984,0.865179061889648
moz,1985,0.788182079792023
moz,1986,0.792204916477203
moz,1987,0.814271926879883
moz,1988,0.846482634544373
moz,1989,0.882695853710175
moz,1990,0.853200256824493
moz,1991,0.843549370765686
moz,1992,0.739604353904724
moz,1993,0.769582509994507
moz,1994,0.767911195755005
moz,1995,0.732323467731476
moz,1996,0.773450911045075
moz,1997,0.822586953639984
moz,1998,0.865366458892822
moz,1999,0.891992270946503
moz,2000,0.844900548458099
moz,2001,0.914277136325836
moz,2002,0.952886164188385
moz,2003,0.976520478725433
moz,2004,1.01395332813263
moz,2005,1.03011763095856
moz,2006,1.08027040958405
moz,2007,1.10811460018158
moz,2008,1.11272764205933
moz,2009,1.12888383865356
moz,2010,1.14349114894867
moz,2011,1.15018081665039
moz,2012,1.11326479911804
moz,2013,1.0715743303299
moz,2014,1.05804944038391
moz,2015,1.0706821680069
moz,2016,1.05161464214325
moz,2017,1.0748690366745
moz,2018,1.05001974105835
moz,2019,1.0434103012085
moz,2020,1.02222859859467
moz,2021,1.0
moz,2022,0.962467014789581
moz,2023,0.987985908985138
mrt,1977,1.23793685436249
mrt,1978,1.13431310653687
mrt,1979,1.22944211959839
mrt,1980,1.22082376480103
mrt,1981,1.23922181129456
mrt,1982,1.11596512794495
mrt,1983,1.10729598999023
mrt,1984,1.03819012641907
mrt,1985,1.03666484355927
mrt,1986,1.076056599617
mrt,1987,1.07376062870026
mrt,1988,1.065514087677
mrt,1989,1.08638405799866
mrt,1990,1.06428396701813
mrt,1991,1.07237446308136
mrt,1992,1.06147360801697
mrt,1993,1.10806965827942
mrt,1994,1.12156760692596
mrt,1995,1.055823802948
mrt,1996,1.14786291122437
mrt,1997,1.08556985855103
mrt,1998,1.08786809444428
mrt,1999,1.09618520736694
mrt,2000,1.01185190677643
mrt,2001,0.974443793296814
mrt,2002,0.954024791717529
mrt,2003,0.974234819412231
mrt,2004,0.969927430152893
mrt,2005,1.00490641593933
mrt,2006,1.13925421237946
mrt,2007,1.06205117702484
mrt,2008,1.02301776409149
mrt,2009,1.00092256069183
mrt,2010,0.979414761066437
mrt,2011,0.978519678115845
mrt,2012,0.978059470653534
mrt,2013,0.978789925575256
mrt,2014,0.987724006175995
mrt,2015,1.01447927951813
mrt,2016,1.00664615631104
mrt,2017,1.04196071624756
mrt,2018,1.05007088184357
mrt,2019,1.02225434780121
mrt,2020,1.02531754970551
mrt,2021,1.0
mrt,2022,1.0206401348114
mrt,2023,1.0564523935318
mus,1954,0.979584693908691
mus,1955,0.984951376914978
mus,1956,0.97226357460022
mus,1957,0.983899116516113
mus,1958,0.950447142124176
mus,1959,0.937764942646027
mus,1960,0.831046462059021
mus,1961,0.88079959154129
mus,1962,0.8755744099617
mus,1963,0.92700070142746
mus,1964,0.909562408924103
mus,1965,0.871978342533112
mus,1966,0.83179497718811
mus,1967,0.87316906452179
mus,1968,0.743768751621246
mus,1969,0.759344935417175
mus,1970,0.760334134101868
mus,1971,0.754473507404327
mus,1972,0.776643633842468
mus,1973,0.816788494586945
mus,1974,0.852553844451904
mus,1975,0.82118433713913
mus,1976,0.943165183067322
mus,1977,0.946550726890564
mus,1978,0.924464821815491
mus,1979,0.908248126506805
mus,1980,0.790332913398743
mus,1981,0.814565241336823
mus,1982,0.845226347446442
mus,1983,0.826940476894379
mus,1984,0.854296624660492
mus,1985,0.875341773033142
mus,1986,0.898413598537445
mus,1987,0.931979119777679
mus,1988,0.898397028446198
mus,1989,0.879517436027527
mus,1990,0.866154193878174
mus,1991,0.864252328872681
mus,1992,0.882412374019623
mus,1993,0.884545803070068
mus,1994,0.877174019813538
mus,1995,0.860039293766022
mus,1996,0.877267837524414
mus,1997,0.89251697063446
mus,1998,0.911430299282074
mus,1999,0.894573152065277
mus,2000,0.937613666057587
mus,2001,0.941477537155151
mus,2002,0.934016942977905
mus,2003,0.956172823905945
mus,2004,0.963673710823059
mus,2005,0.948875546455383
mus,2006,0.949731171131134
mus,2007,0.983818173408508
mus,2008,0.990757882595062
mus,2009,0.985293745994568
mus,2010,0.992878079414368
mus,2011,0.987918257713318
mus,2012,1.01314032077789
mus,2013,1.03244662284851
mus,2014,1.05248284339905
mus,2015,1.06745314598084
mus,2016,1.08270275592804
mus,2017,1.09251236915588
mus,2018,1.11780560016632
mus,2019,1.09434485435486
mus,2020,0.981878638267517
mus,2021,1.0
mus,2022,1.0023889541626
mus,2023,1.02756440639496
mys,1959,1.34751510620117
mys,1960,1.40705597400665
mys,1961,1.45249974727631
mys,1962,1.46090757846832
mys,1963,1.48394417762756
mys,1964,1.4828850030899
mys,1965,1.50888526439667
mys,1966,1.53447020053864
mys,1967,1.51333093643188
mys,1968,1.54532098770142
mys,1969,1.55694437026978
mys,1970,1.56188440322876
mys,1971,1.74101984500885
mys,1972,1.72570514678955
mys,1973,1.73970830440521
mys,1974,1.68814325332642
mys,1975,1.56303310394287
mys,1976,1.58456015586853
mys,1977,1.57202970981598
mys,1978,1.54142022132874
mys,1979,1.52902328968048
mys,1980,1.46780478954315
mys,1981,1.38158810138702
mys,1982,1.30608940124512
mys,1983,1.25607562065125
mys,1984,1.23143184185028
mys,1985,1.13877439498901
mys,1986,1.10047233104706
mys,1987,1.11375439167023
mys,1988,1.14670312404633
mys,1989,1.15763056278229
mys,1990,1.14993822574615
mys,1991,1.14179193973541
mys,1992,1.13025534152985
mys,1993,1.12020146846771
mys,1994,1.10536849498749
mys,1995,1.0813592672348
mys,1996,1.07292127609253
mys,1997,1.04548275470734
mys,1998,0.948293149471283
mys,1999,0.985847532749176
mys,2000,1.02266049385071
mys,2001,0.993512451648712
mys,2002,1.00054848194122
mys,2003,1.01508796215057
mys,2004,1.04360044002533
mys,2005,1.04936039447784
mys,2006,1.0601350069046
mys,2007,1.07682847976685
mys,2008,1.09282350540161
mys,2009,1.03613662719727
mys,2010,1.04681062698364
mys,2011,1.02950596809387
mys,2012,1.03636658191681
mys,2013,1.02228558063507
mys,2014,1.02585685253143
mys,2015,1.02677083015442
mys,2016,1.03030121326447
mys,2017,1.04043245315552
mys,2018,1.04954409599304
mys,2019,1.05466365814209
mys,2020,1.01114749908447
mys,2021,1.0
mys,2022,1.03659212589264
mys,2023,1.03953576087952
nam,1964,1.40016448497772
nam,1965,1.37659430503845
nam,1966,1.37029910087585
nam,1967,1.31274354457855
nam,1968,1.28293395042419
nam,1969,1.29370415210724
nam,1970,1.3388204574585
nam,1971,1.34500789642334
nam,1972,1.31081235408783
nam,1973,1.30516362190247
nam,1974,1.35096073150635
nam,1975,1.3403297662735
nam,1976,1.31092953681946
nam,1977,1.26430749893188
nam,1978,1.25480878353119
nam,1979,1.26251471042633
nam,1980,1.30858850479126
nam,1981,1.27399861812592
nam,1982,1.24126970767975
nam,1983,1.18737983703613
nam,1984,1.14399528503418
nam,1985,1.11101591587067
nam,1986,1.12985301017761
nam,1987,1.13033092021942
nam,1988,1.09668183326721
nam,1989,1.07088208198547
nam,1990,1.04670381546021
nam,1991,1.10944354534149
nam,1992,1.16355419158936
nam,1993,1.11403954029083
nam,1994,1.09379458427429
nam,1995,1.12831604480743
nam,1996,1.15950489044189
nam,1997,1.21498417854309
nam,1998,1.21506786346436
nam,1999,1.22674715518951
nam,2000,1.24988496303558
nam,2001,1.22649323940277
nam,2002,1.24487721920013
nam,2003,1.26588106155396
nam,2004,1.38182055950165
nam,2005,1.35415709018707
nam,2006,1.37223303318024
nam,2007,1.37257421016693
nam,2008,1.32898855209351
nam,2009,1.25182569026947
nam,2010,1.25069856643677
nam,2011,1.26658535003662
nam,2012,1.25912344455719
nam,2013,1.21710002422333
nam,2014,1.08315849304199
nam,2015,1.10110747814178
nam,2016,1.09445321559906
nam,2017,1.06977689266205
nam,2018,1.06562829017639
nam,2019,1.04715991020203
nam,2020,0.999120771884918
nam,2021,1.0
nam,2022,1.00467777252197
nam,2023,0.99119371175766
ner,1964,1.0913337469101
ner,1965,1.14203095436096
ner,1966,1.12409341335297
ner,1967,1.13406908512115
ner,1968,1.13794445991516
ner,1969,1.06715178489685
ner,1970,1.11677098274231
ner,1971,1.17564606666565
ner,1972,1.1008505821228
ner,1973,0.894452333450317
ner,1974,0.962087154388428
ner,1975,0.92891401052475
ner,1976,0.920657575130463
ner,1977,0.971193313598633
ner,1978,1.07141780853271
ner,1979,1.11118400096893
ner,1980,1.04904460906982
ner,1981,1.02548944950104
ner,1982,1.02858555316925
ner,1983,0.962062001228333
ner,1984,0.788780927658081
ner,1985,0.840424001216888
ner,1986,0.821403205394745
ner,1987,0.799959301948547
ner,1988,0.837781012058258
ner,1989,0.818945467472076
ner,1990,0.807618141174316
ner,1991,0.804457426071167
ner,1992,0.798095941543579
ner,1993,0.789460957050324
ner,1994,0.7904372215271
ner,1995,0.798151075839996
ner,1996,0.8225177526474
ner,1997,0.810129642486572
ner,1998,0.890557050704956
ner,1999,0.879252374172211
ner,2000,0.838056147098541
ner,2001,0.882554292678833
ner,2002,0.911515593528748
ner,2003,0.925445139408112
ner,2004,0.896144390106201
ner,2005,0.93313604593277
ner,2006,0.939624905586243
ner,2007,0.890145897865295
ner,2008,0.931610882282257
ner,2009,0.884254157543182
ner,2010,0.901826739311218
ner,2011,0.8786860704422
ner,2012,0.957257568836212
ner,2013,0.960402548313141
ner,2014,0.984241962432861
ner,2015,0.980161547660828
ner,2016,0.992136001586914
ner,2017,1.00193607807159
ner,2018,1.02535939216614
ner,2019,1.03228676319122
ner,2020,1.03518259525299
ner,2021,1.0
ner,2022,1.06125271320343
ner,2023,1.05040907859802
nga,1960,1.5411524772644
nga,1961,1.39220345020294
nga,1962,1.36579763889313
nga,1963,1.396404504776
nga,1964,1.34283590316772
nga,1965,1.166539311409
nga,1966,1.03519701957703
nga,1967,0.849828600883484
nga,1968,0.827831149101257
nga,1969,0.925293028354645
nga,1970,1.0134437084198
nga,1971,1.07623481750488
nga,1972,1.06855499744415
nga,1973,1.04280996322632
nga,1974,1.10012829303741
nga,1975,1.02067756652832
nga,1976,0.978656709194183
nga,1977,0.947579622268677
nga,1978,0.849568963050842
nga,1979,0.779586493968964
nga,1980,0.740298330783844
nga,1981,0.678982138633728
nga,1982,0.608022749423981
nga,1983,0.535069346427918
nga,1984,0.531884551048279
nga,1985,0.559399127960205
nga,1986,0.558202743530273
nga,1987,0.567192673683167
nga,1988,0.59608668088913
nga,1989,0.596959471702576
nga,1990,0.652717888355255
nga,1991,0.635494768619537
nga,1992,0.648531436920166
nga,1993,0.617927491664887
nga,1994,0.594194352626801
nga,1995,0.580683767795563
nga,1996,0.590999126434326
nga,1997,0.593334317207336
nga,1998,0.5986008644104
nga,1999,0.587682664394379
nga,2000,0.600982248783112
nga,2001,0.625994563102722
nga,2002,0.697707831859589
nga,2003,0.725575923919678
nga,2004,0.770268857479096
nga,2005,0.800767362117767
nga,2006,0.816390156745911
nga,2007,0.846766173839569
nga,2008,0.881513953208923
nga,2009,0.927836358547211
nga,2010,0.986741065979004
nga,2011,1.01172316074371
nga,2012,1.0327924489975
nga,2013,1.06540131568909
nga,2014,1.09036707878113
nga,2015,1.07644808292389
nga,2016,1.02533411979675
nga,2017,1.01653754711151
nga,2018,1.02512729167938
nga,2019,1.03359484672546
nga,2020,0.996155202388763
nga,2021,1.0
nga,2022,0.995958983898163
nga,2023,0.987735211849213
nic,1980,1.68244421482086
nic,1981,1.70062589645386
nic,1982,1.64001333713532
nic,1983,1.65482461452484
nic,1984,1.56906175613403
nic,1985,1.45602941513062
nic,1986,1.39540529251099
nic,1987,1.3326929807663
nic,1988,1.12725186347961
nic,1989,1.07436418533325
nic,1990,1.0528599023819
nic,1991,1.05273509025574
nic,1992,1.04927742481232
nic,1993,1.03501689434052
nic,1994,1.02754235267639
nic,1995,1.0502598285675
nic,1996,1.07110333442688
nic,1997,1.0583770275116
nic,1998,1.04506814479828
nic,1999,1.04852831363678
nic,2000,1.035231590271
nic,2001,1.03851759433746
nic,2002,1.02160739898682
nic,2003,1.01980876922607
nic,2004,1.03304576873779
nic,2005,1.03484761714935
nic,2006,1.03715491294861
nic,2007,1.04407024383545
nic,2008,1.05124735832214
nic,2009,1.01217472553253
nic,2010,1.01700294017792
nic,2011,1.02981865406036
nic,2012,1.03991055488586
nic,2013,1.0434638261795
nic,2014,1.04252624511719
nic,2015,1.04254519939423
nic,2016,1.04314172267914
nic,2017,1.04798173904419
nic,2018,0.997258186340332
nic,2019,0.958760142326355
nic,2020,0.938797175884247
nic,2021,1.0
nic,2022,0.993379533290863
nic,2023,1.00375020503998
nld,1954,0.530714750289917
nld,1955,0.546807944774628
nld,1956,0.550178289413452
nld,1957,0.549917221069336
nld,1958,0.538729429244995
nld,1959,0.549281179904938
nld,1960,0.584766447544098
nld,1961,0.588536202907562
nld,1962,0.599884033203125
nld,1963,0.605089008808136
nld,1964,0.638271450996399
nld,1965,0.652140617370606
nld,1966,0.648613154888153
nld,1967,0.669974803924561
nld,1968,0.697130441665649
nld,1969,0.726672768592835
nld,1970,0.755838871002197
nld,1971,0.775085151195526
nld,1972,0.783094346523285
nld,1973,0.817219257354736
nld,1974,0.852482557296753
nld,1975,0.860765159130096
nld,1976,0.891478836536408
nld,1977,0.901790678501129
nld,1978,0.910944819450378
nld,1979,0.91047203540802
nld,1980,0.914738714694977
nld,1981,0.901354908943176
nld,1982,0.896309494972229
nld,1983,0.915891706943512
nld,1984,0.929442942142487
nld,1985,0.934314966201782
nld,1986,0.936815321445465
nld,1987,0.936285316944122
nld,1988,0.942197382450104
nld,1989,0.952736020088196
nld,1990,0.959564507007599
nld,1991,0.960050106048584
nld,1992,0.9508016705513
nld,1993,0.952805697917938
nld,1994,0.961931467056274
nld,1995,0.960218369960785
nld,1996,0.958428740501404
nld,1997,0.969412446022034
nld,1998,0.982195138931274
nld,1999,0.993063092231751
nld,2000,1.01082313060761
nld,2001,1.01059412956238
nld,2002,1.00476539134979
nld,2003,1.0023717880249
nld,2004,1.01009976863861
nld,2005,1.02138364315033
nld,2006,1.0325448513031
nld,2007,1.03603947162628
nld,2008,1.03426218032837
nld,2009,0.995788812637329
nld,2010,1.00543034076691
nld,2011,1.00864255428314
nld,2012,0.996613681316376
nld,2013,0.994007349014282
nld,2014,1.00032937526703
nld,2015,1.00062739849091
nld,2016,1.00203740596771
nld,2017,1.00662899017334
nld,2018,1.00393080711365
nld,2019,0.999673545360565
nld,2020,0.976858854293823
nld,2021,1.0
nld,2022,1.01506805419922
nld,2023,0.996724307537079
nor,1954,0.569796681404114
nor,1955,0.571711599826813
nor,1956,0.577537953853607
nor,1957,0.591343343257904
nor,1958,0.593655705451965
nor,1959,0.604988992214203
nor,1960,0.621979415416718
nor,1961,0.643713116645813
nor,1962,0.648705244064331
nor,1963,0.660805761814117
nor,1964,0.677818298339844
nor,1965,0.701289474964142
nor,1966,0.707279443740845
nor,1967,0.730741143226624
nor,1968,0.740026473999023
nor,1969,0.76947546005249
nor,1970,0.765600502490997
nor,1971,0.784750759601593
nor,1972,0.809783160686493
nor,1973,0.824173152446747
nor,1974,0.832390427589417
nor,1975,0.843400478363037
nor,1976,0.862834990024567
nor,1977,0.86857807636261
nor,1978,0.881768643856049
nor,1979,0.899236619472504
nor,1980,0.906526267528534
nor,1981,0.894924163818359
nor,1982,0.879913866519928
nor,1983,0.897781431674957
nor,1984,0.927568256855011
nor,1985,0.945491969585419
nor,1986,0.945368349552155
nor,1987,0.941080272197723
nor,1988,0.924511671066284
nor,1989,0.938463032245636
nor,1990,0.956542432308197
nor,1991,0.985750615596771
nor,1992,1.0126439332962
nor,1993,1.02948725223541
nor,1994,1.06241011619568
nor,1995,1.08715999126434
nor,1996,1.11241221427917
nor,1997,1.12838876247406
nor,1998,1.11067664623261
nor,1999,1.10365462303162
nor,2000,1.12490797042847
nor,2001,1.13673949241638
nor,2002,1.13937556743622
nor,2003,1.14832055568695
nor,2004,1.163898229599
nor,2005,1.16281950473785
nor,2006,1.14748454093933
nor,2007,1.12511253356934
nor,2008,1.08414089679718
nor,2009,1.05264973640442
nor,2010,1.04419207572937
nor,2011,1.03209042549133
nor,2012,1.03517317771912
nor,2013,1.02669537067413
nor,2014,1.02618193626404
nor,2015,1.02973687648773
nor,2016,1.02429831027985
nor,2017,1.03251612186432
nor,2018,1.01751840114594
nor,2019,1.00314593315125
nor,2020,0.987697005271912
nor,2021,1.0
nor,2022,0.998436391353607
nor,2023,0.980952680110931
nzl,1954,0.866346716880798
nzl,1955,0.8697469830513
nzl,1956,0.859255313873291
nzl,1957,0.882922053337097
nzl,1958,0.873344838619232
nzl,1959,0.874692440032959
nzl,1960,0.991703987121582
nzl,1961,1.01462662220001
nzl,1962,0.998223125934601
nzl,1963,1.03587698936462
nzl,1964,1.04400932788849
nzl,1965,1.05916523933411
nzl,1966,1.06324338912964
nzl,1967,0.975574970245361
nzl,1968,0.959847092628479
nzl,1969,1.02984189987183
nzl,1970,1.00375270843506
nzl,1971,1.00287199020386
nzl,1972,1.02180206775665
nzl,1973,1.05894362926483
nzl,1974,1.06114113330841
nzl,1975,1.00475490093231
nzl,1976,0.994796931743622
nzl,1977,0.944539844989777
nzl,1978,0.90720134973526
nzl,1979,0.921993970870972
nzl,1980,0.926982641220093
nzl,1981,0.971483469009399
nzl,1982,0.956581056118012
nzl,1983,0.954969942569733
nzl,1984,0.976962924003601
nzl,1985,0.954803824424744
nzl,1986,0.902148246765137
nzl,1987,0.899961054325104
nzl,1988,0.925428926944733
nzl,1989,0.935866296291351
nzl,1990,0.925588607788086
nzl,1991,0.921440064907074
nzl,1992,0.92037171125412
nzl,1993,0.941036701202393
nzl,1994,0.956931173801422
nzl,1995,0.952280938625336
nzl,1996,0.950945258140564
nzl,1997,0.964029788970947
nzl,1998,0.963047206401825
nzl,1999,0.980023741722107
nzl,2000,0.976820290088654
nzl,2001,0.985389590263367
nzl,2002,0.998131930828095
nzl,2003,1.00820207595825
nzl,2004,0.99058872461319
nzl,2005,0.985882937908173
nzl,2006,0.983065843582153
nzl,2007,0.998040020465851
nzl,2008,0.969582676887512
nzl,2009,0.998831212520599
nzl,2010,0.990898430347443
nzl,2011,0.995582640171051
nzl,2012,1.01177513599396
nzl,2013,0.990889966487885
nzl,2014,0.98473048210144
nzl,2015,0.993432343006134
nzl,2016,0.995882749557495
nzl,2017,0.992282271385193
nzl,2018,0.995964467525482
nzl,2019,0.984908521175385
nzl,2020,0.975765228271484
nzl,2021,1.0
nzl,2022,0.99078357219696
nzl,2023,0.967833995819092
pan,1969,1.260213971138
pan,1970,1.41995620727539
pan,1971,1.444669008255
pan,1972,1.37851524353027
pan,1973,1.35009944438934
pan,1974,1.29449045658112
pan,1975,1.30367064476013
pan,1976,1.25556135177612
pan,1977,1.24666881561279
pan,1978,1.28529155254364
pan,1979,1.26859927177429
pan,1980,1.40065622329712
pan,1981,1.44675934314728
pan,1982,1.43380582332611
pan,1983,1.33406257629395
pan,1984,1.31531846523285
pan,1985,1.34377717971802
pan,1986,1.36039209365845
pan,1987,1.32580769062042
pan,1988,1.21220660209656
pan,1989,1.20439040660858
pan,1990,1.29141294956207
pan,1991,1.37695646286011
pan,1992,1.38872015476227
pan,1993,1.36382150650024
pan,1994,1.3216644525528
pan,1995,1.25941431522369
pan,1996,1.2423586845398
pan,1997,1.24202442169189
pan,1998,1.25157845020294
pan,1999,1.22972893714905
pan,2000,1.23624885082245
pan,2001,1.20663797855377
pan,2002,1.18952548503876
pan,2003,1.2020468711853
pan,2004,1.23390555381775
pan,2005,1.26048862934113
pan,2006,1.30975532531738
pan,2007,1.36420261859894
pan,2008,1.34923076629639
pan,2009,1.30416667461395
pan,2010,1.29209101200104
pan,2011,1.31544232368469
pan,2012,1.31803131103516
pan,2013,1.27882993221283
pan,2014,1.23006343841553
pan,2015,1.19141221046448
pan,2016,1.15537369251251
pan,2017,1.13239121437073
pan,2018,1.08540904521942
pan,2019,1.05209791660309
pan,2020,0.905907452106476
pan,2021,1.0
pan,2022,1.05075752735138
pan,2023,1.05535399913788
per,1954,1.40422177314758
per,1955,1.41364586353302
per,1956,1.40640497207642
per,1957,1.42976760864258
per,1958,1.37361252307892
per,1959,1.38762962818146
per,1960,1.50427305698395
per,1961,1.56029856204987
per,1962,1.62622284889221
per,1963,1.63013827800751
per,1964,1.6825875043869
per,1965,1.70562815666199
per,1966,1.77218568325043
per,1967,1.77367925643921
per,1968,1.74348556995392
per,1969,1.76888203620911
per,1970,1.79482758045197
per,1971,1.78770565986633
per,1972,1.76423919200897
per,1973,1.765944480896
per,1974,1.79608142375946
per,1975,1.7728443145752
per,1976,1.72015631198883
per,1977,1.67334675788879
per,1978,1.58251285552979
per,1979,1.58995032310486
per,1980,1.58258414268494
per,1981,1.56007266044617
per,1982,1.48042225837708
per,1983,1.28413057327271
per,1984,1.30268394947052
per,1985,1.31809687614441
per,1986,1.36337733268738
per,1987,1.43451166152954
per,1988,1.2785804271698
per,1989,1.10626113414764
per,1990,1.03391110897064
per,1991,1.01499605178833
per,1992,0.99759566783905
per,1993,1.02006852626801
per,1994,1.08512341976166
per,1995,1.09405887126923
per,1996,1.06503891944885
per,1997,1.07407402992249
per,1998,1.01040637493134
per,1999,0.983200788497925
per,2000,0.96728903055191
per,2001,0.949655830860138
per,2002,0.975710868835449
per,2003,0.98863297700882
per,2004,1.003821849823
per,2005,1.02888906002045
per,2006,1.0625901222229
per,2007,1.09504532814026
per,2008,1.12510931491852
per,2009,1.08807599544525
per,2010,1.11317884922028
per,2011,1.1119521856308
per,2012,1.10623824596405
per,2013,1.10641896724701
per,2014,1.07780575752258
per,2015,1.06816065311432
per,2016,1.07538378238678
per,2017,1.06674265861511
per,2018,1.07237017154694
per,2019,1.05596232414246
per,2020,0.922110736370087
per,2021,1.0
per,2022,0.983376979827881
per,2023,0.962297022342682
phl,1954,1.23987019062042
phl,1955,1.24620091915131
phl,1956,1.27693712711334
phl,1957,1.28797829151154
phl,1958,1.26665151119232
phl,1959,1.27945911884308
phl,1960,1.27652835845947
phl,1961,1.25966882705688
phl,1962,1.24932742118835
phl,1963,1.26258218288422
phl,1964,1.22230160236359
phl,1965,1.24287486076355
phl,1966,1.21141886711121
phl,1967,1.20231759548187
phl,1968,1.21640467643738
phl,1969,1.23819303512573
phl,1970,1.24940824508667
phl,1971,1.21069669723511
phl,1972,1.23794806003571
phl,1973,1.26500248908997
phl,1974,1.24682533740997
phl,1975,1.23008620738983
phl,1976,1.28012883663178
phl,1977,1.27561390399933
phl,1978,1.22182965278625
phl,1979,1.21970558166504
phl,1980,1.21218395233154
phl,1981,1.15784120559692
phl,1982,1.14648962020874
phl,1983,1.05997538566589
phl,1984,0.946743786334992
phl,1985,0.875913143157959
phl,1986,0.89057195186615
phl,1987,0.919163763523102
phl,1988,0.952535331249237
phl,1989,0.973447620868683
phl,1990,0.960343778133392
phl,1991,0.925981044769287
phl,1992,0.896511375904083
phl,1993,0.886424422264099
phl,1994,0.88580185174942
phl,1995,0.89169305562973
phl,1996,0.909745216369629
phl,1997,0.902743637561798
phl,1998,0.873561322689056
phl,1999,0.868263423442841
phl,2000,0.87385892868042
phl,2001,0.89101368188858
phl,2002,0.893344759941101
phl,2003,0.902137696743012
phl,2004,0.922517597675324
phl,2005,0.938676595687866
phl,2006,0.959152638912201
phl,2007,0.974193513393402
phl,2008,0.978777706623077
phl,2009,0.960394442081451
phl,2010,0.974676012992859
phl,2011,0.977422297000885
phl,2012,1.00324738025665
phl,2013,1.02164673805237
phl,2014,1.05254542827606
phl,2015,1.06902730464935
phl,2016,1.04629158973694
phl,2017,1.07917284965515
phl,2018,1.07019734382629
phl,2019,1.06887376308441
phl,2020,1.04845714569092
phl,2021,1.0
phl,2022,0.966736257076263
phl,2023,0.973812460899353
pol,1974,0.804670572280884
pol,1975,0.817743539810181
pol,1976,0.851126134395599
pol,1977,0.873823523521423
pol,1978,0.872527062892914
pol,1979,0.873186111450195
pol,1980,0.795081913471222
pol,1981,0.699303865432739
pol,1982,0.666971504688263
pol,1983,0.689765691757202
pol,1984,0.708516120910645
pol,1985,0.713834226131439
pol,1986,0.728825390338898
pol,1987,0.724021255970001
pol,1988,0.734510898590088
pol,1989,0.721386909484863
pol,1990,0.720209956169128
pol,1991,0.682259202003479
pol,1992,0.694017708301544
pol,1993,0.713169395923615
pol,1994,0.72639137506485
pol,1995,0.745928943157196
pol,1996,0.763299286365509
pol,1997,0.778393387794495
pol,1998,0.780016124248505
pol,1999,0.80226731300354
pol,2000,0.830339431762695
pol,2001,0.834072768688202
pol,2002,0.854105532169342
pol,2003,0.874338507652283
pol,2004,0.895606637001038
pol,2005,0.895684123039246
pol,2006,0.908764183521271
pol,2007,0.915701687335968
pol,2008,0.907574355602264
pol,2009,0.914896786212921
pol,2010,0.93221777677536
pol,2011,0.949664831161499
pol,2012,0.939667046070099
pol,2013,0.931506931781769
pol,2014,0.935447514057159
pol,2015,0.942964136600494
pol,2016,0.948253870010376
pol,2017,0.979740023612976
pol,2018,1.02473855018616
pol,2019,1.03156626224518
pol,2020,0.98677521944046
pol,2021,1.0
pol,2022,1.03677296638489
pol,2023,1.01266515254974
prt,1954,0.743416786193848
prt,1955,0.763583660125732
prt,1956,0.784241378307343
prt,1957,0.806356549263001
prt,1958,0.798833906650543
prt,1959,0.832652270793915
prt,1960,0.870718419551849
prt,1961,0.910979449748993
prt,1962,0.945140480995178
prt,1963,0.979339957237244
prt,1964,1.00678110122681
prt,1965,1.04360270500183
prt,1966,1.04661202430725
prt,1967,1.10703098773956
prt,1968,1.23365128040314
prt,1969,1.24720859527588
prt,1970,1.30770826339722
prt,1971,1.33424162864685
prt,1972,1.36356985569
prt,1973,1.44123733043671
prt,1974,1.34576153755188
prt,1975,1.24085772037506
prt,1976,1.29489350318909
prt,1977,1.30231523513794
prt,1978,1.24947035312653
prt,1979,1.26068389415741
prt,1980,1.22383046150208
prt,1981,1.20113348960876
prt,1982,1.16938853263855
prt,1983,1.1130051612854
prt,1984,1.06307125091553
prt,1985,1.08452093601227
prt,1986,1.09198296070099
prt,1987,1.10444104671478
prt,1988,1.13514018058777
prt,1989,1.15069985389709
prt,1990,1.1511949300766
prt,1991,1.18135833740234
prt,1992,1.16312885284424
prt,1993,1.12548136711121
prt,1994,1.10900676250458
prt,1995,1.10383784770966
prt,1996,1.10143089294434
prt,1997,1.09997427463532
prt,1998,1.08957195281982
prt,1999,1.08419597148895
prt,2000,1.07244884967804
prt,2001,1.06887924671173
prt,2002,1.06271433830261
prt,2003,1.05151319503784
prt,2004,1.06249141693115
prt,2005,1.06319749355316
prt,2006,1.06351256370544
prt,2007,1.06416463851929
prt,2008,1.0502507686615
prt,2009,1.02061522006989
prt,2010,1.0325939655304
prt,2011,1.03093028068542
prt,2012,1.01859593391418
prt,2013,1.01946425437927
prt,2014,1.01067495346069
prt,2015,1.00976061820984
prt,2016,1.0108437538147
prt,2017,1.01820242404938
prt,2018,1.01892864704132
prt,2019,1.0285906791687
prt,2020,0.987152874469757
prt,2021,1.0
prt,2022,1.02108681201935
prt,2023,1.02879595756531
pry,1955,1.07380020618439
pry,1956,1.07127344608307
pry,1957,1.07961428165436
pry,1958,1.09679281711578
pry,1959,1.05856311321259
pry,1960,1.06122422218323
pry,1961,1.08886003494263
pry,1962,1.02850544452667
pry,1963,1.03662550449371
pry,1964,1.03342378139496
pry,1965,1.05813241004944
pry,1966,1.00102639198303
pry,1967,1.03448820114136
pry,1968,0.999876618385315
pry,1969,0.996167421340942
pry,1970,1.02920866012573
pry,1971,1.04343473911285
pry,1972,1.05944967269897
pry,1973,1.06632244586945
pry,1974,1.08734238147736
pry,1975,1.10958254337311
pry,1976,1.10481286048889
pry,1977,1.12765347957611
pry,1978,1.14923548698425
pry,1979,1.16612935066223
pry,1980,1.18564343452454
pry,1981,1.17107856273651
pry,1982,1.0913348197937
pry,1983,1.00602447986603
pry,1984,0.983511745929718
pry,1985,0.97578364610672
pry,1986,0.936444103717804
pry,1987,0.930578052997589
pry,1988,0.945249795913696
pry,1989,0.948229491710663
pry,1990,0.930303275585175
pry,1991,0.905316591262817
pry,1992,0.885571002960205
pry,1993,0.879584133625031
pry,1994,0.860187292098999
pry,1995,0.859449446201325
pry,1996,0.857490301132202
pry,1997,0.842535734176636
pry,1998,0.825637876987457
pry,1999,0.807127594947815
pry,2000,0.781130313873291
pry,2001,0.778996467590332
pry,2002,0.89737856388092
pry,2003,0.910964131355286
pry,2004,0.897589087486267
pry,2005,0.887337446212769
pry,2006,0.919744789600372
pry,2007,0.940268337726593
pry,2008,0.963626444339752
pry,2009,0.954597353935242
pry,2010,1.01372408866882
pry,2011,0.995940268039703
pry,2012,0.972411453723908
pry,2013,1.00783467292786
pry,2014,1.04576647281647
pry,2015,1.04571306705475
pry,2016,1.04952323436737
pry,2017,1.06203961372375
pry,2018,1.06235539913178
pry,2019,1.02503418922424
pry,2020,1.05111122131348
pry,2021,1.0
pry,2022,0.962105393409729
pry,2023,0.966996848583221
qat,1974,4.93635892868042
qat,1975,4.61800861358643
qat,1976,4.55658578872681
qat,1977,3.7839047908783
qat,1978,3.7562301158905
qat,1979,3.69747543334961
qat,1980,3.49114584922791
qat,1981,3.28856348991394
qat,1982,2.79626226425171
qat,1983,2.60579323768616
qat,1984,2.64245176315308
qat,1985,2.49466013908386
qat,1986,2.58908939361572
qat,1987,2.55622291564941
qat,1988,2.64810681343079
qat,1989,2.73936820030212
qat,1990,2.73503684997559
qat,1991,2.60233736038208
qat,1992,2.7796106338501
qat,1993,2.65520167350769
qat,1994,2.58385705947876
qat,1995,2.44068813323975
qat,1996,2.34306740760803
qat,1997,2.80333161354065
qat,1998,2.86260199546814
qat,1999,2.86704444885254
qat,2000,2.8731427192688
qat,2001,2.68224215507507
qat,2002,2.62513899803162
qat,2003,2.33051586151123
qat,2004,2.46253037452698
qat,2005,2.29539203643799
qat,2006,2.25382876396179
qat,2007,2.0144579410553
qat,2008,1.88539469242096
qat,2009,1.79326283931732
qat,2010,1.8414226770401
qat,2011,1.79855680465698
qat,2012,1.6613609790802
qat,2013,1.5520191192627
qat,2014,1.48843908309937
qat,2015,1.41181838512421
qat,2016,1.3166069984436
qat,2017,1.21957695484161
qat,2018,1.15359342098236
qat,2019,1.09324979782105
qat,2020,1.01551330089569
qat,2021,1.0
qat,2022,0.987877070903778
qat,2023,0.931832730770111
rou,1964,0.492790967226028
rou,1965,0.518482685089111
rou,1966,0.525842368602753
rou,1967,0.571793794631958
rou,1968,0.584415555000305
rou,1969,0.598106205463409
rou,1970,0.630509495735169
rou,1971,0.681537389755249
rou,1972,0.71746814250946
rou,1973,0.756630837917328
rou,1974,0.814644813537598
rou,1975,0.857788145542145
rou,1976,0.9142786860466
rou,1977,0.938996732234955
rou,1978,0.948022544384003
rou,1979,0.959790706634522
rou,1980,0.961500883102417
rou,1981,0.930805325508118
rou,1982,0.947349607944489
rou,1983,0.98032945394516
rou,1984,1.00614070892334
rou,1985,0.97631311416626
rou,1986,0.979883134365082
rou,1987,0.961934745311737
rou,1988,0.934542179107666
rou,1989,0.861302137374878
rou,1990,0.813303232192993
rou,1991,0.710824072360992
rou,1992,0.652250230312347
rou,1993,0.663412034511566
rou,1994,0.684624910354614
rou,1995,0.719604969024658
rou,1996,0.732162714004517
rou,1997,0.689612805843353
rou,1998,0.674431920051575
rou,1999,0.670647621154785
rou,2000,0.681912660598755
rou,2001,0.709360599517822
rou,2002,0.773323237895966
rou,2003,0.798108518123627
rou,2004,0.85251259803772
rou,2005,0.878023982048035
rou,2006,0.912761390209198
rou,2007,0.914208054542542
rou,2008,0.937267422676086
rou,2009,0.874021470546722
rou,2010,0.840818047523499
rou,2011,0.862686455249786
rou,2012,0.863591015338898
rou,2013,0.851895809173584
rou,2014,0.866081118583679
rou,2015,0.878638088703156
rou,2016,0.883496403694153
rou,2017,0.929644644260407
rou,2018,0.96677178144455
rou,2019,0.976130545139313
rou,2020,0.941790878772736
rou,2021,1.0
rou,2022,1.01755321025848
rou,2023,1.01016509532928
rus,1994,0.561211228370667
rus,1995,0.549717128276825
rus,1996,0.543451488018036
rus,1997,0.555486798286438
rus,1998,0.538014829158783
rus,1999,0.568670034408569
rus,2000,0.621374905109406
rus,2001,0.651161134243012
rus,2002,0.681516885757446
rus,2003,0.724230647087097
rus,2004,0.769054353237152
rus,2005,0.805030703544617
rus,2006,0.85235607624054
rus,2007,0.897834241390228
rus,2008,0.920713186264038
rus,2009,0.853902995586395
rus,2010,0.875532150268555
rus,2011,0.899710118770599
rus,2012,0.922812044620514
rus,2013,0.933326244354248
rus,2014,0.935588479042053
rus,2015,0.923041641712189
rus,2016,0.923141062259674
rus,2017,0.93746030330658
rus,2018,0.958951592445374
rus,2019,0.979481756687164
rus,2020,0.981372594833374
rus,2021,1.0
rus,2022,0.968100130558014
rus,2023,0.975467205047607
rwa,1964,0.60860151052475
rwa,1965,0.606046319007874
rwa,1966,0.587452352046967
rwa,1967,0.647425174713135
rwa,1968,0.6458939909935
rwa,1969,0.706042408943176
rwa,1970,0.733894288539887
rwa,1971,0.716646194458008
rwa,1972,0.685765564441681
rwa,1973,0.678885996341705
rwa,1974,0.662752985954285
rwa,1975,0.623352766036987
rwa,1976,0.710342407226563
rwa,1977,0.711664795875549
rwa,1978,0.742668628692627
rwa,1979,0.771318912506104
rwa,1980,0.812110722064972
rwa,1981,0.820163488388062
rwa,1982,0.795206367969513
rwa,1983,0.792527437210083
rwa,1984,0.70477682352066
rwa,1985,0.692921876907349
rwa,1986,0.691506385803223
rwa,1987,0.657034754753113
rwa,1988,0.626324653625488
rwa,1989,0.620159268379211
rwa,1990,0.592056334018707
rwa,1991,0.560015261173248
rwa,1992,0.583523273468018
rwa,1993,0.509542167186737
rwa,1994,0.296424895524979
rwa,1995,0.452845811843872
rwa,1996,0.473608464002609
rwa,1997,0.503901362419128
rwa,1998,0.55197149515152
rwa,1999,0.605498313903809
rwa,2000,0.645596563816071
rwa,2001,0.693344116210938
rwa,2002,0.77263742685318
rwa,2003,0.769211947917938
rwa,2004,0.803403556346893
rwa,2005,0.851122558116913
rwa,2006,0.870812654495239
rwa,2007,0.872647881507874
rwa,2008,0.895248472690582
rwa,2009,0.892704129219055
rwa,2010,0.895199298858643
rwa,2011,0.91250205039978
rwa,2012,0.923473715782166
rwa,2013,0.922038316726685
rwa,2014,0.935203075408936
rwa,2015,0.939551591873169
rwa,2016,0.915928900241852
rwa,2017,0.886650323867798
rwa,2018,0.875198006629944
rwa,2019,0.92841762304306
rwa,2020,0.822666168212891
rwa,2021,1.0
rwa,2022,0.973226249217987
rwa,2023,0.935654878616333
sau,1974,10.7240409851074
sau,1975,9.01776313781738
sau,1976,8.58716487884522
sau,1977,7.47626352310181
sau,1978,6.04655075073242
sau,1979,5.69983768463135
sau,1980,5.40081787109375
sau,1981,5.12624645233154
sau,1982,3.93748736381531
sau,1983,3.21375107765198
sau,1984,2.89721941947937
sau,1985,2.60718774795532
sau,1986,2.53362059593201
sau,1987,2.34974718093872
sau,1988,2.41204404830933
sau,1989,2.32711696624756
sau,1990,2.43823504447937
sau,1991,2.53773760795593
sau,1992,2.54950904846191
sau,1993,2.41989946365356
sau,1994,2.35442638397217
sau,1995,2.27157282829285
sau,1996,2.27117919921875
sau,1997,2.24650573730469
sau,1998,2.20444107055664
sau,1999,2.08397769927979
sau,2000,2.08840775489807
sau,2001,2.01122236251831
sau,2002,1.9208836555481
sau,2003,1.95987200737
sau,2004,1.9773017168045
sau,2005,1.92914485931396
sau,2006,1.81735050678253
sau,2007,1.68747067451477
sau,2008,1.63389801979065
sau,2009,1.49554038047791
sau,2010,1.43748331069946
sau,2011,1.42733025550842
sau,2012,1.39249241352081
sau,2013,1.32401788234711
sau,2014,1.27729797363281
sau,2015,1.23932290077209
sau,2016,1.18765962123871
sau,2017,1.15590393543243
sau,2018,1.14801406860352
sau,2019,1.10456216335297
sau,2020,1.04100835323334
sau,2021,1.0
sau,2022,0.989272832870483
sau,2023,0.946670114994049
sdn,1974,0.864573836326599
sdn,1975,0.952727198600769
sdn,1976,1.06951022148132
sdn,1977,1.10190534591675
sdn,1978,0.994160830974579
sdn,1979,0.91017347574234
sdn,1980,0.894557595252991
sdn,1981,0.918302953243256
sdn,1982,0.887818217277527
sdn,1983,0.828139305114746
sdn,1984,0.764585554599762
sdn,1985,0.785397052764893
sdn,1986,0.872850716114044
sdn,1987,0.841826975345612
sdn,1988,0.888965368270874
sdn,1989,0.82870751619339
sdn,1990,0.855675995349884
sdn,1991,0.884194850921631
sdn,1992,0.918567538261414
sdn,1993,0.883195042610169
sdn,1994,0.882650852203369
sdn,1995,0.884280860424042
sdn,1996,0.897185862064362
sdn,1997,0.930306494235992
sdn,1998,0.969542860984802
sdn,1999,0.939011871814728
sdn,2000,0.929544270038605
sdn,2001,0.99803763628006
sdn,2002,1.01517236232758
sdn,2003,1.03099310398102
sdn,2004,1.01445055007935
sdn,2005,1.07999169826508
sdn,2006,1.07147896289825
sdn,2007,1.03521156311035
sdn,2008,0.976635754108429
sdn,2009,0.98934018611908
sdn,2010,1.03410577774048
sdn,2011,0.987806558609009
sdn,2012,0.968962013721466
sdn,2013,1.00643444061279
sdn,2014,1.05045235157013
sdn,2015,1.05727529525757
sdn,2016,1.06504261493683
sdn,2017,1.08774411678314
sdn,2018,1.03122055530548
sdn,2019,1.07628262042999
sdn,2020,1.05240368843079
sdn,2021,1.0
sdn,2022,0.951804637908936
sdn,2023,0.853400886058807
sen,1964,1.83229792118073
sen,1965,1.8478022813797
sen,1966,1.89425039291382
sen,1967,1.8461058139801
sen,1968,1.93165242671967
sen,1969,1.76665377616882
sen,1970,1.88275980949402
sen,1971,1.82438468933105
sen,1972,1.8699848651886
sen,1973,1.71150386333466
sen,1974,1.73755168914795
sen,1975,1.79771792888641
sen,1976,1.89291155338287
sen,1977,1.79483902454376
sen,1978,1.62924301624298
sen,1979,1.72423088550568
sen,1980,1.6222597360611
sen,1981,1.55799436569214
sen,1982,1.73943603038788
sen,1983,1.71936893463135
sen,1984,1.58982729911804
sen,1985,1.59402358531952
sen,1986,1.60710406303406
sen,1987,1.59196984767914
sen,1988,1.59733331203461
sen,1989,1.50311374664307
sen,1990,1.50627708435059
sen,1991,1.44337105751038
sen,1992,1.44183969497681
sen,1993,1.37964844703674
sen,1994,1.38001489639282
sen,1995,1.3995007276535
sen,1996,1.42604732513428
sen,1997,1.3972407579422
sen,1998,1.38554263114929
sen,1999,1.45668756961823
sen,2000,1.46274769306183
sen,2001,1.48622024059296
sen,2002,1.44465851783752
sen,2003,1.48222303390503
sen,2004,1.49480605125427
sen,2005,1.50689804553986
sen,2006,1.47212910652161
sen,2007,1.45409107208252
sen,2008,1.43364322185516
sen,2009,1.3992303609848
sen,2010,1.37743532657623
sen,2011,1.32063484191895
sen,2012,1.30893874168396
sen,2013,1.26862168312073
sen,2014,1.27003037929535
sen,2015,1.25970673561096
sen,2016,1.21684038639069
sen,2017,1.16341078281403
sen,2018,1.13531458377838
sen,2019,1.05274105072021
sen,2020,1.02031075954437
sen,2021,1.0
sen,2022,0.950615525245667
sen,2023,0.925893008708954
sgp,1964,1.02977538108826
sgp,1965,1.04060840606689
sgp,1966,1.0731600522995
sgp,1967,1.11678445339203
sgp,1968,1.16881453990936
sgp,1969,1.20125699043274
sgp,1970,1.21112835407257
sgp,1971,1.16739070415497
sgp,1972,1.13690602779388
sgp,1973,1.14184069633484
sgp,1974,1.09151256084442
sgp,1975,1.05680370330811
sgp,1976,1.05084574222565
sgp,1977,1.06035649776459
sgp,1978,1.05032563209534
sgp,1979,1.05717051029205
sgp,1980,1.05816400051117
sgp,1981,1.03777384757996
sgp,1982,0.99208790063858
sgp,1983,0.988276541233063
sgp,1984,0.989680349826813
sgp,1985,0.948296666145325
sgp,1986,0.927404344081879
sgp,1987,0.967217266559601
sgp,1988,1.0100508928299
sgp,1989,1.02728688716888
sgp,1990,1.02590000629425
sgp,1991,1.01337206363678
sgp,1992,1.00631296634674
sgp,1993,1.05125296115875
sgp,1994,1.08304369449615
sgp,1995,1.07493412494659
sgp,1996,1.04952144622803
sgp,1997,1.02442002296448
sgp,1998,0.93312132358551
sgp,1999,0.925856292247772
sgp,2000,0.932715356349945
sgp,2001,0.89015257358551
sgp,2002,0.89600020647049
sgp,2003,0.922270894050598
sgp,2004,0.982536852359772
sgp,2005,1.00867784023285
sgp,2006,1.02543997764587
sgp,2007,1.03026211261749
sgp,2008,0.979084730148315
sgp,2009,0.93989372253418
sgp,2010,1.00115132331848
sgp,2011,1.01628160476685
sgp,2012,1.00673341751099
sgp,2013,0.999832153320313
sgp,2014,0.994693219661713
sgp,2015,0.990814864635468
sgp,2016,0.996704936027527
sgp,2017,1.01469099521637
sgp,2018,1.01999664306641
sgp,2019,0.998374879360199
sgp,2020,0.967580080032349
sgp,2021,1.0
sgp,2022,1.00961422920227
sgp,2023,0.991359412670136
sle,1980,1.15030324459076
sle,1981,1.14921402931213
sle,1982,1.13754665851593
sle,1983,1.09599983692169
sle,1984,1.11060333251953
sle,1985,1.10535740852356
sle,1986,1.09567308425903
sle,1987,1.11079096794128
sle,1988,1.10018122196198
sle,1989,1.09415948390961
sle,1990,1.10081779956818
sle,1991,0.9934361577034
sle,1992,0.894177913665772
sle,1993,0.893481969833374
sle,1994,0.908157885074616
sle,1995,0.813218295574188
sle,1996,0.605666220188141
sle,1997,0.500991523265839
sle,1998,0.496929079294205
sle,1999,0.461133807897568
sle,2000,0.472072005271912
sle,2001,0.538912117481232
sle,2002,0.653802037239075
sle,2003,0.690966784954071
sle,2004,0.699907660484314
sle,2005,0.709429740905762
sle,2006,0.721250891685486
sle,2007,0.760945498943329
sle,2008,0.783694326877594
sle,2009,0.790100753307343
sle,2010,0.739213764667511
sle,2011,0.683587849140167
sle,2012,0.732699334621429
sle,2013,0.843155026435852
sle,2014,0.845838010311127
sle,2015,0.721674680709839
sle,2016,0.825545907020569
sle,2017,0.909333229064941
sle,2018,1.00874197483063
sle,2019,1.01805484294891
sle,2020,0.983484387397766
sle,2021,1.0
sle,2022,0.994781911373138
sle,2023,0.996525526046753
slv,1975,1.91838443279266
slv,1976,1.86635363101959
slv,1977,1.82853877544403
slv,1978,1.80647540092468
slv,1979,1.68493103981018
slv,1980,1.56341397762299
slv,1981,1.43607223033905
slv,1982,1.36272513866425
slv,1983,1.36535251140594
slv,1984,1.38162124156952
slv,1985,1.39036500453949
slv,1986,1.3577036857605
slv,1987,1.33734595775604
slv,1988,1.30389285087585
slv,1989,1.26019537448883
slv,1990,1.27008509635925
slv,1991,1.24457025527954
slv,1992,1.27639758586884
slv,1993,1.26993143558502
slv,1994,1.25071334838867
slv,1995,1.25072824954987
slv,1996,1.20256721973419
slv,1997,1.19805085659027
slv,1998,1.16659772396088
slv,1999,1.1534411907196
slv,2000,1.12967360019684
slv,2001,1.10247278213501
slv,2002,1.11344826221466
slv,2003,1.09498047828674
slv,2004,1.08895099163055
slv,2005,1.09132385253906
slv,2006,1.10043561458588
slv,2007,1.07367789745331
slv,2008,1.07690370082855
slv,2009,1.0512775182724
slv,2010,1.05281758308411
slv,2011,1.05688309669495
slv,2012,1.04684162139893
slv,2013,1.03241300582886
slv,2014,1.02821099758148
slv,2015,1.02462244033813
slv,2016,1.01947772502899
slv,2017,1.01716649532318
slv,2018,1.00368797779083
slv,2019,0.98902839422226
slv,2020,0.926002562046051
slv,2021,1.0
slv,2022,0.984729170799255
slv,2023,0.980331599712372
srb,1994,0.437417894601822
srb,1995,0.464515179395676
srb,1996,0.493880867958069
srb,1997,0.500471711158752
srb,1998,0.517777264118195
srb,1999,0.572173535823822
srb,2000,0.616183161735535
srb,2001,0.660181522369385
srb,2002,0.716424643993378
srb,2003,0.753272652626038
srb,2004,0.80146998167038
srb,2005,0.86600661277771
srb,2006,0.904940664768219
srb,2007,0.928411543369293
srb,2008,0.922019183635712
srb,2009,0.922706544399262
srb,2010,0.969820857048035
srb,2011,1.00915729999542
srb,2012,0.99377566576004
srb,2013,1.02130126953125
srb,2014,0.998881936073303
srb,2015,0.960638165473938
srb,2016,0.95567113161087
srb,2017,0.960774600505829
srb,2018,0.974975347518921
srb,2019,0.986362159252167
srb,2020,0.968617916107178
srb,2021,1.0
srb,2022,0.972540736198425
srb,2023,0.993907988071442
svk,1994,0.606959164142609
svk,1995,0.624206721782684
svk,1996,0.646519660949707
svk,1997,0.665283024311066
svk,1998,0.673204004764557
svk,1999,0.668767213821411
svk,2000,0.678016602993012
svk,2001,0.683473169803619
svk,2002,0.708880364894867
svk,2003,0.739092767238617
svk,2004,0.755794584751129
svk,2005,0.772972047328949
svk,2006,0.815564036369324
svk,2007,0.868517458438873
svk,2008,0.878756165504456
svk,2009,0.833388566970825
svk,2010,0.875120103359222
svk,2011,0.868736565113068
svk,2012,0.878893494606018
svk,2013,0.882112920284271
svk,2014,0.892937481403351
svk,2015,0.907572150230408
svk,2016,0.905021131038666
svk,2017,0.916928231716156
svk,2018,0.934177398681641
svk,2019,0.941270709037781
svk,2020,0.957293748855591
svk,2021,1.0
svk,2022,0.974882125854492
svk,2023,0.964181065559387
svn,1994,0.729072988033295
svn,1995,0.742953419685364
svn,1996,0.770119488239288
svn,1997,0.806181311607361
svn,1998,0.807128608226776
svn,1999,0.816381812095642
svn,2000,0.82544356584549
svn,2001,0.833746731281281
svn,2002,0.832443654537201
svn,2003,0.847212910652161
svn,2004,0.863581538200378
svn,2005,0.899119555950165
svn,2006,0.93250036239624
svn,2007,0.96098256111145
svn,2008,0.948714017868042
svn,2009,0.87955504655838
svn,2010,0.895888328552246
svn,2011,0.909242987632752
svn,2012,0.891952753067017
svn,2013,0.879253566265106
svn,2014,0.891449153423309
svn,2015,0.895748555660248
svn,2016,0.91829240322113
svn,2017,0.954258441925049
svn,2018,0.974443793296814
svn,2019,0.985247015953064
svn,2020,0.967166125774384
svn,2021,1.0
svn,2022,0.989465951919556
svn,2023,1.0012069940567
swe,1954,0.576840996742249
swe,1955,0.581203937530518
swe,1956,0.587348341941834
swe,1957,0.588293373584747
swe,1958,0.594117939472199
swe,1959,0.612793266773224
swe,1960,0.609694182872772
swe,1961,0.625014126300812
swe,1962,0.637947678565979
swe,1963,0.657500982284546
swe,1964,0.687576174736023
swe,1965,0.696129262447357
swe,1966,0.698144793510437
swe,1967,0.725399196147919
swe,1968,0.740013420581818
swe,1969,0.763742506504059
swe,1970,0.782304644584656
swe,1971,0.785469710826874
swe,1972,0.799148201942444
swe,1973,0.81704306602478
swe,1974,0.822023510932922
swe,1975,0.824553608894348
swe,1976,0.81149959564209
swe,1977,0.795549750328064
swe,1978,0.812002599239349
swe,1979,0.826703190803528
swe,1980,0.821540176868439
swe,1981,0.817410886287689
swe,1982,0.813225984573364
swe,1983,0.812316119670868
swe,1984,0.827140152454376
swe,1985,0.821376621723175
swe,1986,0.825863599777222
swe,1987,0.829144299030304
swe,1988,0.819094240665436
swe,1989,0.813199281692505
swe,1990,0.799132704734802
swe,1991,0.795533061027527
swe,1992,0.800305366516113
swe,1993,0.799179911613464
swe,1994,0.820028960704804
swe,1995,0.837104856967926
swe,1996,0.842819929122925
swe,1997,0.864177763462067
swe,1998,0.878704071044922
swe,1999,0.886396825313568
swe,2000,0.905714631080627
swe,2001,0.900787055492401
swe,2002,0.918620765209198
swe,2003,0.932791829109192
swe,2004,0.955006241798401
swe,2005,0.969826817512512
swe,2006,0.990380346775055
swe,2007,0.987991094589233
swe,2008,0.957204818725586
swe,2009,0.927059650421143
swe,2010,0.957240760326386
swe,2011,0.964203953742981
swe,2012,0.9529909491539
swe,2013,0.954110205173492
swe,2014,0.958519577980042
swe,2015,0.979555487632752
swe,2016,0.974296569824219
swe,2017,0.970472931861877
swe,2018,0.967173635959625
swe,2019,0.983202815055847
swe,2020,0.9732905626297
swe,2021,1.0
swe,2022,0.983941912651062
swe,2023,0.966022253036499
swz,1980,0.616567373275757
swz,1981,0.622893214225769
swz,1982,0.600900173187256
swz,1983,0.552909314632416
swz,1984,0.526873171329498
swz,1985,0.51162451505661
swz,1986,0.591271102428436
swz,1987,0.611910700798035
swz,1988,0.612470746040344
swz,1989,0.624790966510773
swz,1990,0.652461290359497
swz,1991,0.631082117557526
swz,1992,0.618267357349396
swz,1993,0.61133474111557
swz,1994,0.614919602870941
swz,1995,0.635762870311737
swz,1996,0.643696486949921
swz,1997,0.648985683917999
swz,1998,0.651793956756592
swz,1999,0.664673566818237
swz,2000,0.659776508808136
swz,2001,0.675633132457733
swz,2002,0.71305376291275
swz,2003,0.751678824424744
swz,2004,0.785111129283905
swz,2005,0.84113484621048
swz,2006,0.874415636062622
swz,2007,0.90164065361023
swz,2008,0.895280301570892
swz,2009,0.896803438663483
swz,2010,0.897687435150147
swz,2011,0.895101666450501
swz,2012,0.922893524169922
swz,2013,0.937155187129974
swz,2014,0.924678921699524
swz,2015,0.921779692173004
swz,2016,0.913798153400421
swz,2017,0.938973128795624
swz,2018,0.954946160316467
swz,2019,0.981289505958557
swz,2020,0.974881410598755
swz,2021,1.0
swz,2022,0.969012081623077
swz,2023,0.979489028453827
tgo,1980,1.02608180046082
tgo,1981,0.930839061737061
tgo,1982,0.870916903018951
tgo,1983,0.798333883285523
tgo,1984,0.818384647369385
tgo,1985,0.82264769077301
tgo,1986,0.829733371734619
tgo,1987,0.77783727645874
tgo,1988,0.825901627540588
tgo,1989,0.817905485630035
tgo,1990,0.830892682075501
tgo,1991,0.811435520648956
tgo,1992,0.77122163772583
tgo,1993,0.649571716785431
tgo,1994,0.730242073535919
tgo,1995,0.746606290340424
tgo,1996,0.774188339710236
tgo,1997,0.780350804328919
tgo,1998,0.734693348407745
tgo,1999,0.734892070293427
tgo,2000,0.707363307476044
tgo,2001,0.699055373668671
tgo,2002,0.710810840129852
tgo,2003,0.741497337818146
tgo,2004,0.716338694095612
tgo,2005,0.745342433452606
tgo,2006,0.831818640232086
tgo,2007,0.900196194648743
tgo,2008,0.912610292434692
tgo,2009,0.939129173755646
tgo,2010,0.952241778373718
tgo,2011,0.951366484165192
tgo,2012,0.965951681137085
tgo,2013,0.972193241119385
tgo,2014,0.97057032585144
tgo,2015,0.963536441326141
tgo,2016,0.963386714458466
tgo,2017,0.961534559726715
tgo,2018,0.970245361328125
tgo,2019,0.982413947582245
tgo,2020,0.974951803684235
tgo,2021,1.0
tgo,2022,1.0227370262146
tgo,2023,1.03664922714233
tha,1954,0.684225499629974
tha,1955,0.60917192697525
tha,1956,0.619733214378357
tha,1957,0.681497514247894
tha,1958,0.670969843864441
tha,1959,0.706570029258728
tha,1960,0.755048036575317
tha,1961,0.758828103542328
tha,1962,0.766848027706146
tha,1963,0.77339631319046
tha,1964,0.768784999847412
tha,1965,0.771431386470795
tha,1966,0.794824361801148
tha,1967,0.795301795005798
tha,1968,0.796408414840698
tha,1969,0.796122610569
tha,1970,1.01146411895752
tha,1971,0.978175222873688
tha,1972,0.964933037757874
tha,1973,0.965726435184479
tha,1974,0.942843079566956
tha,1975,0.940848290920258
tha,1976,0.970663487911224
tha,1977,0.991098999977112
tha,1978,0.991459488868713
tha,1979,0.970518529415131
tha,1980,0.926898717880249
tha,1981,0.925192296504974
tha,1982,0.957612991333008
tha,1983,0.876073896884918
tha,1984,0.854526579380035
tha,1985,0.855375289916992
tha,1986,0.852578938007355
tha,1987,0.871225774288178
tha,1988,0.902831852436066
tha,1989,0.917455852031708
tha,1990,0.94147402048111
tha,1991,0.924733221530914
tha,1992,0.919875144958496
tha,1993,0.931725978851318
tha,1994,0.942678868770599
tha,1995,0.933712899684906
tha,1996,0.926404297351837
tha,1997,0.86464273929596
tha,1998,0.808841705322266
tha,1999,0.839241743087769
tha,2000,0.856338620185852
tha,2001,0.87664806842804
tha,2002,0.901979744434357
tha,2003,0.934192836284638
tha,2004,0.948643505573273
tha,2005,0.953169763088226
tha,2006,0.962372064590454
tha,2007,0.977812707424164
tha,2008,0.956988096237183
tha,2009,0.927383124828339
tha,2010,0.97168493270874
tha,2011,0.959965944290161
tha,2012,0.996470153331757
tha,2013,0.999104142189026
tha,2014,0.99166339635849
tha,2015,1.00545263290405
tha,2016,1.02397274971008
tha,2017,1.05003809928894
tha,2018,1.0691534280777
tha,2019,1.06620049476624
tha,2020,1.00624239444733
tha,2021,1.0
tha,2022,0.975776851177216
tha,2023,0.968124151229858
tjk,1994,0.222119361162186
tjk,1995,0.196068271994591
tjk,1996,0.171880304813385
tjk,1997,0.174536421895027
tjk,1998,0.187516450881958
tjk,1999,0.202447205781937
tjk,2000,0.223165348172188
tjk,2001,0.244468122720718
tjk,2002,0.275471866130829
tjk,2003,0.310508787631989
tjk,2004,0.334928929805756
tjk,2005,0.362078666687012
tjk,2006,0.390399068593979
tjk,2007,0.425445884466171
tjk,2008,0.464116126298904
tjk,2009,0.486888229846954
tjk,2010,0.524964272975922
tjk,2011,0.541347682476044
tjk,2012,0.583716988563538
tjk,2013,0.630130887031555
tjk,2014,0.673050284385681
tjk,2015,0.704013049602509
tjk,2016,0.746834814548492
tjk,2017,0.794184863567352
tjk,2018,0.848359286785126
tjk,2019,0.901428937911987
tjk,2020,0.945521056652069
tjk,2021,1.0
tjk,2022,1.0512490272522
tjk,2023,1.10733723640442
tto,1954,0.830253005027771
tto,1955,0.902382791042328
tto,1956,0.989411473274231
tto,1957,1.06484174728394
tto,1958,1.12738442420959
tto,1959,1.13612878322601
tto,1960,1.19906282424927
tto,1961,1.32585453987122
tto,1962,1.27881217002869
tto,1963,1.26826977729797
tto,1964,1.32124638557434
tto,1965,1.24966990947723
tto,1966,1.31223726272583
tto,1967,1.31488239765167
tto,1968,1.3823573589325
tto,1969,1.38930714130402
tto,1970,1.42868912220001
tto,1971,1.37190461158752
tto,1972,1.40518569946289
tto,1973,1.39279556274414
tto,1974,1.35909903049469
tto,1975,1.31259715557098
tto,1976,1.28541743755341
tto,1977,1.29544961452484
tto,1978,1.30183184146881
tto,1979,1.2654777765274
tto,1980,1.31965553760529
tto,1981,1.32437860965729
tto,1982,1.31858682632446
tto,1983,1.15584003925323
tto,1984,1.045614361763
tto,1985,1.00621664524078
tto,1986,0.991386890411377
tto,1987,0.97080934047699
tto,1988,0.941056191921234
tto,1989,0.942169547080994
tto,1990,0.951187372207642
tto,1991,0.936625421047211
tto,1992,0.923855066299439
tto,1993,0.910414516925812
tto,1994,0.921273112297058
tto,1995,0.925337374210358
tto,1996,0.956091403961182
tto,1997,0.976320922374725
tto,1998,1.0092990398407
tto,1999,1.07432925701141
tto,2000,1.1249166727066
tto,2001,1.14198005199432
tto,2002,1.22682094573975
tto,2003,1.35570549964905
tto,2004,1.40505421161652
tto,2005,1.41107130050659
tto,2006,1.56679368019104
tto,2007,1.60129630565643
tto,2008,1.62764298915863
tto,2009,1.52591323852539
tto,2010,1.54793441295624
tto,2011,1.52884089946747
tto,2012,1.48231816291809
tto,2013,1.50136518478394
tto,2014,1.49882805347443
tto,2015,1.40124762058258
tto,2016,1.20652079582214
tto,2017,1.12031316757202
tto,2018,1.10231912136078
tto,2019,1.09458827972412
tto,2020,1.00046229362488
tto,2021,1.0
tto,2022,1.03912711143494
tto,2023,1.05423641204834
tun,1964,0.666161417961121
tun,1965,0.666869461536408
tun,1966,0.66418993473053
tun,1967,0.647599816322327
tun,1968,0.68303644657135
tun,1969,0.692162096500397
tun,1970,0.881379187107086
tun,1971,0.927479445934296
tun,1972,1.02173686027527
tun,1973,0.971193134784699
tun,1974,1.00426697731018
tun,1975,1.07714211940765
tun,1976,1.07440185546875
tun,1977,1.04258823394775
tun,1978,1.03929126262665
tun,1979,1.04150831699371
tun,1980,1.06217229366303
tun,1981,1.05842840671539
tun,1982,0.998301029205322
tun,1983,0.99117636680603
tun,1984,0.989792287349701
tun,1985,0.99803364276886
tun,1986,0.944025695323944
tun,1987,0.956240713596344
tun,1988,0.936164796352387
tun,1989,0.92880779504776
tun,1990,0.958478331565857
tun,1991,0.957689881324768
tun,1992,0.992419898509979
tun,1993,0.965106666088104
tun,1994,0.949073791503906
tun,1995,0.937430799007416
tun,1996,0.971240878105164
tun,1997,0.98751163482666
tun,1998,0.999464750289917
tun,1999,1.02127420902252
tun,2000,1.02394461631775
tun,2001,1.01843655109406
tun,2002,0.990214228630066
tun,2003,0.994832694530487
tun,2004,1.03849983215332
tun,2005,1.04525685310364
tun,2006,1.05939364433289
tun,2007,1.09019720554352
tun,2008,1.09412729740143
tun,2009,1.09478282928467
tun,2010,1.08569729328156
tun,2011,1.0686422586441
tun,2012,1.08753633499146
tun,2013,1.08034443855286
tun,2014,1.08706438541412
tun,2015,1.09139835834503
tun,2016,1.12553060054779
tun,2017,1.10457134246826
tun,2018,1.08139204978943
tun,2019,1.06574261188507
tun,2020,0.984483301639557
tun,2021,1.0
tun,2022,1.02768123149872
tun,2023,1.02477550506592
tur,1954,1.12407994270325
tur,1955,1.17965972423553
tur,1956,1.1757003068924
tur,1957,1.36740446090698
tur,1958,1.39231061935425
tur,1959,1.29297077655792
tur,1960,1.22123622894287
tur,1961,1.1933925151825
tur,1962,1.21306526660919
tur,1963,1.26822257041931
tur,1964,1.26172769069672
tur,1965,1.23971951007843
tur,1966,1.311807513237
tur,1967,1.3099879026413
tur,1968,1.33214271068573
tur,1969,1.34389615058899
tur,1970,1.33562576770782
tur,1971,1.34426939487457
tur,1972,1.36107087135315
tur,1973,1.33164584636688
tur,1974,1.29958724975586
tur,1975,1.3058956861496
tur,1976,1.33315658569336
tur,1977,1.30491697788239
tur,1978,1.28753530979157
tur,1979,1.23630142211914
tur,1980,1.18077099323273
tur,1981,1.18870794773102
tur,1982,1.17155170440674
tur,1983,1.17745578289032
tur,1984,1.21862077713013
tur,1985,1.19445705413818
tur,1986,1.21464991569519
tur,1987,1.24777805805206
tur,1988,1.19612693786621
tur,1989,1.13218593597412
tur,1990,1.18501317501068
tur,1991,1.12629926204681
tur,1992,1.12762331962585
tur,1993,1.16786396503448
tur,1994,1.04160928726196
tur,1995,1.06499516963959
tur,1996,1.06843554973602
tur,1997,1.08998787403107
tur,1998,1.06421673297882
tur,1999,0.988182723522186
tur,2000,1.0177309513092
tur,2001,0.948145031929016
tur,2002,0.986356317996979
tur,2003,1.01079487800598
tur,2004,1.04439854621887
tur,2005,1.05564272403717
tur,2006,1.04974389076233
tur,2007,1.04232728481293
tur,2008,0.997232019901276
tur,2009,0.928386390209198
tur,2010,0.946067273616791
tur,2011,0.975809693336487
tur,2012,0.965871214866638
tur,2013,0.989881992340088
tur,2014,0.983691155910492
tur,2015,0.984923899173737
tur,2016,0.967962980270386
tur,2017,0.981149435043335
tur,2018,0.967422425746918
tur,2019,0.957107365131378
tur,2020,0.99845027923584
tur,2021,1.0
tur,2022,0.985584616661072
tur,2023,0.990219354629517
twn,1955,0.211049601435661
twn,1956,0.21510237455368
twn,1957,0.223104700446129
twn,1958,0.230312615633011
twn,1959,0.238756969571114
twn,1960,0.243601769208908
twn,1961,0.247983455657959
twn,1962,0.258216828107834
twn,1963,0.272322535514832
twn,1964,0.296913087368012
twn,1965,0.320545792579651
twn,1966,0.331776022911072
twn,1967,0.340681940317154
twn,1968,0.346704363822937
twn,1969,0.354066222906113
twn,1970,0.366697072982788
twn,1971,0.385288625955582
twn,1972,0.403943955898285
twn,1973,0.412326484918594
twn,1974,0.395388722419739
twn,1975,0.400427520275116
twn,1976,0.428166568279266
twn,1977,0.439859509468079
twn,1978,0.462850630283356
twn,1979,0.463256776332855
twn,1980,0.471445322036743
twn,1981,0.476062297821045
twn,1982,0.477254241704941
twn,1983,0.489894092082977
twn,1984,0.508394956588745
twn,1985,0.513170897960663
twn,1986,0.53745824098587
twn,1987,0.56316876411438
twn,1988,0.584375858306885
twn,1989,0.604659855365753
twn,1990,0.612159371376038
twn,1991,0.634514510631561
twn,1992,0.646931231021881
twn,1993,0.654404819011688
twn,1994,0.678512692451477
twn,1995,0.683442711830139
twn,1996,0.714397549629211
twn,1997,0.739316582679749
twn,1998,0.728666484355927
twn,1999,0.749408960342407
twn,2000,0.762246489524841
twn,2001,0.759754002094269
twn,2002,0.780179619789124
twn,2003,0.784715473651886
twn,2004,0.797342836856842
twn,2005,0.809340476989746
twn,2006,0.825044095516205
twn,2007,0.849689424037933
twn,2008,0.83712112903595
twn,2009,0.827453911304474
twn,2010,0.882931709289551
twn,2011,0.89006644487381
twn,2012,0.891984224319458
twn,2013,0.896031618118286
twn,2014,0.918736696243286
twn,2015,0.912746012210846
twn,2016,0.914826154708862
twn,2017,0.926828145980835
twn,2018,0.934932827949524
twn,2019,0.945387303829193
twn,2020,0.973304092884064
twn,2021,1.0
twn,2022,0.989976227283478
twn,2023,0.986929953098297
tza,1964,1.06820249557495
tza,1965,1.04545569419861
tza,1966,1.06854569911957
tza,1967,1.06847703456879
tza,1968,1.08600509166718
tza,1969,1.035364985466
tza,1970,1.00347948074341
tza,1971,0.967419743537903
tza,1972,0.967967450618744
tza,1973,0.944980025291443
tza,1974,0.927477478981018
tza,1975,0.943343460559845
tza,1976,0.947639405727387
tza,1977,0.899951219558716
tza,1978,0.860626876354218
tza,1979,0.846163749694824
tza,1980,0.845927536487579
tza,1981,0.829790830612183
tza,1982,0.828157901763916
tza,1983,0.804086446762085
tza,1984,0.824423849582672
tza,1985,0.860924422740936
tza,1986,0.878273069858551
tza,1987,0.900969803333283
tza,1988,0.920109987258911
tza,1989,0.929652392864227
tza,1990,0.933894038200378
tza,1991,0.939647853374481
tza,1992,0.934744596481323
tza,1993,0.939531028270721
tza,1994,0.934766113758087
tza,1995,0.936344504356384
tza,1996,0.952795445919037
tza,1997,0.96455192565918
tza,1998,0.971944570541382
tza,1999,0.993299543857575
tza,2000,1.01342141628265
tza,2001,1.04862928390503
tza,2002,1.09462225437164
tza,2003,1.10684239864349
tza,2004,1.12264978885651
tza,2005,1.12531542778015
tza,2006,1.08714115619659
tza,2007,1.09505641460419
tza,2008,1.0750138759613
tza,2009,1.07313239574432
tza,2010,1.07917547225952
tza,2011,1.10301661491394
tza,2012,1.10472667217255
tza,2013,1.06764471530914
tza,2014,1.03867590427399
tza,2015,1.0384886264801
tza,2016,1.04279887676239
tza,2017,1.04666173458099
tza,2018,1.05037033557892
tza,2019,1.04443776607513
tza,2020,1.03682053089142
tza,2021,1.0
tza,2022,0.968223452568054
tza,2023,0.956596851348877
ukr,1994,0.641345262527466
ukr,1995,0.557876110076904
ukr,1996,0.509366631507874
ukr,1997,0.504076421260834
ukr,1998,0.507034122943878
ukr,1999,0.550719857215881
ukr,2000,0.583615005016327
ukr,2001,0.648212552070618
ukr,2002,0.685978889465332
ukr,2003,0.752887070178986
ukr,2004,0.837020516395569
ukr,2005,0.850545108318329
ukr,2006,0.902475893497467
ukr,2007,0.960808753967285
ukr,2008,0.9716477394104
ukr,2009,0.850921750068665
ukr,2010,0.853411853313446
ukr,2011,0.907549023628235
ukr,2012,0.910584568977356
ukr,2013,0.912200093269348
ukr,2014,0.905957221984863
ukr,2015,0.87822425365448
ukr,2016,0.899455606937408
ukr,2017,0.922650694847107
ukr,2018,0.943528652191162
ukr,2019,0.963569343090057
ukr,2020,0.957966327667236
ukr,2021,1.0
ukr,2022,0.72359561920166
ukr,2023,0.760402798652649
ury,1954,1.01409840583801
ury,1955,0.964961409568787
ury,1956,0.925494015216827
ury,1957,0.9166060090065
ury,1958,0.861999869346619
ury,1959,0.814329266548157
ury,1960,0.825936257839203
ury,1961,0.811324954032898
ury,1962,0.777698636054993
ury,1963,0.753976464271545
ury,1964,0.777122676372528
ury,1965,0.774877965450287
ury,1966,0.810827434062958
ury,1967,0.78197968006134
ury,1968,0.789228081703186
ury,1969,0.822130143642426
ury,1970,0.84175044298172
ury,1971,0.828699827194214
ury,1972,0.806552171707153
ury,1973,0.802936315536499
ury,1974,0.823620438575745
ury,1975,0.85677307844162
ury,1976,0.857029855251312
ury,1977,0.833583116531372
ury,1978,0.840782284736633
ury,1979,0.851654708385468
ury,1980,0.86665004491806
ury,1981,0.849329590797424
ury,1982,0.75006115436554
ury,1983,0.691442012786865
ury,1984,0.673058211803436
ury,1985,0.675445258617401
ury,1986,0.731723129749298
ury,1987,0.775392591953278
ury,1988,0.760141372680664
ury,1989,0.754926860332489
ury,1990,0.754023969173431
ury,1991,0.767837166786194
ury,1992,0.819245457649231
ury,1993,0.826919615268707
ury,1994,0.859223067760468
ury,1995,0.827768385410309
ury,1996,0.853238761425018
ury,1997,0.866359233856201
ury,1998,0.867461085319519
ury,1999,0.851236760616303
ury,2000,0.832414746284485
ury,2001,0.803427457809448
ury,2002,0.765599191188812
ury,2003,0.778833210468292
ury,2004,0.786055862903595
ury,2005,0.830344378948212
ury,2006,0.825457870960236
ury,2007,0.843253493309021
ury,2008,0.86399644613266
ury,2009,0.88001549243927
ury,2010,0.924246370792389
ury,2011,0.941528499126434
ury,2012,0.966984272003174
ury,2013,1.00000143051147
ury,2014,1.01141226291657
ury,2015,1.02374589443207
ury,2016,1.05216586589813
ury,2017,1.05283880233765
ury,2018,1.04855573177338
ury,2019,1.05387628078461
ury,2020,0.998753607273102
ury,2021,1.0
ury,2022,0.993746995925903
ury,2023,0.993805348873138
usa,1954,0.636467099189758
usa,1955,0.657824873924255
usa,1956,0.654314577579498
usa,1957,0.661630988121033
usa,1958,0.663152813911438
usa,1959,0.68196576833725
usa,1960,0.685341119766235
usa,1961,0.691875040531158
usa,1962,0.706985890865326
usa,1963,0.717501699924469
usa,1964,0.728476285934448
usa,1965,0.740550637245178
usa,1966,0.752160251140595
usa,1967,0.748776137828827
usa,1968,0.758990347385407
usa,1969,0.754191875457764
usa,1970,0.750749707221985
usa,1971,0.763150990009308
usa,1972,0.7731813788414
usa,1973,0.782319307327271
usa,1974,0.760355234146118
usa,1975,0.760535001754761
usa,1976,0.774819791316986
usa,1977,0.779058218002319
usa,1978,0.782783806324005
usa,1979,0.776219844818115
usa,1980,0.761823236942291
usa,1981,0.765924394130707
usa,1982,0.750401258468628
usa,1983,0.764596939086914
usa,1984,0.780625700950623
usa,1985,0.786537230014801
usa,1986,0.79440301656723
usa,1987,0.794642150402069
usa,1988,0.802032470703125
usa,1989,0.805958807468414
usa,1990,0.809248805046082
usa,1991,0.805553436279297
usa,1992,0.824325501918793
usa,1993,0.824474990367889
usa,1994,0.829090893268585
usa,1995,0.828085124492645
usa,1996,0.836899340152741
usa,1997,0.845709025859833
usa,1998,0.855904459953308
usa,1999,0.869325757026672
usa,2000,0.879349946975708
usa,2001,0.880455791950226
usa,2002,0.891868591308594
usa,2003,0.907184302806854
usa,2004,0.921984732151032
usa,2005,0.93043327331543
usa,2006,0.928767085075378
usa,2007,0.927742302417755
usa,2008,0.923284351825714
usa,2009,0.925018608570099
usa,2010,0.940475642681122
usa,2011,0.938276469707489
usa,2012,0.939691066741943
usa,2013,0.941933810710907
usa,2014,0.943991184234619
usa,2015,0.948801636695862
usa,2016,0.948409736156464
usa,2017,0.953378140926361
usa,2018,0.958201229572296
usa,2019,0.96426647901535
usa,2020,0.973077535629273
usa,2021,1.0
usa,2022,0.984038174152374
usa,2023,0.992998480796814
ven,1954,5.51843929290772
ven,1955,5.58782911300659
ven,1956,5.848313331604
ven,1957,6.10728025436401
ven,1958,6.01680612564087
ven,1959,6.08722877502441
ven,1960,5.61401224136353
ven,1961,5.73235750198364
ven,1962,6.11253833770752
ven,1963,6.33652210235596
ven,1964,6.88144969940186
ven,1965,6.93808794021606
ven,1966,6.66224431991577
ven,1967,6.72989892959595
ven,1968,7.04035520553589
ven,1969,7.09339237213135
ven,1970,7.49520969390869
ven,1971,7.1301064491272
ven,1972,6.80653524398804
ven,1973,6.6723690032959
ven,1974,6.58590698242188
ven,1975,6.3859133720398
ven,1976,6.4141058921814
ven,1977,6.09203481674194
ven,1978,5.43786525726318
ven,1979,5.16034126281738
ven,1980,4.56992530822754
ven,1981,4.35872173309326
ven,1982,4.23075532913208
ven,1983,3.97698426246643
ven,1984,3.89465236663818
ven,1985,3.791259765625
ven,1986,3.87133455276489
ven,1987,3.83725833892822
ven,1988,3.87078261375427
ven,1989,3.51437902450562
ven,1990,3.68329262733459
ven,1991,3.88599109649658
ven,1992,3.92111659049988
ven,1993,3.77687621116638
ven,1994,3.57984280586243
ven,1995,3.57124829292297
ven,1996,3.49392414093018
ven,1997,3.53993964195251
ven,1998,3.37897396087647
ven,1999,3.15854859352112
ven,2000,3.19431328773499
ven,2001,3.16696190834045
ven,2002,2.83103346824646
ven,2003,2.60791659355164
ven,2004,2.9583625793457
ven,2005,3.1487352848053
ven,2006,3.28111028671265
ven,2007,3.39101147651672
ven,2008,3.40031290054321
ven,2009,3.18035674095154
ven,2010,3.04339241981506
ven,2011,3.09786438941956
ven,2012,3.16926860809326
ven,2013,3.11236524581909
ven,2014,2.94907832145691
ven,2015,2.75417518615723
ven,2016,2.32239007949829
ven,2017,1.96144127845764
ven,2018,1.63522517681122
ven,2019,1.24521613121033
ven,2020,0.938932418823242
ven,2021,1.0
ven,2022,1.13085627555847
ven,2023,1.22892010211945
zaf,1954,0.771799862384796
zaf,1955,0.777373790740967
zaf,1956,0.79632556438446
zaf,1957,0.804809987545013
zaf,1958,0.806674540042877
zaf,1959,0.82060843706131
zaf,1960,0.825701355934143
zaf,1961,0.84178751707077
zaf,1962,0.875463366508484
zaf,1963,0.916759848594666
zaf,1964,0.950932681560516
zaf,1965,0.962907731533051
zaf,1966,0.975987732410431
zaf,1967,1.01305735111237
zaf,1968,1.02447926998138
zaf,1969,1.03725874423981
zaf,1970,1.06228470802307
zaf,1971,1.07142317295074
zaf,1972,1.05167388916016
zaf,1973,1.06234323978424
zaf,1974,1.09901106357574
zaf,1975,1.08910202980042
zaf,1976,1.08013880252838
zaf,1977,1.05250179767609
zaf,1978,1.05710887908936
zaf,1979,1.07172286510468
zaf,1980,1.1143251657486
zaf,1981,1.12893962860107
zaf,1982,1.08946561813355
zaf,1983,1.03222835063934
zaf,1984,1.0465646982193
zaf,1985,1.00592172145844
zaf,1986,1.00191736221313
zaf,1987,0.991137564182282
zaf,1988,0.995100498199463
zaf,1989,0.981617987155914
zaf,1990,0.955287218093872
zaf,1991,0.945582866668701
zaf,1992,0.93901127576828
zaf,1993,0.953815817832947
zaf,1994,0.958362817764282
zaf,1995,0.960614204406738
zaf,1996,0.97314178943634
zaf,1997,0.970035135746002
zaf,1998,0.943949222564697
zaf,1999,0.943684697151184
zaf,2000,0.962111592292786
zaf,2001,0.993199646472931
zaf,2002,1.01655232906342
zaf,2003,1.0618509054184
zaf,2004,1.07275593280792
zaf,2005,1.09070420265198
zaf,2006,1.06346821784973
zaf,2007,1.07441985607147
zaf,2008,1.06046867370605
zaf,2009,1.03520727157593
zaf,2010,1.05493438243866
zaf,2011,1.03968679904938
zaf,2012,1.04222166538239
zaf,2013,1.03831255435944
zaf,2014,1.03283035755157
zaf,2015,1.00346183776855
zaf,2016,0.994175672531128
zaf,2017,0.995012640953064
zaf,2018,0.974011242389679
zaf,2019,0.949387311935425
zaf,2020,0.996109902858734
zaf,2021,1.0
zaf,2022,0.967403829097748
zaf,2023,0.927277565002441
zmb,1959,0.691724240779877
zmb,1960,0.699681341648102
zmb,1961,0.696770370006561
zmb,1962,0.685609459877014
zmb,1963,0.699680089950562
zmb,1964,0.758931875228882
zmb,1965,0.815901815891266
zmb,1966,0.882526993751526
zmb,1967,0.981395244598389
zmb,1968,0.964885413646698
zmb,1969,0.856995284557343
zmb,1970,0.823100209236145
zmb,1971,0.789326190948486
zmb,1972,0.825966477394104
zmb,1973,0.779024243354797
zmb,1974,0.780008137226105
zmb,1975,0.752797424793243
zmb,1976,0.761385977268219
zmb,1977,0.729998230934143
zmb,1978,0.71450287103653
zmb,1979,0.682927310466766
zmb,1980,0.70192813873291
zmb,1981,0.685806930065155
zmb,1982,0.699660658836365
zmb,1983,0.716478109359741
zmb,1984,0.707679867744446
zmb,1985,0.702662169933319
zmb,1986,0.72534042596817
zmb,1987,0.741868436336517
zmb,1988,0.754930973052979
zmb,1989,0.763271391391754
zmb,1990,0.771528720855713
zmb,1991,0.762526869773865
zmb,1992,0.758828222751617
zmb,1993,0.806305944919586
zmb,1994,0.737911283969879
zmb,1995,0.760410308837891
zmb,1996,0.797383010387421
zmb,1997,0.826601386070252
zmb,1998,0.81940770149231
zmb,1999,0.845780253410339
zmb,2000,0.858171761035919
zmb,2001,0.881273686885834
zmb,2002,0.897192060947418
zmb,2003,0.927382409572601
zmb,2004,0.961580812931061
zmb,2005,0.998835146427155
zmb,2006,1.04107904434204
zmb,2007,1.08724248409271
zmb,2008,1.12506318092346
zmb,2009,1.18856179714203
zmb,2010,1.2714569568634
zmb,2011,1.27428317070007
zmb,2012,1.30953550338745
zmb,2013,1.28474318981171
zmb,2014,1.24955236911774
zmb,2015,1.18071937561035
zmb,2016,1.14227783679962
zmb,2017,1.11285650730133
zmb,2018,1.10707032680511
zmb,2019,1.04202723503113
zmb,2020,0.98145979642868
zmb,2021,1.0
zmb,2022,1.0375542640686
zmb,2023,1.06088590621948
zwe,1958,0.655098736286163
zwe,1959,0.673803746700287
zwe,1960,0.689906358718872
zwe,1961,0.72158408164978
zwe,1962,0.719082295894623
zwe,1963,0.721945643424988
zwe,1964,0.729870796203613
zwe,1965,0.762889742851257
zwe,1966,0.743949055671692
zwe,1967,0.73440420627594
zwe,1968,0.631022453308106
zwe,1969,0.824210047721863
zwe,1970,1.00050330162048
zwe,1971,1.05773973464966
zwe,1972,1.10893738269806
zwe,1973,1.09980309009552
zwe,1974,1.091872215271
zwe,1975,1.07149970531464
zwe,1976,1.03372490406036
zwe,1977,0.94700700044632
zwe,1978,0.912187039852142
zwe,1979,0.933260977268219
zwe,1980,0.992815434932709
zwe,1981,1.05336463451386
zwe,1982,1.03817224502563
zwe,1983,1.0051029920578
zwe,1984,0.941943407058716
zwe,1985,0.969433307647705
zwe,1986,0.968820810317993
zwe,1987,0.950457155704498
zwe,1988,0.990633428096771
zwe,1989,1.01221823692322
zwe,1990,1.05523896217346
zwe,1991,1.0754885673523
zwe,1992,0.969731450080872
zwe,1993,0.964396476745606
zwe,1994,0.995089054107666
zwe,1995,0.966557621955872
zwe,1996,1.04125499725342
zwe,1997,1.03504884243011
zwe,1998,1.00641238689423
zwe,1999,0.949284374713898
zwe,2000,0.84124881029129
zwe,2001,0.817322671413422
zwe,2002,0.756075799465179
zwe,2003,0.680772602558136
zwe,2004,0.655437409877777
zwe,2005,0.633921325206757
zwe,2006,0.612615883350372
zwe,2007,0.588568568229675
zwe,2008,0.561760902404785
zwe,2009,0.867071628570557
zwe,2010,0.976605415344238
zwe,2011,1.05636382102966
zwe,2012,1.163698554039
zwe,2013,1.15136754512787
zwe,2014,1.14277875423431
zwe,2015,1.13237226009369
zwe,2016,1.11227440834045
zwe,2017,1.13294017314911
zwe,2018,1.15351450443268
zwe,2019,1.05773997306824
zwe,2020,0.973187386989594
zwe,2021,1.0
zwe,2022,0.997025847434998
zwe,2023,0.973138689994812
