country,year,delta
abw,1970,0.0403176173567772
abw,1971,0.0396504253149033
abw,1972,0.0390954948961735
abw,1973,0.0386406593024731
abw,1974,0.0382728427648544
abw,1975,0.0379790887236595
abw,1976,0.0377475991845131
abw,1977,0.0375684313476086
abw,1978,0.0374323949217796
abw,1979,0.0373313613235951
abw,1980,0.0372585579752922
abw,1981,0.0372080728411675
abw,1982,0.0371750518679619
abw,1983,0.0371558964252472
abw,1984,0.0371475256979466
abw,1985,0.0371468290686607
abw,1986,0.037153035402298
abw,1987,0.0372171178460121
abw,1988,0.0373863615095615
abw,1989,0.0375110991299152
abw,1990,0.0380352213978767
abw,1991,0.0384674444794655
abw,1992,0.0379953198134899
abw,1993,0.0368434377014637
abw,1994,0.0352525450289249
abw,1995,0.0350293219089508
abw,1996,0.0357825011014938
abw,1997,0.0359449088573456
abw,1998,0.0359304957091808
abw,1999,0.0354468710720539
abw,2000,0.0349376611411572
abw,2001,0.0348515324294567
abw,2002,0.0349102728068829
abw,2003,0.035015732049942
abw,2004,0.0350160636007786
abw,2005,0.0350172370672226
abw,2006,0.0349741354584694
abw,2007,0.034695528447628
abw,2008,0.0343707092106342
abw,2009,0.034198310226202
abw,2010,0.0340290367603302
abw,2011,0.0338782258331776
abw,2012,0.0337651334702969
abw,2013,0.0337247177958488
abw,2014,0.033810418099165
abw,2015,0.0339451059699059
abw,2016,0.0341452546417713
abw,2017,0.0344653837382793
abw,2018,0.0348780900239944
abw,2019,0.0353020243346691
abw,2020,0.0355752632021904
abw,2021,0.0356971733272076
abw,2022,0.0358430817723274
abw,2023,0.0359122827649117
ago,1970,0.0404937975108624
ago,1971,0.0403814017772675
ago,1972,0.0403067953884602
ago,1973,0.0399724245071411
ago,1974,0.0395340584218502
ago,1975,0.0392407961189747
ago,1976,0.0391338281333447
ago,1977,0.0388967730104923
ago,1978,0.0383941195905209
ago,1979,0.0378151498734951
ago,1980,0.0371515974402428
ago,1981,0.036483071744442
ago,1982,0.0359908491373062
ago,1983,0.0355014018714428
ago,1984,0.0350157506763935
ago,1985,0.0345460996031761
ago,1986,0.0340338759124279
ago,1987,0.0335600599646568
ago,1988,0.0331801548600197
ago,1989,0.0328817069530487
ago,1990,0.0326695665717125
ago,1991,0.0328093618154526
ago,1992,0.0332900285720825
ago,1993,0.0337264649569988
ago,1994,0.0340751372277737
ago,1995,0.0353665016591549
ago,1996,0.038397703319788
ago,1997,0.040404699742794
ago,1998,0.0408246666193008
ago,1999,0.041405875235796
ago,2000,0.0414570495486259
ago,2001,0.041017010807991
ago,2002,0.040836151689291
ago,2003,0.0409888550639153
ago,2004,0.0416290871798992
ago,2005,0.0423293896019459
ago,2006,0.0426680743694305
ago,2007,0.0427367426455021
ago,2008,0.0436033681035042
ago,2009,0.0450906530022621
ago,2010,0.046247024089098
ago,2011,0.0474252179265022
ago,2012,0.0483519174158573
ago,2013,0.0487328805029392
ago,2014,0.0486918054521084
ago,2015,0.048470813781023
ago,2016,0.0478745624423027
ago,2017,0.04694864153862
ago,2018,0.0462397895753384
ago,2019,0.0457041710615158
ago,2020,0.0450356602668762
ago,2021,0.0443162806332111
ago,2022,0.0438253320753574
ago,2023,0.0435556545853615
aia,1970,0.0394580885767937
aia,1971,0.0373038612306118
aia,1972,0.035536028444767
aia,1973,0.0340895093977451
aia,1974,0.0328779295086861
aia,1975,0.0318502113223076
aia,1976,0.0309761464595795
aia,1977,0.0302212107926607
aia,1978,0.02958276681602
aia,1979,0.0290681831538677
aia,1980,0.0286372564733028
aia,1981,0.0282663106918335
aia,1982,0.0279471296817064
aia,1983,0.0276185981929302
aia,1984,0.0272869281470776
aia,1985,0.0269929729402065
aia,1986,0.0268960017710924
aia,1987,0.0270465444773436
aia,1988,0.0269575025886297
aia,1989,0.026652630418539
aia,1990,0.0263915993273258
aia,1991,0.0259848944842815
aia,1992,0.0255575776100159
aia,1993,0.0251603815704584
aia,1994,0.0247733071446419
aia,1995,0.0244835056364536
aia,1996,0.0242514628916979
aia,1997,0.0241900682449341
aia,1998,0.0243777967989445
aia,1999,0.0245574060827494
aia,2000,0.0265156608074904
aia,2001,0.0290801730006933
aia,2002,0.0299132727086544
aia,2003,0.0302296373993158
aia,2004,0.0310528185218573
aia,2005,0.0312527865171433
aia,2006,0.0320860221982002
aia,2007,0.0345664955675602
aia,2008,0.0356228314340115
aia,2009,0.0347085893154144
aia,2010,0.0333214811980724
aia,2011,0.0319457612931728
aia,2012,0.030282199382782
aia,2013,0.0286060068756342
aia,2014,0.0271988976746798
aia,2015,0.0260404478758574
aia,2016,0.0251439809799194
aia,2017,0.0247261431068182
aia,2018,0.0254548285156488
aia,2019,0.0259633678942919
aia,2020,0.0256959889084101
aia,2021,0.0256161149591208
aia,2022,0.025509025901556
aia,2023,0.0255653243511915
alb,1970,0.0405205227434635
alb,1971,0.038629662245512
alb,1972,0.0371111854910851
alb,1973,0.035889632999897
alb,1974,0.034901101142168
alb,1975,0.03409493714571
alb,1976,0.0334427356719971
alb,1977,0.0329000763595104
alb,1978,0.0324426218867302
alb,1979,0.0320971980690956
alb,1980,0.0317626558244228
alb,1981,0.031465545296669
alb,1982,0.031388059258461
alb,1983,0.0313479714095593
alb,1984,0.0311574432998896
alb,1985,0.0309103056788445
alb,1986,0.0306256543844938
alb,1987,0.0302830636501312
alb,1988,0.0299536921083927
alb,1989,0.0296583063900471
alb,1990,0.0294121168553829
alb,1991,0.0288842841982842
alb,1992,0.0280528943985701
alb,1993,0.0274413768202066
alb,1994,0.0271770376712084
alb,1995,0.0270207468420267
alb,1996,0.0269811432808638
alb,1997,0.0269318353384733
alb,1998,0.0269433949142694
alb,1999,0.0272679962217808
alb,2000,0.0277140494436026
alb,2001,0.0281462166458368
alb,2002,0.0283538438379765
alb,2003,0.0284460820257664
alb,2004,0.0285235773772001
alb,2005,0.0284568164497614
alb,2006,0.0280786026269197
alb,2007,0.0277774017304182
alb,2008,0.0277845691889524
alb,2009,0.0278935693204403
alb,2010,0.0279708430171013
alb,2011,0.0280052255839109
alb,2012,0.0280980095267296
alb,2013,0.0282363649457693
alb,2014,0.0283679645508528
alb,2015,0.0284076575189829
alb,2016,0.0284671038389206
alb,2017,0.0285640563815832
alb,2018,0.0286373924463987
alb,2019,0.0286461114883423
alb,2020,0.0285391472280025
alb,2021,0.0284896623343229
alb,2022,0.028517359867692
alb,2023,0.0285018589347601
are,1970,0.0393990613520145
are,1971,0.0370639450848103
are,1972,0.0351687408983707
are,1973,0.0335943140089512
are,1974,0.0320669710636139
are,1975,0.0311814341694117
are,1976,0.0310961231589317
are,1977,0.0313492640852928
are,1978,0.0315243452787399
are,1979,0.0314205214381218
are,1980,0.0313598066568375
are,1981,0.0313432030379772
are,1982,0.0313028544187546
are,1983,0.0311721283942461
are,1984,0.0309080220758915
are,1985,0.0305868927389383
are,1986,0.0302392598241568
are,1987,0.0299153048545122
are,1988,0.0296487808227539
are,1989,0.0294495485723019
are,1990,0.029213223606348
are,1991,0.0287545565515757
are,1992,0.028322983533144
are,1993,0.0279043652117252
are,1994,0.0274915955960751
are,1995,0.027301263064146
are,1996,0.0271988846361637
are,1997,0.0271511115133762
are,1998,0.0271306000649929
are,1999,0.027308564633131
are,2000,0.027904286980629
are,2001,0.0286267530173063
are,2002,0.0292266886681318
are,2003,0.0298057235777378
are,2004,0.0303824841976166
are,2005,0.0309643130749464
are,2006,0.0316232666373253
are,2007,0.0326869748532772
are,2008,0.0341219194233418
are,2009,0.0350864194333553
are,2010,0.0351731739938259
are,2011,0.0354013629257679
are,2012,0.0361449345946312
are,2013,0.0367341935634613
are,2014,0.0371221415698528
are,2015,0.0375821739435196
are,2016,0.0380470529198647
are,2017,0.0382307507097721
are,2018,0.0378860458731651
are,2019,0.0372247099876404
are,2020,0.0363957621157169
are,2021,0.0356982499361038
are,2022,0.0357818081974983
are,2023,0.036228634417057
arg,1950,0.0290971305221319
arg,1951,0.0295936278998852
arg,1952,0.0302030667662621
arg,1953,0.03040293417871
arg,1954,0.030435947701335
arg,1955,0.0306254159659147
arg,1956,0.0309733003377914
arg,1957,0.0312631241977215
arg,1958,0.0314646512269974
arg,1959,0.0315318293869495
arg,1960,0.0321842730045319
arg,1961,0.0334839150309563
arg,1962,0.0344976782798767
arg,1963,0.0347849652171135
arg,1964,0.0349067710340023
arg,1965,0.0352137088775635
arg,1966,0.0353551767766476
arg,1967,0.0353216007351875
arg,1968,0.0352286919951439
arg,1969,0.0352551378309727
arg,1970,0.0353292375802994
arg,1971,0.0353647358715534
arg,1972,0.0354705154895783
arg,1973,0.0355635844171047
arg,1974,0.0355267636477947
arg,1975,0.0352761074900627
arg,1976,0.0349145084619522
arg,1977,0.0349575877189636
arg,1978,0.0349774286150932
arg,1979,0.03484196215868
arg,1980,0.0350144430994988
arg,1981,0.0349879190325737
arg,1982,0.0343980677425861
arg,1983,0.0336027778685093
arg,1984,0.0330037325620651
arg,1985,0.0324913859367371
arg,1986,0.0318887569010258
arg,1987,0.0313089415431023
arg,1988,0.0308161247521639
arg,1989,0.0303673818707466
arg,1990,0.0298832859843969
arg,1991,0.0294740088284016
arg,1992,0.0295083839446306
arg,1993,0.0299407765269279
arg,1994,0.0305980071425438
arg,1995,0.0310955923050642
arg,1996,0.0313981957733631
arg,1997,0.0319296903908253
arg,1998,0.0326105803251267
arg,1999,0.033048003911972
arg,2000,0.0330884642899036
arg,2001,0.0327664464712143
arg,2002,0.032071590423584
arg,2003,0.0313959084451199
arg,2004,0.0311955641955137
arg,2005,0.0315079391002655
arg,2006,0.0321293249726296
arg,2007,0.0330427475273609
arg,2008,0.0341678224503994
arg,2009,0.0347680374979973
arg,2010,0.0352721847593784
arg,2011,0.0364261642098427
arg,2012,0.0374421514570713
arg,2013,0.0381124578416348
arg,2014,0.0384849980473518
arg,2015,0.0385722704231739
arg,2016,0.0387495309114456
arg,2017,0.0390813574194908
arg,2018,0.0392397530376911
arg,2019,0.0388207696378231
arg,2020,0.0380473658442497
arg,2021,0.0375291481614113
arg,2022,0.0374034941196442
arg,2023,0.037367757409811
arm,1990,0.0400379113852978
arm,1991,0.0387893356382847
arm,1992,0.0374136827886105
arm,1993,0.0359339602291584
arm,1994,0.0346560329198837
arm,1995,0.0334914140403271
arm,1996,0.0323615036904812
arm,1997,0.0312002468854189
arm,1998,0.0299779642373323
arm,1999,0.0291209369897842
arm,2000,0.0285548977553844
arm,2001,0.0280282758176327
arm,2002,0.0275569818913937
arm,2003,0.0272397007793188
arm,2004,0.0271333679556847
arm,2005,0.027213778346777
arm,2006,0.0273922849446535
arm,2007,0.027751162648201
arm,2008,0.0282896980643272
arm,2009,0.0286040082573891
arm,2010,0.0287802889943123
arm,2011,0.0290112346410751
arm,2012,0.0292528495192528
arm,2013,0.0295162592083216
arm,2014,0.0297968257218599
arm,2015,0.0301636029034853
arm,2016,0.0305050686001778
arm,2017,0.0308799762278795
arm,2018,0.0316433608531952
arm,2019,0.0326352901756763
arm,2020,0.0335604436695576
arm,2021,0.0348809696733952
arm,2022,0.0365468263626099
arm,2023,0.0380188785493374
atg,1970,0.0412666350603104
atg,1971,0.0424971543252468
atg,1972,0.0435913056135178
atg,1973,0.0443994104862213
atg,1974,0.0455357693135738
atg,1975,0.0467294603586197
atg,1976,0.0474769845604897
atg,1977,0.0478189997375011
atg,1978,0.0478605069220066
atg,1979,0.0492407456040382
atg,1980,0.0514139048755169
atg,1981,0.0530538968741894
atg,1982,0.0539776273071766
atg,1983,0.054158627986908
atg,1984,0.0544075965881348
atg,1985,0.0548693761229515
atg,1986,0.0553154982626438
atg,1987,0.0554641373455524
atg,1988,0.0548858754336834
atg,1989,0.0537542030215263
atg,1990,0.0527174137532711
atg,1991,0.0518359579145908
atg,1992,0.0510244481265545
atg,1993,0.0503310672938824
atg,1994,0.0496604107320309
atg,1995,0.0495029911398888
atg,1996,0.0499372407793999
atg,1997,0.0496485307812691
atg,1998,0.0488950163125992
atg,1999,0.0498597212135792
atg,2000,0.05134317278862
atg,2001,0.0506292842328548
atg,2002,0.0483793802559376
atg,2003,0.0459768883883953
atg,2004,0.0444422028958797
atg,2005,0.0443973913788796
atg,2006,0.0452289320528507
atg,2007,0.0456553064286709
atg,2008,0.044347383081913
atg,2009,0.0420006029307842
atg,2010,0.0399185828864574
atg,2011,0.0379548221826553
atg,2012,0.035467553883791
atg,2013,0.0328485928475857
atg,2014,0.0307424236088991
atg,2015,0.0290567111223936
atg,2016,0.0277887154370546
atg,2017,0.0273797903209925
atg,2018,0.0274950265884399
atg,2019,0.027511490508914
atg,2020,0.0274969078600407
atg,2021,0.0276117287576199
atg,2022,0.0276509299874306
atg,2023,0.0274137333035469
aus,1950,0.0211917571723461
aus,1951,0.021809184923768
aus,1952,0.0221589431166649
aus,1953,0.0223267413675785
aus,1954,0.0226085837930441
aus,1955,0.0229208413511515
aus,1956,0.0231581311672926
aus,1957,0.0233273152261972
aus,1958,0.0235147252678871
aus,1959,0.0237215030938387
aus,1960,0.0239195544272661
aus,1961,0.0240623950958252
aus,1962,0.0242121666669846
aus,1963,0.0244003068655729
aus,1964,0.0245858822017908
aus,1965,0.0247423499822617
aus,1966,0.0248849429190159
aus,1967,0.0250555910170078
aus,1968,0.0252581257373095
aus,1969,0.0254738871008158
aus,1970,0.0256506837904453
aus,1971,0.0257671736180782
aus,1972,0.0258049611002207
aus,1973,0.0257813800126314
aus,1974,0.0257218908518553
aus,1975,0.0256485883146524
aus,1976,0.0255482643842697
aus,1977,0.0254251174628735
aus,1978,0.0253599677234888
aus,1979,0.025354441255331
aus,1980,0.0254050772637129
aus,1981,0.025539755821228
aus,1982,0.0256713572889566
aus,1983,0.0257744807749987
aus,1984,0.0259064771234989
aus,1985,0.0260598622262478
aus,1986,0.0261896718293428
aus,1987,0.0263035297393799
aus,1988,0.0264443270862103
aus,1989,0.0265903025865555
aus,1990,0.0266587734222412
aus,1991,0.0266145970672369
aus,1992,0.0265624206513166
aus,1993,0.0265669394284487
aus,1994,0.026645528152585
aus,1995,0.0268062464892864
aus,1996,0.0270403921604157
aus,1997,0.0273331478238106
aus,1998,0.0276049114763737
aus,1999,0.0278514698147774
aus,2000,0.0280478689819574
aus,2001,0.0282667931169271
aus,2002,0.028569508343935
aus,2003,0.0289010461419821
aus,2004,0.0292827058583498
aus,2005,0.0297582074999809
aus,2006,0.0302797425538301
aus,2007,0.0308394953608513
aus,2008,0.0313971936702728
aus,2009,0.0318343117833138
aus,2010,0.0321767814457417
aus,2011,0.0325480066239834
aus,2012,0.0329092144966126
aus,2013,0.0330710075795651
aus,2014,0.0330260097980499
aus,2015,0.0328843593597412
aus,2016,0.0327083803713322
aus,2017,0.0326015762984753
aus,2018,0.0325943343341351
aus,2019,0.0326513238251209
aus,2020,0.0327924713492394
aus,2021,0.0330823920667172
aus,2022,0.0334764197468758
aus,2023,0.0339214503765106
aut,1950,0.0305945314466953
aut,1951,0.0320634357631207
aut,1952,0.0330563932657242
aut,1953,0.0330794081091881
aut,1954,0.0329442732036114
aut,1955,0.0334966257214546
aut,1956,0.0341104976832867
aut,1957,0.0343943387269974
aut,1958,0.0346145071089268
aut,1959,0.0347755216062069
aut,1960,0.035293810069561
aut,1961,0.035978302359581
aut,1962,0.036297582089901
aut,1963,0.0363695286214352
aut,1964,0.0364361219108105
aut,1965,0.0365687049925327
aut,1966,0.0367564335465431
aut,1967,0.0367735922336578
aut,1968,0.0365871302783489
aut,1969,0.0364571809768677
aut,1970,0.0365923345088959
aut,1971,0.0369871146976948
aut,1972,0.0375446937978268
aut,1973,0.0377020202577114
aut,1974,0.0374468453228474
aut,1975,0.0371596626937389
aut,1976,0.0369725748896599
aut,1977,0.0370110236108303
aut,1978,0.0369121469557285
aut,1979,0.0367528386414051
aut,1980,0.0367724969983101
aut,1981,0.0367979183793068
aut,1982,0.0366284064948559
aut,1983,0.0363014973700047
aut,1984,0.0360159240663052
aut,1985,0.0358662940561771
aut,1986,0.0358252488076687
aut,1987,0.0358270592987537
aut,1988,0.035890806466341
aut,1989,0.036057710647583
aut,1990,0.0363270305097103
aut,1991,0.0366723127663136
aut,1992,0.0369248203933239
aut,1993,0.0369505733251572
aut,1994,0.0368805043399334
aut,1995,0.0368249639868736
aut,1996,0.0368193909525871
aut,1997,0.0368699654936791
aut,1998,0.0369860269129276
aut,1999,0.0371508300304413
aut,2000,0.0374273918569088
aut,2001,0.0377933233976364
aut,2002,0.038084339350462
aut,2003,0.038320504128933
aut,2004,0.0385037027299404
aut,2005,0.0386338941752911
aut,2006,0.0387707427144051
aut,2007,0.0389984473586082
aut,2008,0.0393036343157291
aut,2009,0.0395051054656506
aut,2010,0.039613239467144
aut,2011,0.0398595705628395
aut,2012,0.0401660948991776
aut,2013,0.0404712446033955
aut,2014,0.0407568104565144
aut,2015,0.040999498218298
aut,2016,0.0413842834532261
aut,2017,0.0419005155563355
aut,2018,0.0424595847725868
aut,2019,0.0430540926754475
aut,2020,0.0434856824576855
aut,2021,0.0439213924109936
aut,2022,0.0445028319954872
aut,2023,0.0447646416723728
aze,1990,0.0448824837803841
aze,1991,0.049568172544241
aze,1992,0.0516158640384674
aze,1993,0.0510192774236202
aze,1994,0.0490680821239948
aze,1995,0.0479588434100151
aze,1996,0.0467642843723297
aze,1997,0.0456423684954643
aze,1998,0.045908372849226
aze,1999,0.0468796789646149
aze,2000,0.0493613518774509
aze,2001,0.0537749156355858
aze,2002,0.0579028315842152
aze,2003,0.0631148219108582
aze,2004,0.0685952454805374
aze,2005,0.0730944350361824
aze,2006,0.0763116627931595
aze,2007,0.0776462033390999
aze,2008,0.0768230929970741
aze,2009,0.074619859457016
aze,2010,0.0725448429584503
aze,2011,0.0714464038610458
aze,2012,0.0704917684197426
aze,2013,0.0689473822712898
aze,2014,0.0669634565711021
aze,2015,0.0649795606732369
aze,2016,0.0631841197609901
aze,2017,0.0614783875644207
aze,2018,0.0607495307922363
aze,2019,0.0610256567597389
aze,2020,0.061530951410532
aze,2021,0.0616982690989971
aze,2022,0.0611092038452625
aze,2023,0.0606986880302429
bdi,1960,0.0403455346822739
bdi,1961,0.0396355390548706
bdi,1962,0.0390984378755093
bdi,1963,0.0385369546711445
bdi,1964,0.037755336612463
bdi,1965,0.0368648022413254
bdi,1966,0.0360768027603626
bdi,1967,0.0355800129473209
bdi,1968,0.0353572927415371
bdi,1969,0.0353007428348064
bdi,1970,0.034648884087801
bdi,1971,0.0339678674936295
bdi,1972,0.0332340076565743
bdi,1973,0.0322299413383007
bdi,1974,0.0320156626403332
bdi,1975,0.0319423079490662
bdi,1976,0.031915508210659
bdi,1977,0.0321984030306339
bdi,1978,0.0322001799941063
bdi,1979,0.0318998508155346
bdi,1980,0.0315693430602551
bdi,1981,0.0313401557505131
bdi,1982,0.0311687029898167
bdi,1983,0.0313418805599213
bdi,1984,0.0318926088511944
bdi,1985,0.032280944287777
bdi,1986,0.0325906537473202
bdi,1987,0.0332971066236496
bdi,1988,0.0338340885937214
bdi,1989,0.0339159034192562
bdi,1990,0.0336054898798466
bdi,1991,0.0329286865890026
bdi,1992,0.0323787666857243
bdi,1993,0.0319770276546478
bdi,1994,0.0314191654324532
bdi,1995,0.0307487063109875
bdi,1996,0.0301970187574625
bdi,1997,0.0297167245298624
bdi,1998,0.0294051002711058
bdi,1999,0.0296793784946203
bdi,2000,0.0298853237181902
bdi,2001,0.0296741407364607
bdi,2002,0.0295810606330633
bdi,2003,0.0300449077039957
bdi,2004,0.0312888473272324
bdi,2005,0.0329043194651604
bdi,2006,0.0341982841491699
bdi,2007,0.0347590744495392
bdi,2008,0.03473986312747
bdi,2009,0.0344081148505211
bdi,2010,0.0345029383897781
bdi,2011,0.035361535847187
bdi,2012,0.0363829806447029
bdi,2013,0.0371680594980717
bdi,2014,0.0378855429589748
bdi,2015,0.038354579359293
bdi,2016,0.0386141985654831
bdi,2017,0.0389383509755135
bdi,2018,0.039663776755333
bdi,2019,0.0404411032795906
bdi,2020,0.0404790565371513
bdi,2021,0.0403518453240395
bdi,2022,0.0405208319425583
bdi,2023,0.040830422192812
bel,1950,0.0363019816577435
bel,1951,0.036637969315052
bel,1952,0.0369201116263866
bel,1953,0.0371896848082542
bel,1954,0.0375650972127914
bel,1955,0.0379104763269424
bel,1956,0.0382529757916927
bel,1957,0.0386436283588409
bel,1958,0.038705762475729
bel,1959,0.0386904254555702
bel,1960,0.0388986691832542
bel,1961,0.0392495319247246
bel,1962,0.0397276021540165
bel,1963,0.0401098169386387
bel,1964,0.0402297489345074
bel,1965,0.0401465855538845
bel,1966,0.0401480384171009
bel,1967,0.0401647835969925
bel,1968,0.0400435291230679
bel,1969,0.0400287993252277
bel,1970,0.0401927344501019
bel,1971,0.0403911992907524
bel,1972,0.0405905209481716
bel,1973,0.0410473719239235
bel,1974,0.0416830889880657
bel,1975,0.0421981289982796
bel,1976,0.0427162162959576
bel,1977,0.0431312546133995
bel,1978,0.0434319116175175
bel,1979,0.0435857214033604
bel,1980,0.0428754277527332
bel,1981,0.0416588224470615
bel,1982,0.0407051295042038
bel,1983,0.0399269796907902
bel,1984,0.0393299125134945
bel,1985,0.0388331636786461
bel,1986,0.0384258255362511
bel,1987,0.0383011400699616
bel,1988,0.0384104587137699
bel,1989,0.0387650392949581
bel,1990,0.0393363758921623
bel,1991,0.0397167541086674
bel,1992,0.0397606380283833
bel,1993,0.0396567583084106
bel,1994,0.0394621603190899
bel,1995,0.0392663404345512
bel,1996,0.0391168333590031
bel,1997,0.0390579961240292
bel,1998,0.03914475440979
bel,1999,0.0393865369260311
bel,2000,0.039830032736063
bel,2001,0.0403681769967079
bel,2002,0.0407926440238953
bel,2003,0.0410270504653454
bel,2004,0.0412772297859192
bel,2005,0.0416681878268719
bel,2006,0.0420032516121864
bel,2007,0.0423480123281479
bel,2008,0.0427665822207928
bel,2009,0.042878944426775
bel,2010,0.0427293889224529
bel,2011,0.042697761207819
bel,2012,0.0426564142107964
bel,2013,0.0425015538930893
bel,2014,0.0424550510942936
bel,2015,0.0426227524876595
bel,2016,0.0429486110806465
bel,2017,0.0432934276759625
bel,2018,0.0436204448342323
bel,2019,0.0439892150461674
bel,2020,0.0442825742065907
bel,2021,0.0442935153841972
bel,2022,0.0444447696208954
bel,2023,0.0449611097574234
ben,1959,0.0419477969408035
ben,1960,0.0436567291617394
ben,1961,0.0445605590939522
ben,1962,0.0450295470654964
ben,1963,0.0454810373485088
ben,1964,0.0454532727599144
ben,1965,0.0447544492781162
ben,1966,0.0439688079059124
ben,1967,0.0439503975212574
ben,1968,0.0445590876042843
ben,1969,0.044913537800312
ben,1970,0.0447619333863258
ben,1971,0.0443961396813393
ben,1972,0.0444977171719074
ben,1973,0.0445293486118317
ben,1974,0.0442069247364998
ben,1975,0.0440629534423351
ben,1976,0.0438126735389233
ben,1977,0.0433322340250015
ben,1978,0.0427664630115032
ben,1979,0.0426346249878407
ben,1980,0.043048620223999
ben,1981,0.0432154983282089
ben,1982,0.0439123772084713
ben,1983,0.0441633760929108
ben,1984,0.0430017113685608
ben,1985,0.0415976643562317
ben,1986,0.0407396480441093
ben,1987,0.0406354293227196
ben,1988,0.0406871661543846
ben,1989,0.0406074859201908
ben,1990,0.0408353395760059
ben,1991,0.0415905751287937
ben,1992,0.0425346158444881
ben,1993,0.0434736050665379
ben,1994,0.0439222641289234
ben,1995,0.0444434694945812
ben,1996,0.0451966524124146
ben,1997,0.0457268171012402
ben,1998,0.0466361381113529
ben,1999,0.0480124019086361
ben,2000,0.0488949529826641
ben,2001,0.0492246821522713
ben,2002,0.0493940338492394
ben,2003,0.0494589544832706
ben,2004,0.0495082922279835
ben,2005,0.0488478764891624
ben,2006,0.0475620701909065
ben,2007,0.0472428724169731
ben,2008,0.0474678575992584
ben,2009,0.0470050871372223
ben,2010,0.0460461415350437
ben,2011,0.0447642058134079
ben,2012,0.0433053001761436
ben,2013,0.042854979634285
ben,2014,0.0435563661158085
ben,2015,0.0443637408316135
ben,2016,0.0449569001793861
ben,2017,0.0455455370247364
ben,2018,0.0464687570929527
ben,2019,0.0470822118222714
ben,2020,0.0472199022769928
ben,2021,0.0475490391254425
ben,2022,0.048658698797226
ben,2023,0.0504491031169891
bfa,1959,0.0403846800327301
bfa,1960,0.039744071662426
bfa,1961,0.0393220968544483
bfa,1962,0.0392299219965935
bfa,1963,0.0390156507492065
bfa,1964,0.0386182144284248
bfa,1965,0.0387588143348694
bfa,1966,0.0393161624670029
bfa,1967,0.0395882949233055
bfa,1968,0.0397034510970116
bfa,1969,0.0400447174906731
bfa,1970,0.040396299213171
bfa,1971,0.0406475439667702
bfa,1972,0.0406945683062077
bfa,1973,0.0405320450663567
bfa,1974,0.0405282825231552
bfa,1975,0.0412154458463192
bfa,1976,0.0420972667634487
bfa,1977,0.0431527197360992
bfa,1978,0.0444633178412914
bfa,1979,0.0445119775831699
bfa,1980,0.0436957888305187
bfa,1981,0.0430002957582474
bfa,1982,0.0423201285302639
bfa,1983,0.0413650013506413
bfa,1984,0.0409393422305584
bfa,1985,0.0419775284826756
bfa,1986,0.0425523407757282
bfa,1987,0.0418274886906147
bfa,1988,0.0409900136291981
bfa,1989,0.039831630885601
bfa,1990,0.0386133156716824
bfa,1991,0.0376832894980907
bfa,1992,0.0367312096059322
bfa,1993,0.0357437580823898
bfa,1994,0.0348230749368668
bfa,1995,0.0351254194974899
bfa,1996,0.0366280376911163
bfa,1997,0.0391916260123253
bfa,1998,0.0424086265265942
bfa,1999,0.0438616462051868
bfa,2000,0.0437544696033001
bfa,2001,0.0436651408672333
bfa,2002,0.0433176569640636
bfa,2003,0.0427793227136135
bfa,2004,0.0424485057592392
bfa,2005,0.0424069613218308
bfa,2006,0.0428437367081642
bfa,2007,0.043378010392189
bfa,2008,0.0435873977839947
bfa,2009,0.0441496707499027
bfa,2010,0.0455378741025925
bfa,2011,0.0471036210656166
bfa,2012,0.0485723651945591
bfa,2013,0.0499465130269527
bfa,2014,0.0510278902947903
bfa,2015,0.052055437117815
bfa,2016,0.0532220937311649
bfa,2017,0.0545949153602123
bfa,2018,0.0560783259570599
bfa,2019,0.0577257759869099
bfa,2020,0.059205923229456
bfa,2021,0.0597999021410942
bfa,2022,0.0601930655539036
bfa,2023,0.060894075781107
bgd,1959,0.0380122251808643
bgd,1960,0.0366434566676617
bgd,1961,0.0355820208787918
bgd,1962,0.0349294431507587
bgd,1963,0.0344177484512329
bgd,1964,0.0339300408959389
bgd,1965,0.0336716733872891
bgd,1966,0.0335700958967209
bgd,1967,0.0335512608289719
bgd,1968,0.0337019674479961
bgd,1969,0.0338260047137737
bgd,1970,0.0338494181632996
bgd,1971,0.0336050093173981
bgd,1972,0.0327152609825134
bgd,1973,0.031718872487545
bgd,1974,0.0324745960533619
bgd,1975,0.0342070572078228
bgd,1976,0.0358946025371552
bgd,1977,0.0381323173642159
bgd,1978,0.0407716482877731
bgd,1979,0.0431192591786385
bgd,1980,0.0460391864180565
bgd,1981,0.0487102940678597
bgd,1982,0.0494984574615955
bgd,1983,0.0494361147284508
bgd,1984,0.0494220815598965
bgd,1985,0.0495259463787079
bgd,1986,0.0497806295752525
bgd,1987,0.0498502366244793
bgd,1988,0.0492918193340302
bgd,1989,0.048733726143837
bgd,1990,0.048559233546257
bgd,1991,0.048309002071619
bgd,1992,0.0478210784494877
bgd,1993,0.0474678725004196
bgd,1994,0.0474379025399685
bgd,1995,0.0474037267267704
bgd,1996,0.0475480034947395
bgd,1997,0.0479163974523544
bgd,1998,0.0481703318655491
bgd,1999,0.0474646389484406
bgd,2000,0.0467201396822929
bgd,2001,0.0467998459935188
bgd,2002,0.0467352904379368
bgd,2003,0.0464454144239426
bgd,2004,0.0458583943545818
bgd,2005,0.0450573973357677
bgd,2006,0.0446041375398636
bgd,2007,0.0442835874855518
bgd,2008,0.0437462776899338
bgd,2009,0.0432114452123642
bgd,2010,0.043046098202467
bgd,2011,0.0430757626891136
bgd,2012,0.0428039841353893
bgd,2013,0.0424623526632786
bgd,2014,0.0420719496905804
bgd,2015,0.0415633469820023
bgd,2016,0.0413242690265179
bgd,2017,0.0413376092910767
bgd,2018,0.0412940122187138
bgd,2019,0.0411324016749859
bgd,2020,0.0407467447221279
bgd,2021,0.0402740314602852
bgd,2022,0.0399690866470337
bgd,2023,0.0396872274577618
bgr,1970,0.0414977185428143
bgr,1971,0.0501532889902592
bgr,1972,0.0546167716383934
bgr,1973,0.0570438653230667
bgr,1974,0.058380264788866
bgr,1975,0.0591458864510059
bgr,1976,0.0595092251896858
bgr,1977,0.0596580803394318
bgr,1978,0.0597789660096169
bgr,1979,0.0596652776002884
bgr,1980,0.0597053393721581
bgr,1981,0.0599856972694397
bgr,1982,0.059980932623148
bgr,1983,0.059710219502449
bgr,1984,0.0593827217817307
bgr,1985,0.0591482780873776
bgr,1986,0.0593181177973747
bgr,1987,0.0597077272832394
bgr,1988,0.0603100769221783
bgr,1989,0.0610864795744419
bgr,1990,0.0608447380363941
bgr,1991,0.0594468750059605
bgr,1992,0.0578044094145298
bgr,1993,0.0561531484127045
bgr,1994,0.0556292571127415
bgr,1995,0.0558599755167961
bgr,1996,0.0544461309909821
bgr,1997,0.0528375431895256
bgr,1998,0.0539582818746567
bgr,1999,0.0562735609710217
bgr,2000,0.0579737611114979
bgr,2001,0.0602600239217281
bgr,2002,0.0631811022758484
bgr,2003,0.0661398023366928
bgr,2004,0.0679380223155022
bgr,2005,0.0691848248243332
bgr,2006,0.0695054158568382
bgr,2007,0.0693585723638535
bgr,2008,0.0683843493461609
bgr,2009,0.0651865154504776
bgr,2010,0.0618844963610172
bgr,2011,0.060010839253664
bgr,2012,0.0588136836886406
bgr,2013,0.0576632544398308
bgr,2014,0.0569256469607353
bgr,2015,0.0565438196063042
bgr,2016,0.0560849085450172
bgr,2017,0.0556963086128235
bgr,2018,0.0556477792561054
bgr,2019,0.055807001888752
bgr,2020,0.0558384992182255
bgr,2021,0.0556174665689468
bgr,2022,0.0556393824517727
bgr,2023,0.055804904550314
bhr,1970,0.0395878292620182
bhr,1971,0.0376671254634857
bhr,1972,0.0361536517739296
bhr,1973,0.0349978394806385
bhr,1974,0.0340474210679531
bhr,1975,0.0332389138638973
bhr,1976,0.0327509269118309
bhr,1977,0.0322930105030537
bhr,1978,0.0316662155091763
bhr,1979,0.031324740499258
bhr,1980,0.0318927876651287
bhr,1981,0.0326468087732792
bhr,1982,0.0327763743698597
bhr,1983,0.0330686829984188
bhr,1984,0.0333903394639492
bhr,1985,0.0329513438045979
bhr,1986,0.0321807637810707
bhr,1987,0.0315331779420376
bhr,1988,0.0309557784348726
bhr,1989,0.0307055693119764
bhr,1990,0.0305311754345894
bhr,1991,0.0306955762207508
bhr,1992,0.0312916971743107
bhr,1993,0.0315693356096745
bhr,1994,0.0316149219870567
bhr,1995,0.0315550304949284
bhr,1996,0.031376875936985
bhr,1997,0.0310674663633108
bhr,1998,0.0306384842842817
bhr,1999,0.0302417799830437
bhr,2000,0.030481094494462
bhr,2001,0.0309498813003302
bhr,2002,0.0315385162830353
bhr,2003,0.0324530713260174
bhr,2004,0.0331011116504669
bhr,2005,0.0337049327790737
bhr,2006,0.0339364409446716
bhr,2007,0.0340515971183777
bhr,2008,0.0349159017205238
bhr,2009,0.0352335534989834
bhr,2010,0.0348628163337708
bhr,2011,0.0343844369053841
bhr,2012,0.0337720587849617
bhr,2013,0.0333909839391708
bhr,2014,0.0338159911334515
bhr,2015,0.0340271443128586
bhr,2016,0.0334919728338718
bhr,2017,0.0334641598165035
bhr,2018,0.0339781008660793
bhr,2019,0.034354455769062
bhr,2020,0.0344670414924622
bhr,2021,0.0342561602592468
bhr,2022,0.0338186100125313
bhr,2023,0.0334750935435295
bhs,1970,0.040568009018898
bhs,1971,0.0402559749782085
bhs,1972,0.0398146882653236
bhs,1973,0.0393717885017395
bhs,1974,0.0387914814054966
bhs,1975,0.0378998592495918
bhs,1976,0.0371604971587658
bhs,1977,0.0371659956872463
bhs,1978,0.0376763865351677
bhs,1979,0.0387211441993713
bhs,1980,0.0406306013464928
bhs,1981,0.0417420938611031
bhs,1982,0.0423132069408894
bhs,1983,0.0428415462374687
bhs,1984,0.0431034117937088
bhs,1985,0.0440592281520367
bhs,1986,0.0448737293481827
bhs,1987,0.0449883714318275
bhs,1988,0.044623576104641
bhs,1989,0.0447450764477253
bhs,1990,0.0453724525868893
bhs,1991,0.0456910580396652
bhs,1992,0.0458411239087582
bhs,1993,0.0456132479012013
bhs,1994,0.0457988418638706
bhs,1995,0.0469669550657272
bhs,1996,0.0480509027838707
bhs,1997,0.049314696341753
bhs,1998,0.0512261912226677
bhs,1999,0.0523470528423786
bhs,2000,0.0528429299592972
bhs,2001,0.0537035092711449
bhs,2002,0.0540375784039497
bhs,2003,0.0535825826227665
bhs,2004,0.0531513914465904
bhs,2005,0.0530422627925873
bhs,2006,0.0531500577926636
bhs,2007,0.0537383034825325
bhs,2008,0.0538043789565563
bhs,2009,0.0527329631149769
bhs,2010,0.0510059930384159
bhs,2011,0.0490983501076698
bhs,2012,0.0477412678301334
bhs,2013,0.0466128177940846
bhs,2014,0.0457649938762188
bhs,2015,0.0450120642781258
bhs,2016,0.0440671108663082
bhs,2017,0.043297316879034
bhs,2018,0.0426472276449204
bhs,2019,0.0419615767896175
bhs,2020,0.0410986952483654
bhs,2021,0.0403805337846279
bhs,2022,0.0400300323963165
bhs,2023,0.0397823452949524
bih,1990,0.0419748909771442
bih,1991,0.0451285392045975
bih,1992,0.0468758568167686
bih,1993,0.0479865185916424
bih,1994,0.0493798367679119
bih,1995,0.0497709549963474
bih,1996,0.0532568618655205
bih,1997,0.0594202131032944
bih,1998,0.0627553761005402
bih,1999,0.0643452256917954
bih,2000,0.0649422258138657
bih,2001,0.0647465139627457
bih,2002,0.0646278187632561
bih,2003,0.0645406842231751
bih,2004,0.0641942769289017
bih,2005,0.0638137012720108
bih,2006,0.0630462691187859
bih,2007,0.0625612065196037
bih,2008,0.0629428848624229
bih,2009,0.0626644790172577
bih,2010,0.0615023821592331
bih,2011,0.0604459010064602
bih,2012,0.060001153498888
bih,2013,0.0593897588551044
bih,2014,0.058557290583849
bih,2015,0.0580275058746338
bih,2016,0.0576229393482208
bih,2017,0.0574744381010532
bih,2018,0.0576973147690296
bih,2019,0.0579764693975449
bih,2020,0.0578205212950707
bih,2021,0.0576675422489643
bih,2022,0.057591874152422
bih,2023,0.057721983641386
blr,1990,0.0397097542881966
blr,1991,0.0379768200218678
blr,1992,0.0365835763514042
blr,1993,0.0353391468524933
blr,1994,0.0343024060130119
blr,1995,0.0334206335246563
blr,1996,0.0326220542192459
blr,1997,0.0320327244699001
blr,1998,0.0317720286548138
blr,1999,0.0317227989435196
blr,2000,0.0316427461802959
blr,2001,0.0315573066473007
blr,2002,0.0316479504108429
blr,2003,0.0321327522397041
blr,2004,0.0331438146531582
blr,2005,0.0345954224467278
blr,2006,0.0366122387349606
blr,2007,0.0390892326831818
blr,2008,0.0416151657700539
blr,2009,0.043476726859808
blr,2010,0.0447099469602108
blr,2011,0.0463696643710136
blr,2012,0.0475964434444904
blr,2013,0.047634169459343
blr,2014,0.0471151880919933
blr,2015,0.0463541112840176
blr,2016,0.0455718748271465
blr,2017,0.0452249869704247
blr,2018,0.0454065129160881
blr,2019,0.0455540157854557
blr,2020,0.0453194193542004
blr,2021,0.0448326915502548
blr,2022,0.0441152416169643
blr,2023,0.0435183979570866
blz,1970,0.0479346662759781
blz,1971,0.0583912394940853
blz,1972,0.0652040168642998
blz,1973,0.0699388533830643
blz,1974,0.073119081556797
blz,1975,0.0752646625041962
blz,1976,0.0765049234032631
blz,1977,0.0772619545459747
blz,1978,0.0779170915484428
blz,1979,0.0788142010569572
blz,1980,0.079095184803009
blz,1981,0.0783966109156609
blz,1982,0.0773564353585243
blz,1983,0.0761450007557869
blz,1984,0.0752754956483841
blz,1985,0.0743482410907745
blz,1986,0.0733847618103027
blz,1987,0.0731453970074654
blz,1988,0.0736614242196083
blz,1989,0.0742835476994515
blz,1990,0.0741994604468346
blz,1991,0.0736306086182594
blz,1992,0.073156476020813
blz,1993,0.0726564675569534
blz,1994,0.0720163285732269
blz,1995,0.0712718665599823
blz,1996,0.0704331919550896
blz,1997,0.0697468221187592
blz,1998,0.0692173764109612
blz,1999,0.0682316273450851
blz,2000,0.0683483853936195
blz,2001,0.0692459344863892
blz,2002,0.069183386862278
blz,2003,0.0685988888144493
blz,2004,0.067492812871933
blz,2005,0.0662021487951279
blz,2006,0.0654725283384323
blz,2007,0.0652641877532005
blz,2008,0.0655221492052078
blz,2009,0.0654072463512421
blz,2010,0.063933365046978
blz,2011,0.0618389174342155
blz,2012,0.059953548014164
blz,2013,0.0583927631378174
blz,2014,0.057345412671566
blz,2015,0.0565954744815826
blz,2016,0.0560388900339603
blz,2017,0.0553807727992535
blz,2018,0.0547001883387566
blz,2019,0.0540983304381371
blz,2020,0.0533299408853054
blz,2021,0.0526880659162998
blz,2022,0.0526478216052055
blz,2023,0.0531848706305027
bmu,1970,0.0420901030302048
bmu,1971,0.0445315949618816
bmu,1972,0.0463086701929569
bmu,1973,0.0477115772664547
bmu,1974,0.0488591901957989
bmu,1975,0.049818117171526
bmu,1976,0.0506885796785355
bmu,1977,0.0515602119266987
bmu,1978,0.0527985207736492
bmu,1979,0.054379016160965
bmu,1980,0.0566303916275501
bmu,1981,0.0589815191924572
bmu,1982,0.0612054541707039
bmu,1983,0.0636662691831589
bmu,1984,0.0663668066263199
bmu,1985,0.0687540248036385
bmu,1986,0.0702319964766502
bmu,1987,0.0714650675654411
bmu,1988,0.0731584578752518
bmu,1989,0.0747404545545578
bmu,1990,0.0754831805825234
bmu,1991,0.0754883587360382
bmu,1992,0.0751830190420151
bmu,1993,0.0749869421124458
bmu,1994,0.074635848402977
bmu,1995,0.0742935240268707
bmu,1996,0.0737378597259522
bmu,1997,0.0736346244812012
bmu,1998,0.0749950557947159
bmu,1999,0.0765458643436432
bmu,2000,0.0778319910168648
bmu,2001,0.0792189687490463
bmu,2002,0.0801514312624931
bmu,2003,0.0800709873437882
bmu,2004,0.0799939706921578
bmu,2005,0.0806550830602646
bmu,2006,0.0813094973564148
bmu,2007,0.0816060975193977
bmu,2008,0.0818312093615532
bmu,2009,0.0818250924348831
bmu,2010,0.0808299109339714
bmu,2011,0.0781913325190544
bmu,2012,0.0749530419707298
bmu,2013,0.0723125115036964
bmu,2014,0.0700216963887215
bmu,2015,0.0679492279887199
bmu,2016,0.0661173164844513
bmu,2017,0.0648196190595627
bmu,2018,0.0634627789258957
bmu,2019,0.0615922063589096
bmu,2020,0.0595384053885937
bmu,2021,0.0577611029148102
bmu,2022,0.0564433112740517
bmu,2023,0.0551236942410469
bol,1950,0.0460005775094032
bol,1951,0.0446541234850884
bol,1952,0.0437109246850014
bol,1953,0.0423964932560921
bol,1954,0.0408008210361004
bol,1955,0.0397230684757233
bol,1956,0.0390367843210697
bol,1957,0.0383360460400581
bol,1958,0.0376607365906239
bol,1959,0.0369366146624088
bol,1960,0.0363661088049412
bol,1961,0.0359232500195503
bol,1962,0.0357526764273644
bol,1963,0.035901665687561
bol,1964,0.0359986498951912
bol,1965,0.0362064316868782
bol,1966,0.0367230661213398
bol,1967,0.0373428836464882
bol,1968,0.0375813171267509
bol,1969,0.0374572277069092
bol,1970,0.0371972769498825
bol,1971,0.0368363447487354
bol,1972,0.0372644327580929
bol,1973,0.0392518378794193
bol,1974,0.0409229882061482
bol,1975,0.0424280762672424
bol,1976,0.0441848635673523
bol,1977,0.0449548475444317
bol,1978,0.0464664436876774
bol,1979,0.0485591515898705
bol,1980,0.0498919785022736
bol,1981,0.0510154403746128
bol,1982,0.0511071942746639
bol,1983,0.050034373998642
bol,1984,0.0482204593718052
bol,1985,0.0464126616716385
bol,1986,0.0457430705428124
bol,1987,0.0455633774399757
bol,1988,0.0453695133328438
bol,1989,0.0449919626116753
bol,1990,0.0448170341551304
bol,1991,0.0455477982759476
bol,1992,0.0469109788537025
bol,1993,0.0483023971319199
bol,1994,0.0490592755377293
bol,1995,0.0495905242860317
bol,1996,0.0505876988172531
bol,1997,0.0527035258710384
bol,1998,0.0554867498576641
bol,1999,0.0570687465369701
bol,2000,0.057603545486927
bol,2001,0.0568643026053906
bol,2002,0.0554061084985733
bol,2003,0.0546076819300652
bol,2004,0.0540705099701881
bol,2005,0.0537619031965733
bol,2006,0.0538775213062763
bol,2007,0.0541573204100132
bol,2008,0.0547023415565491
bol,2009,0.0554529130458832
bol,2010,0.0561688803136349
bol,2011,0.0576765798032284
bol,2012,0.0594505481421948
bol,2013,0.0608759932219982
bol,2014,0.0622474066913128
bol,2015,0.0640992596745491
bol,2016,0.0659634992480278
bol,2017,0.0675092115998268
bol,2018,0.0689662769436836
bol,2019,0.0696290582418442
bol,2020,0.0688602030277252
bol,2021,0.067531444132328
bol,2022,0.0668200477957726
bol,2023,0.0665961280465126
bra,1950,0.0416799709200859
bra,1951,0.0438252836465836
bra,1952,0.0458518192172051
bra,1953,0.046478807926178
bra,1954,0.047101192176342
bra,1955,0.0482300408184528
bra,1956,0.0484326928853989
bra,1957,0.0486969016492367
bra,1958,0.0492701418697834
bra,1959,0.0502459518611431
bra,1960,0.0510850474238396
bra,1961,0.0516137219965458
bra,1962,0.051887784153223
bra,1963,0.0513109788298607
bra,1964,0.0501213036477566
bra,1965,0.048795398324728
bra,1966,0.0480465553700924
bra,1967,0.0474316589534283
bra,1968,0.0468879714608192
bra,1969,0.0471339523792267
bra,1970,0.0480224899947643
bra,1971,0.0492351576685905
bra,1972,0.050504382699728
bra,1973,0.0516005344688892
bra,1974,0.0525461696088314
bra,1975,0.0534431710839272
bra,1976,0.0540331602096558
bra,1977,0.0539981797337532
bra,1978,0.0536926910281181
bra,1979,0.053218886256218
bra,1980,0.0526981242001057
bra,1981,0.0519827790558338
bra,1982,0.0508017055690289
bra,1983,0.0494736433029175
bra,1984,0.0482044257223606
bra,1985,0.0471081621944904
bra,1986,0.0461488142609596
bra,1987,0.0452269464731216
bra,1988,0.0445209480822086
bra,1989,0.0438946299254894
bra,1990,0.0433567725121975
bra,1991,0.0429953001439571
bra,1992,0.042568925768137
bra,1993,0.0421212576329708
bra,1994,0.0418799929320812
bra,1995,0.0426730401813984
bra,1996,0.0438619740307331
bra,1997,0.0446395948529244
bra,1998,0.0452314168214798
bra,1999,0.0454725921154022
bra,2000,0.0453644134104252
bra,2001,0.0452119708061218
bra,2002,0.0450931005179882
bra,2003,0.045024786144495
bra,2004,0.0451736263930798
bra,2005,0.0454713627696037
bra,2006,0.045964427292347
bra,2007,0.0467898696660996
bra,2008,0.0480446591973305
bra,2009,0.0490516759455204
bra,2010,0.0498592779040337
bra,2011,0.0507992915809155
bra,2012,0.0513593256473541
bra,2013,0.051691897213459
bra,2014,0.0517975762486458
bra,2015,0.0513200201094151
bra,2016,0.0503204464912415
bra,2017,0.0493844635784626
bra,2018,0.048845648765564
bra,2019,0.0485191233456135
bra,2020,0.0482903830707073
bra,2021,0.0483528934419155
bra,2022,0.0486757643520832
bra,2023,0.0488261133432388
brb,1960,0.0411935336887836
brb,1961,0.0417448654770851
brb,1962,0.0416547954082489
brb,1963,0.0415238402783871
brb,1964,0.0414845421910286
brb,1965,0.041282132267952
brb,1966,0.0409985259175301
brb,1967,0.0406774394214153
brb,1968,0.0403531938791275
brb,1969,0.0401013866066933
brb,1970,0.0404577627778053
brb,1971,0.0407441779971123
brb,1972,0.0405083745718002
brb,1973,0.0401662141084671
brb,1974,0.0394319035112858
brb,1975,0.0387098081409931
brb,1976,0.0388372763991356
brb,1977,0.0392791852355003
brb,1978,0.0393091291189194
brb,1979,0.0393424294888973
brb,1980,0.039433378726244
brb,1981,0.0393932461738586
brb,1982,0.0391016155481339
brb,1983,0.0385991409420967
brb,1984,0.0381385684013367
brb,1985,0.0376325845718384
brb,1986,0.0371887944638729
brb,1987,0.036834180355072
brb,1988,0.0365506447851658
brb,1989,0.0364942327141762
brb,1990,0.0364884808659554
brb,1991,0.036569818854332
brb,1992,0.0364296622574329
brb,1993,0.0362522266805172
brb,1994,0.0367369316518307
brb,1995,0.0379688702523708
brb,1996,0.0396248288452625
brb,1997,0.0418934710323811
brb,1998,0.0448627397418022
brb,1999,0.0474740862846375
brb,2000,0.0491681732237339
brb,2001,0.0501375645399094
brb,2002,0.0511077530682087
brb,2003,0.0517310798168182
brb,2004,0.0518985874950886
brb,2005,0.0524303950369358
brb,2006,0.0528005622327328
brb,2007,0.0525123178958893
brb,2008,0.0519259385764599
brb,2009,0.0508262328803539
brb,2010,0.0483344458043575
brb,2011,0.0452395640313625
brb,2012,0.0438342653214932
brb,2013,0.0438941828906536
brb,2014,0.0439988970756531
brb,2015,0.0441119037568569
brb,2016,0.0443594492971897
brb,2017,0.0431513451039791
brb,2018,0.040631577372551
brb,2019,0.0385274589061737
brb,2020,0.0368899665772915
brb,2021,0.0355493202805519
brb,2022,0.0344401076436043
brb,2023,0.0336082428693771
brn,1970,0.0402288474142551
brn,1971,0.0391168221831322
brn,1972,0.0378242656588554
brn,1973,0.0364731997251511
brn,1974,0.0351552031934261
brn,1975,0.0341725833714008
brn,1976,0.0336779989302158
brn,1977,0.0332072526216507
brn,1978,0.0325569361448288
brn,1979,0.0322032310068607
brn,1980,0.0325954221189022
brn,1981,0.0333872064948082
brn,1982,0.0345568582415581
brn,1983,0.0358956158161163
brn,1984,0.0368495136499405
brn,1985,0.0385213531553745
brn,1986,0.041146095842123
brn,1987,0.0431290082633495
brn,1988,0.044597964733839
brn,1989,0.0462887212634087
brn,1990,0.047948744148016
brn,1991,0.0497572645545006
brn,1992,0.0516151376068592
brn,1993,0.0533773526549339
brn,1994,0.0548239015042782
brn,1995,0.0544982515275478
brn,1996,0.0540277510881424
brn,1997,0.0542309395968914
brn,1998,0.0535907410085201
brn,1999,0.0522266291081905
brn,2000,0.0507432632148266
brn,2001,0.049600999802351
brn,2002,0.0491997003555298
brn,2003,0.0488759689033031
brn,2004,0.0479025617241859
brn,2005,0.0468044951558113
brn,2006,0.0461096949875355
brn,2007,0.0461565665900707
brn,2008,0.0468208640813828
brn,2009,0.0475124828517437
brn,2010,0.0473851971328259
brn,2011,0.0468343086540699
brn,2012,0.0466860942542553
brn,2013,0.0469153374433517
brn,2014,0.0467393957078457
brn,2015,0.0461969897150993
brn,2016,0.0457130782306194
brn,2017,0.0452341698110104
brn,2018,0.0451486669480801
brn,2019,0.045395839959383
brn,2020,0.0454540103673935
brn,2021,0.0449635721743107
brn,2022,0.0441370196640492
brn,2023,0.0434116758406162
btn,1970,0.0404042117297649
btn,1971,0.0398859865963459
btn,1972,0.0394557826220989
btn,1973,0.0390816628932953
btn,1974,0.0387867726385593
btn,1975,0.0385161712765694
btn,1976,0.0382803231477737
btn,1977,0.0381836891174316
btn,1978,0.0381694138050079
btn,1979,0.0381405279040337
btn,1980,0.0382528975605965
btn,1981,0.0383691973984242
btn,1982,0.0382846929132938
btn,1983,0.0382802709937096
btn,1984,0.0385038889944553
btn,1985,0.0392432920634747
btn,1986,0.0402499251067638
btn,1987,0.0410731174051762
btn,1988,0.0419830270111561
btn,1989,0.0428298711776733
btn,1990,0.0433630757033825
btn,1991,0.0436516851186752
btn,1992,0.0443888455629349
btn,1993,0.0451460406184197
btn,1994,0.043621975928545
btn,1995,0.0407473891973496
btn,1996,0.0385090000927448
btn,1997,0.0367447659373283
btn,1998,0.0352952592074871
btn,1999,0.033821988850832
btn,2000,0.032326452434063
btn,2001,0.0310688558965921
btn,2002,0.0301531739532948
btn,2003,0.0297784376889467
btn,2004,0.0300249997526407
btn,2005,0.0315603539347649
btn,2006,0.0335548147559166
btn,2007,0.0349606461822987
btn,2008,0.0362266078591347
btn,2009,0.0377339348196983
btn,2010,0.0401112660765648
btn,2011,0.0431606657803059
btn,2012,0.0455705896019936
btn,2013,0.0466568991541863
btn,2014,0.0468034893274307
btn,2015,0.0466008596122265
btn,2016,0.0463093854486942
btn,2017,0.045845553278923
btn,2018,0.0455555282533169
btn,2019,0.0452938675880432
btn,2020,0.0448412299156189
btn,2021,0.0450723618268967
btn,2022,0.0468338504433632
btn,2023,0.0483152493834496
bwa,1960,0.0319501534104347
bwa,1961,0.031440757215023
bwa,1962,0.0312159210443497
bwa,1963,0.0311812330037355
bwa,1964,0.031331978738308
bwa,1965,0.0310785658657551
bwa,1966,0.0309426616877317
bwa,1967,0.0315650552511215
bwa,1968,0.0325625613331795
bwa,1969,0.0332562774419785
bwa,1970,0.0344779714941978
bwa,1971,0.036997701972723
bwa,1972,0.0393268913030624
bwa,1973,0.0408452451229095
bwa,1974,0.0413681417703629
bwa,1975,0.0407953634858131
bwa,1976,0.0397801958024502
bwa,1977,0.0387809164822102
bwa,1978,0.0378028713166714
bwa,1979,0.0371107049286366
bwa,1980,0.0368907228112221
bwa,1981,0.0370754338800907
bwa,1982,0.037667591124773
bwa,1983,0.0384400151669979
bwa,1984,0.0391491316258907
bwa,1985,0.0400064066052437
bwa,1986,0.0410236790776253
bwa,1987,0.0418952852487564
bwa,1988,0.0424499362707138
bwa,1989,0.0442810319364071
bwa,1990,0.0467983111739159
bwa,1991,0.0481344647705555
bwa,1992,0.0486603379249573
bwa,1993,0.048867329955101
bwa,1994,0.0487992987036705
bwa,1995,0.0488192513585091
bwa,1996,0.0487181209027767
bwa,1997,0.0485941022634506
bwa,1998,0.0491223596036434
bwa,1999,0.0493334531784058
bwa,2000,0.049215879291296
bwa,2001,0.0490858145058155
bwa,2002,0.0488697104156017
bwa,2003,0.0486895032227039
bwa,2004,0.0473926775157452
bwa,2005,0.0452020280063152
bwa,2006,0.043277669698
bwa,2007,0.0422071889042854
bwa,2008,0.0422338806092739
bwa,2009,0.0424492992460728
bwa,2010,0.0424534156918526
bwa,2011,0.0428379848599434
bwa,2012,0.0435215495526791
bwa,2013,0.0436611473560333
bwa,2014,0.0432496480643749
bwa,2015,0.0429282672703266
bwa,2016,0.0426990985870361
bwa,2017,0.0420985482633114
bwa,2018,0.0414723344147205
bwa,2019,0.0413267835974693
bwa,2020,0.0413328036665916
bwa,2021,0.0410973690450192
bwa,2022,0.0407285578548908
bwa,2023,0.0406018681824207
caf,1960,0.0422941744327545
caf,1961,0.0454064197838306
caf,1962,0.0483604148030281
caf,1963,0.0506949312984943
caf,1964,0.0524824596941471
caf,1965,0.0538755245506763
caf,1966,0.0549528487026691
caf,1967,0.055473767220974
caf,1968,0.0555836670100689
caf,1969,0.0555645599961281
caf,1970,0.0554106831550598
caf,1971,0.0552946925163269
caf,1972,0.0551361665129662
caf,1973,0.0554214268922806
caf,1974,0.0553774610161781
caf,1975,0.0544588156044483
caf,1976,0.0532566830515862
caf,1977,0.0522478520870209
caf,1978,0.0510886982083321
caf,1979,0.0496567338705063
caf,1980,0.0481916964054108
caf,1981,0.04692492634058
caf,1982,0.0458445884287357
caf,1983,0.0450216606259346
caf,1984,0.0446749404072762
caf,1985,0.0449584610760212
caf,1986,0.045715007930994
caf,1987,0.0458992794156075
caf,1988,0.0454544275999069
caf,1989,0.0447163544595242
caf,1990,0.0438822060823441
caf,1991,0.0429150350391865
caf,1992,0.0418763309717178
caf,1993,0.040710236877203
caf,1994,0.0395532064139843
caf,1995,0.0393647141754627
caf,1996,0.0389113314449787
caf,1997,0.0375331901013851
caf,1998,0.0364752262830734
caf,1999,0.0358204953372479
caf,2000,0.0351131185889244
caf,2001,0.0341316089034081
caf,2002,0.0332076251506805
caf,2003,0.0320366732776165
caf,2004,0.0309375114738941
caf,2005,0.0302721615880728
caf,2006,0.0299505833536387
caf,2007,0.0298013407737017
caf,2008,0.0295066945254803
caf,2009,0.0290307514369488
caf,2010,0.0289596226066351
caf,2011,0.0290950667113066
caf,2012,0.0288707930594683
caf,2013,0.0280885137617588
caf,2014,0.0275040399283171
caf,2015,0.027611656114459
caf,2016,0.0279962681233883
caf,2017,0.0289964750409126
caf,2018,0.0303523764014244
caf,2019,0.031394001096487
caf,2020,0.0324478521943092
caf,2021,0.03340158239007
caf,2022,0.0338642708957195
caf,2023,0.034153874963522
can,1950,0.0338143333792686
can,1951,0.0345705449581146
can,1952,0.0352737978100777
can,1953,0.0357906855642796
can,1954,0.0359050035476685
can,1955,0.0356958322227001
can,1956,0.0357989370822907
can,1957,0.0360224731266499
can,1958,0.0358162596821785
can,1959,0.0354350358247757
can,1960,0.0352463498711586
can,1961,0.0350667648017406
can,1962,0.0349015556275845
can,1963,0.034855455160141
can,1964,0.0349248200654984
can,1965,0.0352236442267895
can,1966,0.0357742458581924
can,1967,0.036258652806282
can,1968,0.0364661179482937
can,1969,0.0365667305886745
can,1970,0.0366115048527718
can,1971,0.0365715064108372
can,1972,0.0365008041262627
can,1973,0.0365358591079712
can,1974,0.0367164649069309
can,1975,0.0369169339537621
can,1976,0.0370394513010979
can,1977,0.0370754934847355
can,1978,0.0370797216892242
can,1979,0.0371505878865719
can,1980,0.0373449996113777
can,1981,0.0374391749501228
can,1982,0.0372738130390644
can,1983,0.0369065329432488
can,1984,0.0365178622305393
can,1985,0.0362178571522236
can,1986,0.0359288156032562
can,1987,0.0356264002621174
can,1988,0.0354514941573143
can,1989,0.0353579111397266
can,1990,0.035179790109396
can,1991,0.0349638611078262
can,1992,0.0346817299723625
can,1993,0.0343745537102222
can,1994,0.0341739840805531
can,1995,0.0340967401862145
can,1996,0.0341062806546688
can,1997,0.0342113003134728
can,1998,0.0344672687351704
can,1999,0.0347501859068871
can,2000,0.0349996536970139
can,2001,0.03523138910532
can,2002,0.0352954380214214
can,2003,0.0352766141295433
can,2004,0.0353390164673328
can,2005,0.0355406701564789
can,2006,0.035840954631567
can,2007,0.0361077524721623
can,2008,0.0363057442009449
can,2009,0.036228321492672
can,2010,0.0359749384224415
can,2011,0.0358240529894829
can,2012,0.0357082486152649
can,2013,0.0355474129319191
can,2014,0.0353640206158161
can,2015,0.0351208746433258
can,2016,0.0347716361284256
can,2017,0.0344553366303444
can,2018,0.0342793315649033
can,2019,0.0341662354767323
can,2020,0.0339988805353642
can,2021,0.0339771956205368
can,2022,0.0341237150132656
can,2023,0.0341532416641712
che,1950,0.0397055819630623
che,1951,0.0396102443337441
che,1952,0.0398464351892471
che,1953,0.0399394184350967
che,1954,0.0400727689266205
che,1955,0.0405546426773071
che,1956,0.0414744094014168
che,1957,0.0426020808517933
che,1958,0.043245229870081
che,1959,0.0435233898460865
che,1960,0.0440816134214401
che,1961,0.0450031943619251
che,1962,0.0460952110588551
che,1963,0.0470186807215214
che,1964,0.0476427599787712
che,1965,0.0479644984006882
che,1966,0.048074945807457
che,1967,0.0481590554118156
che,1968,0.0482399500906467
che,1969,0.048280656337738
che,1970,0.0485362969338894
che,1971,0.0490054339170456
che,1972,0.0493565276265144
che,1973,0.0494574382901192
che,1974,0.0493616051971912
che,1975,0.048934031277895
che,1976,0.0481096915900707
che,1977,0.0472703762352467
che,1978,0.0467477887868881
che,1979,0.0464507453143597
che,1980,0.0462947674095631
che,1981,0.046189971268177
che,1982,0.0459368526935577
che,1983,0.0456151850521565
che,1984,0.0452778749167919
che,1985,0.0449735708534718
che,1986,0.0448895581066608
che,1987,0.0449560731649399
che,1988,0.0450768694281578
che,1989,0.0452175289392471
che,1990,0.0453591160476208
che,1991,0.0454961322247982
che,1992,0.0453718490898609
che,1993,0.0449333861470223
che,1994,0.044442567974329
che,1995,0.0441558845341206
che,1996,0.0440932661294937
che,1997,0.0441850498318672
che,1998,0.0445469580590725
che,1999,0.0451553016901016
che,2000,0.0457773879170418
che,2001,0.0463236570358276
che,2002,0.046793520450592
che,2003,0.0471257604658604
che,2004,0.0474162623286247
che,2005,0.047780204564333
che,2006,0.0482993945479393
che,2007,0.0490322075784206
che,2008,0.0498191975057125
che,2009,0.05032142624259
che,2010,0.0505361407995224
che,2011,0.0507652126252651
che,2012,0.0510675795376301
che,2013,0.0512103587388992
che,2014,0.0512735731899738
che,2015,0.0514872223138809
che,2016,0.0518355742096901
che,2017,0.0523570775985718
che,2018,0.0528929904103279
che,2019,0.0532825477421284
che,2020,0.0534516908228397
che,2021,0.0534766428172588
che,2022,0.0534118711948395
che,2023,0.0532240606844425
chl,1951,0.0296893548220396
chl,1952,0.028221620246768
chl,1953,0.0269952639937401
chl,1954,0.0259869005531073
chl,1955,0.0251350495964289
chl,1956,0.0244584064930677
chl,1957,0.0239298734813929
chl,1958,0.0235021021217108
chl,1959,0.023182213306427
chl,1960,0.022930758073926
chl,1961,0.0227046012878418
chl,1962,0.0224617049098015
chl,1963,0.0222065821290016
chl,1964,0.0220015738159418
chl,1965,0.0218472965061665
chl,1966,0.0217547994107008
chl,1967,0.0216952860355377
chl,1968,0.0216372814029455
chl,1969,0.0215896684676409
chl,1970,0.0215446148067713
chl,1971,0.0214938446879387
chl,1972,0.0214206445962191
chl,1973,0.0214790180325508
chl,1974,0.0218121651560068
chl,1975,0.0222722347825766
chl,1976,0.022662403061986
chl,1977,0.0230547282844782
chl,1978,0.0235423743724823
chl,1979,0.0240725800395012
chl,1980,0.0246607419103384
chl,1981,0.0252644494175911
chl,1982,0.0253625139594078
chl,1983,0.0249686948955059
chl,1984,0.0246774591505528
chl,1985,0.0245074387639761
chl,1986,0.0242958255112171
chl,1987,0.0241547785699368
chl,1988,0.0241734180599451
chl,1989,0.0243827160447836
chl,1990,0.0247037280350924
chl,1991,0.0250235293060541
chl,1992,0.0254274029284716
chl,1993,0.0258461348712444
chl,1994,0.0262994877994061
chl,1995,0.0269874390214682
chl,1996,0.0277805645018816
chl,1997,0.0284842997789383
chl,1998,0.0289549510926008
chl,1999,0.0291774719953537
chl,2000,0.0294331591576338
chl,2001,0.029765073210001
chl,2002,0.0300762113183737
chl,2003,0.0304466094821692
chl,2004,0.0310621839016676
chl,2005,0.0321212820708752
chl,2006,0.0332786254584789
chl,2007,0.0344804413616657
chl,2008,0.0357838310301304
chl,2009,0.0366763025522232
chl,2010,0.0376171432435513
chl,2011,0.0392434224486351
chl,2012,0.0410503335297108
chl,2013,0.0422637388110161
chl,2014,0.0427651293575764
chl,2015,0.0428218133747578
chl,2016,0.0426662340760231
chl,2017,0.0424395613372326
chl,2018,0.0423488058149815
chl,2019,0.0423667579889298
chl,2020,0.0421399511396885
chl,2021,0.0421045534312725
chl,2022,0.0425509959459305
chl,2023,0.0428671650588512
chn,1952,0.0417744219303131
chn,1953,0.0441371127963066
chn,1954,0.0466292947530746
chn,1955,0.0485806949436665
chn,1956,0.0501770935952663
chn,1957,0.0517155379056931
chn,1958,0.0538623072206974
chn,1959,0.0569047182798386
chn,1960,0.0591875500977039
chn,1961,0.0592349506914616
chn,1962,0.0579154118895531
chn,1963,0.0567305125296116
chn,1964,0.055972583591938
chn,1965,0.0556058995425701
chn,1966,0.0553862638771534
chn,1967,0.0550731644034386
chn,1968,0.0545930787920952
chn,1969,0.0541658326983452
chn,1970,0.0539230965077877
chn,1971,0.0536716319620609
chn,1972,0.0534064956009388
chn,1973,0.0532309450209141
chn,1974,0.0530846677720547
chn,1975,0.0529184490442276
chn,1976,0.0525164715945721
chn,1977,0.052021186798811
chn,1978,0.0519935600459576
chn,1979,0.0523055642843246
chn,1980,0.052294172346592
chn,1981,0.0518098957836628
chn,1982,0.0513186901807785
chn,1983,0.0511614084243774
chn,1984,0.0515205040574074
chn,1985,0.0524646081030369
chn,1986,0.0533456206321716
chn,1987,0.0538971684873104
chn,1988,0.054425623267889
chn,1989,0.0543919876217842
chn,1990,0.0538391247391701
chn,1991,0.0535467527806759
chn,1992,0.0538966096937656
chn,1993,0.055012833327055
chn,1994,0.0562056750059128
chn,1995,0.0564521700143814
chn,1996,0.0559346154332161
chn,1997,0.0554078593850136
chn,1998,0.0549055337905884
chn,1999,0.0542464107275009
chn,2000,0.0535032488405705
chn,2001,0.0527944341301918
chn,2002,0.0521986521780491
chn,2003,0.0521982535719872
chn,2004,0.052845660597086
chn,2005,0.0536323301494122
chn,2006,0.0540632195770741
chn,2007,0.0537730939686298
chn,2008,0.0534361973404884
chn,2009,0.0538002103567123
chn,2010,0.0544898919761181
chn,2011,0.0549234077334404
chn,2012,0.0551375187933445
chn,2013,0.055157445371151
chn,2014,0.0548929870128632
chn,2015,0.0544183179736137
chn,2016,0.0537576451897621
chn,2017,0.0530018955469132
chn,2018,0.0522684007883072
chn,2019,0.0515047647058964
chn,2020,0.0506707541644573
chn,2021,0.0500542297959328
chn,2022,0.0496898144483566
chn,2023,0.0492860600352287
civ,1960,0.0429443083703518
civ,1961,0.0466876365244389
civ,1962,0.0485325753688812
civ,1963,0.0490722209215164
civ,1964,0.0505205951631069
civ,1965,0.0519133135676384
civ,1966,0.0524270944297314
civ,1967,0.0524738244712353
civ,1968,0.0519585870206356
civ,1969,0.0514036118984222
civ,1970,0.0516441315412521
civ,1971,0.0518513172864914
civ,1972,0.0515788607299328
civ,1973,0.0520347468554974
civ,1974,0.052756704390049
civ,1975,0.0526234582066536
civ,1976,0.0524544641375542
civ,1977,0.0533070713281632
civ,1978,0.0540743991732597
civ,1979,0.0537258610129356
civ,1980,0.0527007058262825
civ,1981,0.0514139086008072
civ,1982,0.0503217428922653
civ,1983,0.0494558624923229
civ,1984,0.0484674796462059
civ,1985,0.0474971793591976
civ,1986,0.0466468706727028
civ,1987,0.0456777885556221
civ,1988,0.0446037650108337
civ,1989,0.0436325371265411
civ,1990,0.042695552110672
civ,1991,0.0417647995054722
civ,1992,0.0409156382083893
civ,1993,0.0401589795947075
civ,1994,0.039642196148634
civ,1995,0.040038462728262
civ,1996,0.0413430482149124
civ,1997,0.0428444817662239
civ,1998,0.0440341718494892
civ,1999,0.0443561263382435
civ,2000,0.0438041500747204
civ,2001,0.0428762622177601
civ,2002,0.04196647554636
civ,2003,0.0409640446305275
civ,2004,0.0400873720645905
civ,2005,0.0394882895052433
civ,2006,0.0387765951454639
civ,2007,0.0386232323944569
civ,2008,0.0392271988093853
civ,2009,0.0396184287965298
civ,2010,0.0394714213907719
civ,2011,0.0388617180287838
civ,2012,0.0393479876220226
civ,2013,0.0419669896364212
civ,2014,0.0455247201025486
civ,2015,0.0491611696779728
civ,2016,0.0520868711173534
civ,2017,0.0539173185825348
civ,2018,0.0546822883188725
civ,2019,0.055318009108305
civ,2020,0.05568677932024
civ,2021,0.0558030940592289
civ,2022,0.0564171746373177
civ,2023,0.0570654608309269
cmr,1960,0.0410019457340241
cmr,1961,0.0415137521922588
cmr,1962,0.0419963113963604
cmr,1963,0.042280524969101
cmr,1964,0.0424285605549812
cmr,1965,0.0435660779476166
cmr,1966,0.0456543900072575
cmr,1967,0.0472773462533951
cmr,1968,0.0481673926115036
cmr,1969,0.0483141243457794
cmr,1970,0.0488908365368843
cmr,1971,0.0499050170183182
cmr,1972,0.0501061230897903
cmr,1973,0.0500788167119026
cmr,1974,0.0503106825053692
cmr,1975,0.0505457557737827
cmr,1976,0.0508414171636105
cmr,1977,0.0516359433531761
cmr,1978,0.0530579052865505
cmr,1979,0.0536998547613621
cmr,1980,0.0536419488489628
cmr,1981,0.053590465337038
cmr,1982,0.0530506670475006
cmr,1983,0.0522069297730923
cmr,1984,0.0513379387557507
cmr,1985,0.0503432415425777
cmr,1986,0.0494294576346874
cmr,1987,0.0489492379128933
cmr,1988,0.0485904514789581
cmr,1989,0.0479340218007565
cmr,1990,0.0470787659287453
cmr,1991,0.0461466573178768
cmr,1992,0.0449876934289932
cmr,1993,0.0435769408941269
cmr,1994,0.0424567200243473
cmr,1995,0.0424405746161938
cmr,1996,0.0432418808341026
cmr,1997,0.044670756906271
cmr,1998,0.0464258417487145
cmr,1999,0.0473372973501682
cmr,2000,0.0477035231888294
cmr,2001,0.048583272844553
cmr,2002,0.0497106797993183
cmr,2003,0.0501528158783913
cmr,2004,0.0504548996686935
cmr,2005,0.0508788153529167
cmr,2006,0.0508968383073807
cmr,2007,0.0513725839555264
cmr,2008,0.0525304228067398
cmr,2009,0.0534284301102161
cmr,2010,0.053558211773634
cmr,2011,0.0534471720457077
cmr,2012,0.0532555393874645
cmr,2013,0.0527341924607754
cmr,2014,0.0524136759340763
cmr,2015,0.0521371252834797
cmr,2016,0.0516240037977695
cmr,2017,0.0507333986461163
cmr,2018,0.0496206395328045
cmr,2019,0.048637505620718
cmr,2020,0.0475221015512943
cmr,2021,0.0464294329285622
cmr,2022,0.0456701889634132
cmr,2023,0.0450741015374661
cod,1950,0.0391750670969486
cod,1951,0.0364297591149807
cod,1952,0.0341229289770126
cod,1953,0.0322505347430706
cod,1954,0.0307250078767538
cod,1955,0.0294454302638769
cod,1956,0.0283605139702559
cod,1957,0.0274030584841967
cod,1958,0.0264952350407839
cod,1959,0.0255989190191031
cod,1960,0.0246861316263676
cod,1961,0.0237740688025951
cod,1962,0.0228950493037701
cod,1963,0.0222847368568182
cod,1964,0.0219829212874174
cod,1965,0.0217127986252308
cod,1966,0.0214178860187531
cod,1967,0.0210753493010998
cod,1968,0.0207418072968721
cod,1969,0.0205634254962206
cod,1970,0.0205012261867523
cod,1971,0.020541800186038
cod,1972,0.0207080449908972
cod,1973,0.0207997094839811
cod,1974,0.0209068786352873
cod,1975,0.0209583453834057
cod,1976,0.020746661350131
cod,1977,0.0207042712718248
cod,1978,0.0205958131700754
cod,1979,0.0202876534312964
cod,1980,0.0203467812389135
cod,1981,0.0206088032573462
cod,1982,0.0212566293776035
cod,1983,0.022434301674366
cod,1984,0.0233233831822872
cod,1985,0.0237520933151245
cod,1986,0.024365646764636
cod,1987,0.0246577691286802
cod,1988,0.0244637560099363
cod,1989,0.0241646710783243
cod,1990,0.0235646311193705
cod,1991,0.0229044556617737
cod,1992,0.0222381856292486
cod,1993,0.0214496813714504
cod,1994,0.0207217130810022
cod,1995,0.0200464073568583
cod,1996,0.0194078497588635
cod,1997,0.0190014000982046
cod,1998,0.0187696423381567
cod,1999,0.0183860044926405
cod,2000,0.0179393030703068
cod,2001,0.0175753328949213
cod,2002,0.017276830971241
cod,2003,0.0171333309262991
cod,2004,0.0170398000627756
cod,2005,0.0169948879629374
cod,2006,0.0171830840408802
cod,2007,0.0176399406045675
cod,2008,0.0183029323816299
cod,2009,0.0197439398616552
cod,2010,0.0217509865760803
cod,2011,0.0243317149579525
cod,2012,0.0273369196802378
cod,2013,0.0291808862239122
cod,2014,0.0301733873784542
cod,2015,0.0304833445698023
cod,2016,0.0301665011793375
cod,2017,0.0301268473267555
cod,2018,0.0302089732140303
cod,2019,0.0302767083048821
cod,2020,0.0302412081509829
cod,2021,0.0313263460993767
cod,2022,0.0321177467703819
cod,2023,0.0365694314241409
cog,1960,0.0459741093218327
cog,1961,0.0546928979456425
cog,1962,0.0580198355019093
cog,1963,0.0567927956581116
cog,1964,0.0546412691473961
cog,1965,0.052754107862711
cog,1966,0.0520754307508469
cog,1967,0.0524753704667091
cog,1968,0.0524497330188751
cog,1969,0.0515150725841522
cog,1970,0.0501275397837162
cog,1971,0.0490184091031551
cog,1972,0.0484511442482472
cog,1973,0.0482654422521591
cog,1974,0.0478021129965782
cog,1975,0.0476680770516396
cog,1976,0.0481229722499847
cog,1977,0.0481675639748573
cog,1978,0.0483028963208199
cog,1979,0.0482772924005985
cog,1980,0.0483201779425144
cog,1981,0.0497117973864079
cog,1982,0.0506348758935928
cog,1983,0.0505784563720226
cog,1984,0.0499424897134304
cog,1985,0.0491044782102108
cog,1986,0.0485870689153671
cog,1987,0.0482173785567284
cog,1988,0.0478234216570854
cog,1989,0.0471819303929806
cog,1990,0.0469035506248474
cog,1991,0.0469338968396187
cog,1992,0.0465236455202103
cog,1993,0.0462400130927563
cog,1994,0.047199934720993
cog,1995,0.0485248528420925
cog,1996,0.0489875599741936
cog,1997,0.0483036935329437
cog,1998,0.0481832586228848
cog,1999,0.0478065237402916
cog,2000,0.0461699552834034
cog,2001,0.0452231429517269
cog,2002,0.0450881272554398
cog,2003,0.0451412498950958
cog,2004,0.0442906841635704
cog,2005,0.0426835604012013
cog,2006,0.0415199920535088
cog,2007,0.0413823164999485
cog,2008,0.0407098047435284
cog,2009,0.0398778468370438
cog,2010,0.0406607687473297
cog,2011,0.0408878512680531
cog,2012,0.0401414074003696
cog,2013,0.0397434383630753
cog,2014,0.0395398177206516
cog,2015,0.0395255088806152
cog,2016,0.0394676551222801
cog,2017,0.039002075791359
cog,2018,0.0386017635464668
cog,2019,0.0384698547422886
cog,2020,0.0381724946200848
cog,2021,0.0377052240073681
cog,2022,0.0372614786028862
cog,2023,0.0370638258755207
col,1950,0.0327303260564804
col,1951,0.0326136164367199
col,1952,0.0326217040419579
col,1953,0.0329506285488606
col,1954,0.0335081219673157
col,1955,0.0339003764092922
col,1956,0.0339950919151306
col,1957,0.0333601646125317
col,1958,0.0322980806231499
col,1959,0.0313172899186611
col,1960,0.03074936196208
col,1961,0.0305878613144159
col,1962,0.0303252059966326
col,1963,0.0299048591405153
col,1964,0.0296028163284063
col,1965,0.02934311889112
col,1966,0.029123343527317
col,1967,0.028910169377923
col,1968,0.0287142395973206
col,1969,0.0286840442568064
col,1970,0.0288545582443476
col,1971,0.029216967523098
col,1972,0.0295821223407984
col,1973,0.029785281047225
col,1974,0.0299219097942114
col,1975,0.0301188081502914
col,1976,0.0304098557680845
col,1977,0.030623123049736
col,1978,0.0307548400014639
col,1979,0.0310240089893341
col,1980,0.0313520804047585
col,1981,0.0316368266940117
col,1982,0.0318420380353928
col,1983,0.031869612634182
col,1984,0.0317449979484081
col,1985,0.031453862786293
col,1986,0.0311001371592283
col,1987,0.0309445727616549
col,1988,0.0309615023434162
col,1989,0.0309768561273813
col,1990,0.0309660099446774
col,1991,0.0308006200939417
col,1992,0.030539384111762
col,1993,0.0307814925909042
col,1994,0.0314389280974865
col,1995,0.0319398269057274
col,1996,0.0322057940065861
col,1997,0.0324245169758797
col,1998,0.0325624123215675
col,1999,0.0324068702757359
col,2000,0.0320723913609982
col,2001,0.0318518243730068
col,2002,0.0317601077258587
col,2003,0.0317620821297169
col,2004,0.0318107418715954
col,2005,0.0319438874721527
col,2006,0.0324202068150044
col,2007,0.0331652835011482
col,2008,0.0339446291327477
col,2009,0.0345268361270428
col,2010,0.0349426418542862
col,2011,0.0356861613690853
col,2012,0.0365020483732224
col,2013,0.037031713873148
col,2014,0.0374717377126217
col,2015,0.0377776548266411
col,2016,0.0378063917160034
col,2017,0.0376808866858482
col,2018,0.0376470200717449
col,2019,0.0378361605107784
col,2020,0.0378474742174149
col,2021,0.037736713886261
col,2022,0.0379018001258373
col,2023,0.0380164459347725
com,1960,0.0395366288721561
com,1961,0.0374141186475754
com,1962,0.0360572561621666
com,1963,0.0352882593870163
com,1964,0.0348317213356495
com,1965,0.0350535437464714
com,1966,0.035653617233038
com,1967,0.0360302552580833
com,1968,0.0358655601739883
com,1969,0.0354025363922119
com,1970,0.035507757216692
com,1971,0.0360062681138516
com,1972,0.0361816510558128
com,1973,0.0360000990331173
com,1974,0.0356176495552063
com,1975,0.0350239165127277
com,1976,0.0343329161405563
com,1977,0.0337607301771641
com,1978,0.0331663899123669
com,1979,0.0324863009154797
com,1980,0.0319471210241318
com,1981,0.0314683653414249
com,1982,0.0309817939996719
com,1983,0.0305072814226151
com,1984,0.0300474725663662
com,1985,0.0297739095985889
com,1986,0.0294474717229605
com,1987,0.029141902923584
com,1988,0.0290294773876667
com,1989,0.0289725512266159
com,1990,0.0288591776043177
com,1991,0.0286629572510719
com,1992,0.028496315702796
com,1993,0.0281728450208902
com,1994,0.027805469930172
com,1995,0.0277601089328527
com,1996,0.0282126013189554
com,1997,0.0286925174295902
com,1998,0.0291793551295996
com,1999,0.0296158455312252
com,2000,0.0295207481831312
com,2001,0.0293228272348642
com,2002,0.0292165707796812
com,2003,0.029051935300231
com,2004,0.0289205461740494
com,2005,0.0289605576545
com,2006,0.0293679870665073
com,2007,0.0299854930490255
com,2008,0.0304652359336615
com,2009,0.0309128202497959
com,2010,0.0313436947762966
com,2011,0.0315402112901211
com,2012,0.031631875783205
com,2013,0.0317002795636654
com,2014,0.0316551774740219
com,2015,0.0315810106694698
com,2016,0.0313929282128811
com,2017,0.0311530437320471
com,2018,0.0314491838216782
com,2019,0.0316643118858337
com,2020,0.0312646962702274
com,2021,0.0307425297796726
com,2022,0.0301744751632214
com,2023,0.0297637525945902
cpv,1960,0.0406646654009819
cpv,1961,0.0405552312731743
cpv,1962,0.0398933552205563
cpv,1963,0.0384611301124096
cpv,1964,0.0368490815162659
cpv,1965,0.0356031581759453
cpv,1966,0.0348186045885086
cpv,1967,0.034202266484499
cpv,1968,0.0337257198989391
cpv,1969,0.0336577482521534
cpv,1970,0.0338937118649483
cpv,1971,0.0341455861926079
cpv,1972,0.0342817232012749
cpv,1973,0.0343233086168766
cpv,1974,0.0343010649085045
cpv,1975,0.0340794958174229
cpv,1976,0.0337101332843304
cpv,1977,0.0333856903016567
cpv,1978,0.0332509279251099
cpv,1979,0.0333658009767532
cpv,1980,0.0334253571927547
cpv,1981,0.0335998497903347
cpv,1982,0.0343546383082867
cpv,1983,0.0354454629123211
cpv,1984,0.0365468710660934
cpv,1985,0.0377434343099594
cpv,1986,0.0385401733219624
cpv,1987,0.0387257933616638
cpv,1988,0.0386759750545025
cpv,1989,0.0385810881853104
cpv,1990,0.0385062359273434
cpv,1991,0.0384348854422569
cpv,1992,0.0383327156305313
cpv,1993,0.0382331013679504
cpv,1994,0.0383475124835968
cpv,1995,0.0395942404866219
cpv,1996,0.0418452620506287
cpv,1997,0.043174535036087
cpv,1998,0.0436642616987228
cpv,1999,0.0444424413144589
cpv,2000,0.0450195111334324
cpv,2001,0.0457579120993614
cpv,2002,0.0472593754529953
cpv,2003,0.0484673753380775
cpv,2004,0.049579780548811
cpv,2005,0.0501691624522209
cpv,2006,0.050024475902319
cpv,2007,0.0508003048598766
cpv,2008,0.0513463206589222
cpv,2009,0.0502752028405666
cpv,2010,0.0486909113824368
cpv,2011,0.0474337972700596
cpv,2012,0.0461552031338215
cpv,2013,0.0446890667080879
cpv,2014,0.043370496481657
cpv,2015,0.0422777235507965
cpv,2016,0.0412958823144436
cpv,2017,0.0406341552734375
cpv,2018,0.0397149547934532
cpv,2019,0.0385413840413094
cpv,2020,0.0377321280539036
cpv,2021,0.0372860766947269
cpv,2022,0.0369335785508156
cpv,2023,0.0364353619515896
cri,1950,0.0348468385636807
cri,1951,0.0354720987379551
cri,1952,0.0364255756139755
cri,1953,0.0375837422907352
cri,1954,0.0384208112955093
cri,1955,0.0390871465206146
cri,1956,0.0398162305355072
cri,1957,0.0405781120061874
cri,1958,0.040718100965023
cri,1959,0.0405232384800911
cri,1960,0.0405996441841126
cri,1961,0.0403639040887356
cri,1962,0.0401266217231751
cri,1963,0.0403125919401646
cri,1964,0.0406255088746548
cri,1965,0.0411828942596912
cri,1966,0.042084101587534
cri,1967,0.0429090708494186
cri,1968,0.0431402139365673
cri,1969,0.0435691736638546
cri,1970,0.0448270291090012
cri,1971,0.0464896038174629
cri,1972,0.0481062904000282
cri,1973,0.049380961805582
cri,1974,0.050483550876379
cri,1975,0.0512261018157005
cri,1976,0.0517455413937569
cri,1977,0.0527430698275566
cri,1978,0.0542110800743103
cri,1979,0.0554817020893097
cri,1980,0.0553359538316727
cri,1981,0.0538465417921543
cri,1982,0.0516430474817753
cri,1983,0.0491782240569592
cri,1984,0.0474480502307415
cri,1985,0.0464585646986961
cri,1986,0.0460243001580238
cri,1987,0.0463565029203892
cri,1988,0.046688798815012
cri,1989,0.0469059720635414
cri,1990,0.0479231290519238
cri,1991,0.0487292744219303
cri,1992,0.0493743978440762
cri,1993,0.0504967607557774
cri,1994,0.0512607283890247
cri,1995,0.0515229776501656
cri,1996,0.051647637039423
cri,1997,0.0521668456494808
cri,1998,0.0534575432538986
cri,1999,0.0546465925872326
cri,2000,0.0548766516149044
cri,2001,0.0543344505131245
cri,2002,0.0538164265453815
cri,2003,0.053504791110754
cri,2004,0.0530350543558598
cri,2005,0.052788645029068
cri,2006,0.0528027564287186
cri,2007,0.052711483091116
cri,2008,0.0524620153009892
cri,2009,0.0517173744738102
cri,2010,0.0509501285851002
cri,2011,0.0505339577794075
cri,2012,0.0500196143984795
cri,2013,0.0497506111860275
cri,2014,0.0497425347566605
cri,2015,0.0495952665805817
cri,2016,0.0496664382517338
cri,2017,0.0499217286705971
cri,2018,0.0499280504882336
cri,2019,0.0497682467103004
cri,2020,0.0494417734444141
cri,2021,0.0494420304894447
cri,2022,0.0498350523412228
cri,2023,0.0497367046773434
cym,1970,0.0391545966267586
cym,1971,0.036614153534174
cym,1972,0.0346888527274132
cym,1973,0.0332221314311028
cym,1974,0.0321139022707939
cym,1975,0.0312778241932392
cym,1976,0.0306491609662771
cym,1977,0.0301825683563948
cym,1978,0.0298206619918346
cym,1979,0.0295537486672401
cym,1980,0.0293620806187391
cym,1981,0.0292261708527803
cym,1982,0.0291491746902466
cym,1983,0.0290097296237946
cym,1984,0.0289951618760824
cym,1985,0.0289732404053211
cym,1986,0.0289403181523085
cym,1987,0.0290264487266541
cym,1988,0.0292174555361271
cym,1989,0.0293203108012676
cym,1990,0.0292460937052965
cym,1991,0.0292210336774588
cym,1992,0.0292185097932816
cym,1993,0.029195012524724
cym,1994,0.0291341003030539
cym,1995,0.029167003929615
cym,1996,0.0292548928409815
cym,1997,0.0293420907109976
cym,1998,0.0295315701514483
cym,1999,0.0298265907913446
cym,2000,0.0300397630780935
cym,2001,0.0303241014480591
cym,2002,0.0306670814752579
cym,2003,0.0308316312730312
cym,2004,0.0309499856084585
cym,2005,0.031132010743022
cym,2006,0.0316619984805584
cym,2007,0.0321615450084209
cym,2008,0.0326151140034199
cym,2009,0.0331059955060482
cym,2010,0.0334795229136944
cym,2011,0.0338648147881031
cym,2012,0.0341785252094269
cym,2013,0.0344655178487301
cym,2014,0.0347569212317467
cym,2015,0.0350452065467835
cym,2016,0.0353431440889835
cym,2017,0.0356789752840996
cym,2018,0.0359501838684082
cym,2019,0.0361516401171684
cym,2020,0.036627396941185
cym,2021,0.0374317690730095
cym,2022,0.0381561666727066
cym,2023,0.0386491715908051
cyp,1950,0.0302026979625225
cyp,1951,0.0310418847948313
cyp,1952,0.031820572912693
cyp,1953,0.0327269807457924
cyp,1954,0.0344634205102921
cyp,1955,0.0369951240718365
cyp,1956,0.0393178798258305
cyp,1957,0.0410005897283554
cyp,1958,0.0412760451436043
cyp,1959,0.0406558252871037
cyp,1960,0.0400642454624176
cyp,1961,0.0393211245536804
cyp,1962,0.0392279140651226
cyp,1963,0.0394922271370888
cyp,1964,0.0390626415610313
cyp,1965,0.0390492342412472
cyp,1966,0.0395822934806347
cyp,1967,0.0396067649126053
cyp,1968,0.0392652489244938
cyp,1969,0.0392414815723896
cyp,1970,0.0395887494087219
cyp,1971,0.0395011939108372
cyp,1972,0.0390556380152702
cyp,1973,0.0384691171348095
cyp,1974,0.0376824699342251
cyp,1975,0.036579392850399
cyp,1976,0.0353187061846256
cyp,1977,0.0348569005727768
cyp,1978,0.0351831801235676
cyp,1979,0.0355798006057739
cyp,1980,0.0359390527009964
cyp,1981,0.0361315719783306
cyp,1982,0.0364518538117409
cyp,1983,0.0367638543248177
cyp,1984,0.0376716181635857
cyp,1985,0.0386854559183121
cyp,1986,0.0383657924830914
cyp,1987,0.0375008806586266
cyp,1988,0.0371326431632042
cyp,1989,0.037851482629776
cyp,1990,0.038737528026104
cyp,1991,0.0388063713908196
cyp,1992,0.0392453260719776
cyp,1993,0.0396099612116814
cyp,1994,0.0390044152736664
cyp,1995,0.0381538458168507
cyp,1996,0.0371306464076042
cyp,1997,0.0362595207989216
cyp,1998,0.0352533459663391
cyp,1999,0.0343247577548027
cyp,2000,0.0339204519987106
cyp,2001,0.0334505699574947
cyp,2002,0.0331976488232613
cyp,2003,0.0329693034291267
cyp,2004,0.0324744991958141
cyp,2005,0.0319471694529057
cyp,2006,0.031794186681509
cyp,2007,0.0318327806890011
cyp,2008,0.0320924259722233
cyp,2009,0.0324832908809185
cyp,2010,0.0327214933931828
cyp,2011,0.0328205153346062
cyp,2012,0.0325376018881798
cyp,2013,0.0321469940245152
cyp,2014,0.0317838825285435
cyp,2015,0.0314813069999218
cyp,2016,0.0322140492498875
cyp,2017,0.0340243615210056
cyp,2018,0.0350953787565231
cyp,2019,0.0350679606199265
cyp,2020,0.0348893329501152
cyp,2021,0.0348454676568508
cyp,2022,0.0350438952445984
cyp,2023,0.0355011858046055
cze,1990,0.0325642861425877
cze,1991,0.0330368056893349
cze,1992,0.0333820320665836
cze,1993,0.0338037945330143
cze,1994,0.0342806205153465
cze,1995,0.0348806828260422
cze,1996,0.0355934277176857
cze,1997,0.0362655259668827
cze,1998,0.0368245095014572
cze,1999,0.0373577177524567
cze,2000,0.038005068898201
cze,2001,0.0388138182461262
cze,2002,0.0395876355469227
cze,2003,0.0402133278548718
cze,2004,0.0408036410808563
cze,2005,0.0414648056030273
cze,2006,0.0422199629247189
cze,2007,0.0431712716817856
cze,2008,0.0442171357572079
cze,2009,0.0449099615216255
cze,2010,0.0452726818621159
cze,2011,0.0457075461745262
cze,2012,0.0461260341107845
cze,2013,0.0464409068226814
cze,2014,0.0467650666832924
cze,2015,0.0472945794463158
cze,2016,0.0479321107268333
cze,2017,0.0484759099781513
cze,2018,0.0490959845483303
cze,2019,0.0498383194208145
cze,2020,0.0502872131764889
cze,2021,0.0507710687816143
cze,2022,0.0517864339053631
cze,2023,0.0527059659361839
deu,1950,0.0320688933134079
deu,1951,0.0323934741318226
deu,1952,0.0326518975198269
deu,1953,0.0328563936054707
deu,1954,0.0329946950078011
deu,1955,0.0332959815859795
deu,1956,0.0335868671536446
deu,1957,0.0336378775537014
deu,1958,0.0335550606250763
deu,1959,0.0335010401904583
deu,1960,0.0335727743804455
deu,1961,0.0337216332554817
deu,1962,0.0338521189987659
deu,1963,0.0338500067591667
deu,1964,0.033817857503891
deu,1965,0.0338274128735065
deu,1966,0.0337207242846489
deu,1967,0.0333312526345253
deu,1968,0.0328213050961494
deu,1969,0.032579068094492
deu,1970,0.0327126421034336
deu,1971,0.0329602174460888
deu,1972,0.0330243818461895
deu,1973,0.0329472124576569
deu,1974,0.0327640771865845
deu,1975,0.0325482748448849
deu,1976,0.0324441008269787
deu,1977,0.0324481949210167
deu,1978,0.0325256213545799
deu,1979,0.0326564572751522
deu,1980,0.0328012816607952
deu,1981,0.0328760929405689
deu,1982,0.0328404419124126
deu,1983,0.0327922627329826
deu,1984,0.0327149704098702
deu,1985,0.032647505402565
deu,1986,0.0326978825032711
deu,1987,0.0328035652637482
deu,1988,0.0329521000385284
deu,1989,0.033193863928318
deu,1990,0.0335875786840916
deu,1991,0.0341095365583897
deu,1992,0.0345474034547806
deu,1993,0.0346311070024967
deu,1994,0.0344488471746445
deu,1995,0.0342400409281254
deu,1996,0.034065768122673
deu,1997,0.0339398570358753
deu,1998,0.033917210996151
deu,1999,0.0340140722692013
deu,2000,0.0342130288481712
deu,2001,0.0344065353274345
deu,2002,0.034452173858881
deu,2003,0.0343957729637623
deu,2004,0.0343610346317291
deu,2005,0.0344267562031746
deu,2006,0.0346363037824631
deu,2007,0.0349585488438606
deu,2008,0.0352986715734005
deu,2009,0.0353787690401077
deu,2010,0.0353269502520561
deu,2011,0.0354310274124146
deu,2012,0.0355237759649754
deu,2013,0.0355362966656685
deu,2014,0.0355692952871323
deu,2015,0.0357012525200844
deu,2016,0.0358863472938538
deu,2017,0.036102369427681
deu,2018,0.0363748222589493
deu,2019,0.0366379842162132
deu,2020,0.0367265641689301
deu,2021,0.0366800725460053
deu,2022,0.0366098992526531
deu,2023,0.0364172607660294
dji,1970,0.0406539291143417
dji,1971,0.0406217761337757
dji,1972,0.040327537804842
dji,1973,0.039422020316124
dji,1974,0.0379478558897972
dji,1975,0.0362135507166386
dji,1976,0.034521147608757
dji,1977,0.033089853823185
dji,1978,0.0322704873979092
dji,1979,0.0319024212658405
dji,1980,0.0316031314432621
dji,1981,0.0311251096427441
dji,1982,0.0311712324619293
dji,1983,0.0319568142294884
dji,1984,0.0325533449649811
dji,1985,0.0322343371808529
dji,1986,0.0310773979872465
dji,1987,0.0299435835331678
dji,1988,0.0290996730327606
dji,1989,0.0282865650951862
dji,1990,0.0275760665535927
dji,1991,0.027023384347558
dji,1992,0.0269533172249794
dji,1993,0.027607511729002
dji,1994,0.0282760486006737
dji,1995,0.0285208839923143
dji,1996,0.0284655913710594
dji,1997,0.0284498333930969
dji,1998,0.0287882201373577
dji,1999,0.028744038194418
dji,2000,0.0283289663493633
dji,2001,0.0281565114855766
dji,2002,0.0284871459007263
dji,2003,0.0303832441568375
dji,2004,0.0326802283525467
dji,2005,0.0350160151720047
dji,2006,0.04218889772892
dji,2007,0.051627766340971
dji,2008,0.0523682497441769
dji,2009,0.0472528524696827
dji,2010,0.0443400107324123
dji,2011,0.0435527376830578
dji,2012,0.0435967519879341
dji,2013,0.0448129400610924
dji,2014,0.0469860583543778
dji,2015,0.0490306280553341
dji,2016,0.0506362542510033
dji,2017,0.0514874905347824
dji,2018,0.051266934722662
dji,2019,0.0505044758319855
dji,2020,0.049913801252842
dji,2021,0.0496266260743141
dji,2022,0.0493919588625431
dji,2023,0.0490112714469433
dma,1970,0.0425674393773079
dma,1971,0.0471175275743008
dma,1972,0.0508403852581978
dma,1973,0.0519323237240315
dma,1974,0.0510487295687199
dma,1975,0.0500714331865311
dma,1976,0.0497353821992874
dma,1977,0.0495111048221588
dma,1978,0.05044249817729
dma,1979,0.0517562367022038
dma,1980,0.0538377501070499
dma,1981,0.0557528510689735
dma,1982,0.056340117007494
dma,1983,0.0566409938037396
dma,1984,0.0571445897221565
dma,1985,0.0577483549714088
dma,1986,0.0576437003910542
dma,1987,0.0572068691253662
dma,1988,0.0577598735690117
dma,1989,0.0598666407167912
dma,1990,0.0626416206359863
dma,1991,0.0641521811485291
dma,1992,0.063711404800415
dma,1993,0.0622826293110848
dma,1994,0.0607395842671394
dma,1995,0.0598201751708984
dma,1996,0.0593439340591431
dma,1997,0.0589273385703564
dma,1998,0.0579757206141949
dma,1999,0.0570237562060356
dma,2000,0.0568261817097664
dma,2001,0.0561572909355164
dma,2002,0.0549142584204674
dma,2003,0.0538597740232945
dma,2004,0.0532111935317516
dma,2005,0.0530383922159672
dma,2006,0.0529385730624199
dma,2007,0.0525446608662605
dma,2008,0.05220752581954
dma,2009,0.0519666001200676
dma,2010,0.0511555299162865
dma,2011,0.0495080389082432
dma,2012,0.0476527772843838
dma,2013,0.0459896698594093
dma,2014,0.0445878095924854
dma,2015,0.043384350836277
dma,2016,0.0423705168068409
dma,2017,0.0416127741336823
dma,2018,0.0414480231702328
dma,2019,0.0412499606609345
dma,2020,0.0411413311958313
dma,2021,0.0426473766565323
dma,2022,0.0451237931847572
dma,2023,0.0472258217632771
dnk,1950,0.0339659042656422
dnk,1951,0.0337164029479027
dnk,1952,0.0332147441804409
dnk,1953,0.0329313650727272
dnk,1954,0.0328434631228447
dnk,1955,0.0326120220124722
dnk,1956,0.0323383063077927
dnk,1957,0.0322535820305347
dnk,1958,0.0321209616959095
dnk,1959,0.0321889072656632
dnk,1960,0.0326666310429573
dnk,1961,0.0331884287297726
dnk,1962,0.0336944088339806
dnk,1963,0.0339132659137249
dnk,1964,0.0340993516147137
dnk,1965,0.0345081426203251
dnk,1966,0.0347171872854233
dnk,1967,0.034649770706892
dnk,1968,0.0345123186707497
dnk,1969,0.0343761928379536
dnk,1970,0.0341851897537708
dnk,1971,0.0340007655322552
dnk,1972,0.0337592735886574
dnk,1973,0.0335237607359886
dnk,1974,0.0334588773548603
dnk,1975,0.0334071293473244
dnk,1976,0.0334193110466003
dnk,1977,0.0335264652967453
dnk,1978,0.0335812978446484
dnk,1979,0.0335757657885551
dnk,1980,0.033492635935545
dnk,1981,0.033317357301712
dnk,1982,0.0332052893936634
dnk,1983,0.0332046337425709
dnk,1984,0.0332305245101452
dnk,1985,0.0334261916577816
dnk,1986,0.0338152647018433
dnk,1987,0.0341799184679985
dnk,1988,0.0344051271677017
dnk,1989,0.0346759296953678
dnk,1990,0.035043265670538
dnk,1991,0.0354372933506966
dnk,1992,0.0357759110629559
dnk,1993,0.0359627418220043
dnk,1994,0.0361551828682423
dnk,1995,0.036481324583292
dnk,1996,0.036810003221035
dnk,1997,0.0371771231293678
dnk,1998,0.0377213321626186
dnk,1999,0.0382857918739319
dnk,2000,0.0387649983167648
dnk,2001,0.0392006188631058
dnk,2002,0.0395445115864277
dnk,2003,0.0397565774619579
dnk,2004,0.0398875512182713
dnk,2005,0.0400103181600571
dnk,2006,0.0402911864221096
dnk,2007,0.0407228693366051
dnk,2008,0.0411948785185814
dnk,2009,0.0415335074067116
dnk,2010,0.0416645258665085
dnk,2011,0.0416272506117821
dnk,2012,0.0415804162621498
dnk,2013,0.0417055264115334
dnk,2014,0.0419752523303032
dnk,2015,0.0422728396952152
dnk,2016,0.0426282174885273
dnk,2017,0.043050941079855
dnk,2018,0.0434796586632729
dnk,2019,0.0437670424580574
dnk,2020,0.0439260080456734
dnk,2021,0.044319923967123
dnk,2022,0.0448842123150826
dnk,2023,0.0452512763440609
dom,1951,0.0340673737227917
dom,1952,0.0362446829676628
dom,1953,0.0393540449440479
dom,1954,0.0409815087914467
dom,1955,0.042196199297905
dom,1956,0.0434453412890434
dom,1957,0.0444864518940449
dom,1958,0.045331034809351
dom,1959,0.0461714155972004
dom,1960,0.046230386942625
dom,1961,0.0448273383080959
dom,1962,0.0440136156976223
dom,1963,0.0450489670038223
dom,1964,0.0471775531768799
dom,1965,0.0474449098110199
dom,1966,0.0467173308134079
dom,1967,0.0468668751418591
dom,1968,0.0465605892241001
dom,1969,0.0467103309929371
dom,1970,0.0478029809892178
dom,1971,0.049154095351696
dom,1972,0.0509301349520683
dom,1973,0.0526646003127098
dom,1974,0.0540332980453968
dom,1975,0.0557452812790871
dom,1976,0.0565198995172977
dom,1977,0.0563810653984547
dom,1978,0.0561618320643902
dom,1979,0.0563076362013817
dom,1980,0.0567948259413242
dom,1981,0.0559919960796833
dom,1982,0.053810965269804
dom,1983,0.0512058287858963
dom,1984,0.0481375530362129
dom,1985,0.0456046871840954
dom,1986,0.0442654304206371
dom,1987,0.0432665757834911
dom,1988,0.0418836027383804
dom,1989,0.0404482372105122
dom,1990,0.0508731007575989
dom,1991,0.0565975271165371
dom,1992,0.052537102252245
dom,1993,0.0490401908755302
dom,1994,0.0462572909891605
dom,1995,0.0442538559436798
dom,1996,0.0426376089453697
dom,1997,0.0416867844760418
dom,1998,0.0417539067566395
dom,1999,0.0412977673113346
dom,2000,0.0403602309525013
dom,2001,0.0396512635052204
dom,2002,0.0387570634484291
dom,2003,0.0387786775827408
dom,2004,0.038539931178093
dom,2005,0.0381032638251781
dom,2006,0.0380415618419647
dom,2007,0.0373720526695251
dom,2008,0.0365555211901665
dom,2009,0.0355004854500294
dom,2010,0.0343876704573631
dom,2011,0.0334653146564961
dom,2012,0.0328577794134617
dom,2013,0.0323982872068882
dom,2014,0.0318563990294933
dom,2015,0.0315773449838162
dom,2016,0.0315887294709682
dom,2017,0.0319936461746693
dom,2018,0.0326609387993813
dom,2019,0.0332754962146282
dom,2020,0.033674880862236
dom,2021,0.0341567844152451
dom,2022,0.0348226465284824
dom,2023,0.035299364477396
dza,1960,0.0411477871239185
dza,1961,0.0418607257306576
dza,1962,0.0418328158557415
dza,1963,0.0414125919342041
dza,1964,0.0410190373659134
dza,1965,0.0405375100672245
dza,1966,0.0399766489863396
dza,1967,0.0395248979330063
dza,1968,0.0395007953047752
dza,1969,0.0399148538708687
dza,1970,0.0409120321273804
dza,1971,0.0415744595229626
dza,1972,0.0416930615901947
dza,1973,0.0420848317444325
dza,1974,0.0429900474846363
dza,1975,0.0445140823721886
dza,1976,0.0459081642329693
dza,1977,0.0475511662662029
dza,1978,0.0494874007999897
dza,1979,0.0500956475734711
dza,1980,0.04959911480546
dza,1981,0.049101322889328
dza,1982,0.0483349300920963
dza,1983,0.0471679903566837
dza,1984,0.0459216050803661
dza,1985,0.0446206368505955
dza,1986,0.0431985221803188
dza,1987,0.0416122972965241
dza,1988,0.0401442535221577
dza,1989,0.0389675870537758
dza,1990,0.0382527075707912
dza,1991,0.0377478040754795
dza,1992,0.0371881909668446
dza,1993,0.0366798043251038
dza,1994,0.0362364128232002
dza,1995,0.0359894074499607
dza,1996,0.0358689613640308
dza,1997,0.0357047766447067
dza,1998,0.035543791949749
dza,1999,0.0354985743761063
dza,2000,0.0355576351284981
dza,2001,0.0357004851102829
dza,2002,0.035993155092001
dza,2003,0.0363743416965008
dza,2004,0.0368904694914818
dza,2005,0.0375094003975391
dza,2006,0.0380223989486694
dza,2007,0.0386615246534348
dza,2008,0.0395862981677055
dza,2009,0.0408491082489491
dza,2010,0.0419397801160812
dza,2011,0.0428056828677654
dza,2012,0.0435170419514179
dza,2013,0.0440587066113949
dza,2014,0.0447334758937359
dza,2015,0.0453425496816635
dza,2016,0.0457648038864136
dza,2017,0.0458506345748901
dza,2018,0.0457032807171345
dza,2019,0.0453827902674675
dza,2020,0.0448647402226925
dza,2021,0.0443563051521778
dza,2022,0.044100359082222
dza,2023,0.0441662520170212
ecu,1950,0.0328164100646973
ecu,1951,0.0325951464474201
ecu,1952,0.03238170966506
ecu,1953,0.0323533751070499
ecu,1954,0.0329602062702179
ecu,1955,0.033782210201025
ecu,1956,0.034421019256115
ecu,1957,0.0347789488732815
ecu,1958,0.0349023304879665
ecu,1959,0.0349590331315994
ecu,1960,0.0351269245147705
ecu,1961,0.0353428348898888
ecu,1962,0.0353819280862808
ecu,1963,0.0353690311312676
ecu,1964,0.0356546901166439
ecu,1965,0.0359423495829105
ecu,1966,0.0360187031328678
ecu,1967,0.0363279543817043
ecu,1968,0.0368920303881168
ecu,1969,0.037260539829731
ecu,1970,0.0373889319598675
ecu,1971,0.0374806933104992
ecu,1972,0.0373580940067768
ecu,1973,0.0372636690735817
ecu,1974,0.0377800911664963
ecu,1975,0.0390455201268196
ecu,1976,0.0402254574000835
ecu,1977,0.0410381630063057
ecu,1978,0.0419933535158634
ecu,1979,0.0427633486688137
ecu,1980,0.0433704853057861
ecu,1981,0.0437378585338593
ecu,1982,0.0437354110181332
ecu,1983,0.0430927574634552
ecu,1984,0.0418592989444733
ecu,1985,0.0408229343593121
ecu,1986,0.040089949965477
ecu,1987,0.0394289493560791
ecu,1988,0.0389551110565662
ecu,1989,0.0387191660702229
ecu,1990,0.0386216193437576
ecu,1991,0.0386651381850243
ecu,1992,0.0388552248477936
ecu,1993,0.0391122102737427
ecu,1994,0.0393609367311001
ecu,1995,0.0396233946084976
ecu,1996,0.0396859683096409
ecu,1997,0.0393400974571705
ecu,1998,0.0388389565050602
ecu,1999,0.0382153913378716
ecu,2000,0.0375057607889175
ecu,2001,0.0369913130998611
ecu,2002,0.0366982147097588
ecu,2003,0.0365541949868202
ecu,2004,0.0364435687661171
ecu,2005,0.0364779755473137
ecu,2006,0.0366635322570801
ecu,2007,0.0369307845830917
ecu,2008,0.0373858213424683
ecu,2009,0.0377471782267094
ecu,2010,0.0381076335906982
ecu,2011,0.0386972427368164
ecu,2012,0.0392307154834271
ecu,2013,0.0397886708378792
ecu,2014,0.0402809418737888
ecu,2015,0.0403441376984119
ecu,2016,0.0398553125560284
ecu,2017,0.039438895881176
ecu,2018,0.0394112132489681
ecu,2019,0.0392524898052216
ecu,2020,0.038852371275425
ecu,2021,0.038575105369091
ecu,2022,0.0385921932756901
ecu,2023,0.0386924110352993
egy,1950,0.0416682213544846
egy,1951,0.0435217842459679
egy,1952,0.0454007983207703
egy,1953,0.0474857725203037
egy,1954,0.0495428256690502
egy,1955,0.0513240061700344
egy,1956,0.0523780211806297
egy,1957,0.0529207922518253
egy,1958,0.053572703152895
egy,1959,0.0545942895114422
egy,1960,0.0556986220180988
egy,1961,0.0568188950419426
egy,1962,0.0580783896148205
egy,1963,0.0594711191952229
egy,1964,0.0609516724944115
egy,1965,0.0625034049153328
egy,1966,0.0634579434990883
egy,1967,0.0630788430571556
egy,1968,0.0621114820241928
egy,1969,0.0615454502403736
egy,1970,0.0617018342018127
egy,1971,0.062142975628376
egy,1972,0.0622055940330029
egy,1973,0.0624781288206577
egy,1974,0.0646782666444778
egy,1975,0.0680298656225205
egy,1976,0.0712793245911598
egy,1977,0.0741140842437744
egy,1978,0.0763369798660278
egy,1979,0.0776190832257271
egy,1980,0.0778490751981735
egy,1981,0.0797587782144547
egy,1982,0.0821079984307289
egy,1983,0.0830763280391693
egy,1984,0.0836020037531853
egy,1985,0.0816192179918289
egy,1986,0.0782409161329269
egy,1987,0.0757923275232315
egy,1988,0.0739885941147804
egy,1989,0.0719603672623634
egy,1990,0.0697960630059242
egy,1991,0.0678821057081223
egy,1992,0.0659700706601143
egy,1993,0.0641054436564446
egy,1994,0.0626391172409058
egy,1995,0.0621831454336643
egy,1996,0.0625399947166443
egy,1997,0.0631751120090485
egy,1998,0.0640492290258408
egy,1999,0.0645832046866417
egy,2000,0.0643065571784973
egy,2001,0.0634198561310768
egy,2002,0.0621425285935402
egy,2003,0.0608405880630016
egy,2004,0.0596082620322704
egy,2005,0.0585869699716568
egy,2006,0.0578049682080746
egy,2007,0.057048711925745
egy,2008,0.0570705384016037
egy,2009,0.0571728199720383
egy,2010,0.0567226111888886
egy,2011,0.0559513568878174
egy,2012,0.0547395832836628
egy,2013,0.0535116754472256
egy,2014,0.0524177141487598
egy,2015,0.0516085922718048
egy,2016,0.0511663444340229
egy,2017,0.051123958081007
egy,2018,0.0515957586467266
egy,2019,0.0521900169551373
egy,2020,0.051974181085825
egy,2021,0.051041767001152
egy,2022,0.0504792965948582
egy,2023,0.0496279411017895
esp,1950,0.0268262457102537
esp,1951,0.0272811185568571
esp,1952,0.0278478376567364
esp,1953,0.0284580886363983
esp,1954,0.0291222147643566
esp,1955,0.0296623725444078
esp,1956,0.0301148965954781
esp,1957,0.0306498501449823
esp,1958,0.0311789829283953
esp,1959,0.0313358940184116
esp,1960,0.0313788652420044
esp,1961,0.0317149423062801
esp,1962,0.0321865566074848
esp,1963,0.0325178578495979
esp,1964,0.0325592420995235
esp,1965,0.0325945802032948
esp,1966,0.032837525010109
esp,1967,0.0328883565962315
esp,1968,0.0325290337204933
esp,1969,0.0322443582117558
esp,1970,0.0321883037686348
esp,1971,0.0320517122745514
esp,1972,0.0319899395108223
esp,1973,0.0321947410702705
esp,1974,0.0325299017131329
esp,1975,0.0327550694346428
esp,1976,0.0327788293361664
esp,1977,0.0327065773308277
esp,1978,0.0325693674385548
esp,1979,0.032347958534956
esp,1980,0.0321112759411335
esp,1981,0.0318765416741371
esp,1982,0.0316491276025772
esp,1983,0.0314090810716152
esp,1984,0.0310413129627705
esp,1985,0.0307091027498245
esp,1986,0.030601017177105
esp,1987,0.0307505391538143
esp,1988,0.0311545729637146
esp,1989,0.031711183488369
esp,1990,0.0322598963975906
esp,1991,0.0326787978410721
esp,1992,0.0329505875706673
esp,1993,0.0329264104366303
esp,1994,0.0327058024704456
esp,1995,0.0326177477836609
esp,1996,0.0326816737651825
esp,1997,0.032866545021534
esp,1998,0.0332199856638908
esp,1999,0.0336950123310089
esp,2000,0.0341637246310711
esp,2001,0.0345014594495297
esp,2002,0.0346668139100075
esp,2003,0.0347674265503883
esp,2004,0.0348853133618832
esp,2005,0.0350442752242088
esp,2006,0.035267811268568
esp,2007,0.0355477333068848
esp,2008,0.0357905626296997
esp,2009,0.0356782972812653
esp,2010,0.0353942029178143
esp,2011,0.0352585352957249
esp,2012,0.0351593419909477
esp,2013,0.035103902220726
esp,2014,0.0351285077631474
esp,2015,0.0352773666381836
esp,2016,0.0355149582028389
esp,2017,0.0358178466558456
esp,2018,0.0362006947398186
esp,2019,0.03663070499897
esp,2020,0.0368950627744198
esp,2021,0.0370894335210323
esp,2022,0.0373952947556973
esp,2023,0.0376107729971409
est,1990,0.0334434844553471
est,1991,0.0336921215057373
est,1992,0.0333592519164085
est,1993,0.0326071083545685
est,1994,0.0319757573306561
est,1995,0.0316308923065662
est,1996,0.0314597114920616
est,1997,0.0315681844949722
est,1998,0.0322372950613499
est,1999,0.0329768881201744
est,2000,0.0336079895496368
est,2001,0.0345559269189835
est,2002,0.0358541160821915
est,2003,0.0376800298690796
est,2004,0.0393393598496914
est,2005,0.040202546864748
est,2006,0.0412301979959011
est,2007,0.042718518525362
est,2008,0.0435243882238865
est,2009,0.0430481769144535
est,2010,0.0421948581933975
est,2011,0.0420852303504944
est,2012,0.0426884740591049
est,2013,0.0433169603347778
est,2014,0.0436046086251736
est,2015,0.0436094291508198
est,2016,0.0435054190456867
est,2017,0.0436420105397701
est,2018,0.0441623479127884
est,2019,0.0448459759354591
est,2020,0.0455125644803047
est,2021,0.04554508253932
est,2022,0.0447303578257561
est,2023,0.0441375076770783
eth,1950,0.039725910872221
eth,1951,0.0379542112350464
eth,1952,0.0365361273288727
eth,1953,0.0356320925056934
eth,1954,0.0353528633713722
eth,1955,0.035352285951376
eth,1956,0.0352427698671818
eth,1957,0.0350868403911591
eth,1958,0.0355381406843662
eth,1959,0.0358231440186501
eth,1960,0.0359021499752998
eth,1961,0.0362884365022182
eth,1962,0.0365855395793915
eth,1963,0.0367272906005383
eth,1964,0.0366325974464417
eth,1965,0.0363921672105789
eth,1966,0.0361201763153076
eth,1967,0.035899180918932
eth,1968,0.0357047319412231
eth,1969,0.0354979000985622
eth,1970,0.0351427309215069
eth,1971,0.0346801318228245
eth,1972,0.0343772247433662
eth,1973,0.0340368412435055
eth,1974,0.033509336411953
eth,1975,0.033020731061697
eth,1976,0.0327579565346241
eth,1977,0.0325403325259686
eth,1978,0.032484445720911
eth,1979,0.0328603349626064
eth,1980,0.0335558578372002
eth,1981,0.0344571657478809
eth,1982,0.0353446714580059
eth,1983,0.0361773557960987
eth,1984,0.0369860231876373
eth,1985,0.0372474491596222
eth,1986,0.0373231135308743
eth,1987,0.0380429588258266
eth,1988,0.0389862842857838
eth,1989,0.0392845049500465
eth,1990,0.0388904735445976
eth,1991,0.0377575010061264
eth,1992,0.0362134948372841
eth,1993,0.0350258536636829
eth,1994,0.0339441001415253
eth,1995,0.0332636311650276
eth,1996,0.0327803492546082
eth,1997,0.0322392322123051
eth,1998,0.0320966131985188
eth,1999,0.0323059037327766
eth,2000,0.0327635034918785
eth,2001,0.0333738923072815
eth,2002,0.0337568633258343
eth,2003,0.0338925383985043
eth,2004,0.0343538522720337
eth,2005,0.0351528450846672
eth,2006,0.0364177003502846
eth,2007,0.0376993790268898
eth,2008,0.0385541580617428
eth,2009,0.0397059805691242
eth,2010,0.0411163046956062
eth,2011,0.0428202003240585
eth,2012,0.0468197502195835
eth,2013,0.0512137934565544
eth,2014,0.0533597730100155
eth,2015,0.0532596632838249
eth,2016,0.0512456297874451
eth,2017,0.0494107790291309
eth,2018,0.0479282364249229
eth,2019,0.046366848051548
eth,2020,0.0451440662145615
eth,2021,0.0439655035734177
eth,2022,0.0427186489105225
eth,2023,0.0413782112300396
fin,1950,0.0299558658152819
fin,1951,0.0297971405088902
fin,1952,0.0301763601601124
fin,1953,0.0303963404148817
fin,1954,0.0304001495242119
fin,1955,0.0307589061558247
fin,1956,0.0313725881278515
fin,1957,0.0317371115088463
fin,1958,0.0318874232470989
fin,1959,0.0322453491389751
fin,1960,0.0329628065228462
fin,1961,0.0337598882615566
fin,1962,0.034306213259697
fin,1963,0.0344346351921558
fin,1964,0.0344153083860874
fin,1965,0.0346133857965469
fin,1966,0.0348104164004326
fin,1967,0.0347104780375958
fin,1968,0.0344590991735458
fin,1969,0.0344281941652298
fin,1970,0.0346541628241539
fin,1971,0.034951388835907
fin,1972,0.0352505780756474
fin,1973,0.0354175865650177
fin,1974,0.0354494713246822
fin,1975,0.0355974771082401
fin,1976,0.0357687175273895
fin,1977,0.0357085093855858
fin,1978,0.0353452488780022
fin,1979,0.0349438861012459
fin,1980,0.0348395928740501
fin,1981,0.0349842421710491
fin,1982,0.0351826511323452
fin,1983,0.0353461280465126
fin,1984,0.0354891158640385
fin,1985,0.0356896333396435
fin,1986,0.0359961465001106
fin,1987,0.0364109687507153
fin,1988,0.0369371362030506
fin,1989,0.0375503376126289
fin,1990,0.0380185395479202
fin,1991,0.0379861742258072
fin,1992,0.0375955924391747
fin,1993,0.0370801314711571
fin,1994,0.0365335308015347
fin,1995,0.0361919738352299
fin,1996,0.0361107550561428
fin,1997,0.0362642593681812
fin,1998,0.0365759991109371
fin,1999,0.0369253717362881
fin,2000,0.0372439995408058
fin,2001,0.0375618375837803
fin,2002,0.0377904437482357
fin,2003,0.037892859429121
fin,2004,0.0379828251898289
fin,2005,0.0380662195384502
fin,2006,0.0381044037640095
fin,2007,0.0381908975541592
fin,2008,0.0383663065731525
fin,2009,0.0384106189012528
fin,2010,0.0382493883371353
fin,2011,0.0379899367690086
fin,2012,0.0377135798335075
fin,2013,0.0373971089720726
fin,2014,0.0370598994195461
fin,2015,0.0367430709302425
fin,2016,0.0364884622395039
fin,2017,0.0363286435604095
fin,2018,0.0362835377454758
fin,2019,0.0362965539097786
fin,2020,0.0361860021948814
fin,2021,0.0360465012490749
fin,2022,0.0360719300806522
fin,2023,0.0360090658068657
fji,1960,0.0525792390108109
fji,1961,0.0678429454565048
fji,1962,0.075313150882721
fji,1963,0.0795085579156876
fji,1964,0.083492673933506
fji,1965,0.0868577584624291
fji,1966,0.089233510196209
fji,1967,0.0908692553639412
fji,1968,0.0929247140884399
fji,1969,0.0947606265544891
fji,1970,0.0954217463731766
fji,1971,0.0959317907691002
fji,1972,0.0968950390815735
fji,1973,0.0973630249500275
fji,1974,0.0963798463344574
fji,1975,0.0950314924120903
fji,1976,0.0941746458411217
fji,1977,0.0935938730835915
fji,1978,0.0933565720915794
fji,1979,0.0934376120567322
fji,1980,0.0935465469956398
fji,1981,0.0938828960061073
fji,1982,0.0934994891285896
fji,1983,0.0922162905335426
fji,1984,0.0910677090287209
fji,1985,0.0901822447776794
fji,1986,0.0896894335746765
fji,1987,0.0889202207326889
fji,1988,0.0881258249282837
fji,1989,0.087995670735836
fji,1990,0.0883593708276749
fji,1991,0.0890970379114151
fji,1992,0.0897578075528145
fji,1993,0.0905943661928177
fji,1994,0.0916873291134834
fji,1995,0.0920336022973061
fji,1996,0.0918611139059067
fji,1997,0.0922374129295349
fji,1998,0.0943511128425598
fji,1999,0.0967354103922844
fji,2000,0.0975377932190895
fji,2001,0.0979475602507591
fji,2002,0.0991352647542954
fji,2003,0.10185668617487
fji,2004,0.102874837815762
fji,2005,0.10014059394598
fji,2006,0.096545971930027
fji,2007,0.0930407047271729
fji,2008,0.089985117316246
fji,2009,0.0873560979962349
fji,2010,0.0846361145377159
fji,2011,0.0831399857997894
fji,2012,0.0821759551763535
fji,2013,0.0821663290262222
fji,2014,0.0825773850083351
fji,2015,0.0823498219251633
fji,2016,0.0821666121482849
fji,2017,0.0819727629423142
fji,2018,0.0821487680077553
fji,2019,0.0821587815880776
fji,2020,0.0817853361368179
fji,2021,0.0820348411798477
fji,2022,0.0825343951582909
fji,2023,0.082311749458313
fra,1950,0.0255272891372442
fra,1951,0.0254466012120247
fra,1952,0.0253475178033113
fra,1953,0.0252345893532038
fra,1954,0.0251297987997532
fra,1955,0.0250292140990496
fra,1956,0.0249447766691446
fra,1957,0.0249017160385847
fra,1958,0.0248808246105909
fra,1959,0.0248232297599316
fra,1960,0.0247979648411274
fra,1961,0.0248186346143484
fra,1962,0.0248567517846823
fra,1963,0.0249204896390438
fra,1964,0.0249953884631395
fra,1965,0.0250603538006544
fra,1966,0.0251298099756241
fra,1967,0.0252221375703812
fra,1968,0.0253215823322535
fra,1969,0.0254992973059416
fra,1970,0.0257144328206778
fra,1971,0.0259261447936296
fra,1972,0.0261454042047262
fra,1973,0.026393486186862
fra,1974,0.0266216900199652
fra,1975,0.0267618522047997
fra,1976,0.0269299168139696
fra,1977,0.0271317902952433
fra,1978,0.0273245517164469
fra,1979,0.0275163985788822
fra,1980,0.027704581618309
fra,1981,0.0278786793351173
fra,1982,0.0280307102948427
fra,1983,0.0281433910131454
fra,1984,0.0282023977488279
fra,1985,0.0282811094075441
fra,1986,0.0283983014523983
fra,1987,0.028548140078783
fra,1988,0.0287690553814173
fra,1989,0.0290720090270042
fra,1990,0.0294456742703915
fra,1991,0.0297950599342585
fra,1992,0.0300600752234459
fra,1993,0.0302145816385746
fra,1994,0.030306039378047
fra,1995,0.0304231345653534
fra,1996,0.0305638164281845
fra,1997,0.0307247154414654
fra,1998,0.0309641808271408
fra,1999,0.0313322693109512
fra,2000,0.0317638143897057
fra,2001,0.0321874804794788
fra,2002,0.0325171984732151
fra,2003,0.0327398553490639
fra,2004,0.0329345911741257
fra,2005,0.0331221409142017
fra,2006,0.033309318125248
fra,2007,0.0335348583757877
fra,2008,0.0338144414126873
fra,2009,0.0339235179126263
fra,2010,0.0339142270386219
fra,2011,0.0340019650757313
fra,2012,0.0341319479048252
fra,2013,0.0342576950788498
fra,2014,0.0343812629580498
fra,2015,0.0345606282353401
fra,2016,0.0348165035247803
fra,2017,0.035138800740242
fra,2018,0.035533394664526
fra,2019,0.0359908454120159
fra,2020,0.0363562926650047
fra,2021,0.0367796495556831
fra,2022,0.0373813062906265
fra,2023,0.0378891117870808
gab,1960,0.0407581701874733
gab,1961,0.0410730317234993
gab,1962,0.0413857027888298
gab,1963,0.041122492402792
gab,1964,0.0403751768171787
gab,1965,0.0395817309617996
gab,1966,0.0392569676041603
gab,1967,0.0391055606305599
gab,1968,0.0388494059443474
gab,1969,0.0387286879122257
gab,1970,0.0384533442556858
gab,1971,0.0381845012307167
gab,1972,0.0382474735379219
gab,1973,0.0383703634142876
gab,1974,0.0393137596547604
gab,1975,0.0402412191033363
gab,1976,0.0400408059358597
gab,1977,0.04072380438447
gab,1978,0.0417335256934166
gab,1979,0.0422563143074513
gab,1980,0.0428195483982563
gab,1981,0.0437956787645817
gab,1982,0.0450125634670258
gab,1983,0.0460603162646294
gab,1984,0.0470442548394203
gab,1985,0.0478354282677174
gab,1986,0.0479265786707401
gab,1987,0.0473298355937004
gab,1988,0.0473876446485519
gab,1989,0.0476168170571327
gab,1990,0.0470826476812363
gab,1991,0.0465785227715969
gab,1992,0.0461829751729965
gab,1993,0.0457286164164543
gab,1994,0.0455984510481358
gab,1995,0.0453853979706764
gab,1996,0.0454617626965046
gab,1997,0.0464218594133854
gab,1998,0.047694593667984
gab,1999,0.0483833663165569
gab,2000,0.0486960113048554
gab,2001,0.0492610111832619
gab,2002,0.0495684631168842
gab,2003,0.0493741557002068
gab,2004,0.0488399416208267
gab,2005,0.0485730729997158
gab,2006,0.0487863942980766
gab,2007,0.0491503365337849
gab,2008,0.0495869629085064
gab,2009,0.0499996058642864
gab,2010,0.0508573316037655
gab,2011,0.0517217665910721
gab,2012,0.0521305277943611
gab,2013,0.0523890890181065
gab,2014,0.0527286306023598
gab,2015,0.0529270470142365
gab,2016,0.0527144111692905
gab,2017,0.0521899908781052
gab,2018,0.0523712188005447
gab,2019,0.0538002252578735
gab,2020,0.0547775700688362
gab,2021,0.0548770651221275
gab,2022,0.0547812022268772
gab,2023,0.0547258257865906
gbr,1950,0.0272546745836735
gbr,1951,0.0290365498512983
gbr,1952,0.0304058939218521
gbr,1953,0.031178917735815
gbr,1954,0.0319146886467934
gbr,1955,0.0327055267989636
gbr,1956,0.0335242040455341
gbr,1957,0.0343301258981228
gbr,1958,0.0350461862981319
gbr,1959,0.03566874563694
gbr,1960,0.0364363789558411
gbr,1961,0.0371320173144341
gbr,1962,0.0373740419745445
gbr,1963,0.0373392589390278
gbr,1964,0.037486232817173
gbr,1965,0.0377115644514561
gbr,1966,0.0377363450825214
gbr,1967,0.0376810990273953
gbr,1968,0.03769626095891
gbr,1969,0.0377198457717896
gbr,1970,0.0377665385603905
gbr,1971,0.0378334671258926
gbr,1972,0.0379003137350082
gbr,1973,0.0380083657801151
gbr,1974,0.0379313938319683
gbr,1975,0.0376110710203648
gbr,1976,0.0372750721871853
gbr,1977,0.0371210128068924
gbr,1978,0.0371659956872463
gbr,1979,0.0372441336512566
gbr,1980,0.0369345135986805
gbr,1981,0.0362399071455002
gbr,1982,0.0356006249785423
gbr,1983,0.035099521279335
gbr,1984,0.0347967743873596
gbr,1985,0.0347051359713078
gbr,1986,0.0345804058015347
gbr,1987,0.0344045162200928
gbr,1988,0.034383550286293
gbr,1989,0.03454914316535
gbr,1990,0.0350314453244209
gbr,1991,0.0355626456439495
gbr,1992,0.035819087177515
gbr,1993,0.0359197035431862
gbr,1994,0.0359694994986057
gbr,1995,0.0360399521887302
gbr,1996,0.0361964590847492
gbr,1997,0.0362024307250977
gbr,1998,0.0361023060977459
gbr,1999,0.0360760688781738
gbr,2000,0.0360697358846664
gbr,2001,0.0361459366977215
gbr,2002,0.0362238809466362
gbr,2003,0.0362792313098908
gbr,2004,0.0362887270748615
gbr,2005,0.0363145805895329
gbr,2006,0.0364302583038807
gbr,2007,0.036593172699213
gbr,2008,0.0367363207042217
gbr,2009,0.036756806075573
gbr,2010,0.0368010550737381
gbr,2011,0.0368643365800381
gbr,2012,0.0368808396160603
gbr,2013,0.0369592383503914
gbr,2014,0.0371549464762211
gbr,2015,0.0374757461249828
gbr,2016,0.0378952622413635
gbr,2017,0.0383677892386913
gbr,2018,0.0387578457593918
gbr,2019,0.0390437245368958
gbr,2020,0.039053700864315
gbr,2021,0.0390277169644833
gbr,2022,0.0391129888594151
gbr,2023,0.0390806458890438
geo,1990,0.0409929528832436
geo,1991,0.0411235168576241
geo,1992,0.0402376800775528
geo,1993,0.0383953675627708
geo,1994,0.0363418571650982
geo,1995,0.0346032343804836
geo,1996,0.0332826301455498
geo,1997,0.0324222669005394
geo,1998,0.0320810526609421
geo,1999,0.0320445038378239
geo,2000,0.031913548707962
geo,2001,0.0318191163241863
geo,2002,0.0315976105630398
geo,2003,0.0312637500464916
geo,2004,0.0316877923905849
geo,2005,0.0329389497637749
geo,2006,0.0344443172216415
geo,2007,0.0360632352530956
geo,2008,0.0373382940888405
geo,2009,0.0375244617462158
geo,2010,0.0372243337333202
geo,2011,0.037186823785305
geo,2012,0.0371892042458057
geo,2013,0.0372365638613701
geo,2014,0.03755883872509
geo,2015,0.0383267849683762
geo,2016,0.0393099114298821
geo,2017,0.0404252856969833
geo,2018,0.0412590205669403
geo,2019,0.0420626476407051
geo,2020,0.0429592169821262
geo,2021,0.0433573126792908
geo,2022,0.0436077080667019
geo,2023,0.0444894470274448
gha,1955,0.0429073721170425
gha,1956,0.0495041683316231
gha,1957,0.0538895279169083
gha,1958,0.0567598380148411
gha,1959,0.0602091513574123
gha,1960,0.0642111822962761
gha,1961,0.0669678673148155
gha,1962,0.0681367069482803
gha,1963,0.0694333612918854
gha,1964,0.0712327063083649
gha,1965,0.0729036182165146
gha,1966,0.0736625120043755
gha,1967,0.0727808251976967
gha,1968,0.0707586854696274
gha,1969,0.0687181204557419
gha,1970,0.0674509033560753
gha,1971,0.0669252723455429
gha,1972,0.065401017665863
gha,1973,0.0632793605327606
gha,1974,0.0630588158965111
gha,1975,0.0634889230132103
gha,1976,0.0628802701830864
gha,1977,0.0625198855996132
gha,1978,0.0623653754591942
gha,1979,0.0615303032100201
gha,1980,0.0603773854672909
gha,1981,0.05886160582304
gha,1982,0.0569482855498791
gha,1983,0.0548006743192673
gha,1984,0.0531844645738602
gha,1985,0.0524968132376671
gha,1986,0.0524263605475426
gha,1987,0.0525118485093117
gha,1988,0.0529255159199238
gha,1989,0.0542185232043266
gha,1990,0.0559814125299454
gha,1991,0.0578862056136131
gha,1992,0.0591089092195034
gha,1993,0.058500662446022
gha,1994,0.0566270537674427
gha,1995,0.0543800294399262
gha,1996,0.0540814623236656
gha,1997,0.0556696839630604
gha,1998,0.0566249080002308
gha,1999,0.0562555640935898
gha,2000,0.0574137195944786
gha,2001,0.0602344311773777
gha,2002,0.0607486292719841
gha,2003,0.0599988140165806
gha,2004,0.0608680807054043
gha,2005,0.0621186196804047
gha,2006,0.0623139590024948
gha,2007,0.0612018890678883
gha,2008,0.0590944439172745
gha,2009,0.0566681362688541
gha,2010,0.0545286871492863
gha,2011,0.0527425706386566
gha,2012,0.0514557436108589
gha,2013,0.0503171756863594
gha,2014,0.0489369630813599
gha,2015,0.0478362701833248
gha,2016,0.0469537302851677
gha,2017,0.0461776815354824
gha,2018,0.0457183420658112
gha,2019,0.0454142764210701
gha,2020,0.0447689853608608
gha,2021,0.043964795768261
gha,2022,0.0431851446628571
gha,2023,0.04200629144907
gin,1959,0.0404075682163239
gin,1960,0.0399954915046692
gin,1961,0.0399950258433819
gin,1962,0.040929339826107
gin,1963,0.0411162599921227
gin,1964,0.0403972119092941
gin,1965,0.0403032265603542
gin,1966,0.0407498367130756
gin,1967,0.0409756414592266
gin,1968,0.0406591258943081
gin,1969,0.0401544496417046
gin,1970,0.0397272258996964
gin,1971,0.0395044423639774
gin,1972,0.0393101647496223
gin,1973,0.0391099154949188
gin,1974,0.0389271676540375
gin,1975,0.0387668311595917
gin,1976,0.0386542528867722
gin,1977,0.0385300852358341
gin,1978,0.0383905060589314
gin,1979,0.0382341220974922
gin,1980,0.0380324646830559
gin,1981,0.0378573574125767
gin,1982,0.0377016961574554
gin,1983,0.0375378206372261
gin,1984,0.0372470617294312
gin,1985,0.0368838012218475
gin,1986,0.0369207747280598
gin,1987,0.0374713949859142
gin,1988,0.0383030325174332
gin,1989,0.0391596853733063
gin,1990,0.0407667830586433
gin,1991,0.0426232703030109
gin,1992,0.0437723733484745
gin,1993,0.0447550900280476
gin,1994,0.0453758575022221
gin,1995,0.0462287440896034
gin,1996,0.0472675934433937
gin,1997,0.0482892170548439
gin,1998,0.0495977811515331
gin,1999,0.05089445784688
gin,2000,0.0522190555930138
gin,2001,0.0533687062561512
gin,2002,0.0537739805877209
gin,2003,0.0532020963728428
gin,2004,0.052004624158144
gin,2005,0.051949217915535
gin,2006,0.0527600571513176
gin,2007,0.0532140657305718
gin,2008,0.0547641627490521
gin,2009,0.056573960930109
gin,2010,0.0568335093557835
gin,2011,0.056829322129488
gin,2012,0.0574023760855198
gin,2013,0.0577089488506317
gin,2014,0.0576217323541641
gin,2015,0.0575117468833923
gin,2016,0.0597064308822155
gin,2017,0.0609627552330494
gin,2018,0.0595321618020535
gin,2019,0.059403982013464
gin,2020,0.0621077641844749
gin,2021,0.065561830997467
gin,2022,0.067796029150486
gin,2023,0.0684684440493584
gmb,1960,0.0397009998559952
gmb,1961,0.0378425605595112
gmb,1962,0.0362828262150288
gmb,1963,0.0349349640309811
gmb,1964,0.0337555557489395
gmb,1965,0.0328838154673576
gmb,1966,0.0321762524545193
gmb,1967,0.0314485132694244
gmb,1968,0.0307905282825232
gmb,1969,0.0303422287106514
gmb,1970,0.0300904139876366
gmb,1971,0.0299704577773809
gmb,1972,0.029763724654913
gmb,1973,0.0295579880475998
gmb,1974,0.0294298455119133
gmb,1975,0.0292999614030123
gmb,1976,0.0295313727110624
gmb,1977,0.0301294308155775
gmb,1978,0.0305408351123333
gmb,1979,0.0307006035000086
gmb,1980,0.0312025677412748
gmb,1981,0.0316853709518909
gmb,1982,0.0316426679491997
gmb,1983,0.0314838662743568
gmb,1984,0.0312232915312052
gmb,1985,0.0307540539652109
gmb,1986,0.0302564892917871
gmb,1987,0.0301261432468891
gmb,1988,0.0304162614047527
gmb,1989,0.0306138806045055
gmb,1990,0.0305673610419035
gmb,1991,0.0305712632834911
gmb,1992,0.0309897195547819
gmb,1993,0.0310674663633108
gmb,1994,0.0305308792740107
gmb,1995,0.0313592739403248
gmb,1996,0.0329580269753933
gmb,1997,0.0339282862842083
gmb,1998,0.03475396707654
gmb,1999,0.0353832244873047
gmb,2000,0.0358711332082748
gmb,2001,0.0357209891080856
gmb,2002,0.0351314768195152
gmb,2003,0.0347934998571873
gmb,2004,0.035147063434124
gmb,2005,0.0358858592808247
gmb,2006,0.0364440493285656
gmb,2007,0.0372511334717274
gmb,2008,0.0379958935081959
gmb,2009,0.0383845567703247
gmb,2010,0.0389296822249889
gmb,2011,0.0399087443947792
gmb,2012,0.0411442220211029
gmb,2013,0.042412843555212
gmb,2014,0.0435882061719894
gmb,2015,0.0448378883302212
gmb,2016,0.0468937642872334
gmb,2017,0.0494515001773834
gmb,2018,0.0513527914881706
gmb,2019,0.0538346394896507
gmb,2020,0.0586783774197102
gmb,2021,0.0633041337132454
gmb,2022,0.066262811422348
gmb,2023,0.0684987083077431
gnb,1960,0.0368351712822914
gnb,1961,0.0321790874004364
gnb,1962,0.0293907076120377
gnb,1963,0.0275028068572283
gnb,1964,0.0261178221553564
gnb,1965,0.0250429175794125
gnb,1966,0.0241645742207766
gnb,1967,0.0234467014670372
gnb,1968,0.0228517074137926
gnb,1969,0.0223609153181314
gnb,1970,0.0220819897949696
gnb,1971,0.0218446869403124
gnb,1972,0.0214263591915369
gnb,1973,0.0209043957293034
gnb,1974,0.0204280205070972
gnb,1975,0.0200324188917875
gnb,1976,0.0197375807911158
gnb,1977,0.0194768272340298
gnb,1978,0.0192180145531893
gnb,1979,0.0189716126769781
gnb,1980,0.0187500789761543
gnb,1981,0.0185419004410505
gnb,1982,0.0184032022953033
gnb,1983,0.0183665473014116
gnb,1984,0.0183017458766699
gnb,1985,0.0181640833616257
gnb,1986,0.0179842207580805
gnb,1987,0.0178687479346991
gnb,1988,0.0178062915802002
gnb,1989,0.0176181867718697
gnb,1990,0.0174112413078547
gnb,1991,0.0174468010663986
gnb,1992,0.0175808109343052
gnb,1993,0.0176324639469385
gnb,1994,0.017710505053401
gnb,1995,0.0178850293159485
gnb,1996,0.0180261265486479
gnb,1997,0.018102440983057
gnb,1998,0.0180063936859369
gnb,1999,0.0177541505545378
gnb,2000,0.0176528114825487
gnb,2001,0.0176756586879492
gnb,2002,0.0176345910876989
gnb,2003,0.0176195222884417
gnb,2004,0.0178231801837683
gnb,2005,0.018312931060791
gnb,2006,0.0189096163958311
gnb,2007,0.0197085160762072
gnb,2008,0.0205817744135857
gnb,2009,0.0212968625128269
gnb,2010,0.0221188310533762
gnb,2011,0.022972472012043
gnb,2012,0.0238632820546627
gnb,2013,0.0246025808155537
gnb,2014,0.0250665415078402
gnb,2015,0.0255367439240217
gnb,2016,0.0259579680860043
gnb,2017,0.0266735404729843
gnb,2018,0.02757035382092
gnb,2019,0.0280012749135494
gnb,2020,0.0282992329448462
gnb,2021,0.0288835056126118
gnb,2022,0.0293789245188236
gnb,2023,0.0296590849757195
gnq,1971,0.0401999242603779
gnq,1972,0.0401110537350178
gnq,1973,0.0400028564035893
gnq,1974,0.0393244288861752
gnq,1975,0.0385062955319881
gnq,1976,0.0368535704910755
gnq,1977,0.0349647887051106
gnq,1978,0.0338560976088047
gnq,1979,0.033111359924078
gnq,1980,0.0323577113449574
gnq,1981,0.0321087166666985
gnq,1982,0.0324473641812801
gnq,1983,0.0326038897037506
gnq,1984,0.0325262099504471
gnq,1985,0.0324652306735516
gnq,1986,0.0322887450456619
gnq,1987,0.0321952514350414
gnq,1988,0.0322940945625305
gnq,1989,0.0325569994747639
gnq,1990,0.033110398799181
gnq,1991,0.0335662998259068
gnq,1992,0.0337427332997322
gnq,1993,0.0338974371552467
gnq,1994,0.0345946103334427
gnq,1995,0.0385650359094143
gnq,1996,0.0495923198759556
gnq,1997,0.0607164278626442
gnq,1998,0.0684450268745422
gnq,1999,0.0740363001823425
gnq,2000,0.0789401680231094
gnq,2001,0.0853904336690903
gnq,2002,0.0889250412583351
gnq,2003,0.09064731746912
gnq,2004,0.090738020837307
gnq,2005,0.0889394506812096
gnq,2006,0.0895828977227211
gnq,2007,0.0925277322530747
gnq,2008,0.0943642631173134
gnq,2009,0.0911030098795891
gnq,2010,0.0877402052283287
gnq,2011,0.0862718895077705
gnq,2012,0.0843450725078583
gnq,2013,0.0824460536241531
gnq,2014,0.0803885459899902
gnq,2015,0.0781845822930336
gnq,2016,0.0756500512361527
gnq,2017,0.0730010494589806
gnq,2018,0.0704810991883278
gnq,2019,0.0680689811706543
gnq,2020,0.0655315667390823
gnq,2021,0.0629701316356659
gnq,2022,0.0607704557478428
gnq,2023,0.058955579996109
grc,1951,0.0269686058163643
grc,1952,0.0262685026973486
grc,1953,0.0255738999694586
grc,1954,0.024877842515707
grc,1955,0.024236872792244
grc,1956,0.0236938800662756
grc,1957,0.0232398118823767
grc,1958,0.022860374301672
grc,1959,0.0225428678095341
grc,1960,0.0222749263048172
grc,1961,0.0220775790512562
grc,1962,0.0219269506633282
grc,1963,0.0219396259635687
grc,1964,0.0221552662551403
grc,1965,0.0224143285304308
grc,1966,0.0226389896124601
grc,1967,0.0228338856250048
grc,1968,0.0229236390441656
grc,1969,0.0230312012135983
grc,1970,0.0233445856720209
grc,1971,0.0237012468278408
grc,1972,0.023858530446887
grc,1973,0.0239459536969662
grc,1974,0.0241800360381603
grc,1975,0.024257043376565
grc,1976,0.0241336897015572
grc,1977,0.0239609405398369
grc,1978,0.0236702896654606
grc,1979,0.0234215725213289
grc,1980,0.0233348198235035
grc,1981,0.0233064852654934
grc,1982,0.0233378224074841
grc,1983,0.0233163964003325
grc,1984,0.0232437774538994
grc,1985,0.0232354663312435
grc,1986,0.0230849646031857
grc,1987,0.0227842684835196
grc,1988,0.0225824899971485
grc,1989,0.0225918348878622
grc,1990,0.0227186605334282
grc,1991,0.0228764712810516
grc,1992,0.023106774315238
grc,1993,0.023355521261692
grc,1994,0.0235571637749672
grc,1995,0.023806344717741
grc,1996,0.0241727344691753
grc,1997,0.0246764831244946
grc,1998,0.025441337376833
grc,1999,0.0263874661177397
grc,2000,0.0272224396467209
grc,2001,0.0280584078282118
grc,2002,0.0289670806378126
grc,2003,0.0298685897141695
grc,2004,0.0305481366813183
grc,2005,0.0308633055537939
grc,2006,0.0313460379838944
grc,2007,0.0324012339115143
grc,2008,0.0335064940154552
grc,2009,0.0340133979916573
grc,2010,0.0339793004095554
grc,2011,0.0334383770823479
grc,2012,0.0323753207921982
grc,2013,0.0312309190630913
grc,2014,0.0304587986320257
grc,2015,0.0300752427428961
grc,2016,0.0297336168587208
grc,2017,0.0295059643685818
grc,2018,0.0294492971152067
grc,2019,0.0294394958764315
grc,2020,0.0295184291899204
grc,2021,0.0298895165324211
grc,2022,0.0307479929178953
grc,2023,0.0316727794706821
grd,1970,0.0396784283220768
grd,1971,0.0380324609577656
grd,1972,0.036775965243578
grd,1973,0.0360467657446861
grd,1974,0.0362228415906429
grd,1975,0.0362645573914051
grd,1976,0.036085307598114
grd,1977,0.0362897329032421
grd,1978,0.0364578142762184
grd,1979,0.0379875302314758
grd,1980,0.0403936617076397
grd,1981,0.0428371168673039
grd,1982,0.0449360460042954
grd,1983,0.0459610037505627
grd,1984,0.0459911115467548
grd,1985,0.0464040637016296
grd,1986,0.0474984310567379
grd,1987,0.0484424196183682
grd,1988,0.0491627790033817
grd,1989,0.049988403916359
grd,1990,0.0514884740114212
grd,1991,0.0529315248131752
grd,1992,0.053629320114851
grd,1993,0.0540547110140324
grd,1994,0.0547104105353355
grd,1995,0.0551238209009171
grd,1996,0.0557535588741303
grd,1997,0.0572097040712833
grd,1998,0.0590872243046761
grd,1999,0.0608733892440796
grd,2000,0.0610103011131287
grd,2001,0.0599389299750328
grd,2002,0.0586773715913296
grd,2003,0.0575676113367081
grd,2004,0.0566033460199833
grd,2005,0.0548771470785141
grd,2006,0.0528685636818409
grd,2007,0.0511972382664681
grd,2008,0.0496889390051365
grd,2009,0.0480508394539356
grd,2010,0.0465697348117828
grd,2011,0.0452809892594814
grd,2012,0.0439856648445129
grd,2013,0.0429033450782299
grd,2014,0.0419253036379814
grd,2015,0.0412372052669525
grd,2016,0.040849145501852
grd,2017,0.0405690558254719
grd,2018,0.0405584909021854
grd,2019,0.0407151989638805
grd,2020,0.041597243398428
grd,2021,0.0424926355481148
grd,2022,0.0425060354173183
grd,2023,0.0439883060753346
gtm,1950,0.0510482601821423
gtm,1951,0.0483567677438259
gtm,1952,0.0458955280482769
gtm,1953,0.0437614023685455
gtm,1954,0.0421699583530426
gtm,1955,0.0414723679423332
gtm,1956,0.0416979938745499
gtm,1957,0.0417697876691818
gtm,1958,0.0413193963468075
gtm,1959,0.0410438515245914
gtm,1960,0.0409875027835369
gtm,1961,0.0406476929783821
gtm,1962,0.0402698740363121
gtm,1963,0.0405787713825703
gtm,1964,0.0415149256587029
gtm,1965,0.042219590395689
gtm,1966,0.0424204431474209
gtm,1967,0.0427692756056786
gtm,1968,0.0438197515904903
gtm,1969,0.044653806835413
gtm,1970,0.0450852401554585
gtm,1971,0.045783419162035
gtm,1972,0.0463233552873135
gtm,1973,0.0464432090520859
gtm,1974,0.0464563593268395
gtm,1975,0.0465631857514381
gtm,1976,0.046711876988411
gtm,1977,0.0466989576816559
gtm,1978,0.0466330498456955
gtm,1979,0.0462979525327683
gtm,1980,0.0453324243426323
gtm,1981,0.0439965203404427
gtm,1982,0.0426679998636246
gtm,1983,0.0413621105253696
gtm,1984,0.0402415879070759
gtm,1985,0.0394178293645382
gtm,1986,0.0387458242475987
gtm,1987,0.0382444672286511
gtm,1988,0.0378959588706493
gtm,1989,0.0376659482717514
gtm,1990,0.0374128445982933
gtm,1991,0.0371740572154522
gtm,1992,0.0372182130813599
gtm,1993,0.037395890802145
gtm,1994,0.0375600829720497
gtm,1995,0.0377368107438087
gtm,1996,0.037741381675005
gtm,1997,0.0377652607858181
gtm,1998,0.0381724499166012
gtm,1999,0.0386717021465302
gtm,2000,0.0389388725161552
gtm,2001,0.0389838553965092
gtm,2002,0.0388325303792954
gtm,2003,0.0386257022619247
gtm,2004,0.0385914705693722
gtm,2005,0.0386659614741802
gtm,2006,0.0387980304658413
gtm,2007,0.0389681309461594
gtm,2008,0.0388762503862381
gtm,2009,0.0385394059121609
gtm,2010,0.0382505692541599
gtm,2011,0.0382016003131866
gtm,2012,0.0383997075259686
gtm,2013,0.0386577919125557
gtm,2014,0.0388064086437225
gtm,2015,0.0388168804347515
gtm,2016,0.0386965647339821
gtm,2017,0.0385535508394241
gtm,2018,0.0384158045053482
gtm,2019,0.0382564514875412
gtm,2020,0.0381092019379139
gtm,2021,0.0382908768951893
gtm,2022,0.0387223213911057
gtm,2023,0.0391099900007248
hkg,1960,0.0239364318549633
hkg,1961,0.0239956565201283
hkg,1962,0.0240673571825027
hkg,1963,0.0241643562912941
hkg,1964,0.0242389161139727
hkg,1965,0.0242766384035349
hkg,1966,0.0242724921554327
hkg,1967,0.0242592319846153
hkg,1968,0.0242779515683651
hkg,1969,0.0243619494140148
hkg,1970,0.02447909116745
hkg,1971,0.0245803575962782
hkg,1972,0.0246426425874233
hkg,1973,0.0246992204338312
hkg,1974,0.0247157737612724
hkg,1975,0.0246492438018322
hkg,1976,0.0245890486985445
hkg,1977,0.0245587266981602
hkg,1978,0.0245745815336704
hkg,1979,0.0247255768626928
hkg,1980,0.0250077620148659
hkg,1981,0.0253173112869263
hkg,1982,0.0254059303551912
hkg,1983,0.0252867471426725
hkg,1984,0.0252136774361134
hkg,1985,0.025160551071167
hkg,1986,0.025056965649128
hkg,1987,0.0250424146652222
hkg,1988,0.0251656845211983
hkg,1989,0.0252982620149851
hkg,1990,0.0253886487334967
hkg,1991,0.025508239865303
hkg,1992,0.0257232934236527
hkg,1993,0.0259586405009031
hkg,1994,0.0261958222836256
hkg,1995,0.0265933200716972
hkg,1996,0.02707196213305
hkg,1997,0.0274506974965334
hkg,1998,0.0277356747537851
hkg,1999,0.0278465487062931
hkg,2000,0.0279552098363638
hkg,2001,0.0281892344355583
hkg,2002,0.0284104701131582
hkg,2003,0.0286637675017118
hkg,2004,0.028942221775651
hkg,2005,0.0292728953063488
hkg,2006,0.0298024192452431
hkg,2007,0.030411459505558
hkg,2008,0.0309179406613112
hkg,2009,0.0311170909553766
hkg,2010,0.0311357825994492
hkg,2011,0.0317099466919899
hkg,2012,0.0327865220606327
hkg,2013,0.0337987840175629
hkg,2014,0.03445965051651
hkg,2015,0.0346894003450871
hkg,2016,0.0346318855881691
hkg,2017,0.0344963371753693
hkg,2018,0.0345262736082077
hkg,2019,0.0344504788517952
hkg,2020,0.0341700203716755
hkg,2021,0.0339967384934425
hkg,2022,0.0338339097797871
hkg,2023,0.0337068513035774
hnd,1950,0.0409177131950855
hnd,1951,0.0415664836764336
hnd,1952,0.0425401329994202
hnd,1953,0.0433716960251331
hnd,1954,0.0435226745903492
hnd,1955,0.0433563329279423
hnd,1956,0.0433163158595562
hnd,1957,0.0433535575866699
hnd,1958,0.0432213023304939
hnd,1959,0.0428551025688648
hnd,1960,0.0425785556435585
hnd,1961,0.0422963686287403
hnd,1962,0.0424310080707073
hnd,1963,0.0432496853172779
hnd,1964,0.0440059117972851
hnd,1965,0.0446424633264542
hnd,1966,0.0455318205058575
hnd,1967,0.0471008606255055
hnd,1968,0.0487302057445049
hnd,1969,0.0498403906822205
hnd,1970,0.0508727058768272
hnd,1971,0.0514738522469997
hnd,1972,0.0512958094477654
hnd,1973,0.0513418689370155
hnd,1974,0.0521467588841915
hnd,1975,0.0528666600584984
hnd,1976,0.05350586399436
hnd,1977,0.0545168332755566
hnd,1978,0.0558124557137489
hnd,1979,0.0568989403545857
hnd,1980,0.0573944784700871
hnd,1981,0.0569798201322556
hnd,1982,0.0553462617099285
hnd,1983,0.0531038753688335
hnd,1984,0.0513360314071178
hnd,1985,0.0502819642424583
hnd,1986,0.0494669154286385
hnd,1987,0.0489539913833141
hnd,1988,0.0489283539354801
hnd,1989,0.0489396043121815
hnd,1990,0.0491973012685776
hnd,1991,0.0495783649384975
hnd,1992,0.0499129369854927
hnd,1993,0.0508618131279945
hnd,1994,0.052435327321291
hnd,1995,0.0539025776088238
hnd,1996,0.0549347922205925
hnd,1997,0.0563867166638374
hnd,1998,0.0583936460316181
hnd,1999,0.0599496699869633
hnd,2000,0.0607001706957817
hnd,2001,0.0609386749565601
hnd,2002,0.0608623623847961
hnd,2003,0.0605215765535831
hnd,2004,0.0606235265731812
hnd,2005,0.0609991289675236
hnd,2006,0.0613179355859757
hnd,2007,0.0622323267161846
hnd,2008,0.0617013052105904
hnd,2009,0.0596573874354363
hnd,2010,0.0579254664480686
hnd,2011,0.0567211247980595
hnd,2012,0.0558529756963253
hnd,2013,0.0548958703875542
hnd,2014,0.0538258478045464
hnd,2015,0.0528382882475853
hnd,2016,0.0518482141196728
hnd,2017,0.0508567243814468
hnd,2018,0.0500824563205242
hnd,2019,0.0493735857307911
hnd,2020,0.0484079793095589
hnd,2021,0.0478715598583221
hnd,2022,0.0482204109430313
hnd,2023,0.0484229698777199
hrv,1990,0.0402015745639801
hrv,1991,0.0391963198781014
hrv,1992,0.0384496971964836
hrv,1993,0.037897203117609
hrv,1994,0.0372761636972427
hrv,1995,0.0366668663918972
hrv,1996,0.0362012386322022
hrv,1997,0.0361781381070614
hrv,1998,0.0363541282713413
hrv,1999,0.0366172604262829
hrv,2000,0.0371210053563118
hrv,2001,0.0378389172255993
hrv,2002,0.0387193560600281
hrv,2003,0.0396994464099407
hrv,2004,0.0407997593283653
hrv,2005,0.0418329052627087
hrv,2006,0.0428173243999481
hrv,2007,0.0439470373094082
hrv,2008,0.0452502146363258
hrv,2009,0.0458725579082966
hrv,2010,0.045614093542099
hrv,2011,0.0453176982700825
hrv,2012,0.0451002195477486
hrv,2013,0.0449294187128544
hrv,2014,0.0448584109544754
hrv,2015,0.0449822545051575
hrv,2016,0.045407984405756
hrv,2017,0.0459483787417412
hrv,2018,0.0464239828288555
hrv,2019,0.0469421967864037
hrv,2020,0.0473519489169121
hrv,2021,0.0475303940474987
hrv,2022,0.0480207316577435
hrv,2023,0.0485896728932858
hti,1960,0.0390667356550694
hti,1961,0.0360355526208878
hti,1962,0.033378642052412
hti,1963,0.0310280527919531
hti,1964,0.0290097780525684
hti,1965,0.0272766146808863
hti,1966,0.0257870722562075
hti,1967,0.0245029460638762
hti,1968,0.0233593862503767
hti,1969,0.0223153866827488
hti,1970,0.0213063918054104
hti,1971,0.0203624740242958
hti,1972,0.0195087902247906
hti,1973,0.0186980552971363
hti,1974,0.0179202277213335
hti,1975,0.0172217469662428
hti,1976,0.0166131425648928
hti,1977,0.0160811170935631
hti,1978,0.0156340654939413
hti,1979,0.0152509044855833
hti,1980,0.0149579914286733
hti,1981,0.0147665608674288
hti,1982,0.014615067280829
hti,1983,0.0144675653427839
hti,1984,0.0143208345398307
hti,1985,0.0141747444868088
hti,1986,0.0140274474397302
hti,1987,0.0138871856033802
hti,1988,0.0137485498562455
hti,1989,0.0136163495481014
hti,1990,0.0134858759120107
hti,1991,0.0133324638009071
hti,1992,0.0131856314837933
hti,1993,0.0130615094676614
hti,1994,0.0129496585577726
hti,1995,0.0128600280731916
hti,1996,0.0127891134470701
hti,1997,0.0127247627824545
hti,1998,0.0126640228554606
hti,1999,0.0126094687730074
hti,2000,0.0125650698319078
hti,2001,0.0125221982598305
hti,2002,0.0124755781143904
hti,2003,0.0124306082725525
hti,2004,0.0123845245689154
hti,2005,0.0123348832130432
hti,2006,0.0123005174100399
hti,2007,0.0122769149020314
hti,2008,0.0122504392638803
hti,2009,0.0122240651398897
hti,2010,0.012259385548532
hti,2011,0.0123070571571589
hti,2012,0.0122987236827612
hti,2013,0.012284392490983
hti,2014,0.0122750010341406
hti,2015,0.012261669151485
hti,2016,0.0122447963804007
hti,2017,0.0122332265600562
hti,2018,0.0122181847691536
hti,2019,0.0122155994176865
hti,2020,0.0122402226552367
hti,2021,0.0122371502220631
hti,2022,0.0121929328888655
hti,2023,0.0121396891772747
hun,1970,0.0303932446986437
hun,1971,0.0310676917433739
hun,1972,0.0315458029508591
hun,1973,0.0317186713218689
hun,1974,0.0319367125630379
hun,1975,0.0323720015585423
hun,1976,0.0327924005687237
hun,1977,0.0331444628536701
hun,1978,0.0335028804838657
hun,1979,0.0336282812058926
hun,1980,0.0334940887987614
hun,1981,0.033291082829237
hun,1982,0.033043909817934
hun,1983,0.0327398106455803
hun,1984,0.0324294045567513
hun,1985,0.0320946872234345
hun,1986,0.0317553244531155
hun,1987,0.0315264612436295
hun,1988,0.0313488990068436
hun,1989,0.0312271378934383
hun,1990,0.0311702825129032
hun,1991,0.0311053805053234
hun,1992,0.0310636609792709
hun,1993,0.0311005432158709
hun,1994,0.0312868654727936
hun,1995,0.0315749906003475
hun,1996,0.031835712492466
hun,1997,0.0321137644350529
hun,1998,0.0325819179415703
hun,1999,0.0332801938056946
hun,2000,0.0340301655232906
hun,2001,0.0346646346151829
hun,2002,0.0351837389171124
hun,2003,0.0356791988015175
hun,2004,0.0361295491456986
hun,2005,0.0365318842232227
hun,2006,0.0369970947504044
hun,2007,0.037596520036459
hun,2008,0.0381856337189674
hun,2009,0.0384692810475826
hun,2010,0.0385010689496994
hun,2011,0.0385667346417904
hun,2012,0.0387293510138989
hun,2013,0.0390315242111683
hun,2014,0.0395504347980022
hun,2015,0.0401993654668331
hun,2016,0.0408010743558407
hun,2017,0.0414431430399418
hun,2018,0.0422162860631943
hun,2019,0.0430468358099461
hun,2020,0.0435984432697296
hun,2021,0.0439166091382504
hun,2022,0.0442627668380737
hun,2023,0.0441890396177769
idn,1960,0.0296675805002451
idn,1961,0.0297124069184065
idn,1962,0.0299939569085836
idn,1963,0.030056381598115
idn,1964,0.0300850607454777
idn,1965,0.0302226040512323
idn,1966,0.0304137226194143
idn,1967,0.0304940510541201
idn,1968,0.0307038240134716
idn,1969,0.0312897004187107
idn,1970,0.0321084707975388
idn,1971,0.0332337394356728
idn,1972,0.0345315039157867
idn,1973,0.0358654744923115
idn,1974,0.0371936298906803
idn,1975,0.0384303443133831
idn,1976,0.0394436754286289
idn,1977,0.0403464958071709
idn,1978,0.0412521511316299
idn,1979,0.0419813469052315
idn,1980,0.0426200665533543
idn,1981,0.0431047864258289
idn,1982,0.0432500056922436
idn,1983,0.0430357754230499
idn,1984,0.0423792488873005
idn,1985,0.0414500087499619
idn,1986,0.0407460145652294
idn,1987,0.0404810421168804
idn,1988,0.0405805744230747
idn,1989,0.0410573743283749
idn,1990,0.0419182628393173
idn,1991,0.0428557246923447
idn,1992,0.0434764549136162
idn,1993,0.0437464639544487
idn,1994,0.043826911598444
idn,1995,0.0438294894993305
idn,1996,0.0437569655478001
idn,1997,0.0434852689504623
idn,1998,0.0427733734250069
idn,1999,0.0417204685509205
idn,2000,0.0407205075025559
idn,2001,0.0400678403675556
idn,2002,0.0396237522363663
idn,2003,0.0390102304518223
idn,2004,0.0385964401066303
idn,2005,0.0386478453874588
idn,2006,0.0386837907135487
idn,2007,0.0386137776076794
idn,2008,0.0387747250497341
idn,2009,0.0389319956302643
idn,2010,0.0389550477266312
idn,2011,0.0390801653265953
idn,2012,0.0392579361796379
idn,2013,0.0393154546618462
idn,2014,0.0391433276236057
idn,2015,0.0388168431818485
idn,2016,0.0384636409580708
idn,2017,0.0381406210362911
idn,2018,0.0378776751458645
idn,2019,0.0379284732043743
idn,2020,0.0381263643503189
idn,2021,0.0382063798606396
idn,2022,0.0382599905133247
idn,2023,0.0383031293749809
ind,1950,0.0305420197546482
ind,1951,0.0308290161192417
ind,1952,0.0309892427176237
ind,1953,0.0310092400759459
ind,1954,0.0313449166715145
ind,1955,0.0318950787186623
ind,1956,0.0324458740651608
ind,1957,0.0328555963933468
ind,1958,0.0330217853188515
ind,1959,0.033078495413065
ind,1960,0.0332917347550392
ind,1961,0.0335945822298527
ind,1962,0.0337783992290497
ind,1963,0.0338329114019871
ind,1964,0.0338671654462814
ind,1965,0.0339848697185516
ind,1966,0.0341554656624794
ind,1967,0.0343194715678692
ind,1968,0.0344172231853008
ind,1969,0.0345279648900032
ind,1970,0.034659743309021
ind,1971,0.0347452498972416
ind,1972,0.0348086580634117
ind,1973,0.0348201766610146
ind,1974,0.0347786508500576
ind,1975,0.0347628965973854
ind,1976,0.0348597653210163
ind,1977,0.0350972265005112
ind,1978,0.03531588986516
ind,1979,0.0353926196694374
ind,1980,0.0353154987096787
ind,1981,0.0351427048444748
ind,1982,0.0350892283022404
ind,1983,0.0352032110095024
ind,1984,0.0353826247155666
ind,1985,0.035571426153183
ind,1986,0.0357839502394199
ind,1987,0.0361395180225372
ind,1988,0.0364944748580456
ind,1989,0.0368327908217907
ind,1990,0.0373088903725147
ind,1991,0.0377209559082985
ind,1992,0.0379944741725922
ind,1993,0.0382015630602837
ind,1994,0.0383956283330917
ind,1995,0.0386654138565064
ind,1996,0.0390382632613182
ind,1997,0.039586715400219
ind,1998,0.0402703694999218
ind,1999,0.0411582104861736
ind,2000,0.0419875718653202
ind,2001,0.0426769815385342
ind,2002,0.0433140881359577
ind,2003,0.0438072234392166
ind,2004,0.0445469915866852
ind,2005,0.0457781031727791
ind,2006,0.0472506918013096
ind,2007,0.0488199442625046
ind,2008,0.0500844530761242
ind,2009,0.0509116277098656
ind,2010,0.0516461692750454
ind,2011,0.0523540787398815
ind,2012,0.0530867390334606
ind,2013,0.0536408163607121
ind,2014,0.0538365431129932
ind,2015,0.0541407950222492
ind,2016,0.0548442527651787
ind,2017,0.0558059513568878
ind,2018,0.0567582435905933
ind,2019,0.0572048202157021
ind,2020,0.0571026168763638
ind,2021,0.0569689087569714
ind,2022,0.0567658767104149
ind,2023,0.0566070303320885
irl,1950,0.0275924783200026
irl,1951,0.0297934580594301
irl,1952,0.0313597284257412
irl,1953,0.0323238782584667
irl,1954,0.0330583602190018
irl,1955,0.0337611027061939
irl,1956,0.0342003554105759
irl,1957,0.0339927896857262
irl,1958,0.0335575267672539
irl,1959,0.0335430391132832
irl,1960,0.0337927229702473
irl,1961,0.0340058021247387
irl,1962,0.0344358943402767
irl,1963,0.0350100137293339
irl,1964,0.0356519781053066
irl,1965,0.0363577306270599
irl,1966,0.0367982685565949
irl,1967,0.0369097143411636
irl,1968,0.0370557755231857
irl,1969,0.0375819988548756
irl,1970,0.0382021777331829
irl,1971,0.0385488010942936
irl,1972,0.0387481153011322
irl,1973,0.0390706844627857
irl,1974,0.0389816351234913
irl,1975,0.0384062193334103
irl,1976,0.0381545349955559
irl,1977,0.0382252335548401
irl,1978,0.0385315902531147
irl,1979,0.0389494337141514
irl,1980,0.0390903428196907
irl,1981,0.0391023419797421
irl,1982,0.0389119163155556
irl,1983,0.0384212695062161
irl,1984,0.0378673449158669
irl,1985,0.0372267961502075
irl,1986,0.0365715697407723
irl,1987,0.036026306450367
irl,1988,0.0356808565557003
irl,1989,0.0356369316577911
irl,1990,0.0358346402645111
irl,1991,0.0358564667403698
irl,1992,0.0355580635368824
irl,1993,0.0352184511721134
irl,1994,0.0349792242050171
irl,1995,0.0348181501030922
irl,1996,0.0347012914717197
irl,1997,0.034711416810751
irl,1998,0.0349573642015457
irl,1999,0.0355595611035824
irl,2000,0.0361253544688225
irl,2001,0.0366037450730801
irl,2002,0.0372642166912556
irl,2003,0.0378778837621212
irl,2004,0.0384087599813938
irl,2005,0.0392077341675758
irl,2006,0.0402425043284893
irl,2007,0.0410927906632423
irl,2008,0.0413274168968201
irl,2009,0.0415017381310463
irl,2010,0.0420419164001942
irl,2011,0.0427587889134884
irl,2012,0.0441149361431599
irl,2013,0.0453850999474525
irl,2014,0.046468798071146
irl,2015,0.0495780259370804
irl,2016,0.055468961596489
irl,2017,0.0612598061561585
irl,2018,0.0644662752747536
irl,2019,0.0701610371470451
irl,2020,0.0755899772047997
irl,2021,0.0762167572975159
irl,2022,0.0753752067685127
irl,2023,0.0747160911560059
irn,1955,0.0475410148501396
irn,1956,0.0484545938670635
irn,1957,0.0499281659722328
irn,1958,0.0516586191952229
irn,1959,0.0531903989613056
irn,1960,0.0541919767856598
irn,1961,0.0541975684463978
irn,1962,0.0532892048358917
irn,1963,0.0518924444913864
irn,1964,0.0511949695646763
irn,1965,0.0512705855071545
irn,1966,0.0514355786144733
irn,1967,0.0519880205392838
irn,1968,0.0527483858168125
irn,1969,0.0529905296862125
irn,1970,0.0523856617510319
irn,1971,0.0517563410103321
irn,1972,0.051936037838459
irn,1973,0.0524567477405071
irn,1974,0.0527614802122116
irn,1975,0.0543755106627941
irn,1976,0.0564074888825417
irn,1977,0.0568248778581619
irn,1978,0.0552851408720017
irn,1979,0.0522222220897675
irn,1980,0.0489663146436214
irn,1981,0.0464642718434334
irn,1982,0.0446735620498657
irn,1983,0.0436484217643738
irn,1984,0.0433767065405846
irn,1985,0.043067816644907
irn,1986,0.0417791828513145
irn,1987,0.0397002808749676
irn,1988,0.0378346331417561
irn,1989,0.0365551188588142
irn,1990,0.0358330309391022
irn,1991,0.0362285934388638
irn,1992,0.0371240451931953
irn,1993,0.0372167527675629
irn,1994,0.0365671403706074
irn,1995,0.0356380604207516
irn,1996,0.0349692478775978
irn,1997,0.0347936078906059
irn,1998,0.0349927842617035
irn,1999,0.0353765711188316
irn,2000,0.0358617976307869
irn,2001,0.0367583855986595
irn,2002,0.0378856360912323
irn,2003,0.039011511951685
irn,2004,0.0404061190783978
irn,2005,0.0418773852288723
irn,2006,0.0430574901401997
irn,2007,0.0440533086657524
irn,2008,0.0450392439961433
irn,2009,0.0458591170608997
irn,2010,0.0465412959456444
irn,2011,0.047298900783062
irn,2012,0.0472388602793217
irn,2013,0.0460640974342823
irn,2014,0.0447834879159927
irn,2015,0.0435570478439331
irn,2016,0.042352344840765
irn,2017,0.0413780361413956
irn,2018,0.0404159501194954
irn,2019,0.0394075959920883
irn,2020,0.0384830944240093
irn,2021,0.0377877913415432
irn,2022,0.0371179692447186
irn,2023,0.0365138947963715
irq,1970,0.0445486456155777
irq,1971,0.0505155213177204
irq,1972,0.0546431802213192
irq,1973,0.0597405284643173
irq,1974,0.0662139281630516
irq,1975,0.0740218609571457
irq,1976,0.0811481326818466
irq,1977,0.0849672183394432
irq,1978,0.0869701504707336
irq,1979,0.0876395329833031
irq,1980,0.0862879231572151
irq,1981,0.0842546448111534
irq,1982,0.081464096903801
irq,1983,0.0771092921495438
irq,1984,0.0719137564301491
irq,1985,0.0667485222220421
irq,1986,0.0619220659136772
irq,1987,0.0575879327952862
irq,1988,0.0538259595632553
irq,1989,0.0507975295186043
irq,1990,0.0480676330626011
irq,1991,0.0453304164111614
irq,1992,0.0429323837161064
irq,1993,0.0410032793879509
irq,1994,0.0391363129019737
irq,1995,0.0372056178748608
irq,1996,0.0354263111948967
irq,1997,0.0340178832411766
irq,1998,0.0333738252520561
irq,1999,0.0332849696278572
irq,2000,0.033982876688242
irq,2001,0.0366990119218826
irq,2002,0.0386270917952061
irq,2003,0.0393059216439724
irq,2004,0.040755920112133
irq,2005,0.0444412380456924
irq,2006,0.0492417067289352
irq,2007,0.0507604479789734
irq,2008,0.0509385317564011
irq,2009,0.0513976626098156
irq,2010,0.0511035621166229
irq,2011,0.0509313605725765
irq,2012,0.0510147027671337
irq,2013,0.0516310445964336
irq,2014,0.0526588372886181
irq,2015,0.0532640069723129
irq,2016,0.0528289452195168
irq,2017,0.0517417304217815
irq,2018,0.0507253594696522
irq,2019,0.0501996763050556
irq,2020,0.0493746064603329
irq,2021,0.0480877459049225
irq,2022,0.0471539571881294
irq,2023,0.0462883487343788
isl,1950,0.0337634161114693
isl,1951,0.0330716967582703
isl,1952,0.0324416048824787
isl,1953,0.0311790034174919
isl,1954,0.0302684269845486
isl,1955,0.030169066041708
isl,1956,0.029990941286087
isl,1957,0.0294288881123066
isl,1958,0.0291267391294241
isl,1959,0.0291213616728783
isl,1960,0.0295142941176891
isl,1961,0.0296895019710064
isl,1962,0.0293917916715145
isl,1963,0.0295609310269356
isl,1964,0.0304351672530174
isl,1965,0.03103306889534
isl,1966,0.0313158519566059
isl,1967,0.031666737049818
isl,1968,0.0313785001635551
isl,1969,0.0304399095475674
isl,1970,0.029812378808856
isl,1971,0.0304754804819822
isl,1972,0.0312702916562557
isl,1973,0.0315693430602551
isl,1974,0.0324174165725708
isl,1975,0.032871812582016
isl,1976,0.0323257781565189
isl,1977,0.0320554003119469
isl,1978,0.031900517642498
isl,1979,0.0314844734966755
isl,1980,0.0312539227306843
isl,1981,0.0311971195042133
isl,1982,0.0309913419187069
isl,1983,0.0303869303315878
isl,1984,0.0296389721333981
isl,1985,0.0292342826724052
isl,1986,0.0289893727749586
isl,1987,0.0286647286266089
isl,1988,0.0283526089042425
isl,1989,0.0281276870518923
isl,1990,0.0287351217120886
isl,1991,0.0296608861535788
isl,1992,0.0300259683281183
isl,1993,0.0295307748019695
isl,1994,0.0285402946174145
isl,1995,0.0276949387043715
isl,1996,0.0272805728018284
isl,1997,0.0277465302497149
isl,1998,0.0292530078440905
isl,1999,0.0305636320263147
isl,2000,0.0316872857511044
isl,2001,0.0328839272260666
isl,2002,0.0334162823855877
isl,2003,0.0334807187318802
isl,2004,0.0338472276926041
isl,2005,0.0358940958976746
isl,2006,0.0386807210743427
isl,2007,0.0391279608011246
isl,2008,0.0376414023339748
isl,2009,0.0360838063061237
isl,2010,0.0346709191799164
isl,2011,0.0337781310081482
isl,2012,0.0334218516945839
isl,2013,0.0331916399300098
isl,2014,0.0330701619386673
isl,2015,0.0335206873714924
isl,2016,0.0344708897173405
isl,2017,0.0353993661701679
isl,2018,0.0361077822744846
isl,2019,0.0363368131220341
isl,2020,0.036115039139986
isl,2021,0.0360580869019032
isl,2022,0.0364599525928497
isl,2023,0.037055466324091
isr,1950,0.0308754313737154
isr,1951,0.0306814778596163
isr,1952,0.0306944083422422
isr,1953,0.0309150572866201
isr,1954,0.0309740249067545
isr,1955,0.0311298426240683
isr,1956,0.0314499139785767
isr,1957,0.0318744480609894
isr,1958,0.0323875099420548
isr,1959,0.0328344628214836
isr,1960,0.0332753174006939
isr,1961,0.0339759513735771
isr,1962,0.0344458483159542
isr,1963,0.034466702491045
isr,1964,0.0346805341541767
isr,1965,0.0348357185721397
isr,1966,0.0345782488584518
isr,1967,0.0340935215353966
isr,1968,0.0337078273296356
isr,1969,0.033743117004633
isr,1970,0.0339354462921619
isr,1971,0.0342329852283001
isr,1972,0.034315686672926
isr,1973,0.0342047438025475
isr,1974,0.0340672917664051
isr,1975,0.0336505807936192
isr,1976,0.0330345816910267
isr,1977,0.0324020199477673
isr,1978,0.0319423191249371
isr,1979,0.0317704826593399
isr,1980,0.0314622335135937
isr,1981,0.0309650953859091
isr,1982,0.0307933334261179
isr,1983,0.0311577748507261
isr,1984,0.0315490998327732
isr,1985,0.0316156446933746
isr,1986,0.0317767523229122
isr,1987,0.0321944989264011
isr,1988,0.032691266387701
isr,1989,0.0329998396337032
isr,1990,0.0333973616361618
isr,1991,0.0340238325297833
isr,1992,0.0346408672630787
isr,1993,0.0355841405689716
isr,1994,0.0368952341377735
isr,1995,0.0382021032273769
isr,1996,0.0393780171871185
isr,1997,0.0402396991848946
isr,1998,0.0407308302819729
isr,1999,0.0412843301892281
isr,2000,0.0420717671513557
isr,2001,0.0427961647510529
isr,2002,0.0430461205542088
isr,2003,0.0427555181086063
isr,2004,0.0424796305596828
isr,2005,0.0425865016877651
isr,2006,0.0428907722234726
isr,2007,0.0434449464082718
isr,2008,0.0441317483782768
isr,2009,0.0444763824343681
isr,2010,0.0445695035159588
isr,2011,0.0447298176586628
isr,2012,0.0449881739914417
isr,2013,0.0450608097016811
isr,2014,0.0448260791599751
isr,2015,0.04439852014184
isr,2016,0.0442094206809998
isr,2017,0.0442790165543556
isr,2018,0.0445452816784382
isr,2019,0.0449909493327141
isr,2020,0.0452003292739391
isr,2021,0.0455199740827084
isr,2022,0.0462710708379746
isr,2023,0.047001875936985
ita,1950,0.0282348673790693
ita,1951,0.0289186630398035
ita,1952,0.0294351819902658
ita,1953,0.0298530161380768
ita,1954,0.0302229337394238
ita,1955,0.0305278692394495
ita,1956,0.0307513140141964
ita,1957,0.0308124572038651
ita,1958,0.0307877324521542
ita,1959,0.0308244731277227
ita,1960,0.0310224238783121
ita,1961,0.031352873891592
ita,1962,0.0315827652812004
ita,1963,0.0315640643239021
ita,1964,0.0312885195016861
ita,1965,0.0308791715651751
ita,1966,0.0304968226701021
ita,1967,0.030208894982934
ita,1968,0.0299664456397295
ita,1969,0.0297299362719059
ita,1970,0.0297987032681704
ita,1971,0.0302182137966156
ita,1972,0.0307171363383532
ita,1973,0.0311610102653503
ita,1974,0.0314852297306061
ita,1975,0.0315989218652248
ita,1976,0.031650185585022
ita,1977,0.0317669399082661
ita,1978,0.0318282283842564
ita,1979,0.0319368578493595
ita,1980,0.0321988128125668
ita,1981,0.0324372686445713
ita,1982,0.0325232483446598
ita,1983,0.0324465557932854
ita,1984,0.0323576368391514
ita,1985,0.0323711857199669
ita,1986,0.0324753411114216
ita,1987,0.0327269956469536
ita,1988,0.0331534221768379
ita,1989,0.0336465537548065
ita,1990,0.0340859517455101
ita,1991,0.0344277657568455
ita,1992,0.0346804559230804
ita,1993,0.0346886105835438
ita,1994,0.0345620289444923
ita,1995,0.0346358865499496
ita,1996,0.0348295494914055
ita,1997,0.0350425206124783
ita,1998,0.0353519655764103
ita,1999,0.0357673056423664
ita,2000,0.0362360924482346
ita,2001,0.0366850085556507
ita,2002,0.0370704680681229
ita,2003,0.0373185016214848
ita,2004,0.0374326780438423
ita,2005,0.0375255383551121
ita,2006,0.0376374050974846
ita,2007,0.0377790816128254
ita,2008,0.0378613397479057
ita,2009,0.0377271436154842
ita,2010,0.0375201217830181
ita,2011,0.0373934023082256
ita,2012,0.0371873863041401
ita,2013,0.0368709079921246
ita,2014,0.0366138108074665
ita,2015,0.0365262366831303
ita,2016,0.0366134569048882
ita,2017,0.0368385687470436
ita,2018,0.0371374934911728
ita,2019,0.0374372489750385
ita,2020,0.0375164113938808
ita,2021,0.0377326086163521
ita,2022,0.0383988618850708
ita,2023,0.0391637906432152
jam,1953,0.0399531237781048
jam,1954,0.0386118330061436
jam,1955,0.0375345163047314
jam,1956,0.036681242287159
jam,1957,0.0361397005617619
jam,1958,0.0357652232050896
jam,1959,0.0353071317076683
jam,1960,0.0348637253046036
jam,1961,0.034444697201252
jam,1962,0.0339160747826099
jam,1963,0.0333095416426659
jam,1964,0.0328967049717903
jam,1965,0.0327921956777573
jam,1966,0.0328666269779205
jam,1967,0.0330115258693695
jam,1968,0.0333755277097225
jam,1969,0.0340195707976818
jam,1970,0.0345531739294529
jam,1971,0.0348587743937969
jam,1972,0.0350949876010418
jam,1973,0.0352560989558697
jam,1974,0.0350872315466404
jam,1975,0.0349818915128708
jam,1976,0.034665621817112
jam,1977,0.0335870981216431
jam,1978,0.0324225910007954
jam,1979,0.0316353626549244
jam,1980,0.0309325642883778
jam,1981,0.0303105264902115
jam,1982,0.0300302039831877
jam,1983,0.029819943010807
jam,1984,0.0294419657438993
jam,1985,0.0291564166545868
jam,1986,0.0288582090288401
jam,1987,0.0285859797149897
jam,1988,0.0285946726799011
jam,1989,0.0287127979099751
jam,1990,0.0291040223091841
jam,1991,0.029638759791851
jam,1992,0.030293058604002
jam,1993,0.031118631362915
jam,1994,0.0317330881953239
jam,1995,0.0321668945252895
jam,1996,0.0328447595238686
jam,1997,0.033821027725935
jam,1998,0.0343723334372044
jam,1999,0.0342088416218758
jam,2000,0.0341149270534515
jam,2001,0.0345740281045437
jam,2002,0.0354550629854202
jam,2003,0.0360953956842423
jam,2004,0.0362742058932781
jam,2005,0.0362755656242371
jam,2006,0.036450706422329
jam,2007,0.0367497354745865
jam,2008,0.0366994366049767
jam,2009,0.0361534282565117
jam,2010,0.0353153795003891
jam,2011,0.0346689373254776
jam,2012,0.0341557413339615
jam,2013,0.0337015651166439
jam,2014,0.0334480218589306
jam,2015,0.0331709794700146
jam,2016,0.0328954830765724
jam,2017,0.0327831245958805
jam,2018,0.0327438451349735
jam,2019,0.0327188707888126
jam,2020,0.0323154777288437
jam,2021,0.0315564200282097
jam,2022,0.0311809480190277
jam,2023,0.031195854768157
jor,1954,0.0402961522340775
jor,1955,0.0394834876060486
jor,1956,0.0388525649905205
jor,1957,0.0384452305734158
jor,1958,0.0380000621080399
jor,1959,0.0377718545496464
jor,1960,0.0380881875753403
jor,1961,0.0385797135531902
jor,1962,0.0388237833976746
jor,1963,0.0386021882295609
jor,1964,0.0384660288691521
jor,1965,0.0380482152104378
jor,1966,0.0372988805174828
jor,1967,0.0366666577756405
jor,1968,0.0360404588282108
jor,1969,0.036305658519268
jor,1970,0.0361516177654266
jor,1971,0.0360646843910217
jor,1972,0.0362764708697796
jor,1973,0.0356631614267826
jor,1974,0.0354667827486992
jor,1975,0.0365569218993187
jor,1976,0.0382719933986664
jor,1977,0.040110494941473
jor,1978,0.0408435389399529
jor,1979,0.0403861477971077
jor,1980,0.0396892726421356
jor,1981,0.0399375781416893
jor,1982,0.040740080177784
jor,1983,0.0404009371995926
jor,1984,0.0392718017101288
jor,1985,0.0382931753993034
jor,1986,0.037374135106802
jor,1987,0.0368920937180519
jor,1988,0.0369260236620903
jor,1989,0.0366476811468601
jor,1990,0.0361798256635666
jor,1991,0.0357625260949135
jor,1992,0.0355810783803463
jor,1993,0.035770196467638
jor,1994,0.0358441323041916
jor,1995,0.0357241444289684
jor,1996,0.0353049039840698
jor,1997,0.0351087488234043
jor,1998,0.0353300385177136
jor,1999,0.0355140790343285
jor,2000,0.0357303880155087
jor,2001,0.035744059830904
jor,2002,0.0355198048055172
jor,2003,0.0353694893419743
jor,2004,0.0356531292200089
jor,2005,0.0370148234069347
jor,2006,0.0383210629224777
jor,2007,0.0387359373271465
jor,2008,0.0389345474541187
jor,2009,0.0386014357209206
jor,2010,0.0376945324242115
jor,2011,0.0370366089046001
jor,2012,0.0359437800943852
jor,2013,0.0342561937868595
jor,2014,0.0328342281281948
jor,2015,0.0316305868327618
jor,2016,0.0305735915899277
jor,2017,0.0296277031302452
jor,2018,0.0287153273820877
jor,2019,0.0278308559209108
jor,2020,0.0270409118384123
jor,2021,0.0263259243220091
jor,2022,0.0256648678332567
jor,2023,0.025073966011405
jpn,1950,0.027380870655179
jpn,1951,0.0273974258452654
jpn,1952,0.0275698937475681
jpn,1953,0.0276232827454805
jpn,1954,0.0276936553418636
jpn,1955,0.0278505738824606
jpn,1956,0.0281527154147625
jpn,1957,0.0286953244358301
jpn,1958,0.0292270835489035
jpn,1959,0.02972611784935
jpn,1960,0.0305130165070295
jpn,1961,0.0316273905336857
jpn,1962,0.0326567478477955
jpn,1963,0.0333456434309483
jpn,1964,0.033788688480854
jpn,1965,0.0338320657610893
jpn,1966,0.0337140150368214
jpn,1967,0.0337720923125744
jpn,1968,0.0339403972029686
jpn,1969,0.0341659151017666
jpn,1970,0.0345389321446419
jpn,1971,0.0348327867686749
jpn,1972,0.0348666347563267
jpn,1973,0.0348135083913803
jpn,1974,0.0346004143357277
jpn,1975,0.0342180728912354
jpn,1976,0.0338325165212154
jpn,1977,0.0335206910967827
jpn,1978,0.0333366692066193
jpn,1979,0.0333276242017746
jpn,1980,0.0334431938827038
jpn,1981,0.033580157905817
jpn,1982,0.0336797498166561
jpn,1983,0.0337516814470291
jpn,1984,0.0338934026658535
jpn,1985,0.0341413021087647
jpn,1986,0.0344143733382225
jpn,1987,0.0346762910485268
jpn,1988,0.035078264772892
jpn,1989,0.0356890074908733
jpn,1990,0.0363697223365307
jpn,1991,0.0370124839246273
jpn,1992,0.0375156663358212
jpn,1993,0.0377857238054276
jpn,1994,0.0378711372613907
jpn,1995,0.0379368178546429
jpn,1996,0.0380612425506115
jpn,1997,0.0382396131753922
jpn,1998,0.0384013913571835
jpn,1999,0.0384957976639271
jpn,2000,0.0385910198092461
jpn,2001,0.0387177057564259
jpn,2002,0.0388035699725151
jpn,2003,0.038854394108057
jpn,2004,0.0389457792043686
jpn,2005,0.0391341112554073
jpn,2006,0.0393952950835228
jpn,2007,0.0396806225180626
jpn,2008,0.0399439260363579
jpn,2009,0.0399823859333992
jpn,2010,0.0398728065192699
jpn,2011,0.0397943407297134
jpn,2012,0.0397838242352009
jpn,2013,0.0398454330861568
jpn,2014,0.0399711355566978
jpn,2015,0.040183711796999
jpn,2016,0.0403667017817497
jpn,2017,0.0405171029269695
jpn,2018,0.0407153479754925
jpn,2019,0.040942057967186
jpn,2020,0.0410886630415916
jpn,2021,0.0411919094622135
jpn,2022,0.0413820780813694
jpn,2023,0.0416398905217648
kaz,1990,0.0401622839272022
kaz,1991,0.0390048623085022
kaz,1992,0.0379079207777977
kaz,1993,0.0369064062833786
kaz,1994,0.0357668921351433
kaz,1995,0.0349456928670406
kaz,1996,0.0344694070518017
kaz,1997,0.03412014991045
kaz,1998,0.033928208053112
kaz,1999,0.0337903089821339
kaz,2000,0.0338938310742378
kaz,2001,0.034397978335619
kaz,2002,0.0350244827568531
kaz,2003,0.035638865083456
kaz,2004,0.0366986691951752
kaz,2005,0.0384796261787415
kaz,2006,0.0405742563307285
kaz,2007,0.0426031947135925
kaz,2008,0.0447260513901711
kaz,2009,0.0465599671006203
kaz,2010,0.0482542142271996
kaz,2011,0.049719974398613
kaz,2012,0.0509535223245621
kaz,2013,0.0524426884949207
kaz,2014,0.0539521239697933
kaz,2015,0.0552786737680435
kaz,2016,0.0563611276447773
kaz,2017,0.0574717968702316
kaz,2018,0.0587595552206039
kaz,2019,0.0603355690836906
kaz,2020,0.0618511065840721
kaz,2021,0.0630020499229431
kaz,2022,0.0639905780553818
kaz,2023,0.0656115561723709
ken,1950,0.0496345199644566
ken,1951,0.0498355031013489
ken,1952,0.0500599183142185
ken,1953,0.0504206009209156
ken,1954,0.0507939532399178
ken,1955,0.051411297172308
ken,1956,0.0520852692425251
ken,1957,0.0523087605834007
ken,1958,0.0518120154738426
ken,1959,0.050885621458292
ken,1960,0.0499898940324783
ken,1961,0.0486176498234272
ken,1962,0.0467719472944737
ken,1963,0.0451011173427105
ken,1964,0.0435602329671383
ken,1965,0.0420533642172813
ken,1966,0.0409986935555935
ken,1967,0.0404549688100815
ken,1968,0.0400279350578785
ken,1969,0.0396673753857613
ken,1970,0.0401086919009686
ken,1971,0.0411030240356922
ken,1972,0.0412695445120335
ken,1973,0.0409113094210625
ken,1974,0.0404464304447174
ken,1975,0.0399169772863388
ken,1976,0.0396774373948574
ken,1977,0.0399699322879314
ken,1978,0.0410878546535969
ken,1979,0.0419470630586147
ken,1980,0.0420344769954681
ken,1981,0.041940338909626
ken,1982,0.0413484089076519
ken,1983,0.0402623526751995
ken,1984,0.0392470061779022
ken,1985,0.0386551730334759
ken,1986,0.0385775230824947
ken,1987,0.0386561192572117
ken,1988,0.0385217852890492
ken,1989,0.0381646826863289
ken,1990,0.0378579087555409
ken,1991,0.0374523401260376
ken,1992,0.0368172116577625
ken,1993,0.0361870117485523
ken,1994,0.0366597436368465
ken,1995,0.0384760163724422
ken,1996,0.040113028138876
ken,1997,0.0411526039242744
ken,1998,0.0421266332268715
ken,1999,0.042948704212904
ken,2000,0.0434825755655766
ken,2001,0.0440446324646473
ken,2002,0.0444780513644218
ken,2003,0.0446395315229893
ken,2004,0.0448653250932694
ken,2005,0.0460493229329586
ken,2006,0.0484834536910057
ken,2007,0.0511237010359764
ken,2008,0.0534194484353066
ken,2009,0.0551680698990822
ken,2010,0.0566828660666943
ken,2011,0.0579415187239647
ken,2012,0.0588401295244694
ken,2013,0.0593027137219906
ken,2014,0.0598047338426113
ken,2015,0.0602319277822971
ken,2016,0.0595284290611744
ken,2017,0.058103758841753
ken,2018,0.0564865320920944
ken,2019,0.0550160557031632
ken,2020,0.0538910031318665
ken,2021,0.0530441217124462
ken,2022,0.0522731319069862
ken,2023,0.0513228178024292
kgz,1990,0.0414677523076534
kgz,1991,0.0431250371038914
kgz,1992,0.044316116720438
kgz,1993,0.0437860414385796
kgz,1994,0.0421305559575558
kgz,1995,0.0409387461841106
kgz,1996,0.0403300002217293
kgz,1997,0.0392888300120831
kgz,1998,0.0379506833851337
kgz,1999,0.0371321104466915
kgz,2000,0.0363777652382851
kgz,2001,0.0353680774569511
kgz,2002,0.0344745479524136
kgz,2003,0.0339254662394524
kgz,2004,0.0336582846939564
kgz,2005,0.0335532203316689
kgz,2006,0.0343268997967243
kgz,2007,0.0354063324630261
kgz,2008,0.0357872433960438
kgz,2009,0.035631850361824
kgz,2010,0.0359270200133324
kgz,2011,0.0368756279349327
kgz,2012,0.0378705412149429
kgz,2013,0.0386421717703342
kgz,2014,0.0389552973210812
kgz,2015,0.0388787724077702
kgz,2016,0.0383993275463581
kgz,2017,0.0376354604959488
kgz,2018,0.0371573530137539
kgz,2019,0.0370924472808838
kgz,2020,0.0365190543234348
kgz,2021,0.0357648506760597
kgz,2022,0.0362708456814289
kgz,2023,0.0373249836266041
khm,1970,0.033884409815073
khm,1971,0.0334043689072132
khm,1972,0.0330118760466576
khm,1973,0.0325797162950039
khm,1974,0.032108087092638
khm,1975,0.0317152105271816
khm,1976,0.0314018167555332
khm,1977,0.0311059169471264
khm,1978,0.0308162774890661
khm,1979,0.0305345393717289
khm,1980,0.0302363969385624
khm,1981,0.0299615263938904
khm,1982,0.0297233369201422
khm,1983,0.0295326933264732
khm,1984,0.0293981283903122
khm,1985,0.0293248351663351
khm,1986,0.0293082091957331
khm,1987,0.0297429319471121
khm,1988,0.0301810950040817
khm,1989,0.0301424451172352
khm,1990,0.0301137659698725
khm,1991,0.0302851814776659
khm,1992,0.0304736979305744
khm,1993,0.0307967346161604
khm,1994,0.0312110465019941
khm,1995,0.0318803898990154
khm,1996,0.0328023247420788
khm,1997,0.0336071103811264
khm,1998,0.0343420282006264
khm,1999,0.03543721139431
khm,2000,0.0367023535072804
khm,2001,0.0376960411667824
khm,2002,0.0384266339242458
khm,2003,0.0389026962220669
khm,2004,0.0390994735062122
khm,2005,0.0391453541815281
khm,2006,0.0392878241837025
khm,2007,0.0395201928913593
khm,2008,0.0396125502884388
khm,2009,0.0391875244677067
khm,2010,0.0390231274068356
khm,2011,0.0392994806170464
khm,2012,0.0395374111831188
khm,2013,0.03979567065835
khm,2014,0.0401032753288746
khm,2015,0.0403622947633266
khm,2016,0.0405224449932575
khm,2017,0.0406462699174881
khm,2018,0.0408009365200996
khm,2019,0.0411625169217587
khm,2020,0.0416299737989903
khm,2021,0.0418472774326801
khm,2022,0.0421512275934219
khm,2023,0.0424112752079964
kna,1970,0.0396698080003262
kna,1971,0.0375422313809395
kna,1972,0.0354443341493607
kna,1973,0.0337795168161392
kna,1974,0.0325089395046234
kna,1975,0.0313926301896572
kna,1976,0.0310633443295956
kna,1977,0.0312278047204018
kna,1978,0.0307660605758429
kna,1979,0.0303833000361919
kna,1980,0.0305277872830629
kna,1981,0.0304966848343611
kna,1982,0.0304802320897579
kna,1983,0.0308034345507622
kna,1984,0.0309063866734505
kna,1985,0.0307259242981672
kna,1986,0.0306006614118814
kna,1987,0.0307448860257864
kna,1988,0.0321136899292469
kna,1989,0.0340627059340477
kna,1990,0.0350569970905781
kna,1991,0.0351143255829811
kna,1992,0.0347854159772396
kna,1993,0.0344567708671093
kna,1994,0.0345821157097817
kna,1995,0.0348513536155224
kna,1996,0.034903172403574
kna,1997,0.0343408808112145
kna,1998,0.0327246598899365
kna,1999,0.0311822555959225
kna,2000,0.0305413398891687
kna,2001,0.030151080340147
kna,2002,0.0296285320073366
kna,2003,0.0292446669191122
kna,2004,0.0287655889987946
kna,2005,0.0283926427364349
kna,2006,0.0282322354614735
kna,2007,0.0280728470534086
kna,2008,0.0278033241629601
kna,2009,0.0273083820939064
kna,2010,0.0269790329039097
kna,2011,0.0266799423843622
kna,2012,0.02622090280056
kna,2013,0.0258440468460321
kna,2014,0.0256471894681454
kna,2015,0.0255694463849068
kna,2016,0.0255626272410154
kna,2017,0.0255547799170017
kna,2018,0.0263216122984886
kna,2019,0.027977030724287
kna,2020,0.0294876806437969
kna,2021,0.0308536700904369
kna,2022,0.0325061082839966
kna,2023,0.034359659999609
kor,1953,0.0294177886098623
kor,1954,0.0287928190082312
kor,1955,0.0282368864864111
kor,1956,0.0277981124818325
kor,1957,0.0275901835411787
kor,1958,0.0274888165295124
kor,1959,0.0272579248994589
kor,1960,0.0269683636724949
kor,1961,0.0268260072916746
kor,1962,0.0268040262162685
kor,1963,0.0272181313484907
kor,1964,0.0276443883776665
kor,1965,0.0276931691914797
kor,1966,0.0282941646873951
kor,1967,0.0295642241835594
kor,1968,0.0310702808201313
kor,1969,0.0325212180614471
kor,1970,0.0331671945750713
kor,1971,0.0333334989845753
kor,1972,0.0337378680706024
kor,1973,0.034215971827507
kor,1974,0.0347592160105705
kor,1975,0.0353230237960815
kor,1976,0.0361830666661263
kor,1977,0.0373951569199562
kor,1978,0.0388379245996475
kor,1979,0.040231816470623
kor,1980,0.0409422889351845
kor,1981,0.0412169732153416
kor,1982,0.0413343720138073
kor,1983,0.0411798618733883
kor,1984,0.0411289855837822
kor,1985,0.0413143485784531
kor,1986,0.0417545586824417
kor,1987,0.0424439050257206
kor,1988,0.0431212745606899
kor,1989,0.0436811037361622
kor,1990,0.0440799929201603
kor,1991,0.0443603023886681
kor,1992,0.0446450784802437
kor,1993,0.0447342582046986
kor,1994,0.0450517535209656
kor,1995,0.0456867106258869
kor,1996,0.0461880564689636
kor,1997,0.0463029034435749
kor,1998,0.045565702021122
kor,1999,0.0448276214301586
kor,2000,0.0450460575520992
kor,2001,0.045466598123312
kor,2002,0.0457127913832665
kor,2003,0.0458621494472027
kor,2004,0.0458993688225746
kor,2005,0.0459666438400745
kor,2006,0.046163521707058
kor,2007,0.0465740598738194
kor,2008,0.0470747239887714
kor,2009,0.0474284887313843
kor,2010,0.0478986501693726
kor,2011,0.0486392267048359
kor,2012,0.0493796057999134
kor,2013,0.0499462820589542
kor,2014,0.0503950230777264
kor,2015,0.050788763910532
kor,2016,0.0510403588414192
kor,2017,0.0513227134943008
kor,2018,0.0516657829284668
kor,2019,0.0519371628761292
kor,2020,0.0521524734795094
kor,2021,0.0524390749633312
kor,2022,0.0528405494987965
kor,2023,0.0531527064740658
kwt,1970,0.048674251884222
kwt,1971,0.0526491068303585
kwt,1972,0.0532537065446377
kwt,1973,0.0533626899123192
kwt,1974,0.0539844036102295
kwt,1975,0.0588462240993977
kwt,1976,0.0648237094283104
kwt,1977,0.0697177350521088
kwt,1978,0.0716903209686279
kwt,1979,0.0696998909115791
kwt,1980,0.0671416148543358
kwt,1981,0.0655419006943703
kwt,1982,0.0650261268019676
kwt,1983,0.0652363076806068
kwt,1984,0.0662680789828301
kwt,1985,0.0673316866159439
kwt,1986,0.067766897380352
kwt,1987,0.0680893957614899
kwt,1988,0.0675252452492714
kwt,1989,0.0656848028302193
kwt,1990,0.06439658254385
kwt,1991,0.064285896718502
kwt,1992,0.0640028193593025
kwt,1993,0.0634129643440247
kwt,1994,0.0622925125062466
kwt,1995,0.0610591918230057
kwt,1996,0.0595836006104946
kwt,1997,0.0577167570590973
kwt,1998,0.0569911152124405
kwt,1999,0.0567023195326328
kwt,2000,0.055550429970026
kwt,2001,0.054779015481472
kwt,2002,0.0541659593582153
kwt,2003,0.0536687709391117
kwt,2004,0.0542390272021294
kwt,2005,0.054691918194294
kwt,2006,0.0556503906846046
kwt,2007,0.0564522109925747
kwt,2008,0.0567039400339127
kwt,2009,0.0581669546663761
kwt,2010,0.0600817240774632
kwt,2011,0.0607890896499157
kwt,2012,0.0595440603792667
kwt,2013,0.057890098541975
kwt,2014,0.0563528351485729
kwt,2015,0.0545663386583328
kwt,2016,0.0563877262175083
kwt,2017,0.0604565478861332
kwt,2018,0.0636047050356865
kwt,2019,0.0646373257040978
kwt,2020,0.0635165125131607
kwt,2021,0.061876755207777
kwt,2022,0.0609416030347347
kwt,2023,0.0607870370149612
lao,1970,0.0424184948205948
lao,1971,0.0454375445842743
lao,1972,0.047589760273695
lao,1973,0.0494965240359306
lao,1974,0.0514972805976868
lao,1975,0.05326983705163
lao,1976,0.0549350343644619
lao,1977,0.0564179718494415
lao,1978,0.0576965324580669
lao,1979,0.0586701147258282
lao,1980,0.0594900585711002
lao,1981,0.0605923160910606
lao,1982,0.0620302110910416
lao,1983,0.0638417527079582
lao,1984,0.0647829845547676
lao,1985,0.0657503977417946
lao,1986,0.0669713467359543
lao,1987,0.0685264691710472
lao,1988,0.0714119225740433
lao,1989,0.0757918283343315
lao,1990,0.0799429044127464
lao,1991,0.0823110342025757
lao,1992,0.0835307762026787
lao,1993,0.083901047706604
lao,1994,0.0836395621299744
lao,1995,0.082833543419838
lao,1996,0.0820619687438011
lao,1997,0.0821564421057701
lao,1998,0.0833311825990677
lao,1999,0.0814588367938995
lao,2000,0.0764618068933487
lao,2001,0.0713249295949936
lao,2002,0.0669463127851486
lao,2003,0.0639013946056366
lao,2004,0.0624122098088265
lao,2005,0.0617807842791081
lao,2006,0.062183041125536
lao,2007,0.0626509413123131
lao,2008,0.0619042590260506
lao,2009,0.0600891299545765
lao,2010,0.0573054812848568
lao,2011,0.0544579178094864
lao,2012,0.0524314939975739
lao,2013,0.0513175092637539
lao,2014,0.050822589546442
lao,2015,0.0508741438388824
lao,2016,0.0512899793684483
lao,2017,0.0521813593804836
lao,2018,0.0528062582015991
lao,2019,0.0524747222661972
lao,2020,0.0515842661261559
lao,2021,0.0504345633089542
lao,2022,0.0490473546087742
lao,2023,0.0475073494017124
lbn,1970,0.0306205246597528
lbn,1971,0.0308553986251354
lbn,1972,0.0313404016196728
lbn,1973,0.0324004888534546
lbn,1974,0.0335951261222363
lbn,1975,0.0341471545398235
lbn,1976,0.0339420028030872
lbn,1977,0.0337131395936012
lbn,1978,0.0337372533977032
lbn,1979,0.0336463674902916
lbn,1980,0.0335021279752255
lbn,1981,0.0334951058030129
lbn,1982,0.0331617332994938
lbn,1983,0.0326910465955734
lbn,1984,0.0333166755735874
lbn,1985,0.0350197292864323
lbn,1986,0.0364702045917511
lbn,1987,0.0379783138632774
lbn,1988,0.0390338003635407
lbn,1989,0.0387104600667954
lbn,1990,0.0382614247500896
lbn,1991,0.0379816591739655
lbn,1992,0.0374582856893539
lbn,1993,0.0365894250571728
lbn,1994,0.0355813130736351
lbn,1995,0.0347203575074673
lbn,1996,0.0341943055391312
lbn,1997,0.0338189676403999
lbn,1998,0.0334168374538422
lbn,1999,0.0329863876104355
lbn,2000,0.0325714945793152
lbn,2001,0.0322018526494503
lbn,2002,0.0318689271807671
lbn,2003,0.0316665396094322
lbn,2004,0.0316049568355084
lbn,2005,0.0316184237599373
lbn,2006,0.0316416062414646
lbn,2007,0.0318686813116074
lbn,2008,0.0323902666568756
lbn,2009,0.033942025154829
lbn,2010,0.0355801768600941
lbn,2011,0.0361812226474285
lbn,2012,0.0361807495355606
lbn,2013,0.0359807200729847
lbn,2014,0.035727571696043
lbn,2015,0.0354147404432297
lbn,2016,0.0352544784545898
lbn,2017,0.0352940037846565
lbn,2018,0.0355918370187283
lbn,2019,0.0354058519005775
lbn,2020,0.0343057475984097
lbn,2021,0.033253476023674
lbn,2022,0.0335020609200001
lbn,2023,0.0338382050395012
lbr,1964,0.0437575951218605
lbr,1965,0.048181813210249
lbr,1966,0.0507211536169052
lbr,1967,0.0527095422148705
lbr,1968,0.0544808730483055
lbr,1969,0.055907104164362
lbr,1970,0.0565039068460465
lbr,1971,0.0564214400947094
lbr,1972,0.0563681870698929
lbr,1973,0.0561336390674114
lbr,1974,0.0559993349015713
lbr,1975,0.0565743409097195
lbr,1976,0.0576610006392002
lbr,1977,0.0585954710841179
lbr,1978,0.0592016987502575
lbr,1979,0.0596055909991264
lbr,1980,0.059837494045496
lbr,1981,0.059725496917963
lbr,1982,0.0591266080737114
lbr,1983,0.0584281049668789
lbr,1984,0.0574145391583443
lbr,1985,0.0562657564878464
lbr,1986,0.0553002469241619
lbr,1987,0.0543018579483032
lbr,1988,0.0533727183938026
lbr,1989,0.052280530333519
lbr,1990,0.0510262027382851
lbr,1991,0.0496454499661922
lbr,1992,0.0480638518929482
lbr,1993,0.0463049784302712
lbr,1994,0.0443621166050434
lbr,1995,0.0423591695725918
lbr,1996,0.0415420830249786
lbr,1997,0.0431002750992775
lbr,1998,0.0465727038681507
lbr,1999,0.0504121445119381
lbr,2000,0.0512679107487202
lbr,2001,0.0522410199046135
lbr,2002,0.0555258691310883
lbr,2003,0.057258952409029
lbr,2004,0.0572553873062134
lbr,2005,0.0567661225795746
lbr,2006,0.0564132481813431
lbr,2007,0.0578119717538357
lbr,2008,0.0591681711375713
lbr,2009,0.0587339475750923
lbr,2010,0.0570488274097443
lbr,2011,0.0559065155684948
lbr,2012,0.0568113401532173
lbr,2013,0.0588793978095055
lbr,2014,0.0589342080056667
lbr,2015,0.0577311031520367
lbr,2016,0.0574554279446602
lbr,2017,0.056565023958683
lbr,2018,0.0555352866649628
lbr,2019,0.0544941946864128
lbr,2020,0.0535324327647686
lbr,2021,0.0532144978642464
lbr,2022,0.0530219040811062
lbr,2023,0.0525757744908333
lca,1970,0.0451174601912499
lca,1971,0.0509476251900196
lca,1972,0.0542827546596527
lca,1973,0.0562151148915291
lca,1974,0.056661818176508
lca,1975,0.0564086921513081
lca,1976,0.056034117937088
lca,1977,0.0561864078044891
lca,1978,0.05792086571455
lca,1979,0.059092853218317
lca,1980,0.0590194314718246
lca,1981,0.0581058450043201
lca,1982,0.0562066994607449
lca,1983,0.055061686784029
lca,1984,0.0548369474709034
lca,1985,0.0546005107462406
lca,1986,0.0546392314136028
lca,1987,0.0548389330506325
lca,1988,0.0549284666776657
lca,1989,0.0556240156292915
lca,1990,0.0562662295997143
lca,1991,0.0559734776616097
lca,1992,0.0548769757151604
lca,1993,0.0534177795052528
lca,1994,0.0522105805575848
lca,1995,0.0507018193602562
lca,1996,0.0494808480143547
lca,1997,0.0493188314139843
lca,1998,0.0490884222090244
lca,1999,0.0483469441533089
lca,2000,0.0475219748914242
lca,2001,0.0464810393750668
lca,2002,0.0451711788773537
lca,2003,0.0441470183432102
lca,2004,0.0433657690882683
lca,2005,0.0428285114467144
lca,2006,0.0428578481078148
lca,2007,0.0433031357824802
lca,2008,0.0434113219380379
lca,2009,0.0427944883704186
lca,2010,0.0419997349381447
lca,2011,0.0413182005286217
lca,2012,0.0408861972391605
lca,2013,0.0403699427843094
lca,2014,0.0394657850265503
lca,2015,0.0385299883782864
lca,2016,0.0381799302995205
lca,2017,0.0380392894148827
lca,2018,0.0378331653773785
lca,2019,0.0378474406898022
lca,2020,0.0375015698373318
lca,2021,0.0369607545435429
lca,2022,0.0368468724191189
lca,2023,0.0369635224342346
lka,1950,0.0653565302491188
lka,1951,0.0696207135915756
lka,1952,0.0732623860239983
lka,1953,0.0754564926028252
lka,1954,0.0766933485865593
lka,1955,0.0783125460147858
lka,1956,0.079795315861702
lka,1957,0.0803288742899895
lka,1958,0.0806483253836632
lka,1959,0.0812290608882904
lka,1960,0.0816939994692802
lka,1961,0.0821583345532417
lka,1962,0.0824465900659561
lka,1963,0.0826823338866234
lka,1964,0.0822033137083054
lka,1965,0.081094540655613
lka,1966,0.0809638798236847
lka,1967,0.0810240879654884
lka,1968,0.0803111493587494
lka,1969,0.0814941599965096
lka,1970,0.0828578844666481
lka,1971,0.0815512463450432
lka,1972,0.0799291133880615
lka,1973,0.0790986344218254
lka,1974,0.0789507105946541
lka,1975,0.079944834113121
lka,1976,0.0814613550901413
lka,1977,0.0832301378250122
lka,1978,0.0864335745573044
lka,1979,0.0894790366292
lka,1980,0.0914356410503388
lka,1981,0.092510923743248
lka,1982,0.0924845039844513
lka,1983,0.09208033233881
lka,1984,0.0910937488079071
lka,1985,0.0892545804381371
lka,1986,0.0867191329598427
lka,1987,0.0842057541012764
lka,1988,0.0819362923502922
lka,1989,0.0794347673654556
lka,1990,0.0769764333963394
lka,1991,0.074939988553524
lka,1992,0.0736431777477264
lka,1993,0.0730215832591057
lka,1994,0.0726816952228546
lka,1995,0.0710651203989983
lka,1996,0.0683377757668495
lka,1997,0.0660573616623879
lka,1998,0.0643148124217987
lka,1999,0.0633583590388298
lka,2000,0.0628924518823624
lka,2001,0.0618019737303257
lka,2002,0.0604401640594006
lka,2003,0.0597996115684509
lka,2004,0.0594291649758816
lka,2005,0.0592421665787697
lka,2006,0.0597960129380226
lka,2007,0.0609331578016281
lka,2008,0.0613824278116226
lka,2009,0.0606301054358482
lka,2010,0.0610748082399368
lka,2011,0.0627394318580627
lka,2012,0.0639811530709267
lka,2013,0.0647974908351898
lka,2014,0.0653906390070915
lka,2015,0.0659417137503624
lka,2016,0.066377729177475
lka,2017,0.0666896030306816
lka,2018,0.0668898522853851
lka,2019,0.0665599182248116
lka,2020,0.0658788457512856
lka,2021,0.0655407831072807
lka,2022,0.0647483989596367
lka,2023,0.0635048300027847
lso,1960,0.0397093780338764
lso,1961,0.037951298058033
lso,1962,0.0369061678647995
lso,1963,0.0367483049631119
lso,1964,0.037314984947443
lso,1965,0.0385248884558678
lso,1966,0.0395518504083157
lso,1967,0.0404795072972775
lso,1968,0.0416412353515625
lso,1969,0.0424488633871079
lso,1970,0.0432814061641693
lso,1971,0.0446494109928608
lso,1972,0.0463883690536022
lso,1973,0.049471627920866
lso,1974,0.0524876825511456
lso,1975,0.0554650910198689
lso,1976,0.0603647530078888
lso,1977,0.0669718831777573
lso,1978,0.0722444653511047
lso,1979,0.0768484026193619
lso,1980,0.080668106675148
lso,1981,0.0826531648635864
lso,1982,0.0838841646909714
lso,1983,0.082830622792244
lso,1984,0.0808149799704552
lso,1985,0.0804015249013901
lso,1986,0.0799722522497177
lso,1987,0.0787240639328957
lso,1988,0.0778092965483666
lso,1989,0.0771212801337242
lso,1990,0.0761288926005364
lso,1991,0.0746755450963974
lso,1992,0.0729300752282143
lso,1993,0.0701149255037308
lso,1994,0.0662933215498924
lso,1995,0.0634575188159943
lso,1996,0.0614465288817883
lso,1997,0.0600792728364468
lso,1998,0.0590078458189964
lso,1999,0.0572534389793873
lso,2000,0.054885420948267
lso,2001,0.0521855838596821
lso,2002,0.0495367869734764
lso,2003,0.046976488083601
lso,2004,0.0436828583478928
lso,2005,0.0400224626064301
lso,2006,0.0370416566729546
lso,2007,0.0373681858181953
lso,2008,0.0412187799811363
lso,2009,0.0453057810664177
lso,2010,0.0469665490090847
lso,2011,0.0455185621976852
lso,2012,0.0434672646224499
lso,2013,0.041921753436327
lso,2014,0.0406504310667515
lso,2015,0.0397626757621765
lso,2016,0.0392060205340385
lso,2017,0.0388193652033806
lso,2018,0.0385283343493938
lso,2019,0.03886728733778
lso,2020,0.0399588495492935
lso,2021,0.0413641259074211
lso,2022,0.0425801686942577
lso,2023,0.0434661991894245
ltu,1990,0.0274785794317722
ltu,1991,0.0272603817284107
ltu,1992,0.0273678954690695
ltu,1993,0.0274161603301764
ltu,1994,0.0272931549698114
ltu,1995,0.0271763764321804
ltu,1996,0.0273017734289169
ltu,1997,0.0276983436197042
ltu,1998,0.0283024832606316
ltu,1999,0.0288568045943975
ltu,2000,0.0293902680277824
ltu,2001,0.0300700031220913
ltu,2002,0.0307943727821112
ltu,2003,0.0315194875001907
ltu,2004,0.0324584320187569
ltu,2005,0.0335839092731476
ltu,2006,0.0347263813018799
ltu,2007,0.0360938757658005
ltu,2008,0.0371939241886139
ltu,2009,0.0371523387730122
ltu,2010,0.0367265827953815
ltu,2011,0.0368715971708298
ltu,2012,0.0372594743967056
ltu,2013,0.0376516878604889
ltu,2014,0.0380235686898232
ltu,2015,0.0384513139724731
ltu,2016,0.0391436293721199
ltu,2017,0.0401534475386143
ltu,2018,0.0413365811109543
ltu,2019,0.0425026006996632
ltu,2020,0.0432097725570202
ltu,2021,0.0440521985292435
ltu,2022,0.0457553789019585
ltu,2023,0.0477022863924503
lux,1950,0.0332658104598522
lux,1951,0.034588810056448
lux,1952,0.034737940877676
lux,1953,0.0357440896332264
lux,1954,0.0370288491249085
lux,1955,0.0377012975513935
lux,1956,0.037934809923172
lux,1957,0.0382321551442146
lux,1958,0.0387181527912617
lux,1959,0.0389784686267376
lux,1960,0.0388327687978745
lux,1961,0.0386612825095654
lux,1962,0.0388901345431805
lux,1963,0.0391769036650658
lux,1964,0.0394396670162678
lux,1965,0.0395968817174435
lux,1966,0.0394222736358643
lux,1967,0.0387901552021503
lux,1968,0.0378520414233208
lux,1969,0.0370640568435192
lux,1970,0.0366948843002319
lux,1971,0.0366600006818771
lux,1972,0.036646630614996
lux,1973,0.0363704077899456
lux,1974,0.035803958773613
lux,1975,0.0349656976759434
lux,1976,0.0339778140187264
lux,1977,0.0333419814705849
lux,1978,0.0329748839139938
lux,1979,0.0325516574084759
lux,1980,0.0322366990149021
lux,1981,0.0318553447723389
lux,1982,0.0313724353909493
lux,1983,0.0309901013970375
lux,1984,0.0306570064276457
lux,1985,0.0302691236138344
lux,1986,0.0302771106362343
lux,1987,0.0311074778437614
lux,1988,0.0321702398359776
lux,1989,0.0331535153090954
lux,1990,0.0339581072330475
lux,1991,0.0350736044347286
lux,1992,0.0359046049416065
lux,1993,0.0367166697978973
lux,1994,0.0382784120738506
lux,1995,0.0391807071864605
lux,1996,0.0392535142600536
lux,1997,0.0395081527531147
lux,1998,0.0399052277207375
lux,1999,0.0407524816691875
lux,2000,0.0415397882461548
lux,2001,0.0418301708996296
lux,2002,0.0419139675796032
lux,2003,0.0415201969444752
lux,2004,0.0413297936320305
lux,2005,0.0414773114025593
lux,2006,0.0413754396140575
lux,2007,0.0415464863181114
lux,2008,0.0422104224562645
lux,2009,0.0422504544258118
lux,2010,0.0421549864113331
lux,2011,0.0426974892616272
lux,2012,0.0438041873276234
lux,2013,0.0449781827628613
lux,2014,0.0459715612232685
lux,2015,0.0464780293405056
lux,2016,0.0462707690894604
lux,2017,0.0461308062076569
lux,2018,0.0458025112748146
lux,2019,0.0453982017934322
lux,2020,0.045112282037735
lux,2021,0.0451233871281147
lux,2022,0.045195035636425
lux,2023,0.0448920391499996
lva,1990,0.0222399942576885
lva,1991,0.0220549013465643
lva,1992,0.021413292735815
lva,1993,0.0208248682320118
lva,1994,0.0203235428780317
lva,1995,0.019986005499959
lva,1996,0.0198084525763989
lva,1997,0.0197947472333908
lva,1998,0.0200623963028193
lva,1999,0.0204420164227486
lva,2000,0.0209097322076559
lva,2001,0.0216567050665617
lva,2002,0.0223808903247118
lva,2003,0.0229995157569647
lva,2004,0.0238154139369726
lva,2005,0.0248984582722187
lva,2006,0.0260834135115147
lva,2007,0.0275278948247433
lva,2008,0.0288327634334564
lva,2009,0.0289152376353741
lva,2010,0.0282535441219807
lva,2011,0.02800627425313
lva,2012,0.0281818602234125
lva,2013,0.0284667182713747
lva,2014,0.0286167897284031
lva,2015,0.028612207621336
lva,2016,0.0287052690982819
lva,2017,0.0289866402745247
lva,2018,0.0293869134038687
lva,2019,0.0298167187720537
lva,2020,0.03017115034163
lva,2021,0.0307587925344706
lva,2022,0.0313610732555389
lva,2023,0.0317289642989636
mac,1970,0.0408437550067902
mac,1971,0.0410889498889446
mac,1972,0.0412867963314056
mac,1973,0.0414454713463783
mac,1974,0.0414551384747028
mac,1975,0.0412927493453026
mac,1976,0.0411439724266529
mac,1977,0.0407617650926113
mac,1978,0.0402381271123886
mac,1979,0.0405575670301914
mac,1980,0.0420070625841618
mac,1981,0.0437467619776726
mac,1982,0.0456188134849072
mac,1983,0.0477168001234531
mac,1984,0.0492519475519657
mac,1985,0.0499748587608337
mac,1986,0.0512856543064117
mac,1987,0.052805632352829
mac,1988,0.0532329566776753
mac,1989,0.0530027411878109
mac,1990,0.0532391965389252
mac,1991,0.0542568415403366
mac,1992,0.054403081536293
mac,1993,0.0532157421112061
mac,1994,0.0521782077848911
mac,1995,0.0513602271676064
mac,1996,0.0503352098166943
mac,1997,0.0494477823376656
mac,1998,0.0485519170761108
mac,1999,0.0478971116244793
mac,2000,0.0474678315222263
mac,2001,0.0471355617046356
mac,2002,0.0470970869064331
mac,2003,0.0470271930098534
mac,2004,0.0472487471997738
mac,2005,0.0469893291592598
mac,2006,0.0453836359083653
mac,2007,0.0433149002492428
mac,2008,0.041442696005106
mac,2009,0.0400302410125732
mac,2010,0.0389066487550736
mac,2011,0.0379106029868126
mac,2012,0.0371806137263775
mac,2013,0.0366181321442127
mac,2014,0.0363270454108715
mac,2015,0.0362048633396626
mac,2016,0.0359141863882542
mac,2017,0.0354964397847652
mac,2018,0.0353221409022808
mac,2019,0.0351147912442684
mac,2020,0.0345626473426819
mac,2021,0.0339390262961388
mac,2022,0.0332063175737858
mac,2023,0.0325811505317688
mar,1950,0.0344824753701687
mar,1951,0.0344751626253128
mar,1952,0.0344908162951469
mar,1953,0.0345084853470326
mar,1954,0.0345027782022953
mar,1955,0.0341251716017723
mar,1956,0.0334405265748501
mar,1957,0.0326110385358334
mar,1958,0.0320157557725906
mar,1959,0.0315360799431801
mar,1960,0.0310010407119989
mar,1961,0.0306362081319094
mar,1962,0.0305692255496979
mar,1963,0.0309807043522596
mar,1964,0.0313177704811096
mar,1965,0.031435139477253
mar,1966,0.0314630083739758
mar,1967,0.031705267727375
mar,1968,0.0322424322366715
mar,1969,0.0326963998377323
mar,1970,0.0336401835083962
mar,1971,0.0347475335001946
mar,1972,0.0354241505265236
mar,1973,0.0360882207751274
mar,1974,0.0366950966417789
mar,1975,0.0381401963531971
mar,1976,0.0403233282268047
mar,1977,0.0417117290198803
mar,1978,0.0417798943817616
mar,1979,0.0413802899420261
mar,1980,0.0412348546087742
mar,1981,0.040898110717535
mar,1982,0.040342565625906
mar,1983,0.0398162305355072
mar,1984,0.0393563956022263
mar,1985,0.0390618145465851
mar,1986,0.0388847216963768
mar,1987,0.0388580933213234
mar,1988,0.0388681255280972
mar,1989,0.0389893613755703
mar,1990,0.0394671410322189
mar,1991,0.0401746854186058
mar,1992,0.0408345945179462
mar,1993,0.0413097105920315
mar,1994,0.0415840744972229
mar,1995,0.0418060570955277
mar,1996,0.0420349389314652
mar,1997,0.0423053205013275
mar,1998,0.0428603328764439
mar,1999,0.0436641126871109
mar,2000,0.0442565269768238
mar,2001,0.0444312170147896
mar,2002,0.0445773229002953
mar,2003,0.0449329689145088
mar,2004,0.04543312266469
mar,2005,0.0460534691810608
mar,2006,0.0468495637178421
mar,2007,0.0477692373096943
mar,2008,0.0490009821951389
mar,2009,0.0501513220369816
mar,2010,0.0506357997655869
mar,2011,0.0509562864899635
mar,2012,0.0514157079160214
mar,2013,0.0517317727208138
mar,2014,0.0517464764416218
mar,2015,0.0516168512403965
mar,2016,0.0518647320568562
mar,2017,0.0522870235145092
mar,2018,0.0525361150503159
mar,2019,0.0527944825589657
mar,2020,0.0527730546891689
mar,2021,0.0526821538805962
mar,2022,0.0522680729627609
mar,2023,0.0513390153646469
mda,1990,0.041587557643652
mda,1991,0.0429826453328133
mda,1992,0.0450774878263474
mda,1993,0.0476796142756939
mda,1994,0.0483188293874264
mda,1995,0.0475238524377346
mda,1996,0.0469803176820278
mda,1997,0.0464362390339375
mda,1998,0.0460022389888763
mda,1999,0.0455548614263535
mda,2000,0.0449070520699024
mda,2001,0.0444774329662323
mda,2002,0.0442173033952713
mda,2003,0.0443344414234161
mda,2004,0.0446925722062588
mda,2005,0.0451714582741261
mda,2006,0.0457622446119785
mda,2007,0.046718206256628
mda,2008,0.0479960516095161
mda,2009,0.0485094711184502
mda,2010,0.0486495234072208
mda,2011,0.049252774566412
mda,2012,0.0501323081552982
mda,2013,0.0506087280809879
mda,2014,0.0515863634645939
mda,2015,0.0528693646192551
mda,2016,0.0537443608045578
mda,2017,0.0549768768250942
mda,2018,0.0564545094966888
mda,2019,0.0580976605415344
mda,2020,0.0595030151307583
mda,2021,0.0610348768532276
mda,2022,0.0624354593455792
mda,2023,0.0617815926671028
mdg,1960,0.0401042550802231
mdg,1961,0.038924302905798
mdg,1962,0.0377752780914307
mdg,1963,0.0367933660745621
mdg,1964,0.0360990054905415
mdg,1965,0.0355193354189396
mdg,1966,0.0349045470356941
mdg,1967,0.0343997776508331
mdg,1968,0.0341957695782185
mdg,1969,0.0342125073075295
mdg,1970,0.0340793915092945
mdg,1971,0.0339966677129269
mdg,1972,0.0338648371398449
mdg,1973,0.0334361679852009
mdg,1974,0.0331347621977329
mdg,1975,0.0329001508653164
mdg,1976,0.0325403995811939
mdg,1977,0.0321972519159317
mdg,1978,0.0319968611001968
mdg,1979,0.0322895832359791
mdg,1980,0.0329076871275902
mdg,1981,0.0330312438309193
mdg,1982,0.0326600633561611
mdg,1983,0.032195333391428
mdg,1984,0.0320226475596428
mdg,1985,0.0321590080857277
mdg,1986,0.0323688052594662
mdg,1987,0.0329879820346832
mdg,1988,0.0344468727707863
mdg,1989,0.0363632924854755
mdg,1990,0.038579199463129
mdg,1991,0.0397530309855938
mdg,1992,0.0399430394172668
mdg,1993,0.0405979938805103
mdg,1994,0.041194424033165
mdg,1995,0.0416750572621822
mdg,1996,0.0422416143119335
mdg,1997,0.0430321507155895
mdg,1998,0.0441204346716404
mdg,1999,0.0452210307121277
mdg,2000,0.0464561134576798
mdg,2001,0.047989446669817
mdg,2002,0.048511665314436
mdg,2003,0.0485532656311989
mdg,2004,0.0497644022107124
mdg,2005,0.050864364951849
mdg,2006,0.0507433861494064
mdg,2007,0.0506731532514095
mdg,2008,0.0523453950881958
mdg,2009,0.0540476404130459
mdg,2010,0.0532681830227375
mdg,2011,0.0508228652179241
mdg,2012,0.04850197955966
mdg,2013,0.0464915446937084
mdg,2014,0.0449563451111317
mdg,2015,0.0438990257680416
mdg,2016,0.0429308228194714
mdg,2017,0.0419367663562298
mdg,2018,0.0411285981535912
mdg,2019,0.0403915755450726
mdg,2020,0.0392843894660473
mdg,2021,0.0381241515278816
mdg,2022,0.0378044880926609
mdg,2023,0.0379229262471199
mdv,1970,0.0408643558621407
mdv,1971,0.0411233305931091
mdv,1972,0.0412050820887089
mdv,1973,0.0409783460199833
mdv,1974,0.0404433682560921
mdv,1975,0.0397735983133316
mdv,1976,0.0394897349178791
mdv,1977,0.0393638834357262
mdv,1978,0.0386963784694672
mdv,1979,0.0376349426805973
mdv,1980,0.0374543815851212
mdv,1981,0.0386263877153397
mdv,1982,0.0388796739280224
mdv,1983,0.0396541617810726
mdv,1984,0.0422219485044479
mdv,1985,0.0444660484790802
mdv,1986,0.0458758138120174
mdv,1987,0.0468164905905724
mdv,1988,0.0474011190235615
mdv,1989,0.0477776937186718
mdv,1990,0.0480652675032616
mdv,1991,0.0481864400207996
mdv,1992,0.048116210848093
mdv,1993,0.0479189530014992
mdv,1994,0.0465266928076744
mdv,1995,0.0448316670954227
mdv,1996,0.0446979366242886
mdv,1997,0.0454480834305286
mdv,1998,0.0454153195023537
mdv,1999,0.0446435324847698
mdv,2000,0.0437777973711491
mdv,2001,0.0428515039384365
mdv,2002,0.0415297225117683
mdv,2003,0.0408617630600929
mdv,2004,0.0412447564303875
mdv,2005,0.0422896631062031
mdv,2006,0.0456697940826416
mdv,2007,0.0499247536063194
mdv,2008,0.0525921434164047
mdv,2009,0.0521345101296902
mdv,2010,0.0500483587384224
mdv,2011,0.049230944365263
mdv,2012,0.048816628754139
mdv,2013,0.0481759086251259
mdv,2014,0.0479146540164948
mdv,2015,0.047970037907362
mdv,2016,0.0480754412710667
mdv,2017,0.048176072537899
mdv,2018,0.0484066680073738
mdv,2019,0.048621591180563
mdv,2020,0.0480898655951023
mdv,2021,0.0469689853489399
mdv,2022,0.0462928675115109
mdv,2023,0.0460077933967114
mex,1950,0.0326582118868828
mex,1951,0.0330312624573708
mex,1952,0.0332815051078796
mex,1953,0.033403605222702
mex,1954,0.0335937365889549
mex,1955,0.0338416248559952
mex,1956,0.0341059379279614
mex,1957,0.0343124940991402
mex,1958,0.0343532562255859
mex,1959,0.0342496819794178
mex,1960,0.0340899527072907
mex,1961,0.0339193493127823
mex,1962,0.0337558388710022
mex,1963,0.033596221357584
mex,1964,0.0335588455200195
mex,1965,0.0337292551994324
mex,1966,0.0339113213121891
mex,1967,0.0339885726571083
mex,1968,0.0341161079704762
mex,1969,0.03415921702981
mex,1970,0.0340970978140831
mex,1971,0.0340160802006722
mex,1972,0.0339426435530186
mex,1973,0.0339903607964516
mex,1974,0.0341161116957665
mex,1975,0.0342709086835384
mex,1976,0.0343358889222145
mex,1977,0.0341981574892998
mex,1978,0.0340638011693955
mex,1979,0.0341876521706581
mex,1980,0.0345112159848213
mex,1981,0.0349088720977306
mex,1982,0.0349585227668285
mex,1983,0.0344728417694569
mex,1984,0.0338840968906879
mex,1985,0.0334574207663536
mex,1986,0.0330894291400909
mex,1987,0.0326780118048191
mex,1988,0.0323156788945198
mex,1989,0.0322038233280182
mex,1990,0.0323491841554642
mex,1991,0.0326780527830124
mex,1992,0.0331727378070354
mex,1993,0.0336097776889801
mex,1994,0.0338905863463879
mex,1995,0.0337235517799854
mex,1996,0.0333089008927345
mex,1997,0.0332626700401306
mex,1998,0.0335173420608044
mex,1999,0.0338449962437153
mex,2000,0.0342078469693661
mex,2001,0.0344969145953655
mex,2002,0.0346204787492752
mex,2003,0.0346406474709511
mex,2004,0.0346426144242287
mex,2005,0.0347758680582047
mex,2006,0.0350384749472141
mex,2007,0.0353541783988476
mex,2008,0.0356873162090778
mex,2009,0.0357308946549892
mex,2010,0.035663403570652
mex,2011,0.0359103828668594
mex,2012,0.0363385006785393
mex,2013,0.0367451682686806
mex,2014,0.037078071385622
mex,2015,0.037473276257515
mex,2016,0.0379331521689892
mex,2017,0.0383128263056278
mex,2018,0.0386075340211391
mex,2019,0.0387732982635498
mex,2020,0.0385839939117432
mex,2021,0.0382701233029366
mex,2022,0.0380753800272942
mex,2023,0.038299985229969
mkd,1990,0.0409316569566727
mkd,1991,0.041672557592392
mkd,1992,0.04227614402771
mkd,1993,0.04217928647995
mkd,1994,0.0416548661887646
mkd,1995,0.0410911925137043
mkd,1996,0.040632426738739
mkd,1997,0.0398433431982994
mkd,1998,0.0388763695955277
mkd,1999,0.0382152944803238
mkd,2000,0.0377375930547714
mkd,2001,0.0373040772974491
mkd,2002,0.0369121767580509
mkd,2003,0.0364355072379112
mkd,2004,0.0358880609273911
mkd,2005,0.0354024134576321
mkd,2006,0.0350345373153687
mkd,2007,0.0350516885519028
mkd,2008,0.0354968085885048
mkd,2009,0.0359512567520142
mkd,2010,0.0361272543668747
mkd,2011,0.0361530035734177
mkd,2012,0.036216989159584
mkd,2013,0.0363487787544727
mkd,2014,0.0365544147789478
mkd,2015,0.0368242487311363
mkd,2016,0.0371898040175438
mkd,2017,0.0377615392208099
mkd,2018,0.0382643342018127
mkd,2019,0.0385113060474396
mkd,2020,0.0388529524207115
mkd,2021,0.0393744707107544
mkd,2022,0.0399069637060165
mkd,2023,0.0403140895068646
mli,1960,0.0463374070823193
mli,1961,0.0553315654397011
mli,1962,0.0612342245876789
mli,1963,0.0648042559623718
mli,1964,0.06782316416502
mli,1965,0.0699570849537849
mli,1966,0.0709544867277145
mli,1967,0.0719922035932541
mli,1968,0.0719466581940651
mli,1969,0.071088932454586
mli,1970,0.070069432258606
mli,1971,0.068522185087204
mli,1972,0.0681033805012703
mli,1973,0.0686225444078445
mli,1974,0.068840317428112
mli,1975,0.0693989992141724
mli,1976,0.0697071701288223
mli,1977,0.0697711780667305
mli,1978,0.0698366090655327
mli,1979,0.0702143684029579
mli,1980,0.0700872540473938
mli,1981,0.0686431750655174
mli,1982,0.0676106512546539
mli,1983,0.0659939125180244
mli,1984,0.0631749704480171
mli,1985,0.0602808482944965
mli,1986,0.0574769675731659
mli,1987,0.0552335754036903
mli,1988,0.0534338429570198
mli,1989,0.0523655638098717
mli,1990,0.0529291853308678
mli,1991,0.0539423190057278
mli,1992,0.053883507847786
mli,1993,0.0529705993831158
mli,1994,0.0518944151699543
mli,1995,0.0522364228963852
mli,1996,0.0561113469302654
mli,1997,0.0611998736858368
mli,1998,0.0647095888853073
mli,1999,0.0672228336334229
mli,2000,0.0689811632037163
mli,2001,0.0705563277006149
mli,2002,0.0722967758774757
mli,2003,0.0743332356214523
mli,2004,0.0777444094419479
mli,2005,0.0809938386082649
mli,2006,0.0829466879367828
mli,2007,0.0836008340120316
mli,2008,0.0830680131912231
mli,2009,0.0822122022509575
mli,2010,0.080751396715641
mli,2011,0.076417863368988
mli,2012,0.0708309039473534
mli,2013,0.0662725940346718
mli,2014,0.0625284463167191
mli,2015,0.0595121085643768
mli,2016,0.057127445936203
mli,2017,0.0551422126591206
mli,2018,0.0534223467111588
mli,2019,0.0522737540304661
mli,2020,0.0509589947760105
mli,2021,0.049785178154707
mli,2022,0.0490380674600601
mli,2023,0.0482467040419579
mlt,1954,0.0524938479065895
mlt,1955,0.054943174123764
mlt,1956,0.0563502162694931
mlt,1957,0.0581041723489761
mlt,1958,0.061508271843195
mlt,1959,0.063941054046154
mlt,1960,0.0648907572031021
mlt,1961,0.0656148642301559
mlt,1962,0.0658901482820511
mlt,1963,0.0659247562289238
mlt,1964,0.0679804161190987
mlt,1965,0.0721316933631897
mlt,1966,0.0750944465398789
mlt,1967,0.075877383351326
mlt,1968,0.076162114739418
mlt,1969,0.0770752802491188
mlt,1970,0.0760414525866509
mlt,1971,0.0724147632718086
mlt,1972,0.0682105720043182
mlt,1973,0.065133661031723
mlt,1974,0.0641163140535355
mlt,1975,0.0639646276831627
mlt,1976,0.0643855109810829
mlt,1977,0.0643085092306137
mlt,1978,0.0626168847084045
mlt,1979,0.0612280778586865
mlt,1980,0.0612257979810238
mlt,1981,0.0613576658070087
mlt,1982,0.0610298402607441
mlt,1983,0.0614565350115299
mlt,1984,0.0619415789842606
mlt,1985,0.0622666962444782
mlt,1986,0.0622742064297199
mlt,1987,0.0627509951591492
mlt,1988,0.064350999891758
mlt,1989,0.0654241666197777
mlt,1990,0.0665830671787262
mlt,1991,0.0676862373948097
mlt,1992,0.0681076198816299
mlt,1993,0.0687858909368515
mlt,1994,0.0695160552859306
mlt,1995,0.0698904097080231
mlt,1996,0.0696601644158363
mlt,1997,0.0691623911261559
mlt,1998,0.0696699321269989
mlt,1999,0.0718608349561691
mlt,2000,0.0738319456577301
mlt,2001,0.0736752226948738
mlt,2002,0.0717175006866455
mlt,2003,0.0696944668889046
mlt,2004,0.0683319643139839
mlt,2005,0.0671776533126831
mlt,2006,0.0660653337836266
mlt,2007,0.0651460215449333
mlt,2008,0.0646417587995529
mlt,2009,0.0642702430486679
mlt,2010,0.0645662173628807
mlt,2011,0.064606212079525
mlt,2012,0.0639151409268379
mlt,2013,0.0631178095936775
mlt,2014,0.0624303333461285
mlt,2015,0.0632948726415634
mlt,2016,0.0654140710830689
mlt,2017,0.0658646896481514
mlt,2018,0.0646540969610214
mlt,2019,0.0636107996106148
mlt,2020,0.0626209154725075
mlt,2021,0.0631799101829529
mlt,2022,0.0653857663273811
mlt,2023,0.0656169205904007
mmr,1962,0.0435632206499577
mmr,1963,0.0483366250991821
mmr,1964,0.0529588013887405
mmr,1965,0.0564985759556294
mmr,1966,0.0561635680496693
mmr,1967,0.0550444386899471
mmr,1968,0.0561927855014801
mmr,1969,0.0580497905611992
mmr,1970,0.0592849440872669
mmr,1971,0.0600992068648338
mmr,1972,0.0608513802289963
mmr,1973,0.0607106499373913
mmr,1974,0.0602840632200241
mmr,1975,0.0602563098073006
mmr,1976,0.0608407333493233
mmr,1977,0.0628675520420075
mmr,1978,0.0659292116761208
mmr,1979,0.0690635293722153
mmr,1980,0.0712939277291298
mmr,1981,0.0730433911085129
mmr,1982,0.0749239698052406
mmr,1983,0.0761285647749901
mmr,1984,0.0765349119901657
mmr,1985,0.0767405182123184
mmr,1986,0.0773674175143242
mmr,1987,0.078286699950695
mmr,1988,0.0787231773138046
mmr,1989,0.0790361985564232
mmr,1990,0.07972851395607
mmr,1991,0.0802329331636429
mmr,1992,0.0797197371721268
mmr,1993,0.0794937312602997
mmr,1994,0.0802303999662399
mmr,1995,0.0810461565852165
mmr,1996,0.0819343104958534
mmr,1997,0.0826688408851624
mmr,1998,0.0838839039206505
mmr,1999,0.0856374800205231
mmr,2000,0.0873563960194588
mmr,2001,0.0898438915610313
mmr,2002,0.0894675478339195
mmr,2003,0.0863882005214691
mmr,2004,0.0834236219525337
mmr,2005,0.0804338082671166
mmr,2006,0.0775117501616478
mmr,2007,0.0759842842817307
mmr,2008,0.0750660672783852
mmr,2009,0.0734102725982666
mmr,2010,0.0715733617544174
mmr,2011,0.0725038573145866
mmr,2012,0.0745498463511467
mmr,2013,0.0752889662981033
mmr,2014,0.0752721577882767
mmr,2015,0.074900783598423
mmr,2016,0.0741909146308899
mmr,2017,0.0732524245977402
mmr,2018,0.071688175201416
mmr,2019,0.0695008337497711
mmr,2020,0.0673802718520165
mmr,2021,0.0656230673193932
mmr,2022,0.0641514137387276
mmr,2023,0.0629779770970345
mne,1990,0.040449570864439
mne,1991,0.0398872010409832
mne,1992,0.0391259528696537
mne,1993,0.03806396946311
mne,1994,0.0369178615510464
mne,1995,0.0360047817230225
mne,1996,0.0354530923068523
mne,1997,0.0351663455367088
mne,1998,0.0350157022476196
mne,1999,0.0349096022546291
mne,2000,0.0347336493432522
mne,2001,0.0348058082163334
mne,2002,0.0350810624659061
mne,2003,0.0351372361183167
mne,2004,0.0351669862866402
mne,2005,0.0354700013995171
mne,2006,0.0364791192114353
mne,2007,0.0384323410689831
mne,2008,0.040753148496151
mne,2009,0.0413787141442299
mne,2010,0.0406959354877472
mne,2011,0.0400682277977467
mne,2012,0.0395476333796978
mne,2013,0.0393483899533749
mne,2014,0.0390462689101696
mne,2015,0.0388783179223537
mne,2016,0.0393602140247822
mne,2017,0.0400938987731934
mne,2018,0.0409107394516468
mne,2019,0.0415015928447247
mne,2020,0.0415641814470291
mne,2021,0.0414110943675041
mne,2022,0.041617788374424
mne,2023,0.0422749407589436
mng,1970,0.0400016307830811
mng,1971,0.0388122349977493
mng,1972,0.0378718860447407
mng,1973,0.0371427983045578
mng,1974,0.0365747846662998
mng,1975,0.0361201725900173
mng,1976,0.0357589162886143
mng,1977,0.0354600548744202
mng,1978,0.0352412201464176
mng,1979,0.03509571403265
mng,1980,0.0349031053483486
mng,1981,0.0348039455711842
mng,1982,0.0348759591579437
mng,1983,0.0348287746310234
mng,1984,0.0346801839768887
mng,1985,0.0345469824969769
mng,1986,0.0345026887953281
mng,1987,0.0344689674675465
mng,1988,0.0343735441565514
mng,1989,0.0343688391149044
mng,1990,0.0339119657874107
mng,1991,0.0333830639719963
mng,1992,0.0331869013607502
mng,1993,0.0329207926988602
mng,1994,0.0326851345598698
mng,1995,0.0322764255106449
mng,1996,0.031905185431242
mng,1997,0.031790018081665
mng,1998,0.0319511145353317
mng,1999,0.032366756349802
mng,2000,0.033298559486866
mng,2001,0.0344060696661472
mng,2002,0.0351133346557617
mng,2003,0.0357337966561317
mng,2004,0.0367554053664207
mng,2005,0.0381584353744984
mng,2006,0.0402429662644863
mng,2007,0.0430901609361172
mng,2008,0.0455957278609276
mng,2009,0.0476282797753811
mng,2010,0.0494225472211838
mng,2011,0.051633283495903
mng,2012,0.0540296100080013
mng,2013,0.0552759170532227
mng,2014,0.0551278442144394
mng,2015,0.0537684112787247
mng,2016,0.0519326403737068
mng,2017,0.0503804348409176
mng,2018,0.049762349575758
mng,2019,0.0497802086174488
mng,2020,0.0488719046115875
mng,2021,0.0481936596333981
mng,2022,0.0488141886889935
mng,2023,0.0493114031851292
moz,1960,0.0410815663635731
moz,1961,0.0417737327516079
moz,1962,0.0423044748604298
moz,1963,0.042764063924551
moz,1964,0.0432866998016834
moz,1965,0.0440002009272575
moz,1966,0.0451088175177574
moz,1967,0.0462498143315315
moz,1968,0.0474201664328575
moz,1969,0.0489177145063877
moz,1970,0.0507710166275501
moz,1971,0.0527400188148022
moz,1972,0.0544415898621082
moz,1973,0.0559168495237827
moz,1974,0.0572523176670074
moz,1975,0.0583891570568085
moz,1976,0.0593651831150055
moz,1977,0.0601604022085667
moz,1978,0.060722790658474
moz,1979,0.0611989013850689
moz,1980,0.061631117016077
moz,1981,0.0619768351316452
moz,1982,0.0622376427054405
moz,1983,0.0611584484577179
moz,1984,0.0592977106571198
moz,1985,0.0578272268176079
moz,1986,0.0569857098162174
moz,1987,0.0553342998027802
moz,1988,0.0525455512106419
moz,1989,0.0505180358886719
moz,1990,0.0497112758457661
moz,1991,0.050681933760643
moz,1992,0.0514739453792572
moz,1993,0.0515108443796635
moz,1994,0.050857599824667
moz,1995,0.0498121492564678
moz,1996,0.0485298298299313
moz,1997,0.0467378124594688
moz,1998,0.0444285199046135
moz,1999,0.041985847055912
moz,2000,0.0409424193203449
moz,2001,0.0403377339243889
moz,2002,0.0409184955060482
moz,2003,0.0425278469920158
moz,2004,0.0434397421777248
moz,2005,0.0441947281360626
moz,2006,0.0451033115386963
moz,2007,0.0456233024597168
moz,2008,0.0457872338593006
moz,2009,0.0455265752971172
moz,2010,0.0457621440291405
moz,2011,0.0467853993177414
moz,2012,0.0486514903604984
moz,2013,0.0508267544209957
moz,2014,0.0521182008087635
moz,2015,0.0524407811462879
moz,2016,0.052303459495306
moz,2017,0.051357876509428
moz,2018,0.0508049167692661
moz,2019,0.0507918000221252
moz,2020,0.0504401698708534
moz,2021,0.0499474033713341
moz,2022,0.0502749942243099
moz,2023,0.0500254556536675
mrt,1960,0.0409586727619171
mrt,1961,0.0423226170241833
mrt,1962,0.0447400659322739
mrt,1963,0.0452565178275108
mrt,1964,0.0433794930577278
mrt,1965,0.0410921797156334
mrt,1966,0.0390848591923714
mrt,1967,0.0377594493329525
mrt,1968,0.0374026000499725
mrt,1969,0.037289023399353
mrt,1970,0.0369604304432869
mrt,1971,0.0366808623075485
mrt,1972,0.0379973836243153
mrt,1973,0.0399995148181915
mrt,1974,0.0413400717079639
mrt,1975,0.0420999899506569
mrt,1976,0.0424533002078533
mrt,1977,0.0424143262207508
mrt,1978,0.0415673032402992
mrt,1979,0.0402734577655792
mrt,1980,0.0390526615083218
mrt,1981,0.03815932944417
mrt,1982,0.0376127064228058
mrt,1983,0.0371988639235497
mrt,1984,0.0368163026869297
mrt,1985,0.0364776104688644
mrt,1986,0.0360311083495617
mrt,1987,0.035460714250803
mrt,1988,0.0348256453871727
mrt,1989,0.0341498516499996
mrt,1990,0.0335029885172844
mrt,1991,0.0329376459121704
mrt,1992,0.0325619168579578
mrt,1993,0.0323258526623249
mrt,1994,0.0321018546819687
mrt,1995,0.0323318280279636
mrt,1996,0.0327094346284866
mrt,1997,0.0324192903935909
mrt,1998,0.0319705605506897
mrt,1999,0.0318372584879398
mrt,2000,0.0324746668338776
mrt,2001,0.0338336676359177
mrt,2002,0.0352103747427464
mrt,2003,0.0365561619400978
mrt,2004,0.0382395274937153
mrt,2005,0.0398837625980377
mrt,2006,0.040600523352623
mrt,2007,0.0410877354443073
mrt,2008,0.041686836630106
mrt,2009,0.0419036187231541
mrt,2010,0.0426635965704918
mrt,2011,0.0439512021839619
mrt,2012,0.0452995486557484
mrt,2013,0.0467961952090263
mrt,2014,0.0478642098605633
mrt,2015,0.0483208075165749
mrt,2016,0.0483913570642471
mrt,2017,0.0484598018229008
mrt,2018,0.0484883263707161
mrt,2019,0.048352587968111
mrt,2020,0.0478606708347797
mrt,2021,0.0472493357956409
mrt,2022,0.0472052581608295
mrt,2023,0.0471212118864059
msr,1970,0.0394626073539257
msr,1971,0.0372355878353119
msr,1972,0.035365492105484
msr,1973,0.0338163524866104
msr,1974,0.0325396619737148
msr,1975,0.0314287729561329
msr,1976,0.0308368541300297
msr,1977,0.0305467545986176
msr,1978,0.030224870890379
msr,1979,0.0299970135092735
msr,1980,0.0298355780541897
msr,1981,0.0297918803989887
msr,1982,0.0296760071069002
msr,1983,0.0294663682579994
msr,1984,0.0293070841580629
msr,1985,0.0292320176959038
msr,1986,0.0292215384542942
msr,1987,0.029218714684248
msr,1988,0.0290950704365969
msr,1989,0.0288814455270767
msr,1990,0.0286892596632242
msr,1991,0.0284347422420979
msr,1992,0.0280968509614468
msr,1993,0.0277547165751457
msr,1994,0.0275361742824316
msr,1995,0.0274429675191641
msr,1996,0.0272169020026922
msr,1997,0.0269134975969791
msr,1998,0.0265181716531515
msr,1999,0.0265774615108967
msr,2000,0.0269316751509905
msr,2001,0.0269287284463644
msr,2002,0.0268771536648273
msr,2003,0.0269049350172281
msr,2004,0.026803832501173
msr,2005,0.0265332367271185
msr,2006,0.0262871086597443
msr,2007,0.026057094335556
msr,2008,0.0258496962487698
msr,2009,0.0255934521555901
msr,2010,0.0253276005387306
msr,2011,0.0251239500939846
msr,2012,0.0249372273683548
msr,2013,0.0248094163835049
msr,2014,0.0247519221156836
msr,2015,0.0245870389044285
msr,2016,0.0244502518326044
msr,2017,0.0243456065654755
msr,2018,0.0241416152566671
msr,2019,0.0240133497864008
msr,2020,0.0240107253193855
msr,2021,0.0241011027246714
msr,2022,0.0243019200861454
msr,2023,0.0245684403926134
mus,1950,0.0476581901311874
mus,1951,0.0488331168889999
mus,1952,0.0494742169976234
mus,1953,0.0501016639173031
mus,1954,0.0505329333245754
mus,1955,0.050639420747757
mus,1956,0.0505932793021202
mus,1957,0.0503508374094963
mus,1958,0.0510596595704556
mus,1959,0.0520365871489048
mus,1960,0.0535055212676525
mus,1961,0.0543005838990212
mus,1962,0.0532036423683167
mus,1963,0.0519927926361561
mus,1964,0.0511033423244953
mus,1965,0.0503373667597771
mus,1966,0.0494235567748547
mus,1967,0.0482661910355091
mus,1968,0.0472272336483002
mus,1969,0.0466008186340332
mus,1970,0.0456825457513332
mus,1971,0.0444418340921402
mus,1972,0.0437025725841522
mus,1973,0.044337697327137
mus,1974,0.0451385043561459
mus,1975,0.0458631813526154
mus,1976,0.0472472421824932
mus,1977,0.0479793474078178
mus,1978,0.047661691904068
mus,1979,0.0468586795032024
mus,1980,0.0460123978555203
mus,1981,0.0449884980916977
mus,1982,0.0434616953134537
mus,1983,0.0418133921921253
mus,1984,0.040795024484396
mus,1985,0.0402741692960262
mus,1986,0.0403206087648869
mus,1987,0.0414330027997494
mus,1988,0.0443225502967835
mus,1989,0.0465876534581184
mus,1990,0.047973245382309
mus,1991,0.0489481799304485
mus,1992,0.0488345175981522
mus,1993,0.0485347583889961
mus,1994,0.0484958551824093
mus,1995,0.047978051006794
mus,1996,0.0472453720867634
mus,1997,0.0476787202060223
mus,1998,0.0481352396309376
mus,1999,0.0485912598669529
mus,2000,0.0487345606088638
mus,2001,0.0481704548001289
mus,2002,0.0475576035678387
mus,2003,0.0469208918511868
mus,2004,0.0464093163609505
mus,2005,0.0459744520485401
mus,2006,0.0460989400744438
mus,2007,0.0463871620595455
mus,2008,0.0459289290010929
mus,2009,0.0452041327953339
mus,2010,0.0443216748535633
mus,2011,0.0433443300426006
mus,2012,0.0426302328705788
mus,2013,0.0421686060726643
mus,2014,0.0418526716530323
mus,2015,0.0413769520819187
mus,2016,0.0409072302281857
mus,2017,0.0405524633824825
mus,2018,0.0403057523071766
mus,2019,0.0402745828032494
mus,2020,0.0401214249432087
mus,2021,0.0397818349301815
mus,2022,0.0395807735621929
mus,2023,0.039655264467001
mwi,1954,0.0325198993086815
mwi,1955,0.0336116589605808
mwi,1956,0.035006444901228
mwi,1957,0.0365380756556988
mwi,1958,0.0379630848765373
mwi,1959,0.0381461679935455
mwi,1960,0.0382740423083305
mwi,1961,0.0395490452647209
mwi,1962,0.0401739329099655
mwi,1963,0.039980310946703
mwi,1964,0.0396607629954815
mwi,1965,0.0402658060193062
mwi,1966,0.0425750315189362
mwi,1967,0.0444405935704708
mwi,1968,0.045920193195343
mwi,1969,0.0479965023696423
mwi,1970,0.0514145232737064
mwi,1971,0.0546889118850231
mwi,1972,0.0570227205753326
mwi,1973,0.0602197572588921
mwi,1974,0.0627270340919495
mwi,1975,0.0651213154196739
mwi,1976,0.0660431012511253
mwi,1977,0.0641680434346199
mwi,1978,0.0618372447788715
mwi,1979,0.0603130385279655
mwi,1980,0.0578771717846394
mwi,1981,0.0546539798378944
mwi,1982,0.0519845299422741
mwi,1983,0.0502653010189533
mwi,1984,0.0495589040219784
mwi,1985,0.0494805201888084
mwi,1986,0.04924076795578
mwi,1987,0.0485272258520126
mwi,1988,0.048124510794878
mwi,1989,0.0483695976436138
mwi,1990,0.0486269779503346
mwi,1991,0.0493398793041706
mwi,1992,0.0501404404640198
mwi,1993,0.0502310879528523
mwi,1994,0.0503167025744915
mwi,1995,0.0505224540829659
mwi,1996,0.0504060089588165
mwi,1997,0.0501974150538445
mwi,1998,0.0501285716891289
mwi,1999,0.0502078235149384
mwi,2000,0.0504749529063702
mwi,2001,0.0505251884460449
mwi,2002,0.0501626282930374
mwi,2003,0.0499914325773716
mwi,2004,0.0507901199162006
mwi,2005,0.0526512823998928
mwi,2006,0.0556572414934635
mwi,2007,0.059005182236433
mwi,2008,0.0630402714014053
mwi,2009,0.0656580477952957
mwi,2010,0.0663576945662499
mwi,2011,0.066828578710556
mwi,2012,0.0670166239142418
mwi,2013,0.0674393624067307
mwi,2014,0.0681836754083633
mwi,2015,0.0690883621573448
mwi,2016,0.0700773894786835
mwi,2017,0.071173757314682
mwi,2018,0.0724849998950958
mwi,2019,0.0740748047828674
mwi,2020,0.0735599994659424
mwi,2021,0.0715882107615471
mwi,2022,0.0718058869242668
mwi,2023,0.0736149549484253
mys,1955,0.0347308591008186
mys,1956,0.0335587412118912
mys,1957,0.0325432829558849
mys,1958,0.0316055454313755
mys,1959,0.03083754517138
mys,1960,0.0303682684898376
mys,1961,0.0300759691745043
mys,1962,0.0300447233021259
mys,1963,0.0302701145410538
mys,1964,0.0304586756974459
mys,1965,0.0306343827396631
mys,1966,0.0308343097567558
mys,1967,0.0310731045901775
mys,1968,0.0313021056354046
mys,1969,0.0312905684113503
mys,1970,0.031553078442812
mys,1971,0.0326345451176167
mys,1972,0.0338979437947273
mys,1973,0.0352360680699348
mys,1974,0.0367611907422543
mys,1975,0.0375657975673676
mys,1976,0.0376406461000443
mys,1977,0.0377333499491215
mys,1978,0.0380524359643459
mys,1979,0.0385909005999565
mys,1980,0.039435837417841
mys,1981,0.0406029708683491
mys,1982,0.0417571738362312
mys,1983,0.0421831607818604
mys,1984,0.0424398481845856
mys,1985,0.0426718555390835
mys,1986,0.0422845371067524
mys,1987,0.0417506620287895
mys,1988,0.0417576469480991
mys,1989,0.0427873395383358
mys,1990,0.0446721278131008
mys,1991,0.0469795204699039
mys,1992,0.0489520728588104
mys,1993,0.0504319034516811
mys,1994,0.0520789474248886
mys,1995,0.0539384596049786
mys,1996,0.0552812665700913
mys,1997,0.0559794344007969
mys,1998,0.0559122934937477
mys,1999,0.0544161237776279
mys,2000,0.0525485537946224
mys,2001,0.0512358993291855
mys,2002,0.0503835454583168
mys,2003,0.0497462972998619
mys,2004,0.0492640994489193
mys,2005,0.0494466871023178
mys,2006,0.0500390790402889
mys,2007,0.0507422313094139
mys,2008,0.0512221977114677
mys,2009,0.0513017438352108
mys,2010,0.0515104159712791
mys,2011,0.0519297383725643
mys,2012,0.0524290837347508
mys,2013,0.0529674552381039
mys,2014,0.0531952269375324
mys,2015,0.0530077256262302
mys,2016,0.0526005774736404
mys,2017,0.0522440709173679
mys,2018,0.0519649870693684
mys,2019,0.0516009368002415
mys,2020,0.0520205348730087
mys,2021,0.0532811731100082
mys,2022,0.054694626480341
mys,2023,0.056249100714922
nam,1960,0.0327604934573174
nam,1961,0.0343176536262035
nam,1962,0.0354749858379364
nam,1963,0.036381408572197
nam,1964,0.0370205007493496
nam,1965,0.0375668294727802
nam,1966,0.0382761619985104
nam,1967,0.0391749516129494
nam,1968,0.0401374995708466
nam,1969,0.0409936346113682
nam,1970,0.041927844285965
nam,1971,0.0428108349442482
nam,1972,0.0433284938335419
nam,1973,0.0435802191495895
nam,1974,0.0437265448272228
nam,1975,0.0437805615365505
nam,1976,0.0436783991754055
nam,1977,0.043488834053278
nam,1978,0.04326082020998
nam,1979,0.0429386161267757
nam,1980,0.0428243800997734
nam,1981,0.0427075438201427
nam,1982,0.0420903377234936
nam,1983,0.0412038713693619
nam,1984,0.0402354337275028
nam,1985,0.039130724966526
nam,1986,0.0379783771932125
nam,1987,0.037338349968195
nam,1988,0.0372902415692806
nam,1989,0.0374024622142315
nam,1990,0.038278192281723
nam,1991,0.0390182919800282
nam,1992,0.0393126830458641
nam,1993,0.0396906584501267
nam,1994,0.0401053093373776
nam,1995,0.0409241952002049
nam,1996,0.0419624000787735
nam,1997,0.0427283756434917
nam,1998,0.0435814037919045
nam,1999,0.0448773726820946
nam,2000,0.0456351786851883
nam,2001,0.0463215485215187
nam,2002,0.0482914075255394
nam,2003,0.0505089797079563
nam,2004,0.0518098771572113
nam,2005,0.0527537763118744
nam,2006,0.0538946613669395
nam,2007,0.054645448923111
nam,2008,0.055216021835804
nam,2009,0.0566933825612068
nam,2010,0.0586316622793675
nam,2011,0.0593034215271473
nam,2012,0.0608086138963699
nam,2013,0.0632298439741135
nam,2014,0.063816174864769
nam,2015,0.0622566193342209
nam,2016,0.0598158873617649
nam,2017,0.057840671390295
nam,2018,0.0562425181269646
nam,2019,0.0547673180699348
nam,2020,0.0530353970825672
nam,2021,0.0519038364291191
nam,2022,0.0521956793963909
nam,2023,0.0551306083798409
ner,1960,0.0399842411279678
ner,1961,0.0386541225016117
ner,1962,0.0377952605485916
ner,1963,0.0374180376529694
ner,1964,0.0371750108897686
ner,1965,0.0369422808289528
ner,1966,0.0366316176950932
ner,1967,0.0363890714943409
ner,1968,0.0363727807998657
ner,1969,0.0360767431557179
ner,1970,0.0358256548643112
ner,1971,0.0357506610453129
ner,1972,0.0356079861521721
ner,1973,0.0352691560983658
ner,1974,0.0341938845813274
ner,1975,0.0331423282623291
ner,1976,0.0326683595776558
ner,1977,0.0326044410467148
ner,1978,0.0326644107699394
ner,1979,0.0327740572392941
ner,1980,0.0331514552235603
ner,1981,0.0332783050835133
ner,1982,0.0328528173267841
ner,1983,0.0323236733675003
ner,1984,0.0319582335650921
ner,1985,0.0315037220716476
ner,1986,0.0308137685060501
ner,1987,0.0300015285611153
ner,1988,0.0291794277727604
ner,1989,0.028457609936595
ner,1990,0.027756555005908
ner,1991,0.0270236525684595
ner,1992,0.0262871254235506
ner,1993,0.0256469044834375
ner,1994,0.0252725034952164
ner,1995,0.025153998285532
ner,1996,0.0249661412090063
ner,1997,0.0246561802923679
ner,1998,0.0244856532663107
ner,1999,0.0244998168200254
ner,2000,0.0245015267282724
ner,2001,0.0247822683304548
ner,2002,0.0253002531826496
ner,2003,0.0256804283708334
ner,2004,0.0262900535017252
ner,2005,0.0270177070051432
ner,2006,0.0279075186699629
ner,2007,0.0288719292730093
ner,2008,0.0301368534564972
ner,2009,0.0323886312544346
ner,2010,0.0352184362709522
ner,2011,0.0377236306667328
ner,2012,0.0394938550889492
ner,2013,0.040952879935503
ner,2014,0.0422208905220032
ner,2015,0.0429039634764195
ner,2016,0.0434903800487518
ner,2017,0.0440714173018932
ner,2018,0.0447113774716854
ner,2019,0.0457169897854328
ner,2020,0.0463856719434261
ner,2021,0.0465577244758606
ner,2022,0.0469814613461494
ner,2023,0.0471337735652924
nga,1950,0.0377653054893017
nga,1951,0.0353299826383591
nga,1952,0.0333673432469368
nga,1953,0.0318737365305424
nga,1954,0.030757712200284
nga,1955,0.0299362558871508
nga,1956,0.0293417554348707
nga,1957,0.0289122480899096
nga,1958,0.0285704899579287
nga,1959,0.0282962396740913
nga,1960,0.0281037651002407
nga,1961,0.0279752686619759
nga,1962,0.0278806071728468
nga,1963,0.0278056170791388
nga,1964,0.027806444093585
nga,1965,0.0279097929596901
nga,1966,0.0280078705400229
nga,1967,0.0280280597507954
nga,1968,0.0279642641544342
nga,1969,0.0278619173914194
nga,1970,0.0279120858758688
nga,1971,0.0280927661806345
nga,1972,0.0282360929995775
nga,1973,0.0283457301557064
nga,1974,0.0284289419651032
nga,1975,0.0286389663815498
nga,1976,0.0290459506213665
nga,1977,0.0294628757983446
nga,1978,0.0296922493726015
nga,1979,0.0296838711947203
nga,1980,0.0296538285911083
nga,1981,0.0298081561923027
nga,1982,0.0298957265913486
nga,1983,0.0297436136752367
nga,1984,0.0294981393963099
nga,1985,0.0292745418846607
nga,1986,0.029098954051733
nga,1987,0.0289724785834551
nga,1988,0.0289017390459776
nga,1989,0.0288280285894871
nga,1990,0.0288366228342056
nga,1991,0.0289749559015036
nga,1992,0.029220474883914
nga,1993,0.0295418482273817
nga,1994,0.0297299902886152
nga,1995,0.0297733303159475
nga,1996,0.0299305282533169
nga,1997,0.0302399974316359
nga,1998,0.0303411427885294
nga,1999,0.0300530903041363
nga,2000,0.0298264510929585
nga,2001,0.0299744643270969
nga,2002,0.0303686745464802
nga,2003,0.0311599187552929
nga,2004,0.0317649021744728
nga,2005,0.0316709764301777
nga,2006,0.0317426137626171
nga,2007,0.0318795740604401
nga,2008,0.0316766873002052
nga,2009,0.0317196734249592
nga,2010,0.0321429744362831
nga,2011,0.0322628803551197
nga,2012,0.0318581461906433
nga,2013,0.0312613286077976
nga,2014,0.0306955426931381
nga,2015,0.0301179997622967
nga,2016,0.0294856894761324
nga,2017,0.028854014351964
nga,2018,0.0284305643290281
nga,2019,0.0284005459398031
nga,2020,0.0284532234072685
nga,2021,0.0283991806209087
nga,2022,0.0282779484987259
nga,2023,0.0281985551118851
nic,1950,0.039544653147459
nic,1951,0.0374999046325684
nic,1952,0.0359225086867809
nic,1953,0.0347239077091217
nic,1954,0.0338353887200356
nic,1955,0.0331521779298782
nic,1956,0.0325264483690262
nic,1957,0.0319442972540855
nic,1958,0.031416080892086
nic,1959,0.0309633668512106
nic,1960,0.0305553916841745
nic,1961,0.0301905311644077
nic,1962,0.0298933275043964
nic,1963,0.0296502504497767
nic,1964,0.0295679066330194
nic,1965,0.0298992302268744
nic,1966,0.0308402385562658
nic,1967,0.0325273312628269
nic,1968,0.0343974605202675
nic,1969,0.0359418727457523
nic,1970,0.0371783152222633
nic,1971,0.0381311550736427
nic,1972,0.0386769808828831
nic,1973,0.0389963537454605
nic,1974,0.0389724858105183
nic,1975,0.038713239133358
nic,1976,0.0385872796177864
nic,1977,0.0388512127101421
nic,1978,0.0392609015107155
nic,1979,0.0389206632971764
nic,1980,0.0383436270058155
nic,1981,0.0384454689919949
nic,1982,0.0386447533965111
nic,1983,0.0384747423231602
nic,1984,0.0381413176655769
nic,1985,0.0376423858106136
nic,1986,0.0374309457838535
nic,1987,0.0375713184475899
nic,1988,0.0373809710144997
nic,1989,0.0369232967495918
nic,1990,0.0363847576081753
nic,1991,0.0358992293477058
nic,1992,0.035626046359539
nic,1993,0.0354109369218349
nic,1994,0.0351345427334309
nic,1995,0.0348184332251549
nic,1996,0.0345728099346161
nic,1997,0.0346037298440933
nic,1998,0.0347455926239491
nic,1999,0.0346999317407608
nic,2000,0.0345722064375877
nic,2001,0.0344185270369053
nic,2002,0.034345805644989
nic,2003,0.0344187021255493
nic,2004,0.0344719104468823
nic,2005,0.0345394089818001
nic,2006,0.0346966832876205
nic,2007,0.0350474938750267
nic,2008,0.035398468375206
nic,2009,0.0355019755661488
nic,2010,0.0357224829494953
nic,2011,0.0362860001623631
nic,2012,0.0371210016310215
nic,2013,0.038022343069315
nic,2014,0.0387884303927422
nic,2015,0.0396129079163075
nic,2016,0.0404197461903095
nic,2017,0.0410322770476341
nic,2018,0.0412055104970932
nic,2019,0.0409593768417835
nic,2020,0.040720134973526
nic,2021,0.0408916808664799
nic,2022,0.0413826070725918
nic,2023,0.0418104529380798
nld,1950,0.0295416284352541
nld,1951,0.0302537977695465
nld,1952,0.0306276977062225
nld,1953,0.0309382528066635
nld,1954,0.0314244367182255
nld,1955,0.032027080655098
nld,1956,0.0326696075499058
nld,1957,0.0332136936485767
nld,1958,0.0334317050874233
nld,1959,0.0334766730666161
nld,1960,0.0336401052772999
nld,1961,0.0338277369737625
nld,1962,0.0338965617120266
nld,1963,0.0338807962834835
nld,1964,0.0339165218174458
nld,1965,0.0340470932424068
nld,1966,0.0341933481395245
nld,1967,0.0343185551464558
nld,1968,0.0344569198787212
nld,1969,0.0344989895820618
nld,1970,0.0344762690365315
nld,1971,0.0344708673655987
nld,1972,0.0343374274671078
nld,1973,0.0341778285801411
nld,1974,0.0340637564659119
nld,1975,0.033907562494278
nld,1976,0.0337192192673683
nld,1977,0.0336086340248585
nld,1978,0.0336168259382248
nld,1979,0.0336699262261391
nld,1980,0.033509224653244
nld,1981,0.0331110395491123
nld,1982,0.0327725857496262
nld,1983,0.0326067470014095
nld,1984,0.0325837060809135
nld,1985,0.0327158346772194
nld,1986,0.0329786725342274
nld,1987,0.0332415066659451
nld,1988,0.0336383394896984
nld,1989,0.0340767130255699
nld,1990,0.0344445668160915
nld,1991,0.0348259881138802
nld,1992,0.0351591967046261
nld,1993,0.0353426039218903
nld,1994,0.0353618189692497
nld,1995,0.0354839824140072
nld,1996,0.0357946865260601
nld,1997,0.0362070798873901
nld,1998,0.0367350317537785
nld,1999,0.0373991839587688
nld,2000,0.0379996038973331
nld,2001,0.0383566021919251
nld,2002,0.0384754575788975
nld,2003,0.0384814478456974
nld,2004,0.0385149121284485
nld,2005,0.0385461561381817
nld,2006,0.0386589989066124
nld,2007,0.0392163842916489
nld,2008,0.0397689677774906
nld,2009,0.0398121997714043
nld,2010,0.0397447422146797
nld,2011,0.0398591458797455
nld,2012,0.0400719046592712
nld,2013,0.0403322391211987
nld,2014,0.0405030660331249
nld,2015,0.0412910729646683
nld,2016,0.0421573668718338
nld,2017,0.0423242524266243
nld,2018,0.042436994612217
nld,2019,0.0426642782986164
nld,2020,0.0428828336298466
nld,2021,0.0430503264069557
nld,2022,0.0433685220777988
nld,2023,0.0437005795538425
nor,1950,0.0447634905576706
nor,1951,0.0485747791826725
nor,1952,0.0510536804795265
nor,1953,0.0528550632297993
nor,1954,0.0544826649129391
nor,1955,0.0562837533652782
nor,1956,0.0583792589604855
nor,1957,0.0600685141980648
nor,1958,0.0616017952561379
nor,1959,0.0626338198781014
nor,1960,0.0627013742923737
nor,1961,0.0628718659281731
nor,1962,0.0631883442401886
nor,1963,0.063390351831913
nor,1964,0.0636563897132874
nor,1965,0.0643800497055054
nor,1966,0.0655389949679375
nor,1967,0.0667998343706131
nor,1968,0.0672881975769997
nor,1969,0.0659490749239922
nor,1970,0.0647720694541931
nor,1971,0.0656245946884155
nor,1972,0.0655518099665642
nor,1973,0.0643374621868134
nor,1974,0.0630105137825012
nor,1975,0.0614145360887051
nor,1976,0.0605730786919594
nor,1977,0.059415515512228
nor,1978,0.0572005733847618
nor,1979,0.0548931881785393
nor,1980,0.0529525391757488
nor,1981,0.0517380498349667
nor,1982,0.0512982904911041
nor,1983,0.0505282767117024
nor,1984,0.0494082979857922
nor,1985,0.0481882020831108
nor,1986,0.046861108392477
nor,1987,0.0455970987677574
nor,1988,0.0446298457682133
nor,1989,0.044079601764679
nor,1990,0.0434889793395996
nor,1991,0.0428241565823555
nor,1992,0.0421855412423611
nor,1993,0.0415484681725502
nor,1994,0.041069258004427
nor,1995,0.0406667105853558
nor,1996,0.0403911806643009
nor,1997,0.0404510572552681
nor,1998,0.0407357662916184
nor,1999,0.0409007593989372
nor,2000,0.0408848486840725
nor,2001,0.0408207699656487
nor,2002,0.040679145604372
nor,2003,0.0404714085161686
nor,2004,0.0403171814978123
nor,2005,0.0403127372264862
nor,2006,0.0405926294624805
nor,2007,0.041160199791193
nor,2008,0.0418846718966961
nor,2009,0.0424705632030964
nor,2010,0.0427703894674778
nor,2011,0.0429342798888683
nor,2012,0.0429523885250092
nor,2013,0.0428924150764942
nor,2014,0.0427924320101738
nor,2015,0.0425571836531162
nor,2016,0.0424307398498058
nor,2017,0.0425362773239613
nor,2018,0.0427222512662411
nor,2019,0.0430562421679497
nor,2020,0.0431403964757919
nor,2021,0.0426230728626251
nor,2022,0.0417916886508465
nor,2023,0.0413177534937859
npl,1960,0.0394303984940052
npl,1961,0.037138145416975
npl,1962,0.0352345779538155
npl,1963,0.0336651057004929
npl,1964,0.0324808694422245
npl,1965,0.0316023677587509
npl,1966,0.0308449696749449
npl,1967,0.0301991235464811
npl,1968,0.0295882243663073
npl,1969,0.0290033165365458
npl,1970,0.0285509806126356
npl,1971,0.0285573247820139
npl,1972,0.0288336481899023
npl,1973,0.0291887782514095
npl,1974,0.0294979922473431
npl,1975,0.0309557765722275
npl,1976,0.0330496281385422
npl,1977,0.0342577137053013
npl,1978,0.0349277965724468
npl,1979,0.0352705866098404
npl,1980,0.0358659774065018
npl,1981,0.036354910582304
npl,1982,0.0359585583209991
npl,1983,0.0358960330486298
npl,1984,0.0367159433662891
npl,1985,0.0375034473836422
npl,1986,0.0379289872944355
npl,1987,0.0379877164959908
npl,1988,0.0379480607807636
npl,1989,0.0378832295536995
npl,1990,0.0372409857809544
npl,1991,0.0363735370337963
npl,1992,0.0357456915080547
npl,1993,0.0350877121090889
npl,1994,0.0342693775892258
npl,1995,0.0332783199846745
npl,1996,0.0322953201830387
npl,1997,0.0316086001694202
npl,1998,0.0313583090901375
npl,1999,0.0314688347280026
npl,2000,0.0312392022460699
npl,2001,0.0305887572467327
npl,2002,0.0301142930984497
npl,2003,0.0306785069406033
npl,2004,0.0320191793143749
npl,2005,0.0330325402319431
npl,2006,0.0338391959667206
npl,2007,0.0344417691230774
npl,2008,0.0346622131764889
npl,2009,0.0356539934873581
npl,2010,0.0376711003482342
npl,2011,0.0389318652451038
npl,2012,0.0392810516059399
npl,2013,0.0395523458719254
npl,2014,0.0398437343537807
npl,2015,0.0402401722967625
npl,2016,0.0406496971845627
npl,2017,0.0411568656563759
npl,2018,0.0417990237474442
npl,2019,0.0425270423293114
npl,2020,0.0427279695868492
npl,2021,0.0426795221865177
npl,2022,0.0429406017065048
npl,2023,0.0427685342729092
nzl,1950,0.0240390580147505
nzl,1951,0.0243499968200922
nzl,1952,0.024545393884182
nzl,1953,0.0246807336807251
nzl,1954,0.0249952524900436
nzl,1955,0.0253293924033642
nzl,1956,0.0255036782473326
nzl,1957,0.0256822910159826
nzl,1958,0.0258195828646421
nzl,1959,0.0259054228663445
nzl,1960,0.0259413812309504
nzl,1961,0.025964917615056
nzl,1962,0.0259718298912048
nzl,1963,0.0260049663484097
nzl,1964,0.026129050180316
nzl,1965,0.0263250973075628
nzl,1966,0.0265620052814484
nzl,1967,0.0266344454139471
nzl,1968,0.0264672785997391
nzl,1969,0.0263424497097731
nzl,1970,0.0263548512011766
nzl,1971,0.0264508780092001
nzl,1972,0.0267592947930098
nzl,1973,0.027132423594594
nzl,1974,0.0273275971412659
nzl,1975,0.0273938868194819
nzl,1976,0.0273766405880451
nzl,1977,0.0272013042122126
nzl,1978,0.0270186774432659
nzl,1979,0.0269034206867218
nzl,1980,0.0268016662448645
nzl,1981,0.0268264971673489
nzl,1982,0.0269299577921629
nzl,1983,0.0270497370511293
nzl,1984,0.0271944478154182
nzl,1985,0.0273683294653893
nzl,1986,0.0275205876678228
nzl,1987,0.0276036486029625
nzl,1988,0.0276253633201122
nzl,1989,0.0276839081197977
nzl,1990,0.0277670454233885
nzl,1991,0.0276933815330267
nzl,1992,0.0275685582309961
nzl,1993,0.0275999922305346
nzl,1994,0.0277998130768538
nzl,1995,0.0280970111489296
nzl,1996,0.028420502319932
nzl,1997,0.0286767594516277
nzl,1998,0.0288711674511433
nzl,1999,0.0291374698281288
nzl,2000,0.0293862074613571
nzl,2001,0.0296699162572622
nzl,2002,0.0301408115774393
nzl,2003,0.0306633524596691
nzl,2004,0.0312730334699154
nzl,2005,0.0319666117429733
nzl,2006,0.0325175039470196
nzl,2007,0.0329684764146805
nzl,2008,0.0333565473556519
nzl,2009,0.0334164462983608
nzl,2010,0.0333861708641052
nzl,2011,0.0336520224809647
nzl,2012,0.0340679548680782
nzl,2013,0.0344928652048111
nzl,2014,0.0350295267999172
nzl,2015,0.0356348343193531
nzl,2016,0.0360590778291225
nzl,2017,0.0364218652248383
nzl,2018,0.0369205065071583
nzl,2019,0.037402305752039
nzl,2020,0.0376625247299671
nzl,2021,0.0381065532565117
nzl,2022,0.0387854464352131
nzl,2023,0.0392140857875347
omn,1970,0.0428411550819874
omn,1971,0.0405394844710827
omn,1972,0.0390234664082527
omn,1973,0.0378074273467064
omn,1974,0.0372706688940525
omn,1975,0.0378168523311615
omn,1976,0.0389727614820004
omn,1977,0.0404681786894798
omn,1978,0.0421851128339767
omn,1979,0.0436988733708859
omn,1980,0.0448658503592014
omn,1981,0.0461608693003655
omn,1982,0.0475429967045784
omn,1983,0.0483101457357407
omn,1984,0.0486390553414822
omn,1985,0.0490608029067516
omn,1986,0.0494954437017441
omn,1987,0.0495295338332653
omn,1988,0.0493188798427582
omn,1989,0.0494303479790688
omn,1990,0.0499837882816792
omn,1991,0.0504590645432472
omn,1992,0.0504797995090485
omn,1993,0.0506439730525017
omn,1994,0.0510802827775478
omn,1995,0.0514377951622009
omn,1996,0.0517084412276745
omn,1997,0.0524772517383099
omn,1998,0.0541377998888493
omn,1999,0.0555966533720493
omn,2000,0.0562410168349743
omn,2001,0.0567796751856804
omn,2002,0.0576213672757149
omn,2003,0.0590541362762451
omn,2004,0.0610820762813091
omn,2005,0.0627183169126511
omn,2006,0.063387043774128
omn,2007,0.0641427934169769
omn,2008,0.0658118650317192
omn,2009,0.0660388469696045
omn,2010,0.0635483041405678
omn,2011,0.0606427192687988
omn,2012,0.0572951026260853
omn,2013,0.0543026849627495
omn,2014,0.052478164434433
omn,2015,0.0498768985271454
omn,2016,0.0472428873181343
omn,2017,0.0450593791902065
omn,2018,0.0425253435969353
omn,2019,0.0399835556745529
omn,2020,0.0379248037934303
omn,2021,0.0363990925252438
omn,2022,0.0351974405348301
omn,2023,0.0342592336237431
pak,1950,0.0406689867377281
pak,1951,0.0410031788051128
pak,1952,0.0419016256928444
pak,1953,0.0430857092142105
pak,1954,0.0442422889173031
pak,1955,0.0452398024499416
pak,1956,0.0459644757211208
pak,1957,0.0466603599488735
pak,1958,0.0474752336740494
pak,1959,0.0482916161417961
pak,1960,0.0498152561485767
pak,1961,0.0517130382359028
pak,1962,0.053497701883316
pak,1963,0.0557390153408051
pak,1964,0.0581416785717011
pak,1965,0.0607097111642361
pak,1966,0.0623277388513088
pak,1967,0.0627738311886787
pak,1968,0.0625904276967049
pak,1969,0.0619160085916519
pak,1970,0.0612858757376671
pak,1971,0.060674611479044
pak,1972,0.0601760968565941
pak,1973,0.0596772395074368
pak,1974,0.0593541823327541
pak,1975,0.059061836451292
pak,1976,0.0592791140079498
pak,1977,0.0604169555008411
pak,1978,0.0617031008005142
pak,1979,0.0629207044839859
pak,1980,0.0641493797302246
pak,1981,0.0653391629457474
pak,1982,0.0664000138640404
pak,1983,0.0675224810838699
pak,1984,0.0683497488498688
pak,1985,0.068883091211319
pak,1986,0.0695587992668152
pak,1987,0.0702827796339989
pak,1988,0.0710548982024193
pak,1989,0.0719704926013947
pak,1990,0.0728607475757599
pak,1991,0.0737883895635605
pak,1992,0.074943482875824
pak,1993,0.0761372819542885
pak,1994,0.0766244158148766
pak,1995,0.0773011147975922
pak,1996,0.0786773785948753
pak,1997,0.0796465799212456
pak,1998,0.0799928903579712
pak,1999,0.0799214765429497
pak,2000,0.0797994509339333
pak,2001,0.0795779526233673
pak,2002,0.0789485052227974
pak,2003,0.0779065191745758
pak,2004,0.0766904503107071
pak,2005,0.0755588859319687
pak,2006,0.0762345641851425
pak,2007,0.0766517966985703
pak,2008,0.0753190889954567
pak,2009,0.0738949850201607
pak,2010,0.0720188319683075
pak,2011,0.0712392702698708
pak,2012,0.071907751262188
pak,2013,0.0725772678852081
pak,2014,0.0732344463467598
pak,2015,0.0740571767091751
pak,2016,0.0750993713736534
pak,2017,0.0762197002768517
pak,2018,0.0772843360900879
pak,2019,0.0780157521367073
pak,2020,0.0782982409000397
pak,2021,0.0784383118152618
pak,2022,0.0786301344633102
pak,2023,0.0784424170851708
pan,1950,0.0404558852314949
pan,1951,0.0398202054202557
pan,1952,0.0390934087336063
pan,1953,0.0387739390134811
pan,1954,0.0385693609714508
pan,1955,0.0382832102477551
pan,1956,0.0382629446685314
pan,1957,0.038340225815773
pan,1958,0.0384313873946667
pan,1959,0.0386187732219696
pan,1960,0.0386825539171696
pan,1961,0.03876643627882
pan,1962,0.0390645638108254
pan,1963,0.0395054779946804
pan,1964,0.0397758968174458
pan,1965,0.0399415232241154
pan,1966,0.0406497605144978
pan,1967,0.0413986071944237
pan,1968,0.0418039821088314
pan,1969,0.0422289706766605
pan,1970,0.0436791144311428
pan,1971,0.0452731288969517
pan,1972,0.0462192520499229
pan,1973,0.0468874014914036
pan,1974,0.0469524450600147
pan,1975,0.0464956760406494
pan,1976,0.0458137951791287
pan,1977,0.0449843443930149
pan,1978,0.0442733801901341
pan,1979,0.0439230017364025
pan,1980,0.043868962675333
pan,1981,0.0441321581602097
pan,1982,0.0442917682230473
pan,1983,0.044044092297554
pan,1984,0.0437331534922123
pan,1985,0.0435595400631428
pan,1986,0.0435379445552826
pan,1987,0.0437946915626526
pan,1988,0.0435596592724323
pan,1989,0.0426807813346386
pan,1990,0.0422437340021133
pan,1991,0.0427337698638439
pan,1992,0.0439446158707142
pan,1993,0.0456697940826416
pan,1994,0.0474125295877457
pan,1995,0.04847751557827
pan,1996,0.0490949712693691
pan,1997,0.0498460307717323
pan,1998,0.0509277507662773
pan,1999,0.0517712458968163
pan,2000,0.0517203323543072
pan,2001,0.050916813313961
pan,2002,0.04994822666049
pan,2003,0.0490895584225655
pan,2004,0.0482901148498058
pan,2005,0.0478294640779495
pan,2006,0.0479533821344376
pan,2007,0.0484583675861359
pan,2008,0.0487157516181469
pan,2009,0.047923993319273
pan,2010,0.0476574935019016
pan,2011,0.0485135205090046
pan,2012,0.0474175438284874
pan,2013,0.0444997176527977
pan,2014,0.0416982285678387
pan,2015,0.0392571352422237
pan,2016,0.0377827361226082
pan,2017,0.0375493951141834
pan,2018,0.0375572852790356
pan,2019,0.0371817909181118
pan,2020,0.0361612774431706
pan,2021,0.0348137952387333
pan,2022,0.033868134021759
pan,2023,0.033658467233181
per,1950,0.0367465019226074
per,1951,0.042898278683424
per,1952,0.0485923811793327
per,1953,0.0528824999928474
per,1954,0.0552301667630672
per,1955,0.0562136396765709
per,1956,0.0579222030937672
per,1957,0.0604818463325501
per,1958,0.0619081594049931
per,1959,0.0621260367333889
per,1960,0.0626579374074936
per,1961,0.063604399561882
per,1962,0.0648042559623718
per,1963,0.0662907734513283
per,1964,0.0674051195383072
per,1965,0.0683010742068291
per,1966,0.0697904527187347
per,1967,0.071304589509964
per,1968,0.0713525116443634
per,1969,0.0703921988606453
per,1970,0.0696472823619843
per,1971,0.0693545565009117
per,1972,0.0689466521143913
per,1973,0.069821909070015
per,1974,0.0729617476463318
per,1975,0.0760349109768868
per,1976,0.0772750303149223
per,1977,0.0766488090157509
per,1978,0.0745873004198074
per,1979,0.0723874345421791
per,1980,0.072291299700737
per,1981,0.073445051908493
per,1982,0.0732852518558502
per,1983,0.0708058923482895
per,1984,0.0670415386557579
per,1985,0.0632838308811188
per,1986,0.0598118454217911
per,1987,0.0570168420672417
per,1988,0.0542765855789185
per,1989,0.0510976128280163
per,1990,0.0480562187731266
per,1991,0.0455189049243927
per,1992,0.0433610677719116
per,1993,0.0414986871182919
per,1994,0.0402068831026554
per,1995,0.0395908169448376
per,1996,0.0391334556043148
per,1997,0.0387667119503021
per,1998,0.0385345369577408
per,1999,0.038076002150774
per,2000,0.0374568179249764
per,2001,0.0367823876440525
per,2002,0.0359437949955463
per,2003,0.0351389274001122
per,2004,0.0346237197518349
per,2005,0.0344466120004654
per,2006,0.0346829257905483
per,2007,0.03550024330616
per,2008,0.0372102148830891
per,2009,0.0385717190802097
per,2010,0.0395215190947056
per,2011,0.0409217588603497
per,2012,0.042380191385746
per,2013,0.043476577848196
per,2014,0.0438980013132095
per,2015,0.0438335426151753
per,2016,0.0434715487062931
per,2017,0.0429333262145519
per,2018,0.0424220226705074
per,2019,0.0420266874134541
per,2020,0.0415250211954117
per,2021,0.0411817170679569
per,2022,0.041138581931591
per,2023,0.0409559160470963
phl,1950,0.0384237393736839
phl,1951,0.0387687496840954
phl,1952,0.0387684442102909
phl,1953,0.0391984581947327
phl,1954,0.0405041240155697
phl,1955,0.042278952896595
phl,1956,0.043629877269268
phl,1957,0.0446687452495098
phl,1958,0.0457033105194569
phl,1959,0.0468358770012856
phl,1960,0.0476318746805191
phl,1961,0.0479159317910671
phl,1962,0.048067532479763
phl,1963,0.0481967926025391
phl,1964,0.0484754741191864
phl,1965,0.0486526489257813
phl,1966,0.0487052612006664
phl,1967,0.0490762591362
phl,1968,0.0498463697731495
phl,1969,0.0505286678671837
phl,1970,0.0510946102440357
phl,1971,0.0520286709070206
phl,1972,0.0527740493416786
phl,1973,0.053011529147625
phl,1974,0.0537436380982399
phl,1975,0.0550144128501415
phl,1976,0.0555872023105621
phl,1977,0.0553098618984222
phl,1978,0.0551154315471649
phl,1979,0.0552383214235306
phl,1980,0.0554413758218288
phl,1981,0.055477999150753
phl,1982,0.0550994537770748
phl,1983,0.0546515248715878
phl,1984,0.0533786788582802
phl,1985,0.0510859973728657
phl,1986,0.0489444844424725
phl,1987,0.0472096279263496
phl,1988,0.0459587126970291
phl,1989,0.0454399064183235
phl,1990,0.0454548299312592
phl,1991,0.0455415323376656
phl,1992,0.045672569423914
phl,1993,0.0460128486156464
phl,1994,0.0464633926749229
phl,1995,0.0469005554914475
phl,1996,0.0472798831760883
phl,1997,0.0475914292037487
phl,1998,0.0473199225962162
phl,1999,0.046509362757206
phl,2000,0.0456325486302376
phl,2001,0.0447482652962208
phl,2002,0.0440052561461926
phl,2003,0.0435408651828766
phl,2004,0.0432892702519894
phl,2005,0.0432303734123707
phl,2006,0.0433097667992115
phl,2007,0.0434171110391617
phl,2008,0.0435211509466171
phl,2009,0.0435354486107826
phl,2010,0.0437284633517265
phl,2011,0.0440823026001453
phl,2012,0.0443370081484318
phl,2013,0.044611282646656
phl,2014,0.0448556691408157
phl,2015,0.0451046079397202
phl,2016,0.0458795987069607
phl,2017,0.0470628365874291
phl,2018,0.0480823628604412
phl,2019,0.0485024377703667
phl,2020,0.0480309426784515
phl,2021,0.0472779609262943
phl,2022,0.0467602163553238
phl,2023,0.0463772527873516
pol,1970,0.0349898710846901
pol,1971,0.0363703779876232
pol,1972,0.037361390888691
pol,1973,0.0380414985120297
pol,1974,0.0385345965623856
pol,1975,0.038943387567997
pol,1976,0.039282388985157
pol,1977,0.0395542904734612
pol,1978,0.0397651791572571
pol,1979,0.0397009178996086
pol,1980,0.0395305529236794
pol,1981,0.0393865630030632
pol,1982,0.0390600152313709
pol,1983,0.0386824570596218
pol,1984,0.0384145006537437
pol,1985,0.0382713451981545
pol,1986,0.0384954661130905
pol,1987,0.0391920879483223
pol,1988,0.040139477699995
pol,1989,0.0401225127279758
pol,1990,0.0391319766640663
pol,1991,0.0381348691880703
pol,1992,0.0373331978917122
pol,1993,0.0369495078921318
pol,1994,0.0369271039962769
pol,1995,0.0374938696622849
pol,1996,0.0386625342071056
pol,1997,0.0401173494756222
pol,1998,0.041674617677927
pol,1999,0.0431167595088482
pol,2000,0.0443951040506363
pol,2001,0.045291930437088
pol,2002,0.0456436723470688
pol,2003,0.0457775667309761
pol,2004,0.045991774648428
pol,2005,0.046327717602253
pol,2006,0.0469524748623371
pol,2007,0.0480881668627262
pol,2008,0.0493890345096588
pol,2009,0.0499793104827404
pol,2010,0.0498477183282375
pol,2011,0.0497574806213379
pol,2012,0.049724455922842
pol,2013,0.0496687032282352
pol,2014,0.0498476624488831
pol,2015,0.0503203421831131
pol,2016,0.0507384724915028
pol,2017,0.0510510541498661
pol,2018,0.0516011416912079
pol,2019,0.0523519739508629
pol,2020,0.0528532788157463
pol,2021,0.0533793270587921
pol,2022,0.0535860396921635
pol,2023,0.0526492930948734
prt,1950,0.0254288725554943
prt,1951,0.0251760706305504
prt,1952,0.0249316301196814
prt,1953,0.0247277095913887
prt,1954,0.0245517119765282
prt,1955,0.0243622679263353
prt,1956,0.0241697710007429
prt,1957,0.0240748804062605
prt,1958,0.024050410836935
prt,1959,0.0239198356866837
prt,1960,0.0238260310143232
prt,1961,0.0239348988980055
prt,1962,0.0239437837153673
prt,1963,0.024079343304038
prt,1964,0.0244212932884693
prt,1965,0.024693738669157
prt,1966,0.0249063577502966
prt,1967,0.0249925833195448
prt,1968,0.025077473372221
prt,1969,0.0251383651047945
prt,1970,0.0253833010792732
prt,1971,0.0258058980107307
prt,1972,0.0260311551392078
prt,1973,0.0261253826320171
prt,1974,0.0261563640087843
prt,1975,0.0261295735836029
prt,1976,0.026169853284955
prt,1977,0.0262042172253132
prt,1978,0.0261692404747009
prt,1979,0.0258209928870201
prt,1980,0.0255564618855715
prt,1981,0.0256610196083784
prt,1982,0.0257469080388546
prt,1983,0.0256774891167879
prt,1984,0.0252709910273552
prt,1985,0.0247031692415476
prt,1986,0.0243754480034113
prt,1987,0.0244270265102386
prt,1988,0.0247024614363909
prt,1989,0.0249799564480782
prt,1990,0.0253081936389208
prt,1991,0.0257591083645821
prt,1992,0.02616280131042
prt,1993,0.0264300908893347
prt,1994,0.0266372207552195
prt,1995,0.0268023163080215
prt,1996,0.0269812382757664
prt,1997,0.0273257475346327
prt,1998,0.0278877578675747
prt,1999,0.0285302009433508
prt,2000,0.0291079599410296
prt,2001,0.0295202601701021
prt,2002,0.0297163855284452
prt,2003,0.0297665372490883
prt,2004,0.0297935884445906
prt,2005,0.029864277690649
prt,2006,0.0300002600997686
prt,2007,0.0302647296339273
prt,2008,0.0306558273732662
prt,2009,0.0309376362711191
prt,2010,0.0310867670923471
prt,2011,0.0311038810759783
prt,2012,0.0308893769979477
prt,2013,0.030665123835206
prt,2014,0.0306004080921412
prt,2015,0.0306811463087797
prt,2016,0.0308756083250046
prt,2017,0.0312466993927956
prt,2018,0.0317825525999069
prt,2019,0.0323486626148224
prt,2020,0.0326957628130913
prt,2021,0.0329424403607845
prt,2022,0.0332797393202782
prt,2023,0.0335563719272614
pry,1951,0.0411965250968933
pry,1952,0.0425719432532787
pry,1953,0.044440284371376
pry,1954,0.0457779802381992
pry,1955,0.046112947165966
pry,1956,0.0458832383155823
pry,1957,0.046442624181509
pry,1958,0.0475485473871231
pry,1959,0.047878734767437
pry,1960,0.0480152331292629
pry,1961,0.0483152084052563
pry,1962,0.0477400831878185
pry,1963,0.0461512096226215
pry,1964,0.0444811247289181
pry,1965,0.0435328893363476
pry,1966,0.0436502695083618
pry,1967,0.0447153821587563
pry,1968,0.045831061899662
pry,1969,0.0461814217269421
pry,1970,0.0456949919462204
pry,1971,0.0447950065135956
pry,1972,0.0441654212772846
pry,1973,0.0443585216999054
pry,1974,0.0451518297195435
pry,1975,0.0454094372689724
pry,1976,0.0451575145125389
pry,1977,0.0456632077693939
pry,1978,0.0460307486355305
pry,1979,0.0458997152745724
pry,1980,0.0451813787221909
pry,1981,0.0446950644254684
pry,1982,0.043728694319725
pry,1983,0.0415816083550453
pry,1984,0.0398093722760677
pry,1985,0.0386431775987148
pry,1986,0.0376083180308342
pry,1987,0.0365870036184788
pry,1988,0.0355312153697014
pry,1989,0.0349088720977306
pry,1990,0.0353067070245743
pry,1991,0.0363045111298561
pry,1992,0.0371687635779381
pry,1993,0.0376998446881771
pry,1994,0.0381544269621372
pry,1995,0.0386276878416538
pry,1996,0.0388892740011215
pry,1997,0.0393540151417255
pry,1998,0.0394444614648819
pry,1999,0.0385344661772251
pry,2000,0.0374223850667477
pry,2001,0.0363927409052849
pry,2002,0.0354253239929676
pry,2003,0.0346598476171494
pry,2004,0.034555085003376
pry,2005,0.0350335240364075
pry,2006,0.0354208722710609
pry,2007,0.0356796383857727
pry,2008,0.0361996628344059
pry,2009,0.0362934358417988
pry,2010,0.0365624949336052
pry,2011,0.0374155975878239
pry,2012,0.0366249307990074
pry,2013,0.0346596166491509
pry,2014,0.0331529304385185
pry,2015,0.0319090858101845
pry,2016,0.0307144224643707
pry,2017,0.0305886082351208
pry,2018,0.0315819121897221
pry,2019,0.0322634167969227
pry,2020,0.0323849841952324
pry,2021,0.0325362347066402
pry,2022,0.032992035150528
pry,2023,0.0332238413393498
pse,1970,0.03975810110569
pse,1971,0.0375913679599762
pse,1972,0.0355686731636524
pse,1973,0.0341349802911282
pse,1974,0.0333986468613148
pse,1975,0.0328851193189621
pse,1976,0.0322997123003006
pse,1977,0.0319275669753552
pse,1978,0.0318100713193417
pse,1979,0.0318022705614567
pse,1980,0.0319944806396961
pse,1981,0.0320133157074451
pse,1982,0.0317887589335442
pse,1983,0.0316368192434311
pse,1984,0.0313388518989086
pse,1985,0.031086627393961
pse,1986,0.0311364345252514
pse,1987,0.0312079470604658
pse,1988,0.0311208330094814
pse,1989,0.0310066789388657
pse,1990,0.0310074258595705
pse,1991,0.031070539727807
pse,1992,0.0312153697013855
pse,1993,0.03154057264328
pse,1994,0.0317513905465603
pse,1995,0.0318967998027802
pse,1996,0.0319830663502216
pse,1997,0.0321432463824749
pse,1998,0.0325484164059162
pse,1999,0.0330052487552166
pse,2000,0.0331922918558121
pse,2001,0.0326761081814766
pse,2002,0.0318586826324463
pse,2003,0.0313120633363724
pse,2004,0.0310303289443254
pse,2005,0.030864866450429
pse,2006,0.030649658292532
pse,2007,0.0305237583816052
pse,2008,0.0309683829545975
pse,2009,0.0319280698895454
pse,2010,0.0325069576501846
pse,2011,0.0326266922056675
pse,2012,0.0328030399978161
pse,2013,0.0329261310398579
pse,2014,0.0329952239990234
pse,2015,0.0330563858151436
pse,2016,0.0331202112138271
pse,2017,0.0330712832510471
pse,2018,0.0328205227851868
pse,2019,0.0325257889926434
pse,2020,0.03213245049119
pse,2021,0.031738668680191
pse,2022,0.031587116420269
pse,2023,0.0315029956400394
qat,1970,0.0427498444914818
qat,1971,0.0457977913320065
qat,1972,0.0479791276156902
qat,1973,0.0494728423655033
qat,1974,0.0504047609865665
qat,1975,0.0514634139835835
qat,1976,0.0520758330821991
qat,1977,0.0522082075476646
qat,1978,0.0523993149399757
qat,1979,0.052358865737915
qat,1980,0.0520723126828671
qat,1981,0.0519075989723206
qat,1982,0.0523588992655277
qat,1983,0.0525540299713612
qat,1984,0.051834050565958
qat,1985,0.050898615270853
qat,1986,0.0501080453395844
qat,1987,0.0494195409119129
qat,1988,0.0491056889295578
qat,1989,0.0492850057780743
qat,1990,0.04997843131423
qat,1991,0.0508429743349552
qat,1992,0.0518924593925476
qat,1993,0.0528471283614636
qat,1994,0.0531824417412281
qat,1995,0.0547945201396942
qat,1996,0.0574278235435486
qat,1997,0.0581790283322334
qat,1998,0.058772187680006
qat,1999,0.0595009475946426
qat,2000,0.0604989677667618
qat,2001,0.0633994489908218
qat,2002,0.0660489201545715
qat,2003,0.0688466355204582
qat,2004,0.0702695921063423
qat,2005,0.0707802698016167
qat,2006,0.074786439538002
qat,2007,0.0800793692469597
qat,2008,0.0826995745301247
qat,2009,0.0832823291420937
qat,2010,0.0838325992226601
qat,2011,0.0857639461755753
qat,2012,0.0875610336661339
qat,2013,0.0874648913741112
qat,2014,0.0861518904566765
qat,2015,0.083089143037796
qat,2016,0.0795854404568672
qat,2017,0.0770109593868256
qat,2018,0.0747015625238419
qat,2019,0.0724556744098663
qat,2020,0.0698702484369278
qat,2021,0.0670886188745499
qat,2022,0.0645416080951691
qat,2023,0.0627864301204681
rou,1960,0.0671988874673843
rou,1961,0.0715650767087936
rou,1962,0.0766953751444817
rou,1963,0.0816379711031914
rou,1964,0.0856980457901955
rou,1965,0.0885880514979363
rou,1966,0.0912070274353027
rou,1967,0.093961738049984
rou,1968,0.0965689122676849
rou,1969,0.0986532941460609
rou,1970,0.100458227097988
rou,1971,0.102306298911572
rou,1972,0.104142852127552
rou,1973,0.10556148737669
rou,1974,0.106816507875919
rou,1975,0.10833266377449
rou,1976,0.109189979732037
rou,1977,0.109339766204357
rou,1978,0.109850823879242
rou,1979,0.110217586159706
rou,1980,0.110075615346432
rou,1981,0.109458968043327
rou,1982,0.108057282865047
rou,1983,0.105571836233139
rou,1984,0.102629192173481
rou,1985,0.100145012140274
rou,1986,0.0984621047973633
rou,1987,0.0972591638565064
rou,1988,0.0956359505653381
rou,1989,0.0930113792419434
rou,1990,0.0897547751665115
rou,1991,0.0867287740111351
rou,1992,0.0840902626514435
rou,1993,0.0813516229391098
rou,1994,0.0789323225617409
rou,1995,0.0766191780567169
rou,1996,0.0742425248026848
rou,1997,0.0727208331227303
rou,1998,0.0715560093522072
rou,1999,0.0705309882760048
rou,2000,0.0698939561843872
rou,2001,0.0696691274642944
rou,2002,0.0697305724024773
rou,2003,0.0700996443629265
rou,2004,0.0708479881286621
rou,2005,0.0717550069093704
rou,2006,0.0731708258390427
rou,2007,0.0749387592077255
rou,2008,0.0760826319456101
rou,2009,0.0759652182459831
rou,2010,0.0744102001190186
rou,2011,0.0731059983372688
rou,2012,0.071969136595726
rou,2013,0.070639431476593
rou,2014,0.0701296329498291
rou,2015,0.0692379847168922
rou,2016,0.0675293728709221
rou,2017,0.0656851008534432
rou,2018,0.0640386790037155
rou,2019,0.0627568960189819
rou,2020,0.0614498779177666
rou,2021,0.0602134168148041
rou,2022,0.0588802769780159
rou,2023,0.057748980820179
rus,1990,0.0356922447681427
rus,1991,0.0364197194576263
rus,1992,0.0363926999270916
rus,1993,0.0356531739234924
rus,1994,0.0344543606042862
rus,1995,0.0332501046359539
rus,1996,0.0322027616202831
rus,1997,0.0312559753656387
rus,1998,0.0304080545902252
rus,1999,0.0296720433980227
rus,2000,0.0291832536458969
rus,2001,0.0289047732949257
rus,2002,0.0286878254264593
rus,2003,0.0285727214068174
rus,2004,0.0286166332662106
rus,2005,0.0289138182997704
rus,2006,0.0295502599328756
rus,2007,0.0305112656205893
rus,2008,0.0316856354475021
rus,2009,0.0324012823402882
rus,2010,0.032837301492691
rus,2011,0.0334972739219666
rus,2012,0.034234631806612
rus,2013,0.034890815615654
rus,2014,0.0352417565882206
rus,2015,0.0352284573018551
rus,2016,0.0350418873131275
rus,2017,0.034981444478035
rus,2018,0.03506263718009
rus,2019,0.0352733992040157
rus,2020,0.0356334634125233
rus,2021,0.0359714180231094
rus,2022,0.0362408421933651
rus,2023,0.0367455184459686
rwa,1960,0.04405876994133
rwa,1961,0.0496937185525894
rwa,1962,0.0549022927880287
rwa,1963,0.0589839182794094
rwa,1964,0.0611232332885265
rwa,1965,0.0630933195352554
rwa,1966,0.0640134960412979
rwa,1967,0.062826007604599
rwa,1968,0.0613548755645752
rwa,1969,0.060127504169941
rwa,1970,0.0590002425014973
rwa,1971,0.0595236495137215
rwa,1972,0.0621284954249859
rwa,1973,0.0653106272220612
rwa,1974,0.0662472546100617
rwa,1975,0.0665508285164833
rwa,1976,0.067710354924202
rwa,1977,0.068674348294735
rwa,1978,0.0696162804961205
rwa,1979,0.0699590966105461
rwa,1980,0.0696642845869064
rwa,1981,0.0692477151751518
rwa,1982,0.0685487538576126
rwa,1983,0.06656663864851
rwa,1984,0.0644700527191162
rwa,1985,0.063407264649868
rwa,1986,0.0630760714411736
rwa,1987,0.062903068959713
rwa,1988,0.0624609924852848
rwa,1989,0.0613289698958397
rwa,1990,0.0592942126095295
rwa,1991,0.0573647394776344
rwa,1992,0.0560270994901657
rwa,1993,0.0549044907093048
rwa,1994,0.0528529137372971
rwa,1995,0.0502806343138218
rwa,1996,0.0495892502367497
rwa,1997,0.050355177372694
rwa,1998,0.0510742105543613
rwa,1999,0.0499940551817417
rwa,2000,0.0480404496192932
rwa,2001,0.046832986176014
rwa,2002,0.045714296400547
rwa,2003,0.0447180196642876
rwa,2004,0.0434339642524719
rwa,2005,0.0422136448323727
rwa,2006,0.0412951223552227
rwa,2007,0.0413775630295277
rwa,2008,0.0433603823184967
rwa,2009,0.0452290959656239
rwa,2010,0.0462414845824242
rwa,2011,0.0464629679918289
rwa,2012,0.0464679673314095
rwa,2013,0.0464725457131863
rwa,2014,0.0455404780805111
rwa,2015,0.0442714393138886
rwa,2016,0.0436072051525116
rwa,2017,0.0438973419368267
rwa,2018,0.0446129254996777
rwa,2019,0.0461828373372555
rwa,2020,0.047548022121191
rwa,2021,0.0483957901597023
rwa,2022,0.0489115826785564
rwa,2023,0.0484805330634117
sau,1970,0.0434011109173298
sau,1971,0.0481566376984119
sau,1972,0.0526629649102688
sau,1973,0.0574827082455158
sau,1974,0.059044137597084
sau,1975,0.0571220852434635
sau,1976,0.0565236993134022
sau,1977,0.0573422461748123
sau,1978,0.0587076060473919
sau,1979,0.0595888942480087
sau,1980,0.0592406280338764
sau,1981,0.0586684681475163
sau,1982,0.0590128116309643
sau,1983,0.0596909113228321
sau,1984,0.0596300140023232
sau,1985,0.0584915392100811
sau,1986,0.056755930185318
sau,1987,0.0551065169274807
sau,1988,0.053467221558094
sau,1989,0.0518707782030106
sau,1990,0.0508211888372898
sau,1991,0.0503722168505192
sau,1992,0.0501326695084572
sau,1993,0.0500535592436791
sau,1994,0.0495011061429977
sau,1995,0.048605352640152
sau,1996,0.0477430559694767
sau,1997,0.0468290485441685
sau,1998,0.0464915260672569
sau,1999,0.0468701124191284
sau,2000,0.0471366904675961
sau,2001,0.047165259718895
sau,2002,0.0472482182085514
sau,2003,0.0477656349539757
sau,2004,0.0487871095538139
sau,2005,0.0500568225979805
sau,2006,0.0518977753818035
sau,2007,0.0540298372507095
sau,2008,0.0555159077048302
sau,2009,0.056580763310194
sau,2010,0.0572701543569565
sau,2011,0.0581298060715199
sau,2012,0.0590027049183846
sau,2013,0.0590380281209946
sau,2014,0.0591047815978527
sau,2015,0.0595391318202019
sau,2016,0.0598032176494598
sau,2017,0.0597699582576752
sau,2018,0.059809748083353
sau,2019,0.0604316927492619
sau,2020,0.0608463659882546
sau,2021,0.0608953461050987
sau,2022,0.0617507696151733
sau,2023,0.0630437508225441
sdn,1970,0.0407627262175083
sdn,1971,0.0403302535414696
sdn,1972,0.039282813668251
sdn,1973,0.0388761013746262
sdn,1974,0.0392920672893524
sdn,1975,0.040271770209074
sdn,1976,0.0405215211212635
sdn,1977,0.0393547900021076
sdn,1978,0.0380365662276745
sdn,1979,0.0369451642036438
sdn,1980,0.0355414301156998
sdn,1981,0.0338395833969116
sdn,1982,0.0333449877798557
sdn,1983,0.0328832343220711
sdn,1984,0.0311872158199549
sdn,1985,0.0295328982174397
sdn,1986,0.0283594503998756
sdn,1987,0.0276931338012218
sdn,1988,0.0271126050502062
sdn,1989,0.0264061391353607
sdn,1990,0.0260741915553808
sdn,1991,0.026223499327898
sdn,1992,0.0263826549053192
sdn,1993,0.0263386610895395
sdn,1994,0.0262975338846445
sdn,1995,0.0265651009976864
sdn,1996,0.0272142607718706
sdn,1997,0.0286644101142883
sdn,1998,0.0302377659827471
sdn,1999,0.0305360052734613
sdn,2000,0.0305932126939297
sdn,2001,0.0318210683763027
sdn,2002,0.0341237746179104
sdn,2003,0.0360183157026768
sdn,2004,0.0376116260886192
sdn,2005,0.0402085222303867
sdn,2006,0.0432604253292084
sdn,2007,0.0458273366093636
sdn,2008,0.048072811216116
sdn,2009,0.049185823649168
sdn,2010,0.0498439446091652
sdn,2011,0.0500580407679081
sdn,2012,0.0495030470192432
sdn,2013,0.0495213642716408
sdn,2014,0.049215842038393
sdn,2015,0.0488576404750347
sdn,2016,0.0480135232210159
sdn,2017,0.046213299036026
sdn,2018,0.0449855364859104
sdn,2019,0.0439641363918781
sdn,2020,0.042837355285883
sdn,2021,0.0419730581343174
sdn,2022,0.0411561541259289
sdn,2023,0.0401422493159771
sen,1960,0.0401310957968235
sen,1961,0.0391542576253414
sen,1962,0.0382974147796631
sen,1963,0.0374981351196766
sen,1964,0.0369148068130016
sen,1965,0.0364763326942921
sen,1966,0.0359892286360264
sen,1967,0.0354222767055035
sen,1968,0.0349418520927429
sen,1969,0.03461554646492
sen,1970,0.0347010158002377
sen,1971,0.0351447761058807
sen,1972,0.0357471071183682
sen,1973,0.0364594198763371
sen,1974,0.0371712371706963
sen,1975,0.0377776809036732
sen,1976,0.0384238585829735
sen,1977,0.0388860143721104
sen,1978,0.0388809628784657
sen,1979,0.0387704260647297
sen,1980,0.0385907329618931
sen,1981,0.0381698459386826
sen,1982,0.0376463793218136
sen,1983,0.0371473617851734
sen,1984,0.0369602926075459
sen,1985,0.0370343923568726
sen,1986,0.0370774529874325
sen,1987,0.0372561775147915
sen,1988,0.0374572724103928
sen,1989,0.0377715937793255
sen,1990,0.0383231081068516
sen,1991,0.0386779382824898
sen,1992,0.0388515032827854
sen,1993,0.0390103422105312
sen,1994,0.0391678959131241
sen,1995,0.0395030491054058
sen,1996,0.0403696075081825
sen,1997,0.0414682514965534
sen,1998,0.0422924943268299
sen,1999,0.0429734103381634
sen,2000,0.0433920472860336
sen,2001,0.0435389503836632
sen,2002,0.0435472838580608
sen,2003,0.0430661216378212
sen,2004,0.0422250665724278
sen,2005,0.0414979532361031
sen,2006,0.0409960225224495
sen,2007,0.0406576730310917
sen,2008,0.0409204959869385
sen,2009,0.0417424589395523
sen,2010,0.042488094419241
sen,2011,0.0433551892638207
sen,2012,0.0441832132637501
sen,2013,0.0449818149209023
sen,2014,0.0455182380974293
sen,2015,0.0456878393888474
sen,2016,0.0459922887384892
sen,2017,0.046543650329113
sen,2018,0.0474219471216202
sen,2019,0.0487286224961281
sen,2020,0.0508273616433144
sen,2021,0.0535022914409637
sen,2022,0.0567521154880524
sen,2023,0.0597839988768101
sgp,1960,0.0266699455678463
sgp,1961,0.0266675911843777
sgp,1962,0.0265229735523462
sgp,1963,0.0262688118964434
sgp,1964,0.0258909165859222
sgp,1965,0.0256807804107666
sgp,1966,0.0256460849195719
sgp,1967,0.0257250033318996
sgp,1968,0.0264434181153774
sgp,1969,0.0280058644711971
sgp,1970,0.0300627704709768
sgp,1971,0.0328823998570442
sgp,1972,0.0356572717428207
sgp,1973,0.0382390096783638
sgp,1974,0.0409832708537579
sgp,1975,0.0424032062292099
sgp,1976,0.0429538935422897
sgp,1977,0.0436844751238823
sgp,1978,0.0447207689285278
sgp,1979,0.0462415181100369
sgp,1980,0.0479355789721012
sgp,1981,0.0489199832081795
sgp,1982,0.0487272329628468
sgp,1983,0.0469528622925282
sgp,1984,0.0443283207714558
sgp,1985,0.0421618148684502
sgp,1986,0.0406063161790371
sgp,1987,0.0398139767348766
sgp,1988,0.0397671535611153
sgp,1989,0.0405080430209637
sgp,1990,0.0418878048658371
sgp,1991,0.0433828830718994
sgp,1992,0.0446267388761044
sgp,1993,0.0456315316259861
sgp,1994,0.046156257390976
sgp,1995,0.0464525781571865
sgp,1996,0.0472463257610798
sgp,1997,0.0479022897779942
sgp,1998,0.0477310195565224
sgp,1999,0.0472639799118042
sgp,2000,0.0469802767038345
sgp,2001,0.046735730022192
sgp,2002,0.0463997572660446
sgp,2003,0.0461049489676952
sgp,2004,0.0462254360318184
sgp,2005,0.0468008518218994
sgp,2006,0.0476377792656422
sgp,2007,0.0486085154116154
sgp,2008,0.0494943074882031
sgp,2009,0.0499123372137547
sgp,2010,0.0503729693591595
sgp,2011,0.0511189624667168
sgp,2012,0.0516959168016911
sgp,2013,0.052265603095293
sgp,2014,0.0529721193015575
sgp,2015,0.0535507313907146
sgp,2016,0.0541719123721123
sgp,2017,0.0556410737335682
sgp,2018,0.0571823418140411
sgp,2019,0.0580892637372017
sgp,2020,0.0583657994866371
sgp,2021,0.0585080720484257
sgp,2022,0.0587096810340881
sgp,2023,0.0587050914764404
sle,1961,0.040225476026535
sle,1962,0.039592519402504
sle,1963,0.0394648388028145
sle,1964,0.0412204712629318
sle,1965,0.0439205206930637
sle,1966,0.0455164387822151
sle,1967,0.0457144007086754
sle,1968,0.045097429305315
sle,1969,0.0446379743516445
sle,1970,0.0447565242648125
sle,1971,0.0449645146727562
sle,1972,0.0448942221701145
sle,1973,0.0444964542984962
sle,1974,0.0442845448851585
sle,1975,0.0437451340258122
sle,1976,0.0425285138189793
sle,1977,0.0413596443831921
sle,1978,0.0402898862957954
sle,1979,0.0392729267477989
sle,1980,0.0383136384189129
sle,1981,0.0374981984496117
sle,1982,0.0368684567511082
sle,1983,0.0367083847522736
sle,1984,0.0366264320909977
sle,1985,0.0364396013319492
sle,1986,0.0370261296629906
sle,1987,0.0382358245551586
sle,1988,0.0393202863633633
sle,1989,0.0405889488756657
sle,1990,0.0420526191592217
sle,1991,0.0433215945959091
sle,1992,0.0447717048227787
sle,1993,0.0453975461423397
sle,1994,0.0454945527017117
sle,1995,0.0459894686937332
sle,1996,0.0467346608638763
sle,1997,0.046811580657959
sle,1998,0.0459874458611012
sle,1999,0.0451563857495785
sle,2000,0.0448844693601131
sle,2001,0.0455252751708031
sle,2002,0.0469763018190861
sle,2003,0.0493387132883072
sle,2004,0.0508063733577728
sle,2005,0.0515091232955456
sle,2006,0.0518562234938145
sle,2007,0.0517940148711205
sle,2008,0.0522252209484577
sle,2009,0.0539076365530491
sle,2010,0.0581251569092274
sle,2011,0.0643698796629906
sle,2012,0.0683109685778618
sle,2013,0.0688772648572922
sle,2014,0.0683668851852417
sle,2015,0.0676750242710114
sle,2016,0.0671342089772224
sle,2017,0.0672700181603432
sle,2018,0.0665268152952194
sle,2019,0.0648258477449417
sle,2020,0.063028447329998
sle,2021,0.0608220025897026
sle,2022,0.0590682215988636
sle,2023,0.0590817853808403
slv,1950,0.0430631004273891
slv,1951,0.0474860407412052
slv,1952,0.0512345209717751
slv,1953,0.0541004277765751
slv,1954,0.0561091080307961
slv,1955,0.0574759505689144
slv,1956,0.0593936592340469
slv,1957,0.0617947988212109
slv,1958,0.0630944445729256
slv,1959,0.0628180354833603
slv,1960,0.0635403320193291
slv,1961,0.0650199726223946
slv,1962,0.0653968527913094
slv,1963,0.0656258165836334
slv,1964,0.0673101022839546
slv,1965,0.0692534074187279
slv,1966,0.0710824206471443
slv,1967,0.0725483596324921
slv,1968,0.0716480314731598
slv,1969,0.0696897283196449
slv,1970,0.0686105564236641
slv,1971,0.0684487149119377
slv,1972,0.0694688260555267
slv,1973,0.0706767812371254
slv,1974,0.0713395774364471
slv,1975,0.0714981555938721
slv,1976,0.0720023587346077
slv,1977,0.0735238268971443
slv,1978,0.0755549594759941
slv,1979,0.0760098844766617
slv,1980,0.0732584968209267
slv,1981,0.0694861933588982
slv,1982,0.0659223273396492
slv,1983,0.0625507235527039
slv,1984,0.0598976910114288
slv,1985,0.0575606152415276
slv,1986,0.0561127476394177
slv,1987,0.056032907217741
slv,1988,0.0562094300985336
slv,1989,0.0561069473624229
slv,1990,0.055222574621439
slv,1991,0.0539729706943035
slv,1992,0.0538136921823025
slv,1993,0.0545939058065414
slv,1994,0.0555252693593502
slv,1995,0.0561864264309406
slv,1996,0.0561708696186543
slv,1997,0.0555369444191456
slv,1998,0.0552710592746735
slv,1999,0.0553274713456631
slv,2000,0.0550978258252144
slv,2001,0.0544131733477116
slv,2002,0.053417582064867
slv,2003,0.052470613270998
slv,2004,0.0516400896012783
slv,2005,0.0506542772054672
slv,2006,0.0495492704212666
slv,2007,0.0486218743026257
slv,2008,0.0475449077785015
slv,2009,0.0460385233163834
slv,2010,0.0445314310491085
slv,2011,0.0433244444429874
slv,2012,0.0423631146550179
slv,2013,0.0416622757911682
slv,2014,0.0410465523600578
slv,2015,0.0405173674225807
slv,2016,0.0401974804699421
slv,2017,0.0400336422026157
slv,2018,0.0399984978139401
slv,2019,0.0399680212140083
slv,2020,0.0398082472383976
slv,2021,0.0402634590864182
slv,2022,0.0411958023905754
slv,2023,0.0415296852588654
srb,1990,0.0324634686112404
srb,1991,0.0318298898637295
srb,1992,0.0311800893396139
srb,1993,0.0304774921387434
srb,1994,0.0298219695687294
srb,1995,0.0292722620069981
srb,1996,0.0288376547396183
srb,1997,0.0286101009696722
srb,1998,0.0285290200263262
srb,1999,0.0284024048596621
srb,2000,0.0282621569931507
srb,2001,0.0281806029379368
srb,2002,0.0282389409840107
srb,2003,0.0285909418016672
srb,2004,0.0293077975511551
srb,2005,0.030170077458024
srb,2006,0.0311745554208756
srb,2007,0.0326163657009602
srb,2008,0.0343509241938591
srb,2009,0.0354590974748135
srb,2010,0.0358251743018627
srb,2011,0.0361455194652081
srb,2012,0.0367955081164837
srb,2013,0.0376192554831505
srb,2014,0.0382422618567944
srb,2015,0.038925513625145
srb,2016,0.039713729172945
srb,2017,0.0404847674071789
srb,2018,0.0415181703865528
srb,2019,0.0427256338298321
srb,2020,0.0449802428483963
srb,2021,0.048496350646019
srb,2022,0.0520991794764996
srb,2023,0.0548647716641426
stp,1970,0.0402764491736889
stp,1971,0.0395832061767578
stp,1972,0.0389579720795155
stp,1973,0.0381356626749039
stp,1974,0.0373203419148922
stp,1975,0.0369241312146187
stp,1976,0.037114966660738
stp,1977,0.0401655659079552
stp,1978,0.0425895862281323
stp,1979,0.0432595461606979
stp,1980,0.0454611331224442
stp,1981,0.04751892760396
stp,1982,0.0487543158233166
stp,1983,0.0495699383318424
stp,1984,0.049918171018362
stp,1985,0.049906350672245
stp,1986,0.0494796819984913
stp,1987,0.0486896187067032
stp,1988,0.0485789068043232
stp,1989,0.0503816232085228
stp,1990,0.0532863438129425
stp,1991,0.0569358952343464
stp,1992,0.0606193542480469
stp,1993,0.0628266111016274
stp,1994,0.0647413656115532
stp,1995,0.0699901059269905
stp,1996,0.0750711038708687
stp,1997,0.0770885273814201
stp,1998,0.0769570544362068
stp,1999,0.0750892609357834
stp,2000,0.0729982182383537
stp,2001,0.0705521926283836
stp,2002,0.0680824965238571
stp,2003,0.0668196231126785
stp,2004,0.0658344179391861
stp,2005,0.0645570755004883
stp,2006,0.0637810677289963
stp,2007,0.0641113519668579
stp,2008,0.0654896125197411
stp,2009,0.0665011927485466
stp,2010,0.0660386309027672
stp,2011,0.0645280033349991
stp,2012,0.0635353103280067
stp,2013,0.0631561949849129
stp,2014,0.0627109706401825
stp,2015,0.062431126832962
stp,2016,0.0620478540658951
stp,2017,0.0614973604679108
stp,2018,0.0608553737401962
stp,2019,0.0598430782556534
stp,2020,0.0581834390759468
stp,2021,0.0579608157277107
stp,2022,0.0607122294604778
stp,2023,0.0618585273623467
sur,1970,0.0405882745981216
sur,1971,0.0402833297848702
sur,1972,0.040387611836195
sur,1973,0.0409506037831306
sur,1974,0.04148880392313
sur,1975,0.0427275188267231
sur,1976,0.0443697795271874
sur,1977,0.0445259921252728
sur,1978,0.0438121072947979
sur,1979,0.0429689474403858
sur,1980,0.042024839669466
sur,1981,0.0416479222476482
sur,1982,0.0414667762815952
sur,1983,0.040699377655983
sur,1984,0.0393668003380299
sur,1985,0.0382085628807545
sur,1986,0.0375983193516731
sur,1987,0.0372043251991272
sur,1988,0.0366743020713329
sur,1989,0.0366959609091282
sur,1990,0.0371765568852425
sur,1991,0.037616241723299
sur,1992,0.0383176170289516
sur,1993,0.0384669229388237
sur,1994,0.0398626700043678
sur,1995,0.04357535764575
sur,1996,0.0463857129216194
sur,1997,0.0477468594908714
sur,1998,0.0484457612037659
sur,1999,0.0522383116185665
sur,2000,0.0567298009991646
sur,2001,0.059204176068306
sur,2002,0.0612216964364052
sur,2003,0.0626412034034729
sur,2004,0.0645270422101021
sur,2005,0.066796101629734
sur,2006,0.0681649670004845
sur,2007,0.0689443200826645
sur,2008,0.0700568109750748
sur,2009,0.0717181265354157
sur,2010,0.0730363875627518
sur,2011,0.0746078044176102
sur,2012,0.0767929553985596
sur,2013,0.0784359499812126
sur,2014,0.079761803150177
sur,2015,0.0808177143335342
sur,2016,0.0812711045145989
sur,2017,0.0812750533223152
sur,2018,0.0814519748091698
sur,2019,0.0819962248206139
sur,2020,0.0818354263901711
sur,2021,0.0812603309750557
sur,2022,0.0813048854470253
sur,2023,0.0817597731947899
svk,1990,0.0366195067763329
svk,1991,0.0385469570755959
svk,1992,0.0392193756997585
svk,1993,0.0396541394293308
svk,1994,0.0396154597401619
svk,1995,0.0393979325890541
svk,1996,0.0397840216755867
svk,1997,0.0407001711428165
svk,1998,0.0417572297155857
svk,1999,0.0423786230385304
svk,2000,0.0422428399324417
svk,2001,0.0420569628477097
svk,2002,0.042169414460659
svk,2003,0.0422475263476372
svk,2004,0.0423293337225914
svk,2005,0.0426760651171207
svk,2006,0.0430307649075985
svk,2007,0.0434118881821632
svk,2008,0.0440538451075554
svk,2009,0.0441974736750126
svk,2010,0.0444120094180107
svk,2011,0.0451020747423172
svk,2012,0.045415922999382
svk,2013,0.0455418229103088
svk,2014,0.0459083318710327
svk,2015,0.0466758981347084
svk,2016,0.0474503226578236
svk,2017,0.0478483252227306
svk,2018,0.0481051690876484
svk,2019,0.0485458821058273
svk,2020,0.048790093511343
svk,2021,0.0488179475069046
svk,2022,0.0487095564603806
svk,2023,0.0486547835171223
svn,1990,0.0293926615267992
svn,1991,0.029813626781106
svn,1992,0.0300541575998068
svn,1993,0.0302764736115932
svn,1994,0.0306994616985321
svn,1995,0.0313889048993588
svn,1996,0.0321533121168613
svn,1997,0.0328686237335205
svn,1998,0.0336659215390682
svn,1999,0.0345720909535885
svn,2000,0.0354261472821236
svn,2001,0.0361891873180866
svn,2002,0.036870826035738
svn,2003,0.0374337956309319
svn,2004,0.0380380749702454
svn,2005,0.0386861599981785
svn,2006,0.0395039953291416
svn,2007,0.0404315702617168
svn,2008,0.0411187186837196
svn,2009,0.041229322552681
svn,2010,0.0409837663173676
svn,2011,0.0409415140748024
svn,2012,0.0409103818237782
svn,2013,0.0408715195953846
svn,2014,0.0409081764519215
svn,2015,0.0409746095538139
svn,2016,0.0411959178745747
svn,2017,0.0415789373219013
svn,2018,0.0421805046498776
svn,2019,0.042896244674921
svn,2020,0.0434869453310967
svn,2021,0.0441305115818977
svn,2022,0.0449203252792358
svn,2023,0.0454734116792679
swe,1950,0.0261221118271351
swe,1951,0.0270770229399204
swe,1952,0.02796302549541
swe,1953,0.0284328199923039
swe,1954,0.0288688354194164
swe,1955,0.0293341409415007
swe,1956,0.0297120958566666
swe,1957,0.0300300642848015
swe,1958,0.0303244423121214
swe,1959,0.0306054651737213
swe,1960,0.0309758372604847
swe,1961,0.0314079076051712
swe,1962,0.0317513681948185
swe,1963,0.0319563075900078
swe,1964,0.0321447625756264
swe,1965,0.0323860757052898
swe,1966,0.0325891599059105
swe,1967,0.0326942168176174
swe,1968,0.0326533056795597
swe,1969,0.0325438790023327
swe,1970,0.0325354672968388
swe,1971,0.0325890369713306
swe,1972,0.0326177440583706
swe,1973,0.0327673628926277
swe,1974,0.0331254750490189
swe,1975,0.0334628000855446
swe,1976,0.0337055362761021
swe,1977,0.0338762402534485
swe,1978,0.0336908623576164
swe,1979,0.0333423502743244
swe,1980,0.0331176593899727
swe,1981,0.0328554324805737
swe,1982,0.0326238088309765
swe,1983,0.0325341112911701
swe,1984,0.0325796641409397
swe,1985,0.0328417234122753
swe,1986,0.033175390213728
swe,1987,0.0335181318223476
swe,1988,0.0339937619864941
swe,1989,0.0346992872655392
swe,1990,0.0354170240461826
swe,1991,0.0356652215123177
swe,1992,0.0354576669633389
swe,1993,0.0349220260977745
swe,1994,0.034393310546875
swe,1995,0.0342212319374085
swe,1996,0.0343071818351746
swe,1997,0.0345498956739903
swe,1998,0.034962248057127
swe,1999,0.0355702824890614
swe,2000,0.0363004952669144
swe,2001,0.0369937904179096
swe,2002,0.0374631732702255
swe,2003,0.0377837382256985
swe,2004,0.0381080098450184
swe,2005,0.0384689792990685
swe,2006,0.038915179669857
swe,2007,0.0394473858177662
swe,2008,0.0399728715419769
swe,2009,0.0401925928890705
swe,2010,0.0402827970683575
swe,2011,0.0406025424599648
swe,2012,0.0409520380198956
swe,2013,0.041204035282135
swe,2014,0.0414456725120544
swe,2015,0.0418449379503727
swe,2016,0.0423140190541744
swe,2017,0.0428001917898655
swe,2018,0.0434013903141022
swe,2019,0.0439839400351048
swe,2020,0.044416531920433
swe,2021,0.0449715927243233
swe,2022,0.0457278303802013
swe,2023,0.04612135887146
swz,1970,0.0462317541241646
swz,1971,0.0544862598180771
swz,1972,0.0600935518741608
swz,1973,0.0647949203848839
swz,1974,0.0692965388298035
swz,1975,0.0726568028330803
swz,1976,0.0743488073348999
swz,1977,0.075722262263298
swz,1978,0.0795279666781426
swz,1979,0.0844384655356407
swz,1980,0.0865667313337326
swz,1981,0.086512990295887
swz,1982,0.0857890918850899
swz,1983,0.0851855501532555
swz,1984,0.0853632092475891
swz,1985,0.0846446231007576
swz,1986,0.0826293155550957
swz,1987,0.0806796550750732
swz,1988,0.0791036114096642
swz,1989,0.0775027424097061
swz,1990,0.0757636427879334
swz,1991,0.0739047229290009
swz,1992,0.0720855221152306
swz,1993,0.0702494978904724
swz,1994,0.0682919844985008
swz,1995,0.0662888139486313
swz,1996,0.0642420127987862
swz,1997,0.0622758753597736
swz,1998,0.0605480000376701
swz,1999,0.0588949844241142
swz,2000,0.0571229830384254
swz,2001,0.0554107911884785
swz,2002,0.0539856888353825
swz,2003,0.0526324063539505
swz,2004,0.0512663424015045
swz,2005,0.0499387979507446
swz,2006,0.0488164685666561
swz,2007,0.0472291447222233
swz,2008,0.0451112911105156
swz,2009,0.0439703464508057
swz,2010,0.044272817671299
swz,2011,0.045358669012785
swz,2012,0.0464855022728443
swz,2013,0.0475897081196308
swz,2014,0.048757690936327
swz,2015,0.0498823225498199
swz,2016,0.0508979149162769
swz,2017,0.0518318563699722
swz,2018,0.0531821586191654
swz,2019,0.0549420304596424
swz,2020,0.0563715100288391
swz,2021,0.0575446672737598
swz,2022,0.0582197494804859
swz,2023,0.0589866042137146
syc,1960,0.0417353808879852
syc,1961,0.0440248064696789
syc,1962,0.0466697961091995
syc,1963,0.0494501367211342
syc,1964,0.0521280355751514
syc,1965,0.0545588508248329
syc,1966,0.0564768835902214
syc,1967,0.0577405504882336
syc,1968,0.0585240088403225
syc,1969,0.0605548061430454
syc,1970,0.0656484737992287
syc,1971,0.0710419565439224
syc,1972,0.0745922103524208
syc,1973,0.0761683806777
syc,1974,0.0753914341330528
syc,1975,0.074884720146656
syc,1976,0.076130636036396
syc,1977,0.0766071826219559
syc,1978,0.0763913094997406
syc,1979,0.0766941979527473
syc,1980,0.076372928917408
syc,1981,0.0752917379140854
syc,1982,0.074159674346447
syc,1983,0.0730578228831291
syc,1984,0.0717076361179352
syc,1985,0.0711183696985245
syc,1986,0.0715208575129509
syc,1987,0.07146305590868
syc,1988,0.073179729282856
syc,1989,0.0760966390371323
syc,1990,0.0768888518214226
syc,1991,0.0755070224404335
syc,1992,0.0728604719042778
syc,1993,0.0710473284125328
syc,1994,0.0691646486520767
syc,1995,0.0670668929815292
syc,1996,0.0670088157057762
syc,1997,0.0670818984508514
syc,1998,0.0664170607924461
syc,1999,0.0661545768380165
syc,2000,0.0657054111361504
syc,2001,0.0662240982055664
syc,2002,0.0663086548447609
syc,2003,0.0644792839884758
syc,2004,0.0619530938565731
syc,2005,0.0605322793126106
syc,2006,0.0601254068315029
syc,2007,0.0596152581274509
syc,2008,0.0590316243469715
syc,2009,0.0579500645399094
syc,2010,0.0580002367496491
syc,2011,0.0586985200643539
syc,2012,0.0591015070676804
syc,2013,0.0597908385097981
syc,2014,0.0604256987571716
syc,2015,0.060796320438385
syc,2016,0.0611312538385391
syc,2017,0.0616714730858803
syc,2018,0.0616518296301365
syc,2019,0.0613157562911511
syc,2020,0.0613110065460205
syc,2021,0.0608303844928741
syc,2022,0.0595371350646019
syc,2023,0.0583345219492912
syr,1960,0.0402924865484238
syr,1961,0.039736445993185
syr,1962,0.039853859692812
syr,1963,0.0397878251969814
syr,1964,0.0392406471073628
syr,1965,0.0385986343026161
syr,1966,0.0381223671138287
syr,1967,0.037928868085146
syr,1968,0.0379633232951164
syr,1969,0.0386494733393192
syr,1970,0.0390910096466541
syr,1971,0.0390270426869392
syr,1972,0.0394914709031582
syr,1973,0.039719220250845
syr,1974,0.0402752086520195
syr,1975,0.0429932102560997
syr,1976,0.0462744310498238
syr,1977,0.0483862683176994
syr,1978,0.048738393932581
syr,1979,0.0478611029684544
syr,1980,0.0469200536608696
syr,1981,0.0464738011360168
syr,1982,0.045894417911768
syr,1983,0.045137669891119
syr,1984,0.0446200482547283
syr,1985,0.0444694496691227
syr,1986,0.0445072688162327
syr,1987,0.0441437177360058
syr,1988,0.0435730256140232
syr,1989,0.0429598651826382
syr,1990,0.0425558425486088
syr,1991,0.0426185913383961
syr,1992,0.043287880718708
syr,1993,0.0438383184373379
syr,1994,0.0439063087105751
syr,1995,0.0452275797724724
syr,1996,0.0474095195531845
syr,1997,0.0486512184143066
syr,1998,0.0491197817027569
syr,1999,0.0491570495069027
syr,2000,0.0500673986971378
syr,2001,0.0521274395287037
syr,2002,0.0545125119388104
syr,2003,0.0573509559035301
syr,2004,0.0589348040521145
syr,2005,0.0593216754496098
syr,2006,0.0597852542996407
syr,2007,0.0599378161132336
syr,2008,0.0594854205846787
syr,2009,0.0591505132615566
syr,2010,0.0595328509807587
syr,2011,0.0601463057100773
syr,2012,0.0595525577664375
syr,2013,0.057931449264288
syr,2014,0.0560785047709942
syr,2015,0.0551125630736351
syr,2016,0.0550473369657993
syr,2017,0.0556119829416275
syr,2018,0.0573092922568321
syr,2019,0.0587403625249863
syr,2020,0.0597697533667088
syr,2021,0.0612289905548096
syr,2022,0.0636284053325653
syr,2023,0.0659198686480522
tca,1970,0.0424241982400417
tca,1971,0.0450917892158031
tca,1972,0.0468951389193535
tca,1973,0.0481129512190819
tca,1974,0.0489316582679749
tca,1975,0.0494775325059891
tca,1976,0.0498374067246914
tca,1977,0.0500755459070206
tca,1978,0.0502393022179604
tca,1979,0.0503540560603142
tca,1980,0.0504377335309982
tca,1981,0.0505006536841393
tca,1982,0.0505329519510269
tca,1983,0.0505449883639813
tca,1984,0.0505666695535183
tca,1985,0.0506158620119095
tca,1986,0.0506661720573902
tca,1987,0.0506475865840912
tca,1988,0.0506295375525951
tca,1989,0.0507355406880379
tca,1990,0.0509697534143925
tca,1991,0.0510508380830288
tca,1992,0.0507462993264198
tca,1993,0.0508219972252846
tca,1994,0.0515443123877049
tca,1995,0.0523545183241367
tca,1996,0.0517268590629101
tca,1997,0.0507220961153507
tca,1998,0.0511795468628407
tca,1999,0.0518605969846249
tca,2000,0.0518595464527607
tca,2001,0.0512744970619679
tca,2002,0.0510332845151424
tca,2003,0.0507868900895119
tca,2004,0.0502618663012981
tca,2005,0.0487842336297035
tca,2006,0.0451346375048161
tca,2007,0.0409929640591145
tca,2008,0.0374482534825802
tca,2009,0.0350657477974892
tca,2010,0.0337165668606758
tca,2011,0.0326587520539761
tca,2012,0.0318031273782253
tca,2013,0.0312268622219563
tca,2014,0.030817948281765
tca,2015,0.0306280869990587
tca,2016,0.0306692626327276
tca,2017,0.030717546120286
tca,2018,0.0307120811194181
tca,2019,0.0306291915476322
tca,2020,0.0300014894455671
tca,2021,0.029246723279357
tca,2022,0.028866421431303
tca,2023,0.0285341292619705
tcd,1960,0.0397957861423492
tcd,1961,0.0383666343986988
tcd,1962,0.0372470207512379
tcd,1963,0.0362394787371159
tcd,1964,0.0353733710944653
tcd,1965,0.0346302464604378
tcd,1966,0.0340046249330044
tcd,1967,0.0335537120699883
tcd,1968,0.0331822708249092
tcd,1969,0.0328824743628502
tcd,1970,0.0326734706759453
tcd,1971,0.0325392968952656
tcd,1972,0.0324527584016323
tcd,1973,0.0323873199522495
tcd,1974,0.0326148048043251
tcd,1975,0.0333446599543095
tcd,1976,0.0340620763599873
tcd,1977,0.0343665294349194
tcd,1978,0.0342961549758911
tcd,1979,0.033845990896225
tcd,1980,0.0331791266798973
tcd,1981,0.0325226709246635
tcd,1982,0.0319366604089737
tcd,1983,0.0313862860202789
tcd,1984,0.0308645814657211
tcd,1985,0.0304345935583115
tcd,1986,0.03002236969769
tcd,1987,0.0297459661960602
tcd,1988,0.0297087989747524
tcd,1989,0.0296487212181091
tcd,1990,0.0295699927955866
tcd,1991,0.0296005103737116
tcd,1992,0.029604934155941
tcd,1993,0.0295209083706141
tcd,1994,0.0295515656471252
tcd,1995,0.0297779627144337
tcd,1996,0.0300864707678556
tcd,1997,0.0304530151188374
tcd,1998,0.0308531671762466
tcd,1999,0.0312137454748154
tcd,2000,0.0317632369697094
tcd,2001,0.0351635105907917
tcd,2002,0.0422979295253754
tcd,2003,0.0473649725317955
tcd,2004,0.0488566197454929
tcd,2005,0.0494833327829838
tcd,2006,0.0505423657596111
tcd,2007,0.0515254214406014
tcd,2008,0.0522892735898495
tcd,2009,0.0530168227851391
tcd,2010,0.0550763420760632
tcd,2011,0.0601372383534908
tcd,2012,0.0628781393170357
tcd,2013,0.061608899384737
tcd,2014,0.0598647892475128
tcd,2015,0.0605056807398796
tcd,2016,0.0629011169075966
tcd,2017,0.0646082162857056
tcd,2018,0.066769190132618
tcd,2019,0.0704964622855187
tcd,2020,0.0729414522647858
tcd,2021,0.0744408890604973
tcd,2022,0.0752855762839317
tcd,2023,0.0759783387184143
tgo,1960,0.0408994518220425
tgo,1961,0.0409712493419647
tgo,1962,0.0410400591790676
tgo,1963,0.0415238291025162
tgo,1964,0.0431049801409245
tgo,1965,0.0457971729338169
tgo,1966,0.0474585331976414
tgo,1967,0.0473158061504364
tgo,1968,0.0463237799704075
tgo,1969,0.0456669442355633
tgo,1970,0.0456045866012573
tgo,1971,0.0460628382861614
tgo,1972,0.0463201738893986
tgo,1973,0.0460754297673702
tgo,1974,0.0459409356117249
tgo,1975,0.0462576448917389
tgo,1976,0.0466753356158733
tgo,1977,0.0483904182910919
tgo,1978,0.05008614808321
tgo,1979,0.051053412258625
tgo,1980,0.05163998529315
tgo,1981,0.0511288270354271
tgo,1982,0.0500537045300007
tgo,1983,0.0485188290476799
tgo,1984,0.0468074753880501
tgo,1985,0.0453071631491184
tgo,1986,0.0440196469426155
tgo,1987,0.0431848131120205
tgo,1988,0.0425839871168137
tgo,1989,0.0423240028321743
tgo,1990,0.0426836907863617
tgo,1991,0.0423091650009155
tgo,1992,0.0409449897706509
tgo,1993,0.0392227545380592
tgo,1994,0.0375126749277115
tgo,1995,0.0364029593765736
tgo,1996,0.0356919877231121
tgo,1997,0.0349121950566769
tgo,1998,0.0345110855996609
tgo,1999,0.0341733135282993
tgo,2000,0.0335484519600868
tgo,2001,0.0330287180840969
tgo,2002,0.0326891355216503
tgo,2003,0.032416719943285
tgo,2004,0.0320226475596428
tgo,2005,0.0317579992115498
tgo,2006,0.0313007943332195
tgo,2007,0.0305218640714884
tgo,2008,0.0303607489913702
tgo,2009,0.0314868874847889
tgo,2010,0.0335710756480694
tgo,2011,0.0360317751765251
tgo,2012,0.0374773554503918
tgo,2013,0.0383004136383534
tgo,2014,0.0395422950387001
tgo,2015,0.0408110097050667
tgo,2016,0.0415974147617817
tgo,2017,0.0415409244596958
tgo,2018,0.0413024947047234
tgo,2019,0.0416947826743126
tgo,2020,0.042780414223671
tgo,2021,0.0438124015927315
tgo,2022,0.0447468943893909
tgo,2023,0.0467476285994053
tha,1950,0.0404909215867519
tha,1951,0.0406276695430279
tha,1952,0.0407274477183819
tha,1953,0.0408007800579071
tha,1954,0.0408587604761124
tha,1955,0.041009608656168
tha,1956,0.0410402826964855
tha,1957,0.0412110835313797
tha,1958,0.0416256077587605
tha,1959,0.0421383157372475
tha,1960,0.0428203418850899
tha,1961,0.0433573797345161
tha,1962,0.0440615303814411
tha,1963,0.0454452782869339
tha,1964,0.0472006909549236
tha,1965,0.0488032661378384
tha,1966,0.0506334044039249
tha,1967,0.0526817962527275
tha,1968,0.054461907595396
tha,1969,0.0560316517949104
tha,1970,0.0579744875431061
tha,1971,0.059843011200428
tha,1972,0.0610716231167316
tha,1973,0.0624611563980579
tha,1974,0.0639870464801788
tha,1975,0.0647991970181465
tha,1976,0.0645876377820969
tha,1977,0.0647127777338028
tha,1978,0.0652395337820053
tha,1979,0.0649755895137787
tha,1980,0.0642287060618401
tha,1981,0.0635047554969788
tha,1982,0.0622895061969757
tha,1983,0.0609104260802269
tha,1984,0.0596726685762405
tha,1985,0.0580876916646957
tha,1986,0.0563410110771656
tha,1987,0.0551045574247837
tha,1988,0.0549400858581066
tha,1989,0.05521634593606
tha,1990,0.0561496391892433
tha,1991,0.0572428032755852
tha,1992,0.057955164462328
tha,1993,0.058834832161665
tha,1994,0.05945885181427
tha,1995,0.0600964948534966
tha,1996,0.0608727037906647
tha,1997,0.0608884543180466
tha,1998,0.0594584308564663
tha,1999,0.0574720613658428
tha,2000,0.0563496984541416
tha,2001,0.0558272153139114
tha,2002,0.0554790906608105
tha,2003,0.0556449443101883
tha,2004,0.0565791837871075
tha,2005,0.0582319721579552
tha,2006,0.0599706210196018
tha,2007,0.0613006986677647
tha,2008,0.0625785291194916
tha,2009,0.0632175952196121
tha,2010,0.0633488669991493
tha,2011,0.0640725269913673
tha,2012,0.0654116272926331
tha,2013,0.0666034072637558
tha,2014,0.0672798156738281
tha,2015,0.0677987635135651
tha,2016,0.0680515468120575
tha,2017,0.068193756043911
tha,2018,0.0684943944215775
tha,2019,0.0688370168209076
tha,2020,0.0690212473273277
tha,2021,0.0691888928413391
tha,2022,0.0695252195000649
tha,2023,0.0695744603872299
tjk,1990,0.0397598333656788
tjk,1991,0.0380090475082397
tjk,1992,0.0365535877645016
tjk,1993,0.035202044993639
tjk,1994,0.0337190069258213
tjk,1995,0.032342080026865
tjk,1996,0.0311782602220774
tjk,1997,0.0301236342638731
tjk,1998,0.0291683338582516
tjk,1999,0.0282650347799063
tjk,2000,0.027411300688982
tjk,2001,0.0265997480601072
tjk,2002,0.0259017758071423
tjk,2003,0.0253238901495934
tjk,2004,0.0248388852924109
tjk,2005,0.02441974170506
tjk,2006,0.0240808799862862
tjk,2007,0.02378124371171
tjk,2008,0.0234891716390848
tjk,2009,0.0231965612620115
tjk,2010,0.0228936262428761
tjk,2011,0.0226417873054743
tjk,2012,0.0224204156547785
tjk,2013,0.0222140457481146
tjk,2014,0.0220649112015963
tjk,2015,0.0220359154045582
tjk,2016,0.0222653448581696
tjk,2017,0.0225668475031853
tjk,2018,0.0228255782276392
tjk,2019,0.0231385286897421
tjk,2020,0.0234252214431763
tjk,2021,0.0237622652202845
tjk,2022,0.0242331530898809
tjk,2023,0.0249988008290529
tkm,1990,0.0408554337918758
tkm,1991,0.0411038957536221
tkm,1992,0.0410112179815769
tkm,1993,0.0398991405963898
tkm,1994,0.0383345074951649
tkm,1995,0.0369416549801827
tkm,1996,0.0360962189733982
tkm,1997,0.0362476706504822
tkm,1998,0.0366646982729435
tkm,1999,0.0370708554983139
tkm,2000,0.0369698889553547
tkm,2001,0.0363901443779469
tkm,2002,0.0355327390134335
tkm,2003,0.0345311500132084
tkm,2004,0.0338752120733261
tkm,2005,0.0332665964961052
tkm,2006,0.0325962677598
tkm,2007,0.032088577747345
tkm,2008,0.032040249556303
tkm,2009,0.0330660156905651
tkm,2010,0.0351031608879566
tkm,2011,0.0369998626410961
tkm,2012,0.0380602739751339
tkm,2013,0.0387885570526123
tkm,2014,0.0395484901964664
tkm,2015,0.0403053909540176
tkm,2016,0.0410975478589535
tkm,2017,0.0419685356318951
tkm,2018,0.0429426431655884
tkm,2019,0.0439940989017487
tkm,2020,0.0452162958681583
tkm,2021,0.046512134373188
tkm,2022,0.0476058460772038
tkm,2023,0.0485828667879105
tto,1950,0.0424334965646267
tto,1951,0.0455328039824963
tto,1952,0.0480297654867172
tto,1953,0.0493250451982021
tto,1954,0.0498247854411602
tto,1955,0.050714410841465
tto,1956,0.0517309196293354
tto,1957,0.0531483851373196
tto,1958,0.0551545470952988
tto,1959,0.0572048351168633
tto,1960,0.0591126494109631
tto,1961,0.0599701181054115
tto,1962,0.0602502524852753
tto,1963,0.0601721666753292
tto,1964,0.0595138370990753
tto,1965,0.0591895692050457
tto,1966,0.0589832961559296
tto,1967,0.0580963753163815
tto,1968,0.0568981729447842
tto,1969,0.0558028146624565
tto,1970,0.0550824925303459
tto,1971,0.0557409599423409
tto,1972,0.0563970990478992
tto,1973,0.0560108609497547
tto,1974,0.0562599487602711
tto,1975,0.057815182954073
tto,1976,0.0586849711835384
tto,1977,0.058776281774044
tto,1978,0.0593461655080318
tto,1979,0.058683205395937
tto,1980,0.0578907318413258
tto,1981,0.057358630001545
tto,1982,0.0558460615575314
tto,1983,0.0538718774914742
tto,1984,0.0519828349351883
tto,1985,0.0505559928715229
tto,1986,0.0492151714861393
tto,1987,0.048175185918808
tto,1988,0.0469816103577614
tto,1989,0.0455435328185558
tto,1990,0.0444367825984955
tto,1991,0.0438860952854157
tto,1992,0.0436125211417675
tto,1993,0.0430467016994953
tto,1994,0.0426752455532551
tto,1995,0.0428727120161057
tto,1996,0.0436200052499771
tto,1997,0.0452958270907402
tto,1998,0.0468107238411903
tto,1999,0.0466875098645687
tto,2000,0.0459332726895809
tto,2001,0.0453640520572662
tto,2002,0.0442394837737083
tto,2003,0.0428586266934872
tto,2004,0.0418599061667919
tto,2005,0.0408273488283157
tto,2006,0.0395554304122925
tto,2007,0.0381561554968357
tto,2008,0.0367835834622383
tto,2009,0.0357622504234314
tto,2010,0.0350652597844601
tto,2011,0.0344341993331909
tto,2012,0.0345029234886169
tto,2013,0.0347207486629486
tto,2014,0.0348680056631565
tto,2015,0.0358937345445156
tto,2016,0.0373226627707481
tto,2017,0.0378547348082066
tto,2018,0.0375443883240223
tto,2019,0.0370379313826561
tto,2020,0.0371525846421719
tto,2021,0.0367132537066937
tto,2022,0.0349428802728653
tto,2023,0.0335717648267746
tun,1960,0.0482575632631779
tun,1961,0.0459225848317146
tun,1962,0.0443901233375073
tun,1963,0.043576680123806
tun,1964,0.0431313663721085
tun,1965,0.0425307676196098
tun,1966,0.0416306853294373
tun,1967,0.0406285561621189
tun,1968,0.0396456643939018
tun,1969,0.0388009697198868
tun,1970,0.0380795449018478
tun,1971,0.037927657365799
tun,1972,0.0385153852403164
tun,1973,0.0392948836088181
tun,1974,0.0400853753089905
tun,1975,0.0409183278679848
tun,1976,0.0415678359568119
tun,1977,0.0420823879539967
tun,1978,0.0424906089901924
tun,1979,0.0427147783339024
tun,1980,0.0429283604025841
tun,1981,0.0435570813715458
tun,1982,0.0444202721118927
tun,1983,0.0445495024323463
tun,1984,0.0444059036672115
tun,1985,0.0442994609475136
tun,1986,0.043944887816906
tun,1987,0.0434382036328316
tun,1988,0.0429093241691589
tun,1989,0.04294278845191
tun,1990,0.043765977025032
tun,1991,0.044934868812561
tun,1992,0.0457352325320244
tun,1993,0.0461683310568333
tun,1994,0.0464815758168697
tun,1995,0.0465552881360054
tun,1996,0.0464972369372845
tun,1997,0.0465728715062141
tun,1998,0.0467759147286415
tun,1999,0.0472393929958344
tun,2000,0.0478894636034966
tun,2001,0.0485239289700985
tun,2002,0.0489441119134426
tun,2003,0.0488980002701283
tun,2004,0.0485194027423859
tun,2005,0.0479796677827835
tun,2006,0.0475861877202988
tun,2007,0.047506969422102
tun,2008,0.047559130936861
tun,2009,0.0476177670061588
tun,2010,0.0478022210299969
tun,2011,0.0476402118802071
tun,2012,0.0472723841667175
tun,2013,0.0470343120396137
tun,2014,0.0464612692594528
tun,2015,0.0456797927618027
tun,2016,0.045056726783514
tun,2017,0.0447144992649555
tun,2018,0.0448323525488377
tun,2019,0.0454445406794548
tun,2020,0.0454650521278381
tun,2021,0.0450323410332203
tun,2022,0.0442113056778908
tun,2023,0.0430674478411675
tur,1950,0.0441400855779648
tur,1951,0.0445332005620003
tur,1952,0.0452926829457283
tur,1953,0.0464175380766392
tur,1954,0.0474358722567558
tur,1955,0.0483140125870705
tur,1956,0.0490219444036484
tur,1957,0.0498202480375767
tur,1958,0.0510938167572022
tur,1959,0.0520184189081192
tur,1960,0.0522438436746597
tur,1961,0.0522698350250721
tur,1962,0.0523703545331955
tur,1963,0.0522601678967476
tur,1964,0.0511150248348713
tur,1965,0.0493943206965923
tur,1966,0.0488218441605568
tur,1967,0.0488811694085598
tur,1968,0.0488228090107441
tur,1969,0.0486942306160927
tur,1970,0.0485832318663597
tur,1971,0.0488139912486076
tur,1972,0.0495894961059094
tur,1973,0.0510324276983738
tur,1974,0.0532632395625114
tur,1975,0.055482804775238
tur,1976,0.0567464083433151
tur,1977,0.0563725158572197
tur,1978,0.0544400028884411
tur,1979,0.0527900718152523
tur,1980,0.051071897149086
tur,1981,0.0490469336509705
tur,1982,0.0478981956839561
tur,1983,0.0472313016653061
tur,1984,0.046734269708395
tur,1985,0.0464591756463051
tur,1986,0.0462259501218796
tur,1987,0.0459805764257908
tur,1988,0.0457302331924439
tur,1989,0.0451635159552097
tur,1990,0.0451570600271225
tur,1991,0.0457193069159985
tur,1992,0.0462239421904087
tur,1993,0.0475922115147114
tur,1994,0.0482421517372131
tur,1995,0.0481244325637817
tur,1996,0.0489058308303356
tur,1997,0.0501866452395916
tur,1998,0.051002562046051
tur,1999,0.0504744239151478
tur,2000,0.0498846136033535
tur,2001,0.0490168072283268
tur,2002,0.0476259030401707
tur,2003,0.0470944903790951
tur,2004,0.047944936901331
tur,2005,0.049872200936079
tur,2006,0.0517611131072044
tur,2007,0.0529887676239014
tur,2008,0.0535000823438168
tur,2009,0.0531342700123787
tur,2010,0.0527969375252724
tur,2011,0.0533692017197609
tur,2012,0.0539216250181198
tur,2013,0.053929828107357
tur,2014,0.053645197302103
tur,2015,0.0535596199333668
tur,2016,0.0535686314105988
tur,2017,0.0533808059990406
tur,2018,0.0529945753514767
tur,2019,0.0525753647089005
tur,2020,0.0529020801186562
tur,2021,0.0541566647589207
tur,2022,0.0558045655488968
tur,2023,0.0570510104298592
twn,1951,0.0258738771080971
twn,1952,0.0261682886630297
twn,1953,0.0266730356961489
twn,1954,0.027071014046669
twn,1955,0.0273011438548565
twn,1956,0.0276876017451286
twn,1957,0.0282850712537766
twn,1958,0.0290410816669464
twn,1959,0.0299395509064198
twn,1960,0.0308884456753731
twn,1961,0.0319559164345264
twn,1962,0.032906249165535
twn,1963,0.0336700156331062
twn,1964,0.0345719829201698
twn,1965,0.0358406230807304
twn,1966,0.0374962575733662
twn,1967,0.0392888486385345
twn,1968,0.0408850647509098
twn,1969,0.0424076020717621
twn,1970,0.0442576333880425
twn,1971,0.046183418482542
twn,1972,0.0477738715708256
twn,1973,0.0491087026894093
twn,1974,0.0502516962587833
twn,1975,0.0507843494415283
twn,1976,0.0506752282381058
twn,1977,0.0500402264297009
twn,1978,0.0491755604743958
twn,1979,0.0485718250274658
twn,1980,0.0483427606523037
twn,1981,0.0482772551476955
twn,1982,0.0481898449361324
twn,1983,0.0481216907501221
twn,1984,0.0479511357843876
twn,1985,0.0473689660429955
twn,1986,0.0466121658682823
twn,1987,0.0462717413902283
twn,1988,0.0463619716465473
twn,1989,0.0467274002730846
twn,1990,0.0472240597009659
twn,1991,0.0476748608052731
twn,1992,0.0482437647879124
twn,1993,0.0487179011106491
twn,1994,0.0488918162882328
twn,1995,0.0489970147609711
twn,1996,0.0491385459899902
twn,1997,0.0495736449956894
twn,1998,0.0503067076206207
twn,1999,0.0510550551116467
twn,2000,0.0518939085304737
twn,2001,0.0524253472685814
twn,2002,0.052430521696806
twn,2003,0.0523935183882713
twn,2004,0.0527130626142025
twn,2005,0.0532840080559254
twn,2006,0.0537483207881451
twn,2007,0.0542128048837185
twn,2008,0.0545832887291908
twn,2009,0.0546572804450989
twn,2010,0.0548872761428356
twn,2011,0.0552551709115505
twn,2012,0.0554392486810684
twn,2013,0.0556525103747845
twn,2014,0.0559752024710178
twn,2015,0.0562955252826214
twn,2016,0.0566626526415348
twn,2017,0.057071965187788
twn,2018,0.0574653446674347
twn,2019,0.0580572560429573
twn,2020,0.0588141493499279
twn,2021,0.0598368719220161
twn,2022,0.0612089335918427
twn,2023,0.0622629299759865
tza,1960,0.0442494563758373
tza,1961,0.0424090102314949
tza,1962,0.040732815861702
tza,1963,0.0390860475599766
tza,1964,0.0379697345197201
tza,1965,0.0375853478908539
tza,1966,0.0375041924417019
tza,1967,0.0377466045320034
tza,1968,0.038204412907362
tza,1969,0.0383026041090488
tza,1970,0.0386922582983971
tza,1971,0.0397616922855377
tza,1972,0.0406707562506199
tza,1973,0.0410334169864655
tza,1974,0.0411307886242867
tza,1975,0.0413093566894531
tza,1976,0.0418484956026077
tza,1977,0.0426801070570946
tza,1978,0.0437061861157417
tza,1979,0.0448881201446056
tza,1980,0.0454280115664005
tza,1981,0.0449716486036778
tza,1982,0.0440199002623558
tza,1983,0.0430639684200287
tza,1984,0.0420621261000633
tza,1985,0.040898073464632
tza,1986,0.0398572124540806
tza,1987,0.039153914898634
tza,1988,0.0385074578225613
tza,1989,0.0381476581096649
tza,1990,0.0384434163570404
tza,1991,0.0389221422374249
tza,1992,0.039424154907465
tza,1993,0.0396432727575302
tza,1994,0.0394856184720993
tza,1995,0.0402161441743374
tza,1996,0.0412449389696121
tza,1997,0.041223268955946
tza,1998,0.0411085113883019
tza,1999,0.0411933548748493
tza,2000,0.0409946106374264
tza,2001,0.0408982448279858
tza,2002,0.0409991405904293
tza,2003,0.0409271828830242
tza,2004,0.0405439361929894
tza,2005,0.0402095653116703
tza,2006,0.0404821634292603
tza,2007,0.0412306636571884
tza,2008,0.0419928506016731
tza,2009,0.0425453931093216
tza,2010,0.0430432744324207
tza,2011,0.0436526462435722
tza,2012,0.0440851263701916
tza,2013,0.0438977442681789
tza,2014,0.0437228828668594
tza,2015,0.0433971211314201
tza,2016,0.0424570292234421
tza,2017,0.0413295663893223
tza,2018,0.0402758121490479
tza,2019,0.0394933335483074
tza,2020,0.0392586514353752
tza,2021,0.0394331999123097
tza,2022,0.0394537672400475
tza,2023,0.0391227826476097
uga,1950,0.048981461673975
uga,1951,0.0541232600808144
uga,1952,0.0584528222680092
uga,1953,0.0618187263607979
uga,1954,0.0636280551552773
uga,1955,0.0648475512862206
uga,1956,0.0657027959823608
uga,1957,0.0657421201467514
uga,1958,0.0653012320399284
uga,1959,0.0646498799324036
uga,1960,0.0638290718197823
uga,1961,0.0632775649428368
uga,1962,0.063125491142273
uga,1963,0.0636574476957321
uga,1964,0.0649723410606384
uga,1965,0.0660614296793938
uga,1966,0.0665377676486969
uga,1967,0.0672519654035568
uga,1968,0.0681404173374176
uga,1969,0.0691196247935295
uga,1970,0.0688729211688042
uga,1971,0.0676303580403328
uga,1972,0.068793311715126
uga,1973,0.0709183365106583
uga,1974,0.0722883343696594
uga,1975,0.0734613984823227
uga,1976,0.074128545820713
uga,1977,0.0742244422435761
uga,1978,0.0737049654126167
uga,1979,0.0727118477225304
uga,1980,0.0713291317224503
uga,1981,0.0699272602796555
uga,1982,0.0689442083239555
uga,1983,0.0684122815728188
uga,1984,0.0680315941572189
uga,1985,0.0677744522690773
uga,1986,0.0671606957912445
uga,1987,0.065751425921917
uga,1988,0.0636306554079056
uga,1989,0.0613296963274479
uga,1990,0.0595278404653072
uga,1991,0.0581846721470356
uga,1992,0.0569781921803951
uga,1993,0.0557591132819653
uga,1994,0.0544138327240944
uga,1995,0.0538610927760601
uga,1996,0.053172629326582
uga,1997,0.051415890455246
uga,1998,0.0500660389661789
uga,1999,0.0490676015615463
uga,2000,0.0477844998240471
uga,2001,0.0464225336909294
uga,2002,0.0452266186475754
uga,2003,0.0444182977080345
uga,2004,0.044003788381815
uga,2005,0.0437824241816998
uga,2006,0.0438716784119606
uga,2007,0.0441609397530556
uga,2008,0.0443946197628975
uga,2009,0.0445186384022236
uga,2010,0.0448838695883751
uga,2011,0.0451622568070889
uga,2012,0.0454613827168942
uga,2013,0.0454645156860352
uga,2014,0.0446207635104656
uga,2015,0.0436985939741135
uga,2016,0.0427921675145626
uga,2017,0.0418503805994988
uga,2018,0.0410100519657135
uga,2019,0.040278747677803
uga,2020,0.039674237370491
uga,2021,0.0392961464822292
uga,2022,0.0389827042818069
uga,2023,0.0385864786803722
ukr,1990,0.0280550476163626
ukr,1991,0.0279203057289124
ukr,1992,0.0277659855782986
ukr,1993,0.0275304242968559
ukr,1994,0.0270927511155605
ukr,1995,0.0265377573668957
ukr,1996,0.0260042417794466
ukr,1997,0.0255319699645042
ukr,1998,0.0251369792968035
ukr,1999,0.0247988160699606
ukr,2000,0.024541798979044
ukr,2001,0.0243592821061611
ukr,2002,0.0242161937057972
ukr,2003,0.0241532828658819
ukr,2004,0.0241389870643616
ukr,2005,0.0242240428924561
ukr,2006,0.0243753977119923
ukr,2007,0.0245210155844688
ukr,2008,0.0246900804340839
ukr,2009,0.0246296171098948
ukr,2010,0.0244774222373962
ukr,2011,0.0244708806276321
ukr,2012,0.0245364736765623
ukr,2013,0.0246137045323849
ukr,2014,0.0245542079210281
ukr,2015,0.0244012251496315
ukr,2016,0.0243717040866613
ukr,2017,0.0245328657329083
ukr,2018,0.0248515140265226
ukr,2019,0.0252763479948044
ukr,2020,0.0254535768181086
ukr,2021,0.0254855863749981
ukr,2022,0.0255376938730478
ukr,2023,0.0257488042116165
ury,1950,0.0319571942090988
ury,1951,0.0365932993590832
ury,1952,0.0388793386518955
ury,1953,0.039762556552887
ury,1954,0.0406905896961689
ury,1955,0.0414100401103497
ury,1956,0.0408721007406712
ury,1957,0.0399573519825935
ury,1958,0.0384987592697144
ury,1959,0.0367365069687367
ury,1960,0.0356406792998314
ury,1961,0.0352957807481289
ury,1962,0.0355421081185341
ury,1963,0.0356313548982143
ury,1964,0.0351041406393051
ury,1965,0.0342075377702713
ury,1966,0.0331869535148144
ury,1967,0.0324425734579563
ury,1968,0.0318626090884209
ury,1969,0.0315436534583569
ury,1970,0.0317209362983704
ury,1971,0.0317058004438877
ury,1972,0.0311521925032139
ury,1973,0.0303348712623119
ury,1974,0.0296819526702166
ury,1975,0.0294200126081705
ury,1976,0.0298649948090315
ury,1977,0.0306256283074617
ury,1978,0.0309821423143148
ury,1979,0.0312262792140245
ury,1980,0.0315189063549042
ury,1981,0.0315441563725472
ury,1982,0.0311420634388924
ury,1983,0.0304571241140366
ury,1984,0.0297006815671921
ury,1985,0.029004879295826
ury,1986,0.0285446513444185
ury,1987,0.0283448733389378
ury,1988,0.0282807163894177
ury,1989,0.0281710308045149
ury,1990,0.0280426535755396
ury,1991,0.028127470985055
ury,1992,0.0285040009766817
ury,1993,0.0288894232362509
ury,1994,0.0291778910905123
ury,1995,0.0294390730559826
ury,1996,0.0296809189021587
ury,1997,0.0300137493759394
ury,1998,0.0304906796664
ury,1999,0.0305938702076674
ury,2000,0.0302888099104166
ury,2001,0.0298689678311348
ury,2002,0.0292770359665155
ury,2003,0.0288253892213106
ury,2004,0.0287147145718336
ury,2005,0.0288453511893749
ury,2006,0.0291645731776953
ury,2007,0.0296013504266739
ury,2008,0.0304452199488878
ury,2009,0.0312620997428894
ury,2010,0.0320807099342346
ury,2011,0.0331520400941372
ury,2012,0.0341326035559177
ury,2013,0.0350872091948986
ury,2014,0.0358565896749496
ury,2015,0.0362458825111389
ury,2016,0.0363487526774406
ury,2017,0.0363718010485172
ury,2018,0.0362156629562378
ury,2019,0.0359132662415504
ury,2020,0.0356129258871079
ury,2021,0.035670205950737
ury,2022,0.0361305065453053
ury,2023,0.0363841690123081
usa,1950,0.031029986217618
usa,1951,0.0310796070843935
usa,1952,0.0313129648566246
usa,1953,0.0316295474767685
usa,1954,0.0318604595959187
usa,1955,0.0319540724158287
usa,1956,0.0320638194680214
usa,1957,0.0322140417993069
usa,1958,0.0322970896959305
usa,1959,0.032326303422451
usa,1960,0.0323872901499271
usa,1961,0.0324528887867928
usa,1962,0.0325563326478004
usa,1963,0.0326885730028153
usa,1964,0.0328357592225075
usa,1965,0.0330672487616539
usa,1966,0.0334479436278343
usa,1967,0.0338659957051277
usa,1968,0.0341968387365341
usa,1969,0.0344464778900147
usa,1970,0.0345594696700573
usa,1971,0.034513458609581
usa,1972,0.0344310104846954
usa,1973,0.0344719104468823
usa,1974,0.0346197597682476
usa,1975,0.0346923656761646
usa,1976,0.0346963815391064
usa,1977,0.0347518920898438
usa,1978,0.0348791554570198
usa,1979,0.0350763574242592
usa,1980,0.0352391041815281
usa,1981,0.0353593938052654
usa,1982,0.0354714542627335
usa,1983,0.0355302207171917
usa,1984,0.0356450006365776
usa,1985,0.0358485840260983
usa,1986,0.0360081195831299
usa,1987,0.036078255623579
usa,1988,0.0361281633377075
usa,1989,0.0362108238041401
usa,1990,0.0363032892346382
usa,1991,0.0363686792552471
usa,1992,0.0363963432610035
usa,1993,0.0364278927445412
usa,1994,0.0364985056221485
usa,1995,0.0366143770515919
usa,1996,0.0367640368640423
usa,1997,0.0369657576084137
usa,1998,0.0372578948736191
usa,1999,0.0376536659896374
usa,2000,0.0380950979888439
usa,2001,0.0384064018726349
usa,2002,0.0385213606059551
usa,2003,0.0385398156940937
usa,2004,0.0385821126401424
usa,2005,0.0387304648756981
usa,2006,0.0390181392431259
usa,2007,0.0394179932773113
usa,2008,0.0398210361599922
usa,2009,0.0400029048323631
usa,2010,0.0401498600840569
usa,2011,0.0405341051518917
usa,2012,0.0410572327673435
usa,2013,0.0416117757558823
usa,2014,0.0421688631176949
usa,2015,0.0427246354520321
usa,2016,0.0432429574429989
usa,2017,0.0437685251235962
usa,2018,0.0444000996649265
usa,2019,0.0450976341962814
usa,2020,0.045669186860323
usa,2021,0.0462337732315064
usa,2022,0.0470067113637924
usa,2023,0.0478879362344742
uzb,1990,0.0379803217947483
uzb,1991,0.0340094901621342
uzb,1992,0.0313658602535725
uzb,1993,0.0301925130188465
uzb,1994,0.030203802511096
uzb,1995,0.0310672949999571
uzb,1996,0.0328389294445515
uzb,1997,0.0344180501997471
uzb,1998,0.0350657179951668
uzb,1999,0.035367451608181
uzb,2000,0.0357793904840946
uzb,2001,0.0368608608841896
uzb,2002,0.0381195433437824
uzb,2003,0.0388298630714417
uzb,2004,0.0396440960466862
uzb,2005,0.0407262593507767
uzb,2006,0.0418177768588066
uzb,2007,0.0427866950631142
uzb,2008,0.0443822331726551
uzb,2009,0.0460994876921177
uzb,2010,0.0471494942903519
uzb,2011,0.0479560047388077
uzb,2012,0.0489338561892509
uzb,2013,0.0496441274881363
uzb,2014,0.0499008484184742
uzb,2015,0.0499200113117695
uzb,2016,0.0496691465377808
uzb,2017,0.049896951764822
uzb,2018,0.0513945892453194
uzb,2019,0.0537794791162014
uzb,2020,0.0551528744399548
uzb,2021,0.0553971007466316
uzb,2022,0.0551776438951492
uzb,2023,0.0553873889148235
vct,1970,0.0399868860840797
vct,1971,0.0386806130409241
vct,1972,0.0376682281494141
vct,1973,0.0367607846856117
vct,1974,0.0358292385935783
vct,1975,0.0349434465169907
vct,1976,0.0339642465114594
vct,1977,0.0333074554800987
vct,1978,0.0330014191567898
vct,1979,0.0328233763575554
vct,1980,0.0329119190573692
vct,1981,0.0328466668725014
vct,1982,0.0324455462396145
vct,1983,0.0318699106574059
vct,1984,0.0317690372467041
vct,1985,0.0321274846792221
vct,1986,0.0322733521461487
vct,1987,0.0324100442230701
vct,1988,0.0326384380459785
vct,1989,0.0327299050986767
vct,1990,0.0328252539038658
vct,1991,0.0329169929027557
vct,1992,0.0325477458536625
vct,1993,0.0318572446703911
vct,1994,0.0311109554022551
vct,1995,0.0305975433439016
vct,1996,0.0305902604013681
vct,1997,0.0305711086839438
vct,1998,0.0303957369178534
vct,1999,0.0303728897124529
vct,2000,0.0298277232795954
vct,2001,0.02897266484797
vct,2002,0.0284232124686241
vct,2003,0.0278769675642252
vct,2004,0.0274806935340166
vct,2005,0.027212543413043
vct,2006,0.0269611775875092
vct,2007,0.0266116969287395
vct,2008,0.0265189949423075
vct,2009,0.0263057090342045
vct,2010,0.0258003231137991
vct,2011,0.0252719931304455
vct,2012,0.0247049983590841
vct,2013,0.0243036169558764
vct,2014,0.0240337736904621
vct,2015,0.023918429389596
vct,2016,0.0239413473755121
vct,2017,0.0240574758499861
vct,2018,0.0240469835698605
vct,2019,0.0239805895835161
vct,2020,0.0241594519466162
vct,2021,0.024693101644516
vct,2022,0.0253322906792164
vct,2023,0.0258843563497067
ven,1950,0.0436537861824036
ven,1951,0.0448597073554993
ven,1952,0.0462971068918705
ven,1953,0.0477090589702129
ven,1954,0.0488459095358849
ven,1955,0.0496921688318253
ven,1956,0.0502324402332306
ven,1957,0.0506989881396294
ven,1958,0.0509740337729454
ven,1959,0.0510333962738514
ven,1960,0.0505009777843952
ven,1961,0.049488827586174
ven,1962,0.04859534278512
ven,1963,0.0473228618502617
ven,1964,0.0455283597111702
ven,1965,0.0437851697206497
ven,1966,0.0421022847294807
ven,1967,0.0403714552521706
ven,1968,0.0388806909322739
ven,1969,0.0378332287073135
ven,1970,0.0370831564068794
ven,1971,0.0365969054400921
ven,1972,0.0361674465239048
ven,1973,0.0358003936707974
ven,1974,0.0357811897993088
ven,1975,0.0361290201544762
ven,1976,0.0366794504225254
ven,1977,0.037551186978817
ven,1978,0.0382185950875282
ven,1979,0.0378759689629078
ven,1980,0.0370165258646011
ven,1981,0.0364684388041496
ven,1982,0.0362741090357304
ven,1983,0.0359273441135883
ven,1984,0.0353569872677326
ven,1985,0.0350601971149445
ven,1986,0.0351736471056938
ven,1987,0.0352967903017998
ven,1988,0.0351435095071793
ven,1989,0.0347290374338627
ven,1990,0.0341109894216061
ven,1991,0.0338731929659843
ven,1992,0.0343333035707474
ven,1993,0.0349355079233646
ven,1994,0.0351902432739735
ven,1995,0.0354265049099922
ven,1996,0.0357767418026924
ven,1997,0.0363902747631073
ven,1998,0.0373487137258053
ven,1999,0.0378449931740761
ven,2000,0.0380391180515289
ven,2001,0.0385723859071732
ven,2002,0.0388368889689446
ven,2003,0.0382402390241623
ven,2004,0.0379650630056858
ven,2005,0.0390339270234108
ven,2006,0.0410016849637032
ven,2007,0.0435276702046394
ven,2008,0.045619010925293
ven,2009,0.0464094020426273
ven,2010,0.0465933717787266
ven,2011,0.0467210933566093
ven,2012,0.0470755733549595
ven,2013,0.0472851544618607
ven,2014,0.046647522598505
ven,2015,0.0454883314669132
ven,2016,0.0439950376749039
ven,2017,0.0421658903360367
ven,2018,0.0403930395841599
ven,2019,0.03879589214921
ven,2020,0.0371282584965229
ven,2021,0.0354619510471821
ven,2022,0.0339774377644062
ven,2023,0.0326574705541134
vgb,1970,0.0398688800632954
vgb,1971,0.0386504493653774
vgb,1972,0.037355113774538
vgb,1973,0.0362471453845501
vgb,1974,0.035431444644928
vgb,1975,0.0345362201333046
vgb,1976,0.0335843041539192
vgb,1977,0.0327054597437382
vgb,1978,0.0319736786186695
vgb,1979,0.0318399220705032
vgb,1980,0.0324670039117336
vgb,1981,0.0332228168845177
vgb,1982,0.0333895199000835
vgb,1983,0.0330277308821678
vgb,1984,0.0326105430722237
vgb,1985,0.0323069058358669
vgb,1986,0.0322668217122555
vgb,1987,0.0323591157793999
vgb,1988,0.0323507264256477
vgb,1989,0.0321229510009289
vgb,1990,0.0318455547094345
vgb,1991,0.03212795779109
vgb,1992,0.0323951132595539
vgb,1993,0.0322190783917904
vgb,1994,0.0315124019980431
vgb,1995,0.0304654724895954
vgb,1996,0.0307548120617867
vgb,1997,0.0320005714893341
vgb,1998,0.0326280333101749
vgb,1999,0.0330385752022266
vgb,2000,0.0345219485461712
vgb,2001,0.0353961735963821
vgb,2002,0.0346853323280811
vgb,2003,0.0344960242509842
vgb,2004,0.0353244990110397
vgb,2005,0.036090362817049
vgb,2006,0.0372885763645172
vgb,2007,0.0376992411911488
vgb,2008,0.0368402041494846
vgb,2009,0.0365930423140526
vgb,2010,0.0373789519071579
vgb,2011,0.0385525077581406
vgb,2012,0.039454523473978
vgb,2013,0.0401562303304672
vgb,2014,0.0407440736889839
vgb,2015,0.0412038676440716
vgb,2016,0.0416164919734001
vgb,2017,0.0419738367199898
vgb,2018,0.0420930646359921
vgb,2019,0.042144488543272
vgb,2020,0.0421632118523121
vgb,2021,0.0421344712376595
vgb,2022,0.0422064661979675
vgb,2023,0.0423036105930805
vnm,1970,0.0402080453932285
vnm,1971,0.039144329726696
vnm,1972,0.0385267697274685
vnm,1973,0.0380965247750282
vnm,1974,0.0375706627964973
vnm,1975,0.0373915545642376
vnm,1976,0.0374582633376122
vnm,1977,0.0377187505364418
vnm,1978,0.0380338691174984
vnm,1979,0.0383194349706173
vnm,1980,0.0385169945657253
vnm,1981,0.0389507338404655
vnm,1982,0.0396197475492954
vnm,1983,0.039897296577692
vnm,1984,0.0396339483559132
vnm,1985,0.0393767915666103
vnm,1986,0.0392367541790009
vnm,1987,0.0390550047159195
vnm,1988,0.0391637682914734
vnm,1989,0.0389469005167484
vnm,1990,0.0386177413165569
vnm,1991,0.0384037680923939
vnm,1992,0.0377812534570694
vnm,1993,0.0368806533515453
vnm,1994,0.0359770320355892
vnm,1995,0.0353875756263733
vnm,1996,0.0354715622961521
vnm,1997,0.0366246551275253
vnm,1998,0.0385258533060551
vnm,1999,0.0405048280954361
vnm,2000,0.0432405471801758
vnm,2001,0.0465493910014629
vnm,2002,0.0495068989694119
vnm,2003,0.0523583069443703
vnm,2004,0.0548597872257233
vnm,2005,0.0569024980068207
vnm,2006,0.058664608746767
vnm,2007,0.0611967407166958
vnm,2008,0.0634134486317635
vnm,2009,0.0647303834557533
vnm,2010,0.0657503828406334
vnm,2011,0.0651451796293259
vnm,2012,0.0629382953047752
vnm,2013,0.0607803910970688
vnm,2014,0.0592145808041096
vnm,2015,0.0580220967531204
vnm,2016,0.0570821426808834
vnm,2017,0.0562588460743427
vnm,2018,0.0557082071900368
vnm,2019,0.055241584777832
vnm,2020,0.0545554719865322
vnm,2021,0.0537555031478405
vnm,2022,0.0529437996447086
vnm,2023,0.052174299955368
yem,1989,0.0397772714495659
yem,1990,0.0379036106169224
yem,1991,0.0359728299081326
yem,1992,0.0340722426772118
yem,1993,0.0324360728263855
yem,1994,0.0310852024704218
yem,1995,0.030888207256794
yem,1996,0.0317044779658318
yem,1997,0.0321860648691654
yem,1998,0.0325470231473446
yem,1999,0.0327020175755024
yem,2000,0.0325179286301136
yem,2001,0.0322319678962231
yem,2002,0.0320654772222042
yem,2003,0.0323920138180256
yem,2004,0.0331558845937252
yem,2005,0.0345982573926449
yem,2006,0.036269523203373
yem,2007,0.0382071696221828
yem,2008,0.0400028675794601
yem,2009,0.0405838564038277
yem,2010,0.04013567045331
yem,2011,0.0388622209429741
yem,2012,0.0374384820461273
yem,2013,0.0365212708711624
yem,2014,0.0356498844921589
yem,2015,0.0343754589557648
yem,2016,0.0328489206731319
yem,2017,0.0314771756529808
yem,2018,0.0303919725120068
yem,2019,0.0296104829758406
yem,2020,0.0289309974759817
yem,2021,0.0282877068966627
yem,2022,0.0277287121862173
yem,2023,0.0272316671907902
zaf,1950,0.0301899909973145
zaf,1951,0.0318756997585297
zaf,1952,0.0329483039677143
zaf,1953,0.0336051546037197
zaf,1954,0.0345958098769188
zaf,1955,0.0354468487203121
zaf,1956,0.0359917134046555
zaf,1957,0.0364283248782158
zaf,1958,0.0369124785065651
zaf,1959,0.0369675345718861
zaf,1960,0.036785002797842
zaf,1961,0.0367794744670391
zaf,1962,0.0367422848939896
zaf,1963,0.0370202362537384
zaf,1964,0.037701178342104
zaf,1965,0.0385006032884121
zaf,1966,0.0390003882348537
zaf,1967,0.0392552018165588
zaf,1968,0.0395400822162628
zaf,1969,0.0397828444838524
zaf,1970,0.0401790402829647
zaf,1971,0.0407414697110653
zaf,1972,0.0412747338414192
zaf,1973,0.0417461954057217
zaf,1974,0.042090430855751
zaf,1975,0.0425681807100773
zaf,1976,0.0432400070130825
zaf,1977,0.0436800234019756
zaf,1978,0.0438807532191277
zaf,1979,0.0439815670251846
zaf,1980,0.0441728718578815
zaf,1981,0.0446943342685699
zaf,1982,0.0452529899775982
zaf,1983,0.0454950295388699
zaf,1984,0.045424398034811
zaf,1985,0.0451309755444527
zaf,1986,0.0444790944457054
zaf,1987,0.0436215251684189
zaf,1988,0.043050367385149
zaf,1989,0.0427975729107857
zaf,1990,0.0425558760762215
zaf,1991,0.0421951003372669
zaf,1992,0.0417890027165413
zaf,1993,0.0414742603898048
zaf,1994,0.0413560643792152
zaf,1995,0.0415124222636223
zaf,1996,0.0419156178832054
zaf,1997,0.0424605272710323
zaf,1998,0.0431899167597294
zaf,1999,0.0438294559717178
zaf,2000,0.0442591719329357
zaf,2001,0.044722180813551
zaf,2002,0.0452763549983501
zaf,2003,0.045917846262455
zaf,2004,0.0465936660766602
zaf,2005,0.0472916886210442
zaf,2006,0.0481699779629707
zaf,2007,0.049234215170145
zaf,2008,0.0502932071685791
zaf,2009,0.0507263541221619
zaf,2010,0.0507163368165493
zaf,2011,0.0509782247245312
zaf,2012,0.0514634028077126
zaf,2013,0.052034642547369
zaf,2014,0.05241983756423
zaf,2015,0.0526370145380497
zaf,2016,0.0527382083237171
zaf,2017,0.0526180565357208
zaf,2018,0.0524022057652473
zaf,2019,0.0522021055221558
zaf,2020,0.0517516992986202
zaf,2021,0.05115956813097
zaf,2022,0.0510337650775909
zaf,2023,0.0513432994484901
zmb,1955,0.0396283566951752
zmb,1956,0.0377052910625935
zmb,1957,0.0361593887209892
zmb,1958,0.034823440015316
zmb,1959,0.0336213894188404
zmb,1960,0.0326342917978764
zmb,1961,0.0318053066730499
zmb,1962,0.0310659594833851
zmb,1963,0.0303555373102427
zmb,1964,0.0298660583794117
zmb,1965,0.0300296004861593
zmb,1966,0.0307552758604288
zmb,1967,0.0315368883311749
zmb,1968,0.0326963365077972
zmb,1969,0.0339831933379173
zmb,1970,0.0358514301478863
zmb,1971,0.0379785150289536
zmb,1972,0.0397951751947403
zmb,1973,0.0417617820203304
zmb,1974,0.0436297170817852
zmb,1975,0.0451408959925175
zmb,1976,0.0457575246691704
zmb,1977,0.0455703102052212
zmb,1978,0.0450247153639793
zmb,1979,0.0443409085273743
zmb,1980,0.0438153631985188
zmb,1981,0.0433926470577717
zmb,1982,0.0429571494460106
zmb,1983,0.0424258075654507
zmb,1984,0.0416654050350189
zmb,1985,0.040866956114769
zmb,1986,0.040147952735424
zmb,1987,0.0394501574337482
zmb,1988,0.0387647710740566
zmb,1989,0.0379473194479942
zmb,1990,0.0371642112731934
zmb,1991,0.0364195890724659
zmb,1992,0.0355733297765255
zmb,1993,0.0348746031522751
zmb,1994,0.0342773459851742
zmb,1995,0.0338098555803299
zmb,1996,0.0336594544351101
zmb,1997,0.0337570570409298
zmb,1998,0.034165732562542
zmb,1999,0.0350020527839661
zmb,2000,0.0362578593194485
zmb,2001,0.0380587987601757
zmb,2002,0.0402343682944775
zmb,2003,0.0426002070307732
zmb,2004,0.0447024628520012
zmb,2005,0.0463009923696518
zmb,2006,0.0474378019571304
zmb,2007,0.04801195114851
zmb,2008,0.0482267029583454
zmb,2009,0.0479272678494453
zmb,2010,0.0465913824737072
zmb,2011,0.0449540056288242
zmb,2012,0.0440267845988274
zmb,2013,0.0435693152248859
zmb,2014,0.043770544230938
zmb,2015,0.0446341522037983
zmb,2016,0.044659037142992
zmb,2017,0.0440011695027351
zmb,2018,0.0436437763273716
zmb,2019,0.042792446911335
zmb,2020,0.0410568043589592
zmb,2021,0.039208997040987
zmb,2022,0.0379229336977005
zmb,2023,0.0371437780559063
zwe,1954,0.0397974662482739
zwe,1955,0.0381648167967796
zwe,1956,0.0368951931595802
zwe,1957,0.0358671806752682
zwe,1958,0.0349853485822678
zwe,1959,0.0341249704360962
zwe,1960,0.033285066485405
zwe,1961,0.032574400305748
zwe,1962,0.0318477787077427
zwe,1963,0.0310506094247103
zwe,1964,0.0303095411509275
zwe,1965,0.0297309961169958
zwe,1966,0.029362965375185
zwe,1967,0.0292247738689184
zwe,1968,0.0293546821922064
zwe,1969,0.0295237004756928
zwe,1970,0.0297123994678259
zwe,1971,0.0302195977419615
zwe,1972,0.0308569688349962
zwe,1973,0.0316217951476574
zwe,1974,0.0330345593392849
zwe,1975,0.0345424264669418
zwe,1976,0.0352213680744171
zwe,1977,0.035233348608017
zwe,1978,0.0348446704447269
zwe,1979,0.0342577174305916
zwe,1980,0.0341108553111553
zwe,1981,0.0346590951085091
zwe,1982,0.0352799445390701
zwe,1983,0.0353116914629936
zwe,1984,0.0348036624491215
zwe,1985,0.0341095961630344
zwe,1986,0.0334737449884415
zwe,1987,0.0330150984227657
zwe,1988,0.032756295055151
zwe,1989,0.0326481722295284
zwe,1990,0.0328324139118195
zwe,1991,0.0334714092314243
zwe,1992,0.034199308604002
zwe,1993,0.0348858498036861
zwe,1994,0.0356440432369709
zwe,1995,0.0364091582596302
zwe,1996,0.0368146002292633
zwe,1997,0.0368686430156231
zwe,1998,0.037162970751524
zwe,1999,0.0375645719468594
zwe,2000,0.0384445525705814
zwe,2001,0.0398262850940228
zwe,2002,0.0407401137053967
zwe,2003,0.0415571667253971
zwe,2004,0.041645709425211
zwe,2005,0.040456086397171
zwe,2006,0.0390674136579037
zwe,2007,0.0381699129939079
zwe,2008,0.0374783277511597
zwe,2009,0.0381062477827072
zwe,2010,0.0416634753346443
zwe,2011,0.045761626213789
zwe,2012,0.0492856167256832
zwe,2013,0.0517741851508617
zwe,2014,0.0533438846468926
zwe,2015,0.0549768693745136
zwe,2016,0.0564141944050789
zwe,2017,0.0577452965080738
zwe,2018,0.0590229369699955
zwe,2019,0.0599227100610733
zwe,2020,0.0602076202630997
zwe,2021,0.0601358823478222
zwe,2022,0.0597875453531742
zwe,2023,0.0613464526832104
